{"level":"info","message":"⌛ Building environment","timeElapsed":1504,"timestamp":"2025-07-01T13:05:35.586Z"}
{"level":"info","message":"⌛ Building environment","timeElapsed":698,"timestamp":"2025-07-01T13:05:36.378Z"}
{"level":"info","message":"⌛ Building environment","timeElapsed":593,"timestamp":"2025-07-01T13:05:36.974Z"}
{"level":"info","message":"⌛ Building environment","timeElapsed":490,"timestamp":"2025-07-01T13:05:37.466Z"}
{"level":"info","message":"⌛ Building environment","timeElapsed":569,"timestamp":"2025-07-01T13:05:40.162Z"}
{"level":"info","message":"⌛ Building environment","timeElapsed":484,"timestamp":"2025-07-01T13:05:40.649Z"}
{"level":"info","message":"⌛ Validating bastion.wlk","timeElapsed":1795,"timestamp":"2025-07-01T13:05:42.447Z"}
{"level":"info","message":"⌛ Building environment","timeElapsed":378,"timestamp":"2025-07-01T13:05:42.828Z"}
{"level":"info","message":"⌛ Building environment","timeElapsed":1033,"timestamp":"2025-07-01T13:05:43.865Z"}
{"level":"info","message":"⌛ Building environment","timeElapsed":723,"timestamp":"2025-07-01T13:05:44.591Z"}
{"level":"info","message":"⌛ Validating menu.wlk","timeElapsed":558,"timestamp":"2025-07-01T13:05:45.150Z"}
{"level":"info","message":"⌛ Building environment","timeElapsed":550,"timestamp":"2025-07-01T13:05:45.701Z"}
{"level":"info","message":"⌛ Building environment","timeElapsed":767,"timestamp":"2025-07-01T13:05:46.498Z"}
{"level":"info","message":"⌛ Validating niveles.wlk","timeElapsed":767,"timestamp":"2025-07-01T13:05:47.266Z"}
{"level":"info","message":"⌛ Building environment","timeElapsed":531,"timestamp":"2025-07-01T13:05:47.799Z"}
{"level":"info","message":"⌛ Building environment","timeElapsed":1156,"timestamp":"2025-07-01T13:05:48.957Z"}
{"level":"info","message":"⌛ Building environment","timeElapsed":668,"timestamp":"2025-07-01T13:05:49.715Z"}
{"level":"info","message":"⌛ Validating personajes.wlk","timeElapsed":2433,"timestamp":"2025-07-01T13:05:52.159Z"}
{"level":"info","message":"⌛ Validating main.wpgm","timeElapsed":400,"timestamp":"2025-07-01T13:05:52.560Z"}
{"level":"info","message":"⌛ Validating mago.wlk","timeElapsed":730,"timestamp":"2025-07-01T13:05:53.312Z"}
{"level":"info","message":"⌛ Validating enemigos.wlk","timeElapsed":453,"timestamp":"2025-07-01T13:05:53.767Z"}
{"level":"info","message":"⌛ Validating arcaneBastion.wlk","timeElapsed":904,"timestamp":"2025-07-01T13:05:54.683Z"}
{"level":"info","message":"⌛ Validating adminProyectiles.wlk","timeElapsed":571,"timestamp":"2025-07-01T13:05:55.255Z"}
{"level":"info","message":"⌛ Validating administradorDeOleadas.wlk","timeElapsed":457,"timestamp":"2025-07-01T13:05:55.744Z"}
{"level":"info","message":"⌛ Validating administradorDeHechizos.wlk","timeElapsed":472,"timestamp":"2025-07-01T13:05:56.217Z"}
{"level":"info","message":"⌛ Validating bastion.wlk","timeElapsed":441,"timestamp":"2025-07-01T13:05:56.668Z"}
{"level":"info","message":"⌛ Validating menu.wlk","timeElapsed":251,"timestamp":"2025-07-01T13:05:56.920Z"}
{"level":"info","message":"⌛ Validating niveles.wlk","timeElapsed":220,"timestamp":"2025-07-01T13:05:57.143Z"}
{"level":"info","message":"⌛ Validating personajes.wlk","timeElapsed":232,"timestamp":"2025-07-01T13:05:57.377Z"}
{"level":"info","message":"⌛ Validating main.wpgm","timeElapsed":230,"timestamp":"2025-07-01T13:05:57.609Z"}
{"level":"info","message":"⌛ Validating mago.wlk","timeElapsed":226,"timestamp":"2025-07-01T13:05:57.838Z"}
{"level":"info","message":"⌛ Validating enemigos.wlk","timeElapsed":226,"timestamp":"2025-07-01T13:05:58.066Z"}
{"level":"info","message":"⌛ Validating arcaneBastion.wlk","timeElapsed":235,"timestamp":"2025-07-01T13:05:58.303Z"}
{"level":"info","message":"⌛ Validating adminProyectiles.wlk","timeElapsed":294,"timestamp":"2025-07-01T13:05:58.601Z"}
{"level":"info","message":"⌛ Validating administradorDeOleadas.wlk","timeElapsed":238,"timestamp":"2025-07-01T13:05:58.841Z"}
{"level":"info","message":"⌛ Validating administradorDeHechizos.wlk","timeElapsed":230,"timestamp":"2025-07-01T13:05:59.072Z"}
{"level":"info","message":"⌛ Validating administradorDeEnemigos.wlk","timeElapsed":329,"timestamp":"2025-07-01T13:05:59.467Z"}
{"level":"info","message":"⌛ Building environment","timeElapsed":503,"timestamp":"2025-07-01T13:05:59.989Z"}
{"level":"info","message":"⌛ Validating niveles.wlk","timeElapsed":672,"timestamp":"2025-07-01T13:06:00.697Z"}
{"level":"info","message":"⌛ Building environment","timeElapsed":400,"timestamp":"2025-07-01T13:06:40.948Z"}
{"level":"info","message":"⌛ Validating mago.wlk","timeElapsed":372,"timestamp":"2025-07-01T13:06:41.435Z"}
{"level":"info","message":"⌛ Building environment","timeElapsed":526,"timestamp":"2025-07-01T13:06:41.963Z"}
{"level":"info","message":"⌛ Autocomplete - Class","timeElapsed":109,"timestamp":"2025-07-01T13:06:42.091Z"}
{"level":"info","message":"⌛ Building environment","timeElapsed":291,"timestamp":"2025-07-01T13:06:42.384Z"}
{"level":"info","message":"⌛ Building environment","timeElapsed":666,"timestamp":"2025-07-01T13:06:43.085Z"}
{"level":"info","message":"⌛ Building environment","timeElapsed":312,"timestamp":"2025-07-01T13:06:43.400Z"}
{"level":"info","message":"⌛ Building environment","timeElapsed":267,"timestamp":"2025-07-01T13:06:43.683Z"}
{"level":"info","message":"⌛ Validating mago.wlk","timeElapsed":405,"timestamp":"2025-07-01T13:06:44.090Z"}
{"level":"error","message":"✘ Failed to rebuild document Failed to parse mago.wlk: \n-- PARSING FAILED --------------------------------------------------\n\n  16 |   }\n  17 |   method\n> 18 | }\n     | ^\n  19 | \n  20 | class Hechizo inherits CosaAnimada{\n\nExpected one of the following: \n\n'!=', '!==', '%', '&&', '*', '**', '+', '-', '->', '..', '..<', '/', '<', '<<', '<<<', '<=', '<=>', '<>', '==', '===', '>', '>..', '>=', '>>', '>>>', '?:', 'and', 'invert', 'negate', 'or', 'plus', '||', identifier, whitespace\n","stack":"Error: Failed to parse mago.wlk: \n-- PARSING FAILED --------------------------------------------------\n\n  16 |   }\n  17 |   method\n> 18 | }\n     | ^\n  19 | \n  20 | class Hechizo inherits CosaAnimada{\n\nExpected one of the following: \n\n'!=', '!==', '%', '&&', '*', '**', '+', '-', '->', '..', '..<', '/', '<', '<<', '<<<', '<=', '<=>', '<>', '==', '===', '>', '>..', '>=', '>>', '>>>', '?:', 'and', 'invert', 'negate', 'or', 'plus', '||', identifier, whitespace\n\n    at c:\\Users\\estudiante\\.vscode\\extensions\\uqbar.wollok-lsp-ide-0.5.2\\out\\server\\src\\server.js:2326:13026\n    at Array.map (<anonymous>)\n    at D1n (c:\\Users\\estudiante\\.vscode\\extensions\\uqbar.wollok-lsp-ide-0.5.2\\out\\server\\src\\server.js:2326:12950)\n    at W2.buildEnvironmentFrom (c:\\Users\\estudiante\\.vscode\\extensions\\uqbar.wollok-lsp-ide-0.5.2\\out\\server\\src\\server.js:2371:5254)\n    at W2.updateEnvironmentWith (c:\\Users\\estudiante\\.vscode\\extensions\\uqbar.wollok-lsp-ide-0.5.2\\out\\server\\src\\server.js:2371:4989)\n    at GF (c:\\Users\\estudiante\\.vscode\\extensions\\uqbar.wollok-lsp-ide-0.5.2\\out\\server\\src\\server.js:2371:7383)\n    at L3.invoke (c:\\Users\\estudiante\\.vscode\\extensions\\uqbar.wollok-lsp-ide-0.5.2\\out\\server\\src\\server.js:3:157326)\n    at o.fire (c:\\Users\\estudiante\\.vscode\\extensions\\uqbar.wollok-lsp-ide-0.5.2\\out\\server\\src\\server.js:3:158096)\n    at c:\\Users\\estudiante\\.vscode\\extensions\\uqbar.wollok-lsp-ide-0.5.2\\out\\server\\src\\server.js:37:57871\n    at Kr (c:\\Users\\estudiante\\.vscode\\extensions\\uqbar.wollok-lsp-ide-0.5.2\\out\\server\\src\\server.js:8:1561)","timestamp":"2025-07-01T13:06:44.150Z"}
{"level":"info","message":"⌛ Validating mago.wlk","timeElapsed":413,"timestamp":"2025-07-01T13:06:44.565Z"}
{"level":"info","message":"⌛ Validating mago.wlk","timeElapsed":345,"timestamp":"2025-07-01T13:06:44.933Z"}
{"level":"info","message":"⌛ Validating mago.wlk","timeElapsed":411,"timestamp":"2025-07-01T13:06:45.345Z"}
{"level":"info","message":"⌛ Validating mago.wlk","timeElapsed":282,"timestamp":"2025-07-01T13:06:45.627Z"}
{"level":"error","message":"✘ Failed to rebuild document Failed to parse mago.wlk: \n-- PARSING FAILED --------------------------------------------------\n\n  16 |   }\n  17 |   method \n> 18 | }\n     | ^\n  19 | \n  20 | class Hechizo inherits CosaAnimada{\n\nExpected one of the following: \n\n'!=', '!==', '%', '&&', '*', '**', '+', '-', '->', '..', '..<', '/', '<', '<<', '<<<', '<=', '<=>', '<>', '==', '===', '>', '>..', '>=', '>>', '>>>', '?:', 'and', 'invert', 'negate', 'or', 'plus', '||', identifier, whitespace\n","stack":"Error: Failed to parse mago.wlk: \n-- PARSING FAILED --------------------------------------------------\n\n  16 |   }\n  17 |   method \n> 18 | }\n     | ^\n  19 | \n  20 | class Hechizo inherits CosaAnimada{\n\nExpected one of the following: \n\n'!=', '!==', '%', '&&', '*', '**', '+', '-', '->', '..', '..<', '/', '<', '<<', '<<<', '<=', '<=>', '<>', '==', '===', '>', '>..', '>=', '>>', '>>>', '?:', 'and', 'invert', 'negate', 'or', 'plus', '||', identifier, whitespace\n\n    at c:\\Users\\estudiante\\.vscode\\extensions\\uqbar.wollok-lsp-ide-0.5.2\\out\\server\\src\\server.js:2326:13026\n    at Array.map (<anonymous>)\n    at D1n (c:\\Users\\estudiante\\.vscode\\extensions\\uqbar.wollok-lsp-ide-0.5.2\\out\\server\\src\\server.js:2326:12950)\n    at W2.buildEnvironmentFrom (c:\\Users\\estudiante\\.vscode\\extensions\\uqbar.wollok-lsp-ide-0.5.2\\out\\server\\src\\server.js:2371:5254)\n    at W2.updateEnvironmentWith (c:\\Users\\estudiante\\.vscode\\extensions\\uqbar.wollok-lsp-ide-0.5.2\\out\\server\\src\\server.js:2371:4989)\n    at GF (c:\\Users\\estudiante\\.vscode\\extensions\\uqbar.wollok-lsp-ide-0.5.2\\out\\server\\src\\server.js:2371:7383)\n    at L3.invoke (c:\\Users\\estudiante\\.vscode\\extensions\\uqbar.wollok-lsp-ide-0.5.2\\out\\server\\src\\server.js:3:157326)\n    at o.fire (c:\\Users\\estudiante\\.vscode\\extensions\\uqbar.wollok-lsp-ide-0.5.2\\out\\server\\src\\server.js:3:158096)\n    at c:\\Users\\estudiante\\.vscode\\extensions\\uqbar.wollok-lsp-ide-0.5.2\\out\\server\\src\\server.js:37:57871\n    at Kr (c:\\Users\\estudiante\\.vscode\\extensions\\uqbar.wollok-lsp-ide-0.5.2\\out\\server\\src\\server.js:8:1561)","timestamp":"2025-07-01T13:06:45.654Z"}
{"level":"info","message":"⌛ Building environment","timeElapsed":183,"timestamp":"2025-07-01T13:06:45.844Z"}
{"level":"info","message":"⌛ Validating mago.wlk","timeElapsed":205,"timestamp":"2025-07-01T13:06:46.110Z"}
{"level":"info","message":"⌛ Building environment","timeElapsed":489,"timestamp":"2025-07-01T13:06:46.866Z"}
{"level":"info","message":"⌛ Validating mago.wlk","timeElapsed":271,"timestamp":"2025-07-01T13:06:47.213Z"}
{"level":"info","message":"⌛ Building environment","timeElapsed":436,"timestamp":"2025-07-01T13:06:57.547Z"}
{"level":"info","message":"⌛ Building environment","timeElapsed":289,"timestamp":"2025-07-01T13:06:57.865Z"}
{"level":"info","message":"⌛ Validating mago.wlk","timeElapsed":432,"timestamp":"2025-07-01T13:06:58.316Z"}
{"level":"info","message":"⌛ Building environment","timeElapsed":298,"timestamp":"2025-07-01T13:06:58.629Z"}
{"level":"info","message":"⌛ Validating mago.wlk","timeElapsed":373,"timestamp":"2025-07-01T13:06:59.005Z"}
{"level":"info","message":"⌛ Building environment","timeElapsed":265,"timestamp":"2025-07-01T13:06:59.314Z"}
{"level":"info","message":"⌛ Building environment","timeElapsed":306,"timestamp":"2025-07-01T13:06:59.712Z"}
{"level":"info","message":"⌛ Validating mago.wlk","timeElapsed":370,"timestamp":"2025-07-01T13:07:00.152Z"}
{"level":"info","message":"⌛ Building environment","timeElapsed":189,"timestamp":"2025-07-01T13:07:00.345Z"}
{"level":"info","message":"⌛ Validating mago.wlk","timeElapsed":263,"timestamp":"2025-07-01T13:07:00.636Z"}
{"level":"info","message":"⌛ Validating mago.wlk","timeElapsed":537,"timestamp":"2025-07-01T13:07:01.190Z"}
{"level":"info","message":"⌛ Validating mago.wlk","timeElapsed":323,"timestamp":"2025-07-01T13:07:01.514Z"}
{"level":"info","message":"⌛ Building environment","timeElapsed":256,"timestamp":"2025-07-01T13:07:01.813Z"}
{"level":"info","message":"⌛ Validating mago.wlk","timeElapsed":739,"timestamp":"2025-07-01T13:07:02.570Z"}
{"level":"info","message":"⌛ Building environment","timeElapsed":1320,"timestamp":"2025-07-01T13:07:04.003Z"}
{"level":"info","message":"⌛ Validating mago.wlk","timeElapsed":563,"timestamp":"2025-07-01T13:07:04.773Z"}
{"level":"info","message":"⌛ Building environment","timeElapsed":191,"timestamp":"2025-07-01T13:07:05.079Z"}
{"level":"info","message":"⌛ Validating mago.wlk","timeElapsed":745,"timestamp":"2025-07-01T13:07:05.922Z"}
{"level":"info","message":"⌛ Building environment","timeElapsed":300,"timestamp":"2025-07-01T13:07:08.067Z"}
{"level":"info","message":"⌛ Validating mago.wlk","timeElapsed":325,"timestamp":"2025-07-01T13:07:08.439Z"}
{"level":"info","message":"⌛ Building environment","timeElapsed":238,"timestamp":"2025-07-01T13:07:09.248Z"}
{"level":"info","message":"⌛ Validating mago.wlk","timeElapsed":299,"timestamp":"2025-07-01T13:07:09.548Z"}
{"level":"info","message":"⌛ Building environment","timeElapsed":692,"timestamp":"2025-07-01T13:07:54.920Z"}
{"level":"info","message":"⌛ Validating arcaneBastion.wlk","timeElapsed":1309,"timestamp":"2025-07-01T13:07:56.256Z"}
{"level":"info","message":"⌛ Building environment","timeElapsed":942,"timestamp":"2025-07-01T13:09:30.883Z"}
{"level":"info","message":"⌛ Building environment","timeElapsed":1140,"timestamp":"2025-07-01T13:09:32.309Z"}
{"level":"info","message":"⌛ Autocomplete - Reference","timeElapsed":147,"timestamp":"2025-07-01T13:09:32.559Z"}
{"level":"info","message":"⌛ Validating niveles.wlk","timeElapsed":2233,"timestamp":"2025-07-01T13:09:34.793Z"}
{"level":"info","message":"⌛ Building environment","timeElapsed":1045,"timestamp":"2025-07-01T13:09:35.849Z"}
{"level":"info","message":"⌛ Building environment","timeElapsed":496,"timestamp":"2025-07-01T13:09:36.388Z"}
{"level":"info","message":"⌛ Validating niveles.wlk","timeElapsed":1366,"timestamp":"2025-07-01T13:09:37.938Z"}
{"level":"info","message":"⌛ Validating niveles.wlk","timeElapsed":675,"timestamp":"2025-07-01T13:09:38.700Z"}
{"level":"info","message":"⌛ Validating niveles.wlk","timeElapsed":469,"timestamp":"2025-07-01T13:09:39.242Z"}
{"level":"info","message":"⌛ Building environment","timeElapsed":568,"timestamp":"2025-07-01T13:09:39.990Z"}
{"level":"info","message":"⌛ Validating niveles.wlk","timeElapsed":440,"timestamp":"2025-07-01T13:09:40.613Z"}
{"level":"info","message":"⌛ Building environment","timeElapsed":667,"timestamp":"2025-07-01T13:09:41.736Z"}
{"level":"info","message":"⌛ Validating niveles.wlk","timeElapsed":641,"timestamp":"2025-07-01T13:09:42.390Z"}
{"level":"info","message":"⌛ Building environment","timeElapsed":1791,"timestamp":"2025-07-01T13:09:44.589Z"}
{"level":"info","message":"⌛ Validating niveles.wlk","timeElapsed":965,"timestamp":"2025-07-01T13:09:45.809Z"}
{"level":"info","message":"⌛ Building environment","timeElapsed":273,"timestamp":"2025-07-01T13:09:51.908Z"}
{"level":"info","message":"⌛ Validating niveles.wlk","timeElapsed":331,"timestamp":"2025-07-01T13:09:52.271Z"}
{"level":"info","message":"⌛ Building environment","timeElapsed":397,"timestamp":"2025-07-01T13:09:55.182Z"}
{"level":"info","message":"⌛ Validating administradorDeEnemigos.wlk","timeElapsed":699,"timestamp":"2025-07-01T13:09:55.932Z"}
{"error":["wollok.lang.EvaluationError: RangeError: Visual is already in the game! You cannot add duplicate elements","  at arcaneBastion.arcaneBastion.iniciar() [arcaneBastion.wlk:18]\r","  at main.ArcaneBastion [main.wpgm:11]"],"level":"info","message":"🚀 Program executed \u001b[3m\u001b[34mmain.ArcaneBastion\u001b[39m\u001b[23m on \u001b[3m\u001b[34mc:\\Users\\estudiante\\FINAL4\u001b[39m\u001b[23m","ok":false,"timeElapsed":5140,"timestamp":"2025-07-01T13:10:18.883Z"}
{"level":"info","message":"⌛ Building environment","timeElapsed":334,"timestamp":"2025-07-01T13:10:44.337Z"}
{"level":"info","message":"⌛ Validating main.wpgm","timeElapsed":820,"timestamp":"2025-07-01T13:10:45.173Z"}
{"level":"info","message":"🚀 Program executed \u001b[3m\u001b[34mmain.ArcaneBastion\u001b[39m\u001b[23m on \u001b[3m\u001b[34mc:\\Users\\estudiante\\FINAL4\u001b[39m\u001b[23m","ok":true,"timeElapsed":2024,"timestamp":"2025-07-01T13:11:02.543Z"}
{"level":"info","message":"⌛ Building environment","timeElapsed":600,"timestamp":"2025-07-01T13:13:12.317Z"}
{"level":"info","message":"⌛ Building environment","timeElapsed":1216,"timestamp":"2025-07-01T13:13:13.802Z"}
{"level":"info","message":"⌛ Building environment","timeElapsed":1204,"timestamp":"2025-07-01T13:13:15.119Z"}
{"level":"info","message":"⌛ Validating niveles.wlk","timeElapsed":803,"timestamp":"2025-07-01T13:13:16.370Z"}
{"level":"info","message":"⌛ Building environment","timeElapsed":363,"timestamp":"2025-07-01T13:13:16.735Z"}
{"level":"info","message":"⌛ Building environment","timeElapsed":471,"timestamp":"2025-07-01T13:13:17.712Z"}
{"level":"info","message":"⌛ Building environment","timeElapsed":1165,"timestamp":"2025-07-01T13:13:19.026Z"}
{"level":"error","message":"✘ Completions for node Send ([47:8, 47:21] - niveles.wlk) failed: Error: [Send]{49a8b6} at niveles.wlk:47 exhausted all cases without a match [Send]{49a8b6} at niveles.wlk:47 exhausted all cases without a match","stack":"Error: [Send]{49a8b6} at niveles.wlk:47 exhausted all cases without a match\n    at c:\\Users\\estudiante\\.vscode\\extensions\\uqbar.wollok-lsp-ide-0.5.2\\out\\server\\src\\server.js:38:6142\n    at C2 (c:\\Users\\estudiante\\.vscode\\extensions\\uqbar.wollok-lsp-ide-0.5.2\\out\\server\\src\\server.js:2362:42)\n    at c:\\Users\\estudiante\\.vscode\\extensions\\uqbar.wollok-lsp-ide-0.5.2\\out\\server\\src\\server.js:2362:2988\n    at c:\\Users\\estudiante\\.vscode\\extensions\\uqbar.wollok-lsp-ide-0.5.2\\out\\server\\src\\server.js:2371:8440\n    at c:\\Users\\estudiante\\.vscode\\extensions\\uqbar.wollok-lsp-ide-0.5.2\\out\\server\\src\\server.js:37:74872\n    at Ye (c:\\Users\\estudiante\\.vscode\\extensions\\uqbar.wollok-lsp-ide-0.5.2\\out\\server\\src\\server.js:7:8527)\n    at Dt (c:\\Users\\estudiante\\.vscode\\extensions\\uqbar.wollok-lsp-ide-0.5.2\\out\\server\\src\\server.js:7:6189)\n    at Zi (c:\\Users\\estudiante\\.vscode\\extensions\\uqbar.wollok-lsp-ide-0.5.2\\out\\server\\src\\server.js:7:6378)\n    at Immediate._onImmediate (c:\\Users\\estudiante\\.vscode\\extensions\\uqbar.wollok-lsp-ide-0.5.2\\out\\server\\src\\server.js:7:6142)\n    at process.processImmediate (node:internal/timers:485:21)","timestamp":"2025-07-01T13:13:19.242Z"}
{"level":"error","message":"✘ Completions for node Send ([47:8, 47:66] - niveles.wlk) failed: Error: [Send]{4947ca} at niveles.wlk:47 exhausted all cases without a match [Send]{4947ca} at niveles.wlk:47 exhausted all cases without a match","stack":"Error: [Send]{4947ca} at niveles.wlk:47 exhausted all cases without a match\n    at c:\\Users\\estudiante\\.vscode\\extensions\\uqbar.wollok-lsp-ide-0.5.2\\out\\server\\src\\server.js:38:6142\n    at C2 (c:\\Users\\estudiante\\.vscode\\extensions\\uqbar.wollok-lsp-ide-0.5.2\\out\\server\\src\\server.js:2362:42)\n    at Gh (c:\\Users\\estudiante\\.vscode\\extensions\\uqbar.wollok-lsp-ide-0.5.2\\out\\server\\src\\server.js:2362:1092)\n    at C2 (c:\\Users\\estudiante\\.vscode\\extensions\\uqbar.wollok-lsp-ide-0.5.2\\out\\server\\src\\server.js:2362:544)\n    at c:\\Users\\estudiante\\.vscode\\extensions\\uqbar.wollok-lsp-ide-0.5.2\\out\\server\\src\\server.js:2362:2988\n    at c:\\Users\\estudiante\\.vscode\\extensions\\uqbar.wollok-lsp-ide-0.5.2\\out\\server\\src\\server.js:2371:8440\n    at c:\\Users\\estudiante\\.vscode\\extensions\\uqbar.wollok-lsp-ide-0.5.2\\out\\server\\src\\server.js:37:74872\n    at Ye (c:\\Users\\estudiante\\.vscode\\extensions\\uqbar.wollok-lsp-ide-0.5.2\\out\\server\\src\\server.js:7:8527)\n    at Dt (c:\\Users\\estudiante\\.vscode\\extensions\\uqbar.wollok-lsp-ide-0.5.2\\out\\server\\src\\server.js:7:6189)\n    at Zi (c:\\Users\\estudiante\\.vscode\\extensions\\uqbar.wollok-lsp-ide-0.5.2\\out\\server\\src\\server.js:7:6378)","timestamp":"2025-07-01T13:13:19.272Z"}
{"level":"info","message":"⌛ Building environment","timeElapsed":401,"timestamp":"2025-07-01T13:13:19.707Z"}
{"level":"info","message":"⌛ Building environment","timeElapsed":449,"timestamp":"2025-07-01T13:13:20.257Z"}
{"level":"info","message":"⌛ Validating niveles.wlk","timeElapsed":614,"timestamp":"2025-07-01T13:13:20.874Z"}
{"level":"info","message":"⌛ Building environment","timeElapsed":787,"timestamp":"2025-07-01T13:13:21.907Z"}
{"level":"info","message":"⌛ Building environment","timeElapsed":297,"timestamp":"2025-07-01T13:13:22.205Z"}
{"level":"info","message":"⌛ Validating niveles.wlk","timeElapsed":387,"timestamp":"2025-07-01T13:13:22.638Z"}
{"level":"info","message":"⌛ Validating niveles.wlk","timeElapsed":346,"timestamp":"2025-07-01T13:13:23.009Z"}
{"level":"info","message":"⌛ Validating niveles.wlk","timeElapsed":431,"timestamp":"2025-07-01T13:13:23.440Z"}
{"level":"info","message":"⌛ Validating niveles.wlk","timeElapsed":496,"timestamp":"2025-07-01T13:13:23.941Z"}
{"level":"info","message":"⌛ Validating niveles.wlk","timeElapsed":460,"timestamp":"2025-07-01T13:13:24.405Z"}
{"level":"info","message":"⌛ Validating niveles.wlk","timeElapsed":543,"timestamp":"2025-07-01T13:13:24.951Z"}
{"level":"info","message":"⌛ Validating niveles.wlk","timeElapsed":708,"timestamp":"2025-07-01T13:13:25.723Z"}
{"exitCode":"SIGHUP","level":"info","message":"👾 Game executed main.ArcaneBastion on c:\\Users\\estudiante\\FINAL4","timeElapsed":145743,"timestamp":"2025-07-01T13:13:26.271Z"}
{"level":"info","message":"⌛ Validating niveles.wlk","timeElapsed":820,"timestamp":"2025-07-01T13:13:26.575Z"}
{"level":"info","message":"🚀 Program executed \u001b[3m\u001b[34mmain.ArcaneBastion\u001b[39m\u001b[23m on \u001b[3m\u001b[34mc:\\Users\\estudiante\\FINAL4\u001b[39m\u001b[23m","ok":true,"timeElapsed":1991,"timestamp":"2025-07-01T13:13:40.188Z"}
{"level":"info","message":"⌛ Building environment","timeElapsed":939,"timestamp":"2025-07-01T13:14:34.506Z"}
{"level":"info","message":"⌛ Validating main.wpgm","timeElapsed":1321,"timestamp":"2025-07-01T13:14:36.042Z"}
{"level":"info","message":"⌛ Building environment","timeElapsed":636,"timestamp":"2025-07-01T13:14:57.238Z"}
{"level":"info","message":"⌛ Building environment","timeElapsed":1083,"timestamp":"2025-07-01T13:14:58.457Z"}
{"level":"info","message":"⌛ Building environment","timeElapsed":1797,"timestamp":"2025-07-01T13:15:01.519Z"}
{"level":"info","message":"⌛ Validating niveles.wlk","timeElapsed":1844,"timestamp":"2025-07-01T13:15:03.521Z"}
{"level":"info","message":"⌛ Building environment","timeElapsed":862,"timestamp":"2025-07-01T13:15:04.415Z"}
{"level":"info","message":"⌛ Building environment","timeElapsed":925,"timestamp":"2025-07-01T13:15:05.449Z"}
{"level":"info","message":"⌛ Validating niveles.wlk","timeElapsed":5213,"timestamp":"2025-07-01T13:15:10.822Z"}
{"level":"info","message":"⌛ Building environment","timeElapsed":2192,"timestamp":"2025-07-01T13:15:13.015Z"}
{"exitCode":"SIGHUP","level":"info","message":"👾 Game executed main.ArcaneBastion on c:\\Users\\estudiante\\FINAL4","timeElapsed":94858,"timestamp":"2025-07-01T13:15:13.112Z"}
{"level":"error","message":"✘ Completions for node Send ([47:8, 47:21] - niveles.wlk) failed: Error: [Send]{d9a38f} at niveles.wlk:47 exhausted all cases without a match [Send]{d9a38f} at niveles.wlk:47 exhausted all cases without a match","stack":"Error: [Send]{d9a38f} at niveles.wlk:47 exhausted all cases without a match\n    at c:\\Users\\estudiante\\.vscode\\extensions\\uqbar.wollok-lsp-ide-0.5.2\\out\\server\\src\\server.js:38:6142\n    at C2 (c:\\Users\\estudiante\\.vscode\\extensions\\uqbar.wollok-lsp-ide-0.5.2\\out\\server\\src\\server.js:2362:42)\n    at c:\\Users\\estudiante\\.vscode\\extensions\\uqbar.wollok-lsp-ide-0.5.2\\out\\server\\src\\server.js:2362:2988\n    at c:\\Users\\estudiante\\.vscode\\extensions\\uqbar.wollok-lsp-ide-0.5.2\\out\\server\\src\\server.js:2371:8440\n    at c:\\Users\\estudiante\\.vscode\\extensions\\uqbar.wollok-lsp-ide-0.5.2\\out\\server\\src\\server.js:37:74872\n    at Ye (c:\\Users\\estudiante\\.vscode\\extensions\\uqbar.wollok-lsp-ide-0.5.2\\out\\server\\src\\server.js:7:8527)\n    at Dt (c:\\Users\\estudiante\\.vscode\\extensions\\uqbar.wollok-lsp-ide-0.5.2\\out\\server\\src\\server.js:7:6189)\n    at Zi (c:\\Users\\estudiante\\.vscode\\extensions\\uqbar.wollok-lsp-ide-0.5.2\\out\\server\\src\\server.js:7:6378)\n    at Immediate._onImmediate (c:\\Users\\estudiante\\.vscode\\extensions\\uqbar.wollok-lsp-ide-0.5.2\\out\\server\\src\\server.js:7:6142)\n    at process.processImmediate (node:internal/timers:485:21)","timestamp":"2025-07-01T13:15:13.987Z"}
{"level":"error","message":"✘ Completions for node Send ([47:8, 47:66] - niveles.wlk) failed: Error: [Send]{b7524f} at niveles.wlk:47 exhausted all cases without a match [Send]{b7524f} at niveles.wlk:47 exhausted all cases without a match","stack":"Error: [Send]{b7524f} at niveles.wlk:47 exhausted all cases without a match\n    at c:\\Users\\estudiante\\.vscode\\extensions\\uqbar.wollok-lsp-ide-0.5.2\\out\\server\\src\\server.js:38:6142\n    at C2 (c:\\Users\\estudiante\\.vscode\\extensions\\uqbar.wollok-lsp-ide-0.5.2\\out\\server\\src\\server.js:2362:42)\n    at Gh (c:\\Users\\estudiante\\.vscode\\extensions\\uqbar.wollok-lsp-ide-0.5.2\\out\\server\\src\\server.js:2362:1092)\n    at C2 (c:\\Users\\estudiante\\.vscode\\extensions\\uqbar.wollok-lsp-ide-0.5.2\\out\\server\\src\\server.js:2362:544)\n    at c:\\Users\\estudiante\\.vscode\\extensions\\uqbar.wollok-lsp-ide-0.5.2\\out\\server\\src\\server.js:2362:2988\n    at c:\\Users\\estudiante\\.vscode\\extensions\\uqbar.wollok-lsp-ide-0.5.2\\out\\server\\src\\server.js:2371:8440\n    at c:\\Users\\estudiante\\.vscode\\extensions\\uqbar.wollok-lsp-ide-0.5.2\\out\\server\\src\\server.js:37:74872\n    at Ye (c:\\Users\\estudiante\\.vscode\\extensions\\uqbar.wollok-lsp-ide-0.5.2\\out\\server\\src\\server.js:7:8527)\n    at Dt (c:\\Users\\estudiante\\.vscode\\extensions\\uqbar.wollok-lsp-ide-0.5.2\\out\\server\\src\\server.js:7:6189)\n    at Zi (c:\\Users\\estudiante\\.vscode\\extensions\\uqbar.wollok-lsp-ide-0.5.2\\out\\server\\src\\server.js:7:6378)","timestamp":"2025-07-01T13:15:13.988Z"}
{"level":"info","message":"⌛ Autocomplete - Send","timeElapsed":832,"timestamp":"2025-07-01T13:15:14.069Z"}
{"level":"info","message":"⌛ Validating niveles.wlk","timeElapsed":3767,"timestamp":"2025-07-01T13:15:17.866Z"}
{"level":"info","message":"⌛ Validating niveles.wlk","timeElapsed":1446,"timestamp":"2025-07-01T13:15:19.387Z"}
{"level":"info","message":"⌛ Validating niveles.wlk","timeElapsed":1472,"timestamp":"2025-07-01T13:15:20.869Z"}
{"level":"info","message":"⌛ Validating niveles.wlk","timeElapsed":544,"timestamp":"2025-07-01T13:15:21.466Z"}
{"level":"info","message":"⌛ Building environment","timeElapsed":2722,"timestamp":"2025-07-01T13:16:41.984Z"}
{"level":"info","message":"⌛ Autocomplete - Package","timeElapsed":135,"timestamp":"2025-07-01T13:16:42.334Z"}
{"level":"info","message":"⌛ Building environment","timeElapsed":411,"timestamp":"2025-07-01T13:16:43.031Z"}
{"level":"info","message":"⌛ Validating main.wpgm","timeElapsed":1829,"timestamp":"2025-07-01T13:16:45.260Z"}
{"level":"info","message":"⌛ Validating main.wpgm","timeElapsed":618,"timestamp":"2025-07-01T13:16:45.881Z"}
{"level":"info","message":"🚀 Program executed \u001b[3m\u001b[34mmain.ArcaneBastion\u001b[39m\u001b[23m on \u001b[3m\u001b[34mc:\\Users\\estudiante\\FINAL4\u001b[39m\u001b[23m","ok":true,"timeElapsed":2669,"timestamp":"2025-07-01T13:16:48.808Z"}
{"level":"info","message":"⌛ Building environment","timeElapsed":722,"timestamp":"2025-07-01T13:22:55.821Z"}
{"level":"info","message":"⌛ Validating administradorDeHechizos.wlk","timeElapsed":957,"timestamp":"2025-07-01T13:22:57.101Z"}
{"level":"info","message":"⌛ Building environment","timeElapsed":242,"timestamp":"2025-07-01T13:23:09.551Z"}
{"level":"info","message":"⌛ Validating adminProyectiles.wlk","timeElapsed":664,"timestamp":"2025-07-01T13:23:10.286Z"}
{"level":"info","message":"⌛ Building environment","timeElapsed":616,"timestamp":"2025-07-01T13:23:44.208Z"}
{"level":"info","message":"⌛ Building environment","timeElapsed":420,"timestamp":"2025-07-01T13:23:44.693Z"}
{"level":"info","message":"⌛ Building environment","timeElapsed":513,"timestamp":"2025-07-01T13:23:45.276Z"}
{"level":"info","message":"⌛ Validating niveles.wlk","timeElapsed":442,"timestamp":"2025-07-01T13:23:45.744Z"}
{"level":"info","message":"⌛ Building environment","timeElapsed":291,"timestamp":"2025-07-01T13:23:46.064Z"}
{"level":"info","message":"⌛ Building environment","timeElapsed":816,"timestamp":"2025-07-01T13:23:46.948Z"}
{"level":"info","message":"⌛ Validating niveles.wlk","timeElapsed":1145,"timestamp":"2025-07-01T13:23:48.097Z"}
{"level":"info","message":"⌛ Validating niveles.wlk","timeElapsed":891,"timestamp":"2025-07-01T13:23:49.645Z"}
{"level":"info","message":"⌛ Building environment","timeElapsed":513,"timestamp":"2025-07-01T13:23:50.162Z"}
{"level":"info","message":"⌛ Building environment","timeElapsed":295,"timestamp":"2025-07-01T13:23:50.493Z"}
{"level":"info","message":"⌛ Validating niveles.wlk","timeElapsed":565,"timestamp":"2025-07-01T13:23:51.062Z"}
{"level":"info","message":"⌛ Building environment","timeElapsed":512,"timestamp":"2025-07-01T13:23:51.804Z"}
{"level":"info","message":"⌛ Building environment","timeElapsed":925,"timestamp":"2025-07-01T13:23:52.731Z"}
{"level":"info","message":"⌛ Building environment","timeElapsed":926,"timestamp":"2025-07-01T13:23:53.686Z"}
{"level":"info","message":"⌛ Building environment","timeElapsed":2163,"timestamp":"2025-07-01T13:23:55.870Z"}
{"level":"info","message":"⌛ Building environment","timeElapsed":1715,"timestamp":"2025-07-01T13:23:57.791Z"}
{"level":"info","message":"⌛ Building environment","timeElapsed":1350,"timestamp":"2025-07-01T13:23:59.143Z"}
{"level":"info","message":"⌛ Validating niveles.wlk","timeElapsed":1643,"timestamp":"2025-07-01T13:24:00.805Z"}
{"level":"info","message":"⌛ Building environment","timeElapsed":499,"timestamp":"2025-07-01T13:24:01.423Z"}
{"level":"info","message":"⌛ Building environment","timeElapsed":348,"timestamp":"2025-07-01T13:24:01.836Z"}
{"level":"info","message":"⌛ Building environment","timeElapsed":619,"timestamp":"2025-07-01T13:24:02.508Z"}
{"level":"info","message":"⌛ Building environment","timeElapsed":266,"timestamp":"2025-07-01T13:24:02.811Z"}
{"level":"info","message":"⌛ Building environment","timeElapsed":1448,"timestamp":"2025-07-01T13:24:04.389Z"}
{"level":"info","message":"⌛ Building environment","timeElapsed":464,"timestamp":"2025-07-01T13:24:04.863Z"}
{"level":"info","message":"⌛ Validating niveles.wlk","timeElapsed":575,"timestamp":"2025-07-01T13:24:05.562Z"}
{"level":"info","message":"⌛ Validating niveles.wlk","timeElapsed":500,"timestamp":"2025-07-01T13:24:06.076Z"}
{"level":"info","message":"⌛ Building environment","timeElapsed":284,"timestamp":"2025-07-01T13:24:06.379Z"}
{"level":"info","message":"⌛ Validating niveles.wlk","timeElapsed":483,"timestamp":"2025-07-01T13:24:06.877Z"}
{"level":"info","message":"⌛ Building environment","timeElapsed":666,"timestamp":"2025-07-01T13:24:07.574Z"}
{"level":"info","message":"⌛ Building environment","timeElapsed":303,"timestamp":"2025-07-01T13:24:07.906Z"}
{"level":"info","message":"⌛ Building environment","timeElapsed":279,"timestamp":"2025-07-01T13:24:08.269Z"}
{"level":"info","message":"⌛ Validating niveles.wlk","timeElapsed":1191,"timestamp":"2025-07-01T13:24:09.629Z"}
{"level":"info","message":"⌛ Building environment","timeElapsed":322,"timestamp":"2025-07-01T13:24:09.979Z"}
{"level":"info","message":"⌛ Building environment","timeElapsed":356,"timestamp":"2025-07-01T13:24:10.546Z"}
{"level":"info","message":"⌛ Building environment","timeElapsed":515,"timestamp":"2025-07-01T13:24:11.073Z"}
{"level":"info","message":"⌛ Validating niveles.wlk","timeElapsed":349,"timestamp":"2025-07-01T13:24:11.829Z"}
{"level":"info","message":"⌛ Validating niveles.wlk","timeElapsed":444,"timestamp":"2025-07-01T13:24:12.275Z"}
{"level":"info","message":"⌛ Validating niveles.wlk","timeElapsed":480,"timestamp":"2025-07-01T13:24:12.755Z"}
{"level":"info","message":"⌛ Validating niveles.wlk","timeElapsed":668,"timestamp":"2025-07-01T13:24:13.425Z"}
{"level":"info","message":"⌛ Validating niveles.wlk","timeElapsed":450,"timestamp":"2025-07-01T13:24:13.893Z"}
{"level":"info","message":"⌛ Validating niveles.wlk","timeElapsed":607,"timestamp":"2025-07-01T13:24:14.512Z"}
{"exitCode":"SIGHUP","level":"info","message":"👾 Game executed main.ArcaneBastion on c:\\Users\\estudiante\\FINAL4","timeElapsed":448406,"timestamp":"2025-07-01T13:24:14.958Z"}
{"level":"info","message":"⌛ Validating niveles.wlk","timeElapsed":1901,"timestamp":"2025-07-01T13:24:16.420Z"}
{"level":"info","message":"⌛ Validating niveles.wlk","timeElapsed":690,"timestamp":"2025-07-01T13:24:17.120Z"}
{"level":"info","message":"⌛ Building environment","timeElapsed":935,"timestamp":"2025-07-01T13:24:18.061Z"}
{"level":"info","message":"⌛ Validating niveles.wlk","timeElapsed":942,"timestamp":"2025-07-01T13:24:19.076Z"}
{"level":"info","message":"⌛ Validating niveles.wlk","timeElapsed":446,"timestamp":"2025-07-01T13:24:19.539Z"}
{"level":"info","message":"⌛ Building environment","timeElapsed":242,"timestamp":"2025-07-01T13:24:19.794Z"}
{"level":"info","message":"⌛ Building environment","timeElapsed":246,"timestamp":"2025-07-01T13:24:20.098Z"}
{"level":"info","message":"⌛ Validating niveles.wlk","timeElapsed":1111,"timestamp":"2025-07-01T13:24:21.241Z"}
{"level":"info","message":"⌛ Building environment","timeElapsed":931,"timestamp":"2025-07-01T13:24:22.173Z"}
{"level":"info","message":"⌛ Building environment","timeElapsed":619,"timestamp":"2025-07-01T13:24:22.875Z"}
{"level":"info","message":"⌛ Validating niveles.wlk","timeElapsed":503,"timestamp":"2025-07-01T13:24:23.485Z"}
{"level":"info","message":"⌛ Building environment","timeElapsed":304,"timestamp":"2025-07-01T13:24:23.792Z"}
{"level":"info","message":"⌛ Validating niveles.wlk","timeElapsed":622,"timestamp":"2025-07-01T13:24:24.421Z"}
{"level":"info","message":"⌛ Validating niveles.wlk","timeElapsed":435,"timestamp":"2025-07-01T13:24:25.028Z"}
{"level":"info","message":"⌛ Building environment","timeElapsed":409,"timestamp":"2025-07-01T13:24:25.452Z"}
{"level":"info","message":"⌛ Building environment","timeElapsed":249,"timestamp":"2025-07-01T13:24:25.752Z"}
{"level":"info","message":"⌛ Building environment","timeElapsed":239,"timestamp":"2025-07-01T13:24:26.023Z"}
{"level":"info","message":"⌛ Building environment","timeElapsed":369,"timestamp":"2025-07-01T13:24:26.429Z"}
{"level":"info","message":"⌛ Validating niveles.wlk","timeElapsed":384,"timestamp":"2025-07-01T13:24:26.872Z"}
{"level":"info","message":"⌛ Building environment","timeElapsed":262,"timestamp":"2025-07-01T13:24:27.137Z"}
{"level":"info","message":"⌛ Validating niveles.wlk","timeElapsed":446,"timestamp":"2025-07-01T13:24:27.631Z"}
{"level":"info","message":"⌛ Validating niveles.wlk","timeElapsed":308,"timestamp":"2025-07-01T13:24:27.941Z"}
{"level":"info","message":"⌛ Validating niveles.wlk","timeElapsed":347,"timestamp":"2025-07-01T13:24:28.291Z"}
{"level":"info","message":"⌛ Validating niveles.wlk","timeElapsed":332,"timestamp":"2025-07-01T13:24:28.641Z"}
{"level":"info","message":"⌛ Validating niveles.wlk","timeElapsed":290,"timestamp":"2025-07-01T13:24:28.932Z"}
{"level":"info","message":"⌛ Validating niveles.wlk","timeElapsed":311,"timestamp":"2025-07-01T13:24:29.246Z"}
{"level":"info","message":"⌛ Validating niveles.wlk","timeElapsed":322,"timestamp":"2025-07-01T13:24:29.571Z"}
{"level":"info","message":"⌛ Validating niveles.wlk","timeElapsed":669,"timestamp":"2025-07-01T13:24:30.243Z"}
{"level":"info","message":"⌛ Validating niveles.wlk","timeElapsed":347,"timestamp":"2025-07-01T13:24:30.591Z"}
{"level":"info","message":"⌛ Validating niveles.wlk","timeElapsed":351,"timestamp":"2025-07-01T13:24:30.944Z"}
{"level":"info","message":"⌛ Validating niveles.wlk","timeElapsed":330,"timestamp":"2025-07-01T13:24:31.276Z"}
{"level":"info","message":"⌛ Validating niveles.wlk","timeElapsed":497,"timestamp":"2025-07-01T13:24:31.774Z"}
{"level":"info","message":"⌛ Validating niveles.wlk","timeElapsed":561,"timestamp":"2025-07-01T13:24:32.338Z"}
{"level":"info","message":"🚀 Program executed \u001b[3m\u001b[34mmain.ArcaneBastion\u001b[39m\u001b[23m on \u001b[3m\u001b[34mc:\\Users\\estudiante\\FINAL4\u001b[39m\u001b[23m","ok":true,"timeElapsed":3447,"timestamp":"2025-07-01T13:26:36.775Z"}
{"level":"info","message":"⌛ Building environment","timeElapsed":610,"timestamp":"2025-07-01T13:28:23.713Z"}
{"level":"info","message":"⌛ Validating niveles.wlk","timeElapsed":1004,"timestamp":"2025-07-01T13:28:24.857Z"}
{"level":"info","message":"⌛ Building environment","timeElapsed":615,"timestamp":"2025-07-01T13:28:26.682Z"}
{"level":"info","message":"⌛ Validating niveles.wlk","timeElapsed":980,"timestamp":"2025-07-01T13:28:28.021Z"}
{"level":"info","message":"⌛ Building environment","timeElapsed":534,"timestamp":"2025-07-01T13:28:31.062Z"}
{"level":"info","message":"⌛ Building environment","timeElapsed":824,"timestamp":"2025-07-01T13:28:31.910Z"}
{"level":"info","message":"⌛ Validating niveles.wlk","timeElapsed":678,"timestamp":"2025-07-01T13:28:32.761Z"}
{"level":"info","message":"⌛ Validating niveles.wlk","timeElapsed":902,"timestamp":"2025-07-01T13:28:33.666Z"}
{"level":"info","message":"⌛ Building environment","timeElapsed":537,"timestamp":"2025-07-01T13:28:35.090Z"}
{"level":"info","message":"⌛ Building environment","timeElapsed":408,"timestamp":"2025-07-01T13:28:35.620Z"}
{"level":"info","message":"⌛ Validating niveles.wlk","timeElapsed":794,"timestamp":"2025-07-01T13:28:36.597Z"}
{"level":"info","message":"⌛ Validating niveles.wlk","timeElapsed":1015,"timestamp":"2025-07-01T13:28:37.716Z"}
{"level":"info","message":"⌛ Building environment","timeElapsed":929,"timestamp":"2025-07-01T13:29:11.817Z"}
{"level":"info","message":"⌛ Validating menu.wlk","timeElapsed":2625,"timestamp":"2025-07-01T13:29:14.540Z"}
{"level":"info","message":"⌛ Building environment","timeElapsed":687,"timestamp":"2025-07-01T13:29:15.229Z"}
{"level":"info","message":"⌛ Autocomplete - Reference","timeElapsed":341,"timestamp":"2025-07-01T13:29:15.896Z"}
{"level":"info","message":"⌛ Building environment","timeElapsed":1266,"timestamp":"2025-07-01T13:29:17.599Z"}
{"level":"info","message":"⌛ Building environment","timeElapsed":1958,"timestamp":"2025-07-01T13:29:19.567Z"}
{"level":"info","message":"⌛ Building environment","timeElapsed":737,"timestamp":"2025-07-01T13:29:20.464Z"}
{"level":"info","message":"⌛ Building environment","timeElapsed":880,"timestamp":"2025-07-01T13:29:21.596Z"}
{"level":"info","message":"⌛ Building environment","timeElapsed":1865,"timestamp":"2025-07-01T13:29:24.127Z"}
{"level":"error","message":"✘ Failed to rebuild document Failed to parse menu.wlk: \n-- PARSING FAILED --------------------------------------------------\n\n  18 |             game.removeVisual(self)\n  19 |             nivelSurvival.iniciarNivel()\n> 20 |         })\n     |         ^\n  21 |     }\n  22 | }\n\nExpected one of the following: \n\n'@', 'class', 'const', 'describe', 'mixin', 'object', 'only', 'package', 'program', 'test', 'var', '{', EOF, comment, not \"}\", whitespace\n","stack":"Error: Failed to parse menu.wlk: \n-- PARSING FAILED --------------------------------------------------\n\n  18 |             game.removeVisual(self)\n  19 |             nivelSurvival.iniciarNivel()\n> 20 |         })\n     |         ^\n  21 |     }\n  22 | }\n\nExpected one of the following: \n\n'@', 'class', 'const', 'describe', 'mixin', 'object', 'only', 'package', 'program', 'test', 'var', '{', EOF, comment, not \"}\", whitespace\n\n    at c:\\Users\\estudiante\\.vscode\\extensions\\uqbar.wollok-lsp-ide-0.5.2\\out\\server\\src\\server.js:2326:13026\n    at Array.map (<anonymous>)\n    at D1n (c:\\Users\\estudiante\\.vscode\\extensions\\uqbar.wollok-lsp-ide-0.5.2\\out\\server\\src\\server.js:2326:12950)\n    at W2.buildEnvironmentFrom (c:\\Users\\estudiante\\.vscode\\extensions\\uqbar.wollok-lsp-ide-0.5.2\\out\\server\\src\\server.js:2371:5254)\n    at W2.updateEnvironmentWith (c:\\Users\\estudiante\\.vscode\\extensions\\uqbar.wollok-lsp-ide-0.5.2\\out\\server\\src\\server.js:2371:4989)\n    at GF (c:\\Users\\estudiante\\.vscode\\extensions\\uqbar.wollok-lsp-ide-0.5.2\\out\\server\\src\\server.js:2371:7383)\n    at L3.invoke (c:\\Users\\estudiante\\.vscode\\extensions\\uqbar.wollok-lsp-ide-0.5.2\\out\\server\\src\\server.js:3:157326)\n    at o.fire (c:\\Users\\estudiante\\.vscode\\extensions\\uqbar.wollok-lsp-ide-0.5.2\\out\\server\\src\\server.js:3:158096)\n    at c:\\Users\\estudiante\\.vscode\\extensions\\uqbar.wollok-lsp-ide-0.5.2\\out\\server\\src\\server.js:37:57871\n    at Kr (c:\\Users\\estudiante\\.vscode\\extensions\\uqbar.wollok-lsp-ide-0.5.2\\out\\server\\src\\server.js:8:1561)","timestamp":"2025-07-01T13:29:24.227Z"}
{"level":"info","message":"⌛ Validating menu.wlk","timeElapsed":1806,"timestamp":"2025-07-01T13:29:26.067Z"}
{"level":"info","message":"⌛ Building environment","timeElapsed":291,"timestamp":"2025-07-01T13:29:26.370Z"}
{"level":"info","message":"⌛ Building environment","timeElapsed":1021,"timestamp":"2025-07-01T13:29:27.444Z"}
{"level":"info","message":"⌛ Autocomplete - Reference","timeElapsed":131,"timestamp":"2025-07-01T13:29:27.800Z"}
{"level":"info","message":"⌛ Validating menu.wlk","timeElapsed":1411,"timestamp":"2025-07-01T13:29:29.246Z"}
{"level":"info","message":"⌛ Building environment","timeElapsed":327,"timestamp":"2025-07-01T13:29:29.576Z"}
{"level":"info","message":"⌛ Validating menu.wlk","timeElapsed":2653,"timestamp":"2025-07-01T13:29:32.311Z"}
{"level":"info","message":"⌛ Validating menu.wlk","timeElapsed":2872,"timestamp":"2025-07-01T13:29:35.211Z"}
{"level":"info","message":"⌛ Validating menu.wlk","timeElapsed":1903,"timestamp":"2025-07-01T13:29:37.120Z"}
{"level":"info","message":"⌛ Building environment","timeElapsed":961,"timestamp":"2025-07-01T13:29:38.098Z"}
{"level":"info","message":"⌛ Validating menu.wlk","timeElapsed":1842,"timestamp":"2025-07-01T13:29:40.162Z"}
{"level":"info","message":"⌛ Building environment","timeElapsed":1735,"timestamp":"2025-07-01T13:29:41.900Z"}
{"level":"info","message":"⌛ Building environment","timeElapsed":1057,"timestamp":"2025-07-01T13:29:43.002Z"}
{"level":"info","message":"⌛ Building environment","timeElapsed":447,"timestamp":"2025-07-01T13:29:43.559Z"}
{"level":"info","message":"⌛ Building environment","timeElapsed":1221,"timestamp":"2025-07-01T13:29:44.868Z"}
{"level":"info","message":"⌛ Autocomplete - Reference","timeElapsed":139,"timestamp":"2025-07-01T13:29:45.066Z"}
{"level":"info","message":"⌛ Building environment","timeElapsed":1023,"timestamp":"2025-07-01T13:29:46.129Z"}
{"level":"info","message":"⌛ Validating menu.wlk","timeElapsed":1123,"timestamp":"2025-07-01T13:29:47.336Z"}
{"level":"info","message":"⌛ Building environment","timeElapsed":1079,"timestamp":"2025-07-01T13:29:48.588Z"}
{"level":"info","message":"⌛ Building environment","timeElapsed":655,"timestamp":"2025-07-01T13:29:49.247Z"}
{"level":"info","message":"⌛ Validating menu.wlk","timeElapsed":1340,"timestamp":"2025-07-01T13:29:50.743Z"}
{"level":"info","message":"⌛ Building environment","timeElapsed":539,"timestamp":"2025-07-01T13:29:51.286Z"}
{"level":"info","message":"⌛ Building environment","timeElapsed":304,"timestamp":"2025-07-01T13:29:51.648Z"}
{"level":"info","message":"⌛ Validating menu.wlk","timeElapsed":565,"timestamp":"2025-07-01T13:29:52.286Z"}
{"level":"info","message":"⌛ Building environment","timeElapsed":272,"timestamp":"2025-07-01T13:29:52.561Z"}
{"level":"info","message":"⌛ Validating menu.wlk","timeElapsed":540,"timestamp":"2025-07-01T13:29:53.519Z"}
{"level":"info","message":"⌛ Validating menu.wlk","timeElapsed":505,"timestamp":"2025-07-01T13:29:54.026Z"}
{"level":"info","message":"⌛ Validating menu.wlk","timeElapsed":675,"timestamp":"2025-07-01T13:29:54.702Z"}
{"level":"info","message":"⌛ Validating menu.wlk","timeElapsed":1055,"timestamp":"2025-07-01T13:29:55.758Z"}
{"level":"info","message":"⌛ Validating menu.wlk","timeElapsed":1284,"timestamp":"2025-07-01T13:29:57.145Z"}
{"level":"info","message":"⌛ Validating menu.wlk","timeElapsed":670,"timestamp":"2025-07-01T13:29:57.832Z"}
{"level":"info","message":"⌛ Validating menu.wlk","timeElapsed":552,"timestamp":"2025-07-01T13:29:58.386Z"}
{"level":"info","message":"⌛ Validating menu.wlk","timeElapsed":627,"timestamp":"2025-07-01T13:29:59.013Z"}
{"level":"info","message":"⌛ Validating menu.wlk","timeElapsed":570,"timestamp":"2025-07-01T13:29:59.585Z"}
{"level":"info","message":"⌛ Validating menu.wlk","timeElapsed":1028,"timestamp":"2025-07-01T13:30:00.614Z"}
{"level":"info","message":"⌛ Validating menu.wlk","timeElapsed":800,"timestamp":"2025-07-01T13:30:01.415Z"}
{"exitCode":"SIGHUP","level":"info","message":"👾 Game executed main.ArcaneBastion on c:\\Users\\estudiante\\FINAL4","timeElapsed":220237,"timestamp":"2025-07-01T13:30:13.581Z"}
{"level":"info","message":"🚀 Program executed \u001b[3m\u001b[34mmain.ArcaneBastion\u001b[39m\u001b[23m on \u001b[3m\u001b[34mc:\\Users\\estudiante\\FINAL4\u001b[39m\u001b[23m","ok":true,"timeElapsed":9505,"timestamp":"2025-07-01T13:30:50.656Z"}
{"level":"info","message":"⌛ Building environment","timeElapsed":813,"timestamp":"2025-07-01T13:32:21.716Z"}
{"level":"info","message":"⌛ Autocomplete - Send","timeElapsed":255,"timestamp":"2025-07-01T13:32:22.025Z"}
{"level":"info","message":"⌛ Validating menu.wlk","timeElapsed":817,"timestamp":"2025-07-01T13:32:22.875Z"}
{"level":"info","message":"⌛ Building environment","timeElapsed":666,"timestamp":"2025-07-01T13:32:24.357Z"}
{"level":"error","message":"✘ Completions for node Send ([18:13, 18:41] - menu.wlk) failed: Error: [Send]{c1dd28} at menu.wlk:18 exhausted all cases without a match [Send]{c1dd28} at menu.wlk:18 exhausted all cases without a match","stack":"Error: [Send]{c1dd28} at menu.wlk:18 exhausted all cases without a match\n    at c:\\Users\\estudiante\\.vscode\\extensions\\uqbar.wollok-lsp-ide-0.5.2\\out\\server\\src\\server.js:38:6142\n    at C2 (c:\\Users\\estudiante\\.vscode\\extensions\\uqbar.wollok-lsp-ide-0.5.2\\out\\server\\src\\server.js:2362:42)\n    at c:\\Users\\estudiante\\.vscode\\extensions\\uqbar.wollok-lsp-ide-0.5.2\\out\\server\\src\\server.js:2362:2988\n    at c:\\Users\\estudiante\\.vscode\\extensions\\uqbar.wollok-lsp-ide-0.5.2\\out\\server\\src\\server.js:2371:8440\n    at c:\\Users\\estudiante\\.vscode\\extensions\\uqbar.wollok-lsp-ide-0.5.2\\out\\server\\src\\server.js:37:74872\n    at Ye (c:\\Users\\estudiante\\.vscode\\extensions\\uqbar.wollok-lsp-ide-0.5.2\\out\\server\\src\\server.js:7:8527)\n    at Dt (c:\\Users\\estudiante\\.vscode\\extensions\\uqbar.wollok-lsp-ide-0.5.2\\out\\server\\src\\server.js:7:6189)\n    at Zi (c:\\Users\\estudiante\\.vscode\\extensions\\uqbar.wollok-lsp-ide-0.5.2\\out\\server\\src\\server.js:7:6378)\n    at Immediate._onImmediate (c:\\Users\\estudiante\\.vscode\\extensions\\uqbar.wollok-lsp-ide-0.5.2\\out\\server\\src\\server.js:7:6142)\n    at process.processImmediate (node:internal/timers:485:21)","timestamp":"2025-07-01T13:32:24.557Z"}
{"level":"info","message":"⌛ Autocomplete - Send","timeElapsed":134,"timestamp":"2025-07-01T13:32:24.574Z"}
{"level":"info","message":"⌛ Validating menu.wlk","timeElapsed":1079,"timestamp":"2025-07-01T13:32:25.684Z"}
{"level":"info","message":"⌛ Building environment","timeElapsed":399,"timestamp":"2025-07-01T13:32:28.863Z"}
{"level":"info","message":"⌛ Autocomplete - Send","timeElapsed":224,"timestamp":"2025-07-01T13:32:29.112Z"}
{"level":"info","message":"⌛ Validating menu.wlk","timeElapsed":2046,"timestamp":"2025-07-01T13:32:31.194Z"}
{"level":"info","message":"⌛ Building environment","timeElapsed":2446,"timestamp":"2025-07-01T13:34:47.595Z"}
{"level":"info","message":"⌛ Building environment","timeElapsed":876,"timestamp":"2025-07-01T13:34:48.747Z"}
{"level":"info","message":"⌛ Building environment","timeElapsed":1696,"timestamp":"2025-07-01T13:34:50.659Z"}
{"level":"info","message":"⌛ Building environment","timeElapsed":498,"timestamp":"2025-07-01T13:34:51.183Z"}
{"level":"info","message":"⌛ Building environment","timeElapsed":1664,"timestamp":"2025-07-01T13:34:52.985Z"}
{"level":"info","message":"⌛ Validating menu.wlk","timeElapsed":1660,"timestamp":"2025-07-01T13:34:55.070Z"}
{"level":"info","message":"⌛ Building environment","timeElapsed":722,"timestamp":"2025-07-01T13:34:55.825Z"}
{"level":"info","message":"⌛ Validating menu.wlk","timeElapsed":1955,"timestamp":"2025-07-01T13:34:57.885Z"}
{"level":"info","message":"⌛ Building environment","timeElapsed":808,"timestamp":"2025-07-01T13:34:58.781Z"}
{"level":"info","message":"⌛ Validating menu.wlk","timeElapsed":1622,"timestamp":"2025-07-01T13:35:00.633Z"}
{"level":"info","message":"⌛ Validating menu.wlk","timeElapsed":762,"timestamp":"2025-07-01T13:35:01.644Z"}
{"level":"info","message":"⌛ Building environment","timeElapsed":358,"timestamp":"2025-07-01T13:35:02.003Z"}
{"level":"info","message":"⌛ Validating menu.wlk","timeElapsed":412,"timestamp":"2025-07-01T13:35:02.448Z"}
{"level":"info","message":"⌛ Validating menu.wlk","timeElapsed":450,"timestamp":"2025-07-01T13:35:02.936Z"}
{"level":"info","message":"⌛ Validating menu.wlk","timeElapsed":632,"timestamp":"2025-07-01T13:35:03.595Z"}
{"level":"info","message":"⌛ Validating menu.wlk","timeElapsed":658,"timestamp":"2025-07-01T13:35:04.267Z"}
{"level":"info","message":"⌛ Building environment","timeElapsed":1910,"timestamp":"2025-07-01T13:35:16.851Z"}
{"level":"info","message":"⌛ Building environment","timeElapsed":1513,"timestamp":"2025-07-01T13:35:18.459Z"}
{"level":"info","message":"⌛ Building environment","timeElapsed":1723,"timestamp":"2025-07-01T13:35:21.012Z"}
{"level":"info","message":"⌛ Validating niveles.wlk","timeElapsed":2395,"timestamp":"2025-07-01T13:35:23.411Z"}
{"level":"info","message":"⌛ Building environment","timeElapsed":2291,"timestamp":"2025-07-01T13:35:25.833Z"}
{"level":"info","message":"⌛ Building environment","timeElapsed":784,"timestamp":"2025-07-01T13:35:26.651Z"}
{"level":"info","message":"⌛ Building environment","timeElapsed":729,"timestamp":"2025-07-01T13:35:27.532Z"}
{"level":"info","message":"⌛ Building environment","timeElapsed":493,"timestamp":"2025-07-01T13:35:28.027Z"}
{"level":"info","message":"⌛ Building environment","timeElapsed":705,"timestamp":"2025-07-01T13:35:28.734Z"}
{"level":"info","message":"⌛ Building environment","timeElapsed":517,"timestamp":"2025-07-01T13:35:29.313Z"}
{"level":"info","message":"⌛ Validating niveles.wlk","timeElapsed":641,"timestamp":"2025-07-01T13:35:30.221Z"}
{"level":"info","message":"⌛ Building environment","timeElapsed":566,"timestamp":"2025-07-01T13:35:30.807Z"}
{"level":"info","message":"⌛ Building environment","timeElapsed":738,"timestamp":"2025-07-01T13:35:31.545Z"}
{"level":"info","message":"⌛ Building environment","timeElapsed":349,"timestamp":"2025-07-01T13:35:31.947Z"}
{"level":"info","message":"⌛ Building environment","timeElapsed":324,"timestamp":"2025-07-01T13:35:32.279Z"}
{"level":"info","message":"⌛ Building environment","timeElapsed":425,"timestamp":"2025-07-01T13:35:32.706Z"}
{"level":"info","message":"⌛ Building environment","timeElapsed":329,"timestamp":"2025-07-01T13:35:33.122Z"}
{"level":"info","message":"⌛ Building environment","timeElapsed":420,"timestamp":"2025-07-01T13:35:33.577Z"}
{"level":"info","message":"⌛ Building environment","timeElapsed":1296,"timestamp":"2025-07-01T13:35:34.905Z"}
{"level":"info","message":"⌛ Validating niveles.wlk","timeElapsed":678,"timestamp":"2025-07-01T13:35:35.873Z"}
{"level":"info","message":"⌛ Building environment","timeElapsed":477,"timestamp":"2025-07-01T13:35:36.353Z"}
{"level":"info","message":"⌛ Building environment","timeElapsed":995,"timestamp":"2025-07-01T13:35:37.356Z"}
{"level":"info","message":"⌛ Building environment","timeElapsed":378,"timestamp":"2025-07-01T13:35:37.777Z"}
{"level":"info","message":"⌛ Building environment","timeElapsed":816,"timestamp":"2025-07-01T13:35:38.809Z"}
{"level":"info","message":"⌛ Validating niveles.wlk","timeElapsed":456,"timestamp":"2025-07-01T13:35:39.645Z"}
{"level":"info","message":"⌛ Validating niveles.wlk","timeElapsed":473,"timestamp":"2025-07-01T13:35:40.141Z"}
{"level":"info","message":"⌛ Validating niveles.wlk","timeElapsed":448,"timestamp":"2025-07-01T13:35:40.590Z"}
{"level":"info","message":"⌛ Building environment","timeElapsed":350,"timestamp":"2025-07-01T13:35:40.942Z"}
{"level":"info","message":"⌛ Validating niveles.wlk","timeElapsed":465,"timestamp":"2025-07-01T13:35:41.471Z"}
{"level":"info","message":"⌛ Building environment","timeElapsed":1033,"timestamp":"2025-07-01T13:35:42.515Z"}
{"level":"info","message":"⌛ Building environment","timeElapsed":1116,"timestamp":"2025-07-01T13:35:43.893Z"}
{"level":"info","message":"⌛ Validating niveles.wlk","timeElapsed":1120,"timestamp":"2025-07-01T13:35:45.042Z"}
{"level":"info","message":"⌛ Building environment","timeElapsed":555,"timestamp":"2025-07-01T13:35:45.680Z"}
{"level":"info","message":"⌛ Validating niveles.wlk","timeElapsed":626,"timestamp":"2025-07-01T13:35:46.353Z"}
{"level":"info","message":"⌛ Building environment","timeElapsed":343,"timestamp":"2025-07-01T13:35:46.698Z"}
{"level":"info","message":"⌛ Building environment","timeElapsed":368,"timestamp":"2025-07-01T13:35:47.114Z"}
{"level":"info","message":"⌛ Building environment","timeElapsed":462,"timestamp":"2025-07-01T13:35:47.626Z"}
{"level":"info","message":"⌛ Validating niveles.wlk","timeElapsed":569,"timestamp":"2025-07-01T13:35:48.345Z"}
{"level":"info","message":"⌛ Building environment","timeElapsed":996,"timestamp":"2025-07-01T13:35:49.351Z"}
{"level":"info","message":"⌛ Autocomplete - Singleton","timeElapsed":117,"timestamp":"2025-07-01T13:35:49.478Z"}
{"level":"info","message":"⌛ Validating niveles.wlk","timeElapsed":594,"timestamp":"2025-07-01T13:35:50.103Z"}
{"level":"info","message":"⌛ Validating niveles.wlk","timeElapsed":662,"timestamp":"2025-07-01T13:35:50.778Z"}
{"exitCode":"SIGHUP","level":"info","message":"👾 Game executed main.ArcaneBastion on c:\\Users\\estudiante\\FINAL4","timeElapsed":310580,"timestamp":"2025-07-01T13:35:51.796Z"}
{"level":"info","message":"⌛ Validating niveles.wlk","timeElapsed":1093,"timestamp":"2025-07-01T13:35:52.154Z"}
{"level":"info","message":"⌛ Validating niveles.wlk","timeElapsed":751,"timestamp":"2025-07-01T13:35:52.907Z"}
{"level":"error","message":"✘ Failed to get type description: Error: Failed to print, found malformed node Failed to print, found malformed node","node":{"id":"ec7a4aa7-dcd4-4d1f-b4b0-19bce34a30b7","members":[{"body":{"id":"e016101b-82f7-4d9f-a6f9-c225cfd53be1","metadata":[],"problems":[],"scope":{"containerScope":{"containerScope":{"containerScope":{"containerScope":{"contributions":{},"includedScopes":[]},"contributions":{},"includedScopes":[{"contributions":{},"includedScopes":[]},{"contributions":{},"includedScopes":[]},{"contributions":{},"includedScopes":[]},{"contributions":{},"includedScopes":[]}]},"contributions":{},"includedScopes":[{"containerScope":{"containerScope":{"containerScope":{"contributions":{},"includedScopes":[]},"contributions":{},"includedScopes":[]},"contributions":{},"includedScopes":[]},"contributions":{},"includedScopes":[]}]},"contributions":{},"includedScopes":[]},"contributions":{},"includedScopes":[]},"sentences":[{"id":"1bee16f4-49d5-471c-b255-93e3d533c3b3","metadata":[],"scope":{"containerScope":{"containerScope":{"containerScope":{"containerScope":{"containerScope":{"contributions":{},"includedScopes":[]},"contributions":{},"includedScopes":[{"contributions":{},"includedScopes":[]},{"contributions":{},"includedScopes":[]},{"contributions":{},"includedScopes":[]},{"contributions":{},"includedScopes":[]}]},"contributions":{},"includedScopes":[{"containerScope":{"containerScope":{"containerScope":{"contributions":{},"includedScopes":[]},"contributions":{},"includedScopes":[]},"contributions":{},"includedScopes":[]},"contributions":{},"includedScopes":[]}]},"contributions":{},"includedScopes":[]},"contributions":{},"includedScopes":[]},"contributions":{},"includedScopes":[]},"value":{"id":"042a60ab-53fc-48b1-b048-1422d8547865","metadata":[],"scope":{"containerScope":{"containerScope":{"containerScope":{"containerScope":{"containerScope":{"containerScope":{"contributions":{},"includedScopes":[]},"contributions":{},"includedScopes":[{"contributions":{},"includedScopes":[]},{"contributions":{},"includedScopes":[]},{"contributions":{},"includedScopes":[]},{"contributions":{},"includedScopes":[]}]},"contributions":{},"includedScopes":[{"containerScope":{"containerScope":{"containerScope":{"contributions":{},"includedScopes":[]},"contributions":{},"includedScopes":[]},"contributions":{},"includedScopes":[]},"contributions":{},"includedScopes":[]}]},"contributions":{},"includedScopes":[]},"contributions":{},"includedScopes":[]},"contributions":{},"includedScopes":[]},"contributions":{},"includedScopes":[]},"sourceMap":{"end":{"column":45,"line":34,"offset":1096},"start":{"column":22,"line":34,"offset":1073}},"value":"escenarioSurvival.png"}}],"sourceMap":{"end":{"column":45,"line":34,"offset":1096},"start":{"column":22,"line":34,"offset":1073}}},"compiled":false,"id":"a26d8392-be86-43b7-b54e-a10dfdc2746e","isOverride":false,"metadata":[],"name":"image","parameters":[],"problems":[],"scope":{"containerScope":{"containerScope":{"containerScope":{"contributions":{},"includedScopes":[]},"contributions":{},"includedScopes":[{"contributions":{},"includedScopes":[]},{"contributions":{},"includedScopes":[]},{"contributions":{},"includedScopes":[]},{"contributions":{},"includedScopes":[]}]},"contributions":{},"includedScopes":[{"containerScope":{"containerScope":{"containerScope":{"contributions":{},"includedScopes":[]},"contributions":{},"includedScopes":[]},"contributions":{},"includedScopes":[]},"contributions":{},"includedScopes":[]}]},"contributions":{},"includedScopes":[]},"sourceMap":{"end":{"column":45,"line":34,"offset":1096},"start":{"column":5,"line":34,"offset":1056}}},{"body":{"id":"0cbddb42-40cc-4a9a-aba2-9a3fe31d2842","metadata":[],"problems":[],"scope":{"containerScope":{"containerScope":{"containerScope":{"containerScope":{"contributions":{},"includedScopes":[]},"contributions":{},"includedScopes":[{"contributions":{},"includedScopes":[]},{"contributions":{},"includedScopes":[]},{"contributions":{},"includedScopes":[]},{"contributions":{},"includedScopes":[]}]},"contributions":{},"includedScopes":[{"containerScope":{"containerScope":{"containerScope":{"contributions":{},"includedScopes":[]},"contributions":{},"includedScopes":[]},"contributions":{},"includedScopes":[]},"contributions":{},"includedScopes":[]}]},"contributions":{},"includedScopes":[]},"contributions":{},"includedScopes":[]},"sentences":[{"args":[],"id":"1b490dd1-b480-46e8-9f5b-c1db97fc0485","message":"configTeclas","metadata":[],"receiver":{"id":"fc92b8ba-4063-4657-b14d-7d1ce9f93f3a","metadata":[{"args":{"position":"start","text":"//game.addVisual(self)"},"name":"comment"}],"name":"config","scope":{"containerScope":{"containerScope":{"containerScope":{"containerScope":{"containerScope":{"containerScope":{"contributions":{},"includedScopes":[]},"contributions":{},"includedScopes":[{"contributions":{},"includedScopes":[]},{"contributions":{},"includedScopes":[]},{"contributions":{},"includedScopes":[]},{"contributions":{},"includedScopes":[]}]},"contributions":{},"includedScopes":[{"containerScope":{"containerScope":{"containerScope":{"contributions":{},"includedScopes":[]},"contributions":{},"includedScopes":[]},"contributions":{},"includedScopes":[]},"contributions":{},"includedScopes":[]}]},"contributions":{},"includedScopes":[]},"contributions":{},"includedScopes":[]},"contributions":{},"includedScopes":[]},"contributions":{},"includedScopes":[]},"sourceMap":{"end":{"column":17,"line":38,"offset":1230},"start":{"column":11,"line":38,"offset":1224}}},"scope":{"containerScope":{"containerScope":{"containerScope":{"containerScope":{"containerScope":{"contributions":{},"includedScopes":[]},"contributions":{},"includedScopes":[{"contributions":{},"includedScopes":[]},{"contributions":{},"includedScopes":[]},{"contributions":{},"includedScopes":[]},{"contributions":{},"includedScopes":[]}]},"contributions":{},"includedScopes":[{"containerScope":{"containerScope":{"containerScope":{"contributions":{},"includedScopes":[]},"contributions":{},"includedScopes":[]},"contributions":{},"includedScopes":[]},"contributions":{},"includedScopes":[]}]},"contributions":{},"includedScopes":[]},"contributions":{},"includedScopes":[]},"contributions":{},"includedScopes":[]},"sourceMap":{"end":{"column":32,"line":38,"offset":1245},"start":{"column":11,"line":37,"offset":1190}}},{"args":[],"id":"dc121a62-540f-4aba-8343-00588a88da0a","message":"iniciar","metadata":[],"receiver":{"id":"a670a326-4a44-4a0a-a115-951b54c2be33","metadata":[],"name":"magoProtagonista","scope":{"containerScope":{"containerScope":{"containerScope":{"containerScope":{"containerScope":{"containerScope":{"contributions":{},"includedScopes":[]},"contributions":{},"includedScopes":[{"contributions":{},"includedScopes":[]},{"contributions":{},"includedScopes":[]},{"contributions":{},"includedScopes":[]},{"contributions":{},"includedScopes":[]}]},"contributions":{},"includedScopes":[{"containerScope":{"containerScope":{"containerScope":{"contributions":{},"includedScopes":[]},"contributions":{},"includedScopes":[]},"contributions":{},"includedScopes":[]},"contributions":{},"includedScopes":[]}]},"contributions":{},"includedScopes":[]},"contributions":{},"includedScopes":[]},"contributions":{},"includedScopes":[]},"contributions":{},"includedScopes":[]},"sourceMap":{"end":{"column":27,"line":39,"offset":1273},"start":{"column":11,"line":39,"offset":1257}}},"scope":{"containerScope":{"containerScope":{"containerScope":{"containerScope":{"containerScope":{"contributions":{},"includedScopes":[]},"contributions":{},"includedScopes":[{"contributions":{},"includedScopes":[]},{"contributions":{},"includedScopes":[]},{"contributions":{},"includedScopes":[]},{"contributions":{},"includedScopes":[]}]},"contributions":{},"includedScopes":[{"containerScope":{"containerScope":{"containerScope":{"contributions":{},"includedScopes":[]},"contributions":{},"includedScopes":[]},"contributions":{},"includedScopes":[]},"contributions":{},"includedScopes":[]}]},"contributions":{},"includedScopes":[]},"contributions":{},"includedScopes":[]},"contributions":{},"includedScopes":[]},"sourceMap":{"end":{"column":37,"line":39,"offset":1283},"start":{"column":10,"line":39,"offset":1257}}},{"args":[{"id":"91641dd0-17c2-4167-ba45-bf065f0b8162","metadata":[],"scope":{"containerScope":{"containerScope":{"containerScope":{"containerScope":{"containerScope":{"containerScope":{"contributions":{},"includedScopes":[]},"contributions":{},"includedScopes":[{"contributions":{},"includedScopes":[]},{"contributions":{},"includedScopes":[]},{"contributions":{},"includedScopes":[]},{"contributions":{},"includedScopes":[]}]},"contributions":{},"includedScopes":[{"containerScope":{"containerScope":{"containerScope":{"contributions":{},"includedScopes":[]},"contributions":{},"includedScopes":[]},"contributions":{},"includedScopes":[]},"contributions":{},"includedScopes":[]}]},"contributions":{},"includedScopes":[]},"contributions":{},"includedScopes":[]},"contributions":{},"includedScopes":[]},"contributions":{},"includedScopes":[]},"sourceMap":{"end":{"column":108,"line":40,"offset":1392},"start":{"column":48,"line":40,"offset":1332}},"value":[{"id":"7c60bae6-5eee-417a-9194-d9de8d2a42a9","metadata":[],"name":"wollok.lang.List","scope":{"containerScope":{"containerScope":{"containerScope":{"containerScope":{"containerScope":{"containerScope":{"containerScope":{"contributions":{},"includedScopes":[]},"contributions":{},"includedScopes":[{"contributions":{},"includedScopes":[]},{"contributions":{},"includedScopes":[]},{"contributions":{},"includedScopes":[]},{"contributions":{},"includedScopes":[]}]},"contributions":{},"includedScopes":[{"containerScope":{"containerScope":{"containerScope":{"contributions":{},"includedScopes":[]},"contributions":{},"includedScopes":[]},"contributions":{},"includedScopes":[]},"contributions":{},"includedScopes":[]}]},"contributions":{},"includedScopes":[]},"contributions":{},"includedScopes":[]},"contributions":{},"includedScopes":[]},"contributions":{},"includedScopes":[]},"contributions":{},"includedScopes":[]}},[{"id":"c4edcbcd-c8aa-49af-b061-df586004e5ea","metadata":[],"name":"arbolMaldito","scope":{"containerScope":{"containerScope":{"containerScope":{"containerScope":{"containerScope":{"containerScope":{"containerScope":{"contributions":{},"includedScopes":[]},"contributions":{},"includedScopes":[{"contributions":{},"includedScopes":[]},{"contributions":{},"includedScopes":[]},{"contributions":{},"includedScopes":[]},{"contributions":{},"includedScopes":[]}]},"contributions":{},"includedScopes":[{"containerScope":{"containerScope":{"containerScope":{"contributions":{},"includedScopes":[]},"contributions":{},"includedScopes":[]},"contributions":{},"includedScopes":[]},"contributions":{},"includedScopes":[]}]},"contributions":{},"includedScopes":[]},"contributions":{},"includedScopes":[]},"contributions":{},"includedScopes":[]},"contributions":{},"includedScopes":[]},"contributions":{},"includedScopes":[]},"sourceMap":{"end":{"column":61,"line":40,"offset":1345},"start":{"column":49,"line":40,"offset":1333}}},{"id":"55eb57de-7496-4953-b3f5-64182b38e83b","metadata":[],"name":"dragon","scope":{"containerScope":{"containerScope":{"containerScope":{"containerScope":{"containerScope":{"containerScope":{"containerScope":{"contributions":{},"includedScopes":[]},"contributions":{},"includedScopes":[{"contributions":{},"includedScopes":[]},{"contributions":{},"includedScopes":[]},{"contributions":{},"includedScopes":[]},{"contributions":{},"includedScopes":[]}]},"contributions":{},"includedScopes":[{"containerScope":{"containerScope":{"containerScope":{"contributions":{},"includedScopes":[]},"contributions":{},"includedScopes":[]},"contributions":{},"includedScopes":[]},"contributions":{},"includedScopes":[]}]},"contributions":{},"includedScopes":[]},"contributions":{},"includedScopes":[]},"contributions":{},"includedScopes":[]},"contributions":{},"includedScopes":[]},"contributions":{},"includedScopes":[]},"sourceMap":{"end":{"column":69,"line":40,"offset":1353},"start":{"column":63,"line":40,"offset":1347}}},{"id":"af5096a5-4b3c-4291-8786-34fd773f43f7","metadata":[],"name":"dragon","scope":{"containerScope":{"containerScope":{"containerScope":{"containerScope":{"containerScope":{"containerScope":{"containerScope":{"contributions":{},"includedScopes":[]},"contributions":{},"includedScopes":[{"contributions":{},"includedScopes":[]},{"contributions":{},"includedScopes":[]},{"contributions":{},"includedScopes":[]},{"contributions":{},"includedScopes":[]}]},"contributions":{},"includedScopes":[{"containerScope":{"containerScope":{"containerScope":{"contributions":{},"includedScopes":[]},"contributions":{},"includedScopes":[]},"contributions":{},"includedScopes":[]},"contributions":{},"includedScopes":[]}]},"contributions":{},"includedScopes":[]},"contributions":{},"includedScopes":[]},"contributions":{},"includedScopes":[]},"contributions":{},"includedScopes":[]},"contributions":{},"includedScopes":[]},"sourceMap":{"end":{"column":77,"line":40,"offset":1361},"start":{"column":71,"line":40,"offset":1355}}},{"id":"a4d1eaf2-7c65-4067-94db-afd94964351f","metadata":[],"name":"arbolMaldito","scope":{"containerScope":{"containerScope":{"containerScope":{"containerScope":{"containerScope":{"containerScope":{"containerScope":{"contributions":{},"includedScopes":[]},"contributions":{},"includedScopes":[{"contributions":{},"includedScopes":[]},{"contributions":{},"includedScopes":[]},{"contributions":{},"includedScopes":[]},{"contributions":{},"includedScopes":[]}]},"contributions":{},"includedScopes":[{"containerScope":{"containerScope":{"containerScope":{"contributions":{},"includedScopes":[]},"contributions":{},"includedScopes":[]},"contributions":{},"includedScopes":[]},"contributions":{},"includedScopes":[]}]},"contributions":{},"includedScopes":[]},"contributions":{},"includedScopes":[]},"contributions":{},"includedScopes":[]},"contributions":{},"includedScopes":[]},"contributions":{},"includedScopes":[]},"sourceMap":{"end":{"column":91,"line":40,"offset":1375},"start":{"column":79,"line":40,"offset":1363}}},{"id":"83ae9d1d-b9e4-459e-9c31-c59e96b53c53","metadata":[],"name":"dragon","scope":{"containerScope":{"containerScope":{"containerScope":{"containerScope":{"containerScope":{"containerScope":{"containerScope":{"contributions":{},"includedScopes":[]},"contributions":{},"includedScopes":[{"contributions":{},"includedScopes":[]},{"contributions":{},"includedScopes":[]},{"contributions":{},"includedScopes":[]},{"contributions":{},"includedScopes":[]}]},"contributions":{},"includedScopes":[{"containerScope":{"containerScope":{"containerScope":{"contributions":{},"includedScopes":[]},"contributions":{},"includedScopes":[]},"contributions":{},"includedScopes":[]},"contributions":{},"includedScopes":[]}]},"contributions":{},"includedScopes":[]},"contributions":{},"includedScopes":[]},"contributions":{},"includedScopes":[]},"contributions":{},"includedScopes":[]},"contributions":{},"includedScopes":[]},"sourceMap":{"end":{"column":99,"line":40,"offset":1383},"start":{"column":93,"line":40,"offset":1377}}},{"id":"002d51de-4e2d-4012-bd3a-7ee32d431678","metadata":[],"name":"dragon","scope":{"containerScope":{"containerScope":{"containerScope":{"containerScope":{"containerScope":{"containerScope":{"containerScope":{"contributions":{},"includedScopes":[]},"contributions":{},"includedScopes":[{"contributions":{},"includedScopes":[]},{"contributions":{},"includedScopes":[]},{"contributions":{},"includedScopes":[]},{"contributions":{},"includedScopes":[]}]},"contributions":{},"includedScopes":[{"containerScope":{"containerScope":{"containerScope":{"contributions":{},"includedScopes":[]},"contributions":{},"includedScopes":[]},"contributions":{},"includedScopes":[]},"contributions":{},"includedScopes":[]}]},"contributions":{},"includedScopes":[]},"contributions":{},"includedScopes":[]},"contributions":{},"includedScopes":[]},"contributions":{},"includedScopes":[]},"contributions":{},"includedScopes":[]},"sourceMap":{"end":{"column":107,"line":40,"offset":1391},"start":{"column":101,"line":40,"offset":1385}}}]]}],"id":"cb146e9b-5165-4f35-837f-ee411edc105c","message":"iniciarOleada","metadata":[],"receiver":{"id":"def568eb-77f2-4b8a-a084-4043fd505038","metadata":[],"name":"administradorDeOleadas","scope":{"containerScope":{"containerScope":{"containerScope":{"containerScope":{"containerScope":{"containerScope":{"contributions":{},"includedScopes":[]},"contributions":{},"includedScopes":[{"contributions":{},"includedScopes":[]},{"contributions":{},"includedScopes":[]},{"contributions":{},"includedScopes":[]},{"contributions":{},"includedScopes":[]}]},"contributions":{},"includedScopes":[{"containerScope":{"containerScope":{"containerScope":{"contributions":{},"includedScopes":[]},"contributions":{},"includedScopes":[]},"contributions":{},"includedScopes":[]},"contributions":{},"includedScopes":[]}]},"contributions":{},"includedScopes":[]},"contributions":{},"includedScopes":[]},"contributions":{},"includedScopes":[]},"contributions":{},"includedScopes":[]},"sourceMap":{"end":{"column":33,"line":40,"offset":1317},"start":{"column":11,"line":40,"offset":1295}}},"scope":{"containerScope":{"containerScope":{"containerScope":{"containerScope":{"containerScope":{"contributions":{},"includedScopes":[]},"contributions":{},"includedScopes":[{"contributions":{},"includedScopes":[]},{"contributions":{},"includedScopes":[]},{"contributions":{},"includedScopes":[]},{"contributions":{},"includedScopes":[]}]},"contributions":{},"includedScopes":[{"containerScope":{"containerScope":{"containerScope":{"contributions":{},"includedScopes":[]},"contributions":{},"includedScopes":[]},"contributions":{},"includedScopes":[]},"contributions":{},"includedScopes":[]}]},"contributions":{},"includedScopes":[]},"contributions":{},"includedScopes":[]},"contributions":{},"includedScopes":[]},"sourceMap":{"end":{"column":109,"line":40,"offset":1393},"start":{"column":10,"line":40,"offset":1295}}}],"sourceMap":{"end":{"column":6,"line":41,"offset":1400},"start":{"column":27,"line":36,"offset":1177}}},"compiled":false,"id":"aae1ad5e-b92f-4417-a2dd-11568f64bad7","isOverride":false,"metadata":[],"name":"iniciarNivel","parameters":[],"problems":[],"scope":{"containerScope":{"containerScope":{"containerScope":{"contributions":{},"includedScopes":[]},"contributions":{},"includedScopes":[{"contributions":{},"includedScopes":[]},{"contributions":{},"includedScopes":[]},{"contributions":{},"includedScopes":[]},{"contributions":{},"includedScopes":[]}]},"contributions":{},"includedScopes":[{"containerScope":{"containerScope":{"containerScope":{"contributions":{},"includedScopes":[]},"contributions":{},"includedScopes":[]},"contributions":{},"includedScopes":[]},"contributions":{},"includedScopes":[]}]},"contributions":{},"includedScopes":[]},"sourceMap":{"end":{"column":6,"line":41,"offset":1400},"start":{"column":5,"line":36,"offset":1155}}}],"metadata":[],"name":"nivelSurvival","problems":[{"code":"malformedMember","sourceMap":{"end":{"column":52,"line":35,"offset":1149},"start":{"column":5,"line":35,"offset":1102}}}],"scope":{"containerScope":{"containerScope":{"contributions":{},"includedScopes":[]},"contributions":{},"includedScopes":[{"contributions":{},"includedScopes":[]},{"contributions":{},"includedScopes":[]},{"contributions":{},"includedScopes":[]},{"contributions":{},"includedScopes":[]}]},"contributions":{},"includedScopes":[{"containerScope":{"containerScope":{"containerScope":{"contributions":{},"includedScopes":[]},"contributions":{},"includedScopes":[]},"contributions":{},"includedScopes":[]},"contributions":{},"includedScopes":[]}]},"sourceMap":{"end":{"column":2,"line":42,"offset":1403},"start":{"column":1,"line":33,"offset":1029}},"supertypes":[]},"stack":"Error: Failed to print, found malformed node\n    at c:\\Users\\estudiante\\.vscode\\extensions\\uqbar.wollok-lsp-ide-0.5.2\\out\\server\\src\\server.js:68:3585\n    at jbn (c:\\Users\\estudiante\\.vscode\\extensions\\uqbar.wollok-lsp-ide-0.5.2\\out\\server\\src\\server.js:68:3396)\n    at c:\\Users\\estudiante\\.vscode\\extensions\\uqbar.wollok-lsp-ide-0.5.2\\out\\server\\src\\server.js:2371:847\n    at c:\\Users\\estudiante\\.vscode\\extensions\\uqbar.wollok-lsp-ide-0.5.2\\out\\server\\src\\server.js:2371:8440\n    at c:\\Users\\estudiante\\.vscode\\extensions\\uqbar.wollok-lsp-ide-0.5.2\\out\\server\\src\\server.js:37:74770\n    at Ye (c:\\Users\\estudiante\\.vscode\\extensions\\uqbar.wollok-lsp-ide-0.5.2\\out\\server\\src\\server.js:7:8527)\n    at Dt (c:\\Users\\estudiante\\.vscode\\extensions\\uqbar.wollok-lsp-ide-0.5.2\\out\\server\\src\\server.js:7:6189)\n    at Zi (c:\\Users\\estudiante\\.vscode\\extensions\\uqbar.wollok-lsp-ide-0.5.2\\out\\server\\src\\server.js:7:6378)\n    at Immediate._onImmediate (c:\\Users\\estudiante\\.vscode\\extensions\\uqbar.wollok-lsp-ide-0.5.2\\out\\server\\src\\server.js:7:6142)\n    at process.processImmediate (node:internal/timers:485:21)","timestamp":"2025-07-01T13:35:53.069Z"}
{"level":"info","message":"⌛ Validating niveles.wlk","timeElapsed":444,"timestamp":"2025-07-01T13:35:53.523Z"}
{"level":"info","message":"⌛ Validating niveles.wlk","timeElapsed":609,"timestamp":"2025-07-01T13:35:54.135Z"}
{"level":"info","message":"⌛ Building environment","timeElapsed":2143,"timestamp":"2025-07-01T13:35:56.306Z"}
{"level":"info","message":"⌛ Building environment","timeElapsed":469,"timestamp":"2025-07-01T13:35:56.925Z"}
{"level":"info","message":"⌛ Validating niveles.wlk","timeElapsed":720,"timestamp":"2025-07-01T13:35:57.691Z"}
{"level":"info","message":"⌛ Validating niveles.wlk","timeElapsed":503,"timestamp":"2025-07-01T13:35:58.729Z"}
{"level":"info","message":"⌛ Validating niveles.wlk","timeElapsed":477,"timestamp":"2025-07-01T13:35:59.208Z"}
{"level":"info","message":"⌛ Validating niveles.wlk","timeElapsed":419,"timestamp":"2025-07-01T13:35:59.629Z"}
{"level":"error","message":"✘ Failed to get type description: Error: Failed to print, found malformed node Failed to print, found malformed node","node":{"id":"c45b7cf1-eb39-476a-a6c6-e9001ec3a077","members":[{"body":{"id":"dcae67e3-a245-4629-9ad1-1e4422c11afc","metadata":[],"problems":[],"scope":{"containerScope":{"containerScope":{"containerScope":{"containerScope":{"contributions":{},"includedScopes":[]},"contributions":{},"includedScopes":[{"contributions":{},"includedScopes":[]},{"contributions":{},"includedScopes":[]},{"contributions":{},"includedScopes":[]},{"contributions":{},"includedScopes":[]}]},"contributions":{},"includedScopes":[{"containerScope":{"containerScope":{"containerScope":{"contributions":{},"includedScopes":[]},"contributions":{},"includedScopes":[]},"contributions":{},"includedScopes":[]},"contributions":{},"includedScopes":[]}]},"contributions":{},"includedScopes":[]},"contributions":{},"includedScopes":[]},"sentences":[{"id":"67110272-66de-41fe-b074-7568e8308646","metadata":[],"scope":{"containerScope":{"containerScope":{"containerScope":{"containerScope":{"containerScope":{"contributions":{},"includedScopes":[]},"contributions":{},"includedScopes":[{"contributions":{},"includedScopes":[]},{"contributions":{},"includedScopes":[]},{"contributions":{},"includedScopes":[]},{"contributions":{},"includedScopes":[]}]},"contributions":{},"includedScopes":[{"containerScope":{"containerScope":{"containerScope":{"contributions":{},"includedScopes":[]},"contributions":{},"includedScopes":[]},"contributions":{},"includedScopes":[]},"contributions":{},"includedScopes":[]}]},"contributions":{},"includedScopes":[]},"contributions":{},"includedScopes":[]},"contributions":{},"includedScopes":[]},"value":{"id":"a11de095-2aac-466d-85a9-206cc4ed324e","metadata":[],"scope":{"containerScope":{"containerScope":{"containerScope":{"containerScope":{"containerScope":{"containerScope":{"contributions":{},"includedScopes":[]},"contributions":{},"includedScopes":[{"contributions":{},"includedScopes":[]},{"contributions":{},"includedScopes":[]},{"contributions":{},"includedScopes":[]},{"contributions":{},"includedScopes":[]}]},"contributions":{},"includedScopes":[{"containerScope":{"containerScope":{"containerScope":{"contributions":{},"includedScopes":[]},"contributions":{},"includedScopes":[]},"contributions":{},"includedScopes":[]},"contributions":{},"includedScopes":[]}]},"contributions":{},"includedScopes":[]},"contributions":{},"includedScopes":[]},"contributions":{},"includedScopes":[]},"contributions":{},"includedScopes":[]},"sourceMap":{"end":{"column":45,"line":34,"offset":1096},"start":{"column":22,"line":34,"offset":1073}},"value":"escenarioSurvival.png"}}],"sourceMap":{"end":{"column":45,"line":34,"offset":1096},"start":{"column":22,"line":34,"offset":1073}}},"compiled":false,"id":"6e9961af-ae26-415d-b272-21a55d4f038f","isOverride":false,"metadata":[],"name":"image","parameters":[],"problems":[],"scope":{"containerScope":{"containerScope":{"containerScope":{"contributions":{},"includedScopes":[]},"contributions":{},"includedScopes":[{"contributions":{},"includedScopes":[]},{"contributions":{},"includedScopes":[]},{"contributions":{},"includedScopes":[]},{"contributions":{},"includedScopes":[]}]},"contributions":{},"includedScopes":[{"containerScope":{"containerScope":{"containerScope":{"contributions":{},"includedScopes":[]},"contributions":{},"includedScopes":[]},"contributions":{},"includedScopes":[]},"contributions":{},"includedScopes":[]}]},"contributions":{},"includedScopes":[]},"sourceMap":{"end":{"column":45,"line":34,"offset":1096},"start":{"column":5,"line":34,"offset":1056}}},{"body":{"id":"1bc009c1-8899-4bbb-a1ef-a848382c7f4f","metadata":[],"problems":[],"scope":{"containerScope":{"containerScope":{"containerScope":{"containerScope":{"contributions":{},"includedScopes":[]},"contributions":{},"includedScopes":[{"contributions":{},"includedScopes":[]},{"contributions":{},"includedScopes":[]},{"contributions":{},"includedScopes":[]},{"contributions":{},"includedScopes":[]}]},"contributions":{},"includedScopes":[{"containerScope":{"containerScope":{"containerScope":{"contributions":{},"includedScopes":[]},"contributions":{},"includedScopes":[]},"contributions":{},"includedScopes":[]},"contributions":{},"includedScopes":[]}]},"contributions":{},"includedScopes":[]},"contributions":{},"includedScopes":[]},"sentences":[{"args":[],"id":"5c2c69f4-42de-4148-a039-80d4d7ad9111","message":"configTeclas","metadata":[],"receiver":{"id":"8d8bfaf5-9496-4f75-9894-18412c2e152a","metadata":[{"args":{"position":"start","text":"//game.addVisual(self)"},"name":"comment"}],"name":"config","scope":{"containerScope":{"containerScope":{"containerScope":{"containerScope":{"containerScope":{"containerScope":{"contributions":{},"includedScopes":[]},"contributions":{},"includedScopes":[{"contributions":{},"includedScopes":[]},{"contributions":{},"includedScopes":[]},{"contributions":{},"includedScopes":[]},{"contributions":{},"includedScopes":[]}]},"contributions":{},"includedScopes":[{"containerScope":{"containerScope":{"containerScope":{"contributions":{},"includedScopes":[]},"contributions":{},"includedScopes":[]},"contributions":{},"includedScopes":[]},"contributions":{},"includedScopes":[]}]},"contributions":{},"includedScopes":[]},"contributions":{},"includedScopes":[]},"contributions":{},"includedScopes":[]},"contributions":{},"includedScopes":[]},"sourceMap":{"end":{"column":17,"line":38,"offset":1228},"start":{"column":11,"line":38,"offset":1222}}},"scope":{"containerScope":{"containerScope":{"containerScope":{"containerScope":{"containerScope":{"contributions":{},"includedScopes":[]},"contributions":{},"includedScopes":[{"contributions":{},"includedScopes":[]},{"contributions":{},"includedScopes":[]},{"contributions":{},"includedScopes":[]},{"contributions":{},"includedScopes":[]}]},"contributions":{},"includedScopes":[{"containerScope":{"containerScope":{"containerScope":{"contributions":{},"includedScopes":[]},"contributions":{},"includedScopes":[]},"contributions":{},"includedScopes":[]},"contributions":{},"includedScopes":[]}]},"contributions":{},"includedScopes":[]},"contributions":{},"includedScopes":[]},"contributions":{},"includedScopes":[]},"sourceMap":{"end":{"column":32,"line":38,"offset":1243},"start":{"column":11,"line":37,"offset":1188}}},{"args":[],"id":"584d6c3c-78fd-4186-ac2a-68e6cab881e6","message":"iniciar","metadata":[],"receiver":{"id":"c9abf2af-12e2-45cd-b0d0-d150f27ee7fb","metadata":[],"name":"magoProtagonista","scope":{"containerScope":{"containerScope":{"containerScope":{"containerScope":{"containerScope":{"containerScope":{"contributions":{},"includedScopes":[]},"contributions":{},"includedScopes":[{"contributions":{},"includedScopes":[]},{"contributions":{},"includedScopes":[]},{"contributions":{},"includedScopes":[]},{"contributions":{},"includedScopes":[]}]},"contributions":{},"includedScopes":[{"containerScope":{"containerScope":{"containerScope":{"contributions":{},"includedScopes":[]},"contributions":{},"includedScopes":[]},"contributions":{},"includedScopes":[]},"contributions":{},"includedScopes":[]}]},"contributions":{},"includedScopes":[]},"contributions":{},"includedScopes":[]},"contributions":{},"includedScopes":[]},"contributions":{},"includedScopes":[]},"sourceMap":{"end":{"column":27,"line":39,"offset":1271},"start":{"column":11,"line":39,"offset":1255}}},"scope":{"containerScope":{"containerScope":{"containerScope":{"containerScope":{"containerScope":{"contributions":{},"includedScopes":[]},"contributions":{},"includedScopes":[{"contributions":{},"includedScopes":[]},{"contributions":{},"includedScopes":[]},{"contributions":{},"includedScopes":[]},{"contributions":{},"includedScopes":[]}]},"contributions":{},"includedScopes":[{"containerScope":{"containerScope":{"containerScope":{"contributions":{},"includedScopes":[]},"contributions":{},"includedScopes":[]},"contributions":{},"includedScopes":[]},"contributions":{},"includedScopes":[]}]},"contributions":{},"includedScopes":[]},"contributions":{},"includedScopes":[]},"contributions":{},"includedScopes":[]},"sourceMap":{"end":{"column":37,"line":39,"offset":1281},"start":{"column":10,"line":39,"offset":1255}}},{"args":[{"id":"b349906c-550e-421e-b5e5-2364953f7f49","metadata":[],"scope":{"containerScope":{"containerScope":{"containerScope":{"containerScope":{"containerScope":{"containerScope":{"contributions":{},"includedScopes":[]},"contributions":{},"includedScopes":[{"contributions":{},"includedScopes":[]},{"contributions":{},"includedScopes":[]},{"contributions":{},"includedScopes":[]},{"contributions":{},"includedScopes":[]}]},"contributions":{},"includedScopes":[{"containerScope":{"containerScope":{"containerScope":{"contributions":{},"includedScopes":[]},"contributions":{},"includedScopes":[]},"contributions":{},"includedScopes":[]},"contributions":{},"includedScopes":[]}]},"contributions":{},"includedScopes":[]},"contributions":{},"includedScopes":[]},"contributions":{},"includedScopes":[]},"contributions":{},"includedScopes":[]},"sourceMap":{"end":{"column":108,"line":40,"offset":1390},"start":{"column":48,"line":40,"offset":1330}},"value":[{"id":"b64c9661-94b9-46be-bb7f-838a02ff0f5e","metadata":[],"name":"wollok.lang.List","scope":{"containerScope":{"containerScope":{"containerScope":{"containerScope":{"containerScope":{"containerScope":{"containerScope":{"contributions":{},"includedScopes":[]},"contributions":{},"includedScopes":[{"contributions":{},"includedScopes":[]},{"contributions":{},"includedScopes":[]},{"contributions":{},"includedScopes":[]},{"contributions":{},"includedScopes":[]}]},"contributions":{},"includedScopes":[{"containerScope":{"containerScope":{"containerScope":{"contributions":{},"includedScopes":[]},"contributions":{},"includedScopes":[]},"contributions":{},"includedScopes":[]},"contributions":{},"includedScopes":[]}]},"contributions":{},"includedScopes":[]},"contributions":{},"includedScopes":[]},"contributions":{},"includedScopes":[]},"contributions":{},"includedScopes":[]},"contributions":{},"includedScopes":[]}},[{"id":"51ce2b63-a6f3-40e8-8c5e-a60da71937de","metadata":[],"name":"arbolMaldito","scope":{"containerScope":{"containerScope":{"containerScope":{"containerScope":{"containerScope":{"containerScope":{"containerScope":{"contributions":{},"includedScopes":[]},"contributions":{},"includedScopes":[{"contributions":{},"includedScopes":[]},{"contributions":{},"includedScopes":[]},{"contributions":{},"includedScopes":[]},{"contributions":{},"includedScopes":[]}]},"contributions":{},"includedScopes":[{"containerScope":{"containerScope":{"containerScope":{"contributions":{},"includedScopes":[]},"contributions":{},"includedScopes":[]},"contributions":{},"includedScopes":[]},"contributions":{},"includedScopes":[]}]},"contributions":{},"includedScopes":[]},"contributions":{},"includedScopes":[]},"contributions":{},"includedScopes":[]},"contributions":{},"includedScopes":[]},"contributions":{},"includedScopes":[]},"sourceMap":{"end":{"column":61,"line":40,"offset":1343},"start":{"column":49,"line":40,"offset":1331}}},{"id":"581719e9-8327-4297-b30a-62128a20c8dc","metadata":[],"name":"dragon","scope":{"containerScope":{"containerScope":{"containerScope":{"containerScope":{"containerScope":{"containerScope":{"containerScope":{"contributions":{},"includedScopes":[]},"contributions":{},"includedScopes":[{"contributions":{},"includedScopes":[]},{"contributions":{},"includedScopes":[]},{"contributions":{},"includedScopes":[]},{"contributions":{},"includedScopes":[]}]},"contributions":{},"includedScopes":[{"containerScope":{"containerScope":{"containerScope":{"contributions":{},"includedScopes":[]},"contributions":{},"includedScopes":[]},"contributions":{},"includedScopes":[]},"contributions":{},"includedScopes":[]}]},"contributions":{},"includedScopes":[]},"contributions":{},"includedScopes":[]},"contributions":{},"includedScopes":[]},"contributions":{},"includedScopes":[]},"contributions":{},"includedScopes":[]},"sourceMap":{"end":{"column":69,"line":40,"offset":1351},"start":{"column":63,"line":40,"offset":1345}}},{"id":"0a736693-906d-4d0d-ba24-f31c060e5b2c","metadata":[],"name":"dragon","scope":{"containerScope":{"containerScope":{"containerScope":{"containerScope":{"containerScope":{"containerScope":{"containerScope":{"contributions":{},"includedScopes":[]},"contributions":{},"includedScopes":[{"contributions":{},"includedScopes":[]},{"contributions":{},"includedScopes":[]},{"contributions":{},"includedScopes":[]},{"contributions":{},"includedScopes":[]}]},"contributions":{},"includedScopes":[{"containerScope":{"containerScope":{"containerScope":{"contributions":{},"includedScopes":[]},"contributions":{},"includedScopes":[]},"contributions":{},"includedScopes":[]},"contributions":{},"includedScopes":[]}]},"contributions":{},"includedScopes":[]},"contributions":{},"includedScopes":[]},"contributions":{},"includedScopes":[]},"contributions":{},"includedScopes":[]},"contributions":{},"includedScopes":[]},"sourceMap":{"end":{"column":77,"line":40,"offset":1359},"start":{"column":71,"line":40,"offset":1353}}},{"id":"fa0848ad-6ee1-45b3-b489-757ee874f1e7","metadata":[],"name":"arbolMaldito","scope":{"containerScope":{"containerScope":{"containerScope":{"containerScope":{"containerScope":{"containerScope":{"containerScope":{"contributions":{},"includedScopes":[]},"contributions":{},"includedScopes":[{"contributions":{},"includedScopes":[]},{"contributions":{},"includedScopes":[]},{"contributions":{},"includedScopes":[]},{"contributions":{},"includedScopes":[]}]},"contributions":{},"includedScopes":[{"containerScope":{"containerScope":{"containerScope":{"contributions":{},"includedScopes":[]},"contributions":{},"includedScopes":[]},"contributions":{},"includedScopes":[]},"contributions":{},"includedScopes":[]}]},"contributions":{},"includedScopes":[]},"contributions":{},"includedScopes":[]},"contributions":{},"includedScopes":[]},"contributions":{},"includedScopes":[]},"contributions":{},"includedScopes":[]},"sourceMap":{"end":{"column":91,"line":40,"offset":1373},"start":{"column":79,"line":40,"offset":1361}}},{"id":"de7f6c28-cd7e-4684-ac4d-3621a9f5b245","metadata":[],"name":"dragon","scope":{"containerScope":{"containerScope":{"containerScope":{"containerScope":{"containerScope":{"containerScope":{"containerScope":{"contributions":{},"includedScopes":[]},"contributions":{},"includedScopes":[{"contributions":{},"includedScopes":[]},{"contributions":{},"includedScopes":[]},{"contributions":{},"includedScopes":[]},{"contributions":{},"includedScopes":[]}]},"contributions":{},"includedScopes":[{"containerScope":{"containerScope":{"containerScope":{"contributions":{},"includedScopes":[]},"contributions":{},"includedScopes":[]},"contributions":{},"includedScopes":[]},"contributions":{},"includedScopes":[]}]},"contributions":{},"includedScopes":[]},"contributions":{},"includedScopes":[]},"contributions":{},"includedScopes":[]},"contributions":{},"includedScopes":[]},"contributions":{},"includedScopes":[]},"sourceMap":{"end":{"column":99,"line":40,"offset":1381},"start":{"column":93,"line":40,"offset":1375}}},{"id":"471f531d-e443-496b-aed6-b03e05ada3e6","metadata":[],"name":"dragon","scope":{"containerScope":{"containerScope":{"containerScope":{"containerScope":{"containerScope":{"containerScope":{"containerScope":{"contributions":{},"includedScopes":[]},"contributions":{},"includedScopes":[{"contributions":{},"includedScopes":[]},{"contributions":{},"includedScopes":[]},{"contributions":{},"includedScopes":[]},{"contributions":{},"includedScopes":[]}]},"contributions":{},"includedScopes":[{"containerScope":{"containerScope":{"containerScope":{"contributions":{},"includedScopes":[]},"contributions":{},"includedScopes":[]},"contributions":{},"includedScopes":[]},"contributions":{},"includedScopes":[]}]},"contributions":{},"includedScopes":[]},"contributions":{},"includedScopes":[]},"contributions":{},"includedScopes":[]},"contributions":{},"includedScopes":[]},"contributions":{},"includedScopes":[]},"sourceMap":{"end":{"column":107,"line":40,"offset":1389},"start":{"column":101,"line":40,"offset":1383}}}]]}],"id":"e59294db-02b6-45aa-8f1b-9999e5e6231d","message":"iniciarOleada","metadata":[],"receiver":{"id":"13940973-2646-4c75-9838-643df3ba449b","metadata":[],"name":"administradorDeOleadas","scope":{"containerScope":{"containerScope":{"containerScope":{"containerScope":{"containerScope":{"containerScope":{"contributions":{},"includedScopes":[]},"contributions":{},"includedScopes":[{"contributions":{},"includedScopes":[]},{"contributions":{},"includedScopes":[]},{"contributions":{},"includedScopes":[]},{"contributions":{},"includedScopes":[]}]},"contributions":{},"includedScopes":[{"containerScope":{"containerScope":{"containerScope":{"contributions":{},"includedScopes":[]},"contributions":{},"includedScopes":[]},"contributions":{},"includedScopes":[]},"contributions":{},"includedScopes":[]}]},"contributions":{},"includedScopes":[]},"contributions":{},"includedScopes":[]},"contributions":{},"includedScopes":[]},"contributions":{},"includedScopes":[]},"sourceMap":{"end":{"column":33,"line":40,"offset":1315},"start":{"column":11,"line":40,"offset":1293}}},"scope":{"containerScope":{"containerScope":{"containerScope":{"containerScope":{"containerScope":{"contributions":{},"includedScopes":[]},"contributions":{},"includedScopes":[{"contributions":{},"includedScopes":[]},{"contributions":{},"includedScopes":[]},{"contributions":{},"includedScopes":[]},{"contributions":{},"includedScopes":[]}]},"contributions":{},"includedScopes":[{"containerScope":{"containerScope":{"containerScope":{"contributions":{},"includedScopes":[]},"contributions":{},"includedScopes":[]},"contributions":{},"includedScopes":[]},"contributions":{},"includedScopes":[]}]},"contributions":{},"includedScopes":[]},"contributions":{},"includedScopes":[]},"contributions":{},"includedScopes":[]},"sourceMap":{"end":{"column":109,"line":40,"offset":1391},"start":{"column":10,"line":40,"offset":1293}}}],"sourceMap":{"end":{"column":6,"line":41,"offset":1398},"start":{"column":27,"line":36,"offset":1175}}},"compiled":false,"id":"ea8fc870-d241-45d0-a892-5603aac9ddb2","isOverride":false,"metadata":[],"name":"iniciarNivel","parameters":[],"problems":[],"scope":{"containerScope":{"containerScope":{"containerScope":{"contributions":{},"includedScopes":[]},"contributions":{},"includedScopes":[{"contributions":{},"includedScopes":[]},{"contributions":{},"includedScopes":[]},{"contributions":{},"includedScopes":[]},{"contributions":{},"includedScopes":[]}]},"contributions":{},"includedScopes":[{"containerScope":{"containerScope":{"containerScope":{"contributions":{},"includedScopes":[]},"contributions":{},"includedScopes":[]},"contributions":{},"includedScopes":[]},"contributions":{},"includedScopes":[]}]},"contributions":{},"includedScopes":[]},"sourceMap":{"end":{"column":6,"line":41,"offset":1398},"start":{"column":5,"line":36,"offset":1153}}}],"metadata":[],"name":"nivelSurvival","problems":[{"code":"malformedMember","sourceMap":{"end":{"column":50,"line":35,"offset":1147},"start":{"column":5,"line":35,"offset":1102}}}],"scope":{"containerScope":{"containerScope":{"contributions":{},"includedScopes":[]},"contributions":{},"includedScopes":[{"contributions":{},"includedScopes":[]},{"contributions":{},"includedScopes":[]},{"contributions":{},"includedScopes":[]},{"contributions":{},"includedScopes":[]}]},"contributions":{},"includedScopes":[{"containerScope":{"containerScope":{"containerScope":{"contributions":{},"includedScopes":[]},"contributions":{},"includedScopes":[]},"contributions":{},"includedScopes":[]},"contributions":{},"includedScopes":[]}]},"sourceMap":{"end":{"column":2,"line":42,"offset":1401},"start":{"column":1,"line":33,"offset":1029}},"supertypes":[]},"stack":"Error: Failed to print, found malformed node\n    at c:\\Users\\estudiante\\.vscode\\extensions\\uqbar.wollok-lsp-ide-0.5.2\\out\\server\\src\\server.js:68:3585\n    at jbn (c:\\Users\\estudiante\\.vscode\\extensions\\uqbar.wollok-lsp-ide-0.5.2\\out\\server\\src\\server.js:68:3396)\n    at c:\\Users\\estudiante\\.vscode\\extensions\\uqbar.wollok-lsp-ide-0.5.2\\out\\server\\src\\server.js:2371:847\n    at c:\\Users\\estudiante\\.vscode\\extensions\\uqbar.wollok-lsp-ide-0.5.2\\out\\server\\src\\server.js:2371:8440\n    at c:\\Users\\estudiante\\.vscode\\extensions\\uqbar.wollok-lsp-ide-0.5.2\\out\\server\\src\\server.js:37:74770\n    at Ye (c:\\Users\\estudiante\\.vscode\\extensions\\uqbar.wollok-lsp-ide-0.5.2\\out\\server\\src\\server.js:7:8527)\n    at Dt (c:\\Users\\estudiante\\.vscode\\extensions\\uqbar.wollok-lsp-ide-0.5.2\\out\\server\\src\\server.js:7:6189)\n    at Zi (c:\\Users\\estudiante\\.vscode\\extensions\\uqbar.wollok-lsp-ide-0.5.2\\out\\server\\src\\server.js:7:6378)\n    at Immediate._onImmediate (c:\\Users\\estudiante\\.vscode\\extensions\\uqbar.wollok-lsp-ide-0.5.2\\out\\server\\src\\server.js:7:6142)\n    at process.processImmediate (node:internal/timers:485:21)","timestamp":"2025-07-01T13:35:59.708Z"}
{"level":"info","message":"⌛ Validating niveles.wlk","timeElapsed":419,"timestamp":"2025-07-01T13:36:00.144Z"}
{"level":"error","message":"✘ Failed to get type description: Error: Failed to print, found malformed node Failed to print, found malformed node","node":{"id":"c45b7cf1-eb39-476a-a6c6-e9001ec3a077","members":[{"body":{"id":"dcae67e3-a245-4629-9ad1-1e4422c11afc","metadata":[],"problems":[],"scope":{"containerScope":{"containerScope":{"containerScope":{"containerScope":{"contributions":{},"includedScopes":[]},"contributions":{},"includedScopes":[{"contributions":{},"includedScopes":[]},{"contributions":{},"includedScopes":[]},{"contributions":{},"includedScopes":[]},{"contributions":{},"includedScopes":[]}]},"contributions":{},"includedScopes":[{"containerScope":{"containerScope":{"containerScope":{"contributions":{},"includedScopes":[]},"contributions":{},"includedScopes":[]},"contributions":{},"includedScopes":[]},"contributions":{},"includedScopes":[]}]},"contributions":{},"includedScopes":[]},"contributions":{},"includedScopes":[]},"sentences":[{"id":"67110272-66de-41fe-b074-7568e8308646","metadata":[],"scope":{"containerScope":{"containerScope":{"containerScope":{"containerScope":{"containerScope":{"contributions":{},"includedScopes":[]},"contributions":{},"includedScopes":[{"contributions":{},"includedScopes":[]},{"contributions":{},"includedScopes":[]},{"contributions":{},"includedScopes":[]},{"contributions":{},"includedScopes":[]}]},"contributions":{},"includedScopes":[{"containerScope":{"containerScope":{"containerScope":{"contributions":{},"includedScopes":[]},"contributions":{},"includedScopes":[]},"contributions":{},"includedScopes":[]},"contributions":{},"includedScopes":[]}]},"contributions":{},"includedScopes":[]},"contributions":{},"includedScopes":[]},"contributions":{},"includedScopes":[]},"value":{"id":"a11de095-2aac-466d-85a9-206cc4ed324e","metadata":[],"scope":{"containerScope":{"containerScope":{"containerScope":{"containerScope":{"containerScope":{"containerScope":{"contributions":{},"includedScopes":[]},"contributions":{},"includedScopes":[{"contributions":{},"includedScopes":[]},{"contributions":{},"includedScopes":[]},{"contributions":{},"includedScopes":[]},{"contributions":{},"includedScopes":[]}]},"contributions":{},"includedScopes":[{"containerScope":{"containerScope":{"containerScope":{"contributions":{},"includedScopes":[]},"contributions":{},"includedScopes":[]},"contributions":{},"includedScopes":[]},"contributions":{},"includedScopes":[]}]},"contributions":{},"includedScopes":[]},"contributions":{},"includedScopes":[]},"contributions":{},"includedScopes":[]},"contributions":{},"includedScopes":[]},"sourceMap":{"end":{"column":45,"line":34,"offset":1096},"start":{"column":22,"line":34,"offset":1073}},"value":"escenarioSurvival.png"}}],"sourceMap":{"end":{"column":45,"line":34,"offset":1096},"start":{"column":22,"line":34,"offset":1073}}},"compiled":false,"id":"6e9961af-ae26-415d-b272-21a55d4f038f","isOverride":false,"metadata":[],"name":"image","parameters":[],"problems":[],"scope":{"containerScope":{"containerScope":{"containerScope":{"contributions":{},"includedScopes":[]},"contributions":{},"includedScopes":[{"contributions":{},"includedScopes":[]},{"contributions":{},"includedScopes":[]},{"contributions":{},"includedScopes":[]},{"contributions":{},"includedScopes":[]}]},"contributions":{},"includedScopes":[{"containerScope":{"containerScope":{"containerScope":{"contributions":{},"includedScopes":[]},"contributions":{},"includedScopes":[]},"contributions":{},"includedScopes":[]},"contributions":{},"includedScopes":[]}]},"contributions":{},"includedScopes":[]},"sourceMap":{"end":{"column":45,"line":34,"offset":1096},"start":{"column":5,"line":34,"offset":1056}}},{"body":{"id":"1bc009c1-8899-4bbb-a1ef-a848382c7f4f","metadata":[],"problems":[],"scope":{"containerScope":{"containerScope":{"containerScope":{"containerScope":{"contributions":{},"includedScopes":[]},"contributions":{},"includedScopes":[{"contributions":{},"includedScopes":[]},{"contributions":{},"includedScopes":[]},{"contributions":{},"includedScopes":[]},{"contributions":{},"includedScopes":[]}]},"contributions":{},"includedScopes":[{"containerScope":{"containerScope":{"containerScope":{"contributions":{},"includedScopes":[]},"contributions":{},"includedScopes":[]},"contributions":{},"includedScopes":[]},"contributions":{},"includedScopes":[]}]},"contributions":{},"includedScopes":[]},"contributions":{},"includedScopes":[]},"sentences":[{"args":[],"id":"5c2c69f4-42de-4148-a039-80d4d7ad9111","message":"configTeclas","metadata":[],"receiver":{"id":"8d8bfaf5-9496-4f75-9894-18412c2e152a","metadata":[{"args":{"position":"start","text":"//game.addVisual(self)"},"name":"comment"}],"name":"config","scope":{"containerScope":{"containerScope":{"containerScope":{"containerScope":{"containerScope":{"containerScope":{"contributions":{},"includedScopes":[]},"contributions":{},"includedScopes":[{"contributions":{},"includedScopes":[]},{"contributions":{},"includedScopes":[]},{"contributions":{},"includedScopes":[]},{"contributions":{},"includedScopes":[]}]},"contributions":{},"includedScopes":[{"containerScope":{"containerScope":{"containerScope":{"contributions":{},"includedScopes":[]},"contributions":{},"includedScopes":[]},"contributions":{},"includedScopes":[]},"contributions":{},"includedScopes":[]}]},"contributions":{},"includedScopes":[]},"contributions":{},"includedScopes":[]},"contributions":{},"includedScopes":[]},"contributions":{},"includedScopes":[]},"sourceMap":{"end":{"column":17,"line":38,"offset":1228},"start":{"column":11,"line":38,"offset":1222}}},"scope":{"containerScope":{"containerScope":{"containerScope":{"containerScope":{"containerScope":{"contributions":{},"includedScopes":[]},"contributions":{},"includedScopes":[{"contributions":{},"includedScopes":[]},{"contributions":{},"includedScopes":[]},{"contributions":{},"includedScopes":[]},{"contributions":{},"includedScopes":[]}]},"contributions":{},"includedScopes":[{"containerScope":{"containerScope":{"containerScope":{"contributions":{},"includedScopes":[]},"contributions":{},"includedScopes":[]},"contributions":{},"includedScopes":[]},"contributions":{},"includedScopes":[]}]},"contributions":{},"includedScopes":[]},"contributions":{},"includedScopes":[]},"contributions":{},"includedScopes":[]},"sourceMap":{"end":{"column":32,"line":38,"offset":1243},"start":{"column":11,"line":37,"offset":1188}}},{"args":[],"id":"584d6c3c-78fd-4186-ac2a-68e6cab881e6","message":"iniciar","metadata":[],"receiver":{"id":"c9abf2af-12e2-45cd-b0d0-d150f27ee7fb","metadata":[],"name":"magoProtagonista","scope":{"containerScope":{"containerScope":{"containerScope":{"containerScope":{"containerScope":{"containerScope":{"contributions":{},"includedScopes":[]},"contributions":{},"includedScopes":[{"contributions":{},"includedScopes":[]},{"contributions":{},"includedScopes":[]},{"contributions":{},"includedScopes":[]},{"contributions":{},"includedScopes":[]}]},"contributions":{},"includedScopes":[{"containerScope":{"containerScope":{"containerScope":{"contributions":{},"includedScopes":[]},"contributions":{},"includedScopes":[]},"contributions":{},"includedScopes":[]},"contributions":{},"includedScopes":[]}]},"contributions":{},"includedScopes":[]},"contributions":{},"includedScopes":[]},"contributions":{},"includedScopes":[]},"contributions":{},"includedScopes":[]},"sourceMap":{"end":{"column":27,"line":39,"offset":1271},"start":{"column":11,"line":39,"offset":1255}}},"scope":{"containerScope":{"containerScope":{"containerScope":{"containerScope":{"containerScope":{"contributions":{},"includedScopes":[]},"contributions":{},"includedScopes":[{"contributions":{},"includedScopes":[]},{"contributions":{},"includedScopes":[]},{"contributions":{},"includedScopes":[]},{"contributions":{},"includedScopes":[]}]},"contributions":{},"includedScopes":[{"containerScope":{"containerScope":{"containerScope":{"contributions":{},"includedScopes":[]},"contributions":{},"includedScopes":[]},"contributions":{},"includedScopes":[]},"contributions":{},"includedScopes":[]}]},"contributions":{},"includedScopes":[]},"contributions":{},"includedScopes":[]},"contributions":{},"includedScopes":[]},"sourceMap":{"end":{"column":37,"line":39,"offset":1281},"start":{"column":10,"line":39,"offset":1255}}},{"args":[{"id":"b349906c-550e-421e-b5e5-2364953f7f49","metadata":[],"scope":{"containerScope":{"containerScope":{"containerScope":{"containerScope":{"containerScope":{"containerScope":{"contributions":{},"includedScopes":[]},"contributions":{},"includedScopes":[{"contributions":{},"includedScopes":[]},{"contributions":{},"includedScopes":[]},{"contributions":{},"includedScopes":[]},{"contributions":{},"includedScopes":[]}]},"contributions":{},"includedScopes":[{"containerScope":{"containerScope":{"containerScope":{"contributions":{},"includedScopes":[]},"contributions":{},"includedScopes":[]},"contributions":{},"includedScopes":[]},"contributions":{},"includedScopes":[]}]},"contributions":{},"includedScopes":[]},"contributions":{},"includedScopes":[]},"contributions":{},"includedScopes":[]},"contributions":{},"includedScopes":[]},"sourceMap":{"end":{"column":108,"line":40,"offset":1390},"start":{"column":48,"line":40,"offset":1330}},"value":[{"id":"b64c9661-94b9-46be-bb7f-838a02ff0f5e","metadata":[],"name":"wollok.lang.List","scope":{"containerScope":{"containerScope":{"containerScope":{"containerScope":{"containerScope":{"containerScope":{"containerScope":{"contributions":{},"includedScopes":[]},"contributions":{},"includedScopes":[{"contributions":{},"includedScopes":[]},{"contributions":{},"includedScopes":[]},{"contributions":{},"includedScopes":[]},{"contributions":{},"includedScopes":[]}]},"contributions":{},"includedScopes":[{"containerScope":{"containerScope":{"containerScope":{"contributions":{},"includedScopes":[]},"contributions":{},"includedScopes":[]},"contributions":{},"includedScopes":[]},"contributions":{},"includedScopes":[]}]},"contributions":{},"includedScopes":[]},"contributions":{},"includedScopes":[]},"contributions":{},"includedScopes":[]},"contributions":{},"includedScopes":[]},"contributions":{},"includedScopes":[]}},[{"id":"51ce2b63-a6f3-40e8-8c5e-a60da71937de","metadata":[],"name":"arbolMaldito","scope":{"containerScope":{"containerScope":{"containerScope":{"containerScope":{"containerScope":{"containerScope":{"containerScope":{"contributions":{},"includedScopes":[]},"contributions":{},"includedScopes":[{"contributions":{},"includedScopes":[]},{"contributions":{},"includedScopes":[]},{"contributions":{},"includedScopes":[]},{"contributions":{},"includedScopes":[]}]},"contributions":{},"includedScopes":[{"containerScope":{"containerScope":{"containerScope":{"contributions":{},"includedScopes":[]},"contributions":{},"includedScopes":[]},"contributions":{},"includedScopes":[]},"contributions":{},"includedScopes":[]}]},"contributions":{},"includedScopes":[]},"contributions":{},"includedScopes":[]},"contributions":{},"includedScopes":[]},"contributions":{},"includedScopes":[]},"contributions":{},"includedScopes":[]},"sourceMap":{"end":{"column":61,"line":40,"offset":1343},"start":{"column":49,"line":40,"offset":1331}}},{"id":"581719e9-8327-4297-b30a-62128a20c8dc","metadata":[],"name":"dragon","scope":{"containerScope":{"containerScope":{"containerScope":{"containerScope":{"containerScope":{"containerScope":{"containerScope":{"contributions":{},"includedScopes":[]},"contributions":{},"includedScopes":[{"contributions":{},"includedScopes":[]},{"contributions":{},"includedScopes":[]},{"contributions":{},"includedScopes":[]},{"contributions":{},"includedScopes":[]}]},"contributions":{},"includedScopes":[{"containerScope":{"containerScope":{"containerScope":{"contributions":{},"includedScopes":[]},"contributions":{},"includedScopes":[]},"contributions":{},"includedScopes":[]},"contributions":{},"includedScopes":[]}]},"contributions":{},"includedScopes":[]},"contributions":{},"includedScopes":[]},"contributions":{},"includedScopes":[]},"contributions":{},"includedScopes":[]},"contributions":{},"includedScopes":[]},"sourceMap":{"end":{"column":69,"line":40,"offset":1351},"start":{"column":63,"line":40,"offset":1345}}},{"id":"0a736693-906d-4d0d-ba24-f31c060e5b2c","metadata":[],"name":"dragon","scope":{"containerScope":{"containerScope":{"containerScope":{"containerScope":{"containerScope":{"containerScope":{"containerScope":{"contributions":{},"includedScopes":[]},"contributions":{},"includedScopes":[{"contributions":{},"includedScopes":[]},{"contributions":{},"includedScopes":[]},{"contributions":{},"includedScopes":[]},{"contributions":{},"includedScopes":[]}]},"contributions":{},"includedScopes":[{"containerScope":{"containerScope":{"containerScope":{"contributions":{},"includedScopes":[]},"contributions":{},"includedScopes":[]},"contributions":{},"includedScopes":[]},"contributions":{},"includedScopes":[]}]},"contributions":{},"includedScopes":[]},"contributions":{},"includedScopes":[]},"contributions":{},"includedScopes":[]},"contributions":{},"includedScopes":[]},"contributions":{},"includedScopes":[]},"sourceMap":{"end":{"column":77,"line":40,"offset":1359},"start":{"column":71,"line":40,"offset":1353}}},{"id":"fa0848ad-6ee1-45b3-b489-757ee874f1e7","metadata":[],"name":"arbolMaldito","scope":{"containerScope":{"containerScope":{"containerScope":{"containerScope":{"containerScope":{"containerScope":{"containerScope":{"contributions":{},"includedScopes":[]},"contributions":{},"includedScopes":[{"contributions":{},"includedScopes":[]},{"contributions":{},"includedScopes":[]},{"contributions":{},"includedScopes":[]},{"contributions":{},"includedScopes":[]}]},"contributions":{},"includedScopes":[{"containerScope":{"containerScope":{"containerScope":{"contributions":{},"includedScopes":[]},"contributions":{},"includedScopes":[]},"contributions":{},"includedScopes":[]},"contributions":{},"includedScopes":[]}]},"contributions":{},"includedScopes":[]},"contributions":{},"includedScopes":[]},"contributions":{},"includedScopes":[]},"contributions":{},"includedScopes":[]},"contributions":{},"includedScopes":[]},"sourceMap":{"end":{"column":91,"line":40,"offset":1373},"start":{"column":79,"line":40,"offset":1361}}},{"id":"de7f6c28-cd7e-4684-ac4d-3621a9f5b245","metadata":[],"name":"dragon","scope":{"containerScope":{"containerScope":{"containerScope":{"containerScope":{"containerScope":{"containerScope":{"containerScope":{"contributions":{},"includedScopes":[]},"contributions":{},"includedScopes":[{"contributions":{},"includedScopes":[]},{"contributions":{},"includedScopes":[]},{"contributions":{},"includedScopes":[]},{"contributions":{},"includedScopes":[]}]},"contributions":{},"includedScopes":[{"containerScope":{"containerScope":{"containerScope":{"contributions":{},"includedScopes":[]},"contributions":{},"includedScopes":[]},"contributions":{},"includedScopes":[]},"contributions":{},"includedScopes":[]}]},"contributions":{},"includedScopes":[]},"contributions":{},"includedScopes":[]},"contributions":{},"includedScopes":[]},"contributions":{},"includedScopes":[]},"contributions":{},"includedScopes":[]},"sourceMap":{"end":{"column":99,"line":40,"offset":1381},"start":{"column":93,"line":40,"offset":1375}}},{"id":"471f531d-e443-496b-aed6-b03e05ada3e6","metadata":[],"name":"dragon","scope":{"containerScope":{"containerScope":{"containerScope":{"containerScope":{"containerScope":{"containerScope":{"containerScope":{"contributions":{},"includedScopes":[]},"contributions":{},"includedScopes":[{"contributions":{},"includedScopes":[]},{"contributions":{},"includedScopes":[]},{"contributions":{},"includedScopes":[]},{"contributions":{},"includedScopes":[]}]},"contributions":{},"includedScopes":[{"containerScope":{"containerScope":{"containerScope":{"contributions":{},"includedScopes":[]},"contributions":{},"includedScopes":[]},"contributions":{},"includedScopes":[]},"contributions":{},"includedScopes":[]}]},"contributions":{},"includedScopes":[]},"contributions":{},"includedScopes":[]},"contributions":{},"includedScopes":[]},"contributions":{},"includedScopes":[]},"contributions":{},"includedScopes":[]},"sourceMap":{"end":{"column":107,"line":40,"offset":1389},"start":{"column":101,"line":40,"offset":1383}}}]]}],"id":"e59294db-02b6-45aa-8f1b-9999e5e6231d","message":"iniciarOleada","metadata":[],"receiver":{"id":"13940973-2646-4c75-9838-643df3ba449b","metadata":[],"name":"administradorDeOleadas","scope":{"containerScope":{"containerScope":{"containerScope":{"containerScope":{"containerScope":{"containerScope":{"contributions":{},"includedScopes":[]},"contributions":{},"includedScopes":[{"contributions":{},"includedScopes":[]},{"contributions":{},"includedScopes":[]},{"contributions":{},"includedScopes":[]},{"contributions":{},"includedScopes":[]}]},"contributions":{},"includedScopes":[{"containerScope":{"containerScope":{"containerScope":{"contributions":{},"includedScopes":[]},"contributions":{},"includedScopes":[]},"contributions":{},"includedScopes":[]},"contributions":{},"includedScopes":[]}]},"contributions":{},"includedScopes":[]},"contributions":{},"includedScopes":[]},"contributions":{},"includedScopes":[]},"contributions":{},"includedScopes":[]},"sourceMap":{"end":{"column":33,"line":40,"offset":1315},"start":{"column":11,"line":40,"offset":1293}}},"scope":{"containerScope":{"containerScope":{"containerScope":{"containerScope":{"containerScope":{"contributions":{},"includedScopes":[]},"contributions":{},"includedScopes":[{"contributions":{},"includedScopes":[]},{"contributions":{},"includedScopes":[]},{"contributions":{},"includedScopes":[]},{"contributions":{},"includedScopes":[]}]},"contributions":{},"includedScopes":[{"containerScope":{"containerScope":{"containerScope":{"contributions":{},"includedScopes":[]},"contributions":{},"includedScopes":[]},"contributions":{},"includedScopes":[]},"contributions":{},"includedScopes":[]}]},"contributions":{},"includedScopes":[]},"contributions":{},"includedScopes":[]},"contributions":{},"includedScopes":[]},"sourceMap":{"end":{"column":109,"line":40,"offset":1391},"start":{"column":10,"line":40,"offset":1293}}}],"sourceMap":{"end":{"column":6,"line":41,"offset":1398},"start":{"column":27,"line":36,"offset":1175}}},"compiled":false,"id":"ea8fc870-d241-45d0-a892-5603aac9ddb2","isOverride":false,"metadata":[],"name":"iniciarNivel","parameters":[],"problems":[],"scope":{"containerScope":{"containerScope":{"containerScope":{"contributions":{},"includedScopes":[]},"contributions":{},"includedScopes":[{"contributions":{},"includedScopes":[]},{"contributions":{},"includedScopes":[]},{"contributions":{},"includedScopes":[]},{"contributions":{},"includedScopes":[]}]},"contributions":{},"includedScopes":[{"containerScope":{"containerScope":{"containerScope":{"contributions":{},"includedScopes":[]},"contributions":{},"includedScopes":[]},"contributions":{},"includedScopes":[]},"contributions":{},"includedScopes":[]}]},"contributions":{},"includedScopes":[]},"sourceMap":{"end":{"column":6,"line":41,"offset":1398},"start":{"column":5,"line":36,"offset":1153}}}],"metadata":[],"name":"nivelSurvival","problems":[{"code":"malformedMember","sourceMap":{"end":{"column":50,"line":35,"offset":1147},"start":{"column":5,"line":35,"offset":1102}}}],"scope":{"containerScope":{"containerScope":{"contributions":{},"includedScopes":[]},"contributions":{},"includedScopes":[{"contributions":{},"includedScopes":[]},{"contributions":{},"includedScopes":[]},{"contributions":{},"includedScopes":[]},{"contributions":{},"includedScopes":[]}]},"contributions":{},"includedScopes":[{"containerScope":{"containerScope":{"containerScope":{"contributions":{},"includedScopes":[]},"contributions":{},"includedScopes":[]},"contributions":{},"includedScopes":[]},"contributions":{},"includedScopes":[]}]},"sourceMap":{"end":{"column":2,"line":42,"offset":1401},"start":{"column":1,"line":33,"offset":1029}},"supertypes":[]},"stack":"Error: Failed to print, found malformed node\n    at c:\\Users\\estudiante\\.vscode\\extensions\\uqbar.wollok-lsp-ide-0.5.2\\out\\server\\src\\server.js:68:3585\n    at jbn (c:\\Users\\estudiante\\.vscode\\extensions\\uqbar.wollok-lsp-ide-0.5.2\\out\\server\\src\\server.js:68:3396)\n    at c:\\Users\\estudiante\\.vscode\\extensions\\uqbar.wollok-lsp-ide-0.5.2\\out\\server\\src\\server.js:2371:847\n    at c:\\Users\\estudiante\\.vscode\\extensions\\uqbar.wollok-lsp-ide-0.5.2\\out\\server\\src\\server.js:2371:8440\n    at c:\\Users\\estudiante\\.vscode\\extensions\\uqbar.wollok-lsp-ide-0.5.2\\out\\server\\src\\server.js:37:74770\n    at Ye (c:\\Users\\estudiante\\.vscode\\extensions\\uqbar.wollok-lsp-ide-0.5.2\\out\\server\\src\\server.js:7:8527)\n    at Dt (c:\\Users\\estudiante\\.vscode\\extensions\\uqbar.wollok-lsp-ide-0.5.2\\out\\server\\src\\server.js:7:6189)\n    at Zi (c:\\Users\\estudiante\\.vscode\\extensions\\uqbar.wollok-lsp-ide-0.5.2\\out\\server\\src\\server.js:7:6378)\n    at Immediate._onImmediate (c:\\Users\\estudiante\\.vscode\\extensions\\uqbar.wollok-lsp-ide-0.5.2\\out\\server\\src\\server.js:7:6142)\n    at process.processImmediate (node:internal/timers:485:21)","timestamp":"2025-07-01T13:36:00.309Z"}
{"level":"info","message":"⌛ Validating niveles.wlk","timeElapsed":454,"timestamp":"2025-07-01T13:36:00.802Z"}
{"level":"error","message":"✘ Failed to get type description: Error: Failed to print, found malformed node Failed to print, found malformed node","node":{"id":"c45b7cf1-eb39-476a-a6c6-e9001ec3a077","members":[{"body":{"id":"dcae67e3-a245-4629-9ad1-1e4422c11afc","metadata":[],"problems":[],"scope":{"containerScope":{"containerScope":{"containerScope":{"containerScope":{"contributions":{},"includedScopes":[]},"contributions":{},"includedScopes":[{"contributions":{},"includedScopes":[]},{"contributions":{},"includedScopes":[]},{"contributions":{},"includedScopes":[]},{"contributions":{},"includedScopes":[]}]},"contributions":{},"includedScopes":[{"containerScope":{"containerScope":{"containerScope":{"contributions":{},"includedScopes":[]},"contributions":{},"includedScopes":[]},"contributions":{},"includedScopes":[]},"contributions":{},"includedScopes":[]}]},"contributions":{},"includedScopes":[]},"contributions":{},"includedScopes":[]},"sentences":[{"id":"67110272-66de-41fe-b074-7568e8308646","metadata":[],"scope":{"containerScope":{"containerScope":{"containerScope":{"containerScope":{"containerScope":{"contributions":{},"includedScopes":[]},"contributions":{},"includedScopes":[{"contributions":{},"includedScopes":[]},{"contributions":{},"includedScopes":[]},{"contributions":{},"includedScopes":[]},{"contributions":{},"includedScopes":[]}]},"contributions":{},"includedScopes":[{"containerScope":{"containerScope":{"containerScope":{"contributions":{},"includedScopes":[]},"contributions":{},"includedScopes":[]},"contributions":{},"includedScopes":[]},"contributions":{},"includedScopes":[]}]},"contributions":{},"includedScopes":[]},"contributions":{},"includedScopes":[]},"contributions":{},"includedScopes":[]},"value":{"id":"a11de095-2aac-466d-85a9-206cc4ed324e","metadata":[],"scope":{"containerScope":{"containerScope":{"containerScope":{"containerScope":{"containerScope":{"containerScope":{"contributions":{},"includedScopes":[]},"contributions":{},"includedScopes":[{"contributions":{},"includedScopes":[]},{"contributions":{},"includedScopes":[]},{"contributions":{},"includedScopes":[]},{"contributions":{},"includedScopes":[]}]},"contributions":{},"includedScopes":[{"containerScope":{"containerScope":{"containerScope":{"contributions":{},"includedScopes":[]},"contributions":{},"includedScopes":[]},"contributions":{},"includedScopes":[]},"contributions":{},"includedScopes":[]}]},"contributions":{},"includedScopes":[]},"contributions":{},"includedScopes":[]},"contributions":{},"includedScopes":[]},"contributions":{},"includedScopes":[]},"sourceMap":{"end":{"column":45,"line":34,"offset":1096},"start":{"column":22,"line":34,"offset":1073}},"value":"escenarioSurvival.png"}}],"sourceMap":{"end":{"column":45,"line":34,"offset":1096},"start":{"column":22,"line":34,"offset":1073}}},"compiled":false,"id":"6e9961af-ae26-415d-b272-21a55d4f038f","isOverride":false,"metadata":[],"name":"image","parameters":[],"problems":[],"scope":{"containerScope":{"containerScope":{"containerScope":{"contributions":{},"includedScopes":[]},"contributions":{},"includedScopes":[{"contributions":{},"includedScopes":[]},{"contributions":{},"includedScopes":[]},{"contributions":{},"includedScopes":[]},{"contributions":{},"includedScopes":[]}]},"contributions":{},"includedScopes":[{"containerScope":{"containerScope":{"containerScope":{"contributions":{},"includedScopes":[]},"contributions":{},"includedScopes":[]},"contributions":{},"includedScopes":[]},"contributions":{},"includedScopes":[]}]},"contributions":{},"includedScopes":[]},"sourceMap":{"end":{"column":45,"line":34,"offset":1096},"start":{"column":5,"line":34,"offset":1056}}},{"body":{"id":"1bc009c1-8899-4bbb-a1ef-a848382c7f4f","metadata":[],"problems":[],"scope":{"containerScope":{"containerScope":{"containerScope":{"containerScope":{"contributions":{},"includedScopes":[]},"contributions":{},"includedScopes":[{"contributions":{},"includedScopes":[]},{"contributions":{},"includedScopes":[]},{"contributions":{},"includedScopes":[]},{"contributions":{},"includedScopes":[]}]},"contributions":{},"includedScopes":[{"containerScope":{"containerScope":{"containerScope":{"contributions":{},"includedScopes":[]},"contributions":{},"includedScopes":[]},"contributions":{},"includedScopes":[]},"contributions":{},"includedScopes":[]}]},"contributions":{},"includedScopes":[]},"contributions":{},"includedScopes":[]},"sentences":[{"args":[],"id":"5c2c69f4-42de-4148-a039-80d4d7ad9111","message":"configTeclas","metadata":[],"receiver":{"id":"8d8bfaf5-9496-4f75-9894-18412c2e152a","metadata":[{"args":{"position":"start","text":"//game.addVisual(self)"},"name":"comment"}],"name":"config","scope":{"containerScope":{"containerScope":{"containerScope":{"containerScope":{"containerScope":{"containerScope":{"contributions":{},"includedScopes":[]},"contributions":{},"includedScopes":[{"contributions":{},"includedScopes":[]},{"contributions":{},"includedScopes":[]},{"contributions":{},"includedScopes":[]},{"contributions":{},"includedScopes":[]}]},"contributions":{},"includedScopes":[{"containerScope":{"containerScope":{"containerScope":{"contributions":{},"includedScopes":[]},"contributions":{},"includedScopes":[]},"contributions":{},"includedScopes":[]},"contributions":{},"includedScopes":[]}]},"contributions":{},"includedScopes":[]},"contributions":{},"includedScopes":[]},"contributions":{},"includedScopes":[]},"contributions":{},"includedScopes":[]},"sourceMap":{"end":{"column":17,"line":38,"offset":1228},"start":{"column":11,"line":38,"offset":1222}}},"scope":{"containerScope":{"containerScope":{"containerScope":{"containerScope":{"containerScope":{"contributions":{},"includedScopes":[]},"contributions":{},"includedScopes":[{"contributions":{},"includedScopes":[]},{"contributions":{},"includedScopes":[]},{"contributions":{},"includedScopes":[]},{"contributions":{},"includedScopes":[]}]},"contributions":{},"includedScopes":[{"containerScope":{"containerScope":{"containerScope":{"contributions":{},"includedScopes":[]},"contributions":{},"includedScopes":[]},"contributions":{},"includedScopes":[]},"contributions":{},"includedScopes":[]}]},"contributions":{},"includedScopes":[]},"contributions":{},"includedScopes":[]},"contributions":{},"includedScopes":[]},"sourceMap":{"end":{"column":32,"line":38,"offset":1243},"start":{"column":11,"line":37,"offset":1188}}},{"args":[],"id":"584d6c3c-78fd-4186-ac2a-68e6cab881e6","message":"iniciar","metadata":[],"receiver":{"id":"c9abf2af-12e2-45cd-b0d0-d150f27ee7fb","metadata":[],"name":"magoProtagonista","scope":{"containerScope":{"containerScope":{"containerScope":{"containerScope":{"containerScope":{"containerScope":{"contributions":{},"includedScopes":[]},"contributions":{},"includedScopes":[{"contributions":{},"includedScopes":[]},{"contributions":{},"includedScopes":[]},{"contributions":{},"includedScopes":[]},{"contributions":{},"includedScopes":[]}]},"contributions":{},"includedScopes":[{"containerScope":{"containerScope":{"containerScope":{"contributions":{},"includedScopes":[]},"contributions":{},"includedScopes":[]},"contributions":{},"includedScopes":[]},"contributions":{},"includedScopes":[]}]},"contributions":{},"includedScopes":[]},"contributions":{},"includedScopes":[]},"contributions":{},"includedScopes":[]},"contributions":{},"includedScopes":[]},"sourceMap":{"end":{"column":27,"line":39,"offset":1271},"start":{"column":11,"line":39,"offset":1255}}},"scope":{"containerScope":{"containerScope":{"containerScope":{"containerScope":{"containerScope":{"contributions":{},"includedScopes":[]},"contributions":{},"includedScopes":[{"contributions":{},"includedScopes":[]},{"contributions":{},"includedScopes":[]},{"contributions":{},"includedScopes":[]},{"contributions":{},"includedScopes":[]}]},"contributions":{},"includedScopes":[{"containerScope":{"containerScope":{"containerScope":{"contributions":{},"includedScopes":[]},"contributions":{},"includedScopes":[]},"contributions":{},"includedScopes":[]},"contributions":{},"includedScopes":[]}]},"contributions":{},"includedScopes":[]},"contributions":{},"includedScopes":[]},"contributions":{},"includedScopes":[]},"sourceMap":{"end":{"column":37,"line":39,"offset":1281},"start":{"column":10,"line":39,"offset":1255}}},{"args":[{"id":"b349906c-550e-421e-b5e5-2364953f7f49","metadata":[],"scope":{"containerScope":{"containerScope":{"containerScope":{"containerScope":{"containerScope":{"containerScope":{"contributions":{},"includedScopes":[]},"contributions":{},"includedScopes":[{"contributions":{},"includedScopes":[]},{"contributions":{},"includedScopes":[]},{"contributions":{},"includedScopes":[]},{"contributions":{},"includedScopes":[]}]},"contributions":{},"includedScopes":[{"containerScope":{"containerScope":{"containerScope":{"contributions":{},"includedScopes":[]},"contributions":{},"includedScopes":[]},"contributions":{},"includedScopes":[]},"contributions":{},"includedScopes":[]}]},"contributions":{},"includedScopes":[]},"contributions":{},"includedScopes":[]},"contributions":{},"includedScopes":[]},"contributions":{},"includedScopes":[]},"sourceMap":{"end":{"column":108,"line":40,"offset":1390},"start":{"column":48,"line":40,"offset":1330}},"value":[{"id":"b64c9661-94b9-46be-bb7f-838a02ff0f5e","metadata":[],"name":"wollok.lang.List","scope":{"containerScope":{"containerScope":{"containerScope":{"containerScope":{"containerScope":{"containerScope":{"containerScope":{"contributions":{},"includedScopes":[]},"contributions":{},"includedScopes":[{"contributions":{},"includedScopes":[]},{"contributions":{},"includedScopes":[]},{"contributions":{},"includedScopes":[]},{"contributions":{},"includedScopes":[]}]},"contributions":{},"includedScopes":[{"containerScope":{"containerScope":{"containerScope":{"contributions":{},"includedScopes":[]},"contributions":{},"includedScopes":[]},"contributions":{},"includedScopes":[]},"contributions":{},"includedScopes":[]}]},"contributions":{},"includedScopes":[]},"contributions":{},"includedScopes":[]},"contributions":{},"includedScopes":[]},"contributions":{},"includedScopes":[]},"contributions":{},"includedScopes":[]}},[{"id":"51ce2b63-a6f3-40e8-8c5e-a60da71937de","metadata":[],"name":"arbolMaldito","scope":{"containerScope":{"containerScope":{"containerScope":{"containerScope":{"containerScope":{"containerScope":{"containerScope":{"contributions":{},"includedScopes":[]},"contributions":{},"includedScopes":[{"contributions":{},"includedScopes":[]},{"contributions":{},"includedScopes":[]},{"contributions":{},"includedScopes":[]},{"contributions":{},"includedScopes":[]}]},"contributions":{},"includedScopes":[{"containerScope":{"containerScope":{"containerScope":{"contributions":{},"includedScopes":[]},"contributions":{},"includedScopes":[]},"contributions":{},"includedScopes":[]},"contributions":{},"includedScopes":[]}]},"contributions":{},"includedScopes":[]},"contributions":{},"includedScopes":[]},"contributions":{},"includedScopes":[]},"contributions":{},"includedScopes":[]},"contributions":{},"includedScopes":[]},"sourceMap":{"end":{"column":61,"line":40,"offset":1343},"start":{"column":49,"line":40,"offset":1331}}},{"id":"581719e9-8327-4297-b30a-62128a20c8dc","metadata":[],"name":"dragon","scope":{"containerScope":{"containerScope":{"containerScope":{"containerScope":{"containerScope":{"containerScope":{"containerScope":{"contributions":{},"includedScopes":[]},"contributions":{},"includedScopes":[{"contributions":{},"includedScopes":[]},{"contributions":{},"includedScopes":[]},{"contributions":{},"includedScopes":[]},{"contributions":{},"includedScopes":[]}]},"contributions":{},"includedScopes":[{"containerScope":{"containerScope":{"containerScope":{"contributions":{},"includedScopes":[]},"contributions":{},"includedScopes":[]},"contributions":{},"includedScopes":[]},"contributions":{},"includedScopes":[]}]},"contributions":{},"includedScopes":[]},"contributions":{},"includedScopes":[]},"contributions":{},"includedScopes":[]},"contributions":{},"includedScopes":[]},"contributions":{},"includedScopes":[]},"sourceMap":{"end":{"column":69,"line":40,"offset":1351},"start":{"column":63,"line":40,"offset":1345}}},{"id":"0a736693-906d-4d0d-ba24-f31c060e5b2c","metadata":[],"name":"dragon","scope":{"containerScope":{"containerScope":{"containerScope":{"containerScope":{"containerScope":{"containerScope":{"containerScope":{"contributions":{},"includedScopes":[]},"contributions":{},"includedScopes":[{"contributions":{},"includedScopes":[]},{"contributions":{},"includedScopes":[]},{"contributions":{},"includedScopes":[]},{"contributions":{},"includedScopes":[]}]},"contributions":{},"includedScopes":[{"containerScope":{"containerScope":{"containerScope":{"contributions":{},"includedScopes":[]},"contributions":{},"includedScopes":[]},"contributions":{},"includedScopes":[]},"contributions":{},"includedScopes":[]}]},"contributions":{},"includedScopes":[]},"contributions":{},"includedScopes":[]},"contributions":{},"includedScopes":[]},"contributions":{},"includedScopes":[]},"contributions":{},"includedScopes":[]},"sourceMap":{"end":{"column":77,"line":40,"offset":1359},"start":{"column":71,"line":40,"offset":1353}}},{"id":"fa0848ad-6ee1-45b3-b489-757ee874f1e7","metadata":[],"name":"arbolMaldito","scope":{"containerScope":{"containerScope":{"containerScope":{"containerScope":{"containerScope":{"containerScope":{"containerScope":{"contributions":{},"includedScopes":[]},"contributions":{},"includedScopes":[{"contributions":{},"includedScopes":[]},{"contributions":{},"includedScopes":[]},{"contributions":{},"includedScopes":[]},{"contributions":{},"includedScopes":[]}]},"contributions":{},"includedScopes":[{"containerScope":{"containerScope":{"containerScope":{"contributions":{},"includedScopes":[]},"contributions":{},"includedScopes":[]},"contributions":{},"includedScopes":[]},"contributions":{},"includedScopes":[]}]},"contributions":{},"includedScopes":[]},"contributions":{},"includedScopes":[]},"contributions":{},"includedScopes":[]},"contributions":{},"includedScopes":[]},"contributions":{},"includedScopes":[]},"sourceMap":{"end":{"column":91,"line":40,"offset":1373},"start":{"column":79,"line":40,"offset":1361}}},{"id":"de7f6c28-cd7e-4684-ac4d-3621a9f5b245","metadata":[],"name":"dragon","scope":{"containerScope":{"containerScope":{"containerScope":{"containerScope":{"containerScope":{"containerScope":{"containerScope":{"contributions":{},"includedScopes":[]},"contributions":{},"includedScopes":[{"contributions":{},"includedScopes":[]},{"contributions":{},"includedScopes":[]},{"contributions":{},"includedScopes":[]},{"contributions":{},"includedScopes":[]}]},"contributions":{},"includedScopes":[{"containerScope":{"containerScope":{"containerScope":{"contributions":{},"includedScopes":[]},"contributions":{},"includedScopes":[]},"contributions":{},"includedScopes":[]},"contributions":{},"includedScopes":[]}]},"contributions":{},"includedScopes":[]},"contributions":{},"includedScopes":[]},"contributions":{},"includedScopes":[]},"contributions":{},"includedScopes":[]},"contributions":{},"includedScopes":[]},"sourceMap":{"end":{"column":99,"line":40,"offset":1381},"start":{"column":93,"line":40,"offset":1375}}},{"id":"471f531d-e443-496b-aed6-b03e05ada3e6","metadata":[],"name":"dragon","scope":{"containerScope":{"containerScope":{"containerScope":{"containerScope":{"containerScope":{"containerScope":{"containerScope":{"contributions":{},"includedScopes":[]},"contributions":{},"includedScopes":[{"contributions":{},"includedScopes":[]},{"contributions":{},"includedScopes":[]},{"contributions":{},"includedScopes":[]},{"contributions":{},"includedScopes":[]}]},"contributions":{},"includedScopes":[{"containerScope":{"containerScope":{"containerScope":{"contributions":{},"includedScopes":[]},"contributions":{},"includedScopes":[]},"contributions":{},"includedScopes":[]},"contributions":{},"includedScopes":[]}]},"contributions":{},"includedScopes":[]},"contributions":{},"includedScopes":[]},"contributions":{},"includedScopes":[]},"contributions":{},"includedScopes":[]},"contributions":{},"includedScopes":[]},"sourceMap":{"end":{"column":107,"line":40,"offset":1389},"start":{"column":101,"line":40,"offset":1383}}}]]}],"id":"e59294db-02b6-45aa-8f1b-9999e5e6231d","message":"iniciarOleada","metadata":[],"receiver":{"id":"13940973-2646-4c75-9838-643df3ba449b","metadata":[],"name":"administradorDeOleadas","scope":{"containerScope":{"containerScope":{"containerScope":{"containerScope":{"containerScope":{"containerScope":{"contributions":{},"includedScopes":[]},"contributions":{},"includedScopes":[{"contributions":{},"includedScopes":[]},{"contributions":{},"includedScopes":[]},{"contributions":{},"includedScopes":[]},{"contributions":{},"includedScopes":[]}]},"contributions":{},"includedScopes":[{"containerScope":{"containerScope":{"containerScope":{"contributions":{},"includedScopes":[]},"contributions":{},"includedScopes":[]},"contributions":{},"includedScopes":[]},"contributions":{},"includedScopes":[]}]},"contributions":{},"includedScopes":[]},"contributions":{},"includedScopes":[]},"contributions":{},"includedScopes":[]},"contributions":{},"includedScopes":[]},"sourceMap":{"end":{"column":33,"line":40,"offset":1315},"start":{"column":11,"line":40,"offset":1293}}},"scope":{"containerScope":{"containerScope":{"containerScope":{"containerScope":{"containerScope":{"contributions":{},"includedScopes":[]},"contributions":{},"includedScopes":[{"contributions":{},"includedScopes":[]},{"contributions":{},"includedScopes":[]},{"contributions":{},"includedScopes":[]},{"contributions":{},"includedScopes":[]}]},"contributions":{},"includedScopes":[{"containerScope":{"containerScope":{"containerScope":{"contributions":{},"includedScopes":[]},"contributions":{},"includedScopes":[]},"contributions":{},"includedScopes":[]},"contributions":{},"includedScopes":[]}]},"contributions":{},"includedScopes":[]},"contributions":{},"includedScopes":[]},"contributions":{},"includedScopes":[]},"sourceMap":{"end":{"column":109,"line":40,"offset":1391},"start":{"column":10,"line":40,"offset":1293}}}],"sourceMap":{"end":{"column":6,"line":41,"offset":1398},"start":{"column":27,"line":36,"offset":1175}}},"compiled":false,"id":"ea8fc870-d241-45d0-a892-5603aac9ddb2","isOverride":false,"metadata":[],"name":"iniciarNivel","parameters":[],"problems":[],"scope":{"containerScope":{"containerScope":{"containerScope":{"contributions":{},"includedScopes":[]},"contributions":{},"includedScopes":[{"contributions":{},"includedScopes":[]},{"contributions":{},"includedScopes":[]},{"contributions":{},"includedScopes":[]},{"contributions":{},"includedScopes":[]}]},"contributions":{},"includedScopes":[{"containerScope":{"containerScope":{"containerScope":{"contributions":{},"includedScopes":[]},"contributions":{},"includedScopes":[]},"contributions":{},"includedScopes":[]},"contributions":{},"includedScopes":[]}]},"contributions":{},"includedScopes":[]},"sourceMap":{"end":{"column":6,"line":41,"offset":1398},"start":{"column":5,"line":36,"offset":1153}}}],"metadata":[],"name":"nivelSurvival","problems":[{"code":"malformedMember","sourceMap":{"end":{"column":50,"line":35,"offset":1147},"start":{"column":5,"line":35,"offset":1102}}}],"scope":{"containerScope":{"containerScope":{"contributions":{},"includedScopes":[]},"contributions":{},"includedScopes":[{"contributions":{},"includedScopes":[]},{"contributions":{},"includedScopes":[]},{"contributions":{},"includedScopes":[]},{"contributions":{},"includedScopes":[]}]},"contributions":{},"includedScopes":[{"containerScope":{"containerScope":{"containerScope":{"contributions":{},"includedScopes":[]},"contributions":{},"includedScopes":[]},"contributions":{},"includedScopes":[]},"contributions":{},"includedScopes":[]}]},"sourceMap":{"end":{"column":2,"line":42,"offset":1401},"start":{"column":1,"line":33,"offset":1029}},"supertypes":[]},"stack":"Error: Failed to print, found malformed node\n    at c:\\Users\\estudiante\\.vscode\\extensions\\uqbar.wollok-lsp-ide-0.5.2\\out\\server\\src\\server.js:68:3585\n    at jbn (c:\\Users\\estudiante\\.vscode\\extensions\\uqbar.wollok-lsp-ide-0.5.2\\out\\server\\src\\server.js:68:3396)\n    at c:\\Users\\estudiante\\.vscode\\extensions\\uqbar.wollok-lsp-ide-0.5.2\\out\\server\\src\\server.js:2371:847\n    at c:\\Users\\estudiante\\.vscode\\extensions\\uqbar.wollok-lsp-ide-0.5.2\\out\\server\\src\\server.js:2371:8440\n    at c:\\Users\\estudiante\\.vscode\\extensions\\uqbar.wollok-lsp-ide-0.5.2\\out\\server\\src\\server.js:37:74770\n    at Ye (c:\\Users\\estudiante\\.vscode\\extensions\\uqbar.wollok-lsp-ide-0.5.2\\out\\server\\src\\server.js:7:8527)\n    at Dt (c:\\Users\\estudiante\\.vscode\\extensions\\uqbar.wollok-lsp-ide-0.5.2\\out\\server\\src\\server.js:7:6189)\n    at Zi (c:\\Users\\estudiante\\.vscode\\extensions\\uqbar.wollok-lsp-ide-0.5.2\\out\\server\\src\\server.js:7:6378)\n    at Immediate._onImmediate (c:\\Users\\estudiante\\.vscode\\extensions\\uqbar.wollok-lsp-ide-0.5.2\\out\\server\\src\\server.js:7:6142)\n    at process.processImmediate (node:internal/timers:485:21)","timestamp":"2025-07-01T13:36:00.904Z"}
{"level":"info","message":"⌛ Validating niveles.wlk","timeElapsed":613,"timestamp":"2025-07-01T13:36:01.577Z"}
{"level":"info","message":"⌛ Building environment","timeElapsed":824,"timestamp":"2025-07-01T13:36:02.403Z"}
{"level":"info","message":"⌛ Building environment","timeElapsed":335,"timestamp":"2025-07-01T13:36:02.783Z"}
{"level":"info","message":"⌛ Building environment","timeElapsed":266,"timestamp":"2025-07-01T13:36:03.093Z"}
{"level":"info","message":"⌛ Validating niveles.wlk","timeElapsed":377,"timestamp":"2025-07-01T13:36:03.530Z"}
{"level":"info","message":"⌛ Building environment","timeElapsed":370,"timestamp":"2025-07-01T13:36:03.906Z"}
{"level":"info","message":"⌛ Validating niveles.wlk","timeElapsed":311,"timestamp":"2025-07-01T13:36:04.270Z"}
{"level":"info","message":"⌛ Validating niveles.wlk","timeElapsed":368,"timestamp":"2025-07-01T13:36:04.661Z"}
{"level":"info","message":"⌛ Validating niveles.wlk","timeElapsed":401,"timestamp":"2025-07-01T13:36:05.070Z"}
{"level":"info","message":"⌛ Validating niveles.wlk","timeElapsed":789,"timestamp":"2025-07-01T13:36:05.861Z"}
{"level":"error","message":"✘ Failed to get type description: Error: Failed to print, found malformed node Failed to print, found malformed node","node":{"id":"44dafe2a-02ae-4707-8279-c50345c92774","members":[{"body":{"id":"a23df4c5-3cc1-4d4c-8d6f-17046d46cf40","metadata":[],"problems":[],"scope":{"containerScope":{"containerScope":{"containerScope":{"containerScope":{"contributions":{},"includedScopes":[]},"contributions":{},"includedScopes":[{"contributions":{},"includedScopes":[]},{"contributions":{},"includedScopes":[]},{"contributions":{},"includedScopes":[]},{"contributions":{},"includedScopes":[]}]},"contributions":{},"includedScopes":[{"containerScope":{"containerScope":{"containerScope":{"contributions":{},"includedScopes":[]},"contributions":{},"includedScopes":[]},"contributions":{},"includedScopes":[]},"contributions":{},"includedScopes":[]}]},"contributions":{},"includedScopes":[]},"contributions":{},"includedScopes":[]},"sentences":[{"id":"339548a3-8939-4969-9d66-9f602b504208","metadata":[],"scope":{"containerScope":{"containerScope":{"containerScope":{"containerScope":{"containerScope":{"contributions":{},"includedScopes":[]},"contributions":{},"includedScopes":[{"contributions":{},"includedScopes":[]},{"contributions":{},"includedScopes":[]},{"contributions":{},"includedScopes":[]},{"contributions":{},"includedScopes":[]}]},"contributions":{},"includedScopes":[{"containerScope":{"containerScope":{"containerScope":{"contributions":{},"includedScopes":[]},"contributions":{},"includedScopes":[]},"contributions":{},"includedScopes":[]},"contributions":{},"includedScopes":[]}]},"contributions":{},"includedScopes":[]},"contributions":{},"includedScopes":[]},"contributions":{},"includedScopes":[]},"value":{"id":"7eb7508d-7bcf-43ad-a708-6667150fb3fc","metadata":[],"scope":{"containerScope":{"containerScope":{"containerScope":{"containerScope":{"containerScope":{"containerScope":{"contributions":{},"includedScopes":[]},"contributions":{},"includedScopes":[{"contributions":{},"includedScopes":[]},{"contributions":{},"includedScopes":[]},{"contributions":{},"includedScopes":[]},{"contributions":{},"includedScopes":[]}]},"contributions":{},"includedScopes":[{"containerScope":{"containerScope":{"containerScope":{"contributions":{},"includedScopes":[]},"contributions":{},"includedScopes":[]},"contributions":{},"includedScopes":[]},"contributions":{},"includedScopes":[]}]},"contributions":{},"includedScopes":[]},"contributions":{},"includedScopes":[]},"contributions":{},"includedScopes":[]},"contributions":{},"includedScopes":[]},"sourceMap":{"end":{"column":45,"line":34,"offset":1096},"start":{"column":22,"line":34,"offset":1073}},"value":"escenarioSurvival.png"}}],"sourceMap":{"end":{"column":45,"line":34,"offset":1096},"start":{"column":22,"line":34,"offset":1073}}},"compiled":false,"id":"3e65ad55-e878-4bb4-b8c5-5173651dd073","isOverride":false,"metadata":[],"name":"image","parameters":[],"problems":[],"scope":{"containerScope":{"containerScope":{"containerScope":{"contributions":{},"includedScopes":[]},"contributions":{},"includedScopes":[{"contributions":{},"includedScopes":[]},{"contributions":{},"includedScopes":[]},{"contributions":{},"includedScopes":[]},{"contributions":{},"includedScopes":[]}]},"contributions":{},"includedScopes":[{"containerScope":{"containerScope":{"containerScope":{"contributions":{},"includedScopes":[]},"contributions":{},"includedScopes":[]},"contributions":{},"includedScopes":[]},"contributions":{},"includedScopes":[]}]},"contributions":{},"includedScopes":[]},"sourceMap":{"end":{"column":45,"line":34,"offset":1096},"start":{"column":5,"line":34,"offset":1056}}},{"body":{"id":"7632927b-2ae7-43f9-b173-50e4701c093c","metadata":[],"problems":[],"scope":{"containerScope":{"containerScope":{"containerScope":{"containerScope":{"contributions":{},"includedScopes":[]},"contributions":{},"includedScopes":[{"contributions":{},"includedScopes":[]},{"contributions":{},"includedScopes":[]},{"contributions":{},"includedScopes":[]},{"contributions":{},"includedScopes":[]}]},"contributions":{},"includedScopes":[{"containerScope":{"containerScope":{"containerScope":{"contributions":{},"includedScopes":[]},"contributions":{},"includedScopes":[]},"contributions":{},"includedScopes":[]},"contributions":{},"includedScopes":[]}]},"contributions":{},"includedScopes":[]},"contributions":{},"includedScopes":[]},"sentences":[{"args":[],"id":"81a9e664-e385-483f-9272-8c737e6f6d20","message":"configTeclas","metadata":[],"receiver":{"id":"35920532-7ad2-4460-94ba-08ff81d78e32","metadata":[{"args":{"position":"start","text":"//game.addVisual(self)"},"name":"comment"}],"name":"config","scope":{"containerScope":{"containerScope":{"containerScope":{"containerScope":{"containerScope":{"containerScope":{"contributions":{},"includedScopes":[]},"contributions":{},"includedScopes":[{"contributions":{},"includedScopes":[]},{"contributions":{},"includedScopes":[]},{"contributions":{},"includedScopes":[]},{"contributions":{},"includedScopes":[]}]},"contributions":{},"includedScopes":[{"containerScope":{"containerScope":{"containerScope":{"contributions":{},"includedScopes":[]},"contributions":{},"includedScopes":[]},"contributions":{},"includedScopes":[]},"contributions":{},"includedScopes":[]}]},"contributions":{},"includedScopes":[]},"contributions":{},"includedScopes":[]},"contributions":{},"includedScopes":[]},"contributions":{},"includedScopes":[]},"sourceMap":{"end":{"column":17,"line":38,"offset":1232},"start":{"column":11,"line":38,"offset":1226}}},"scope":{"containerScope":{"containerScope":{"containerScope":{"containerScope":{"containerScope":{"contributions":{},"includedScopes":[]},"contributions":{},"includedScopes":[{"contributions":{},"includedScopes":[]},{"contributions":{},"includedScopes":[]},{"contributions":{},"includedScopes":[]},{"contributions":{},"includedScopes":[]}]},"contributions":{},"includedScopes":[{"containerScope":{"containerScope":{"containerScope":{"contributions":{},"includedScopes":[]},"contributions":{},"includedScopes":[]},"contributions":{},"includedScopes":[]},"contributions":{},"includedScopes":[]}]},"contributions":{},"includedScopes":[]},"contributions":{},"includedScopes":[]},"contributions":{},"includedScopes":[]},"sourceMap":{"end":{"column":32,"line":38,"offset":1247},"start":{"column":11,"line":37,"offset":1192}}},{"args":[],"id":"c855d8b1-e862-443a-a3b7-5c01ab60b56e","message":"iniciar","metadata":[],"receiver":{"id":"41b9d402-f14a-420b-a8f7-8eff3dd0a131","metadata":[],"name":"magoProtagonista","scope":{"containerScope":{"containerScope":{"containerScope":{"containerScope":{"containerScope":{"containerScope":{"contributions":{},"includedScopes":[]},"contributions":{},"includedScopes":[{"contributions":{},"includedScopes":[]},{"contributions":{},"includedScopes":[]},{"contributions":{},"includedScopes":[]},{"contributions":{},"includedScopes":[]}]},"contributions":{},"includedScopes":[{"containerScope":{"containerScope":{"containerScope":{"contributions":{},"includedScopes":[]},"contributions":{},"includedScopes":[]},"contributions":{},"includedScopes":[]},"contributions":{},"includedScopes":[]}]},"contributions":{},"includedScopes":[]},"contributions":{},"includedScopes":[]},"contributions":{},"includedScopes":[]},"contributions":{},"includedScopes":[]},"sourceMap":{"end":{"column":27,"line":39,"offset":1275},"start":{"column":11,"line":39,"offset":1259}}},"scope":{"containerScope":{"containerScope":{"containerScope":{"containerScope":{"containerScope":{"contributions":{},"includedScopes":[]},"contributions":{},"includedScopes":[{"contributions":{},"includedScopes":[]},{"contributions":{},"includedScopes":[]},{"contributions":{},"includedScopes":[]},{"contributions":{},"includedScopes":[]}]},"contributions":{},"includedScopes":[{"containerScope":{"containerScope":{"containerScope":{"contributions":{},"includedScopes":[]},"contributions":{},"includedScopes":[]},"contributions":{},"includedScopes":[]},"contributions":{},"includedScopes":[]}]},"contributions":{},"includedScopes":[]},"contributions":{},"includedScopes":[]},"contributions":{},"includedScopes":[]},"sourceMap":{"end":{"column":37,"line":39,"offset":1285},"start":{"column":10,"line":39,"offset":1259}}},{"args":[{"id":"04d124c3-9ffa-463c-a279-b601f0b6cbed","metadata":[],"scope":{"containerScope":{"containerScope":{"containerScope":{"containerScope":{"containerScope":{"containerScope":{"contributions":{},"includedScopes":[]},"contributions":{},"includedScopes":[{"contributions":{},"includedScopes":[]},{"contributions":{},"includedScopes":[]},{"contributions":{},"includedScopes":[]},{"contributions":{},"includedScopes":[]}]},"contributions":{},"includedScopes":[{"containerScope":{"containerScope":{"containerScope":{"contributions":{},"includedScopes":[]},"contributions":{},"includedScopes":[]},"contributions":{},"includedScopes":[]},"contributions":{},"includedScopes":[]}]},"contributions":{},"includedScopes":[]},"contributions":{},"includedScopes":[]},"contributions":{},"includedScopes":[]},"contributions":{},"includedScopes":[]},"sourceMap":{"end":{"column":108,"line":40,"offset":1394},"start":{"column":48,"line":40,"offset":1334}},"value":[{"id":"fe860aac-6f3a-4f14-b655-a7fb202de80c","metadata":[],"name":"wollok.lang.List","scope":{"containerScope":{"containerScope":{"containerScope":{"containerScope":{"containerScope":{"containerScope":{"containerScope":{"contributions":{},"includedScopes":[]},"contributions":{},"includedScopes":[{"contributions":{},"includedScopes":[]},{"contributions":{},"includedScopes":[]},{"contributions":{},"includedScopes":[]},{"contributions":{},"includedScopes":[]}]},"contributions":{},"includedScopes":[{"containerScope":{"containerScope":{"containerScope":{"contributions":{},"includedScopes":[]},"contributions":{},"includedScopes":[]},"contributions":{},"includedScopes":[]},"contributions":{},"includedScopes":[]}]},"contributions":{},"includedScopes":[]},"contributions":{},"includedScopes":[]},"contributions":{},"includedScopes":[]},"contributions":{},"includedScopes":[]},"contributions":{},"includedScopes":[]}},[{"id":"2ae7967f-e068-413a-ab9b-4edfb7425fdf","metadata":[],"name":"arbolMaldito","scope":{"containerScope":{"containerScope":{"containerScope":{"containerScope":{"containerScope":{"containerScope":{"containerScope":{"contributions":{},"includedScopes":[]},"contributions":{},"includedScopes":[{"contributions":{},"includedScopes":[]},{"contributions":{},"includedScopes":[]},{"contributions":{},"includedScopes":[]},{"contributions":{},"includedScopes":[]}]},"contributions":{},"includedScopes":[{"containerScope":{"containerScope":{"containerScope":{"contributions":{},"includedScopes":[]},"contributions":{},"includedScopes":[]},"contributions":{},"includedScopes":[]},"contributions":{},"includedScopes":[]}]},"contributions":{},"includedScopes":[]},"contributions":{},"includedScopes":[]},"contributions":{},"includedScopes":[]},"contributions":{},"includedScopes":[]},"contributions":{},"includedScopes":[]},"sourceMap":{"end":{"column":61,"line":40,"offset":1347},"start":{"column":49,"line":40,"offset":1335}}},{"id":"905ade17-5cc6-43e6-b263-87209f1b221e","metadata":[],"name":"dragon","scope":{"containerScope":{"containerScope":{"containerScope":{"containerScope":{"containerScope":{"containerScope":{"containerScope":{"contributions":{},"includedScopes":[]},"contributions":{},"includedScopes":[{"contributions":{},"includedScopes":[]},{"contributions":{},"includedScopes":[]},{"contributions":{},"includedScopes":[]},{"contributions":{},"includedScopes":[]}]},"contributions":{},"includedScopes":[{"containerScope":{"containerScope":{"containerScope":{"contributions":{},"includedScopes":[]},"contributions":{},"includedScopes":[]},"contributions":{},"includedScopes":[]},"contributions":{},"includedScopes":[]}]},"contributions":{},"includedScopes":[]},"contributions":{},"includedScopes":[]},"contributions":{},"includedScopes":[]},"contributions":{},"includedScopes":[]},"contributions":{},"includedScopes":[]},"sourceMap":{"end":{"column":69,"line":40,"offset":1355},"start":{"column":63,"line":40,"offset":1349}}},{"id":"4cb473f2-4d26-45ee-940a-354237b172d2","metadata":[],"name":"dragon","scope":{"containerScope":{"containerScope":{"containerScope":{"containerScope":{"containerScope":{"containerScope":{"containerScope":{"contributions":{},"includedScopes":[]},"contributions":{},"includedScopes":[{"contributions":{},"includedScopes":[]},{"contributions":{},"includedScopes":[]},{"contributions":{},"includedScopes":[]},{"contributions":{},"includedScopes":[]}]},"contributions":{},"includedScopes":[{"containerScope":{"containerScope":{"containerScope":{"contributions":{},"includedScopes":[]},"contributions":{},"includedScopes":[]},"contributions":{},"includedScopes":[]},"contributions":{},"includedScopes":[]}]},"contributions":{},"includedScopes":[]},"contributions":{},"includedScopes":[]},"contributions":{},"includedScopes":[]},"contributions":{},"includedScopes":[]},"contributions":{},"includedScopes":[]},"sourceMap":{"end":{"column":77,"line":40,"offset":1363},"start":{"column":71,"line":40,"offset":1357}}},{"id":"8dbaad23-e076-43e2-8d27-c9a698d33d98","metadata":[],"name":"arbolMaldito","scope":{"containerScope":{"containerScope":{"containerScope":{"containerScope":{"containerScope":{"containerScope":{"containerScope":{"contributions":{},"includedScopes":[]},"contributions":{},"includedScopes":[{"contributions":{},"includedScopes":[]},{"contributions":{},"includedScopes":[]},{"contributions":{},"includedScopes":[]},{"contributions":{},"includedScopes":[]}]},"contributions":{},"includedScopes":[{"containerScope":{"containerScope":{"containerScope":{"contributions":{},"includedScopes":[]},"contributions":{},"includedScopes":[]},"contributions":{},"includedScopes":[]},"contributions":{},"includedScopes":[]}]},"contributions":{},"includedScopes":[]},"contributions":{},"includedScopes":[]},"contributions":{},"includedScopes":[]},"contributions":{},"includedScopes":[]},"contributions":{},"includedScopes":[]},"sourceMap":{"end":{"column":91,"line":40,"offset":1377},"start":{"column":79,"line":40,"offset":1365}}},{"id":"ef7f661e-0217-4d68-a843-10fd6ae902ca","metadata":[],"name":"dragon","scope":{"containerScope":{"containerScope":{"containerScope":{"containerScope":{"containerScope":{"containerScope":{"containerScope":{"contributions":{},"includedScopes":[]},"contributions":{},"includedScopes":[{"contributions":{},"includedScopes":[]},{"contributions":{},"includedScopes":[]},{"contributions":{},"includedScopes":[]},{"contributions":{},"includedScopes":[]}]},"contributions":{},"includedScopes":[{"containerScope":{"containerScope":{"containerScope":{"contributions":{},"includedScopes":[]},"contributions":{},"includedScopes":[]},"contributions":{},"includedScopes":[]},"contributions":{},"includedScopes":[]}]},"contributions":{},"includedScopes":[]},"contributions":{},"includedScopes":[]},"contributions":{},"includedScopes":[]},"contributions":{},"includedScopes":[]},"contributions":{},"includedScopes":[]},"sourceMap":{"end":{"column":99,"line":40,"offset":1385},"start":{"column":93,"line":40,"offset":1379}}},{"id":"a8690b09-76ce-4468-9677-768c69a3537d","metadata":[],"name":"dragon","scope":{"containerScope":{"containerScope":{"containerScope":{"containerScope":{"containerScope":{"containerScope":{"containerScope":{"contributions":{},"includedScopes":[]},"contributions":{},"includedScopes":[{"contributions":{},"includedScopes":[]},{"contributions":{},"includedScopes":[]},{"contributions":{},"includedScopes":[]},{"contributions":{},"includedScopes":[]}]},"contributions":{},"includedScopes":[{"containerScope":{"containerScope":{"containerScope":{"contributions":{},"includedScopes":[]},"contributions":{},"includedScopes":[]},"contributions":{},"includedScopes":[]},"contributions":{},"includedScopes":[]}]},"contributions":{},"includedScopes":[]},"contributions":{},"includedScopes":[]},"contributions":{},"includedScopes":[]},"contributions":{},"includedScopes":[]},"contributions":{},"includedScopes":[]},"sourceMap":{"end":{"column":107,"line":40,"offset":1393},"start":{"column":101,"line":40,"offset":1387}}}]]}],"id":"01b1ae6f-1627-4475-b7e2-9d29ff55ae37","message":"iniciarOleada","metadata":[],"receiver":{"id":"ca00c0be-ae30-40b0-b6fb-95e76b58bcab","metadata":[],"name":"administradorDeOleadas","scope":{"containerScope":{"containerScope":{"containerScope":{"containerScope":{"containerScope":{"containerScope":{"contributions":{},"includedScopes":[]},"contributions":{},"includedScopes":[{"contributions":{},"includedScopes":[]},{"contributions":{},"includedScopes":[]},{"contributions":{},"includedScopes":[]},{"contributions":{},"includedScopes":[]}]},"contributions":{},"includedScopes":[{"containerScope":{"containerScope":{"containerScope":{"contributions":{},"includedScopes":[]},"contributions":{},"includedScopes":[]},"contributions":{},"includedScopes":[]},"contributions":{},"includedScopes":[]}]},"contributions":{},"includedScopes":[]},"contributions":{},"includedScopes":[]},"contributions":{},"includedScopes":[]},"contributions":{},"includedScopes":[]},"sourceMap":{"end":{"column":33,"line":40,"offset":1319},"start":{"column":11,"line":40,"offset":1297}}},"scope":{"containerScope":{"containerScope":{"containerScope":{"containerScope":{"containerScope":{"contributions":{},"includedScopes":[]},"contributions":{},"includedScopes":[{"contributions":{},"includedScopes":[]},{"contributions":{},"includedScopes":[]},{"contributions":{},"includedScopes":[]},{"contributions":{},"includedScopes":[]}]},"contributions":{},"includedScopes":[{"containerScope":{"containerScope":{"containerScope":{"contributions":{},"includedScopes":[]},"contributions":{},"includedScopes":[]},"contributions":{},"includedScopes":[]},"contributions":{},"includedScopes":[]}]},"contributions":{},"includedScopes":[]},"contributions":{},"includedScopes":[]},"contributions":{},"includedScopes":[]},"sourceMap":{"end":{"column":109,"line":40,"offset":1395},"start":{"column":10,"line":40,"offset":1297}}}],"sourceMap":{"end":{"column":6,"line":41,"offset":1402},"start":{"column":27,"line":36,"offset":1179}}},"compiled":false,"id":"6c5b93f4-a8bb-4f6f-91ec-3e71dfdf3277","isOverride":false,"metadata":[],"name":"iniciarNivel","parameters":[],"problems":[],"scope":{"containerScope":{"containerScope":{"containerScope":{"contributions":{},"includedScopes":[]},"contributions":{},"includedScopes":[{"contributions":{},"includedScopes":[]},{"contributions":{},"includedScopes":[]},{"contributions":{},"includedScopes":[]},{"contributions":{},"includedScopes":[]}]},"contributions":{},"includedScopes":[{"containerScope":{"containerScope":{"containerScope":{"contributions":{},"includedScopes":[]},"contributions":{},"includedScopes":[]},"contributions":{},"includedScopes":[]},"contributions":{},"includedScopes":[]}]},"contributions":{},"includedScopes":[]},"sourceMap":{"end":{"column":6,"line":41,"offset":1402},"start":{"column":5,"line":36,"offset":1157}}}],"metadata":[],"name":"nivelSurvival","problems":[{"code":"malformedMember","sourceMap":{"end":{"column":54,"line":35,"offset":1151},"start":{"column":5,"line":35,"offset":1102}}}],"scope":{"containerScope":{"containerScope":{"contributions":{},"includedScopes":[]},"contributions":{},"includedScopes":[{"contributions":{},"includedScopes":[]},{"contributions":{},"includedScopes":[]},{"contributions":{},"includedScopes":[]},{"contributions":{},"includedScopes":[]}]},"contributions":{},"includedScopes":[{"containerScope":{"containerScope":{"containerScope":{"contributions":{},"includedScopes":[]},"contributions":{},"includedScopes":[]},"contributions":{},"includedScopes":[]},"contributions":{},"includedScopes":[]}]},"sourceMap":{"end":{"column":2,"line":42,"offset":1405},"start":{"column":1,"line":33,"offset":1029}},"supertypes":[]},"stack":"Error: Failed to print, found malformed node\n    at c:\\Users\\estudiante\\.vscode\\extensions\\uqbar.wollok-lsp-ide-0.5.2\\out\\server\\src\\server.js:68:3585\n    at jbn (c:\\Users\\estudiante\\.vscode\\extensions\\uqbar.wollok-lsp-ide-0.5.2\\out\\server\\src\\server.js:68:3396)\n    at c:\\Users\\estudiante\\.vscode\\extensions\\uqbar.wollok-lsp-ide-0.5.2\\out\\server\\src\\server.js:2371:847\n    at c:\\Users\\estudiante\\.vscode\\extensions\\uqbar.wollok-lsp-ide-0.5.2\\out\\server\\src\\server.js:2371:8440\n    at c:\\Users\\estudiante\\.vscode\\extensions\\uqbar.wollok-lsp-ide-0.5.2\\out\\server\\src\\server.js:37:74770\n    at Ye (c:\\Users\\estudiante\\.vscode\\extensions\\uqbar.wollok-lsp-ide-0.5.2\\out\\server\\src\\server.js:7:8527)\n    at Dt (c:\\Users\\estudiante\\.vscode\\extensions\\uqbar.wollok-lsp-ide-0.5.2\\out\\server\\src\\server.js:7:6189)\n    at Zi (c:\\Users\\estudiante\\.vscode\\extensions\\uqbar.wollok-lsp-ide-0.5.2\\out\\server\\src\\server.js:7:6378)\n    at Immediate._onImmediate (c:\\Users\\estudiante\\.vscode\\extensions\\uqbar.wollok-lsp-ide-0.5.2\\out\\server\\src\\server.js:7:6142)\n    at process.processImmediate (node:internal/timers:485:21)","timestamp":"2025-07-01T13:36:05.992Z"}
{"level":"error","message":"✘ Failed to get type description: Error: Failed to print, found malformed node Failed to print, found malformed node","node":{"id":"44dafe2a-02ae-4707-8279-c50345c92774","members":[{"body":{"id":"a23df4c5-3cc1-4d4c-8d6f-17046d46cf40","metadata":[],"problems":[],"scope":{"containerScope":{"containerScope":{"containerScope":{"containerScope":{"contributions":{},"includedScopes":[]},"contributions":{},"includedScopes":[{"contributions":{},"includedScopes":[]},{"contributions":{},"includedScopes":[]},{"contributions":{},"includedScopes":[]},{"contributions":{},"includedScopes":[]}]},"contributions":{},"includedScopes":[{"containerScope":{"containerScope":{"containerScope":{"contributions":{},"includedScopes":[]},"contributions":{},"includedScopes":[]},"contributions":{},"includedScopes":[]},"contributions":{},"includedScopes":[]}]},"contributions":{},"includedScopes":[]},"contributions":{},"includedScopes":[]},"sentences":[{"id":"339548a3-8939-4969-9d66-9f602b504208","metadata":[],"scope":{"containerScope":{"containerScope":{"containerScope":{"containerScope":{"containerScope":{"contributions":{},"includedScopes":[]},"contributions":{},"includedScopes":[{"contributions":{},"includedScopes":[]},{"contributions":{},"includedScopes":[]},{"contributions":{},"includedScopes":[]},{"contributions":{},"includedScopes":[]}]},"contributions":{},"includedScopes":[{"containerScope":{"containerScope":{"containerScope":{"contributions":{},"includedScopes":[]},"contributions":{},"includedScopes":[]},"contributions":{},"includedScopes":[]},"contributions":{},"includedScopes":[]}]},"contributions":{},"includedScopes":[]},"contributions":{},"includedScopes":[]},"contributions":{},"includedScopes":[]},"value":{"id":"7eb7508d-7bcf-43ad-a708-6667150fb3fc","metadata":[],"scope":{"containerScope":{"containerScope":{"containerScope":{"containerScope":{"containerScope":{"containerScope":{"contributions":{},"includedScopes":[]},"contributions":{},"includedScopes":[{"contributions":{},"includedScopes":[]},{"contributions":{},"includedScopes":[]},{"contributions":{},"includedScopes":[]},{"contributions":{},"includedScopes":[]}]},"contributions":{},"includedScopes":[{"containerScope":{"containerScope":{"containerScope":{"contributions":{},"includedScopes":[]},"contributions":{},"includedScopes":[]},"contributions":{},"includedScopes":[]},"contributions":{},"includedScopes":[]}]},"contributions":{},"includedScopes":[]},"contributions":{},"includedScopes":[]},"contributions":{},"includedScopes":[]},"contributions":{},"includedScopes":[]},"sourceMap":{"end":{"column":45,"line":34,"offset":1096},"start":{"column":22,"line":34,"offset":1073}},"value":"escenarioSurvival.png"}}],"sourceMap":{"end":{"column":45,"line":34,"offset":1096},"start":{"column":22,"line":34,"offset":1073}}},"compiled":false,"id":"3e65ad55-e878-4bb4-b8c5-5173651dd073","isOverride":false,"metadata":[],"name":"image","parameters":[],"problems":[],"scope":{"containerScope":{"containerScope":{"containerScope":{"contributions":{},"includedScopes":[]},"contributions":{},"includedScopes":[{"contributions":{},"includedScopes":[]},{"contributions":{},"includedScopes":[]},{"contributions":{},"includedScopes":[]},{"contributions":{},"includedScopes":[]}]},"contributions":{},"includedScopes":[{"containerScope":{"containerScope":{"containerScope":{"contributions":{},"includedScopes":[]},"contributions":{},"includedScopes":[]},"contributions":{},"includedScopes":[]},"contributions":{},"includedScopes":[]}]},"contributions":{},"includedScopes":[]},"sourceMap":{"end":{"column":45,"line":34,"offset":1096},"start":{"column":5,"line":34,"offset":1056}}},{"body":{"id":"7632927b-2ae7-43f9-b173-50e4701c093c","metadata":[],"problems":[],"scope":{"containerScope":{"containerScope":{"containerScope":{"containerScope":{"contributions":{},"includedScopes":[]},"contributions":{},"includedScopes":[{"contributions":{},"includedScopes":[]},{"contributions":{},"includedScopes":[]},{"contributions":{},"includedScopes":[]},{"contributions":{},"includedScopes":[]}]},"contributions":{},"includedScopes":[{"containerScope":{"containerScope":{"containerScope":{"contributions":{},"includedScopes":[]},"contributions":{},"includedScopes":[]},"contributions":{},"includedScopes":[]},"contributions":{},"includedScopes":[]}]},"contributions":{},"includedScopes":[]},"contributions":{},"includedScopes":[]},"sentences":[{"args":[],"id":"81a9e664-e385-483f-9272-8c737e6f6d20","message":"configTeclas","metadata":[],"receiver":{"id":"35920532-7ad2-4460-94ba-08ff81d78e32","metadata":[{"args":{"position":"start","text":"//game.addVisual(self)"},"name":"comment"}],"name":"config","scope":{"containerScope":{"containerScope":{"containerScope":{"containerScope":{"containerScope":{"containerScope":{"contributions":{},"includedScopes":[]},"contributions":{},"includedScopes":[{"contributions":{},"includedScopes":[]},{"contributions":{},"includedScopes":[]},{"contributions":{},"includedScopes":[]},{"contributions":{},"includedScopes":[]}]},"contributions":{},"includedScopes":[{"containerScope":{"containerScope":{"containerScope":{"contributions":{},"includedScopes":[]},"contributions":{},"includedScopes":[]},"contributions":{},"includedScopes":[]},"contributions":{},"includedScopes":[]}]},"contributions":{},"includedScopes":[]},"contributions":{},"includedScopes":[]},"contributions":{},"includedScopes":[]},"contributions":{},"includedScopes":[]},"sourceMap":{"end":{"column":17,"line":38,"offset":1232},"start":{"column":11,"line":38,"offset":1226}}},"scope":{"containerScope":{"containerScope":{"containerScope":{"containerScope":{"containerScope":{"contributions":{},"includedScopes":[]},"contributions":{},"includedScopes":[{"contributions":{},"includedScopes":[]},{"contributions":{},"includedScopes":[]},{"contributions":{},"includedScopes":[]},{"contributions":{},"includedScopes":[]}]},"contributions":{},"includedScopes":[{"containerScope":{"containerScope":{"containerScope":{"contributions":{},"includedScopes":[]},"contributions":{},"includedScopes":[]},"contributions":{},"includedScopes":[]},"contributions":{},"includedScopes":[]}]},"contributions":{},"includedScopes":[]},"contributions":{},"includedScopes":[]},"contributions":{},"includedScopes":[]},"sourceMap":{"end":{"column":32,"line":38,"offset":1247},"start":{"column":11,"line":37,"offset":1192}}},{"args":[],"id":"c855d8b1-e862-443a-a3b7-5c01ab60b56e","message":"iniciar","metadata":[],"receiver":{"id":"41b9d402-f14a-420b-a8f7-8eff3dd0a131","metadata":[],"name":"magoProtagonista","scope":{"containerScope":{"containerScope":{"containerScope":{"containerScope":{"containerScope":{"containerScope":{"contributions":{},"includedScopes":[]},"contributions":{},"includedScopes":[{"contributions":{},"includedScopes":[]},{"contributions":{},"includedScopes":[]},{"contributions":{},"includedScopes":[]},{"contributions":{},"includedScopes":[]}]},"contributions":{},"includedScopes":[{"containerScope":{"containerScope":{"containerScope":{"contributions":{},"includedScopes":[]},"contributions":{},"includedScopes":[]},"contributions":{},"includedScopes":[]},"contributions":{},"includedScopes":[]}]},"contributions":{},"includedScopes":[]},"contributions":{},"includedScopes":[]},"contributions":{},"includedScopes":[]},"contributions":{},"includedScopes":[]},"sourceMap":{"end":{"column":27,"line":39,"offset":1275},"start":{"column":11,"line":39,"offset":1259}}},"scope":{"containerScope":{"containerScope":{"containerScope":{"containerScope":{"containerScope":{"contributions":{},"includedScopes":[]},"contributions":{},"includedScopes":[{"contributions":{},"includedScopes":[]},{"contributions":{},"includedScopes":[]},{"contributions":{},"includedScopes":[]},{"contributions":{},"includedScopes":[]}]},"contributions":{},"includedScopes":[{"containerScope":{"containerScope":{"containerScope":{"contributions":{},"includedScopes":[]},"contributions":{},"includedScopes":[]},"contributions":{},"includedScopes":[]},"contributions":{},"includedScopes":[]}]},"contributions":{},"includedScopes":[]},"contributions":{},"includedScopes":[]},"contributions":{},"includedScopes":[]},"sourceMap":{"end":{"column":37,"line":39,"offset":1285},"start":{"column":10,"line":39,"offset":1259}}},{"args":[{"id":"04d124c3-9ffa-463c-a279-b601f0b6cbed","metadata":[],"scope":{"containerScope":{"containerScope":{"containerScope":{"containerScope":{"containerScope":{"containerScope":{"contributions":{},"includedScopes":[]},"contributions":{},"includedScopes":[{"contributions":{},"includedScopes":[]},{"contributions":{},"includedScopes":[]},{"contributions":{},"includedScopes":[]},{"contributions":{},"includedScopes":[]}]},"contributions":{},"includedScopes":[{"containerScope":{"containerScope":{"containerScope":{"contributions":{},"includedScopes":[]},"contributions":{},"includedScopes":[]},"contributions":{},"includedScopes":[]},"contributions":{},"includedScopes":[]}]},"contributions":{},"includedScopes":[]},"contributions":{},"includedScopes":[]},"contributions":{},"includedScopes":[]},"contributions":{},"includedScopes":[]},"sourceMap":{"end":{"column":108,"line":40,"offset":1394},"start":{"column":48,"line":40,"offset":1334}},"value":[{"id":"fe860aac-6f3a-4f14-b655-a7fb202de80c","metadata":[],"name":"wollok.lang.List","scope":{"containerScope":{"containerScope":{"containerScope":{"containerScope":{"containerScope":{"containerScope":{"containerScope":{"contributions":{},"includedScopes":[]},"contributions":{},"includedScopes":[{"contributions":{},"includedScopes":[]},{"contributions":{},"includedScopes":[]},{"contributions":{},"includedScopes":[]},{"contributions":{},"includedScopes":[]}]},"contributions":{},"includedScopes":[{"containerScope":{"containerScope":{"containerScope":{"contributions":{},"includedScopes":[]},"contributions":{},"includedScopes":[]},"contributions":{},"includedScopes":[]},"contributions":{},"includedScopes":[]}]},"contributions":{},"includedScopes":[]},"contributions":{},"includedScopes":[]},"contributions":{},"includedScopes":[]},"contributions":{},"includedScopes":[]},"contributions":{},"includedScopes":[]}},[{"id":"2ae7967f-e068-413a-ab9b-4edfb7425fdf","metadata":[],"name":"arbolMaldito","scope":{"containerScope":{"containerScope":{"containerScope":{"containerScope":{"containerScope":{"containerScope":{"containerScope":{"contributions":{},"includedScopes":[]},"contributions":{},"includedScopes":[{"contributions":{},"includedScopes":[]},{"contributions":{},"includedScopes":[]},{"contributions":{},"includedScopes":[]},{"contributions":{},"includedScopes":[]}]},"contributions":{},"includedScopes":[{"containerScope":{"containerScope":{"containerScope":{"contributions":{},"includedScopes":[]},"contributions":{},"includedScopes":[]},"contributions":{},"includedScopes":[]},"contributions":{},"includedScopes":[]}]},"contributions":{},"includedScopes":[]},"contributions":{},"includedScopes":[]},"contributions":{},"includedScopes":[]},"contributions":{},"includedScopes":[]},"contributions":{},"includedScopes":[]},"sourceMap":{"end":{"column":61,"line":40,"offset":1347},"start":{"column":49,"line":40,"offset":1335}}},{"id":"905ade17-5cc6-43e6-b263-87209f1b221e","metadata":[],"name":"dragon","scope":{"containerScope":{"containerScope":{"containerScope":{"containerScope":{"containerScope":{"containerScope":{"containerScope":{"contributions":{},"includedScopes":[]},"contributions":{},"includedScopes":[{"contributions":{},"includedScopes":[]},{"contributions":{},"includedScopes":[]},{"contributions":{},"includedScopes":[]},{"contributions":{},"includedScopes":[]}]},"contributions":{},"includedScopes":[{"containerScope":{"containerScope":{"containerScope":{"contributions":{},"includedScopes":[]},"contributions":{},"includedScopes":[]},"contributions":{},"includedScopes":[]},"contributions":{},"includedScopes":[]}]},"contributions":{},"includedScopes":[]},"contributions":{},"includedScopes":[]},"contributions":{},"includedScopes":[]},"contributions":{},"includedScopes":[]},"contributions":{},"includedScopes":[]},"sourceMap":{"end":{"column":69,"line":40,"offset":1355},"start":{"column":63,"line":40,"offset":1349}}},{"id":"4cb473f2-4d26-45ee-940a-354237b172d2","metadata":[],"name":"dragon","scope":{"containerScope":{"containerScope":{"containerScope":{"containerScope":{"containerScope":{"containerScope":{"containerScope":{"contributions":{},"includedScopes":[]},"contributions":{},"includedScopes":[{"contributions":{},"includedScopes":[]},{"contributions":{},"includedScopes":[]},{"contributions":{},"includedScopes":[]},{"contributions":{},"includedScopes":[]}]},"contributions":{},"includedScopes":[{"containerScope":{"containerScope":{"containerScope":{"contributions":{},"includedScopes":[]},"contributions":{},"includedScopes":[]},"contributions":{},"includedScopes":[]},"contributions":{},"includedScopes":[]}]},"contributions":{},"includedScopes":[]},"contributions":{},"includedScopes":[]},"contributions":{},"includedScopes":[]},"contributions":{},"includedScopes":[]},"contributions":{},"includedScopes":[]},"sourceMap":{"end":{"column":77,"line":40,"offset":1363},"start":{"column":71,"line":40,"offset":1357}}},{"id":"8dbaad23-e076-43e2-8d27-c9a698d33d98","metadata":[],"name":"arbolMaldito","scope":{"containerScope":{"containerScope":{"containerScope":{"containerScope":{"containerScope":{"containerScope":{"containerScope":{"contributions":{},"includedScopes":[]},"contributions":{},"includedScopes":[{"contributions":{},"includedScopes":[]},{"contributions":{},"includedScopes":[]},{"contributions":{},"includedScopes":[]},{"contributions":{},"includedScopes":[]}]},"contributions":{},"includedScopes":[{"containerScope":{"containerScope":{"containerScope":{"contributions":{},"includedScopes":[]},"contributions":{},"includedScopes":[]},"contributions":{},"includedScopes":[]},"contributions":{},"includedScopes":[]}]},"contributions":{},"includedScopes":[]},"contributions":{},"includedScopes":[]},"contributions":{},"includedScopes":[]},"contributions":{},"includedScopes":[]},"contributions":{},"includedScopes":[]},"sourceMap":{"end":{"column":91,"line":40,"offset":1377},"start":{"column":79,"line":40,"offset":1365}}},{"id":"ef7f661e-0217-4d68-a843-10fd6ae902ca","metadata":[],"name":"dragon","scope":{"containerScope":{"containerScope":{"containerScope":{"containerScope":{"containerScope":{"containerScope":{"containerScope":{"contributions":{},"includedScopes":[]},"contributions":{},"includedScopes":[{"contributions":{},"includedScopes":[]},{"contributions":{},"includedScopes":[]},{"contributions":{},"includedScopes":[]},{"contributions":{},"includedScopes":[]}]},"contributions":{},"includedScopes":[{"containerScope":{"containerScope":{"containerScope":{"contributions":{},"includedScopes":[]},"contributions":{},"includedScopes":[]},"contributions":{},"includedScopes":[]},"contributions":{},"includedScopes":[]}]},"contributions":{},"includedScopes":[]},"contributions":{},"includedScopes":[]},"contributions":{},"includedScopes":[]},"contributions":{},"includedScopes":[]},"contributions":{},"includedScopes":[]},"sourceMap":{"end":{"column":99,"line":40,"offset":1385},"start":{"column":93,"line":40,"offset":1379}}},{"id":"a8690b09-76ce-4468-9677-768c69a3537d","metadata":[],"name":"dragon","scope":{"containerScope":{"containerScope":{"containerScope":{"containerScope":{"containerScope":{"containerScope":{"containerScope":{"contributions":{},"includedScopes":[]},"contributions":{},"includedScopes":[{"contributions":{},"includedScopes":[]},{"contributions":{},"includedScopes":[]},{"contributions":{},"includedScopes":[]},{"contributions":{},"includedScopes":[]}]},"contributions":{},"includedScopes":[{"containerScope":{"containerScope":{"containerScope":{"contributions":{},"includedScopes":[]},"contributions":{},"includedScopes":[]},"contributions":{},"includedScopes":[]},"contributions":{},"includedScopes":[]}]},"contributions":{},"includedScopes":[]},"contributions":{},"includedScopes":[]},"contributions":{},"includedScopes":[]},"contributions":{},"includedScopes":[]},"contributions":{},"includedScopes":[]},"sourceMap":{"end":{"column":107,"line":40,"offset":1393},"start":{"column":101,"line":40,"offset":1387}}}]]}],"id":"01b1ae6f-1627-4475-b7e2-9d29ff55ae37","message":"iniciarOleada","metadata":[],"receiver":{"id":"ca00c0be-ae30-40b0-b6fb-95e76b58bcab","metadata":[],"name":"administradorDeOleadas","scope":{"containerScope":{"containerScope":{"containerScope":{"containerScope":{"containerScope":{"containerScope":{"contributions":{},"includedScopes":[]},"contributions":{},"includedScopes":[{"contributions":{},"includedScopes":[]},{"contributions":{},"includedScopes":[]},{"contributions":{},"includedScopes":[]},{"contributions":{},"includedScopes":[]}]},"contributions":{},"includedScopes":[{"containerScope":{"containerScope":{"containerScope":{"contributions":{},"includedScopes":[]},"contributions":{},"includedScopes":[]},"contributions":{},"includedScopes":[]},"contributions":{},"includedScopes":[]}]},"contributions":{},"includedScopes":[]},"contributions":{},"includedScopes":[]},"contributions":{},"includedScopes":[]},"contributions":{},"includedScopes":[]},"sourceMap":{"end":{"column":33,"line":40,"offset":1319},"start":{"column":11,"line":40,"offset":1297}}},"scope":{"containerScope":{"containerScope":{"containerScope":{"containerScope":{"containerScope":{"contributions":{},"includedScopes":[]},"contributions":{},"includedScopes":[{"contributions":{},"includedScopes":[]},{"contributions":{},"includedScopes":[]},{"contributions":{},"includedScopes":[]},{"contributions":{},"includedScopes":[]}]},"contributions":{},"includedScopes":[{"containerScope":{"containerScope":{"containerScope":{"contributions":{},"includedScopes":[]},"contributions":{},"includedScopes":[]},"contributions":{},"includedScopes":[]},"contributions":{},"includedScopes":[]}]},"contributions":{},"includedScopes":[]},"contributions":{},"includedScopes":[]},"contributions":{},"includedScopes":[]},"sourceMap":{"end":{"column":109,"line":40,"offset":1395},"start":{"column":10,"line":40,"offset":1297}}}],"sourceMap":{"end":{"column":6,"line":41,"offset":1402},"start":{"column":27,"line":36,"offset":1179}}},"compiled":false,"id":"6c5b93f4-a8bb-4f6f-91ec-3e71dfdf3277","isOverride":false,"metadata":[],"name":"iniciarNivel","parameters":[],"problems":[],"scope":{"containerScope":{"containerScope":{"containerScope":{"contributions":{},"includedScopes":[]},"contributions":{},"includedScopes":[{"contributions":{},"includedScopes":[]},{"contributions":{},"includedScopes":[]},{"contributions":{},"includedScopes":[]},{"contributions":{},"includedScopes":[]}]},"contributions":{},"includedScopes":[{"containerScope":{"containerScope":{"containerScope":{"contributions":{},"includedScopes":[]},"contributions":{},"includedScopes":[]},"contributions":{},"includedScopes":[]},"contributions":{},"includedScopes":[]}]},"contributions":{},"includedScopes":[]},"sourceMap":{"end":{"column":6,"line":41,"offset":1402},"start":{"column":5,"line":36,"offset":1157}}}],"metadata":[],"name":"nivelSurvival","problems":[{"code":"malformedMember","sourceMap":{"end":{"column":54,"line":35,"offset":1151},"start":{"column":5,"line":35,"offset":1102}}}],"scope":{"containerScope":{"containerScope":{"contributions":{},"includedScopes":[]},"contributions":{},"includedScopes":[{"contributions":{},"includedScopes":[]},{"contributions":{},"includedScopes":[]},{"contributions":{},"includedScopes":[]},{"contributions":{},"includedScopes":[]}]},"contributions":{},"includedScopes":[{"containerScope":{"containerScope":{"containerScope":{"contributions":{},"includedScopes":[]},"contributions":{},"includedScopes":[]},"contributions":{},"includedScopes":[]},"contributions":{},"includedScopes":[]}]},"sourceMap":{"end":{"column":2,"line":42,"offset":1405},"start":{"column":1,"line":33,"offset":1029}},"supertypes":[]},"stack":"Error: Failed to print, found malformed node\n    at c:\\Users\\estudiante\\.vscode\\extensions\\uqbar.wollok-lsp-ide-0.5.2\\out\\server\\src\\server.js:68:3585\n    at jbn (c:\\Users\\estudiante\\.vscode\\extensions\\uqbar.wollok-lsp-ide-0.5.2\\out\\server\\src\\server.js:68:3396)\n    at c:\\Users\\estudiante\\.vscode\\extensions\\uqbar.wollok-lsp-ide-0.5.2\\out\\server\\src\\server.js:2371:847\n    at c:\\Users\\estudiante\\.vscode\\extensions\\uqbar.wollok-lsp-ide-0.5.2\\out\\server\\src\\server.js:2371:8440\n    at c:\\Users\\estudiante\\.vscode\\extensions\\uqbar.wollok-lsp-ide-0.5.2\\out\\server\\src\\server.js:37:74770\n    at Ye (c:\\Users\\estudiante\\.vscode\\extensions\\uqbar.wollok-lsp-ide-0.5.2\\out\\server\\src\\server.js:7:8527)\n    at Dt (c:\\Users\\estudiante\\.vscode\\extensions\\uqbar.wollok-lsp-ide-0.5.2\\out\\server\\src\\server.js:7:6189)\n    at Zi (c:\\Users\\estudiante\\.vscode\\extensions\\uqbar.wollok-lsp-ide-0.5.2\\out\\server\\src\\server.js:7:6378)\n    at Immediate._onImmediate (c:\\Users\\estudiante\\.vscode\\extensions\\uqbar.wollok-lsp-ide-0.5.2\\out\\server\\src\\server.js:7:6142)\n    at process.processImmediate (node:internal/timers:485:21)","timestamp":"2025-07-01T13:36:06.066Z"}
{"level":"info","message":"⌛ Validating niveles.wlk","timeElapsed":501,"timestamp":"2025-07-01T13:36:06.574Z"}
{"level":"error","message":"✘ Failed to get type description: Error: Failed to print, found malformed node Failed to print, found malformed node","node":{"id":"44dafe2a-02ae-4707-8279-c50345c92774","members":[{"body":{"id":"a23df4c5-3cc1-4d4c-8d6f-17046d46cf40","metadata":[],"problems":[],"scope":{"containerScope":{"containerScope":{"containerScope":{"containerScope":{"contributions":{},"includedScopes":[]},"contributions":{},"includedScopes":[{"contributions":{},"includedScopes":[]},{"contributions":{},"includedScopes":[]},{"contributions":{},"includedScopes":[]},{"contributions":{},"includedScopes":[]}]},"contributions":{},"includedScopes":[{"containerScope":{"containerScope":{"containerScope":{"contributions":{},"includedScopes":[]},"contributions":{},"includedScopes":[]},"contributions":{},"includedScopes":[]},"contributions":{},"includedScopes":[]}]},"contributions":{},"includedScopes":[]},"contributions":{},"includedScopes":[]},"sentences":[{"id":"339548a3-8939-4969-9d66-9f602b504208","metadata":[],"scope":{"containerScope":{"containerScope":{"containerScope":{"containerScope":{"containerScope":{"contributions":{},"includedScopes":[]},"contributions":{},"includedScopes":[{"contributions":{},"includedScopes":[]},{"contributions":{},"includedScopes":[]},{"contributions":{},"includedScopes":[]},{"contributions":{},"includedScopes":[]}]},"contributions":{},"includedScopes":[{"containerScope":{"containerScope":{"containerScope":{"contributions":{},"includedScopes":[]},"contributions":{},"includedScopes":[]},"contributions":{},"includedScopes":[]},"contributions":{},"includedScopes":[]}]},"contributions":{},"includedScopes":[]},"contributions":{},"includedScopes":[]},"contributions":{},"includedScopes":[]},"value":{"id":"7eb7508d-7bcf-43ad-a708-6667150fb3fc","metadata":[],"scope":{"containerScope":{"containerScope":{"containerScope":{"containerScope":{"containerScope":{"containerScope":{"contributions":{},"includedScopes":[]},"contributions":{},"includedScopes":[{"contributions":{},"includedScopes":[]},{"contributions":{},"includedScopes":[]},{"contributions":{},"includedScopes":[]},{"contributions":{},"includedScopes":[]}]},"contributions":{},"includedScopes":[{"containerScope":{"containerScope":{"containerScope":{"contributions":{},"includedScopes":[]},"contributions":{},"includedScopes":[]},"contributions":{},"includedScopes":[]},"contributions":{},"includedScopes":[]}]},"contributions":{},"includedScopes":[]},"contributions":{},"includedScopes":[]},"contributions":{},"includedScopes":[]},"contributions":{},"includedScopes":[]},"sourceMap":{"end":{"column":45,"line":34,"offset":1096},"start":{"column":22,"line":34,"offset":1073}},"value":"escenarioSurvival.png"}}],"sourceMap":{"end":{"column":45,"line":34,"offset":1096},"start":{"column":22,"line":34,"offset":1073}}},"compiled":false,"id":"3e65ad55-e878-4bb4-b8c5-5173651dd073","isOverride":false,"metadata":[],"name":"image","parameters":[],"problems":[],"scope":{"containerScope":{"containerScope":{"containerScope":{"contributions":{},"includedScopes":[]},"contributions":{},"includedScopes":[{"contributions":{},"includedScopes":[]},{"contributions":{},"includedScopes":[]},{"contributions":{},"includedScopes":[]},{"contributions":{},"includedScopes":[]}]},"contributions":{},"includedScopes":[{"containerScope":{"containerScope":{"containerScope":{"contributions":{},"includedScopes":[]},"contributions":{},"includedScopes":[]},"contributions":{},"includedScopes":[]},"contributions":{},"includedScopes":[]}]},"contributions":{},"includedScopes":[]},"sourceMap":{"end":{"column":45,"line":34,"offset":1096},"start":{"column":5,"line":34,"offset":1056}}},{"body":{"id":"7632927b-2ae7-43f9-b173-50e4701c093c","metadata":[],"problems":[],"scope":{"containerScope":{"containerScope":{"containerScope":{"containerScope":{"contributions":{},"includedScopes":[]},"contributions":{},"includedScopes":[{"contributions":{},"includedScopes":[]},{"contributions":{},"includedScopes":[]},{"contributions":{},"includedScopes":[]},{"contributions":{},"includedScopes":[]}]},"contributions":{},"includedScopes":[{"containerScope":{"containerScope":{"containerScope":{"contributions":{},"includedScopes":[]},"contributions":{},"includedScopes":[]},"contributions":{},"includedScopes":[]},"contributions":{},"includedScopes":[]}]},"contributions":{},"includedScopes":[]},"contributions":{},"includedScopes":[]},"sentences":[{"args":[],"id":"81a9e664-e385-483f-9272-8c737e6f6d20","message":"configTeclas","metadata":[],"receiver":{"id":"35920532-7ad2-4460-94ba-08ff81d78e32","metadata":[{"args":{"position":"start","text":"//game.addVisual(self)"},"name":"comment"}],"name":"config","scope":{"containerScope":{"containerScope":{"containerScope":{"containerScope":{"containerScope":{"containerScope":{"contributions":{},"includedScopes":[]},"contributions":{},"includedScopes":[{"contributions":{},"includedScopes":[]},{"contributions":{},"includedScopes":[]},{"contributions":{},"includedScopes":[]},{"contributions":{},"includedScopes":[]}]},"contributions":{},"includedScopes":[{"containerScope":{"containerScope":{"containerScope":{"contributions":{},"includedScopes":[]},"contributions":{},"includedScopes":[]},"contributions":{},"includedScopes":[]},"contributions":{},"includedScopes":[]}]},"contributions":{},"includedScopes":[]},"contributions":{},"includedScopes":[]},"contributions":{},"includedScopes":[]},"contributions":{},"includedScopes":[]},"sourceMap":{"end":{"column":17,"line":38,"offset":1232},"start":{"column":11,"line":38,"offset":1226}}},"scope":{"containerScope":{"containerScope":{"containerScope":{"containerScope":{"containerScope":{"contributions":{},"includedScopes":[]},"contributions":{},"includedScopes":[{"contributions":{},"includedScopes":[]},{"contributions":{},"includedScopes":[]},{"contributions":{},"includedScopes":[]},{"contributions":{},"includedScopes":[]}]},"contributions":{},"includedScopes":[{"containerScope":{"containerScope":{"containerScope":{"contributions":{},"includedScopes":[]},"contributions":{},"includedScopes":[]},"contributions":{},"includedScopes":[]},"contributions":{},"includedScopes":[]}]},"contributions":{},"includedScopes":[]},"contributions":{},"includedScopes":[]},"contributions":{},"includedScopes":[]},"sourceMap":{"end":{"column":32,"line":38,"offset":1247},"start":{"column":11,"line":37,"offset":1192}}},{"args":[],"id":"c855d8b1-e862-443a-a3b7-5c01ab60b56e","message":"iniciar","metadata":[],"receiver":{"id":"41b9d402-f14a-420b-a8f7-8eff3dd0a131","metadata":[],"name":"magoProtagonista","scope":{"containerScope":{"containerScope":{"containerScope":{"containerScope":{"containerScope":{"containerScope":{"contributions":{},"includedScopes":[]},"contributions":{},"includedScopes":[{"contributions":{},"includedScopes":[]},{"contributions":{},"includedScopes":[]},{"contributions":{},"includedScopes":[]},{"contributions":{},"includedScopes":[]}]},"contributions":{},"includedScopes":[{"containerScope":{"containerScope":{"containerScope":{"contributions":{},"includedScopes":[]},"contributions":{},"includedScopes":[]},"contributions":{},"includedScopes":[]},"contributions":{},"includedScopes":[]}]},"contributions":{},"includedScopes":[]},"contributions":{},"includedScopes":[]},"contributions":{},"includedScopes":[]},"contributions":{},"includedScopes":[]},"sourceMap":{"end":{"column":27,"line":39,"offset":1275},"start":{"column":11,"line":39,"offset":1259}}},"scope":{"containerScope":{"containerScope":{"containerScope":{"containerScope":{"containerScope":{"contributions":{},"includedScopes":[]},"contributions":{},"includedScopes":[{"contributions":{},"includedScopes":[]},{"contributions":{},"includedScopes":[]},{"contributions":{},"includedScopes":[]},{"contributions":{},"includedScopes":[]}]},"contributions":{},"includedScopes":[{"containerScope":{"containerScope":{"containerScope":{"contributions":{},"includedScopes":[]},"contributions":{},"includedScopes":[]},"contributions":{},"includedScopes":[]},"contributions":{},"includedScopes":[]}]},"contributions":{},"includedScopes":[]},"contributions":{},"includedScopes":[]},"contributions":{},"includedScopes":[]},"sourceMap":{"end":{"column":37,"line":39,"offset":1285},"start":{"column":10,"line":39,"offset":1259}}},{"args":[{"id":"04d124c3-9ffa-463c-a279-b601f0b6cbed","metadata":[],"scope":{"containerScope":{"containerScope":{"containerScope":{"containerScope":{"containerScope":{"containerScope":{"contributions":{},"includedScopes":[]},"contributions":{},"includedScopes":[{"contributions":{},"includedScopes":[]},{"contributions":{},"includedScopes":[]},{"contributions":{},"includedScopes":[]},{"contributions":{},"includedScopes":[]}]},"contributions":{},"includedScopes":[{"containerScope":{"containerScope":{"containerScope":{"contributions":{},"includedScopes":[]},"contributions":{},"includedScopes":[]},"contributions":{},"includedScopes":[]},"contributions":{},"includedScopes":[]}]},"contributions":{},"includedScopes":[]},"contributions":{},"includedScopes":[]},"contributions":{},"includedScopes":[]},"contributions":{},"includedScopes":[]},"sourceMap":{"end":{"column":108,"line":40,"offset":1394},"start":{"column":48,"line":40,"offset":1334}},"value":[{"id":"fe860aac-6f3a-4f14-b655-a7fb202de80c","metadata":[],"name":"wollok.lang.List","scope":{"containerScope":{"containerScope":{"containerScope":{"containerScope":{"containerScope":{"containerScope":{"containerScope":{"contributions":{},"includedScopes":[]},"contributions":{},"includedScopes":[{"contributions":{},"includedScopes":[]},{"contributions":{},"includedScopes":[]},{"contributions":{},"includedScopes":[]},{"contributions":{},"includedScopes":[]}]},"contributions":{},"includedScopes":[{"containerScope":{"containerScope":{"containerScope":{"contributions":{},"includedScopes":[]},"contributions":{},"includedScopes":[]},"contributions":{},"includedScopes":[]},"contributions":{},"includedScopes":[]}]},"contributions":{},"includedScopes":[]},"contributions":{},"includedScopes":[]},"contributions":{},"includedScopes":[]},"contributions":{},"includedScopes":[]},"contributions":{},"includedScopes":[]}},[{"id":"2ae7967f-e068-413a-ab9b-4edfb7425fdf","metadata":[],"name":"arbolMaldito","scope":{"containerScope":{"containerScope":{"containerScope":{"containerScope":{"containerScope":{"containerScope":{"containerScope":{"contributions":{},"includedScopes":[]},"contributions":{},"includedScopes":[{"contributions":{},"includedScopes":[]},{"contributions":{},"includedScopes":[]},{"contributions":{},"includedScopes":[]},{"contributions":{},"includedScopes":[]}]},"contributions":{},"includedScopes":[{"containerScope":{"containerScope":{"containerScope":{"contributions":{},"includedScopes":[]},"contributions":{},"includedScopes":[]},"contributions":{},"includedScopes":[]},"contributions":{},"includedScopes":[]}]},"contributions":{},"includedScopes":[]},"contributions":{},"includedScopes":[]},"contributions":{},"includedScopes":[]},"contributions":{},"includedScopes":[]},"contributions":{},"includedScopes":[]},"sourceMap":{"end":{"column":61,"line":40,"offset":1347},"start":{"column":49,"line":40,"offset":1335}}},{"id":"905ade17-5cc6-43e6-b263-87209f1b221e","metadata":[],"name":"dragon","scope":{"containerScope":{"containerScope":{"containerScope":{"containerScope":{"containerScope":{"containerScope":{"containerScope":{"contributions":{},"includedScopes":[]},"contributions":{},"includedScopes":[{"contributions":{},"includedScopes":[]},{"contributions":{},"includedScopes":[]},{"contributions":{},"includedScopes":[]},{"contributions":{},"includedScopes":[]}]},"contributions":{},"includedScopes":[{"containerScope":{"containerScope":{"containerScope":{"contributions":{},"includedScopes":[]},"contributions":{},"includedScopes":[]},"contributions":{},"includedScopes":[]},"contributions":{},"includedScopes":[]}]},"contributions":{},"includedScopes":[]},"contributions":{},"includedScopes":[]},"contributions":{},"includedScopes":[]},"contributions":{},"includedScopes":[]},"contributions":{},"includedScopes":[]},"sourceMap":{"end":{"column":69,"line":40,"offset":1355},"start":{"column":63,"line":40,"offset":1349}}},{"id":"4cb473f2-4d26-45ee-940a-354237b172d2","metadata":[],"name":"dragon","scope":{"containerScope":{"containerScope":{"containerScope":{"containerScope":{"containerScope":{"containerScope":{"containerScope":{"contributions":{},"includedScopes":[]},"contributions":{},"includedScopes":[{"contributions":{},"includedScopes":[]},{"contributions":{},"includedScopes":[]},{"contributions":{},"includedScopes":[]},{"contributions":{},"includedScopes":[]}]},"contributions":{},"includedScopes":[{"containerScope":{"containerScope":{"containerScope":{"contributions":{},"includedScopes":[]},"contributions":{},"includedScopes":[]},"contributions":{},"includedScopes":[]},"contributions":{},"includedScopes":[]}]},"contributions":{},"includedScopes":[]},"contributions":{},"includedScopes":[]},"contributions":{},"includedScopes":[]},"contributions":{},"includedScopes":[]},"contributions":{},"includedScopes":[]},"sourceMap":{"end":{"column":77,"line":40,"offset":1363},"start":{"column":71,"line":40,"offset":1357}}},{"id":"8dbaad23-e076-43e2-8d27-c9a698d33d98","metadata":[],"name":"arbolMaldito","scope":{"containerScope":{"containerScope":{"containerScope":{"containerScope":{"containerScope":{"containerScope":{"containerScope":{"contributions":{},"includedScopes":[]},"contributions":{},"includedScopes":[{"contributions":{},"includedScopes":[]},{"contributions":{},"includedScopes":[]},{"contributions":{},"includedScopes":[]},{"contributions":{},"includedScopes":[]}]},"contributions":{},"includedScopes":[{"containerScope":{"containerScope":{"containerScope":{"contributions":{},"includedScopes":[]},"contributions":{},"includedScopes":[]},"contributions":{},"includedScopes":[]},"contributions":{},"includedScopes":[]}]},"contributions":{},"includedScopes":[]},"contributions":{},"includedScopes":[]},"contributions":{},"includedScopes":[]},"contributions":{},"includedScopes":[]},"contributions":{},"includedScopes":[]},"sourceMap":{"end":{"column":91,"line":40,"offset":1377},"start":{"column":79,"line":40,"offset":1365}}},{"id":"ef7f661e-0217-4d68-a843-10fd6ae902ca","metadata":[],"name":"dragon","scope":{"containerScope":{"containerScope":{"containerScope":{"containerScope":{"containerScope":{"containerScope":{"containerScope":{"contributions":{},"includedScopes":[]},"contributions":{},"includedScopes":[{"contributions":{},"includedScopes":[]},{"contributions":{},"includedScopes":[]},{"contributions":{},"includedScopes":[]},{"contributions":{},"includedScopes":[]}]},"contributions":{},"includedScopes":[{"containerScope":{"containerScope":{"containerScope":{"contributions":{},"includedScopes":[]},"contributions":{},"includedScopes":[]},"contributions":{},"includedScopes":[]},"contributions":{},"includedScopes":[]}]},"contributions":{},"includedScopes":[]},"contributions":{},"includedScopes":[]},"contributions":{},"includedScopes":[]},"contributions":{},"includedScopes":[]},"contributions":{},"includedScopes":[]},"sourceMap":{"end":{"column":99,"line":40,"offset":1385},"start":{"column":93,"line":40,"offset":1379}}},{"id":"a8690b09-76ce-4468-9677-768c69a3537d","metadata":[],"name":"dragon","scope":{"containerScope":{"containerScope":{"containerScope":{"containerScope":{"containerScope":{"containerScope":{"containerScope":{"contributions":{},"includedScopes":[]},"contributions":{},"includedScopes":[{"contributions":{},"includedScopes":[]},{"contributions":{},"includedScopes":[]},{"contributions":{},"includedScopes":[]},{"contributions":{},"includedScopes":[]}]},"contributions":{},"includedScopes":[{"containerScope":{"containerScope":{"containerScope":{"contributions":{},"includedScopes":[]},"contributions":{},"includedScopes":[]},"contributions":{},"includedScopes":[]},"contributions":{},"includedScopes":[]}]},"contributions":{},"includedScopes":[]},"contributions":{},"includedScopes":[]},"contributions":{},"includedScopes":[]},"contributions":{},"includedScopes":[]},"contributions":{},"includedScopes":[]},"sourceMap":{"end":{"column":107,"line":40,"offset":1393},"start":{"column":101,"line":40,"offset":1387}}}]]}],"id":"01b1ae6f-1627-4475-b7e2-9d29ff55ae37","message":"iniciarOleada","metadata":[],"receiver":{"id":"ca00c0be-ae30-40b0-b6fb-95e76b58bcab","metadata":[],"name":"administradorDeOleadas","scope":{"containerScope":{"containerScope":{"containerScope":{"containerScope":{"containerScope":{"containerScope":{"contributions":{},"includedScopes":[]},"contributions":{},"includedScopes":[{"contributions":{},"includedScopes":[]},{"contributions":{},"includedScopes":[]},{"contributions":{},"includedScopes":[]},{"contributions":{},"includedScopes":[]}]},"contributions":{},"includedScopes":[{"containerScope":{"containerScope":{"containerScope":{"contributions":{},"includedScopes":[]},"contributions":{},"includedScopes":[]},"contributions":{},"includedScopes":[]},"contributions":{},"includedScopes":[]}]},"contributions":{},"includedScopes":[]},"contributions":{},"includedScopes":[]},"contributions":{},"includedScopes":[]},"contributions":{},"includedScopes":[]},"sourceMap":{"end":{"column":33,"line":40,"offset":1319},"start":{"column":11,"line":40,"offset":1297}}},"scope":{"containerScope":{"containerScope":{"containerScope":{"containerScope":{"containerScope":{"contributions":{},"includedScopes":[]},"contributions":{},"includedScopes":[{"contributions":{},"includedScopes":[]},{"contributions":{},"includedScopes":[]},{"contributions":{},"includedScopes":[]},{"contributions":{},"includedScopes":[]}]},"contributions":{},"includedScopes":[{"containerScope":{"containerScope":{"containerScope":{"contributions":{},"includedScopes":[]},"contributions":{},"includedScopes":[]},"contributions":{},"includedScopes":[]},"contributions":{},"includedScopes":[]}]},"contributions":{},"includedScopes":[]},"contributions":{},"includedScopes":[]},"contributions":{},"includedScopes":[]},"sourceMap":{"end":{"column":109,"line":40,"offset":1395},"start":{"column":10,"line":40,"offset":1297}}}],"sourceMap":{"end":{"column":6,"line":41,"offset":1402},"start":{"column":27,"line":36,"offset":1179}}},"compiled":false,"id":"6c5b93f4-a8bb-4f6f-91ec-3e71dfdf3277","isOverride":false,"metadata":[],"name":"iniciarNivel","parameters":[],"problems":[],"scope":{"containerScope":{"containerScope":{"containerScope":{"contributions":{},"includedScopes":[]},"contributions":{},"includedScopes":[{"contributions":{},"includedScopes":[]},{"contributions":{},"includedScopes":[]},{"contributions":{},"includedScopes":[]},{"contributions":{},"includedScopes":[]}]},"contributions":{},"includedScopes":[{"containerScope":{"containerScope":{"containerScope":{"contributions":{},"includedScopes":[]},"contributions":{},"includedScopes":[]},"contributions":{},"includedScopes":[]},"contributions":{},"includedScopes":[]}]},"contributions":{},"includedScopes":[]},"sourceMap":{"end":{"column":6,"line":41,"offset":1402},"start":{"column":5,"line":36,"offset":1157}}}],"metadata":[],"name":"nivelSurvival","problems":[{"code":"malformedMember","sourceMap":{"end":{"column":54,"line":35,"offset":1151},"start":{"column":5,"line":35,"offset":1102}}}],"scope":{"containerScope":{"containerScope":{"contributions":{},"includedScopes":[]},"contributions":{},"includedScopes":[{"contributions":{},"includedScopes":[]},{"contributions":{},"includedScopes":[]},{"contributions":{},"includedScopes":[]},{"contributions":{},"includedScopes":[]}]},"contributions":{},"includedScopes":[{"containerScope":{"containerScope":{"containerScope":{"contributions":{},"includedScopes":[]},"contributions":{},"includedScopes":[]},"contributions":{},"includedScopes":[]},"contributions":{},"includedScopes":[]}]},"sourceMap":{"end":{"column":2,"line":42,"offset":1405},"start":{"column":1,"line":33,"offset":1029}},"supertypes":[]},"stack":"Error: Failed to print, found malformed node\n    at c:\\Users\\estudiante\\.vscode\\extensions\\uqbar.wollok-lsp-ide-0.5.2\\out\\server\\src\\server.js:68:3585\n    at jbn (c:\\Users\\estudiante\\.vscode\\extensions\\uqbar.wollok-lsp-ide-0.5.2\\out\\server\\src\\server.js:68:3396)\n    at c:\\Users\\estudiante\\.vscode\\extensions\\uqbar.wollok-lsp-ide-0.5.2\\out\\server\\src\\server.js:2371:847\n    at c:\\Users\\estudiante\\.vscode\\extensions\\uqbar.wollok-lsp-ide-0.5.2\\out\\server\\src\\server.js:2371:8440\n    at c:\\Users\\estudiante\\.vscode\\extensions\\uqbar.wollok-lsp-ide-0.5.2\\out\\server\\src\\server.js:37:74770\n    at Ye (c:\\Users\\estudiante\\.vscode\\extensions\\uqbar.wollok-lsp-ide-0.5.2\\out\\server\\src\\server.js:7:8527)\n    at Dt (c:\\Users\\estudiante\\.vscode\\extensions\\uqbar.wollok-lsp-ide-0.5.2\\out\\server\\src\\server.js:7:6189)\n    at Zi (c:\\Users\\estudiante\\.vscode\\extensions\\uqbar.wollok-lsp-ide-0.5.2\\out\\server\\src\\server.js:7:6378)\n    at Immediate._onImmediate (c:\\Users\\estudiante\\.vscode\\extensions\\uqbar.wollok-lsp-ide-0.5.2\\out\\server\\src\\server.js:7:6142)\n    at process.processImmediate (node:internal/timers:485:21)","timestamp":"2025-07-01T13:36:06.752Z"}
{"level":"error","message":"✘ Failed to get type description: Error: Failed to print, found malformed node Failed to print, found malformed node","node":{"id":"44dafe2a-02ae-4707-8279-c50345c92774","members":[{"body":{"id":"a23df4c5-3cc1-4d4c-8d6f-17046d46cf40","metadata":[],"problems":[],"scope":{"containerScope":{"containerScope":{"containerScope":{"containerScope":{"contributions":{},"includedScopes":[]},"contributions":{},"includedScopes":[{"contributions":{},"includedScopes":[]},{"contributions":{},"includedScopes":[]},{"contributions":{},"includedScopes":[]},{"contributions":{},"includedScopes":[]}]},"contributions":{},"includedScopes":[{"containerScope":{"containerScope":{"containerScope":{"contributions":{},"includedScopes":[]},"contributions":{},"includedScopes":[]},"contributions":{},"includedScopes":[]},"contributions":{},"includedScopes":[]}]},"contributions":{},"includedScopes":[]},"contributions":{},"includedScopes":[]},"sentences":[{"id":"339548a3-8939-4969-9d66-9f602b504208","metadata":[],"scope":{"containerScope":{"containerScope":{"containerScope":{"containerScope":{"containerScope":{"contributions":{},"includedScopes":[]},"contributions":{},"includedScopes":[{"contributions":{},"includedScopes":[]},{"contributions":{},"includedScopes":[]},{"contributions":{},"includedScopes":[]},{"contributions":{},"includedScopes":[]}]},"contributions":{},"includedScopes":[{"containerScope":{"containerScope":{"containerScope":{"contributions":{},"includedScopes":[]},"contributions":{},"includedScopes":[]},"contributions":{},"includedScopes":[]},"contributions":{},"includedScopes":[]}]},"contributions":{},"includedScopes":[]},"contributions":{},"includedScopes":[]},"contributions":{},"includedScopes":[]},"value":{"id":"7eb7508d-7bcf-43ad-a708-6667150fb3fc","metadata":[],"scope":{"containerScope":{"containerScope":{"containerScope":{"containerScope":{"containerScope":{"containerScope":{"contributions":{},"includedScopes":[]},"contributions":{},"includedScopes":[{"contributions":{},"includedScopes":[]},{"contributions":{},"includedScopes":[]},{"contributions":{},"includedScopes":[]},{"contributions":{},"includedScopes":[]}]},"contributions":{},"includedScopes":[{"containerScope":{"containerScope":{"containerScope":{"contributions":{},"includedScopes":[]},"contributions":{},"includedScopes":[]},"contributions":{},"includedScopes":[]},"contributions":{},"includedScopes":[]}]},"contributions":{},"includedScopes":[]},"contributions":{},"includedScopes":[]},"contributions":{},"includedScopes":[]},"contributions":{},"includedScopes":[]},"sourceMap":{"end":{"column":45,"line":34,"offset":1096},"start":{"column":22,"line":34,"offset":1073}},"value":"escenarioSurvival.png"}}],"sourceMap":{"end":{"column":45,"line":34,"offset":1096},"start":{"column":22,"line":34,"offset":1073}}},"compiled":false,"id":"3e65ad55-e878-4bb4-b8c5-5173651dd073","isOverride":false,"metadata":[],"name":"image","parameters":[],"problems":[],"scope":{"containerScope":{"containerScope":{"containerScope":{"contributions":{},"includedScopes":[]},"contributions":{},"includedScopes":[{"contributions":{},"includedScopes":[]},{"contributions":{},"includedScopes":[]},{"contributions":{},"includedScopes":[]},{"contributions":{},"includedScopes":[]}]},"contributions":{},"includedScopes":[{"containerScope":{"containerScope":{"containerScope":{"contributions":{},"includedScopes":[]},"contributions":{},"includedScopes":[]},"contributions":{},"includedScopes":[]},"contributions":{},"includedScopes":[]}]},"contributions":{},"includedScopes":[]},"sourceMap":{"end":{"column":45,"line":34,"offset":1096},"start":{"column":5,"line":34,"offset":1056}}},{"body":{"id":"7632927b-2ae7-43f9-b173-50e4701c093c","metadata":[],"problems":[],"scope":{"containerScope":{"containerScope":{"containerScope":{"containerScope":{"contributions":{},"includedScopes":[]},"contributions":{},"includedScopes":[{"contributions":{},"includedScopes":[]},{"contributions":{},"includedScopes":[]},{"contributions":{},"includedScopes":[]},{"contributions":{},"includedScopes":[]}]},"contributions":{},"includedScopes":[{"containerScope":{"containerScope":{"containerScope":{"contributions":{},"includedScopes":[]},"contributions":{},"includedScopes":[]},"contributions":{},"includedScopes":[]},"contributions":{},"includedScopes":[]}]},"contributions":{},"includedScopes":[]},"contributions":{},"includedScopes":[]},"sentences":[{"args":[],"id":"81a9e664-e385-483f-9272-8c737e6f6d20","message":"configTeclas","metadata":[],"receiver":{"id":"35920532-7ad2-4460-94ba-08ff81d78e32","metadata":[{"args":{"position":"start","text":"//game.addVisual(self)"},"name":"comment"}],"name":"config","scope":{"containerScope":{"containerScope":{"containerScope":{"containerScope":{"containerScope":{"containerScope":{"contributions":{},"includedScopes":[]},"contributions":{},"includedScopes":[{"contributions":{},"includedScopes":[]},{"contributions":{},"includedScopes":[]},{"contributions":{},"includedScopes":[]},{"contributions":{},"includedScopes":[]}]},"contributions":{},"includedScopes":[{"containerScope":{"containerScope":{"containerScope":{"contributions":{},"includedScopes":[]},"contributions":{},"includedScopes":[]},"contributions":{},"includedScopes":[]},"contributions":{},"includedScopes":[]}]},"contributions":{},"includedScopes":[]},"contributions":{},"includedScopes":[]},"contributions":{},"includedScopes":[]},"contributions":{},"includedScopes":[]},"sourceMap":{"end":{"column":17,"line":38,"offset":1232},"start":{"column":11,"line":38,"offset":1226}}},"scope":{"containerScope":{"containerScope":{"containerScope":{"containerScope":{"containerScope":{"contributions":{},"includedScopes":[]},"contributions":{},"includedScopes":[{"contributions":{},"includedScopes":[]},{"contributions":{},"includedScopes":[]},{"contributions":{},"includedScopes":[]},{"contributions":{},"includedScopes":[]}]},"contributions":{},"includedScopes":[{"containerScope":{"containerScope":{"containerScope":{"contributions":{},"includedScopes":[]},"contributions":{},"includedScopes":[]},"contributions":{},"includedScopes":[]},"contributions":{},"includedScopes":[]}]},"contributions":{},"includedScopes":[]},"contributions":{},"includedScopes":[]},"contributions":{},"includedScopes":[]},"sourceMap":{"end":{"column":32,"line":38,"offset":1247},"start":{"column":11,"line":37,"offset":1192}}},{"args":[],"id":"c855d8b1-e862-443a-a3b7-5c01ab60b56e","message":"iniciar","metadata":[],"receiver":{"id":"41b9d402-f14a-420b-a8f7-8eff3dd0a131","metadata":[],"name":"magoProtagonista","scope":{"containerScope":{"containerScope":{"containerScope":{"containerScope":{"containerScope":{"containerScope":{"contributions":{},"includedScopes":[]},"contributions":{},"includedScopes":[{"contributions":{},"includedScopes":[]},{"contributions":{},"includedScopes":[]},{"contributions":{},"includedScopes":[]},{"contributions":{},"includedScopes":[]}]},"contributions":{},"includedScopes":[{"containerScope":{"containerScope":{"containerScope":{"contributions":{},"includedScopes":[]},"contributions":{},"includedScopes":[]},"contributions":{},"includedScopes":[]},"contributions":{},"includedScopes":[]}]},"contributions":{},"includedScopes":[]},"contributions":{},"includedScopes":[]},"contributions":{},"includedScopes":[]},"contributions":{},"includedScopes":[]},"sourceMap":{"end":{"column":27,"line":39,"offset":1275},"start":{"column":11,"line":39,"offset":1259}}},"scope":{"containerScope":{"containerScope":{"containerScope":{"containerScope":{"containerScope":{"contributions":{},"includedScopes":[]},"contributions":{},"includedScopes":[{"contributions":{},"includedScopes":[]},{"contributions":{},"includedScopes":[]},{"contributions":{},"includedScopes":[]},{"contributions":{},"includedScopes":[]}]},"contributions":{},"includedScopes":[{"containerScope":{"containerScope":{"containerScope":{"contributions":{},"includedScopes":[]},"contributions":{},"includedScopes":[]},"contributions":{},"includedScopes":[]},"contributions":{},"includedScopes":[]}]},"contributions":{},"includedScopes":[]},"contributions":{},"includedScopes":[]},"contributions":{},"includedScopes":[]},"sourceMap":{"end":{"column":37,"line":39,"offset":1285},"start":{"column":10,"line":39,"offset":1259}}},{"args":[{"id":"04d124c3-9ffa-463c-a279-b601f0b6cbed","metadata":[],"scope":{"containerScope":{"containerScope":{"containerScope":{"containerScope":{"containerScope":{"containerScope":{"contributions":{},"includedScopes":[]},"contributions":{},"includedScopes":[{"contributions":{},"includedScopes":[]},{"contributions":{},"includedScopes":[]},{"contributions":{},"includedScopes":[]},{"contributions":{},"includedScopes":[]}]},"contributions":{},"includedScopes":[{"containerScope":{"containerScope":{"containerScope":{"contributions":{},"includedScopes":[]},"contributions":{},"includedScopes":[]},"contributions":{},"includedScopes":[]},"contributions":{},"includedScopes":[]}]},"contributions":{},"includedScopes":[]},"contributions":{},"includedScopes":[]},"contributions":{},"includedScopes":[]},"contributions":{},"includedScopes":[]},"sourceMap":{"end":{"column":108,"line":40,"offset":1394},"start":{"column":48,"line":40,"offset":1334}},"value":[{"id":"fe860aac-6f3a-4f14-b655-a7fb202de80c","metadata":[],"name":"wollok.lang.List","scope":{"containerScope":{"containerScope":{"containerScope":{"containerScope":{"containerScope":{"containerScope":{"containerScope":{"contributions":{},"includedScopes":[]},"contributions":{},"includedScopes":[{"contributions":{},"includedScopes":[]},{"contributions":{},"includedScopes":[]},{"contributions":{},"includedScopes":[]},{"contributions":{},"includedScopes":[]}]},"contributions":{},"includedScopes":[{"containerScope":{"containerScope":{"containerScope":{"contributions":{},"includedScopes":[]},"contributions":{},"includedScopes":[]},"contributions":{},"includedScopes":[]},"contributions":{},"includedScopes":[]}]},"contributions":{},"includedScopes":[]},"contributions":{},"includedScopes":[]},"contributions":{},"includedScopes":[]},"contributions":{},"includedScopes":[]},"contributions":{},"includedScopes":[]}},[{"id":"2ae7967f-e068-413a-ab9b-4edfb7425fdf","metadata":[],"name":"arbolMaldito","scope":{"containerScope":{"containerScope":{"containerScope":{"containerScope":{"containerScope":{"containerScope":{"containerScope":{"contributions":{},"includedScopes":[]},"contributions":{},"includedScopes":[{"contributions":{},"includedScopes":[]},{"contributions":{},"includedScopes":[]},{"contributions":{},"includedScopes":[]},{"contributions":{},"includedScopes":[]}]},"contributions":{},"includedScopes":[{"containerScope":{"containerScope":{"containerScope":{"contributions":{},"includedScopes":[]},"contributions":{},"includedScopes":[]},"contributions":{},"includedScopes":[]},"contributions":{},"includedScopes":[]}]},"contributions":{},"includedScopes":[]},"contributions":{},"includedScopes":[]},"contributions":{},"includedScopes":[]},"contributions":{},"includedScopes":[]},"contributions":{},"includedScopes":[]},"sourceMap":{"end":{"column":61,"line":40,"offset":1347},"start":{"column":49,"line":40,"offset":1335}}},{"id":"905ade17-5cc6-43e6-b263-87209f1b221e","metadata":[],"name":"dragon","scope":{"containerScope":{"containerScope":{"containerScope":{"containerScope":{"containerScope":{"containerScope":{"containerScope":{"contributions":{},"includedScopes":[]},"contributions":{},"includedScopes":[{"contributions":{},"includedScopes":[]},{"contributions":{},"includedScopes":[]},{"contributions":{},"includedScopes":[]},{"contributions":{},"includedScopes":[]}]},"contributions":{},"includedScopes":[{"containerScope":{"containerScope":{"containerScope":{"contributions":{},"includedScopes":[]},"contributions":{},"includedScopes":[]},"contributions":{},"includedScopes":[]},"contributions":{},"includedScopes":[]}]},"contributions":{},"includedScopes":[]},"contributions":{},"includedScopes":[]},"contributions":{},"includedScopes":[]},"contributions":{},"includedScopes":[]},"contributions":{},"includedScopes":[]},"sourceMap":{"end":{"column":69,"line":40,"offset":1355},"start":{"column":63,"line":40,"offset":1349}}},{"id":"4cb473f2-4d26-45ee-940a-354237b172d2","metadata":[],"name":"dragon","scope":{"containerScope":{"containerScope":{"containerScope":{"containerScope":{"containerScope":{"containerScope":{"containerScope":{"contributions":{},"includedScopes":[]},"contributions":{},"includedScopes":[{"contributions":{},"includedScopes":[]},{"contributions":{},"includedScopes":[]},{"contributions":{},"includedScopes":[]},{"contributions":{},"includedScopes":[]}]},"contributions":{},"includedScopes":[{"containerScope":{"containerScope":{"containerScope":{"contributions":{},"includedScopes":[]},"contributions":{},"includedScopes":[]},"contributions":{},"includedScopes":[]},"contributions":{},"includedScopes":[]}]},"contributions":{},"includedScopes":[]},"contributions":{},"includedScopes":[]},"contributions":{},"includedScopes":[]},"contributions":{},"includedScopes":[]},"contributions":{},"includedScopes":[]},"sourceMap":{"end":{"column":77,"line":40,"offset":1363},"start":{"column":71,"line":40,"offset":1357}}},{"id":"8dbaad23-e076-43e2-8d27-c9a698d33d98","metadata":[],"name":"arbolMaldito","scope":{"containerScope":{"containerScope":{"containerScope":{"containerScope":{"containerScope":{"containerScope":{"containerScope":{"contributions":{},"includedScopes":[]},"contributions":{},"includedScopes":[{"contributions":{},"includedScopes":[]},{"contributions":{},"includedScopes":[]},{"contributions":{},"includedScopes":[]},{"contributions":{},"includedScopes":[]}]},"contributions":{},"includedScopes":[{"containerScope":{"containerScope":{"containerScope":{"contributions":{},"includedScopes":[]},"contributions":{},"includedScopes":[]},"contributions":{},"includedScopes":[]},"contributions":{},"includedScopes":[]}]},"contributions":{},"includedScopes":[]},"contributions":{},"includedScopes":[]},"contributions":{},"includedScopes":[]},"contributions":{},"includedScopes":[]},"contributions":{},"includedScopes":[]},"sourceMap":{"end":{"column":91,"line":40,"offset":1377},"start":{"column":79,"line":40,"offset":1365}}},{"id":"ef7f661e-0217-4d68-a843-10fd6ae902ca","metadata":[],"name":"dragon","scope":{"containerScope":{"containerScope":{"containerScope":{"containerScope":{"containerScope":{"containerScope":{"containerScope":{"contributions":{},"includedScopes":[]},"contributions":{},"includedScopes":[{"contributions":{},"includedScopes":[]},{"contributions":{},"includedScopes":[]},{"contributions":{},"includedScopes":[]},{"contributions":{},"includedScopes":[]}]},"contributions":{},"includedScopes":[{"containerScope":{"containerScope":{"containerScope":{"contributions":{},"includedScopes":[]},"contributions":{},"includedScopes":[]},"contributions":{},"includedScopes":[]},"contributions":{},"includedScopes":[]}]},"contributions":{},"includedScopes":[]},"contributions":{},"includedScopes":[]},"contributions":{},"includedScopes":[]},"contributions":{},"includedScopes":[]},"contributions":{},"includedScopes":[]},"sourceMap":{"end":{"column":99,"line":40,"offset":1385},"start":{"column":93,"line":40,"offset":1379}}},{"id":"a8690b09-76ce-4468-9677-768c69a3537d","metadata":[],"name":"dragon","scope":{"containerScope":{"containerScope":{"containerScope":{"containerScope":{"containerScope":{"containerScope":{"containerScope":{"contributions":{},"includedScopes":[]},"contributions":{},"includedScopes":[{"contributions":{},"includedScopes":[]},{"contributions":{},"includedScopes":[]},{"contributions":{},"includedScopes":[]},{"contributions":{},"includedScopes":[]}]},"contributions":{},"includedScopes":[{"containerScope":{"containerScope":{"containerScope":{"contributions":{},"includedScopes":[]},"contributions":{},"includedScopes":[]},"contributions":{},"includedScopes":[]},"contributions":{},"includedScopes":[]}]},"contributions":{},"includedScopes":[]},"contributions":{},"includedScopes":[]},"contributions":{},"includedScopes":[]},"contributions":{},"includedScopes":[]},"contributions":{},"includedScopes":[]},"sourceMap":{"end":{"column":107,"line":40,"offset":1393},"start":{"column":101,"line":40,"offset":1387}}}]]}],"id":"01b1ae6f-1627-4475-b7e2-9d29ff55ae37","message":"iniciarOleada","metadata":[],"receiver":{"id":"ca00c0be-ae30-40b0-b6fb-95e76b58bcab","metadata":[],"name":"administradorDeOleadas","scope":{"containerScope":{"containerScope":{"containerScope":{"containerScope":{"containerScope":{"containerScope":{"contributions":{},"includedScopes":[]},"contributions":{},"includedScopes":[{"contributions":{},"includedScopes":[]},{"contributions":{},"includedScopes":[]},{"contributions":{},"includedScopes":[]},{"contributions":{},"includedScopes":[]}]},"contributions":{},"includedScopes":[{"containerScope":{"containerScope":{"containerScope":{"contributions":{},"includedScopes":[]},"contributions":{},"includedScopes":[]},"contributions":{},"includedScopes":[]},"contributions":{},"includedScopes":[]}]},"contributions":{},"includedScopes":[]},"contributions":{},"includedScopes":[]},"contributions":{},"includedScopes":[]},"contributions":{},"includedScopes":[]},"sourceMap":{"end":{"column":33,"line":40,"offset":1319},"start":{"column":11,"line":40,"offset":1297}}},"scope":{"containerScope":{"containerScope":{"containerScope":{"containerScope":{"containerScope":{"contributions":{},"includedScopes":[]},"contributions":{},"includedScopes":[{"contributions":{},"includedScopes":[]},{"contributions":{},"includedScopes":[]},{"contributions":{},"includedScopes":[]},{"contributions":{},"includedScopes":[]}]},"contributions":{},"includedScopes":[{"containerScope":{"containerScope":{"containerScope":{"contributions":{},"includedScopes":[]},"contributions":{},"includedScopes":[]},"contributions":{},"includedScopes":[]},"contributions":{},"includedScopes":[]}]},"contributions":{},"includedScopes":[]},"contributions":{},"includedScopes":[]},"contributions":{},"includedScopes":[]},"sourceMap":{"end":{"column":109,"line":40,"offset":1395},"start":{"column":10,"line":40,"offset":1297}}}],"sourceMap":{"end":{"column":6,"line":41,"offset":1402},"start":{"column":27,"line":36,"offset":1179}}},"compiled":false,"id":"6c5b93f4-a8bb-4f6f-91ec-3e71dfdf3277","isOverride":false,"metadata":[],"name":"iniciarNivel","parameters":[],"problems":[],"scope":{"containerScope":{"containerScope":{"containerScope":{"contributions":{},"includedScopes":[]},"contributions":{},"includedScopes":[{"contributions":{},"includedScopes":[]},{"contributions":{},"includedScopes":[]},{"contributions":{},"includedScopes":[]},{"contributions":{},"includedScopes":[]}]},"contributions":{},"includedScopes":[{"containerScope":{"containerScope":{"containerScope":{"contributions":{},"includedScopes":[]},"contributions":{},"includedScopes":[]},"contributions":{},"includedScopes":[]},"contributions":{},"includedScopes":[]}]},"contributions":{},"includedScopes":[]},"sourceMap":{"end":{"column":6,"line":41,"offset":1402},"start":{"column":5,"line":36,"offset":1157}}}],"metadata":[],"name":"nivelSurvival","problems":[{"code":"malformedMember","sourceMap":{"end":{"column":54,"line":35,"offset":1151},"start":{"column":5,"line":35,"offset":1102}}}],"scope":{"containerScope":{"containerScope":{"contributions":{},"includedScopes":[]},"contributions":{},"includedScopes":[{"contributions":{},"includedScopes":[]},{"contributions":{},"includedScopes":[]},{"contributions":{},"includedScopes":[]},{"contributions":{},"includedScopes":[]}]},"contributions":{},"includedScopes":[{"containerScope":{"containerScope":{"containerScope":{"contributions":{},"includedScopes":[]},"contributions":{},"includedScopes":[]},"contributions":{},"includedScopes":[]},"contributions":{},"includedScopes":[]}]},"sourceMap":{"end":{"column":2,"line":42,"offset":1405},"start":{"column":1,"line":33,"offset":1029}},"supertypes":[]},"stack":"Error: Failed to print, found malformed node\n    at c:\\Users\\estudiante\\.vscode\\extensions\\uqbar.wollok-lsp-ide-0.5.2\\out\\server\\src\\server.js:68:3585\n    at jbn (c:\\Users\\estudiante\\.vscode\\extensions\\uqbar.wollok-lsp-ide-0.5.2\\out\\server\\src\\server.js:68:3396)\n    at c:\\Users\\estudiante\\.vscode\\extensions\\uqbar.wollok-lsp-ide-0.5.2\\out\\server\\src\\server.js:2371:847\n    at c:\\Users\\estudiante\\.vscode\\extensions\\uqbar.wollok-lsp-ide-0.5.2\\out\\server\\src\\server.js:2371:8440\n    at c:\\Users\\estudiante\\.vscode\\extensions\\uqbar.wollok-lsp-ide-0.5.2\\out\\server\\src\\server.js:37:74770\n    at Ye (c:\\Users\\estudiante\\.vscode\\extensions\\uqbar.wollok-lsp-ide-0.5.2\\out\\server\\src\\server.js:7:8527)\n    at Dt (c:\\Users\\estudiante\\.vscode\\extensions\\uqbar.wollok-lsp-ide-0.5.2\\out\\server\\src\\server.js:7:6189)\n    at Zi (c:\\Users\\estudiante\\.vscode\\extensions\\uqbar.wollok-lsp-ide-0.5.2\\out\\server\\src\\server.js:7:6378)\n    at Immediate._onImmediate (c:\\Users\\estudiante\\.vscode\\extensions\\uqbar.wollok-lsp-ide-0.5.2\\out\\server\\src\\server.js:7:6142)\n    at process.processImmediate (node:internal/timers:485:21)","timestamp":"2025-07-01T13:36:06.821Z"}
{"level":"error","message":"✘ Failed to get type description: Error: Failed to print, found malformed node Failed to print, found malformed node","node":{"id":"44dafe2a-02ae-4707-8279-c50345c92774","members":[{"body":{"id":"a23df4c5-3cc1-4d4c-8d6f-17046d46cf40","metadata":[],"problems":[],"scope":{"containerScope":{"containerScope":{"containerScope":{"containerScope":{"contributions":{},"includedScopes":[]},"contributions":{},"includedScopes":[{"contributions":{},"includedScopes":[]},{"contributions":{},"includedScopes":[]},{"contributions":{},"includedScopes":[]},{"contributions":{},"includedScopes":[]}]},"contributions":{},"includedScopes":[{"containerScope":{"containerScope":{"containerScope":{"contributions":{},"includedScopes":[]},"contributions":{},"includedScopes":[]},"contributions":{},"includedScopes":[]},"contributions":{},"includedScopes":[]}]},"contributions":{},"includedScopes":[]},"contributions":{},"includedScopes":[]},"sentences":[{"id":"339548a3-8939-4969-9d66-9f602b504208","metadata":[],"scope":{"containerScope":{"containerScope":{"containerScope":{"containerScope":{"containerScope":{"contributions":{},"includedScopes":[]},"contributions":{},"includedScopes":[{"contributions":{},"includedScopes":[]},{"contributions":{},"includedScopes":[]},{"contributions":{},"includedScopes":[]},{"contributions":{},"includedScopes":[]}]},"contributions":{},"includedScopes":[{"containerScope":{"containerScope":{"containerScope":{"contributions":{},"includedScopes":[]},"contributions":{},"includedScopes":[]},"contributions":{},"includedScopes":[]},"contributions":{},"includedScopes":[]}]},"contributions":{},"includedScopes":[]},"contributions":{},"includedScopes":[]},"contributions":{},"includedScopes":[]},"value":{"id":"7eb7508d-7bcf-43ad-a708-6667150fb3fc","metadata":[],"scope":{"containerScope":{"containerScope":{"containerScope":{"containerScope":{"containerScope":{"containerScope":{"contributions":{},"includedScopes":[]},"contributions":{},"includedScopes":[{"contributions":{},"includedScopes":[]},{"contributions":{},"includedScopes":[]},{"contributions":{},"includedScopes":[]},{"contributions":{},"includedScopes":[]}]},"contributions":{},"includedScopes":[{"containerScope":{"containerScope":{"containerScope":{"contributions":{},"includedScopes":[]},"contributions":{},"includedScopes":[]},"contributions":{},"includedScopes":[]},"contributions":{},"includedScopes":[]}]},"contributions":{},"includedScopes":[]},"contributions":{},"includedScopes":[]},"contributions":{},"includedScopes":[]},"contributions":{},"includedScopes":[]},"sourceMap":{"end":{"column":45,"line":34,"offset":1096},"start":{"column":22,"line":34,"offset":1073}},"value":"escenarioSurvival.png"}}],"sourceMap":{"end":{"column":45,"line":34,"offset":1096},"start":{"column":22,"line":34,"offset":1073}}},"compiled":false,"id":"3e65ad55-e878-4bb4-b8c5-5173651dd073","isOverride":false,"metadata":[],"name":"image","parameters":[],"problems":[],"scope":{"containerScope":{"containerScope":{"containerScope":{"contributions":{},"includedScopes":[]},"contributions":{},"includedScopes":[{"contributions":{},"includedScopes":[]},{"contributions":{},"includedScopes":[]},{"contributions":{},"includedScopes":[]},{"contributions":{},"includedScopes":[]}]},"contributions":{},"includedScopes":[{"containerScope":{"containerScope":{"containerScope":{"contributions":{},"includedScopes":[]},"contributions":{},"includedScopes":[]},"contributions":{},"includedScopes":[]},"contributions":{},"includedScopes":[]}]},"contributions":{},"includedScopes":[]},"sourceMap":{"end":{"column":45,"line":34,"offset":1096},"start":{"column":5,"line":34,"offset":1056}}},{"body":{"id":"7632927b-2ae7-43f9-b173-50e4701c093c","metadata":[],"problems":[],"scope":{"containerScope":{"containerScope":{"containerScope":{"containerScope":{"contributions":{},"includedScopes":[]},"contributions":{},"includedScopes":[{"contributions":{},"includedScopes":[]},{"contributions":{},"includedScopes":[]},{"contributions":{},"includedScopes":[]},{"contributions":{},"includedScopes":[]}]},"contributions":{},"includedScopes":[{"containerScope":{"containerScope":{"containerScope":{"contributions":{},"includedScopes":[]},"contributions":{},"includedScopes":[]},"contributions":{},"includedScopes":[]},"contributions":{},"includedScopes":[]}]},"contributions":{},"includedScopes":[]},"contributions":{},"includedScopes":[]},"sentences":[{"args":[],"id":"81a9e664-e385-483f-9272-8c737e6f6d20","message":"configTeclas","metadata":[],"receiver":{"id":"35920532-7ad2-4460-94ba-08ff81d78e32","metadata":[{"args":{"position":"start","text":"//game.addVisual(self)"},"name":"comment"}],"name":"config","scope":{"containerScope":{"containerScope":{"containerScope":{"containerScope":{"containerScope":{"containerScope":{"contributions":{},"includedScopes":[]},"contributions":{},"includedScopes":[{"contributions":{},"includedScopes":[]},{"contributions":{},"includedScopes":[]},{"contributions":{},"includedScopes":[]},{"contributions":{},"includedScopes":[]}]},"contributions":{},"includedScopes":[{"containerScope":{"containerScope":{"containerScope":{"contributions":{},"includedScopes":[]},"contributions":{},"includedScopes":[]},"contributions":{},"includedScopes":[]},"contributions":{},"includedScopes":[]}]},"contributions":{},"includedScopes":[]},"contributions":{},"includedScopes":[]},"contributions":{},"includedScopes":[]},"contributions":{},"includedScopes":[]},"sourceMap":{"end":{"column":17,"line":38,"offset":1232},"start":{"column":11,"line":38,"offset":1226}}},"scope":{"containerScope":{"containerScope":{"containerScope":{"containerScope":{"containerScope":{"contributions":{},"includedScopes":[]},"contributions":{},"includedScopes":[{"contributions":{},"includedScopes":[]},{"contributions":{},"includedScopes":[]},{"contributions":{},"includedScopes":[]},{"contributions":{},"includedScopes":[]}]},"contributions":{},"includedScopes":[{"containerScope":{"containerScope":{"containerScope":{"contributions":{},"includedScopes":[]},"contributions":{},"includedScopes":[]},"contributions":{},"includedScopes":[]},"contributions":{},"includedScopes":[]}]},"contributions":{},"includedScopes":[]},"contributions":{},"includedScopes":[]},"contributions":{},"includedScopes":[]},"sourceMap":{"end":{"column":32,"line":38,"offset":1247},"start":{"column":11,"line":37,"offset":1192}}},{"args":[],"id":"c855d8b1-e862-443a-a3b7-5c01ab60b56e","message":"iniciar","metadata":[],"receiver":{"id":"41b9d402-f14a-420b-a8f7-8eff3dd0a131","metadata":[],"name":"magoProtagonista","scope":{"containerScope":{"containerScope":{"containerScope":{"containerScope":{"containerScope":{"containerScope":{"contributions":{},"includedScopes":[]},"contributions":{},"includedScopes":[{"contributions":{},"includedScopes":[]},{"contributions":{},"includedScopes":[]},{"contributions":{},"includedScopes":[]},{"contributions":{},"includedScopes":[]}]},"contributions":{},"includedScopes":[{"containerScope":{"containerScope":{"containerScope":{"contributions":{},"includedScopes":[]},"contributions":{},"includedScopes":[]},"contributions":{},"includedScopes":[]},"contributions":{},"includedScopes":[]}]},"contributions":{},"includedScopes":[]},"contributions":{},"includedScopes":[]},"contributions":{},"includedScopes":[]},"contributions":{},"includedScopes":[]},"sourceMap":{"end":{"column":27,"line":39,"offset":1275},"start":{"column":11,"line":39,"offset":1259}}},"scope":{"containerScope":{"containerScope":{"containerScope":{"containerScope":{"containerScope":{"contributions":{},"includedScopes":[]},"contributions":{},"includedScopes":[{"contributions":{},"includedScopes":[]},{"contributions":{},"includedScopes":[]},{"contributions":{},"includedScopes":[]},{"contributions":{},"includedScopes":[]}]},"contributions":{},"includedScopes":[{"containerScope":{"containerScope":{"containerScope":{"contributions":{},"includedScopes":[]},"contributions":{},"includedScopes":[]},"contributions":{},"includedScopes":[]},"contributions":{},"includedScopes":[]}]},"contributions":{},"includedScopes":[]},"contributions":{},"includedScopes":[]},"contributions":{},"includedScopes":[]},"sourceMap":{"end":{"column":37,"line":39,"offset":1285},"start":{"column":10,"line":39,"offset":1259}}},{"args":[{"id":"04d124c3-9ffa-463c-a279-b601f0b6cbed","metadata":[],"scope":{"containerScope":{"containerScope":{"containerScope":{"containerScope":{"containerScope":{"containerScope":{"contributions":{},"includedScopes":[]},"contributions":{},"includedScopes":[{"contributions":{},"includedScopes":[]},{"contributions":{},"includedScopes":[]},{"contributions":{},"includedScopes":[]},{"contributions":{},"includedScopes":[]}]},"contributions":{},"includedScopes":[{"containerScope":{"containerScope":{"containerScope":{"contributions":{},"includedScopes":[]},"contributions":{},"includedScopes":[]},"contributions":{},"includedScopes":[]},"contributions":{},"includedScopes":[]}]},"contributions":{},"includedScopes":[]},"contributions":{},"includedScopes":[]},"contributions":{},"includedScopes":[]},"contributions":{},"includedScopes":[]},"sourceMap":{"end":{"column":108,"line":40,"offset":1394},"start":{"column":48,"line":40,"offset":1334}},"value":[{"id":"fe860aac-6f3a-4f14-b655-a7fb202de80c","metadata":[],"name":"wollok.lang.List","scope":{"containerScope":{"containerScope":{"containerScope":{"containerScope":{"containerScope":{"containerScope":{"containerScope":{"contributions":{},"includedScopes":[]},"contributions":{},"includedScopes":[{"contributions":{},"includedScopes":[]},{"contributions":{},"includedScopes":[]},{"contributions":{},"includedScopes":[]},{"contributions":{},"includedScopes":[]}]},"contributions":{},"includedScopes":[{"containerScope":{"containerScope":{"containerScope":{"contributions":{},"includedScopes":[]},"contributions":{},"includedScopes":[]},"contributions":{},"includedScopes":[]},"contributions":{},"includedScopes":[]}]},"contributions":{},"includedScopes":[]},"contributions":{},"includedScopes":[]},"contributions":{},"includedScopes":[]},"contributions":{},"includedScopes":[]},"contributions":{},"includedScopes":[]}},[{"id":"2ae7967f-e068-413a-ab9b-4edfb7425fdf","metadata":[],"name":"arbolMaldito","scope":{"containerScope":{"containerScope":{"containerScope":{"containerScope":{"containerScope":{"containerScope":{"containerScope":{"contributions":{},"includedScopes":[]},"contributions":{},"includedScopes":[{"contributions":{},"includedScopes":[]},{"contributions":{},"includedScopes":[]},{"contributions":{},"includedScopes":[]},{"contributions":{},"includedScopes":[]}]},"contributions":{},"includedScopes":[{"containerScope":{"containerScope":{"containerScope":{"contributions":{},"includedScopes":[]},"contributions":{},"includedScopes":[]},"contributions":{},"includedScopes":[]},"contributions":{},"includedScopes":[]}]},"contributions":{},"includedScopes":[]},"contributions":{},"includedScopes":[]},"contributions":{},"includedScopes":[]},"contributions":{},"includedScopes":[]},"contributions":{},"includedScopes":[]},"sourceMap":{"end":{"column":61,"line":40,"offset":1347},"start":{"column":49,"line":40,"offset":1335}}},{"id":"905ade17-5cc6-43e6-b263-87209f1b221e","metadata":[],"name":"dragon","scope":{"containerScope":{"containerScope":{"containerScope":{"containerScope":{"containerScope":{"containerScope":{"containerScope":{"contributions":{},"includedScopes":[]},"contributions":{},"includedScopes":[{"contributions":{},"includedScopes":[]},{"contributions":{},"includedScopes":[]},{"contributions":{},"includedScopes":[]},{"contributions":{},"includedScopes":[]}]},"contributions":{},"includedScopes":[{"containerScope":{"containerScope":{"containerScope":{"contributions":{},"includedScopes":[]},"contributions":{},"includedScopes":[]},"contributions":{},"includedScopes":[]},"contributions":{},"includedScopes":[]}]},"contributions":{},"includedScopes":[]},"contributions":{},"includedScopes":[]},"contributions":{},"includedScopes":[]},"contributions":{},"includedScopes":[]},"contributions":{},"includedScopes":[]},"sourceMap":{"end":{"column":69,"line":40,"offset":1355},"start":{"column":63,"line":40,"offset":1349}}},{"id":"4cb473f2-4d26-45ee-940a-354237b172d2","metadata":[],"name":"dragon","scope":{"containerScope":{"containerScope":{"containerScope":{"containerScope":{"containerScope":{"containerScope":{"containerScope":{"contributions":{},"includedScopes":[]},"contributions":{},"includedScopes":[{"contributions":{},"includedScopes":[]},{"contributions":{},"includedScopes":[]},{"contributions":{},"includedScopes":[]},{"contributions":{},"includedScopes":[]}]},"contributions":{},"includedScopes":[{"containerScope":{"containerScope":{"containerScope":{"contributions":{},"includedScopes":[]},"contributions":{},"includedScopes":[]},"contributions":{},"includedScopes":[]},"contributions":{},"includedScopes":[]}]},"contributions":{},"includedScopes":[]},"contributions":{},"includedScopes":[]},"contributions":{},"includedScopes":[]},"contributions":{},"includedScopes":[]},"contributions":{},"includedScopes":[]},"sourceMap":{"end":{"column":77,"line":40,"offset":1363},"start":{"column":71,"line":40,"offset":1357}}},{"id":"8dbaad23-e076-43e2-8d27-c9a698d33d98","metadata":[],"name":"arbolMaldito","scope":{"containerScope":{"containerScope":{"containerScope":{"containerScope":{"containerScope":{"containerScope":{"containerScope":{"contributions":{},"includedScopes":[]},"contributions":{},"includedScopes":[{"contributions":{},"includedScopes":[]},{"contributions":{},"includedScopes":[]},{"contributions":{},"includedScopes":[]},{"contributions":{},"includedScopes":[]}]},"contributions":{},"includedScopes":[{"containerScope":{"containerScope":{"containerScope":{"contributions":{},"includedScopes":[]},"contributions":{},"includedScopes":[]},"contributions":{},"includedScopes":[]},"contributions":{},"includedScopes":[]}]},"contributions":{},"includedScopes":[]},"contributions":{},"includedScopes":[]},"contributions":{},"includedScopes":[]},"contributions":{},"includedScopes":[]},"contributions":{},"includedScopes":[]},"sourceMap":{"end":{"column":91,"line":40,"offset":1377},"start":{"column":79,"line":40,"offset":1365}}},{"id":"ef7f661e-0217-4d68-a843-10fd6ae902ca","metadata":[],"name":"dragon","scope":{"containerScope":{"containerScope":{"containerScope":{"containerScope":{"containerScope":{"containerScope":{"containerScope":{"contributions":{},"includedScopes":[]},"contributions":{},"includedScopes":[{"contributions":{},"includedScopes":[]},{"contributions":{},"includedScopes":[]},{"contributions":{},"includedScopes":[]},{"contributions":{},"includedScopes":[]}]},"contributions":{},"includedScopes":[{"containerScope":{"containerScope":{"containerScope":{"contributions":{},"includedScopes":[]},"contributions":{},"includedScopes":[]},"contributions":{},"includedScopes":[]},"contributions":{},"includedScopes":[]}]},"contributions":{},"includedScopes":[]},"contributions":{},"includedScopes":[]},"contributions":{},"includedScopes":[]},"contributions":{},"includedScopes":[]},"contributions":{},"includedScopes":[]},"sourceMap":{"end":{"column":99,"line":40,"offset":1385},"start":{"column":93,"line":40,"offset":1379}}},{"id":"a8690b09-76ce-4468-9677-768c69a3537d","metadata":[],"name":"dragon","scope":{"containerScope":{"containerScope":{"containerScope":{"containerScope":{"containerScope":{"containerScope":{"containerScope":{"contributions":{},"includedScopes":[]},"contributions":{},"includedScopes":[{"contributions":{},"includedScopes":[]},{"contributions":{},"includedScopes":[]},{"contributions":{},"includedScopes":[]},{"contributions":{},"includedScopes":[]}]},"contributions":{},"includedScopes":[{"containerScope":{"containerScope":{"containerScope":{"contributions":{},"includedScopes":[]},"contributions":{},"includedScopes":[]},"contributions":{},"includedScopes":[]},"contributions":{},"includedScopes":[]}]},"contributions":{},"includedScopes":[]},"contributions":{},"includedScopes":[]},"contributions":{},"includedScopes":[]},"contributions":{},"includedScopes":[]},"contributions":{},"includedScopes":[]},"sourceMap":{"end":{"column":107,"line":40,"offset":1393},"start":{"column":101,"line":40,"offset":1387}}}]]}],"id":"01b1ae6f-1627-4475-b7e2-9d29ff55ae37","message":"iniciarOleada","metadata":[],"receiver":{"id":"ca00c0be-ae30-40b0-b6fb-95e76b58bcab","metadata":[],"name":"administradorDeOleadas","scope":{"containerScope":{"containerScope":{"containerScope":{"containerScope":{"containerScope":{"containerScope":{"contributions":{},"includedScopes":[]},"contributions":{},"includedScopes":[{"contributions":{},"includedScopes":[]},{"contributions":{},"includedScopes":[]},{"contributions":{},"includedScopes":[]},{"contributions":{},"includedScopes":[]}]},"contributions":{},"includedScopes":[{"containerScope":{"containerScope":{"containerScope":{"contributions":{},"includedScopes":[]},"contributions":{},"includedScopes":[]},"contributions":{},"includedScopes":[]},"contributions":{},"includedScopes":[]}]},"contributions":{},"includedScopes":[]},"contributions":{},"includedScopes":[]},"contributions":{},"includedScopes":[]},"contributions":{},"includedScopes":[]},"sourceMap":{"end":{"column":33,"line":40,"offset":1319},"start":{"column":11,"line":40,"offset":1297}}},"scope":{"containerScope":{"containerScope":{"containerScope":{"containerScope":{"containerScope":{"contributions":{},"includedScopes":[]},"contributions":{},"includedScopes":[{"contributions":{},"includedScopes":[]},{"contributions":{},"includedScopes":[]},{"contributions":{},"includedScopes":[]},{"contributions":{},"includedScopes":[]}]},"contributions":{},"includedScopes":[{"containerScope":{"containerScope":{"containerScope":{"contributions":{},"includedScopes":[]},"contributions":{},"includedScopes":[]},"contributions":{},"includedScopes":[]},"contributions":{},"includedScopes":[]}]},"contributions":{},"includedScopes":[]},"contributions":{},"includedScopes":[]},"contributions":{},"includedScopes":[]},"sourceMap":{"end":{"column":109,"line":40,"offset":1395},"start":{"column":10,"line":40,"offset":1297}}}],"sourceMap":{"end":{"column":6,"line":41,"offset":1402},"start":{"column":27,"line":36,"offset":1179}}},"compiled":false,"id":"6c5b93f4-a8bb-4f6f-91ec-3e71dfdf3277","isOverride":false,"metadata":[],"name":"iniciarNivel","parameters":[],"problems":[],"scope":{"containerScope":{"containerScope":{"containerScope":{"contributions":{},"includedScopes":[]},"contributions":{},"includedScopes":[{"contributions":{},"includedScopes":[]},{"contributions":{},"includedScopes":[]},{"contributions":{},"includedScopes":[]},{"contributions":{},"includedScopes":[]}]},"contributions":{},"includedScopes":[{"containerScope":{"containerScope":{"containerScope":{"contributions":{},"includedScopes":[]},"contributions":{},"includedScopes":[]},"contributions":{},"includedScopes":[]},"contributions":{},"includedScopes":[]}]},"contributions":{},"includedScopes":[]},"sourceMap":{"end":{"column":6,"line":41,"offset":1402},"start":{"column":5,"line":36,"offset":1157}}}],"metadata":[],"name":"nivelSurvival","problems":[{"code":"malformedMember","sourceMap":{"end":{"column":54,"line":35,"offset":1151},"start":{"column":5,"line":35,"offset":1102}}}],"scope":{"containerScope":{"containerScope":{"contributions":{},"includedScopes":[]},"contributions":{},"includedScopes":[{"contributions":{},"includedScopes":[]},{"contributions":{},"includedScopes":[]},{"contributions":{},"includedScopes":[]},{"contributions":{},"includedScopes":[]}]},"contributions":{},"includedScopes":[{"containerScope":{"containerScope":{"containerScope":{"contributions":{},"includedScopes":[]},"contributions":{},"includedScopes":[]},"contributions":{},"includedScopes":[]},"contributions":{},"includedScopes":[]}]},"sourceMap":{"end":{"column":2,"line":42,"offset":1405},"start":{"column":1,"line":33,"offset":1029}},"supertypes":[]},"stack":"Error: Failed to print, found malformed node\n    at c:\\Users\\estudiante\\.vscode\\extensions\\uqbar.wollok-lsp-ide-0.5.2\\out\\server\\src\\server.js:68:3585\n    at jbn (c:\\Users\\estudiante\\.vscode\\extensions\\uqbar.wollok-lsp-ide-0.5.2\\out\\server\\src\\server.js:68:3396)\n    at c:\\Users\\estudiante\\.vscode\\extensions\\uqbar.wollok-lsp-ide-0.5.2\\out\\server\\src\\server.js:2371:847\n    at c:\\Users\\estudiante\\.vscode\\extensions\\uqbar.wollok-lsp-ide-0.5.2\\out\\server\\src\\server.js:2371:8440\n    at c:\\Users\\estudiante\\.vscode\\extensions\\uqbar.wollok-lsp-ide-0.5.2\\out\\server\\src\\server.js:37:74770\n    at Ye (c:\\Users\\estudiante\\.vscode\\extensions\\uqbar.wollok-lsp-ide-0.5.2\\out\\server\\src\\server.js:7:8527)\n    at Dt (c:\\Users\\estudiante\\.vscode\\extensions\\uqbar.wollok-lsp-ide-0.5.2\\out\\server\\src\\server.js:7:6189)\n    at Zi (c:\\Users\\estudiante\\.vscode\\extensions\\uqbar.wollok-lsp-ide-0.5.2\\out\\server\\src\\server.js:7:6378)\n    at Immediate._onImmediate (c:\\Users\\estudiante\\.vscode\\extensions\\uqbar.wollok-lsp-ide-0.5.2\\out\\server\\src\\server.js:7:6142)\n    at process.processImmediate (node:internal/timers:485:21)","timestamp":"2025-07-01T13:36:06.902Z"}
{"level":"error","message":"✘ Failed to get type description: Error: Failed to print, found malformed node Failed to print, found malformed node","node":{"id":"44dafe2a-02ae-4707-8279-c50345c92774","members":[{"body":{"id":"a23df4c5-3cc1-4d4c-8d6f-17046d46cf40","metadata":[],"problems":[],"scope":{"containerScope":{"containerScope":{"containerScope":{"containerScope":{"contributions":{},"includedScopes":[]},"contributions":{},"includedScopes":[{"contributions":{},"includedScopes":[]},{"contributions":{},"includedScopes":[]},{"contributions":{},"includedScopes":[]},{"contributions":{},"includedScopes":[]}]},"contributions":{},"includedScopes":[{"containerScope":{"containerScope":{"containerScope":{"contributions":{},"includedScopes":[]},"contributions":{},"includedScopes":[]},"contributions":{},"includedScopes":[]},"contributions":{},"includedScopes":[]}]},"contributions":{},"includedScopes":[]},"contributions":{},"includedScopes":[]},"sentences":[{"id":"339548a3-8939-4969-9d66-9f602b504208","metadata":[],"scope":{"containerScope":{"containerScope":{"containerScope":{"containerScope":{"containerScope":{"contributions":{},"includedScopes":[]},"contributions":{},"includedScopes":[{"contributions":{},"includedScopes":[]},{"contributions":{},"includedScopes":[]},{"contributions":{},"includedScopes":[]},{"contributions":{},"includedScopes":[]}]},"contributions":{},"includedScopes":[{"containerScope":{"containerScope":{"containerScope":{"contributions":{},"includedScopes":[]},"contributions":{},"includedScopes":[]},"contributions":{},"includedScopes":[]},"contributions":{},"includedScopes":[]}]},"contributions":{},"includedScopes":[]},"contributions":{},"includedScopes":[]},"contributions":{},"includedScopes":[]},"value":{"id":"7eb7508d-7bcf-43ad-a708-6667150fb3fc","metadata":[],"scope":{"containerScope":{"containerScope":{"containerScope":{"containerScope":{"containerScope":{"containerScope":{"contributions":{},"includedScopes":[]},"contributions":{},"includedScopes":[{"contributions":{},"includedScopes":[]},{"contributions":{},"includedScopes":[]},{"contributions":{},"includedScopes":[]},{"contributions":{},"includedScopes":[]}]},"contributions":{},"includedScopes":[{"containerScope":{"containerScope":{"containerScope":{"contributions":{},"includedScopes":[]},"contributions":{},"includedScopes":[]},"contributions":{},"includedScopes":[]},"contributions":{},"includedScopes":[]}]},"contributions":{},"includedScopes":[]},"contributions":{},"includedScopes":[]},"contributions":{},"includedScopes":[]},"contributions":{},"includedScopes":[]},"sourceMap":{"end":{"column":45,"line":34,"offset":1096},"start":{"column":22,"line":34,"offset":1073}},"value":"escenarioSurvival.png"}}],"sourceMap":{"end":{"column":45,"line":34,"offset":1096},"start":{"column":22,"line":34,"offset":1073}}},"compiled":false,"id":"3e65ad55-e878-4bb4-b8c5-5173651dd073","isOverride":false,"metadata":[],"name":"image","parameters":[],"problems":[],"scope":{"containerScope":{"containerScope":{"containerScope":{"contributions":{},"includedScopes":[]},"contributions":{},"includedScopes":[{"contributions":{},"includedScopes":[]},{"contributions":{},"includedScopes":[]},{"contributions":{},"includedScopes":[]},{"contributions":{},"includedScopes":[]}]},"contributions":{},"includedScopes":[{"containerScope":{"containerScope":{"containerScope":{"contributions":{},"includedScopes":[]},"contributions":{},"includedScopes":[]},"contributions":{},"includedScopes":[]},"contributions":{},"includedScopes":[]}]},"contributions":{},"includedScopes":[]},"sourceMap":{"end":{"column":45,"line":34,"offset":1096},"start":{"column":5,"line":34,"offset":1056}}},{"body":{"id":"7632927b-2ae7-43f9-b173-50e4701c093c","metadata":[],"problems":[],"scope":{"containerScope":{"containerScope":{"containerScope":{"containerScope":{"contributions":{},"includedScopes":[]},"contributions":{},"includedScopes":[{"contributions":{},"includedScopes":[]},{"contributions":{},"includedScopes":[]},{"contributions":{},"includedScopes":[]},{"contributions":{},"includedScopes":[]}]},"contributions":{},"includedScopes":[{"containerScope":{"containerScope":{"containerScope":{"contributions":{},"includedScopes":[]},"contributions":{},"includedScopes":[]},"contributions":{},"includedScopes":[]},"contributions":{},"includedScopes":[]}]},"contributions":{},"includedScopes":[]},"contributions":{},"includedScopes":[]},"sentences":[{"args":[],"id":"81a9e664-e385-483f-9272-8c737e6f6d20","message":"configTeclas","metadata":[],"receiver":{"id":"35920532-7ad2-4460-94ba-08ff81d78e32","metadata":[{"args":{"position":"start","text":"//game.addVisual(self)"},"name":"comment"}],"name":"config","scope":{"containerScope":{"containerScope":{"containerScope":{"containerScope":{"containerScope":{"containerScope":{"contributions":{},"includedScopes":[]},"contributions":{},"includedScopes":[{"contributions":{},"includedScopes":[]},{"contributions":{},"includedScopes":[]},{"contributions":{},"includedScopes":[]},{"contributions":{},"includedScopes":[]}]},"contributions":{},"includedScopes":[{"containerScope":{"containerScope":{"containerScope":{"contributions":{},"includedScopes":[]},"contributions":{},"includedScopes":[]},"contributions":{},"includedScopes":[]},"contributions":{},"includedScopes":[]}]},"contributions":{},"includedScopes":[]},"contributions":{},"includedScopes":[]},"contributions":{},"includedScopes":[]},"contributions":{},"includedScopes":[]},"sourceMap":{"end":{"column":17,"line":38,"offset":1232},"start":{"column":11,"line":38,"offset":1226}}},"scope":{"containerScope":{"containerScope":{"containerScope":{"containerScope":{"containerScope":{"contributions":{},"includedScopes":[]},"contributions":{},"includedScopes":[{"contributions":{},"includedScopes":[]},{"contributions":{},"includedScopes":[]},{"contributions":{},"includedScopes":[]},{"contributions":{},"includedScopes":[]}]},"contributions":{},"includedScopes":[{"containerScope":{"containerScope":{"containerScope":{"contributions":{},"includedScopes":[]},"contributions":{},"includedScopes":[]},"contributions":{},"includedScopes":[]},"contributions":{},"includedScopes":[]}]},"contributions":{},"includedScopes":[]},"contributions":{},"includedScopes":[]},"contributions":{},"includedScopes":[]},"sourceMap":{"end":{"column":32,"line":38,"offset":1247},"start":{"column":11,"line":37,"offset":1192}}},{"args":[],"id":"c855d8b1-e862-443a-a3b7-5c01ab60b56e","message":"iniciar","metadata":[],"receiver":{"id":"41b9d402-f14a-420b-a8f7-8eff3dd0a131","metadata":[],"name":"magoProtagonista","scope":{"containerScope":{"containerScope":{"containerScope":{"containerScope":{"containerScope":{"containerScope":{"contributions":{},"includedScopes":[]},"contributions":{},"includedScopes":[{"contributions":{},"includedScopes":[]},{"contributions":{},"includedScopes":[]},{"contributions":{},"includedScopes":[]},{"contributions":{},"includedScopes":[]}]},"contributions":{},"includedScopes":[{"containerScope":{"containerScope":{"containerScope":{"contributions":{},"includedScopes":[]},"contributions":{},"includedScopes":[]},"contributions":{},"includedScopes":[]},"contributions":{},"includedScopes":[]}]},"contributions":{},"includedScopes":[]},"contributions":{},"includedScopes":[]},"contributions":{},"includedScopes":[]},"contributions":{},"includedScopes":[]},"sourceMap":{"end":{"column":27,"line":39,"offset":1275},"start":{"column":11,"line":39,"offset":1259}}},"scope":{"containerScope":{"containerScope":{"containerScope":{"containerScope":{"containerScope":{"contributions":{},"includedScopes":[]},"contributions":{},"includedScopes":[{"contributions":{},"includedScopes":[]},{"contributions":{},"includedScopes":[]},{"contributions":{},"includedScopes":[]},{"contributions":{},"includedScopes":[]}]},"contributions":{},"includedScopes":[{"containerScope":{"containerScope":{"containerScope":{"contributions":{},"includedScopes":[]},"contributions":{},"includedScopes":[]},"contributions":{},"includedScopes":[]},"contributions":{},"includedScopes":[]}]},"contributions":{},"includedScopes":[]},"contributions":{},"includedScopes":[]},"contributions":{},"includedScopes":[]},"sourceMap":{"end":{"column":37,"line":39,"offset":1285},"start":{"column":10,"line":39,"offset":1259}}},{"args":[{"id":"04d124c3-9ffa-463c-a279-b601f0b6cbed","metadata":[],"scope":{"containerScope":{"containerScope":{"containerScope":{"containerScope":{"containerScope":{"containerScope":{"contributions":{},"includedScopes":[]},"contributions":{},"includedScopes":[{"contributions":{},"includedScopes":[]},{"contributions":{},"includedScopes":[]},{"contributions":{},"includedScopes":[]},{"contributions":{},"includedScopes":[]}]},"contributions":{},"includedScopes":[{"containerScope":{"containerScope":{"containerScope":{"contributions":{},"includedScopes":[]},"contributions":{},"includedScopes":[]},"contributions":{},"includedScopes":[]},"contributions":{},"includedScopes":[]}]},"contributions":{},"includedScopes":[]},"contributions":{},"includedScopes":[]},"contributions":{},"includedScopes":[]},"contributions":{},"includedScopes":[]},"sourceMap":{"end":{"column":108,"line":40,"offset":1394},"start":{"column":48,"line":40,"offset":1334}},"value":[{"id":"fe860aac-6f3a-4f14-b655-a7fb202de80c","metadata":[],"name":"wollok.lang.List","scope":{"containerScope":{"containerScope":{"containerScope":{"containerScope":{"containerScope":{"containerScope":{"containerScope":{"contributions":{},"includedScopes":[]},"contributions":{},"includedScopes":[{"contributions":{},"includedScopes":[]},{"contributions":{},"includedScopes":[]},{"contributions":{},"includedScopes":[]},{"contributions":{},"includedScopes":[]}]},"contributions":{},"includedScopes":[{"containerScope":{"containerScope":{"containerScope":{"contributions":{},"includedScopes":[]},"contributions":{},"includedScopes":[]},"contributions":{},"includedScopes":[]},"contributions":{},"includedScopes":[]}]},"contributions":{},"includedScopes":[]},"contributions":{},"includedScopes":[]},"contributions":{},"includedScopes":[]},"contributions":{},"includedScopes":[]},"contributions":{},"includedScopes":[]}},[{"id":"2ae7967f-e068-413a-ab9b-4edfb7425fdf","metadata":[],"name":"arbolMaldito","scope":{"containerScope":{"containerScope":{"containerScope":{"containerScope":{"containerScope":{"containerScope":{"containerScope":{"contributions":{},"includedScopes":[]},"contributions":{},"includedScopes":[{"contributions":{},"includedScopes":[]},{"contributions":{},"includedScopes":[]},{"contributions":{},"includedScopes":[]},{"contributions":{},"includedScopes":[]}]},"contributions":{},"includedScopes":[{"containerScope":{"containerScope":{"containerScope":{"contributions":{},"includedScopes":[]},"contributions":{},"includedScopes":[]},"contributions":{},"includedScopes":[]},"contributions":{},"includedScopes":[]}]},"contributions":{},"includedScopes":[]},"contributions":{},"includedScopes":[]},"contributions":{},"includedScopes":[]},"contributions":{},"includedScopes":[]},"contributions":{},"includedScopes":[]},"sourceMap":{"end":{"column":61,"line":40,"offset":1347},"start":{"column":49,"line":40,"offset":1335}}},{"id":"905ade17-5cc6-43e6-b263-87209f1b221e","metadata":[],"name":"dragon","scope":{"containerScope":{"containerScope":{"containerScope":{"containerScope":{"containerScope":{"containerScope":{"containerScope":{"contributions":{},"includedScopes":[]},"contributions":{},"includedScopes":[{"contributions":{},"includedScopes":[]},{"contributions":{},"includedScopes":[]},{"contributions":{},"includedScopes":[]},{"contributions":{},"includedScopes":[]}]},"contributions":{},"includedScopes":[{"containerScope":{"containerScope":{"containerScope":{"contributions":{},"includedScopes":[]},"contributions":{},"includedScopes":[]},"contributions":{},"includedScopes":[]},"contributions":{},"includedScopes":[]}]},"contributions":{},"includedScopes":[]},"contributions":{},"includedScopes":[]},"contributions":{},"includedScopes":[]},"contributions":{},"includedScopes":[]},"contributions":{},"includedScopes":[]},"sourceMap":{"end":{"column":69,"line":40,"offset":1355},"start":{"column":63,"line":40,"offset":1349}}},{"id":"4cb473f2-4d26-45ee-940a-354237b172d2","metadata":[],"name":"dragon","scope":{"containerScope":{"containerScope":{"containerScope":{"containerScope":{"containerScope":{"containerScope":{"containerScope":{"contributions":{},"includedScopes":[]},"contributions":{},"includedScopes":[{"contributions":{},"includedScopes":[]},{"contributions":{},"includedScopes":[]},{"contributions":{},"includedScopes":[]},{"contributions":{},"includedScopes":[]}]},"contributions":{},"includedScopes":[{"containerScope":{"containerScope":{"containerScope":{"contributions":{},"includedScopes":[]},"contributions":{},"includedScopes":[]},"contributions":{},"includedScopes":[]},"contributions":{},"includedScopes":[]}]},"contributions":{},"includedScopes":[]},"contributions":{},"includedScopes":[]},"contributions":{},"includedScopes":[]},"contributions":{},"includedScopes":[]},"contributions":{},"includedScopes":[]},"sourceMap":{"end":{"column":77,"line":40,"offset":1363},"start":{"column":71,"line":40,"offset":1357}}},{"id":"8dbaad23-e076-43e2-8d27-c9a698d33d98","metadata":[],"name":"arbolMaldito","scope":{"containerScope":{"containerScope":{"containerScope":{"containerScope":{"containerScope":{"containerScope":{"containerScope":{"contributions":{},"includedScopes":[]},"contributions":{},"includedScopes":[{"contributions":{},"includedScopes":[]},{"contributions":{},"includedScopes":[]},{"contributions":{},"includedScopes":[]},{"contributions":{},"includedScopes":[]}]},"contributions":{},"includedScopes":[{"containerScope":{"containerScope":{"containerScope":{"contributions":{},"includedScopes":[]},"contributions":{},"includedScopes":[]},"contributions":{},"includedScopes":[]},"contributions":{},"includedScopes":[]}]},"contributions":{},"includedScopes":[]},"contributions":{},"includedScopes":[]},"contributions":{},"includedScopes":[]},"contributions":{},"includedScopes":[]},"contributions":{},"includedScopes":[]},"sourceMap":{"end":{"column":91,"line":40,"offset":1377},"start":{"column":79,"line":40,"offset":1365}}},{"id":"ef7f661e-0217-4d68-a843-10fd6ae902ca","metadata":[],"name":"dragon","scope":{"containerScope":{"containerScope":{"containerScope":{"containerScope":{"containerScope":{"containerScope":{"containerScope":{"contributions":{},"includedScopes":[]},"contributions":{},"includedScopes":[{"contributions":{},"includedScopes":[]},{"contributions":{},"includedScopes":[]},{"contributions":{},"includedScopes":[]},{"contributions":{},"includedScopes":[]}]},"contributions":{},"includedScopes":[{"containerScope":{"containerScope":{"containerScope":{"contributions":{},"includedScopes":[]},"contributions":{},"includedScopes":[]},"contributions":{},"includedScopes":[]},"contributions":{},"includedScopes":[]}]},"contributions":{},"includedScopes":[]},"contributions":{},"includedScopes":[]},"contributions":{},"includedScopes":[]},"contributions":{},"includedScopes":[]},"contributions":{},"includedScopes":[]},"sourceMap":{"end":{"column":99,"line":40,"offset":1385},"start":{"column":93,"line":40,"offset":1379}}},{"id":"a8690b09-76ce-4468-9677-768c69a3537d","metadata":[],"name":"dragon","scope":{"containerScope":{"containerScope":{"containerScope":{"containerScope":{"containerScope":{"containerScope":{"containerScope":{"contributions":{},"includedScopes":[]},"contributions":{},"includedScopes":[{"contributions":{},"includedScopes":[]},{"contributions":{},"includedScopes":[]},{"contributions":{},"includedScopes":[]},{"contributions":{},"includedScopes":[]}]},"contributions":{},"includedScopes":[{"containerScope":{"containerScope":{"containerScope":{"contributions":{},"includedScopes":[]},"contributions":{},"includedScopes":[]},"contributions":{},"includedScopes":[]},"contributions":{},"includedScopes":[]}]},"contributions":{},"includedScopes":[]},"contributions":{},"includedScopes":[]},"contributions":{},"includedScopes":[]},"contributions":{},"includedScopes":[]},"contributions":{},"includedScopes":[]},"sourceMap":{"end":{"column":107,"line":40,"offset":1393},"start":{"column":101,"line":40,"offset":1387}}}]]}],"id":"01b1ae6f-1627-4475-b7e2-9d29ff55ae37","message":"iniciarOleada","metadata":[],"receiver":{"id":"ca00c0be-ae30-40b0-b6fb-95e76b58bcab","metadata":[],"name":"administradorDeOleadas","scope":{"containerScope":{"containerScope":{"containerScope":{"containerScope":{"containerScope":{"containerScope":{"contributions":{},"includedScopes":[]},"contributions":{},"includedScopes":[{"contributions":{},"includedScopes":[]},{"contributions":{},"includedScopes":[]},{"contributions":{},"includedScopes":[]},{"contributions":{},"includedScopes":[]}]},"contributions":{},"includedScopes":[{"containerScope":{"containerScope":{"containerScope":{"contributions":{},"includedScopes":[]},"contributions":{},"includedScopes":[]},"contributions":{},"includedScopes":[]},"contributions":{},"includedScopes":[]}]},"contributions":{},"includedScopes":[]},"contributions":{},"includedScopes":[]},"contributions":{},"includedScopes":[]},"contributions":{},"includedScopes":[]},"sourceMap":{"end":{"column":33,"line":40,"offset":1319},"start":{"column":11,"line":40,"offset":1297}}},"scope":{"containerScope":{"containerScope":{"containerScope":{"containerScope":{"containerScope":{"contributions":{},"includedScopes":[]},"contributions":{},"includedScopes":[{"contributions":{},"includedScopes":[]},{"contributions":{},"includedScopes":[]},{"contributions":{},"includedScopes":[]},{"contributions":{},"includedScopes":[]}]},"contributions":{},"includedScopes":[{"containerScope":{"containerScope":{"containerScope":{"contributions":{},"includedScopes":[]},"contributions":{},"includedScopes":[]},"contributions":{},"includedScopes":[]},"contributions":{},"includedScopes":[]}]},"contributions":{},"includedScopes":[]},"contributions":{},"includedScopes":[]},"contributions":{},"includedScopes":[]},"sourceMap":{"end":{"column":109,"line":40,"offset":1395},"start":{"column":10,"line":40,"offset":1297}}}],"sourceMap":{"end":{"column":6,"line":41,"offset":1402},"start":{"column":27,"line":36,"offset":1179}}},"compiled":false,"id":"6c5b93f4-a8bb-4f6f-91ec-3e71dfdf3277","isOverride":false,"metadata":[],"name":"iniciarNivel","parameters":[],"problems":[],"scope":{"containerScope":{"containerScope":{"containerScope":{"contributions":{},"includedScopes":[]},"contributions":{},"includedScopes":[{"contributions":{},"includedScopes":[]},{"contributions":{},"includedScopes":[]},{"contributions":{},"includedScopes":[]},{"contributions":{},"includedScopes":[]}]},"contributions":{},"includedScopes":[{"containerScope":{"containerScope":{"containerScope":{"contributions":{},"includedScopes":[]},"contributions":{},"includedScopes":[]},"contributions":{},"includedScopes":[]},"contributions":{},"includedScopes":[]}]},"contributions":{},"includedScopes":[]},"sourceMap":{"end":{"column":6,"line":41,"offset":1402},"start":{"column":5,"line":36,"offset":1157}}}],"metadata":[],"name":"nivelSurvival","problems":[{"code":"malformedMember","sourceMap":{"end":{"column":54,"line":35,"offset":1151},"start":{"column":5,"line":35,"offset":1102}}}],"scope":{"containerScope":{"containerScope":{"contributions":{},"includedScopes":[]},"contributions":{},"includedScopes":[{"contributions":{},"includedScopes":[]},{"contributions":{},"includedScopes":[]},{"contributions":{},"includedScopes":[]},{"contributions":{},"includedScopes":[]}]},"contributions":{},"includedScopes":[{"containerScope":{"containerScope":{"containerScope":{"contributions":{},"includedScopes":[]},"contributions":{},"includedScopes":[]},"contributions":{},"includedScopes":[]},"contributions":{},"includedScopes":[]}]},"sourceMap":{"end":{"column":2,"line":42,"offset":1405},"start":{"column":1,"line":33,"offset":1029}},"supertypes":[]},"stack":"Error: Failed to print, found malformed node\n    at c:\\Users\\estudiante\\.vscode\\extensions\\uqbar.wollok-lsp-ide-0.5.2\\out\\server\\src\\server.js:68:3585\n    at jbn (c:\\Users\\estudiante\\.vscode\\extensions\\uqbar.wollok-lsp-ide-0.5.2\\out\\server\\src\\server.js:68:3396)\n    at c:\\Users\\estudiante\\.vscode\\extensions\\uqbar.wollok-lsp-ide-0.5.2\\out\\server\\src\\server.js:2371:847\n    at c:\\Users\\estudiante\\.vscode\\extensions\\uqbar.wollok-lsp-ide-0.5.2\\out\\server\\src\\server.js:2371:8440\n    at c:\\Users\\estudiante\\.vscode\\extensions\\uqbar.wollok-lsp-ide-0.5.2\\out\\server\\src\\server.js:37:74770\n    at Ye (c:\\Users\\estudiante\\.vscode\\extensions\\uqbar.wollok-lsp-ide-0.5.2\\out\\server\\src\\server.js:7:8527)\n    at Dt (c:\\Users\\estudiante\\.vscode\\extensions\\uqbar.wollok-lsp-ide-0.5.2\\out\\server\\src\\server.js:7:6189)\n    at Zi (c:\\Users\\estudiante\\.vscode\\extensions\\uqbar.wollok-lsp-ide-0.5.2\\out\\server\\src\\server.js:7:6378)\n    at Immediate._onImmediate (c:\\Users\\estudiante\\.vscode\\extensions\\uqbar.wollok-lsp-ide-0.5.2\\out\\server\\src\\server.js:7:6142)\n    at process.processImmediate (node:internal/timers:485:21)","timestamp":"2025-07-01T13:36:06.952Z"}
{"level":"info","message":"⌛ Building environment","timeElapsed":659,"timestamp":"2025-07-01T13:36:07.631Z"}
{"level":"info","message":"⌛ Validating niveles.wlk","timeElapsed":844,"timestamp":"2025-07-01T13:36:08.639Z"}
{"level":"info","message":"⌛ Validating niveles.wlk","timeElapsed":2310,"timestamp":"2025-07-01T13:36:10.956Z"}
{"level":"info","message":"⌛ Validating niveles.wlk","timeElapsed":1173,"timestamp":"2025-07-01T13:36:12.662Z"}
{"level":"info","message":"⌛ Validating niveles.wlk","timeElapsed":625,"timestamp":"2025-07-01T13:36:13.289Z"}
{"level":"info","message":"⌛ Validating niveles.wlk","timeElapsed":640,"timestamp":"2025-07-01T13:36:13.955Z"}
{"level":"info","message":"⌛ Validating niveles.wlk","timeElapsed":566,"timestamp":"2025-07-01T13:36:14.553Z"}
{"level":"info","message":"⌛ Validating niveles.wlk","timeElapsed":419,"timestamp":"2025-07-01T13:36:15.208Z"}
{"errors":{"errors":[null,["/*\r","hacer que esto sea el ontick de cosa animada\r","method cambiarFrame(){\r","hechizos.forEach({hechizo=> hechizo.cambiarFrame()})\r","}\r"]]},"level":"error","message":"✘ Failed to get type description: Error: {\n  \"errors\": [\n    null,\n    [\n      \"/*\\r\",\n      \"hacer que esto sea el ontick de cosa animada\\r\",\n      \"method cambiarFrame(){\\r\",\n      \"hechizos.forEach({hechizo=> hechizo.cambiarFrame()})\\r\",\n      \"}\\r\"\n    ]\n  ]\n} {\n  \"errors\": [\n    null,\n    [\n      \"/*\\r\",\n      \"hacer que esto sea el ontick de cosa animada\\r\",\n      \"method cambiarFrame(){\\r\",\n      \"hechizos.forEach({hechizo=> hechizo.cambiarFrame()})\\r\",\n      \"}\\r\"\n    ]\n  ]\n}","stack":"Error: {\n  \"errors\": [\n    null,\n    [\n      \"/*\\r\",\n      \"hacer que esto sea el ontick de cosa animada\\r\",\n      \"method cambiarFrame(){\\r\",\n      \"hechizos.forEach({hechizo=> hechizo.cambiarFrame()})\\r\",\n      \"}\\r\"\n    ]\n  ]\n}\n    at pS (c:\\Users\\estudiante\\.vscode\\extensions\\uqbar.wollok-lsp-ide-0.5.2\\out\\server\\src\\server.js:64:34609)\n    at G1 (c:\\Users\\estudiante\\.vscode\\extensions\\uqbar.wollok-lsp-ide-0.5.2\\out\\server\\src\\server.js:64:34682)\n    at c:\\Users\\estudiante\\.vscode\\extensions\\uqbar.wollok-lsp-ide-0.5.2\\out\\server\\src\\server.js:64:37949\n    at o.v1 (c:\\Users\\estudiante\\.vscode\\extensions\\uqbar.wollok-lsp-ide-0.5.2\\out\\server\\src\\server.js:57:57694)\n    at c:\\Users\\estudiante\\.vscode\\extensions\\uqbar.wollok-lsp-ide-0.5.2\\out\\server\\src\\server.js:64:37918\n    at c:\\Users\\estudiante\\.vscode\\extensions\\uqbar.wollok-lsp-ide-0.5.2\\out\\server\\src\\server.js:57:55734\n    at Ofn (c:\\Users\\estudiante\\.vscode\\extensions\\uqbar.wollok-lsp-ide-0.5.2\\out\\server\\src\\server.js:68:11324)\n    at c:\\Users\\estudiante\\.vscode\\extensions\\uqbar.wollok-lsp-ide-0.5.2\\out\\server\\src\\server.js:68:3629\n    at Array.map (<anonymous>)\n    at c:\\Users\\estudiante\\.vscode\\extensions\\uqbar.wollok-lsp-ide-0.5.2\\out\\server\\src\\server.js:68:10583","timestamp":"2025-07-01T13:41:16.986Z"}
{"level":"info","message":"🚀 Program executed \u001b[3m\u001b[34mmain.ArcaneBastion\u001b[39m\u001b[23m on \u001b[3m\u001b[34mc:\\Users\\estudiante\\FINAL4\u001b[39m\u001b[23m","ok":true,"timeElapsed":4810,"timestamp":"2025-07-01T13:41:27.765Z"}
{"level":"info","message":"⌛ Building environment","timeElapsed":599,"timestamp":"2025-07-01T13:44:17.167Z"}
{"level":"info","message":"⌛ Building environment","timeElapsed":1104,"timestamp":"2025-07-01T13:44:18.443Z"}
{"level":"info","message":"⌛ Validating niveles.wlk","timeElapsed":2907,"timestamp":"2025-07-01T13:44:21.363Z"}
{"level":"info","message":"⌛ Building environment","timeElapsed":1163,"timestamp":"2025-07-01T13:44:22.590Z"}
{"level":"info","message":"⌛ Building environment","timeElapsed":1327,"timestamp":"2025-07-01T13:44:24.067Z"}
{"level":"info","message":"⌛ Building environment","timeElapsed":2902,"timestamp":"2025-07-01T13:44:27.459Z"}
{"level":"info","message":"⌛ Building environment","timeElapsed":3234,"timestamp":"2025-07-01T13:44:30.876Z"}
{"level":"info","message":"⌛ Autocomplete - Singleton","timeElapsed":493,"timestamp":"2025-07-01T13:44:31.392Z"}
{"level":"info","message":"⌛ Building environment","timeElapsed":834,"timestamp":"2025-07-01T13:44:32.228Z"}
{"level":"info","message":"⌛ Validating niveles.wlk","timeElapsed":580,"timestamp":"2025-07-01T13:44:32.918Z"}
{"level":"info","message":"⌛ Building environment","timeElapsed":344,"timestamp":"2025-07-01T13:44:33.264Z"}
{"level":"info","message":"⌛ Building environment","timeElapsed":243,"timestamp":"2025-07-01T13:44:33.508Z"}
{"level":"info","message":"⌛ Building environment","timeElapsed":215,"timestamp":"2025-07-01T13:44:33.731Z"}
{"level":"info","message":"⌛ Building environment","timeElapsed":372,"timestamp":"2025-07-01T13:44:34.104Z"}
{"level":"info","message":"⌛ Building environment","timeElapsed":672,"timestamp":"2025-07-01T13:44:35.859Z"}
{"level":"info","message":"⌛ Building environment","timeElapsed":837,"timestamp":"2025-07-01T13:44:36.821Z"}
{"level":"info","message":"⌛ Building environment","timeElapsed":668,"timestamp":"2025-07-01T13:44:37.490Z"}
{"level":"info","message":"⌛ Building environment","timeElapsed":848,"timestamp":"2025-07-01T13:44:38.473Z"}
{"level":"info","message":"⌛ Building environment","timeElapsed":263,"timestamp":"2025-07-01T13:44:38.772Z"}
{"level":"info","message":"⌛ Building environment","timeElapsed":278,"timestamp":"2025-07-01T13:44:39.066Z"}
{"level":"info","message":"⌛ Building environment","timeElapsed":488,"timestamp":"2025-07-01T13:44:39.665Z"}
{"level":"info","message":"⌛ Building environment","timeElapsed":266,"timestamp":"2025-07-01T13:44:39.933Z"}
{"level":"info","message":"⌛ Building environment","timeElapsed":258,"timestamp":"2025-07-01T13:44:40.194Z"}
{"level":"info","message":"⌛ Building environment","timeElapsed":274,"timestamp":"2025-07-01T13:44:40.474Z"}
{"level":"info","message":"⌛ Building environment","timeElapsed":283,"timestamp":"2025-07-01T13:44:40.759Z"}
{"level":"info","message":"⌛ Building environment","timeElapsed":329,"timestamp":"2025-07-01T13:44:41.119Z"}
{"level":"info","message":"⌛ Validating niveles.wlk","timeElapsed":371,"timestamp":"2025-07-01T13:44:41.531Z"}
{"level":"info","message":"⌛ Validating niveles.wlk","timeElapsed":428,"timestamp":"2025-07-01T13:44:41.960Z"}
{"level":"info","message":"⌛ Validating niveles.wlk","timeElapsed":507,"timestamp":"2025-07-01T13:44:42.469Z"}
{"exitCode":"SIGHUP","level":"info","message":"👾 Game executed main.ArcaneBastion on c:\\Users\\estudiante\\FINAL4","timeElapsed":199703,"timestamp":"2025-07-01T13:44:42.670Z"}
{"level":"info","message":"⌛ Validating niveles.wlk","timeElapsed":794,"timestamp":"2025-07-01T13:44:43.264Z"}
{"level":"info","message":"⌛ Validating niveles.wlk","timeElapsed":512,"timestamp":"2025-07-01T13:44:43.783Z"}
{"level":"info","message":"⌛ Validating niveles.wlk","timeElapsed":817,"timestamp":"2025-07-01T13:44:44.607Z"}
{"level":"info","message":"⌛ Validating niveles.wlk","timeElapsed":1315,"timestamp":"2025-07-01T13:44:45.924Z"}
{"level":"info","message":"⌛ Validating niveles.wlk","timeElapsed":442,"timestamp":"2025-07-01T13:44:46.368Z"}
{"level":"info","message":"⌛ Validating niveles.wlk","timeElapsed":564,"timestamp":"2025-07-01T13:44:46.933Z"}
{"level":"info","message":"⌛ Validating niveles.wlk","timeElapsed":657,"timestamp":"2025-07-01T13:44:47.590Z"}
{"level":"info","message":"⌛ Validating niveles.wlk","timeElapsed":490,"timestamp":"2025-07-01T13:44:48.081Z"}
{"level":"info","message":"⌛ Validating niveles.wlk","timeElapsed":304,"timestamp":"2025-07-01T13:44:48.387Z"}
{"level":"info","message":"⌛ Validating niveles.wlk","timeElapsed":643,"timestamp":"2025-07-01T13:44:49.033Z"}
{"level":"info","message":"⌛ Validating niveles.wlk","timeElapsed":416,"timestamp":"2025-07-01T13:44:49.452Z"}
{"level":"info","message":"⌛ Validating niveles.wlk","timeElapsed":387,"timestamp":"2025-07-01T13:44:49.841Z"}
{"level":"info","message":"⌛ Validating niveles.wlk","timeElapsed":488,"timestamp":"2025-07-01T13:44:50.340Z"}
{"level":"info","message":"⌛ Validating niveles.wlk","timeElapsed":627,"timestamp":"2025-07-01T13:44:50.968Z"}
{"level":"info","message":"⌛ Validating niveles.wlk","timeElapsed":585,"timestamp":"2025-07-01T13:44:51.555Z"}
{"level":"info","message":"⌛ Validating niveles.wlk","timeElapsed":680,"timestamp":"2025-07-01T13:44:52.240Z"}
{"level":"info","message":"⌛ Validating niveles.wlk","timeElapsed":472,"timestamp":"2025-07-01T13:44:52.714Z"}
{"level":"info","message":"⌛ Validating niveles.wlk","timeElapsed":407,"timestamp":"2025-07-01T13:44:53.122Z"}
{"level":"info","message":"🚀 Program executed \u001b[3m\u001b[34mmain.ArcaneBastion\u001b[39m\u001b[23m on \u001b[3m\u001b[34mc:\\Users\\estudiante\\FINAL4\u001b[39m\u001b[23m","ok":true,"timeElapsed":3489,"timestamp":"2025-07-01T13:45:01.168Z"}
{"level":"error","message":"✘ Failed to get type description: Error: Failed to print, found malformed node Failed to print, found malformed node","node":{"compiled":false,"id":"36d7f808-13e5-4f9a-b391-6dffcfea101f","isOverride":false,"metadata":[],"name":"position","parameters":[],"problems":[{"code":"malformedMember","sourceMap":{"end":{"column":56,"line":35,"offset":1155},"start":{"column":20,"line":35,"offset":1119}}}],"scope":{"containerScope":{"containerScope":{"containerScope":{"contributions":{},"includedScopes":[]},"contributions":{},"includedScopes":[{"contributions":{},"includedScopes":[]},{"contributions":{},"includedScopes":[]},{"contributions":{},"includedScopes":[]},{"contributions":{},"includedScopes":[]}]},"contributions":{},"includedScopes":[{"containerScope":{"containerScope":{"containerScope":{"contributions":{},"includedScopes":[]},"contributions":{},"includedScopes":[]},"contributions":{},"includedScopes":[]},"contributions":{},"includedScopes":[]}]},"contributions":{},"includedScopes":[]},"sourceMap":{"end":{"column":56,"line":35,"offset":1155},"start":{"column":5,"line":35,"offset":1104}}},"stack":"Error: Failed to print, found malformed node\n    at c:\\Users\\estudiante\\.vscode\\extensions\\uqbar.wollok-lsp-ide-0.5.2\\out\\server\\src\\server.js:68:3585\n    at jbn (c:\\Users\\estudiante\\.vscode\\extensions\\uqbar.wollok-lsp-ide-0.5.2\\out\\server\\src\\server.js:68:3396)\n    at c:\\Users\\estudiante\\.vscode\\extensions\\uqbar.wollok-lsp-ide-0.5.2\\out\\server\\src\\server.js:2371:847\n    at c:\\Users\\estudiante\\.vscode\\extensions\\uqbar.wollok-lsp-ide-0.5.2\\out\\server\\src\\server.js:2371:8440\n    at c:\\Users\\estudiante\\.vscode\\extensions\\uqbar.wollok-lsp-ide-0.5.2\\out\\server\\src\\server.js:37:74770\n    at Ye (c:\\Users\\estudiante\\.vscode\\extensions\\uqbar.wollok-lsp-ide-0.5.2\\out\\server\\src\\server.js:7:8527)\n    at Dt (c:\\Users\\estudiante\\.vscode\\extensions\\uqbar.wollok-lsp-ide-0.5.2\\out\\server\\src\\server.js:7:6189)\n    at Zi (c:\\Users\\estudiante\\.vscode\\extensions\\uqbar.wollok-lsp-ide-0.5.2\\out\\server\\src\\server.js:7:6378)\n    at Immediate._onImmediate (c:\\Users\\estudiante\\.vscode\\extensions\\uqbar.wollok-lsp-ide-0.5.2\\out\\server\\src\\server.js:7:6142)\n    at process.processImmediate (node:internal/timers:485:21)","timestamp":"2025-07-01T13:45:43.948Z"}
{"level":"error","message":"✘ Failed to get type description: Error: Failed to print, found malformed node Failed to print, found malformed node","node":{"compiled":false,"id":"36d7f808-13e5-4f9a-b391-6dffcfea101f","isOverride":false,"metadata":[],"name":"position","parameters":[],"problems":[{"code":"malformedMember","sourceMap":{"end":{"column":56,"line":35,"offset":1155},"start":{"column":20,"line":35,"offset":1119}}}],"scope":{"containerScope":{"containerScope":{"containerScope":{"contributions":{},"includedScopes":[]},"contributions":{},"includedScopes":[{"contributions":{},"includedScopes":[]},{"contributions":{},"includedScopes":[]},{"contributions":{},"includedScopes":[]},{"contributions":{},"includedScopes":[]}]},"contributions":{},"includedScopes":[{"containerScope":{"containerScope":{"containerScope":{"contributions":{},"includedScopes":[]},"contributions":{},"includedScopes":[]},"contributions":{},"includedScopes":[]},"contributions":{},"includedScopes":[]}]},"contributions":{},"includedScopes":[]},"sourceMap":{"end":{"column":56,"line":35,"offset":1155},"start":{"column":5,"line":35,"offset":1104}}},"stack":"Error: Failed to print, found malformed node\n    at c:\\Users\\estudiante\\.vscode\\extensions\\uqbar.wollok-lsp-ide-0.5.2\\out\\server\\src\\server.js:68:3585\n    at jbn (c:\\Users\\estudiante\\.vscode\\extensions\\uqbar.wollok-lsp-ide-0.5.2\\out\\server\\src\\server.js:68:3396)\n    at c:\\Users\\estudiante\\.vscode\\extensions\\uqbar.wollok-lsp-ide-0.5.2\\out\\server\\src\\server.js:2371:847\n    at c:\\Users\\estudiante\\.vscode\\extensions\\uqbar.wollok-lsp-ide-0.5.2\\out\\server\\src\\server.js:2371:8440\n    at c:\\Users\\estudiante\\.vscode\\extensions\\uqbar.wollok-lsp-ide-0.5.2\\out\\server\\src\\server.js:37:74770\n    at Ye (c:\\Users\\estudiante\\.vscode\\extensions\\uqbar.wollok-lsp-ide-0.5.2\\out\\server\\src\\server.js:7:8527)\n    at Dt (c:\\Users\\estudiante\\.vscode\\extensions\\uqbar.wollok-lsp-ide-0.5.2\\out\\server\\src\\server.js:7:6189)\n    at Zi (c:\\Users\\estudiante\\.vscode\\extensions\\uqbar.wollok-lsp-ide-0.5.2\\out\\server\\src\\server.js:7:6378)\n    at Immediate._onImmediate (c:\\Users\\estudiante\\.vscode\\extensions\\uqbar.wollok-lsp-ide-0.5.2\\out\\server\\src\\server.js:7:6142)\n    at process.processImmediate (node:internal/timers:485:21)","timestamp":"2025-07-01T13:45:45.645Z"}
{"level":"error","message":"✘ Failed to get type description: Error: Failed to print, found malformed node Failed to print, found malformed node","node":{"compiled":false,"id":"36d7f808-13e5-4f9a-b391-6dffcfea101f","isOverride":false,"metadata":[],"name":"position","parameters":[],"problems":[{"code":"malformedMember","sourceMap":{"end":{"column":56,"line":35,"offset":1155},"start":{"column":20,"line":35,"offset":1119}}}],"scope":{"containerScope":{"containerScope":{"containerScope":{"contributions":{},"includedScopes":[]},"contributions":{},"includedScopes":[{"contributions":{},"includedScopes":[]},{"contributions":{},"includedScopes":[]},{"contributions":{},"includedScopes":[]},{"contributions":{},"includedScopes":[]}]},"contributions":{},"includedScopes":[{"containerScope":{"containerScope":{"containerScope":{"contributions":{},"includedScopes":[]},"contributions":{},"includedScopes":[]},"contributions":{},"includedScopes":[]},"contributions":{},"includedScopes":[]}]},"contributions":{},"includedScopes":[]},"sourceMap":{"end":{"column":56,"line":35,"offset":1155},"start":{"column":5,"line":35,"offset":1104}}},"stack":"Error: Failed to print, found malformed node\n    at c:\\Users\\estudiante\\.vscode\\extensions\\uqbar.wollok-lsp-ide-0.5.2\\out\\server\\src\\server.js:68:3585\n    at jbn (c:\\Users\\estudiante\\.vscode\\extensions\\uqbar.wollok-lsp-ide-0.5.2\\out\\server\\src\\server.js:68:3396)\n    at c:\\Users\\estudiante\\.vscode\\extensions\\uqbar.wollok-lsp-ide-0.5.2\\out\\server\\src\\server.js:2371:847\n    at c:\\Users\\estudiante\\.vscode\\extensions\\uqbar.wollok-lsp-ide-0.5.2\\out\\server\\src\\server.js:2371:8440\n    at c:\\Users\\estudiante\\.vscode\\extensions\\uqbar.wollok-lsp-ide-0.5.2\\out\\server\\src\\server.js:37:74770\n    at Ye (c:\\Users\\estudiante\\.vscode\\extensions\\uqbar.wollok-lsp-ide-0.5.2\\out\\server\\src\\server.js:7:8527)\n    at Dt (c:\\Users\\estudiante\\.vscode\\extensions\\uqbar.wollok-lsp-ide-0.5.2\\out\\server\\src\\server.js:7:6189)\n    at Zi (c:\\Users\\estudiante\\.vscode\\extensions\\uqbar.wollok-lsp-ide-0.5.2\\out\\server\\src\\server.js:7:6378)\n    at Immediate._onImmediate (c:\\Users\\estudiante\\.vscode\\extensions\\uqbar.wollok-lsp-ide-0.5.2\\out\\server\\src\\server.js:7:6142)\n    at process.processImmediate (node:internal/timers:485:21)","timestamp":"2025-07-01T13:45:47.434Z"}
{"level":"error","message":"✘ Failed to get type description: Error: Failed to print, found malformed node Failed to print, found malformed node","node":{"compiled":false,"id":"36d7f808-13e5-4f9a-b391-6dffcfea101f","isOverride":false,"metadata":[],"name":"position","parameters":[],"problems":[{"code":"malformedMember","sourceMap":{"end":{"column":56,"line":35,"offset":1155},"start":{"column":20,"line":35,"offset":1119}}}],"scope":{"containerScope":{"containerScope":{"containerScope":{"contributions":{},"includedScopes":[]},"contributions":{},"includedScopes":[{"contributions":{},"includedScopes":[]},{"contributions":{},"includedScopes":[]},{"contributions":{},"includedScopes":[]},{"contributions":{},"includedScopes":[]}]},"contributions":{},"includedScopes":[{"containerScope":{"containerScope":{"containerScope":{"contributions":{},"includedScopes":[]},"contributions":{},"includedScopes":[]},"contributions":{},"includedScopes":[]},"contributions":{},"includedScopes":[]}]},"contributions":{},"includedScopes":[]},"sourceMap":{"end":{"column":56,"line":35,"offset":1155},"start":{"column":5,"line":35,"offset":1104}}},"stack":"Error: Failed to print, found malformed node\n    at c:\\Users\\estudiante\\.vscode\\extensions\\uqbar.wollok-lsp-ide-0.5.2\\out\\server\\src\\server.js:68:3585\n    at jbn (c:\\Users\\estudiante\\.vscode\\extensions\\uqbar.wollok-lsp-ide-0.5.2\\out\\server\\src\\server.js:68:3396)\n    at c:\\Users\\estudiante\\.vscode\\extensions\\uqbar.wollok-lsp-ide-0.5.2\\out\\server\\src\\server.js:2371:847\n    at c:\\Users\\estudiante\\.vscode\\extensions\\uqbar.wollok-lsp-ide-0.5.2\\out\\server\\src\\server.js:2371:8440\n    at c:\\Users\\estudiante\\.vscode\\extensions\\uqbar.wollok-lsp-ide-0.5.2\\out\\server\\src\\server.js:37:74770\n    at Ye (c:\\Users\\estudiante\\.vscode\\extensions\\uqbar.wollok-lsp-ide-0.5.2\\out\\server\\src\\server.js:7:8527)\n    at Dt (c:\\Users\\estudiante\\.vscode\\extensions\\uqbar.wollok-lsp-ide-0.5.2\\out\\server\\src\\server.js:7:6189)\n    at Zi (c:\\Users\\estudiante\\.vscode\\extensions\\uqbar.wollok-lsp-ide-0.5.2\\out\\server\\src\\server.js:7:6378)\n    at Immediate._onImmediate (c:\\Users\\estudiante\\.vscode\\extensions\\uqbar.wollok-lsp-ide-0.5.2\\out\\server\\src\\server.js:7:6142)\n    at process.processImmediate (node:internal/timers:485:21)","timestamp":"2025-07-01T13:45:48.396Z"}
{"level":"info","message":"⌛ Building environment","timeElapsed":9297,"timestamp":"2025-07-01T13:45:57.861Z"}
{"level":"info","message":"⌛ Building environment","timeElapsed":2453,"timestamp":"2025-07-01T13:46:03.731Z"}
{"level":"error","message":"✘ Failed to get type description: Error: Failed to print, found malformed node Failed to print, found malformed node","node":{"compiled":false,"id":"65f7bef4-d49d-4822-81dc-1f991823993b","isOverride":false,"metadata":[],"name":"position","parameters":[],"problems":[{"code":"malformedMember","sourceMap":{"end":{"column":57,"line":25,"offset":786},"start":{"column":21,"line":25,"offset":750}}}],"scope":{"containerScope":{"containerScope":{"containerScope":{"contributions":{},"includedScopes":[]},"contributions":{},"includedScopes":[{"contributions":{},"includedScopes":[]},{"contributions":{},"includedScopes":[]},{"contributions":{},"includedScopes":[]},{"contributions":{},"includedScopes":[]}]},"contributions":{},"includedScopes":[{"containerScope":{"containerScope":{"containerScope":{"contributions":{},"includedScopes":[]},"contributions":{},"includedScopes":[]},"contributions":{},"includedScopes":[]},"contributions":{},"includedScopes":[]}]},"contributions":{},"includedScopes":[]},"sourceMap":{"end":{"column":57,"line":25,"offset":786},"start":{"column":5,"line":25,"offset":734}}},"stack":"Error: Failed to print, found malformed node\n    at c:\\Users\\estudiante\\.vscode\\extensions\\uqbar.wollok-lsp-ide-0.5.2\\out\\server\\src\\server.js:68:3585\n    at jbn (c:\\Users\\estudiante\\.vscode\\extensions\\uqbar.wollok-lsp-ide-0.5.2\\out\\server\\src\\server.js:68:3396)\n    at c:\\Users\\estudiante\\.vscode\\extensions\\uqbar.wollok-lsp-ide-0.5.2\\out\\server\\src\\server.js:2371:847\n    at c:\\Users\\estudiante\\.vscode\\extensions\\uqbar.wollok-lsp-ide-0.5.2\\out\\server\\src\\server.js:2371:8440\n    at c:\\Users\\estudiante\\.vscode\\extensions\\uqbar.wollok-lsp-ide-0.5.2\\out\\server\\src\\server.js:37:74770\n    at Ye (c:\\Users\\estudiante\\.vscode\\extensions\\uqbar.wollok-lsp-ide-0.5.2\\out\\server\\src\\server.js:7:8527)\n    at Dt (c:\\Users\\estudiante\\.vscode\\extensions\\uqbar.wollok-lsp-ide-0.5.2\\out\\server\\src\\server.js:7:6189)\n    at Zi (c:\\Users\\estudiante\\.vscode\\extensions\\uqbar.wollok-lsp-ide-0.5.2\\out\\server\\src\\server.js:7:6378)\n    at Immediate._onImmediate (c:\\Users\\estudiante\\.vscode\\extensions\\uqbar.wollok-lsp-ide-0.5.2\\out\\server\\src\\server.js:7:6142)\n    at process.processImmediate (node:internal/timers:485:21)","timestamp":"2025-07-01T13:46:04.647Z"}
{"level":"info","message":"⌛ Building environment","timeElapsed":1081,"timestamp":"2025-07-01T13:46:05.799Z"}
{"level":"info","message":"⌛ Building environment","timeElapsed":1731,"timestamp":"2025-07-01T13:46:07.716Z"}
{"exitCode":"SIGHUP","level":"info","message":"👾 Game executed main.ArcaneBastion on c:\\Users\\estudiante\\FINAL4","timeElapsed":70348,"timestamp":"2025-07-01T13:46:08.140Z"}
{"level":"info","message":"⌛ Validating niveles.wlk","timeElapsed":1550,"timestamp":"2025-07-01T13:46:09.717Z"}
{"level":"info","message":"⌛ Validating niveles.wlk","timeElapsed":1257,"timestamp":"2025-07-01T13:46:11.099Z"}
{"level":"info","message":"⌛ Validating niveles.wlk","timeElapsed":3654,"timestamp":"2025-07-01T13:46:14.943Z"}
{"level":"info","message":"⌛ Validating niveles.wlk","timeElapsed":1382,"timestamp":"2025-07-01T13:46:16.353Z"}
{"level":"info","message":"🚀 Program executed \u001b[3m\u001b[34mmain.ArcaneBastion\u001b[39m\u001b[23m on \u001b[3m\u001b[34mc:\\Users\\estudiante\\FINAL4\u001b[39m\u001b[23m","ok":true,"timeElapsed":2479,"timestamp":"2025-07-01T13:58:27.450Z"}
{"exitCode":"SIGHUP","level":"info","message":"👾 Game executed main.ArcaneBastion on c:\\Users\\estudiante\\FINAL4","timeElapsed":87176,"timestamp":"2025-07-01T13:59:52.156Z"}
{"level":"info","message":"⌛ Building environment","timeElapsed":330,"timestamp":"2025-07-01T14:02:29.379Z"}
{"level":"info","message":"⌛ Building environment","timeElapsed":233,"timestamp":"2025-07-01T14:02:30.266Z"}
{"level":"info","message":"⌛ Building environment","timeElapsed":300,"timestamp":"2025-07-01T14:02:30.568Z"}
{"level":"info","message":"⌛ Building environment","timeElapsed":206,"timestamp":"2025-07-01T14:02:30.777Z"}
{"level":"info","message":"⌛ Building environment","timeElapsed":217,"timestamp":"2025-07-01T14:02:30.996Z"}
{"level":"info","message":"⌛ Validating menu.wlk","timeElapsed":758,"timestamp":"2025-07-01T14:02:31.774Z"}
{"level":"info","message":"⌛ Building environment","timeElapsed":150,"timestamp":"2025-07-01T14:02:31.927Z"}
{"level":"info","message":"⌛ Validating menu.wlk","timeElapsed":273,"timestamp":"2025-07-01T14:02:32.208Z"}
{"level":"info","message":"⌛ Building environment","timeElapsed":198,"timestamp":"2025-07-01T14:02:32.409Z"}
{"level":"info","message":"⌛ Building environment","timeElapsed":199,"timestamp":"2025-07-01T14:02:32.620Z"}
{"level":"info","message":"⌛ Validating menu.wlk","timeElapsed":334,"timestamp":"2025-07-01T14:02:32.957Z"}
{"level":"info","message":"⌛ Building environment","timeElapsed":166,"timestamp":"2025-07-01T14:02:33.143Z"}
{"level":"info","message":"⌛ Validating menu.wlk","timeElapsed":353,"timestamp":"2025-07-01T14:02:33.512Z"}
{"level":"info","message":"⌛ Validating menu.wlk","timeElapsed":268,"timestamp":"2025-07-01T14:02:33.786Z"}
{"level":"info","message":"⌛ Building environment","timeElapsed":170,"timestamp":"2025-07-01T14:02:33.957Z"}
{"level":"info","message":"⌛ Validating menu.wlk","timeElapsed":225,"timestamp":"2025-07-01T14:02:34.194Z"}
{"level":"info","message":"⌛ Building environment","timeElapsed":310,"timestamp":"2025-07-01T14:02:34.530Z"}
{"level":"info","message":"⌛ Validating menu.wlk","timeElapsed":376,"timestamp":"2025-07-01T14:02:34.907Z"}
{"level":"info","message":"⌛ Validating menu.wlk","timeElapsed":269,"timestamp":"2025-07-01T14:02:35.230Z"}
{"level":"info","message":"⌛ Validating menu.wlk","timeElapsed":245,"timestamp":"2025-07-01T14:02:35.478Z"}
{"level":"info","message":"⌛ Building environment","timeElapsed":217,"timestamp":"2025-07-01T14:02:35.716Z"}
{"level":"info","message":"⌛ Validating menu.wlk","timeElapsed":166,"timestamp":"2025-07-01T14:02:35.900Z"}
{"level":"info","message":"⌛ Building environment","timeElapsed":149,"timestamp":"2025-07-01T14:02:36.065Z"}
{"level":"info","message":"⌛ Validating menu.wlk","timeElapsed":189,"timestamp":"2025-07-01T14:02:36.268Z"}
{"level":"info","message":"⌛ Building environment","timeElapsed":137,"timestamp":"2025-07-01T14:02:36.435Z"}
{"level":"info","message":"⌛ Validating menu.wlk","timeElapsed":197,"timestamp":"2025-07-01T14:02:36.676Z"}
{"level":"info","message":"⌛ Building environment","timeElapsed":125,"timestamp":"2025-07-01T14:02:36.807Z"}
{"level":"info","message":"⌛ Validating menu.wlk","timeElapsed":198,"timestamp":"2025-07-01T14:02:37.019Z"}
{"level":"info","message":"⌛ Validating menu.wlk","timeElapsed":180,"timestamp":"2025-07-01T14:02:37.213Z"}
{"level":"info","message":"⌛ Validating menu.wlk","timeElapsed":230,"timestamp":"2025-07-01T14:02:37.448Z"}
{"level":"info","message":"⌛ Building environment","timeElapsed":183,"timestamp":"2025-07-01T14:02:42.432Z"}
{"level":"info","message":"⌛ Validating menu.wlk","timeElapsed":347,"timestamp":"2025-07-01T14:02:42.781Z"}
{"level":"info","message":"⌛ Building environment","timeElapsed":440,"timestamp":"2025-07-01T14:02:43.514Z"}
{"level":"info","message":"⌛ Validating menu.wlk","timeElapsed":1306,"timestamp":"2025-07-01T14:02:45.067Z"}
{"level":"info","message":"⌛ Building environment","timeElapsed":626,"timestamp":"2025-07-01T14:02:45.694Z"}
{"level":"info","message":"⌛ Building environment","timeElapsed":518,"timestamp":"2025-07-01T14:02:46.235Z"}
{"level":"info","message":"⌛ Building environment","timeElapsed":408,"timestamp":"2025-07-01T14:02:46.646Z"}
{"level":"info","message":"⌛ Building environment","timeElapsed":685,"timestamp":"2025-07-01T14:02:47.334Z"}
{"level":"info","message":"⌛ Building environment","timeElapsed":433,"timestamp":"2025-07-01T14:02:47.802Z"}
{"level":"info","message":"⌛ Building environment","timeElapsed":452,"timestamp":"2025-07-01T14:02:48.532Z"}
{"level":"info","message":"⌛ Building environment","timeElapsed":563,"timestamp":"2025-07-01T14:02:49.097Z"}
{"level":"info","message":"⌛ Building environment","timeElapsed":283,"timestamp":"2025-07-01T14:02:49.413Z"}
{"level":"info","message":"⌛ Building environment","timeElapsed":327,"timestamp":"2025-07-01T14:02:49.796Z"}
{"level":"info","message":"⌛ Building environment","timeElapsed":512,"timestamp":"2025-07-01T14:02:50.323Z"}
{"level":"info","message":"⌛ Building environment","timeElapsed":1007,"timestamp":"2025-07-01T14:02:51.384Z"}
{"level":"info","message":"⌛ Validating menu.wlk","timeElapsed":2431,"timestamp":"2025-07-01T14:02:53.840Z"}
{"level":"info","message":"⌛ Building environment","timeElapsed":635,"timestamp":"2025-07-01T14:02:54.515Z"}
{"level":"error","message":"✘ Completions for node Send ([19:12, 19:30] - menu.wlk) failed: Error: [Send]{d18182} at menu.wlk:19 exhausted all cases without a match [Send]{d18182} at menu.wlk:19 exhausted all cases without a match","stack":"Error: [Send]{d18182} at menu.wlk:19 exhausted all cases without a match\n    at c:\\Users\\estudiante\\.vscode\\extensions\\uqbar.wollok-lsp-ide-0.5.2\\out\\server\\src\\server.js:38:6142\n    at C2 (c:\\Users\\estudiante\\.vscode\\extensions\\uqbar.wollok-lsp-ide-0.5.2\\out\\server\\src\\server.js:2362:42)\n    at Gh (c:\\Users\\estudiante\\.vscode\\extensions\\uqbar.wollok-lsp-ide-0.5.2\\out\\server\\src\\server.js:2362:1092)\n    at l8n (c:\\Users\\estudiante\\.vscode\\extensions\\uqbar.wollok-lsp-ide-0.5.2\\out\\server\\src\\server.js:2362:1248)\n    at c:\\Users\\estudiante\\.vscode\\extensions\\uqbar.wollok-lsp-ide-0.5.2\\out\\server\\src\\server.js:38:6131\n    at C2 (c:\\Users\\estudiante\\.vscode\\extensions\\uqbar.wollok-lsp-ide-0.5.2\\out\\server\\src\\server.js:2362:42)\n    at c:\\Users\\estudiante\\.vscode\\extensions\\uqbar.wollok-lsp-ide-0.5.2\\out\\server\\src\\server.js:2362:2988\n    at c:\\Users\\estudiante\\.vscode\\extensions\\uqbar.wollok-lsp-ide-0.5.2\\out\\server\\src\\server.js:2371:8440\n    at c:\\Users\\estudiante\\.vscode\\extensions\\uqbar.wollok-lsp-ide-0.5.2\\out\\server\\src\\server.js:37:74872\n    at Ye (c:\\Users\\estudiante\\.vscode\\extensions\\uqbar.wollok-lsp-ide-0.5.2\\out\\server\\src\\server.js:7:8527)","timestamp":"2025-07-01T14:02:54.635Z"}
{"level":"info","message":"⌛ Validating menu.wlk","timeElapsed":541,"timestamp":"2025-07-01T14:02:55.199Z"}
{"level":"info","message":"⌛ Building environment","timeElapsed":163,"timestamp":"2025-07-01T14:02:55.363Z"}
{"level":"info","message":"⌛ Validating menu.wlk","timeElapsed":324,"timestamp":"2025-07-01T14:02:55.714Z"}
{"level":"info","message":"⌛ Building environment","timeElapsed":423,"timestamp":"2025-07-01T14:02:56.172Z"}
{"level":"info","message":"⌛ Validating menu.wlk","timeElapsed":897,"timestamp":"2025-07-01T14:02:57.081Z"}
{"level":"info","message":"⌛ Building environment","timeElapsed":486,"timestamp":"2025-07-01T14:02:57.568Z"}
{"level":"info","message":"⌛ Validating menu.wlk","timeElapsed":698,"timestamp":"2025-07-01T14:02:58.271Z"}
{"level":"info","message":"⌛ Validating menu.wlk","timeElapsed":377,"timestamp":"2025-07-01T14:02:58.667Z"}
{"level":"error","message":"✘ Failed to rebuild document Failed to parse menu.wlk: \n-- PARSING FAILED --------------------------------------------------\n\n  21 |         })\n  22 |     }\n> 23 | }\n     | ^\n\nExpected one of the following: \n\n' ', '@', 'class', 'const', 'describe', 'mixin', 'object', 'only', 'package', 'program', 'test', 'var', '{', EOF, comment, not \"}\", whitespace\n","stack":"Error: Failed to parse menu.wlk: \n-- PARSING FAILED --------------------------------------------------\n\n  21 |         })\n  22 |     }\n> 23 | }\n     | ^\n\nExpected one of the following: \n\n' ', '@', 'class', 'const', 'describe', 'mixin', 'object', 'only', 'package', 'program', 'test', 'var', '{', EOF, comment, not \"}\", whitespace\n\n    at c:\\Users\\estudiante\\.vscode\\extensions\\uqbar.wollok-lsp-ide-0.5.2\\out\\server\\src\\server.js:2326:13026\n    at Array.map (<anonymous>)\n    at D1n (c:\\Users\\estudiante\\.vscode\\extensions\\uqbar.wollok-lsp-ide-0.5.2\\out\\server\\src\\server.js:2326:12950)\n    at W2.buildEnvironmentFrom (c:\\Users\\estudiante\\.vscode\\extensions\\uqbar.wollok-lsp-ide-0.5.2\\out\\server\\src\\server.js:2371:5254)\n    at W2.updateEnvironmentWith (c:\\Users\\estudiante\\.vscode\\extensions\\uqbar.wollok-lsp-ide-0.5.2\\out\\server\\src\\server.js:2371:4989)\n    at GF (c:\\Users\\estudiante\\.vscode\\extensions\\uqbar.wollok-lsp-ide-0.5.2\\out\\server\\src\\server.js:2371:7383)\n    at L3.invoke (c:\\Users\\estudiante\\.vscode\\extensions\\uqbar.wollok-lsp-ide-0.5.2\\out\\server\\src\\server.js:3:157326)\n    at o.fire (c:\\Users\\estudiante\\.vscode\\extensions\\uqbar.wollok-lsp-ide-0.5.2\\out\\server\\src\\server.js:3:158096)\n    at c:\\Users\\estudiante\\.vscode\\extensions\\uqbar.wollok-lsp-ide-0.5.2\\out\\server\\src\\server.js:37:57871\n    at Kr (c:\\Users\\estudiante\\.vscode\\extensions\\uqbar.wollok-lsp-ide-0.5.2\\out\\server\\src\\server.js:8:1561)","timestamp":"2025-07-01T14:02:58.701Z"}
{"level":"info","message":"⌛ Validating menu.wlk","timeElapsed":663,"timestamp":"2025-07-01T14:02:59.382Z"}
{"level":"info","message":"⌛ Validating menu.wlk","timeElapsed":357,"timestamp":"2025-07-01T14:02:59.773Z"}
{"level":"info","message":"⌛ Building environment","timeElapsed":478,"timestamp":"2025-07-01T14:03:00.256Z"}
{"level":"info","message":"⌛ Validating menu.wlk","timeElapsed":431,"timestamp":"2025-07-01T14:03:00.765Z"}
{"level":"info","message":"⌛ Building environment","timeElapsed":649,"timestamp":"2025-07-01T14:03:01.416Z"}
{"level":"info","message":"⌛ Validating menu.wlk","timeElapsed":975,"timestamp":"2025-07-01T14:03:02.560Z"}
{"level":"info","message":"⌛ Building environment","timeElapsed":506,"timestamp":"2025-07-01T14:03:03.081Z"}
{"level":"info","message":"⌛ Building environment","timeElapsed":304,"timestamp":"2025-07-01T14:03:03.510Z"}
{"level":"info","message":"⌛ Building environment","timeElapsed":162,"timestamp":"2025-07-01T14:03:03.728Z"}
{"level":"error","message":"✘ Failed to rebuild document Failed to parse menu.wlk: \n-- PARSING FAILED --------------------------------------------------\n\n  21 |         })\n  22 |     }\n> 23 | }\n     | ^\n\nExpected one of the following: \n\n' ', '@', 'class', 'const', 'describe', 'mixin', 'object', 'only', 'package', 'program', 'test', 'var', '{', EOF, comment, not \"}\", whitespace\n","stack":"Error: Failed to parse menu.wlk: \n-- PARSING FAILED --------------------------------------------------\n\n  21 |         })\n  22 |     }\n> 23 | }\n     | ^\n\nExpected one of the following: \n\n' ', '@', 'class', 'const', 'describe', 'mixin', 'object', 'only', 'package', 'program', 'test', 'var', '{', EOF, comment, not \"}\", whitespace\n\n    at c:\\Users\\estudiante\\.vscode\\extensions\\uqbar.wollok-lsp-ide-0.5.2\\out\\server\\src\\server.js:2326:13026\n    at Array.map (<anonymous>)\n    at D1n (c:\\Users\\estudiante\\.vscode\\extensions\\uqbar.wollok-lsp-ide-0.5.2\\out\\server\\src\\server.js:2326:12950)\n    at W2.buildEnvironmentFrom (c:\\Users\\estudiante\\.vscode\\extensions\\uqbar.wollok-lsp-ide-0.5.2\\out\\server\\src\\server.js:2371:5254)\n    at W2.updateEnvironmentWith (c:\\Users\\estudiante\\.vscode\\extensions\\uqbar.wollok-lsp-ide-0.5.2\\out\\server\\src\\server.js:2371:4989)\n    at GF (c:\\Users\\estudiante\\.vscode\\extensions\\uqbar.wollok-lsp-ide-0.5.2\\out\\server\\src\\server.js:2371:7383)\n    at L3.invoke (c:\\Users\\estudiante\\.vscode\\extensions\\uqbar.wollok-lsp-ide-0.5.2\\out\\server\\src\\server.js:3:157326)\n    at o.fire (c:\\Users\\estudiante\\.vscode\\extensions\\uqbar.wollok-lsp-ide-0.5.2\\out\\server\\src\\server.js:3:158096)\n    at c:\\Users\\estudiante\\.vscode\\extensions\\uqbar.wollok-lsp-ide-0.5.2\\out\\server\\src\\server.js:37:57871\n    at Kr (c:\\Users\\estudiante\\.vscode\\extensions\\uqbar.wollok-lsp-ide-0.5.2\\out\\server\\src\\server.js:8:1561)","timestamp":"2025-07-01T14:03:03.792Z"}
{"level":"info","message":"⌛ Building environment","timeElapsed":264,"timestamp":"2025-07-01T14:03:04.057Z"}
{"level":"info","message":"⌛ Building environment","timeElapsed":167,"timestamp":"2025-07-01T14:03:04.226Z"}
{"level":"info","message":"⌛ Building environment","timeElapsed":225,"timestamp":"2025-07-01T14:03:04.516Z"}
{"level":"info","message":"⌛ Building environment","timeElapsed":178,"timestamp":"2025-07-01T14:03:04.751Z"}
{"level":"info","message":"⌛ Building environment","timeElapsed":197,"timestamp":"2025-07-01T14:03:04.997Z"}
{"level":"info","message":"⌛ Building environment","timeElapsed":432,"timestamp":"2025-07-01T14:03:05.549Z"}
{"level":"info","message":"⌛ Validating menu.wlk","timeElapsed":450,"timestamp":"2025-07-01T14:03:06.075Z"}
{"level":"info","message":"⌛ Building environment","timeElapsed":753,"timestamp":"2025-07-01T14:03:06.831Z"}
{"level":"info","message":"⌛ Building environment","timeElapsed":246,"timestamp":"2025-07-01T14:03:07.140Z"}
{"level":"info","message":"⌛ Building environment","timeElapsed":166,"timestamp":"2025-07-01T14:03:07.356Z"}
{"level":"info","message":"⌛ Building environment","timeElapsed":159,"timestamp":"2025-07-01T14:03:07.545Z"}
{"level":"info","message":"⌛ Building environment","timeElapsed":178,"timestamp":"2025-07-01T14:03:07.755Z"}
{"level":"info","message":"⌛ Building environment","timeElapsed":334,"timestamp":"2025-07-01T14:03:08.141Z"}
{"level":"info","message":"⌛ Building environment","timeElapsed":305,"timestamp":"2025-07-01T14:03:08.499Z"}
{"level":"info","message":"⌛ Building environment","timeElapsed":889,"timestamp":"2025-07-01T14:03:09.458Z"}
{"level":"info","message":"⌛ Building environment","timeElapsed":242,"timestamp":"2025-07-01T14:03:09.765Z"}
{"level":"info","message":"⌛ Building environment","timeElapsed":225,"timestamp":"2025-07-01T14:03:10.073Z"}
{"level":"info","message":"⌛ Validating menu.wlk","timeElapsed":382,"timestamp":"2025-07-01T14:03:10.488Z"}
{"level":"info","message":"⌛ Building environment","timeElapsed":169,"timestamp":"2025-07-01T14:03:10.675Z"}
{"level":"info","message":"⌛ Building environment","timeElapsed":217,"timestamp":"2025-07-01T14:03:10.935Z"}
{"level":"info","message":"⌛ Validating menu.wlk","timeElapsed":310,"timestamp":"2025-07-01T14:03:11.271Z"}
{"level":"info","message":"⌛ Validating menu.wlk","timeElapsed":365,"timestamp":"2025-07-01T14:03:11.669Z"}
{"level":"info","message":"⌛ Validating menu.wlk","timeElapsed":346,"timestamp":"2025-07-01T14:03:12.028Z"}
{"level":"info","message":"⌛ Building environment","timeElapsed":217,"timestamp":"2025-07-01T14:03:12.246Z"}
{"level":"info","message":"⌛ Validating menu.wlk","timeElapsed":390,"timestamp":"2025-07-01T14:03:12.739Z"}
{"level":"info","message":"⌛ Validating menu.wlk","timeElapsed":416,"timestamp":"2025-07-01T14:03:13.243Z"}
{"level":"info","message":"⌛ Validating menu.wlk","timeElapsed":326,"timestamp":"2025-07-01T14:03:13.577Z"}
{"level":"info","message":"⌛ Validating menu.wlk","timeElapsed":288,"timestamp":"2025-07-01T14:03:13.866Z"}
{"level":"info","message":"⌛ Validating menu.wlk","timeElapsed":544,"timestamp":"2025-07-01T14:03:14.410Z"}
{"level":"info","message":"⌛ Validating menu.wlk","timeElapsed":649,"timestamp":"2025-07-01T14:03:15.062Z"}
{"level":"info","message":"⌛ Validating menu.wlk","timeElapsed":702,"timestamp":"2025-07-01T14:03:15.805Z"}
{"level":"info","message":"⌛ Validating menu.wlk","timeElapsed":326,"timestamp":"2025-07-01T14:03:16.152Z"}
{"level":"info","message":"⌛ Validating menu.wlk","timeElapsed":371,"timestamp":"2025-07-01T14:03:16.526Z"}
{"level":"info","message":"⌛ Validating menu.wlk","timeElapsed":314,"timestamp":"2025-07-01T14:03:16.842Z"}
{"level":"info","message":"⌛ Validating menu.wlk","timeElapsed":278,"timestamp":"2025-07-01T14:03:17.121Z"}
{"level":"info","message":"⌛ Validating menu.wlk","timeElapsed":310,"timestamp":"2025-07-01T14:03:17.438Z"}
{"level":"info","message":"⌛ Validating menu.wlk","timeElapsed":268,"timestamp":"2025-07-01T14:03:17.707Z"}
{"level":"info","message":"⌛ Validating menu.wlk","timeElapsed":336,"timestamp":"2025-07-01T14:03:18.044Z"}
{"level":"info","message":"⌛ Validating menu.wlk","timeElapsed":279,"timestamp":"2025-07-01T14:03:18.325Z"}
{"level":"info","message":"⌛ Validating menu.wlk","timeElapsed":327,"timestamp":"2025-07-01T14:03:18.653Z"}
{"level":"info","message":"⌛ Validating menu.wlk","timeElapsed":319,"timestamp":"2025-07-01T14:03:18.979Z"}
{"level":"info","message":"⌛ Validating menu.wlk","timeElapsed":260,"timestamp":"2025-07-01T14:03:19.249Z"}
{"level":"info","message":"⌛ Validating menu.wlk","timeElapsed":254,"timestamp":"2025-07-01T14:03:19.522Z"}
{"level":"info","message":"⌛ Validating menu.wlk","timeElapsed":250,"timestamp":"2025-07-01T14:03:19.773Z"}
{"level":"info","message":"⌛ Validating menu.wlk","timeElapsed":257,"timestamp":"2025-07-01T14:03:20.031Z"}
{"level":"info","message":"⌛ Validating menu.wlk","timeElapsed":253,"timestamp":"2025-07-01T14:03:20.287Z"}
{"level":"info","message":"⌛ Validating menu.wlk","timeElapsed":698,"timestamp":"2025-07-01T14:03:20.986Z"}
{"level":"info","message":"⌛ Validating menu.wlk","timeElapsed":727,"timestamp":"2025-07-01T14:03:21.824Z"}
{"level":"info","message":"⌛ Building environment","timeElapsed":1316,"timestamp":"2025-07-01T14:03:23.538Z"}
{"level":"info","message":"⌛ Building environment","timeElapsed":387,"timestamp":"2025-07-01T14:03:23.990Z"}
{"level":"info","message":"⌛ Building environment","timeElapsed":266,"timestamp":"2025-07-01T14:03:24.437Z"}
{"level":"info","message":"⌛ Validating niveles.wlk","timeElapsed":415,"timestamp":"2025-07-01T14:03:24.853Z"}
{"level":"info","message":"⌛ Building environment","timeElapsed":489,"timestamp":"2025-07-01T14:03:25.490Z"}
{"level":"info","message":"⌛ Validating niveles.wlk","timeElapsed":1226,"timestamp":"2025-07-01T14:03:26.750Z"}
{"level":"info","message":"⌛ Validating niveles.wlk","timeElapsed":791,"timestamp":"2025-07-01T14:03:27.598Z"}
{"level":"info","message":"⌛ Validating niveles.wlk","timeElapsed":457,"timestamp":"2025-07-01T14:03:28.070Z"}
{"level":"info","message":"⌛ Building environment","timeElapsed":320,"timestamp":"2025-07-01T14:03:35.402Z"}
{"level":"info","message":"⌛ Validating niveles.wlk","timeElapsed":787,"timestamp":"2025-07-01T14:03:36.228Z"}
{"level":"info","message":"⌛ Building environment","timeElapsed":494,"timestamp":"2025-07-01T14:03:36.732Z"}
{"level":"error","message":"✘ Completions for node Literal ([30:45, 30:88] - niveles.wlk) failed: Error: [Literal]{2ff712} at niveles.wlk:30 exhausted all cases without a match [Literal]{2ff712} at niveles.wlk:30 exhausted all cases without a match","stack":"Error: [Literal]{2ff712} at niveles.wlk:30 exhausted all cases without a match\n    at c:\\Users\\estudiante\\.vscode\\extensions\\uqbar.wollok-lsp-ide-0.5.2\\out\\server\\src\\server.js:38:6142\n    at C2 (c:\\Users\\estudiante\\.vscode\\extensions\\uqbar.wollok-lsp-ide-0.5.2\\out\\server\\src\\server.js:2362:42)\n    at Gh (c:\\Users\\estudiante\\.vscode\\extensions\\uqbar.wollok-lsp-ide-0.5.2\\out\\server\\src\\server.js:2362:1092)\n    at l8n (c:\\Users\\estudiante\\.vscode\\extensions\\uqbar.wollok-lsp-ide-0.5.2\\out\\server\\src\\server.js:2362:1248)\n    at c:\\Users\\estudiante\\.vscode\\extensions\\uqbar.wollok-lsp-ide-0.5.2\\out\\server\\src\\server.js:38:6131\n    at C2 (c:\\Users\\estudiante\\.vscode\\extensions\\uqbar.wollok-lsp-ide-0.5.2\\out\\server\\src\\server.js:2362:42)\n    at c:\\Users\\estudiante\\.vscode\\extensions\\uqbar.wollok-lsp-ide-0.5.2\\out\\server\\src\\server.js:2362:2988\n    at c:\\Users\\estudiante\\.vscode\\extensions\\uqbar.wollok-lsp-ide-0.5.2\\out\\server\\src\\server.js:2371:8440\n    at c:\\Users\\estudiante\\.vscode\\extensions\\uqbar.wollok-lsp-ide-0.5.2\\out\\server\\src\\server.js:37:74872\n    at Ye (c:\\Users\\estudiante\\.vscode\\extensions\\uqbar.wollok-lsp-ide-0.5.2\\out\\server\\src\\server.js:7:8527)","timestamp":"2025-07-01T14:03:36.898Z"}
{"level":"error","message":"✘ Completions for node Send ([30:7, 30:89] - niveles.wlk) failed: Error: [Send]{48eb53} at niveles.wlk:30 exhausted all cases without a match [Send]{48eb53} at niveles.wlk:30 exhausted all cases without a match","stack":"Error: [Send]{48eb53} at niveles.wlk:30 exhausted all cases without a match\n    at c:\\Users\\estudiante\\.vscode\\extensions\\uqbar.wollok-lsp-ide-0.5.2\\out\\server\\src\\server.js:38:6142\n    at C2 (c:\\Users\\estudiante\\.vscode\\extensions\\uqbar.wollok-lsp-ide-0.5.2\\out\\server\\src\\server.js:2362:42)\n    at Gh (c:\\Users\\estudiante\\.vscode\\extensions\\uqbar.wollok-lsp-ide-0.5.2\\out\\server\\src\\server.js:2362:1092)\n    at C2 (c:\\Users\\estudiante\\.vscode\\extensions\\uqbar.wollok-lsp-ide-0.5.2\\out\\server\\src\\server.js:2362:544)\n    at Gh (c:\\Users\\estudiante\\.vscode\\extensions\\uqbar.wollok-lsp-ide-0.5.2\\out\\server\\src\\server.js:2362:1092)\n    at l8n (c:\\Users\\estudiante\\.vscode\\extensions\\uqbar.wollok-lsp-ide-0.5.2\\out\\server\\src\\server.js:2362:1248)\n    at c:\\Users\\estudiante\\.vscode\\extensions\\uqbar.wollok-lsp-ide-0.5.2\\out\\server\\src\\server.js:38:6131\n    at C2 (c:\\Users\\estudiante\\.vscode\\extensions\\uqbar.wollok-lsp-ide-0.5.2\\out\\server\\src\\server.js:2362:42)\n    at c:\\Users\\estudiante\\.vscode\\extensions\\uqbar.wollok-lsp-ide-0.5.2\\out\\server\\src\\server.js:2362:2988\n    at c:\\Users\\estudiante\\.vscode\\extensions\\uqbar.wollok-lsp-ide-0.5.2\\out\\server\\src\\server.js:2371:8440","timestamp":"2025-07-01T14:03:36.899Z"}
{"level":"info","message":"⌛ Autocomplete - Reference","timeElapsed":121,"timestamp":"2025-07-01T14:03:36.905Z"}
{"level":"info","message":"⌛ Building environment","timeElapsed":1239,"timestamp":"2025-07-01T14:03:38.236Z"}
{"level":"info","message":"⌛ Building environment","timeElapsed":1031,"timestamp":"2025-07-01T14:03:39.271Z"}
{"level":"info","message":"⌛ Building environment","timeElapsed":330,"timestamp":"2025-07-01T14:03:39.835Z"}
{"level":"info","message":"⌛ Validating niveles.wlk","timeElapsed":338,"timestamp":"2025-07-01T14:03:40.188Z"}
{"level":"info","message":"⌛ Building environment","timeElapsed":259,"timestamp":"2025-07-01T14:03:40.471Z"}
{"level":"info","message":"⌛ Building environment","timeElapsed":276,"timestamp":"2025-07-01T14:03:40.749Z"}
{"level":"error","message":"✘ Completions for node Literal ([30:45, 30:91] - niveles.wlk) failed: Error: [Literal]{ca0e42} at niveles.wlk:30 exhausted all cases without a match [Literal]{ca0e42} at niveles.wlk:30 exhausted all cases without a match","stack":"Error: [Literal]{ca0e42} at niveles.wlk:30 exhausted all cases without a match\n    at c:\\Users\\estudiante\\.vscode\\extensions\\uqbar.wollok-lsp-ide-0.5.2\\out\\server\\src\\server.js:38:6142\n    at C2 (c:\\Users\\estudiante\\.vscode\\extensions\\uqbar.wollok-lsp-ide-0.5.2\\out\\server\\src\\server.js:2362:42)\n    at Gh (c:\\Users\\estudiante\\.vscode\\extensions\\uqbar.wollok-lsp-ide-0.5.2\\out\\server\\src\\server.js:2362:1092)\n    at l8n (c:\\Users\\estudiante\\.vscode\\extensions\\uqbar.wollok-lsp-ide-0.5.2\\out\\server\\src\\server.js:2362:1248)\n    at c:\\Users\\estudiante\\.vscode\\extensions\\uqbar.wollok-lsp-ide-0.5.2\\out\\server\\src\\server.js:38:6131\n    at C2 (c:\\Users\\estudiante\\.vscode\\extensions\\uqbar.wollok-lsp-ide-0.5.2\\out\\server\\src\\server.js:2362:42)\n    at c:\\Users\\estudiante\\.vscode\\extensions\\uqbar.wollok-lsp-ide-0.5.2\\out\\server\\src\\server.js:2362:2988\n    at c:\\Users\\estudiante\\.vscode\\extensions\\uqbar.wollok-lsp-ide-0.5.2\\out\\server\\src\\server.js:2371:8440\n    at c:\\Users\\estudiante\\.vscode\\extensions\\uqbar.wollok-lsp-ide-0.5.2\\out\\server\\src\\server.js:37:74872\n    at Ye (c:\\Users\\estudiante\\.vscode\\extensions\\uqbar.wollok-lsp-ide-0.5.2\\out\\server\\src\\server.js:7:8527)","timestamp":"2025-07-01T14:03:40.828Z"}
{"level":"error","message":"✘ Completions for node Send ([30:7, 30:92] - niveles.wlk) failed: Error: [Send]{97dc03} at niveles.wlk:30 exhausted all cases without a match [Send]{97dc03} at niveles.wlk:30 exhausted all cases without a match","stack":"Error: [Send]{97dc03} at niveles.wlk:30 exhausted all cases without a match\n    at c:\\Users\\estudiante\\.vscode\\extensions\\uqbar.wollok-lsp-ide-0.5.2\\out\\server\\src\\server.js:38:6142\n    at C2 (c:\\Users\\estudiante\\.vscode\\extensions\\uqbar.wollok-lsp-ide-0.5.2\\out\\server\\src\\server.js:2362:42)\n    at Gh (c:\\Users\\estudiante\\.vscode\\extensions\\uqbar.wollok-lsp-ide-0.5.2\\out\\server\\src\\server.js:2362:1092)\n    at C2 (c:\\Users\\estudiante\\.vscode\\extensions\\uqbar.wollok-lsp-ide-0.5.2\\out\\server\\src\\server.js:2362:544)\n    at Gh (c:\\Users\\estudiante\\.vscode\\extensions\\uqbar.wollok-lsp-ide-0.5.2\\out\\server\\src\\server.js:2362:1092)\n    at l8n (c:\\Users\\estudiante\\.vscode\\extensions\\uqbar.wollok-lsp-ide-0.5.2\\out\\server\\src\\server.js:2362:1248)\n    at c:\\Users\\estudiante\\.vscode\\extensions\\uqbar.wollok-lsp-ide-0.5.2\\out\\server\\src\\server.js:38:6131\n    at C2 (c:\\Users\\estudiante\\.vscode\\extensions\\uqbar.wollok-lsp-ide-0.5.2\\out\\server\\src\\server.js:2362:42)\n    at c:\\Users\\estudiante\\.vscode\\extensions\\uqbar.wollok-lsp-ide-0.5.2\\out\\server\\src\\server.js:2362:2988\n    at c:\\Users\\estudiante\\.vscode\\extensions\\uqbar.wollok-lsp-ide-0.5.2\\out\\server\\src\\server.js:2371:8440","timestamp":"2025-07-01T14:03:40.829Z"}
{"level":"info","message":"⌛ Building environment","timeElapsed":278,"timestamp":"2025-07-01T14:03:41.148Z"}
{"level":"info","message":"⌛ Building environment","timeElapsed":308,"timestamp":"2025-07-01T14:03:41.487Z"}
{"level":"info","message":"⌛ Validating niveles.wlk","timeElapsed":357,"timestamp":"2025-07-01T14:03:41.845Z"}
{"level":"info","message":"⌛ Validating niveles.wlk","timeElapsed":274,"timestamp":"2025-07-01T14:03:42.142Z"}
{"level":"info","message":"⌛ Validating niveles.wlk","timeElapsed":300,"timestamp":"2025-07-01T14:03:42.562Z"}
{"level":"info","message":"⌛ Validating niveles.wlk","timeElapsed":347,"timestamp":"2025-07-01T14:03:42.969Z"}
{"level":"info","message":"⌛ Validating niveles.wlk","timeElapsed":329,"timestamp":"2025-07-01T14:03:43.335Z"}
{"level":"info","message":"⌛ Validating niveles.wlk","timeElapsed":339,"timestamp":"2025-07-01T14:03:43.725Z"}
{"level":"info","message":"⌛ Validating niveles.wlk","timeElapsed":283,"timestamp":"2025-07-01T14:03:44.074Z"}
{"level":"info","message":"⌛ Building environment","timeElapsed":189,"timestamp":"2025-07-01T14:03:46.666Z"}
{"level":"info","message":"⌛ Validating niveles.wlk","timeElapsed":190,"timestamp":"2025-07-01T14:03:46.859Z"}
{"level":"info","message":"⌛ Building environment","timeElapsed":175,"timestamp":"2025-07-01T14:03:47.086Z"}
{"level":"error","message":"✘ Completions for node Literal ([30:45, 30:82] - niveles.wlk) failed: Error: [Literal]{7db2d6} at niveles.wlk:30 exhausted all cases without a match [Literal]{7db2d6} at niveles.wlk:30 exhausted all cases without a match","stack":"Error: [Literal]{7db2d6} at niveles.wlk:30 exhausted all cases without a match\n    at c:\\Users\\estudiante\\.vscode\\extensions\\uqbar.wollok-lsp-ide-0.5.2\\out\\server\\src\\server.js:38:6142\n    at C2 (c:\\Users\\estudiante\\.vscode\\extensions\\uqbar.wollok-lsp-ide-0.5.2\\out\\server\\src\\server.js:2362:42)\n    at Gh (c:\\Users\\estudiante\\.vscode\\extensions\\uqbar.wollok-lsp-ide-0.5.2\\out\\server\\src\\server.js:2362:1092)\n    at l8n (c:\\Users\\estudiante\\.vscode\\extensions\\uqbar.wollok-lsp-ide-0.5.2\\out\\server\\src\\server.js:2362:1248)\n    at c:\\Users\\estudiante\\.vscode\\extensions\\uqbar.wollok-lsp-ide-0.5.2\\out\\server\\src\\server.js:38:6131\n    at C2 (c:\\Users\\estudiante\\.vscode\\extensions\\uqbar.wollok-lsp-ide-0.5.2\\out\\server\\src\\server.js:2362:42)\n    at c:\\Users\\estudiante\\.vscode\\extensions\\uqbar.wollok-lsp-ide-0.5.2\\out\\server\\src\\server.js:2362:2988\n    at c:\\Users\\estudiante\\.vscode\\extensions\\uqbar.wollok-lsp-ide-0.5.2\\out\\server\\src\\server.js:2371:8440\n    at c:\\Users\\estudiante\\.vscode\\extensions\\uqbar.wollok-lsp-ide-0.5.2\\out\\server\\src\\server.js:37:74872\n    at Ye (c:\\Users\\estudiante\\.vscode\\extensions\\uqbar.wollok-lsp-ide-0.5.2\\out\\server\\src\\server.js:7:8527)","timestamp":"2025-07-01T14:03:47.219Z"}
{"level":"error","message":"✘ Completions for node Send ([30:7, 30:83] - niveles.wlk) failed: Error: [Send]{c02a47} at niveles.wlk:30 exhausted all cases without a match [Send]{c02a47} at niveles.wlk:30 exhausted all cases without a match","stack":"Error: [Send]{c02a47} at niveles.wlk:30 exhausted all cases without a match\n    at c:\\Users\\estudiante\\.vscode\\extensions\\uqbar.wollok-lsp-ide-0.5.2\\out\\server\\src\\server.js:38:6142\n    at C2 (c:\\Users\\estudiante\\.vscode\\extensions\\uqbar.wollok-lsp-ide-0.5.2\\out\\server\\src\\server.js:2362:42)\n    at Gh (c:\\Users\\estudiante\\.vscode\\extensions\\uqbar.wollok-lsp-ide-0.5.2\\out\\server\\src\\server.js:2362:1092)\n    at C2 (c:\\Users\\estudiante\\.vscode\\extensions\\uqbar.wollok-lsp-ide-0.5.2\\out\\server\\src\\server.js:2362:544)\n    at Gh (c:\\Users\\estudiante\\.vscode\\extensions\\uqbar.wollok-lsp-ide-0.5.2\\out\\server\\src\\server.js:2362:1092)\n    at l8n (c:\\Users\\estudiante\\.vscode\\extensions\\uqbar.wollok-lsp-ide-0.5.2\\out\\server\\src\\server.js:2362:1248)\n    at c:\\Users\\estudiante\\.vscode\\extensions\\uqbar.wollok-lsp-ide-0.5.2\\out\\server\\src\\server.js:38:6131\n    at C2 (c:\\Users\\estudiante\\.vscode\\extensions\\uqbar.wollok-lsp-ide-0.5.2\\out\\server\\src\\server.js:2362:42)\n    at c:\\Users\\estudiante\\.vscode\\extensions\\uqbar.wollok-lsp-ide-0.5.2\\out\\server\\src\\server.js:2362:2988\n    at c:\\Users\\estudiante\\.vscode\\extensions\\uqbar.wollok-lsp-ide-0.5.2\\out\\server\\src\\server.js:2371:8440","timestamp":"2025-07-01T14:03:47.228Z"}
{"level":"info","message":"⌛ Validating niveles.wlk","timeElapsed":398,"timestamp":"2025-07-01T14:03:47.634Z"}
{"level":"info","message":"⌛ Building environment","timeElapsed":223,"timestamp":"2025-07-01T14:03:47.878Z"}
{"level":"info","message":"⌛ Building environment","timeElapsed":190,"timestamp":"2025-07-01T14:03:48.103Z"}
{"level":"info","message":"⌛ Validating niveles.wlk","timeElapsed":229,"timestamp":"2025-07-01T14:03:48.333Z"}
{"level":"info","message":"⌛ Validating niveles.wlk","timeElapsed":250,"timestamp":"2025-07-01T14:03:48.621Z"}
{"level":"info","message":"⌛ Building environment","timeElapsed":204,"timestamp":"2025-07-01T14:03:48.916Z"}
{"level":"info","message":"⌛ Validating niveles.wlk","timeElapsed":261,"timestamp":"2025-07-01T14:03:49.179Z"}
{"level":"info","message":"⌛ Building environment","timeElapsed":522,"timestamp":"2025-07-01T14:03:55.432Z"}
{"level":"info","message":"⌛ Building environment","timeElapsed":813,"timestamp":"2025-07-01T14:03:56.298Z"}
{"level":"error","message":"✘ Completions for node Literal ([30:45, 30:80] - niveles.wlk) failed: Error: [Literal]{3583c9} at niveles.wlk:30 exhausted all cases without a match [Literal]{3583c9} at niveles.wlk:30 exhausted all cases without a match","stack":"Error: [Literal]{3583c9} at niveles.wlk:30 exhausted all cases without a match\n    at c:\\Users\\estudiante\\.vscode\\extensions\\uqbar.wollok-lsp-ide-0.5.2\\out\\server\\src\\server.js:38:6142\n    at C2 (c:\\Users\\estudiante\\.vscode\\extensions\\uqbar.wollok-lsp-ide-0.5.2\\out\\server\\src\\server.js:2362:42)\n    at Gh (c:\\Users\\estudiante\\.vscode\\extensions\\uqbar.wollok-lsp-ide-0.5.2\\out\\server\\src\\server.js:2362:1092)\n    at l8n (c:\\Users\\estudiante\\.vscode\\extensions\\uqbar.wollok-lsp-ide-0.5.2\\out\\server\\src\\server.js:2362:1248)\n    at c:\\Users\\estudiante\\.vscode\\extensions\\uqbar.wollok-lsp-ide-0.5.2\\out\\server\\src\\server.js:38:6131\n    at C2 (c:\\Users\\estudiante\\.vscode\\extensions\\uqbar.wollok-lsp-ide-0.5.2\\out\\server\\src\\server.js:2362:42)\n    at c:\\Users\\estudiante\\.vscode\\extensions\\uqbar.wollok-lsp-ide-0.5.2\\out\\server\\src\\server.js:2362:2988\n    at c:\\Users\\estudiante\\.vscode\\extensions\\uqbar.wollok-lsp-ide-0.5.2\\out\\server\\src\\server.js:2371:8440\n    at c:\\Users\\estudiante\\.vscode\\extensions\\uqbar.wollok-lsp-ide-0.5.2\\out\\server\\src\\server.js:37:74872\n    at Ye (c:\\Users\\estudiante\\.vscode\\extensions\\uqbar.wollok-lsp-ide-0.5.2\\out\\server\\src\\server.js:7:8527)","timestamp":"2025-07-01T14:03:56.384Z"}
{"level":"error","message":"✘ Completions for node Send ([30:7, 30:81] - niveles.wlk) failed: Error: [Send]{91a9e8} at niveles.wlk:30 exhausted all cases without a match [Send]{91a9e8} at niveles.wlk:30 exhausted all cases without a match","stack":"Error: [Send]{91a9e8} at niveles.wlk:30 exhausted all cases without a match\n    at c:\\Users\\estudiante\\.vscode\\extensions\\uqbar.wollok-lsp-ide-0.5.2\\out\\server\\src\\server.js:38:6142\n    at C2 (c:\\Users\\estudiante\\.vscode\\extensions\\uqbar.wollok-lsp-ide-0.5.2\\out\\server\\src\\server.js:2362:42)\n    at Gh (c:\\Users\\estudiante\\.vscode\\extensions\\uqbar.wollok-lsp-ide-0.5.2\\out\\server\\src\\server.js:2362:1092)\n    at C2 (c:\\Users\\estudiante\\.vscode\\extensions\\uqbar.wollok-lsp-ide-0.5.2\\out\\server\\src\\server.js:2362:544)\n    at Gh (c:\\Users\\estudiante\\.vscode\\extensions\\uqbar.wollok-lsp-ide-0.5.2\\out\\server\\src\\server.js:2362:1092)\n    at l8n (c:\\Users\\estudiante\\.vscode\\extensions\\uqbar.wollok-lsp-ide-0.5.2\\out\\server\\src\\server.js:2362:1248)\n    at c:\\Users\\estudiante\\.vscode\\extensions\\uqbar.wollok-lsp-ide-0.5.2\\out\\server\\src\\server.js:38:6131\n    at C2 (c:\\Users\\estudiante\\.vscode\\extensions\\uqbar.wollok-lsp-ide-0.5.2\\out\\server\\src\\server.js:2362:42)\n    at c:\\Users\\estudiante\\.vscode\\extensions\\uqbar.wollok-lsp-ide-0.5.2\\out\\server\\src\\server.js:2362:2988\n    at c:\\Users\\estudiante\\.vscode\\extensions\\uqbar.wollok-lsp-ide-0.5.2\\out\\server\\src\\server.js:2371:8440","timestamp":"2025-07-01T14:03:56.385Z"}
{"level":"info","message":"⌛ Validating niveles.wlk","timeElapsed":536,"timestamp":"2025-07-01T14:03:56.933Z"}
{"level":"info","message":"⌛ Building environment","timeElapsed":347,"timestamp":"2025-07-01T14:03:57.323Z"}
{"level":"info","message":"⌛ Building environment","timeElapsed":860,"timestamp":"2025-07-01T14:03:58.213Z"}
{"level":"info","message":"⌛ Validating niveles.wlk","timeElapsed":345,"timestamp":"2025-07-01T14:03:58.704Z"}
{"level":"info","message":"⌛ Building environment","timeElapsed":475,"timestamp":"2025-07-01T14:03:59.271Z"}
{"level":"info","message":"⌛ Building environment","timeElapsed":550,"timestamp":"2025-07-01T14:03:59.916Z"}
{"level":"error","message":"✘ Completions for node Literal ([30:45, 30:84] - niveles.wlk) failed: Error: [Literal]{935216} at niveles.wlk:30 exhausted all cases without a match [Literal]{935216} at niveles.wlk:30 exhausted all cases without a match","stack":"Error: [Literal]{935216} at niveles.wlk:30 exhausted all cases without a match\n    at c:\\Users\\estudiante\\.vscode\\extensions\\uqbar.wollok-lsp-ide-0.5.2\\out\\server\\src\\server.js:38:6142\n    at C2 (c:\\Users\\estudiante\\.vscode\\extensions\\uqbar.wollok-lsp-ide-0.5.2\\out\\server\\src\\server.js:2362:42)\n    at Gh (c:\\Users\\estudiante\\.vscode\\extensions\\uqbar.wollok-lsp-ide-0.5.2\\out\\server\\src\\server.js:2362:1092)\n    at l8n (c:\\Users\\estudiante\\.vscode\\extensions\\uqbar.wollok-lsp-ide-0.5.2\\out\\server\\src\\server.js:2362:1248)\n    at c:\\Users\\estudiante\\.vscode\\extensions\\uqbar.wollok-lsp-ide-0.5.2\\out\\server\\src\\server.js:38:6131\n    at C2 (c:\\Users\\estudiante\\.vscode\\extensions\\uqbar.wollok-lsp-ide-0.5.2\\out\\server\\src\\server.js:2362:42)\n    at c:\\Users\\estudiante\\.vscode\\extensions\\uqbar.wollok-lsp-ide-0.5.2\\out\\server\\src\\server.js:2362:2988\n    at c:\\Users\\estudiante\\.vscode\\extensions\\uqbar.wollok-lsp-ide-0.5.2\\out\\server\\src\\server.js:2371:8440\n    at c:\\Users\\estudiante\\.vscode\\extensions\\uqbar.wollok-lsp-ide-0.5.2\\out\\server\\src\\server.js:37:74872\n    at Ye (c:\\Users\\estudiante\\.vscode\\extensions\\uqbar.wollok-lsp-ide-0.5.2\\out\\server\\src\\server.js:7:8527)","timestamp":"2025-07-01T14:03:59.984Z"}
{"level":"error","message":"✘ Completions for node Send ([30:7, 30:85] - niveles.wlk) failed: Error: [Send]{d4366c} at niveles.wlk:30 exhausted all cases without a match [Send]{d4366c} at niveles.wlk:30 exhausted all cases without a match","stack":"Error: [Send]{d4366c} at niveles.wlk:30 exhausted all cases without a match\n    at c:\\Users\\estudiante\\.vscode\\extensions\\uqbar.wollok-lsp-ide-0.5.2\\out\\server\\src\\server.js:38:6142\n    at C2 (c:\\Users\\estudiante\\.vscode\\extensions\\uqbar.wollok-lsp-ide-0.5.2\\out\\server\\src\\server.js:2362:42)\n    at Gh (c:\\Users\\estudiante\\.vscode\\extensions\\uqbar.wollok-lsp-ide-0.5.2\\out\\server\\src\\server.js:2362:1092)\n    at C2 (c:\\Users\\estudiante\\.vscode\\extensions\\uqbar.wollok-lsp-ide-0.5.2\\out\\server\\src\\server.js:2362:544)\n    at Gh (c:\\Users\\estudiante\\.vscode\\extensions\\uqbar.wollok-lsp-ide-0.5.2\\out\\server\\src\\server.js:2362:1092)\n    at l8n (c:\\Users\\estudiante\\.vscode\\extensions\\uqbar.wollok-lsp-ide-0.5.2\\out\\server\\src\\server.js:2362:1248)\n    at c:\\Users\\estudiante\\.vscode\\extensions\\uqbar.wollok-lsp-ide-0.5.2\\out\\server\\src\\server.js:38:6131\n    at C2 (c:\\Users\\estudiante\\.vscode\\extensions\\uqbar.wollok-lsp-ide-0.5.2\\out\\server\\src\\server.js:2362:42)\n    at c:\\Users\\estudiante\\.vscode\\extensions\\uqbar.wollok-lsp-ide-0.5.2\\out\\server\\src\\server.js:2362:2988\n    at c:\\Users\\estudiante\\.vscode\\extensions\\uqbar.wollok-lsp-ide-0.5.2\\out\\server\\src\\server.js:2371:8440","timestamp":"2025-07-01T14:03:59.985Z"}
{"level":"info","message":"⌛ Building environment","timeElapsed":345,"timestamp":"2025-07-01T14:04:00.381Z"}
{"level":"info","message":"⌛ Validating niveles.wlk","timeElapsed":400,"timestamp":"2025-07-01T14:04:00.838Z"}
{"level":"info","message":"⌛ Building environment","timeElapsed":1008,"timestamp":"2025-07-01T14:04:01.876Z"}
{"level":"info","message":"⌛ Building environment","timeElapsed":370,"timestamp":"2025-07-01T14:04:02.420Z"}
{"level":"error","message":"✘ Completions for node Literal ([30:45, 30:83] - niveles.wlk) failed: Error: [Literal]{654fa5} at niveles.wlk:30 exhausted all cases without a match [Literal]{654fa5} at niveles.wlk:30 exhausted all cases without a match","stack":"Error: [Literal]{654fa5} at niveles.wlk:30 exhausted all cases without a match\n    at c:\\Users\\estudiante\\.vscode\\extensions\\uqbar.wollok-lsp-ide-0.5.2\\out\\server\\src\\server.js:38:6142\n    at C2 (c:\\Users\\estudiante\\.vscode\\extensions\\uqbar.wollok-lsp-ide-0.5.2\\out\\server\\src\\server.js:2362:42)\n    at Gh (c:\\Users\\estudiante\\.vscode\\extensions\\uqbar.wollok-lsp-ide-0.5.2\\out\\server\\src\\server.js:2362:1092)\n    at l8n (c:\\Users\\estudiante\\.vscode\\extensions\\uqbar.wollok-lsp-ide-0.5.2\\out\\server\\src\\server.js:2362:1248)\n    at c:\\Users\\estudiante\\.vscode\\extensions\\uqbar.wollok-lsp-ide-0.5.2\\out\\server\\src\\server.js:38:6131\n    at C2 (c:\\Users\\estudiante\\.vscode\\extensions\\uqbar.wollok-lsp-ide-0.5.2\\out\\server\\src\\server.js:2362:42)\n    at c:\\Users\\estudiante\\.vscode\\extensions\\uqbar.wollok-lsp-ide-0.5.2\\out\\server\\src\\server.js:2362:2988\n    at c:\\Users\\estudiante\\.vscode\\extensions\\uqbar.wollok-lsp-ide-0.5.2\\out\\server\\src\\server.js:2371:8440\n    at c:\\Users\\estudiante\\.vscode\\extensions\\uqbar.wollok-lsp-ide-0.5.2\\out\\server\\src\\server.js:37:74872\n    at Ye (c:\\Users\\estudiante\\.vscode\\extensions\\uqbar.wollok-lsp-ide-0.5.2\\out\\server\\src\\server.js:7:8527)","timestamp":"2025-07-01T14:04:02.530Z"}
{"level":"error","message":"✘ Completions for node Send ([30:7, 30:84] - niveles.wlk) failed: Error: [Send]{eb020c} at niveles.wlk:30 exhausted all cases without a match [Send]{eb020c} at niveles.wlk:30 exhausted all cases without a match","stack":"Error: [Send]{eb020c} at niveles.wlk:30 exhausted all cases without a match\n    at c:\\Users\\estudiante\\.vscode\\extensions\\uqbar.wollok-lsp-ide-0.5.2\\out\\server\\src\\server.js:38:6142\n    at C2 (c:\\Users\\estudiante\\.vscode\\extensions\\uqbar.wollok-lsp-ide-0.5.2\\out\\server\\src\\server.js:2362:42)\n    at Gh (c:\\Users\\estudiante\\.vscode\\extensions\\uqbar.wollok-lsp-ide-0.5.2\\out\\server\\src\\server.js:2362:1092)\n    at C2 (c:\\Users\\estudiante\\.vscode\\extensions\\uqbar.wollok-lsp-ide-0.5.2\\out\\server\\src\\server.js:2362:544)\n    at Gh (c:\\Users\\estudiante\\.vscode\\extensions\\uqbar.wollok-lsp-ide-0.5.2\\out\\server\\src\\server.js:2362:1092)\n    at l8n (c:\\Users\\estudiante\\.vscode\\extensions\\uqbar.wollok-lsp-ide-0.5.2\\out\\server\\src\\server.js:2362:1248)\n    at c:\\Users\\estudiante\\.vscode\\extensions\\uqbar.wollok-lsp-ide-0.5.2\\out\\server\\src\\server.js:38:6131\n    at C2 (c:\\Users\\estudiante\\.vscode\\extensions\\uqbar.wollok-lsp-ide-0.5.2\\out\\server\\src\\server.js:2362:42)\n    at c:\\Users\\estudiante\\.vscode\\extensions\\uqbar.wollok-lsp-ide-0.5.2\\out\\server\\src\\server.js:2362:2988\n    at c:\\Users\\estudiante\\.vscode\\extensions\\uqbar.wollok-lsp-ide-0.5.2\\out\\server\\src\\server.js:2371:8440","timestamp":"2025-07-01T14:04:02.531Z"}
{"level":"info","message":"⌛ Validating niveles.wlk","timeElapsed":415,"timestamp":"2025-07-01T14:04:02.957Z"}
{"level":"info","message":"⌛ Building environment","timeElapsed":264,"timestamp":"2025-07-01T14:04:03.303Z"}
{"level":"info","message":"⌛ Building environment","timeElapsed":484,"timestamp":"2025-07-01T14:04:04.003Z"}
{"level":"info","message":"⌛ Validating niveles.wlk","timeElapsed":371,"timestamp":"2025-07-01T14:04:04.414Z"}
{"level":"info","message":"⌛ Validating niveles.wlk","timeElapsed":477,"timestamp":"2025-07-01T14:04:04.908Z"}
{"level":"info","message":"⌛ Validating niveles.wlk","timeElapsed":388,"timestamp":"2025-07-01T14:04:05.296Z"}
{"level":"info","message":"⌛ Validating niveles.wlk","timeElapsed":321,"timestamp":"2025-07-01T14:04:05.776Z"}
{"level":"info","message":"⌛ Validating niveles.wlk","timeElapsed":346,"timestamp":"2025-07-01T14:04:06.124Z"}
{"level":"info","message":"⌛ Building environment","timeElapsed":287,"timestamp":"2025-07-01T14:04:06.436Z"}
{"level":"info","message":"⌛ Validating niveles.wlk","timeElapsed":440,"timestamp":"2025-07-01T14:04:06.942Z"}
{"level":"info","message":"⌛ Building environment","timeElapsed":737,"timestamp":"2025-07-01T14:04:07.682Z"}
{"level":"info","message":"⌛ Validating niveles.wlk","timeElapsed":455,"timestamp":"2025-07-01T14:04:08.138Z"}
{"level":"info","message":"⌛ Validating niveles.wlk","timeElapsed":914,"timestamp":"2025-07-01T14:04:09.263Z"}
{"level":"info","message":"⌛ Validating niveles.wlk","timeElapsed":435,"timestamp":"2025-07-01T14:04:09.810Z"}
{"level":"info","message":"⌛ Building environment","timeElapsed":371,"timestamp":"2025-07-01T14:04:10.216Z"}
{"level":"info","message":"⌛ Building environment","timeElapsed":230,"timestamp":"2025-07-01T14:04:10.494Z"}
{"level":"error","message":"✘ Completions for node Literal ([40:48, 40:97] - niveles.wlk) failed: Error: [Literal]{a5f92d} at niveles.wlk:40 exhausted all cases without a match [Literal]{a5f92d} at niveles.wlk:40 exhausted all cases without a match","stack":"Error: [Literal]{a5f92d} at niveles.wlk:40 exhausted all cases without a match\n    at c:\\Users\\estudiante\\.vscode\\extensions\\uqbar.wollok-lsp-ide-0.5.2\\out\\server\\src\\server.js:38:6142\n    at C2 (c:\\Users\\estudiante\\.vscode\\extensions\\uqbar.wollok-lsp-ide-0.5.2\\out\\server\\src\\server.js:2362:42)\n    at Gh (c:\\Users\\estudiante\\.vscode\\extensions\\uqbar.wollok-lsp-ide-0.5.2\\out\\server\\src\\server.js:2362:1092)\n    at l8n (c:\\Users\\estudiante\\.vscode\\extensions\\uqbar.wollok-lsp-ide-0.5.2\\out\\server\\src\\server.js:2362:1248)\n    at c:\\Users\\estudiante\\.vscode\\extensions\\uqbar.wollok-lsp-ide-0.5.2\\out\\server\\src\\server.js:38:6131\n    at C2 (c:\\Users\\estudiante\\.vscode\\extensions\\uqbar.wollok-lsp-ide-0.5.2\\out\\server\\src\\server.js:2362:42)\n    at c:\\Users\\estudiante\\.vscode\\extensions\\uqbar.wollok-lsp-ide-0.5.2\\out\\server\\src\\server.js:2362:2988\n    at c:\\Users\\estudiante\\.vscode\\extensions\\uqbar.wollok-lsp-ide-0.5.2\\out\\server\\src\\server.js:2371:8440\n    at c:\\Users\\estudiante\\.vscode\\extensions\\uqbar.wollok-lsp-ide-0.5.2\\out\\server\\src\\server.js:37:74872\n    at Ye (c:\\Users\\estudiante\\.vscode\\extensions\\uqbar.wollok-lsp-ide-0.5.2\\out\\server\\src\\server.js:7:8527)","timestamp":"2025-07-01T14:04:10.575Z"}
{"level":"error","message":"✘ Completions for node Send ([40:10, 40:98] - niveles.wlk) failed: Error: [Send]{98d956} at niveles.wlk:40 exhausted all cases without a match [Send]{98d956} at niveles.wlk:40 exhausted all cases without a match","stack":"Error: [Send]{98d956} at niveles.wlk:40 exhausted all cases without a match\n    at c:\\Users\\estudiante\\.vscode\\extensions\\uqbar.wollok-lsp-ide-0.5.2\\out\\server\\src\\server.js:38:6142\n    at C2 (c:\\Users\\estudiante\\.vscode\\extensions\\uqbar.wollok-lsp-ide-0.5.2\\out\\server\\src\\server.js:2362:42)\n    at Gh (c:\\Users\\estudiante\\.vscode\\extensions\\uqbar.wollok-lsp-ide-0.5.2\\out\\server\\src\\server.js:2362:1092)\n    at C2 (c:\\Users\\estudiante\\.vscode\\extensions\\uqbar.wollok-lsp-ide-0.5.2\\out\\server\\src\\server.js:2362:544)\n    at Gh (c:\\Users\\estudiante\\.vscode\\extensions\\uqbar.wollok-lsp-ide-0.5.2\\out\\server\\src\\server.js:2362:1092)\n    at l8n (c:\\Users\\estudiante\\.vscode\\extensions\\uqbar.wollok-lsp-ide-0.5.2\\out\\server\\src\\server.js:2362:1248)\n    at c:\\Users\\estudiante\\.vscode\\extensions\\uqbar.wollok-lsp-ide-0.5.2\\out\\server\\src\\server.js:38:6131\n    at C2 (c:\\Users\\estudiante\\.vscode\\extensions\\uqbar.wollok-lsp-ide-0.5.2\\out\\server\\src\\server.js:2362:42)\n    at c:\\Users\\estudiante\\.vscode\\extensions\\uqbar.wollok-lsp-ide-0.5.2\\out\\server\\src\\server.js:2362:2988\n    at c:\\Users\\estudiante\\.vscode\\extensions\\uqbar.wollok-lsp-ide-0.5.2\\out\\server\\src\\server.js:2371:8440","timestamp":"2025-07-01T14:04:10.576Z"}
{"level":"info","message":"⌛ Building environment","timeElapsed":388,"timestamp":"2025-07-01T14:04:11.028Z"}
{"level":"info","message":"⌛ Building environment","timeElapsed":602,"timestamp":"2025-07-01T14:04:11.692Z"}
{"level":"info","message":"⌛ Building environment","timeElapsed":226,"timestamp":"2025-07-01T14:04:11.986Z"}
{"level":"info","message":"⌛ Building environment","timeElapsed":246,"timestamp":"2025-07-01T14:04:12.238Z"}
{"level":"info","message":"⌛ Validating niveles.wlk","timeElapsed":386,"timestamp":"2025-07-01T14:04:12.626Z"}
{"level":"info","message":"⌛ Validating niveles.wlk","timeElapsed":350,"timestamp":"2025-07-01T14:04:13.009Z"}
{"level":"info","message":"⌛ Building environment","timeElapsed":234,"timestamp":"2025-07-01T14:04:13.244Z"}
{"level":"info","message":"⌛ Validating niveles.wlk","timeElapsed":393,"timestamp":"2025-07-01T14:04:13.694Z"}
{"level":"info","message":"⌛ Validating niveles.wlk","timeElapsed":376,"timestamp":"2025-07-01T14:04:14.071Z"}
{"level":"info","message":"⌛ Validating niveles.wlk","timeElapsed":296,"timestamp":"2025-07-01T14:04:14.393Z"}
{"level":"info","message":"⌛ Validating niveles.wlk","timeElapsed":266,"timestamp":"2025-07-01T14:04:14.660Z"}
{"level":"info","message":"⌛ Validating niveles.wlk","timeElapsed":275,"timestamp":"2025-07-01T14:04:15.121Z"}
{"level":"info","message":"⌛ Building environment","timeElapsed":174,"timestamp":"2025-07-01T14:04:19.078Z"}
{"level":"info","message":"⌛ Validating niveles.wlk","timeElapsed":211,"timestamp":"2025-07-01T14:04:19.291Z"}
{"level":"info","message":"⌛ Building environment","timeElapsed":187,"timestamp":"2025-07-01T14:04:19.522Z"}
{"level":"error","message":"✘ Completions for node Literal ([40:48, 40:90] - niveles.wlk) failed: Error: [Literal]{19e389} at niveles.wlk:40 exhausted all cases without a match [Literal]{19e389} at niveles.wlk:40 exhausted all cases without a match","stack":"Error: [Literal]{19e389} at niveles.wlk:40 exhausted all cases without a match\n    at c:\\Users\\estudiante\\.vscode\\extensions\\uqbar.wollok-lsp-ide-0.5.2\\out\\server\\src\\server.js:38:6142\n    at C2 (c:\\Users\\estudiante\\.vscode\\extensions\\uqbar.wollok-lsp-ide-0.5.2\\out\\server\\src\\server.js:2362:42)\n    at Gh (c:\\Users\\estudiante\\.vscode\\extensions\\uqbar.wollok-lsp-ide-0.5.2\\out\\server\\src\\server.js:2362:1092)\n    at l8n (c:\\Users\\estudiante\\.vscode\\extensions\\uqbar.wollok-lsp-ide-0.5.2\\out\\server\\src\\server.js:2362:1248)\n    at c:\\Users\\estudiante\\.vscode\\extensions\\uqbar.wollok-lsp-ide-0.5.2\\out\\server\\src\\server.js:38:6131\n    at C2 (c:\\Users\\estudiante\\.vscode\\extensions\\uqbar.wollok-lsp-ide-0.5.2\\out\\server\\src\\server.js:2362:42)\n    at c:\\Users\\estudiante\\.vscode\\extensions\\uqbar.wollok-lsp-ide-0.5.2\\out\\server\\src\\server.js:2362:2988\n    at c:\\Users\\estudiante\\.vscode\\extensions\\uqbar.wollok-lsp-ide-0.5.2\\out\\server\\src\\server.js:2371:8440\n    at c:\\Users\\estudiante\\.vscode\\extensions\\uqbar.wollok-lsp-ide-0.5.2\\out\\server\\src\\server.js:37:74872\n    at Ye (c:\\Users\\estudiante\\.vscode\\extensions\\uqbar.wollok-lsp-ide-0.5.2\\out\\server\\src\\server.js:7:8527)","timestamp":"2025-07-01T14:04:19.591Z"}
{"level":"error","message":"✘ Completions for node Send ([40:10, 40:91] - niveles.wlk) failed: Error: [Send]{530115} at niveles.wlk:40 exhausted all cases without a match [Send]{530115} at niveles.wlk:40 exhausted all cases without a match","stack":"Error: [Send]{530115} at niveles.wlk:40 exhausted all cases without a match\n    at c:\\Users\\estudiante\\.vscode\\extensions\\uqbar.wollok-lsp-ide-0.5.2\\out\\server\\src\\server.js:38:6142\n    at C2 (c:\\Users\\estudiante\\.vscode\\extensions\\uqbar.wollok-lsp-ide-0.5.2\\out\\server\\src\\server.js:2362:42)\n    at Gh (c:\\Users\\estudiante\\.vscode\\extensions\\uqbar.wollok-lsp-ide-0.5.2\\out\\server\\src\\server.js:2362:1092)\n    at C2 (c:\\Users\\estudiante\\.vscode\\extensions\\uqbar.wollok-lsp-ide-0.5.2\\out\\server\\src\\server.js:2362:544)\n    at Gh (c:\\Users\\estudiante\\.vscode\\extensions\\uqbar.wollok-lsp-ide-0.5.2\\out\\server\\src\\server.js:2362:1092)\n    at l8n (c:\\Users\\estudiante\\.vscode\\extensions\\uqbar.wollok-lsp-ide-0.5.2\\out\\server\\src\\server.js:2362:1248)\n    at c:\\Users\\estudiante\\.vscode\\extensions\\uqbar.wollok-lsp-ide-0.5.2\\out\\server\\src\\server.js:38:6131\n    at C2 (c:\\Users\\estudiante\\.vscode\\extensions\\uqbar.wollok-lsp-ide-0.5.2\\out\\server\\src\\server.js:2362:42)\n    at c:\\Users\\estudiante\\.vscode\\extensions\\uqbar.wollok-lsp-ide-0.5.2\\out\\server\\src\\server.js:2362:2988\n    at c:\\Users\\estudiante\\.vscode\\extensions\\uqbar.wollok-lsp-ide-0.5.2\\out\\server\\src\\server.js:2371:8440","timestamp":"2025-07-01T14:04:19.592Z"}
{"level":"info","message":"⌛ Validating niveles.wlk","timeElapsed":332,"timestamp":"2025-07-01T14:04:19.929Z"}
{"level":"info","message":"⌛ Building environment","timeElapsed":275,"timestamp":"2025-07-01T14:04:20.219Z"}
{"level":"info","message":"⌛ Building environment","timeElapsed":319,"timestamp":"2025-07-01T14:04:20.541Z"}
{"level":"info","message":"⌛ Validating niveles.wlk","timeElapsed":710,"timestamp":"2025-07-01T14:04:21.253Z"}
{"level":"info","message":"⌛ Building environment","timeElapsed":363,"timestamp":"2025-07-01T14:04:21.813Z"}
{"level":"info","message":"⌛ Validating niveles.wlk","timeElapsed":303,"timestamp":"2025-07-01T14:04:22.117Z"}
{"level":"info","message":"⌛ Building environment","timeElapsed":220,"timestamp":"2025-07-01T14:04:22.339Z"}
{"level":"info","message":"⌛ Building environment","timeElapsed":225,"timestamp":"2025-07-01T14:04:22.594Z"}
{"level":"info","message":"⌛ Validating niveles.wlk","timeElapsed":355,"timestamp":"2025-07-01T14:04:22.998Z"}
{"level":"info","message":"⌛ Validating niveles.wlk","timeElapsed":328,"timestamp":"2025-07-01T14:04:23.329Z"}
{"level":"info","message":"⌛ Validating niveles.wlk","timeElapsed":318,"timestamp":"2025-07-01T14:04:23.663Z"}
{"level":"info","message":"🚀 Program executed \u001b[3m\u001b[34mmain.ArcaneBastion\u001b[39m\u001b[23m on \u001b[3m\u001b[34mc:\\Users\\estudiante\\FINAL4\u001b[39m\u001b[23m","ok":true,"timeElapsed":3348,"timestamp":"2025-07-01T14:04:40.459Z"}
{"level":"info","message":"⌛ Building environment","timeElapsed":3840,"timestamp":"2025-07-01T14:05:34.887Z"}
{"level":"info","message":"⌛ Building environment","timeElapsed":607,"timestamp":"2025-07-01T14:05:35.639Z"}
{"level":"info","message":"⌛ Building environment","timeElapsed":1200,"timestamp":"2025-07-01T14:05:37.005Z"}
{"level":"info","message":"⌛ Validating niveles.wlk","timeElapsed":507,"timestamp":"2025-07-01T14:05:37.793Z"}
{"level":"info","message":"⌛ Validating niveles.wlk","timeElapsed":826,"timestamp":"2025-07-01T14:05:38.765Z"}
{"level":"info","message":"⌛ Building environment","timeElapsed":459,"timestamp":"2025-07-01T14:05:39.269Z"}
{"level":"info","message":"⌛ Building environment","timeElapsed":324,"timestamp":"2025-07-01T14:05:39.640Z"}
{"level":"info","message":"⌛ Validating niveles.wlk","timeElapsed":895,"timestamp":"2025-07-01T14:05:40.553Z"}
{"level":"info","message":"⌛ Validating niveles.wlk","timeElapsed":599,"timestamp":"2025-07-01T14:05:41.625Z"}
{"level":"info","message":"⌛ Validating niveles.wlk","timeElapsed":773,"timestamp":"2025-07-01T14:05:42.400Z"}
{"exitCode":"SIGHUP","level":"info","message":"👾 Game executed main.ArcaneBastion on c:\\Users\\estudiante\\FINAL4","timeElapsed":71886,"timestamp":"2025-07-01T14:05:49.054Z"}
{"level":"info","message":"🚀 Program executed \u001b[3m\u001b[34mmain.ArcaneBastion\u001b[39m\u001b[23m on \u001b[3m\u001b[34mc:\\Users\\estudiante\\FINAL4\u001b[39m\u001b[23m","ok":true,"timeElapsed":4370,"timestamp":"2025-07-01T14:06:07.866Z"}
{"level":"info","message":"⌛ Building environment","timeElapsed":803,"timestamp":"2025-07-01T14:06:55.140Z"}
{"level":"info","message":"⌛ Building environment","timeElapsed":1348,"timestamp":"2025-07-01T14:06:57.046Z"}
{"level":"error","message":"✘ Completions for node Send ([19:12, 19:30] - menu.wlk) failed: Error: [Send]{1c223c} at menu.wlk:19 exhausted all cases without a match [Send]{1c223c} at menu.wlk:19 exhausted all cases without a match","stack":"Error: [Send]{1c223c} at menu.wlk:19 exhausted all cases without a match\n    at c:\\Users\\estudiante\\.vscode\\extensions\\uqbar.wollok-lsp-ide-0.5.2\\out\\server\\src\\server.js:38:6142\n    at C2 (c:\\Users\\estudiante\\.vscode\\extensions\\uqbar.wollok-lsp-ide-0.5.2\\out\\server\\src\\server.js:2362:42)\n    at Gh (c:\\Users\\estudiante\\.vscode\\extensions\\uqbar.wollok-lsp-ide-0.5.2\\out\\server\\src\\server.js:2362:1092)\n    at l8n (c:\\Users\\estudiante\\.vscode\\extensions\\uqbar.wollok-lsp-ide-0.5.2\\out\\server\\src\\server.js:2362:1248)\n    at c:\\Users\\estudiante\\.vscode\\extensions\\uqbar.wollok-lsp-ide-0.5.2\\out\\server\\src\\server.js:38:6131\n    at C2 (c:\\Users\\estudiante\\.vscode\\extensions\\uqbar.wollok-lsp-ide-0.5.2\\out\\server\\src\\server.js:2362:42)\n    at c:\\Users\\estudiante\\.vscode\\extensions\\uqbar.wollok-lsp-ide-0.5.2\\out\\server\\src\\server.js:2362:2988\n    at c:\\Users\\estudiante\\.vscode\\extensions\\uqbar.wollok-lsp-ide-0.5.2\\out\\server\\src\\server.js:2371:8440\n    at c:\\Users\\estudiante\\.vscode\\extensions\\uqbar.wollok-lsp-ide-0.5.2\\out\\server\\src\\server.js:37:74872\n    at Ye (c:\\Users\\estudiante\\.vscode\\extensions\\uqbar.wollok-lsp-ide-0.5.2\\out\\server\\src\\server.js:7:8527)","timestamp":"2025-07-01T14:06:57.687Z"}
{"level":"info","message":"⌛ Autocomplete - Reference","timeElapsed":258,"timestamp":"2025-07-01T14:06:57.698Z"}
{"level":"info","message":"⌛ Validating menu.wlk","timeElapsed":1084,"timestamp":"2025-07-01T14:06:58.856Z"}
{"level":"info","message":"⌛ Building environment","timeElapsed":1307,"timestamp":"2025-07-01T14:07:00.187Z"}
{"level":"info","message":"⌛ Building environment","timeElapsed":1120,"timestamp":"2025-07-01T14:07:01.393Z"}
{"level":"info","message":"⌛ Building environment","timeElapsed":2164,"timestamp":"2025-07-01T14:07:03.957Z"}
{"level":"info","message":"⌛ Validating menu.wlk","timeElapsed":1909,"timestamp":"2025-07-01T14:07:05.991Z"}
{"level":"info","message":"⌛ Building environment","timeElapsed":475,"timestamp":"2025-07-01T14:07:06.945Z"}
{"level":"info","message":"⌛ Validating menu.wlk","timeElapsed":471,"timestamp":"2025-07-01T14:07:07.429Z"}
{"level":"info","message":"⌛ Validating menu.wlk","timeElapsed":800,"timestamp":"2025-07-01T14:07:08.257Z"}
{"level":"info","message":"⌛ Building environment","timeElapsed":607,"timestamp":"2025-07-01T14:07:08.873Z"}
{"level":"info","message":"⌛ Validating menu.wlk","timeElapsed":599,"timestamp":"2025-07-01T14:07:10.205Z"}
{"level":"info","message":"⌛ Validating menu.wlk","timeElapsed":914,"timestamp":"2025-07-01T14:07:11.287Z"}
{"level":"info","message":"⌛ Validating menu.wlk","timeElapsed":430,"timestamp":"2025-07-01T14:07:12.067Z"}
{"level":"info","message":"⌛ Building environment","timeElapsed":1080,"timestamp":"2025-07-01T14:07:13.161Z"}
{"level":"info","message":"⌛ Building environment","timeElapsed":419,"timestamp":"2025-07-01T14:07:13.622Z"}
{"level":"error","message":"✘ Completions for node Send ([12:12, 12:30] - menu.wlk) failed: Error: [Send]{255727} at menu.wlk:12 exhausted all cases without a match [Send]{255727} at menu.wlk:12 exhausted all cases without a match","stack":"Error: [Send]{255727} at menu.wlk:12 exhausted all cases without a match\n    at c:\\Users\\estudiante\\.vscode\\extensions\\uqbar.wollok-lsp-ide-0.5.2\\out\\server\\src\\server.js:38:6142\n    at C2 (c:\\Users\\estudiante\\.vscode\\extensions\\uqbar.wollok-lsp-ide-0.5.2\\out\\server\\src\\server.js:2362:42)\n    at Gh (c:\\Users\\estudiante\\.vscode\\extensions\\uqbar.wollok-lsp-ide-0.5.2\\out\\server\\src\\server.js:2362:1092)\n    at l8n (c:\\Users\\estudiante\\.vscode\\extensions\\uqbar.wollok-lsp-ide-0.5.2\\out\\server\\src\\server.js:2362:1248)\n    at c:\\Users\\estudiante\\.vscode\\extensions\\uqbar.wollok-lsp-ide-0.5.2\\out\\server\\src\\server.js:38:6131\n    at C2 (c:\\Users\\estudiante\\.vscode\\extensions\\uqbar.wollok-lsp-ide-0.5.2\\out\\server\\src\\server.js:2362:42)\n    at c:\\Users\\estudiante\\.vscode\\extensions\\uqbar.wollok-lsp-ide-0.5.2\\out\\server\\src\\server.js:2362:2988\n    at c:\\Users\\estudiante\\.vscode\\extensions\\uqbar.wollok-lsp-ide-0.5.2\\out\\server\\src\\server.js:2371:8440\n    at c:\\Users\\estudiante\\.vscode\\extensions\\uqbar.wollok-lsp-ide-0.5.2\\out\\server\\src\\server.js:37:74872\n    at Ye (c:\\Users\\estudiante\\.vscode\\extensions\\uqbar.wollok-lsp-ide-0.5.2\\out\\server\\src\\server.js:7:8527)","timestamp":"2025-07-01T14:07:13.804Z"}
{"level":"info","message":"⌛ Autocomplete - Reference","timeElapsed":121,"timestamp":"2025-07-01T14:07:13.835Z"}
{"level":"info","message":"⌛ Building environment","timeElapsed":526,"timestamp":"2025-07-01T14:07:14.428Z"}
{"level":"info","message":"⌛ Building environment","timeElapsed":283,"timestamp":"2025-07-01T14:07:14.735Z"}
{"level":"info","message":"⌛ Validating menu.wlk","timeElapsed":531,"timestamp":"2025-07-01T14:07:15.286Z"}
{"level":"info","message":"⌛ Validating menu.wlk","timeElapsed":627,"timestamp":"2025-07-01T14:07:15.967Z"}
{"level":"info","message":"⌛ Validating menu.wlk","timeElapsed":506,"timestamp":"2025-07-01T14:07:16.495Z"}
{"level":"info","message":"⌛ Validating menu.wlk","timeElapsed":1155,"timestamp":"2025-07-01T14:07:17.661Z"}
{"exitCode":"SIGHUP","level":"info","message":"👾 Game executed main.ArcaneBastion on c:\\Users\\estudiante\\FINAL4","timeElapsed":86489,"timestamp":"2025-07-01T14:07:29.988Z"}
{"level":"info","message":"🚀 Program executed \u001b[3m\u001b[34mmain.ArcaneBastion\u001b[39m\u001b[23m on \u001b[3m\u001b[34mc:\\Users\\estudiante\\FINAL4\u001b[39m\u001b[23m","ok":true,"timeElapsed":3696,"timestamp":"2025-07-01T14:07:52.084Z"}
{"level":"error","message":"✘ Failed to rebuild document Failed to parse menu.wlk: \n-- PARSING FAILED --------------------------------------------------\n\n  21 |         })\n  22 |     }\n> 23 | }\n     | ^\n\nExpected one of the following: \n\n' ', '@', 'class', 'const', 'describe', 'mixin', 'object', 'only', 'package', 'program', 'test', 'var', '{', EOF, comment, not \"}\", whitespace\n","stack":"Error: Failed to parse menu.wlk: \n-- PARSING FAILED --------------------------------------------------\n\n  21 |         })\n  22 |     }\n> 23 | }\n     | ^\n\nExpected one of the following: \n\n' ', '@', 'class', 'const', 'describe', 'mixin', 'object', 'only', 'package', 'program', 'test', 'var', '{', EOF, comment, not \"}\", whitespace\n\n    at c:\\Users\\estudiante\\.vscode\\extensions\\uqbar.wollok-lsp-ide-0.5.2\\out\\server\\src\\server.js:2326:13026\n    at Array.map (<anonymous>)\n    at D1n (c:\\Users\\estudiante\\.vscode\\extensions\\uqbar.wollok-lsp-ide-0.5.2\\out\\server\\src\\server.js:2326:12950)\n    at W2.buildEnvironmentFrom (c:\\Users\\estudiante\\.vscode\\extensions\\uqbar.wollok-lsp-ide-0.5.2\\out\\server\\src\\server.js:2371:5254)\n    at W2.updateEnvironmentWith (c:\\Users\\estudiante\\.vscode\\extensions\\uqbar.wollok-lsp-ide-0.5.2\\out\\server\\src\\server.js:2371:4989)\n    at GF (c:\\Users\\estudiante\\.vscode\\extensions\\uqbar.wollok-lsp-ide-0.5.2\\out\\server\\src\\server.js:2371:7383)\n    at L3.invoke (c:\\Users\\estudiante\\.vscode\\extensions\\uqbar.wollok-lsp-ide-0.5.2\\out\\server\\src\\server.js:3:157326)\n    at o.fire (c:\\Users\\estudiante\\.vscode\\extensions\\uqbar.wollok-lsp-ide-0.5.2\\out\\server\\src\\server.js:3:158096)\n    at c:\\Users\\estudiante\\.vscode\\extensions\\uqbar.wollok-lsp-ide-0.5.2\\out\\server\\src\\server.js:37:57871\n    at Kr (c:\\Users\\estudiante\\.vscode\\extensions\\uqbar.wollok-lsp-ide-0.5.2\\out\\server\\src\\server.js:8:1561)","timestamp":"2025-07-01T14:10:44.769Z"}
{"level":"error","message":"✘ Completions for node Send ([19:12, 19:50] - menu.wlk) failed: Error: [Send]{abef17} at menu.wlk:19 exhausted all cases without a match [Send]{abef17} at menu.wlk:19 exhausted all cases without a match","stack":"Error: [Send]{abef17} at menu.wlk:19 exhausted all cases without a match\n    at c:\\Users\\estudiante\\.vscode\\extensions\\uqbar.wollok-lsp-ide-0.5.2\\out\\server\\src\\server.js:38:6142\n    at C2 (c:\\Users\\estudiante\\.vscode\\extensions\\uqbar.wollok-lsp-ide-0.5.2\\out\\server\\src\\server.js:2362:42)\n    at c:\\Users\\estudiante\\.vscode\\extensions\\uqbar.wollok-lsp-ide-0.5.2\\out\\server\\src\\server.js:2362:2988\n    at c:\\Users\\estudiante\\.vscode\\extensions\\uqbar.wollok-lsp-ide-0.5.2\\out\\server\\src\\server.js:2371:8440\n    at c:\\Users\\estudiante\\.vscode\\extensions\\uqbar.wollok-lsp-ide-0.5.2\\out\\server\\src\\server.js:37:74872\n    at Ye (c:\\Users\\estudiante\\.vscode\\extensions\\uqbar.wollok-lsp-ide-0.5.2\\out\\server\\src\\server.js:7:8527)\n    at Dt (c:\\Users\\estudiante\\.vscode\\extensions\\uqbar.wollok-lsp-ide-0.5.2\\out\\server\\src\\server.js:7:6189)\n    at Zi (c:\\Users\\estudiante\\.vscode\\extensions\\uqbar.wollok-lsp-ide-0.5.2\\out\\server\\src\\server.js:7:6378)\n    at Immediate._onImmediate (c:\\Users\\estudiante\\.vscode\\extensions\\uqbar.wollok-lsp-ide-0.5.2\\out\\server\\src\\server.js:7:6142)\n    at process.processImmediate (node:internal/timers:485:21)","timestamp":"2025-07-01T14:10:45.707Z"}
{"level":"info","message":"⌛ Autocomplete - Send","timeElapsed":927,"timestamp":"2025-07-01T14:10:45.980Z"}
{"level":"info","message":"⌛ Building environment","timeElapsed":1066,"timestamp":"2025-07-01T14:10:49.611Z"}
{"level":"error","message":"✘ Failed to rebuild document Failed to parse menu.wlk: \n-- PARSING FAILED --------------------------------------------------\n\n  21 |         })\n  22 |     }\n> 23 | }\n     | ^\n\nExpected one of the following: \n\n' ', '@', 'class', 'const', 'describe', 'mixin', 'object', 'only', 'package', 'program', 'test', 'var', '{', EOF, comment, not \"}\", whitespace\n","stack":"Error: Failed to parse menu.wlk: \n-- PARSING FAILED --------------------------------------------------\n\n  21 |         })\n  22 |     }\n> 23 | }\n     | ^\n\nExpected one of the following: \n\n' ', '@', 'class', 'const', 'describe', 'mixin', 'object', 'only', 'package', 'program', 'test', 'var', '{', EOF, comment, not \"}\", whitespace\n\n    at c:\\Users\\estudiante\\.vscode\\extensions\\uqbar.wollok-lsp-ide-0.5.2\\out\\server\\src\\server.js:2326:13026\n    at Array.map (<anonymous>)\n    at D1n (c:\\Users\\estudiante\\.vscode\\extensions\\uqbar.wollok-lsp-ide-0.5.2\\out\\server\\src\\server.js:2326:12950)\n    at W2.buildEnvironmentFrom (c:\\Users\\estudiante\\.vscode\\extensions\\uqbar.wollok-lsp-ide-0.5.2\\out\\server\\src\\server.js:2371:5254)\n    at W2.updateEnvironmentWith (c:\\Users\\estudiante\\.vscode\\extensions\\uqbar.wollok-lsp-ide-0.5.2\\out\\server\\src\\server.js:2371:4989)\n    at GF (c:\\Users\\estudiante\\.vscode\\extensions\\uqbar.wollok-lsp-ide-0.5.2\\out\\server\\src\\server.js:2371:7383)\n    at L3.invoke (c:\\Users\\estudiante\\.vscode\\extensions\\uqbar.wollok-lsp-ide-0.5.2\\out\\server\\src\\server.js:3:157326)\n    at o.fire (c:\\Users\\estudiante\\.vscode\\extensions\\uqbar.wollok-lsp-ide-0.5.2\\out\\server\\src\\server.js:3:158096)\n    at c:\\Users\\estudiante\\.vscode\\extensions\\uqbar.wollok-lsp-ide-0.5.2\\out\\server\\src\\server.js:37:57871\n    at Kr (c:\\Users\\estudiante\\.vscode\\extensions\\uqbar.wollok-lsp-ide-0.5.2\\out\\server\\src\\server.js:8:1561)","timestamp":"2025-07-01T14:10:49.908Z"}
{"level":"info","message":"⌛ Building environment","timeElapsed":1986,"timestamp":"2025-07-01T14:10:51.896Z"}
{"level":"info","message":"⌛ Building environment","timeElapsed":857,"timestamp":"2025-07-01T14:10:53.103Z"}
{"level":"info","message":"⌛ Building environment","timeElapsed":1187,"timestamp":"2025-07-01T14:10:54.513Z"}
{"level":"info","message":"⌛ Building environment","timeElapsed":1260,"timestamp":"2025-07-01T14:10:57.392Z"}
{"level":"info","message":"⌛ Building environment","timeElapsed":1065,"timestamp":"2025-07-01T14:10:58.592Z"}
{"level":"info","message":"⌛ Validating menu.wlk","timeElapsed":586,"timestamp":"2025-07-01T14:10:59.272Z"}
{"level":"error","message":"✘ Failed to rebuild document Failed to parse menu.wlk: \n-- PARSING FAILED --------------------------------------------------\n\n  21 |         })\n  22 |     }\n> 23 | }\n     | ^\n\nExpected one of the following: \n\n' ', '@', 'class', 'const', 'describe', 'mixin', 'object', 'only', 'package', 'program', 'test', 'var', '{', EOF, comment, not \"}\", whitespace\n","stack":"Error: Failed to parse menu.wlk: \n-- PARSING FAILED --------------------------------------------------\n\n  21 |         })\n  22 |     }\n> 23 | }\n     | ^\n\nExpected one of the following: \n\n' ', '@', 'class', 'const', 'describe', 'mixin', 'object', 'only', 'package', 'program', 'test', 'var', '{', EOF, comment, not \"}\", whitespace\n\n    at c:\\Users\\estudiante\\.vscode\\extensions\\uqbar.wollok-lsp-ide-0.5.2\\out\\server\\src\\server.js:2326:13026\n    at Array.map (<anonymous>)\n    at D1n (c:\\Users\\estudiante\\.vscode\\extensions\\uqbar.wollok-lsp-ide-0.5.2\\out\\server\\src\\server.js:2326:12950)\n    at W2.buildEnvironmentFrom (c:\\Users\\estudiante\\.vscode\\extensions\\uqbar.wollok-lsp-ide-0.5.2\\out\\server\\src\\server.js:2371:5254)\n    at W2.updateEnvironmentWith (c:\\Users\\estudiante\\.vscode\\extensions\\uqbar.wollok-lsp-ide-0.5.2\\out\\server\\src\\server.js:2371:4989)\n    at GF (c:\\Users\\estudiante\\.vscode\\extensions\\uqbar.wollok-lsp-ide-0.5.2\\out\\server\\src\\server.js:2371:7383)\n    at L3.invoke (c:\\Users\\estudiante\\.vscode\\extensions\\uqbar.wollok-lsp-ide-0.5.2\\out\\server\\src\\server.js:3:157326)\n    at o.fire (c:\\Users\\estudiante\\.vscode\\extensions\\uqbar.wollok-lsp-ide-0.5.2\\out\\server\\src\\server.js:3:158096)\n    at c:\\Users\\estudiante\\.vscode\\extensions\\uqbar.wollok-lsp-ide-0.5.2\\out\\server\\src\\server.js:37:57871\n    at Kr (c:\\Users\\estudiante\\.vscode\\extensions\\uqbar.wollok-lsp-ide-0.5.2\\out\\server\\src\\server.js:8:1561)","timestamp":"2025-07-01T14:10:59.302Z"}
{"level":"info","message":"⌛ Building environment","timeElapsed":417,"timestamp":"2025-07-01T14:10:59.728Z"}
{"level":"info","message":"⌛ Validating menu.wlk","timeElapsed":592,"timestamp":"2025-07-01T14:11:00.359Z"}
{"level":"error","message":"✘ Failed to rebuild document Failed to parse menu.wlk: \n-- PARSING FAILED --------------------------------------------------\n\n  19 |             game.addVisual(nivelSurvival)\n  20 |             nivelSurvival.iniciarNivel()\n> 21 |         })\n     |         ^\n  22 |     }\n  23 | }\n\nExpected one of the following: \n\n'@', 'class', 'const', 'describe', 'mixin', 'object', 'only', 'package', 'program', 'test', 'var', '{', EOF, comment, not \"}\", whitespace\n","stack":"Error: Failed to parse menu.wlk: \n-- PARSING FAILED --------------------------------------------------\n\n  19 |             game.addVisual(nivelSurvival)\n  20 |             nivelSurvival.iniciarNivel()\n> 21 |         })\n     |         ^\n  22 |     }\n  23 | }\n\nExpected one of the following: \n\n'@', 'class', 'const', 'describe', 'mixin', 'object', 'only', 'package', 'program', 'test', 'var', '{', EOF, comment, not \"}\", whitespace\n\n    at c:\\Users\\estudiante\\.vscode\\extensions\\uqbar.wollok-lsp-ide-0.5.2\\out\\server\\src\\server.js:2326:13026\n    at Array.map (<anonymous>)\n    at D1n (c:\\Users\\estudiante\\.vscode\\extensions\\uqbar.wollok-lsp-ide-0.5.2\\out\\server\\src\\server.js:2326:12950)\n    at W2.buildEnvironmentFrom (c:\\Users\\estudiante\\.vscode\\extensions\\uqbar.wollok-lsp-ide-0.5.2\\out\\server\\src\\server.js:2371:5254)\n    at W2.updateEnvironmentWith (c:\\Users\\estudiante\\.vscode\\extensions\\uqbar.wollok-lsp-ide-0.5.2\\out\\server\\src\\server.js:2371:4989)\n    at GF (c:\\Users\\estudiante\\.vscode\\extensions\\uqbar.wollok-lsp-ide-0.5.2\\out\\server\\src\\server.js:2371:7383)\n    at L3.invoke (c:\\Users\\estudiante\\.vscode\\extensions\\uqbar.wollok-lsp-ide-0.5.2\\out\\server\\src\\server.js:3:157326)\n    at o.fire (c:\\Users\\estudiante\\.vscode\\extensions\\uqbar.wollok-lsp-ide-0.5.2\\out\\server\\src\\server.js:3:158096)\n    at c:\\Users\\estudiante\\.vscode\\extensions\\uqbar.wollok-lsp-ide-0.5.2\\out\\server\\src\\server.js:37:57871\n    at Kr (c:\\Users\\estudiante\\.vscode\\extensions\\uqbar.wollok-lsp-ide-0.5.2\\out\\server\\src\\server.js:8:1561)","timestamp":"2025-07-01T14:11:00.646Z"}
{"level":"info","message":"⌛ Building environment","timeElapsed":308,"timestamp":"2025-07-01T14:11:00.972Z"}
{"level":"info","message":"⌛ Validating menu.wlk","timeElapsed":499,"timestamp":"2025-07-01T14:11:01.473Z"}
{"level":"info","message":"⌛ Building environment","timeElapsed":406,"timestamp":"2025-07-01T14:11:01.912Z"}
{"level":"info","message":"⌛ Building environment","timeElapsed":536,"timestamp":"2025-07-01T14:11:02.555Z"}
{"level":"info","message":"⌛ Building environment","timeElapsed":286,"timestamp":"2025-07-01T14:11:02.985Z"}
{"level":"info","message":"⌛ Building environment","timeElapsed":238,"timestamp":"2025-07-01T14:11:03.286Z"}
{"level":"error","message":"✘ Failed to rebuild document Failed to parse menu.wlk: \n-- PARSING FAILED --------------------------------------------------\n\n  19 |             game.addVisual(nivelSurvival)\n  20 |             nivelSurvival.iniciarNivel()\n> 21 |         })\n     |         ^\n  22 |     }\n  23 | }\n\nExpected one of the following: \n\n'@', 'class', 'const', 'describe', 'mixin', 'object', 'only', 'package', 'program', 'test', 'var', '{', EOF, comment, not \"}\", whitespace\n","stack":"Error: Failed to parse menu.wlk: \n-- PARSING FAILED --------------------------------------------------\n\n  19 |             game.addVisual(nivelSurvival)\n  20 |             nivelSurvival.iniciarNivel()\n> 21 |         })\n     |         ^\n  22 |     }\n  23 | }\n\nExpected one of the following: \n\n'@', 'class', 'const', 'describe', 'mixin', 'object', 'only', 'package', 'program', 'test', 'var', '{', EOF, comment, not \"}\", whitespace\n\n    at c:\\Users\\estudiante\\.vscode\\extensions\\uqbar.wollok-lsp-ide-0.5.2\\out\\server\\src\\server.js:2326:13026\n    at Array.map (<anonymous>)\n    at D1n (c:\\Users\\estudiante\\.vscode\\extensions\\uqbar.wollok-lsp-ide-0.5.2\\out\\server\\src\\server.js:2326:12950)\n    at W2.buildEnvironmentFrom (c:\\Users\\estudiante\\.vscode\\extensions\\uqbar.wollok-lsp-ide-0.5.2\\out\\server\\src\\server.js:2371:5254)\n    at W2.updateEnvironmentWith (c:\\Users\\estudiante\\.vscode\\extensions\\uqbar.wollok-lsp-ide-0.5.2\\out\\server\\src\\server.js:2371:4989)\n    at GF (c:\\Users\\estudiante\\.vscode\\extensions\\uqbar.wollok-lsp-ide-0.5.2\\out\\server\\src\\server.js:2371:7383)\n    at L3.invoke (c:\\Users\\estudiante\\.vscode\\extensions\\uqbar.wollok-lsp-ide-0.5.2\\out\\server\\src\\server.js:3:157326)\n    at o.fire (c:\\Users\\estudiante\\.vscode\\extensions\\uqbar.wollok-lsp-ide-0.5.2\\out\\server\\src\\server.js:3:158096)\n    at c:\\Users\\estudiante\\.vscode\\extensions\\uqbar.wollok-lsp-ide-0.5.2\\out\\server\\src\\server.js:37:57871\n    at Kr (c:\\Users\\estudiante\\.vscode\\extensions\\uqbar.wollok-lsp-ide-0.5.2\\out\\server\\src\\server.js:8:1561)","timestamp":"2025-07-01T14:11:03.623Z"}
{"level":"info","message":"⌛ Building environment","timeElapsed":502,"timestamp":"2025-07-01T14:11:04.129Z"}
{"level":"info","message":"⌛ Validating menu.wlk","timeElapsed":405,"timestamp":"2025-07-01T14:11:04.686Z"}
{"level":"info","message":"⌛ Validating menu.wlk","timeElapsed":649,"timestamp":"2025-07-01T14:11:05.337Z"}
{"level":"info","message":"⌛ Validating menu.wlk","timeElapsed":400,"timestamp":"2025-07-01T14:11:05.745Z"}
{"level":"info","message":"⌛ Validating menu.wlk","timeElapsed":400,"timestamp":"2025-07-01T14:11:06.182Z"}
{"level":"info","message":"⌛ Validating menu.wlk","timeElapsed":652,"timestamp":"2025-07-01T14:11:06.926Z"}
{"level":"info","message":"⌛ Validating menu.wlk","timeElapsed":1297,"timestamp":"2025-07-01T14:11:08.259Z"}
{"level":"info","message":"⌛ Validating menu.wlk","timeElapsed":1993,"timestamp":"2025-07-01T14:11:10.268Z"}
{"level":"info","message":"⌛ Validating menu.wlk","timeElapsed":1621,"timestamp":"2025-07-01T14:11:11.890Z"}
{"level":"info","message":"⌛ Validating menu.wlk","timeElapsed":1489,"timestamp":"2025-07-01T14:11:13.394Z"}
{"level":"info","message":"⌛ Validating menu.wlk","timeElapsed":1075,"timestamp":"2025-07-01T14:11:14.474Z"}
{"exitCode":"SIGHUP","level":"info","message":"👾 Game executed main.ArcaneBastion on c:\\Users\\estudiante\\FINAL4","timeElapsed":211508,"timestamp":"2025-07-01T14:11:19.896Z"}
{"level":"info","message":"⌛ Building environment","timeElapsed":347,"timestamp":"2025-07-01T14:25:39.595Z"}
{"level":"info","message":"⌛ Building environment","timeElapsed":317,"timestamp":"2025-07-01T14:25:39.944Z"}
{"level":"info","message":"⌛ Building environment","timeElapsed":163,"timestamp":"2025-07-01T14:25:40.123Z"}
{"level":"info","message":"⌛ Building environment","timeElapsed":291,"timestamp":"2025-07-01T14:25:40.421Z"}
{"level":"info","message":"⌛ Building environment","timeElapsed":158,"timestamp":"2025-07-01T14:25:40.581Z"}
{"level":"info","message":"⌛ Validating arcaneBastion.wlk","timeElapsed":374,"timestamp":"2025-07-01T14:25:41.516Z"}
{"level":"info","message":"⌛ Validating main.wpgm","timeElapsed":128,"timestamp":"2025-07-01T14:25:41.645Z"}
{"level":"info","message":"⌛ Building environment","timeElapsed":212,"timestamp":"2025-07-01T14:25:41.858Z"}
{"level":"info","message":"⌛ Validating mago.wlk","timeElapsed":112,"timestamp":"2025-07-01T14:25:42.226Z"}
{"level":"info","message":"⌛ Validating enemigos.wlk","timeElapsed":118,"timestamp":"2025-07-01T14:25:42.345Z"}
{"level":"info","message":"⌛ Validating bastion.wlk","timeElapsed":117,"timestamp":"2025-07-01T14:25:42.462Z"}
{"level":"info","message":"⌛ Validating administradorDeOleadas.wlk","timeElapsed":105,"timestamp":"2025-07-01T14:25:42.595Z"}
{"level":"info","message":"⌛ Validating administradorDeHechizos.wlk","timeElapsed":109,"timestamp":"2025-07-01T14:25:42.704Z"}
{"level":"info","message":"⌛ Validating administradorDeEnemigos.wlk","timeElapsed":127,"timestamp":"2025-07-01T14:25:42.832Z"}
{"level":"info","message":"⌛ Validating arcaneBastion.wlk","timeElapsed":161,"timestamp":"2025-07-01T14:25:42.993Z"}
{"level":"info","message":"⌛ Validating main.wpgm","timeElapsed":134,"timestamp":"2025-07-01T14:25:43.128Z"}
{"level":"info","message":"⌛ Validating niveles.wlk","timeElapsed":218,"timestamp":"2025-07-01T14:25:43.348Z"}
{"level":"info","message":"⌛ Validating menu.wlk","timeElapsed":237,"timestamp":"2025-07-01T14:25:43.586Z"}
{"level":"info","message":"⌛ Validating mago.wlk","timeElapsed":298,"timestamp":"2025-07-01T14:25:43.886Z"}
{"level":"info","message":"⌛ Validating enemigos.wlk","timeElapsed":126,"timestamp":"2025-07-01T14:25:44.012Z"}
{"level":"info","message":"⌛ Validating bastion.wlk","timeElapsed":111,"timestamp":"2025-07-01T14:25:44.124Z"}
{"level":"info","message":"⌛ Validating administradorDeOleadas.wlk","timeElapsed":139,"timestamp":"2025-07-01T14:25:44.264Z"}
{"level":"info","message":"⌛ Validating administradorDeHechizos.wlk","timeElapsed":142,"timestamp":"2025-07-01T14:25:44.406Z"}
{"level":"info","message":"⌛ Validating administradorDeEnemigos.wlk","timeElapsed":200,"timestamp":"2025-07-01T14:25:44.606Z"}
{"level":"info","message":"🚀 Program executed \u001b[3m\u001b[34mmain.ArcaneBastion\u001b[39m\u001b[23m on \u001b[3m\u001b[34mc:\\Users\\joaom\\Documents\\TPGameIntegrador-wollokers-group-main\u001b[39m\u001b[23m","ok":true,"timeElapsed":565,"timestamp":"2025-07-01T14:25:46.675Z"}
{"exitCode":"SIGHUP","level":"info","message":"👾 Game executed main.ArcaneBastion on c:\\Users\\joaom\\Documents\\TPGameIntegrador-wollokers-group-main","timeElapsed":25460,"timestamp":"2025-07-01T14:26:11.568Z"}
{"level":"info","message":"🚀 Program executed \u001b[3m\u001b[34mmain.ArcaneBastion\u001b[39m\u001b[23m on \u001b[3m\u001b[34mc:\\Users\\joaom\\Documents\\TPGameIntegrador-wollokers-group-main\u001b[39m\u001b[23m","ok":true,"timeElapsed":881,"timestamp":"2025-07-01T14:26:14.654Z"}
{"level":"info","message":"⌛ Building environment","timeElapsed":126,"timestamp":"2025-07-01T14:27:13.458Z"}
{"level":"info","message":"⌛ Validating main.wpgm","timeElapsed":370,"timestamp":"2025-07-01T14:27:13.838Z"}
{"exitCode":"SIGHUP","level":"info","message":"👾 Game executed main.ArcaneBastion on c:\\Users\\joaom\\Documents\\TPGameIntegrador-wollokers-group-main","timeElapsed":61001,"timestamp":"2025-07-01T14:27:14.773Z"}
{"level":"info","message":"🚀 Program executed \u001b[3m\u001b[34mmain.ArcaneBastion\u001b[39m\u001b[23m on \u001b[3m\u001b[34mc:\\Users\\joaom\\Documents\\TPGameIntegrador-wollokers-group-main\u001b[39m\u001b[23m","ok":true,"timeElapsed":963,"timestamp":"2025-07-01T14:27:17.926Z"}
{"exitCode":"SIGHUP","level":"info","message":"👾 Game executed main.ArcaneBastion on c:\\Users\\joaom\\Documents\\TPGameIntegrador-wollokers-group-main","timeElapsed":46965,"timestamp":"2025-07-01T14:28:03.926Z"}
{"level":"info","message":"🚀 Program executed \u001b[3m\u001b[34mmain.ArcaneBastion\u001b[39m\u001b[23m on \u001b[3m\u001b[34mc:\\Users\\joaom\\Documents\\TPGameIntegrador-wollokers-group-main\u001b[39m\u001b[23m","ok":true,"timeElapsed":571,"timestamp":"2025-07-01T14:28:06.576Z"}
{"level":"info","message":"⌛ Building environment","timeElapsed":220,"timestamp":"2025-07-01T14:29:01.760Z"}
{"level":"info","message":"⌛ Validating enemigos.wlk","timeElapsed":331,"timestamp":"2025-07-01T14:29:02.180Z"}
{"level":"info","message":"⌛ Building environment","timeElapsed":198,"timestamp":"2025-07-01T14:29:02.593Z"}
{"level":"info","message":"⌛ Validating administradorDeOleadas.wlk","timeElapsed":301,"timestamp":"2025-07-01T14:29:02.924Z"}
{"level":"info","message":"⌛ Building environment","timeElapsed":201,"timestamp":"2025-07-01T14:29:13.388Z"}
{"level":"info","message":"⌛ Validating administradorDeHechizos.wlk","timeElapsed":424,"timestamp":"2025-07-01T14:29:13.836Z"}
{"level":"error","message":"✘ Failed to rebuild document Failed to parse administradorDeHechizos.wlk: \n-- PARSING FAILED --------------------------------------------------\n\n  26 |             nombreParaHechizo.eliminar()\n  27 |         })\n> 28 |     }\n     |     ^\n  29 | \n  30 |     // Mueve cada hechizo en la lista\n\nExpected one of the following: \n\n'@', 'class', 'const', 'describe', 'mixin', 'object', 'only', 'package', 'program', 'test', 'var', '{', EOF, comment, not \"}\n\n    \", whitespace\n","stack":"Error: Failed to parse administradorDeHechizos.wlk: \n-- PARSING FAILED --------------------------------------------------\n\n  26 |             nombreParaHechizo.eliminar()\n  27 |         })\n> 28 |     }\n     |     ^\n  29 | \n  30 |     // Mueve cada hechizo en la lista\n\nExpected one of the following: \n\n'@', 'class', 'const', 'describe', 'mixin', 'object', 'only', 'package', 'program', 'test', 'var', '{', EOF, comment, not \"}\n\n    \", whitespace\n\n    at c:\\Users\\joaom\\.vscode\\extensions\\uqbar.wollok-lsp-ide-0.5.2\\out\\server\\src\\server.js:2326:13026\n    at Array.map (<anonymous>)\n    at D1n (c:\\Users\\joaom\\.vscode\\extensions\\uqbar.wollok-lsp-ide-0.5.2\\out\\server\\src\\server.js:2326:12950)\n    at W2.buildEnvironmentFrom (c:\\Users\\joaom\\.vscode\\extensions\\uqbar.wollok-lsp-ide-0.5.2\\out\\server\\src\\server.js:2371:5254)\n    at W2.updateEnvironmentWith (c:\\Users\\joaom\\.vscode\\extensions\\uqbar.wollok-lsp-ide-0.5.2\\out\\server\\src\\server.js:2371:4989)\n    at GF (c:\\Users\\joaom\\.vscode\\extensions\\uqbar.wollok-lsp-ide-0.5.2\\out\\server\\src\\server.js:2371:7383)\n    at L3.invoke (c:\\Users\\joaom\\.vscode\\extensions\\uqbar.wollok-lsp-ide-0.5.2\\out\\server\\src\\server.js:3:157326)\n    at o.fire (c:\\Users\\joaom\\.vscode\\extensions\\uqbar.wollok-lsp-ide-0.5.2\\out\\server\\src\\server.js:3:158096)\n    at c:\\Users\\joaom\\.vscode\\extensions\\uqbar.wollok-lsp-ide-0.5.2\\out\\server\\src\\server.js:37:57871\n    at Kr (c:\\Users\\joaom\\.vscode\\extensions\\uqbar.wollok-lsp-ide-0.5.2\\out\\server\\src\\server.js:8:1561)","timestamp":"2025-07-01T14:29:23.593Z"}
{"level":"info","message":"⌛ Building environment","timeElapsed":120,"timestamp":"2025-07-01T14:29:23.878Z"}
{"level":"info","message":"⌛ Validating administradorDeHechizos.wlk","timeElapsed":173,"timestamp":"2025-07-01T14:29:24.115Z"}
{"level":"error","message":"✘ Failed to rebuild document Failed to parse administradorDeHechizos.wlk: \n-- PARSING FAILED --------------------------------------------------\n\n  53 |         nombreHechizo = 0\n  54 |         hechizos = []\n> 55 |     }\n     |     ^\n  56 | }\n  57 | \n\nExpected one of the following: \n\n'@', 'class', 'const', 'describe', 'mixin', 'object', 'only', 'package', 'program', 'test', 'var', '{', EOF, comment, not \"}\n\", whitespace\n","stack":"Error: Failed to parse administradorDeHechizos.wlk: \n-- PARSING FAILED --------------------------------------------------\n\n  53 |         nombreHechizo = 0\n  54 |         hechizos = []\n> 55 |     }\n     |     ^\n  56 | }\n  57 | \n\nExpected one of the following: \n\n'@', 'class', 'const', 'describe', 'mixin', 'object', 'only', 'package', 'program', 'test', 'var', '{', EOF, comment, not \"}\n\", whitespace\n\n    at c:\\Users\\joaom\\.vscode\\extensions\\uqbar.wollok-lsp-ide-0.5.2\\out\\server\\src\\server.js:2326:13026\n    at Array.map (<anonymous>)\n    at D1n (c:\\Users\\joaom\\.vscode\\extensions\\uqbar.wollok-lsp-ide-0.5.2\\out\\server\\src\\server.js:2326:12950)\n    at W2.buildEnvironmentFrom (c:\\Users\\joaom\\.vscode\\extensions\\uqbar.wollok-lsp-ide-0.5.2\\out\\server\\src\\server.js:2371:5254)\n    at W2.updateEnvironmentWith (c:\\Users\\joaom\\.vscode\\extensions\\uqbar.wollok-lsp-ide-0.5.2\\out\\server\\src\\server.js:2371:4989)\n    at GF (c:\\Users\\joaom\\.vscode\\extensions\\uqbar.wollok-lsp-ide-0.5.2\\out\\server\\src\\server.js:2371:7383)\n    at L3.invoke (c:\\Users\\joaom\\.vscode\\extensions\\uqbar.wollok-lsp-ide-0.5.2\\out\\server\\src\\server.js:3:157326)\n    at o.fire (c:\\Users\\joaom\\.vscode\\extensions\\uqbar.wollok-lsp-ide-0.5.2\\out\\server\\src\\server.js:3:158096)\n    at c:\\Users\\joaom\\.vscode\\extensions\\uqbar.wollok-lsp-ide-0.5.2\\out\\server\\src\\server.js:37:57871\n    at Kr (c:\\Users\\joaom\\.vscode\\extensions\\uqbar.wollok-lsp-ide-0.5.2\\out\\server\\src\\server.js:8:1561)","timestamp":"2025-07-01T14:29:28.361Z"}
{"level":"error","message":"✘ Failed to rebuild document Failed to parse administradorDeHechizos.wlk: \n-- PARSING FAILED --------------------------------------------------\n\n  53 |         nombreHechizo = 0\n  54 |         hechizos = []\n> 55 |     }\n     |     ^\n  56 | }\n  57 | \n\nExpected one of the following: \n\n'@', 'class', 'const', 'describe', 'mixin', 'object', 'only', 'package', 'program', 'test', 'var', '{', EOF, comment, not \"}\n\", whitespace\n","stack":"Error: Failed to parse administradorDeHechizos.wlk: \n-- PARSING FAILED --------------------------------------------------\n\n  53 |         nombreHechizo = 0\n  54 |         hechizos = []\n> 55 |     }\n     |     ^\n  56 | }\n  57 | \n\nExpected one of the following: \n\n'@', 'class', 'const', 'describe', 'mixin', 'object', 'only', 'package', 'program', 'test', 'var', '{', EOF, comment, not \"}\n\", whitespace\n\n    at c:\\Users\\joaom\\.vscode\\extensions\\uqbar.wollok-lsp-ide-0.5.2\\out\\server\\src\\server.js:2326:13026\n    at Array.map (<anonymous>)\n    at D1n (c:\\Users\\joaom\\.vscode\\extensions\\uqbar.wollok-lsp-ide-0.5.2\\out\\server\\src\\server.js:2326:12950)\n    at W2.buildEnvironmentFrom (c:\\Users\\joaom\\.vscode\\extensions\\uqbar.wollok-lsp-ide-0.5.2\\out\\server\\src\\server.js:2371:5254)\n    at W2.updateEnvironmentWith (c:\\Users\\joaom\\.vscode\\extensions\\uqbar.wollok-lsp-ide-0.5.2\\out\\server\\src\\server.js:2371:4989)\n    at GF (c:\\Users\\joaom\\.vscode\\extensions\\uqbar.wollok-lsp-ide-0.5.2\\out\\server\\src\\server.js:2371:7383)\n    at L3.invoke (c:\\Users\\joaom\\.vscode\\extensions\\uqbar.wollok-lsp-ide-0.5.2\\out\\server\\src\\server.js:3:157326)\n    at o.fire (c:\\Users\\joaom\\.vscode\\extensions\\uqbar.wollok-lsp-ide-0.5.2\\out\\server\\src\\server.js:3:158096)\n    at c:\\Users\\joaom\\.vscode\\extensions\\uqbar.wollok-lsp-ide-0.5.2\\out\\server\\src\\server.js:37:57871\n    at Kr (c:\\Users\\joaom\\.vscode\\extensions\\uqbar.wollok-lsp-ide-0.5.2\\out\\server\\src\\server.js:8:1561)","timestamp":"2025-07-01T14:29:28.507Z"}
{"level":"info","message":"⌛ Building environment","timeElapsed":150,"timestamp":"2025-07-01T14:29:29.898Z"}
{"level":"info","message":"⌛ Validating administradorDeHechizos.wlk","timeElapsed":187,"timestamp":"2025-07-01T14:29:30.088Z"}
{"level":"info","message":"⌛ Building environment","timeElapsed":139,"timestamp":"2025-07-01T14:29:30.227Z"}
{"level":"info","message":"⌛ Validating administradorDeHechizos.wlk","timeElapsed":168,"timestamp":"2025-07-01T14:29:30.398Z"}
{"level":"info","message":"⌛ Building environment","timeElapsed":175,"timestamp":"2025-07-01T14:29:35.526Z"}
{"level":"info","message":"⌛ Validating administradorDeHechizos.wlk","timeElapsed":179,"timestamp":"2025-07-01T14:29:35.713Z"}
{"exitCode":"SIGHUP","level":"info","message":"👾 Game executed main.ArcaneBastion on c:\\Users\\joaom\\Documents\\TPGameIntegrador-wollokers-group-main","timeElapsed":93023,"timestamp":"2025-07-01T14:29:39.026Z"}
{"level":"info","message":"🚀 Program executed \u001b[3m\u001b[34mmain.ArcaneBastion\u001b[39m\u001b[23m on \u001b[3m\u001b[34mc:\\Users\\joaom\\Documents\\TPGameIntegrador-wollokers-group-main\u001b[39m\u001b[23m","ok":true,"timeElapsed":736,"timestamp":"2025-07-01T14:29:41.822Z"}
{"exitCode":"SIGHUP","level":"info","message":"👾 Game executed main.ArcaneBastion on c:\\Users\\joaom\\Documents\\TPGameIntegrador-wollokers-group-main","timeElapsed":107459,"timestamp":"2025-07-01T14:31:28.542Z"}
{"level":"info","message":"⌛ Building environment","timeElapsed":495,"timestamp":"2025-07-01T14:36:06.213Z"}
{"level":"info","message":"⌛ Building environment","timeElapsed":274,"timestamp":"2025-07-01T14:36:06.514Z"}
{"level":"info","message":"⌛ Building environment","timeElapsed":186,"timestamp":"2025-07-01T14:36:06.704Z"}
{"level":"info","message":"⌛ Building environment","timeElapsed":313,"timestamp":"2025-07-01T14:36:07.061Z"}
{"level":"info","message":"⌛ Building environment","timeElapsed":128,"timestamp":"2025-07-01T14:36:07.194Z"}
{"level":"info","message":"⌛ Building environment","timeElapsed":133,"timestamp":"2025-07-01T14:36:07.346Z"}
{"level":"info","message":"⌛ Building environment","timeElapsed":153,"timestamp":"2025-07-01T14:36:07.501Z"}
{"level":"info","message":"⌛ Building environment","timeElapsed":148,"timestamp":"2025-07-01T14:36:07.651Z"}
{"level":"info","message":"⌛ Building environment","timeElapsed":167,"timestamp":"2025-07-01T14:36:07.834Z"}
{"level":"info","message":"⌛ Building environment","timeElapsed":157,"timestamp":"2025-07-01T14:36:07.992Z"}
{"level":"info","message":"⌛ Building environment","timeElapsed":192,"timestamp":"2025-07-01T14:36:08.208Z"}
{"level":"info","message":"⌛ Validating main.wpgm","timeElapsed":209,"timestamp":"2025-07-01T14:36:08.419Z"}
{"level":"info","message":"⌛ Validating administradorDeHechizos.wlk","timeElapsed":119,"timestamp":"2025-07-01T14:36:08.538Z"}
{"level":"info","message":"⌛ Building environment","timeElapsed":217,"timestamp":"2025-07-01T14:36:08.756Z"}
{"level":"info","message":"⌛ Validating niveles.wlk","timeElapsed":101,"timestamp":"2025-07-01T14:36:08.944Z"}
{"level":"info","message":"⌛ Validating menu.wlk","timeElapsed":104,"timestamp":"2025-07-01T14:36:09.075Z"}
{"level":"info","message":"⌛ Validating mago.wlk","timeElapsed":103,"timestamp":"2025-07-01T14:36:09.179Z"}
{"level":"info","message":"⌛ Validating enemigos.wlk","timeElapsed":119,"timestamp":"2025-07-01T14:36:09.302Z"}
{"level":"info","message":"⌛ Validating bastion.wlk","timeElapsed":174,"timestamp":"2025-07-01T14:36:09.510Z"}
{"level":"info","message":"⌛ Validating arcaneBastion.wlk","timeElapsed":205,"timestamp":"2025-07-01T14:36:09.767Z"}
{"level":"info","message":"⌛ Validating administradorDeOleadas.wlk","timeElapsed":176,"timestamp":"2025-07-01T14:36:09.944Z"}
{"level":"info","message":"⌛ Validating administradorDeEnemigos.wlk","timeElapsed":133,"timestamp":"2025-07-01T14:36:10.078Z"}
{"level":"info","message":"⌛ Validating main.wpgm","timeElapsed":124,"timestamp":"2025-07-01T14:36:10.203Z"}
{"level":"info","message":"⌛ Validating mago.wlk","timeElapsed":109,"timestamp":"2025-07-01T14:36:10.593Z"}
{"level":"info","message":"⌛ Validating administradorDeOleadas.wlk","timeElapsed":111,"timestamp":"2025-07-01T14:36:10.965Z"}
{"level":"info","message":"⌛ Validating administradorDeEnemigos.wlk","timeElapsed":114,"timestamp":"2025-07-01T14:36:11.079Z"}
{"level":"info","message":"⌛ Building environment","timeElapsed":113,"timestamp":"2025-07-01T14:36:38.640Z"}
{"level":"info","message":"⌛ Validating administradorDeHechizos.wlk","timeElapsed":121,"timestamp":"2025-07-01T14:36:38.762Z"}
{"errors":{"errors":[null,["/*\r","que podria hacer para que cuando se apriete 1 el mago cambie \r","su tipo de magia a tipoHielo: y dispare y asi con los demas\r"]]},"level":"error","message":"✘ Failed to get type description: Error: {\n  \"errors\": [\n    null,\n    [\n      \"/*\\r\",\n      \"que podria hacer para que cuando se apriete 1 el mago cambie \\r\",\n      \"su tipo de magia a tipoHielo: y dispare y asi con los demas\\r\"\n    ]\n  ]\n} {\n  \"errors\": [\n    null,\n    [\n      \"/*\\r\",\n      \"que podria hacer para que cuando se apriete 1 el mago cambie \\r\",\n      \"su tipo de magia a tipoHielo: y dispare y asi con los demas\\r\"\n    ]\n  ]\n}","stack":"Error: {\n  \"errors\": [\n    null,\n    [\n      \"/*\\r\",\n      \"que podria hacer para que cuando se apriete 1 el mago cambie \\r\",\n      \"su tipo de magia a tipoHielo: y dispare y asi con los demas\\r\"\n    ]\n  ]\n}\n    at pS (c:\\Users\\joaom\\.vscode\\extensions\\uqbar.wollok-lsp-ide-0.5.2\\out\\server\\src\\server.js:64:34609)\n    at G1 (c:\\Users\\joaom\\.vscode\\extensions\\uqbar.wollok-lsp-ide-0.5.2\\out\\server\\src\\server.js:64:34682)\n    at c:\\Users\\joaom\\.vscode\\extensions\\uqbar.wollok-lsp-ide-0.5.2\\out\\server\\src\\server.js:64:37949\n    at o.v1 (c:\\Users\\joaom\\.vscode\\extensions\\uqbar.wollok-lsp-ide-0.5.2\\out\\server\\src\\server.js:57:57694)\n    at c:\\Users\\joaom\\.vscode\\extensions\\uqbar.wollok-lsp-ide-0.5.2\\out\\server\\src\\server.js:64:37918\n    at c:\\Users\\joaom\\.vscode\\extensions\\uqbar.wollok-lsp-ide-0.5.2\\out\\server\\src\\server.js:57:55734\n    at Ofn (c:\\Users\\joaom\\.vscode\\extensions\\uqbar.wollok-lsp-ide-0.5.2\\out\\server\\src\\server.js:68:11324)\n    at c:\\Users\\joaom\\.vscode\\extensions\\uqbar.wollok-lsp-ide-0.5.2\\out\\server\\src\\server.js:68:3629\n    at Array.map (<anonymous>)\n    at c:\\Users\\joaom\\.vscode\\extensions\\uqbar.wollok-lsp-ide-0.5.2\\out\\server\\src\\server.js:68:4693","timestamp":"2025-07-01T14:38:55.976Z"}
{"level":"info","message":"⌛ Building environment","timeElapsed":141,"timestamp":"2025-07-01T14:39:02.692Z"}
{"level":"info","message":"⌛ Validating mago.wlk","timeElapsed":183,"timestamp":"2025-07-01T14:39:02.879Z"}
{"level":"info","message":"⌛ Building environment","timeElapsed":130,"timestamp":"2025-07-01T14:42:03.023Z"}
{"level":"info","message":"⌛ Validating administradorDeHechizos.wlk","timeElapsed":232,"timestamp":"2025-07-01T14:42:03.257Z"}
{"level":"info","message":"⌛ Validating administradorDeHechizos.wlk","timeElapsed":162,"timestamp":"2025-07-01T14:42:06.040Z"}
{"level":"info","message":"⌛ Building environment","timeElapsed":168,"timestamp":"2025-07-01T14:42:09.903Z"}
{"level":"info","message":"⌛ Validating administradorDeHechizos.wlk","timeElapsed":146,"timestamp":"2025-07-01T14:42:10.092Z"}
{"level":"info","message":"⌛ Building environment","timeElapsed":112,"timestamp":"2025-07-01T14:42:10.564Z"}
{"level":"info","message":"⌛ Validating administradorDeHechizos.wlk","timeElapsed":123,"timestamp":"2025-07-01T14:42:10.694Z"}
{"level":"info","message":"⌛ Building environment","timeElapsed":122,"timestamp":"2025-07-01T14:42:13.116Z"}
{"level":"info","message":"⌛ Validating administradorDeHechizos.wlk","timeElapsed":128,"timestamp":"2025-07-01T14:42:13.246Z"}
{"level":"info","message":"⌛ Building environment","timeElapsed":118,"timestamp":"2025-07-01T14:42:17.893Z"}
{"level":"info","message":"⌛ Validating administradorDeHechizos.wlk","timeElapsed":150,"timestamp":"2025-07-01T14:42:18.051Z"}
{"level":"info","message":"⌛ Validating main.wpgm","timeElapsed":309,"timestamp":"2025-07-01T14:42:40.662Z"}
{"level":"info","message":"🚀 Program executed \u001b[3m\u001b[34mmain.ArcaneBastion\u001b[39m\u001b[23m on \u001b[3m\u001b[34mc:\\Users\\joaom\\Documents\\TPGameIntegrador-wollokers-group-main\u001b[39m\u001b[23m","ok":true,"timeElapsed":555,"timestamp":"2025-07-01T14:42:44.481Z"}
{"exitCode":"SIGHUP","level":"info","message":"👾 Game executed main.ArcaneBastion on c:\\Users\\joaom\\Documents\\TPGameIntegrador-wollokers-group-main","timeElapsed":46203,"timestamp":"2025-07-01T14:43:30.129Z"}
{"level":"info","message":"🚀 Program executed \u001b[3m\u001b[34mmain.ArcaneBastion\u001b[39m\u001b[23m on \u001b[3m\u001b[34mc:\\Users\\joaom\\Documents\\TPGameIntegrador-wollokers-group-main\u001b[39m\u001b[23m","ok":true,"timeElapsed":586,"timestamp":"2025-07-01T14:43:32.712Z"}
{"exitCode":"SIGHUP","level":"info","message":"👾 Game executed main.ArcaneBastion on c:\\Users\\joaom\\Documents\\TPGameIntegrador-wollokers-group-main","timeElapsed":50266,"timestamp":"2025-07-01T14:44:22.391Z"}
{"level":"info","message":"🚀 Program executed \u001b[3m\u001b[34mmain.ArcaneBastion\u001b[39m\u001b[23m on \u001b[3m\u001b[34mc:\\Users\\joaom\\Documents\\TPGameIntegrador-wollokers-group-main\u001b[39m\u001b[23m","ok":true,"timeElapsed":569,"timestamp":"2025-07-01T14:44:24.584Z"}
{"exitCode":"SIGHUP","level":"info","message":"👾 Game executed main.ArcaneBastion on c:\\Users\\joaom\\Documents\\TPGameIntegrador-wollokers-group-main","timeElapsed":33891,"timestamp":"2025-07-01T14:44:57.906Z"}
{"level":"info","message":"🚀 Program executed \u001b[3m\u001b[34mmain.ArcaneBastion\u001b[39m\u001b[23m on \u001b[3m\u001b[34mc:\\Users\\joaom\\Documents\\TPGameIntegrador-wollokers-group-main\u001b[39m\u001b[23m","ok":true,"timeElapsed":632,"timestamp":"2025-07-01T14:45:00.737Z"}
{"level":"info","message":"⌛ Building environment","timeElapsed":103,"timestamp":"2025-07-01T14:45:42.471Z"}
{"level":"info","message":"⌛ Validating main.wpgm","timeElapsed":202,"timestamp":"2025-07-01T14:45:42.675Z"}
{"level":"info","message":"⌛ Building environment","timeElapsed":109,"timestamp":"2025-07-01T14:45:43.098Z"}
{"level":"info","message":"⌛ Validating main.wpgm","timeElapsed":249,"timestamp":"2025-07-01T14:45:43.358Z"}
{"level":"info","message":"⌛ Building environment","timeElapsed":110,"timestamp":"2025-07-01T14:45:43.734Z"}
{"level":"info","message":"⌛ Validating main.wpgm","timeElapsed":212,"timestamp":"2025-07-01T14:45:43.961Z"}
{"level":"info","message":"⌛ Building environment","timeElapsed":171,"timestamp":"2025-07-01T14:48:48.539Z"}
{"level":"info","message":"⌛ Validating administradorDeOleadas.wlk","timeElapsed":404,"timestamp":"2025-07-01T14:48:48.985Z"}
{"level":"info","message":"⌛ Building environment","timeElapsed":165,"timestamp":"2025-07-01T14:48:57.573Z"}
{"level":"info","message":"⌛ Validating menu.wlk","timeElapsed":310,"timestamp":"2025-07-01T14:48:57.939Z"}
{"level":"info","message":"⌛ Building environment","timeElapsed":142,"timestamp":"2025-07-01T14:48:58.502Z"}
{"level":"info","message":"⌛ Validating arcaneBastion.wlk","timeElapsed":308,"timestamp":"2025-07-01T14:48:58.833Z"}
{"level":"info","message":"⌛ Building environment","timeElapsed":278,"timestamp":"2025-07-01T14:49:09.988Z"}
{"level":"info","message":"⌛ Validating administradorDeEnemigos.wlk","timeElapsed":347,"timestamp":"2025-07-01T14:49:10.419Z"}
{"level":"info","message":"⌛ Building environment","timeElapsed":123,"timestamp":"2025-07-01T14:49:11.933Z"}
{"level":"info","message":"⌛ Validating bastion.wlk","timeElapsed":261,"timestamp":"2025-07-01T14:49:12.202Z"}
{"level":"info","message":"⌛ Building environment","timeElapsed":169,"timestamp":"2025-07-01T14:49:16.142Z"}
{"level":"info","message":"⌛ Validating administradorDeEnemigos.wlk","timeElapsed":386,"timestamp":"2025-07-01T14:49:16.563Z"}
{"level":"info","message":"⌛ Building environment","timeElapsed":204,"timestamp":"2025-07-01T14:51:03.853Z"}
{"level":"info","message":"⌛ Validating mago.wlk","timeElapsed":225,"timestamp":"2025-07-01T14:51:04.084Z"}
{"level":"info","message":"⌛ Building environment","timeElapsed":123,"timestamp":"2025-07-01T14:51:04.215Z"}
{"level":"info","message":"⌛ Validating mago.wlk","timeElapsed":177,"timestamp":"2025-07-01T14:51:04.438Z"}
{"level":"info","message":"⌛ Building environment","timeElapsed":225,"timestamp":"2025-07-01T14:51:06.254Z"}
{"level":"info","message":"⌛ Validating mago.wlk","timeElapsed":278,"timestamp":"2025-07-01T14:51:06.533Z"}
{"level":"info","message":"⌛ Building environment","timeElapsed":145,"timestamp":"2025-07-01T14:51:19.674Z"}
{"level":"info","message":"⌛ Validating mago.wlk","timeElapsed":262,"timestamp":"2025-07-01T14:51:19.940Z"}
{"level":"info","message":"⌛ Building environment","timeElapsed":117,"timestamp":"2025-07-01T14:51:31.459Z"}
{"level":"info","message":"⌛ Validating mago.wlk","timeElapsed":214,"timestamp":"2025-07-01T14:51:31.676Z"}
{"level":"info","message":"⌛ Building environment","timeElapsed":122,"timestamp":"2025-07-01T14:51:31.799Z"}
{"level":"info","message":"⌛ Building environment","timeElapsed":102,"timestamp":"2025-07-01T14:51:31.902Z"}
{"level":"info","message":"⌛ Validating mago.wlk","timeElapsed":170,"timestamp":"2025-07-01T14:51:32.072Z"}
{"level":"info","message":"⌛ Validating mago.wlk","timeElapsed":166,"timestamp":"2025-07-01T14:51:32.247Z"}
{"level":"info","message":"⌛ Building environment","timeElapsed":118,"timestamp":"2025-07-01T14:51:32.605Z"}
{"level":"info","message":"⌛ Validating mago.wlk","timeElapsed":176,"timestamp":"2025-07-01T14:51:32.782Z"}
{"level":"info","message":"⌛ Building environment","timeElapsed":142,"timestamp":"2025-07-01T14:51:32.976Z"}
{"level":"info","message":"⌛ Building environment","timeElapsed":105,"timestamp":"2025-07-01T14:51:33.082Z"}
{"level":"info","message":"⌛ Validating mago.wlk","timeElapsed":176,"timestamp":"2025-07-01T14:51:33.259Z"}
{"level":"info","message":"⌛ Validating mago.wlk","timeElapsed":184,"timestamp":"2025-07-01T14:51:33.446Z"}
{"level":"info","message":"⌛ Building environment","timeElapsed":126,"timestamp":"2025-07-01T14:51:33.578Z"}
{"level":"info","message":"⌛ Building environment","timeElapsed":150,"timestamp":"2025-07-01T14:51:33.729Z"}
{"level":"info","message":"⌛ Building environment","timeElapsed":252,"timestamp":"2025-07-01T14:51:33.983Z"}
{"level":"info","message":"⌛ Validating mago.wlk","timeElapsed":179,"timestamp":"2025-07-01T14:51:34.163Z"}
{"level":"info","message":"⌛ Building environment","timeElapsed":113,"timestamp":"2025-07-01T14:51:34.281Z"}
{"level":"info","message":"⌛ Validating mago.wlk","timeElapsed":300,"timestamp":"2025-07-01T14:51:34.582Z"}
{"level":"info","message":"⌛ Building environment","timeElapsed":259,"timestamp":"2025-07-01T14:51:34.860Z"}
{"level":"info","message":"⌛ Building environment","timeElapsed":127,"timestamp":"2025-07-01T14:51:34.988Z"}
{"level":"info","message":"⌛ Validating mago.wlk","timeElapsed":196,"timestamp":"2025-07-01T14:51:35.184Z"}
{"level":"info","message":"⌛ Building environment","timeElapsed":122,"timestamp":"2025-07-01T14:51:35.307Z"}
{"level":"info","message":"⌛ Building environment","timeElapsed":105,"timestamp":"2025-07-01T14:51:35.413Z"}
{"level":"info","message":"⌛ Validating mago.wlk","timeElapsed":179,"timestamp":"2025-07-01T14:51:35.592Z"}
{"level":"info","message":"⌛ Building environment","timeElapsed":123,"timestamp":"2025-07-01T14:51:35.716Z"}
{"level":"info","message":"⌛ Building environment","timeElapsed":101,"timestamp":"2025-07-01T14:51:35.817Z"}
{"level":"info","message":"⌛ Building environment","timeElapsed":150,"timestamp":"2025-07-01T14:51:35.983Z"}
{"level":"info","message":"⌛ Building environment","timeElapsed":107,"timestamp":"2025-07-01T14:51:36.091Z"}
{"level":"info","message":"⌛ Building environment","timeElapsed":102,"timestamp":"2025-07-01T14:51:36.193Z"}
{"level":"info","message":"⌛ Building environment","timeElapsed":101,"timestamp":"2025-07-01T14:51:36.393Z"}
{"level":"info","message":"⌛ Validating mago.wlk","timeElapsed":193,"timestamp":"2025-07-01T14:51:36.587Z"}
{"level":"info","message":"⌛ Building environment","timeElapsed":115,"timestamp":"2025-07-01T14:51:36.706Z"}
{"level":"info","message":"⌛ Validating mago.wlk","timeElapsed":148,"timestamp":"2025-07-01T14:51:36.855Z"}
{"level":"info","message":"⌛ Building environment","timeElapsed":103,"timestamp":"2025-07-01T14:51:36.958Z"}
{"level":"info","message":"⌛ Building environment","timeElapsed":143,"timestamp":"2025-07-01T14:51:37.103Z"}
{"level":"info","message":"⌛ Validating mago.wlk","timeElapsed":181,"timestamp":"2025-07-01T14:51:37.286Z"}
{"level":"info","message":"⌛ Building environment","timeElapsed":105,"timestamp":"2025-07-01T14:51:37.392Z"}
{"level":"info","message":"⌛ Validating mago.wlk","timeElapsed":140,"timestamp":"2025-07-01T14:51:37.532Z"}
{"level":"info","message":"⌛ Building environment","timeElapsed":268,"timestamp":"2025-07-01T14:51:37.801Z"}
{"level":"info","message":"⌛ Building environment","timeElapsed":123,"timestamp":"2025-07-01T14:51:37.926Z"}
{"level":"info","message":"⌛ Building environment","timeElapsed":115,"timestamp":"2025-07-01T14:51:38.043Z"}
{"level":"info","message":"⌛ Validating mago.wlk","timeElapsed":172,"timestamp":"2025-07-01T14:51:38.216Z"}
{"level":"info","message":"⌛ Validating mago.wlk","timeElapsed":154,"timestamp":"2025-07-01T14:51:38.371Z"}
{"level":"info","message":"⌛ Validating mago.wlk","timeElapsed":148,"timestamp":"2025-07-01T14:51:38.534Z"}
{"level":"info","message":"⌛ Validating mago.wlk","timeElapsed":167,"timestamp":"2025-07-01T14:51:38.703Z"}
{"level":"info","message":"⌛ Validating mago.wlk","timeElapsed":165,"timestamp":"2025-07-01T14:51:38.869Z"}
{"level":"info","message":"⌛ Validating mago.wlk","timeElapsed":147,"timestamp":"2025-07-01T14:51:39.016Z"}
{"level":"info","message":"⌛ Validating mago.wlk","timeElapsed":155,"timestamp":"2025-07-01T14:51:39.171Z"}
{"level":"info","message":"⌛ Validating mago.wlk","timeElapsed":166,"timestamp":"2025-07-01T14:51:39.337Z"}
{"level":"info","message":"⌛ Validating mago.wlk","timeElapsed":200,"timestamp":"2025-07-01T14:51:39.553Z"}
{"level":"info","message":"⌛ Validating mago.wlk","timeElapsed":263,"timestamp":"2025-07-01T14:51:39.817Z"}
{"level":"info","message":"⌛ Validating mago.wlk","timeElapsed":316,"timestamp":"2025-07-01T14:51:40.141Z"}
{"level":"info","message":"⌛ Validating mago.wlk","timeElapsed":159,"timestamp":"2025-07-01T14:51:40.349Z"}
{"level":"info","message":"⌛ Validating mago.wlk","timeElapsed":150,"timestamp":"2025-07-01T14:51:40.500Z"}
{"level":"info","message":"⌛ Validating mago.wlk","timeElapsed":138,"timestamp":"2025-07-01T14:51:40.639Z"}
{"level":"info","message":"⌛ Building environment","timeElapsed":119,"timestamp":"2025-07-01T14:51:40.858Z"}
{"level":"info","message":"⌛ Validating mago.wlk","timeElapsed":134,"timestamp":"2025-07-01T14:51:41.068Z"}
{"level":"info","message":"⌛ Validating mago.wlk","timeElapsed":139,"timestamp":"2025-07-01T14:51:41.208Z"}
{"level":"info","message":"⌛ Building environment","timeElapsed":137,"timestamp":"2025-07-01T14:52:26.477Z"}
{"level":"info","message":"⌛ Validating mago.wlk","timeElapsed":179,"timestamp":"2025-07-01T14:52:26.658Z"}
{"level":"info","message":"⌛ Building environment","timeElapsed":160,"timestamp":"2025-07-01T14:52:26.818Z"}
{"level":"info","message":"⌛ Building environment","timeElapsed":107,"timestamp":"2025-07-01T14:52:26.925Z"}
{"level":"info","message":"⌛ Validating mago.wlk","timeElapsed":155,"timestamp":"2025-07-01T14:52:27.094Z"}
{"level":"info","message":"⌛ Validating mago.wlk","timeElapsed":180,"timestamp":"2025-07-01T14:52:27.275Z"}
{"level":"info","message":"⌛ Building environment","timeElapsed":133,"timestamp":"2025-07-01T14:52:27.409Z"}
{"level":"info","message":"⌛ Building environment","timeElapsed":117,"timestamp":"2025-07-01T14:52:27.526Z"}
{"level":"info","message":"⌛ Building environment","timeElapsed":220,"timestamp":"2025-07-01T14:52:27.747Z"}
{"level":"info","message":"⌛ Validating mago.wlk","timeElapsed":151,"timestamp":"2025-07-01T14:52:27.899Z"}
{"level":"info","message":"⌛ Validating mago.wlk","timeElapsed":173,"timestamp":"2025-07-01T14:52:28.073Z"}
{"level":"info","message":"⌛ Building environment","timeElapsed":144,"timestamp":"2025-07-01T14:52:28.233Z"}
{"level":"info","message":"⌛ Validating mago.wlk","timeElapsed":222,"timestamp":"2025-07-01T14:52:28.457Z"}
{"level":"info","message":"⌛ Building environment","timeElapsed":189,"timestamp":"2025-07-01T14:52:28.716Z"}
{"level":"info","message":"⌛ Validating mago.wlk","timeElapsed":232,"timestamp":"2025-07-01T14:52:28.949Z"}
{"level":"info","message":"⌛ Validating mago.wlk","timeElapsed":208,"timestamp":"2025-07-01T14:52:29.192Z"}
{"level":"info","message":"⌛ Building environment","timeElapsed":120,"timestamp":"2025-07-01T14:52:31.334Z"}
{"level":"info","message":"⌛ Validating mago.wlk","timeElapsed":168,"timestamp":"2025-07-01T14:52:31.554Z"}
{"errors":{"errors":[null,["/*\r","que podria hacer para que cuando se apriete 1 el mago cambie \r","su tipo de magia a tipoHielo: y dispare y asi con los demas\r"]]},"level":"error","message":"✘ Failed to get type description: Error: {\n  \"errors\": [\n    null,\n    [\n      \"/*\\r\",\n      \"que podria hacer para que cuando se apriete 1 el mago cambie \\r\",\n      \"su tipo de magia a tipoHielo: y dispare y asi con los demas\\r\"\n    ]\n  ]\n} {\n  \"errors\": [\n    null,\n    [\n      \"/*\\r\",\n      \"que podria hacer para que cuando se apriete 1 el mago cambie \\r\",\n      \"su tipo de magia a tipoHielo: y dispare y asi con los demas\\r\"\n    ]\n  ]\n}","stack":"Error: {\n  \"errors\": [\n    null,\n    [\n      \"/*\\r\",\n      \"que podria hacer para que cuando se apriete 1 el mago cambie \\r\",\n      \"su tipo de magia a tipoHielo: y dispare y asi con los demas\\r\"\n    ]\n  ]\n}\n    at pS (c:\\Users\\joaom\\.vscode\\extensions\\uqbar.wollok-lsp-ide-0.5.2\\out\\server\\src\\server.js:64:34609)\n    at G1 (c:\\Users\\joaom\\.vscode\\extensions\\uqbar.wollok-lsp-ide-0.5.2\\out\\server\\src\\server.js:64:34682)\n    at c:\\Users\\joaom\\.vscode\\extensions\\uqbar.wollok-lsp-ide-0.5.2\\out\\server\\src\\server.js:64:37949\n    at o.v1 (c:\\Users\\joaom\\.vscode\\extensions\\uqbar.wollok-lsp-ide-0.5.2\\out\\server\\src\\server.js:57:57694)\n    at c:\\Users\\joaom\\.vscode\\extensions\\uqbar.wollok-lsp-ide-0.5.2\\out\\server\\src\\server.js:64:37918\n    at c:\\Users\\joaom\\.vscode\\extensions\\uqbar.wollok-lsp-ide-0.5.2\\out\\server\\src\\server.js:57:55734\n    at Ofn (c:\\Users\\joaom\\.vscode\\extensions\\uqbar.wollok-lsp-ide-0.5.2\\out\\server\\src\\server.js:68:11324)\n    at c:\\Users\\joaom\\.vscode\\extensions\\uqbar.wollok-lsp-ide-0.5.2\\out\\server\\src\\server.js:68:3629\n    at Array.map (<anonymous>)\n    at c:\\Users\\joaom\\.vscode\\extensions\\uqbar.wollok-lsp-ide-0.5.2\\out\\server\\src\\server.js:68:4693","timestamp":"2025-07-01T14:52:31.626Z"}
{"level":"info","message":"⌛ Building environment","timeElapsed":102,"timestamp":"2025-07-01T14:52:34.122Z"}
{"level":"info","message":"⌛ Validating mago.wlk","timeElapsed":168,"timestamp":"2025-07-01T14:52:34.292Z"}
{"level":"info","message":"⌛ Building environment","timeElapsed":130,"timestamp":"2025-07-01T14:52:34.428Z"}
{"level":"info","message":"⌛ Building environment","timeElapsed":106,"timestamp":"2025-07-01T14:52:34.536Z"}
{"level":"info","message":"⌛ Validating mago.wlk","timeElapsed":210,"timestamp":"2025-07-01T14:52:34.747Z"}
{"level":"info","message":"⌛ Validating mago.wlk","timeElapsed":272,"timestamp":"2025-07-01T14:52:35.018Z"}
{"level":"info","message":"⌛ Building environment","timeElapsed":120,"timestamp":"2025-07-01T14:52:35.139Z"}
{"level":"info","message":"⌛ Building environment","timeElapsed":123,"timestamp":"2025-07-01T14:52:35.275Z"}
{"level":"info","message":"⌛ Building environment","timeElapsed":150,"timestamp":"2025-07-01T14:52:35.426Z"}
{"level":"info","message":"⌛ Building environment","timeElapsed":195,"timestamp":"2025-07-01T14:52:35.623Z"}
{"level":"info","message":"⌛ Validating mago.wlk","timeElapsed":294,"timestamp":"2025-07-01T14:52:35.917Z"}
{"level":"info","message":"⌛ Validating mago.wlk","timeElapsed":157,"timestamp":"2025-07-01T14:52:36.075Z"}
{"level":"info","message":"⌛ Building environment","timeElapsed":134,"timestamp":"2025-07-01T14:52:36.209Z"}
{"level":"info","message":"⌛ Validating mago.wlk","timeElapsed":165,"timestamp":"2025-07-01T14:52:36.375Z"}
{"level":"info","message":"⌛ Validating mago.wlk","timeElapsed":146,"timestamp":"2025-07-01T14:52:36.537Z"}
{"level":"info","message":"⌛ Validating mago.wlk","timeElapsed":158,"timestamp":"2025-07-01T14:52:36.741Z"}
{"errors":{"errors":[null,["/*\r","que podria hacer para que cuando se apriete 1 el mago cambie \r","su tipo de magia a tipoHielo: y dispare y asi con los demas\r"]]},"level":"error","message":"✘ Failed to get type description: Error: {\n  \"errors\": [\n    null,\n    [\n      \"/*\\r\",\n      \"que podria hacer para que cuando se apriete 1 el mago cambie \\r\",\n      \"su tipo de magia a tipoHielo: y dispare y asi con los demas\\r\"\n    ]\n  ]\n} {\n  \"errors\": [\n    null,\n    [\n      \"/*\\r\",\n      \"que podria hacer para que cuando se apriete 1 el mago cambie \\r\",\n      \"su tipo de magia a tipoHielo: y dispare y asi con los demas\\r\"\n    ]\n  ]\n}","stack":"Error: {\n  \"errors\": [\n    null,\n    [\n      \"/*\\r\",\n      \"que podria hacer para que cuando se apriete 1 el mago cambie \\r\",\n      \"su tipo de magia a tipoHielo: y dispare y asi con los demas\\r\"\n    ]\n  ]\n}\n    at pS (c:\\Users\\joaom\\.vscode\\extensions\\uqbar.wollok-lsp-ide-0.5.2\\out\\server\\src\\server.js:64:34609)\n    at G1 (c:\\Users\\joaom\\.vscode\\extensions\\uqbar.wollok-lsp-ide-0.5.2\\out\\server\\src\\server.js:64:34682)\n    at c:\\Users\\joaom\\.vscode\\extensions\\uqbar.wollok-lsp-ide-0.5.2\\out\\server\\src\\server.js:64:37949\n    at o.v1 (c:\\Users\\joaom\\.vscode\\extensions\\uqbar.wollok-lsp-ide-0.5.2\\out\\server\\src\\server.js:57:57694)\n    at c:\\Users\\joaom\\.vscode\\extensions\\uqbar.wollok-lsp-ide-0.5.2\\out\\server\\src\\server.js:64:37918\n    at c:\\Users\\joaom\\.vscode\\extensions\\uqbar.wollok-lsp-ide-0.5.2\\out\\server\\src\\server.js:57:55734\n    at Ofn (c:\\Users\\joaom\\.vscode\\extensions\\uqbar.wollok-lsp-ide-0.5.2\\out\\server\\src\\server.js:68:11324)\n    at c:\\Users\\joaom\\.vscode\\extensions\\uqbar.wollok-lsp-ide-0.5.2\\out\\server\\src\\server.js:68:3629\n    at jbn (c:\\Users\\joaom\\.vscode\\extensions\\uqbar.wollok-lsp-ide-0.5.2\\out\\server\\src\\server.js:68:3396)\n    at c:\\Users\\joaom\\.vscode\\extensions\\uqbar.wollok-lsp-ide-0.5.2\\out\\server\\src\\server.js:2371:847","timestamp":"2025-07-01T14:52:38.412Z"}
{"errors":{"errors":[null,["/*\r","que podria hacer para que cuando se apriete 1 el mago cambie \r","su tipo de magia a tipoHielo: y dispare y asi con los demas\r"]]},"level":"error","message":"✘ Failed to get type description: Error: {\n  \"errors\": [\n    null,\n    [\n      \"/*\\r\",\n      \"que podria hacer para que cuando se apriete 1 el mago cambie \\r\",\n      \"su tipo de magia a tipoHielo: y dispare y asi con los demas\\r\"\n    ]\n  ]\n} {\n  \"errors\": [\n    null,\n    [\n      \"/*\\r\",\n      \"que podria hacer para que cuando se apriete 1 el mago cambie \\r\",\n      \"su tipo de magia a tipoHielo: y dispare y asi con los demas\\r\"\n    ]\n  ]\n}","stack":"Error: {\n  \"errors\": [\n    null,\n    [\n      \"/*\\r\",\n      \"que podria hacer para que cuando se apriete 1 el mago cambie \\r\",\n      \"su tipo de magia a tipoHielo: y dispare y asi con los demas\\r\"\n    ]\n  ]\n}\n    at pS (c:\\Users\\joaom\\.vscode\\extensions\\uqbar.wollok-lsp-ide-0.5.2\\out\\server\\src\\server.js:64:34609)\n    at G1 (c:\\Users\\joaom\\.vscode\\extensions\\uqbar.wollok-lsp-ide-0.5.2\\out\\server\\src\\server.js:64:34682)\n    at c:\\Users\\joaom\\.vscode\\extensions\\uqbar.wollok-lsp-ide-0.5.2\\out\\server\\src\\server.js:64:37949\n    at o.v1 (c:\\Users\\joaom\\.vscode\\extensions\\uqbar.wollok-lsp-ide-0.5.2\\out\\server\\src\\server.js:57:57694)\n    at c:\\Users\\joaom\\.vscode\\extensions\\uqbar.wollok-lsp-ide-0.5.2\\out\\server\\src\\server.js:64:37918\n    at c:\\Users\\joaom\\.vscode\\extensions\\uqbar.wollok-lsp-ide-0.5.2\\out\\server\\src\\server.js:57:55734\n    at Ofn (c:\\Users\\joaom\\.vscode\\extensions\\uqbar.wollok-lsp-ide-0.5.2\\out\\server\\src\\server.js:68:11324)\n    at c:\\Users\\joaom\\.vscode\\extensions\\uqbar.wollok-lsp-ide-0.5.2\\out\\server\\src\\server.js:68:3629\n    at jbn (c:\\Users\\joaom\\.vscode\\extensions\\uqbar.wollok-lsp-ide-0.5.2\\out\\server\\src\\server.js:68:3396)\n    at c:\\Users\\joaom\\.vscode\\extensions\\uqbar.wollok-lsp-ide-0.5.2\\out\\server\\src\\server.js:2371:847","timestamp":"2025-07-01T14:52:40.391Z"}
{"errors":{"errors":[null,["/*\r","que podria hacer para que cuando se apriete 1 el mago cambie \r","su tipo de magia a tipoHielo: y dispare y asi con los demas\r"]]},"level":"error","message":"✘ Failed to get type description: Error: {\n  \"errors\": [\n    null,\n    [\n      \"/*\\r\",\n      \"que podria hacer para que cuando se apriete 1 el mago cambie \\r\",\n      \"su tipo de magia a tipoHielo: y dispare y asi con los demas\\r\"\n    ]\n  ]\n} {\n  \"errors\": [\n    null,\n    [\n      \"/*\\r\",\n      \"que podria hacer para que cuando se apriete 1 el mago cambie \\r\",\n      \"su tipo de magia a tipoHielo: y dispare y asi con los demas\\r\"\n    ]\n  ]\n}","stack":"Error: {\n  \"errors\": [\n    null,\n    [\n      \"/*\\r\",\n      \"que podria hacer para que cuando se apriete 1 el mago cambie \\r\",\n      \"su tipo de magia a tipoHielo: y dispare y asi con los demas\\r\"\n    ]\n  ]\n}\n    at pS (c:\\Users\\joaom\\.vscode\\extensions\\uqbar.wollok-lsp-ide-0.5.2\\out\\server\\src\\server.js:64:34609)\n    at G1 (c:\\Users\\joaom\\.vscode\\extensions\\uqbar.wollok-lsp-ide-0.5.2\\out\\server\\src\\server.js:64:34682)\n    at c:\\Users\\joaom\\.vscode\\extensions\\uqbar.wollok-lsp-ide-0.5.2\\out\\server\\src\\server.js:64:37949\n    at o.v1 (c:\\Users\\joaom\\.vscode\\extensions\\uqbar.wollok-lsp-ide-0.5.2\\out\\server\\src\\server.js:57:57694)\n    at c:\\Users\\joaom\\.vscode\\extensions\\uqbar.wollok-lsp-ide-0.5.2\\out\\server\\src\\server.js:64:37918\n    at c:\\Users\\joaom\\.vscode\\extensions\\uqbar.wollok-lsp-ide-0.5.2\\out\\server\\src\\server.js:57:55734\n    at Ofn (c:\\Users\\joaom\\.vscode\\extensions\\uqbar.wollok-lsp-ide-0.5.2\\out\\server\\src\\server.js:68:11324)\n    at c:\\Users\\joaom\\.vscode\\extensions\\uqbar.wollok-lsp-ide-0.5.2\\out\\server\\src\\server.js:68:3629\n    at jbn (c:\\Users\\joaom\\.vscode\\extensions\\uqbar.wollok-lsp-ide-0.5.2\\out\\server\\src\\server.js:68:3396)\n    at c:\\Users\\joaom\\.vscode\\extensions\\uqbar.wollok-lsp-ide-0.5.2\\out\\server\\src\\server.js:2371:847","timestamp":"2025-07-01T14:52:42.623Z"}
{"errors":{"errors":[null,["/*\r","que podria hacer para que cuando se apriete 1 el mago cambie \r","su tipo de magia a tipoHielo: y dispare y asi con los demas\r"]]},"level":"error","message":"✘ Failed to get type description: Error: {\n  \"errors\": [\n    null,\n    [\n      \"/*\\r\",\n      \"que podria hacer para que cuando se apriete 1 el mago cambie \\r\",\n      \"su tipo de magia a tipoHielo: y dispare y asi con los demas\\r\"\n    ]\n  ]\n} {\n  \"errors\": [\n    null,\n    [\n      \"/*\\r\",\n      \"que podria hacer para que cuando se apriete 1 el mago cambie \\r\",\n      \"su tipo de magia a tipoHielo: y dispare y asi con los demas\\r\"\n    ]\n  ]\n}","stack":"Error: {\n  \"errors\": [\n    null,\n    [\n      \"/*\\r\",\n      \"que podria hacer para que cuando se apriete 1 el mago cambie \\r\",\n      \"su tipo de magia a tipoHielo: y dispare y asi con los demas\\r\"\n    ]\n  ]\n}\n    at pS (c:\\Users\\joaom\\.vscode\\extensions\\uqbar.wollok-lsp-ide-0.5.2\\out\\server\\src\\server.js:64:34609)\n    at G1 (c:\\Users\\joaom\\.vscode\\extensions\\uqbar.wollok-lsp-ide-0.5.2\\out\\server\\src\\server.js:64:34682)\n    at c:\\Users\\joaom\\.vscode\\extensions\\uqbar.wollok-lsp-ide-0.5.2\\out\\server\\src\\server.js:64:37949\n    at o.v1 (c:\\Users\\joaom\\.vscode\\extensions\\uqbar.wollok-lsp-ide-0.5.2\\out\\server\\src\\server.js:57:57694)\n    at c:\\Users\\joaom\\.vscode\\extensions\\uqbar.wollok-lsp-ide-0.5.2\\out\\server\\src\\server.js:64:37918\n    at c:\\Users\\joaom\\.vscode\\extensions\\uqbar.wollok-lsp-ide-0.5.2\\out\\server\\src\\server.js:57:55734\n    at Ofn (c:\\Users\\joaom\\.vscode\\extensions\\uqbar.wollok-lsp-ide-0.5.2\\out\\server\\src\\server.js:68:11324)\n    at c:\\Users\\joaom\\.vscode\\extensions\\uqbar.wollok-lsp-ide-0.5.2\\out\\server\\src\\server.js:68:3629\n    at jbn (c:\\Users\\joaom\\.vscode\\extensions\\uqbar.wollok-lsp-ide-0.5.2\\out\\server\\src\\server.js:68:3396)\n    at c:\\Users\\joaom\\.vscode\\extensions\\uqbar.wollok-lsp-ide-0.5.2\\out\\server\\src\\server.js:2371:847","timestamp":"2025-07-01T14:52:43.968Z"}
{"level":"info","message":"⌛ Building environment","timeElapsed":187,"timestamp":"2025-07-01T14:52:52.424Z"}
{"level":"info","message":"⌛ Validating mago.wlk","timeElapsed":211,"timestamp":"2025-07-01T14:52:52.636Z"}
{"level":"info","message":"⌛ Building environment","timeElapsed":131,"timestamp":"2025-07-01T14:52:52.864Z"}
{"level":"info","message":"⌛ Validating mago.wlk","timeElapsed":175,"timestamp":"2025-07-01T14:52:53.040Z"}
{"level":"info","message":"⌛ Building environment","timeElapsed":128,"timestamp":"2025-07-01T14:53:16.715Z"}
{"level":"info","message":"⌛ Validating mago.wlk","timeElapsed":169,"timestamp":"2025-07-01T14:53:16.886Z"}
{"level":"info","message":"⌛ Building environment","timeElapsed":135,"timestamp":"2025-07-01T14:53:17.026Z"}
{"level":"error","message":"✘ Completions for node NamedArgument ([17:59, 17:64] - mago.wlk) failed: Error: [NamedArgument]{02ab35} at mago.wlk:17 exhausted all cases without a match [NamedArgument]{02ab35} at mago.wlk:17 exhausted all cases without a match","stack":"Error: [NamedArgument]{02ab35} at mago.wlk:17 exhausted all cases without a match\n    at c:\\Users\\joaom\\.vscode\\extensions\\uqbar.wollok-lsp-ide-0.5.2\\out\\server\\src\\server.js:38:6142\n    at C2 (c:\\Users\\joaom\\.vscode\\extensions\\uqbar.wollok-lsp-ide-0.5.2\\out\\server\\src\\server.js:2362:42)\n    at Gh (c:\\Users\\joaom\\.vscode\\extensions\\uqbar.wollok-lsp-ide-0.5.2\\out\\server\\src\\server.js:2362:1092)\n    at l8n (c:\\Users\\joaom\\.vscode\\extensions\\uqbar.wollok-lsp-ide-0.5.2\\out\\server\\src\\server.js:2362:1248)\n    at c:\\Users\\joaom\\.vscode\\extensions\\uqbar.wollok-lsp-ide-0.5.2\\out\\server\\src\\server.js:38:6131\n    at C2 (c:\\Users\\joaom\\.vscode\\extensions\\uqbar.wollok-lsp-ide-0.5.2\\out\\server\\src\\server.js:2362:42)\n    at c:\\Users\\joaom\\.vscode\\extensions\\uqbar.wollok-lsp-ide-0.5.2\\out\\server\\src\\server.js:2362:2988\n    at c:\\Users\\joaom\\.vscode\\extensions\\uqbar.wollok-lsp-ide-0.5.2\\out\\server\\src\\server.js:2371:8440\n    at c:\\Users\\joaom\\.vscode\\extensions\\uqbar.wollok-lsp-ide-0.5.2\\out\\server\\src\\server.js:37:74872\n    at Ye (c:\\Users\\joaom\\.vscode\\extensions\\uqbar.wollok-lsp-ide-0.5.2\\out\\server\\src\\server.js:7:8527)","timestamp":"2025-07-01T14:53:17.122Z"}
{"level":"info","message":"⌛ Building environment","timeElapsed":168,"timestamp":"2025-07-01T14:53:17.292Z"}
{"level":"info","message":"⌛ Validating mago.wlk","timeElapsed":193,"timestamp":"2025-07-01T14:53:17.485Z"}
{"level":"info","message":"⌛ Building environment","timeElapsed":118,"timestamp":"2025-07-01T14:53:17.604Z"}
{"level":"info","message":"⌛ Building environment","timeElapsed":120,"timestamp":"2025-07-01T14:53:17.725Z"}
{"level":"info","message":"⌛ Building environment","timeElapsed":114,"timestamp":"2025-07-01T14:53:17.840Z"}
{"level":"info","message":"⌛ Validating mago.wlk","timeElapsed":155,"timestamp":"2025-07-01T14:53:17.995Z"}
{"level":"info","message":"⌛ Validating mago.wlk","timeElapsed":151,"timestamp":"2025-07-01T14:53:18.259Z"}
{"level":"info","message":"⌛ Validating mago.wlk","timeElapsed":201,"timestamp":"2025-07-01T14:53:18.460Z"}
{"level":"info","message":"⌛ Validating mago.wlk","timeElapsed":155,"timestamp":"2025-07-01T14:53:18.628Z"}
{"level":"info","message":"⌛ Validating mago.wlk","timeElapsed":138,"timestamp":"2025-07-01T14:53:18.768Z"}
{"level":"info","message":"⌛ Building environment","timeElapsed":161,"timestamp":"2025-07-01T14:53:19.804Z"}
{"level":"info","message":"⌛ Validating mago.wlk","timeElapsed":275,"timestamp":"2025-07-01T14:53:20.080Z"}
{"level":"info","message":"⌛ Building environment","timeElapsed":131,"timestamp":"2025-07-01T14:53:40.784Z"}
{"level":"info","message":"⌛ Validating mago.wlk","timeElapsed":186,"timestamp":"2025-07-01T14:53:40.971Z"}
{"level":"error","message":"✘ Failed to get type description: Error: Failed to print, found malformed node Failed to print, found malformed node","node":{"id":"317bb5f7-9672-42be-9f3f-156da7dfb234","metadata":[],"problems":[{"code":"malformedSentence","sourceMap":{"end":{"column":64,"line":17,"offset":545},"start":{"column":32,"line":17,"offset":513}}}],"scope":{"containerScope":{"containerScope":{"containerScope":{"containerScope":{"contributions":{},"includedScopes":[]},"contributions":{},"includedScopes":[{"contributions":{},"includedScopes":[]},{"contributions":{},"includedScopes":[]}]},"contributions":{},"includedScopes":[{"containerScope":{"containerScope":{"contributions":{},"includedScopes":[]},"contributions":{},"includedScopes":[{"contributions":{},"includedScopes":[]},{"contributions":{},"includedScopes":[]},{"contributions":{},"includedScopes":[]},{"contributions":{},"includedScopes":[]},{"contributions":{},"includedScopes":[]},{"contributions":{},"includedScopes":[]},{"contributions":{},"includedScopes":[]},{"contributions":{},"includedScopes":[]}]},"contributions":{},"includedScopes":[{"containerScope":{"containerScope":{"containerScope":{"contributions":{},"includedScopes":[]},"contributions":{},"includedScopes":[]},"contributions":{},"includedScopes":[]},"contributions":{},"includedScopes":[]}]},{"containerScope":{"containerScope":{"containerScope":{"contributions":{},"includedScopes":[]},"contributions":{},"includedScopes":[]},"contributions":{},"includedScopes":[]},"contributions":{},"includedScopes":[]}]},"contributions":{},"includedScopes":[]},"contributions":{},"includedScopes":[]},"sentences":[{"id":"3fd10333-f1c7-4630-a9cf-f005bf0831de","isConstant":false,"metadata":[],"name":"posicionTemporal","scope":{"containerScope":{"containerScope":{"containerScope":{"containerScope":{"containerScope":{"contributions":{},"includedScopes":[]},"contributions":{},"includedScopes":[{"contributions":{},"includedScopes":[]},{"contributions":{},"includedScopes":[]}]},"contributions":{},"includedScopes":[{"containerScope":{"containerScope":{"contributions":{},"includedScopes":[]},"contributions":{},"includedScopes":[{"contributions":{},"includedScopes":[]},{"contributions":{},"includedScopes":[]},{"contributions":{},"includedScopes":[]},{"contributions":{},"includedScopes":[]},{"contributions":{},"includedScopes":[]},{"contributions":{},"includedScopes":[]},{"contributions":{},"includedScopes":[]},{"contributions":{},"includedScopes":[]}]},"contributions":{},"includedScopes":[{"containerScope":{"containerScope":{"containerScope":{"contributions":{},"includedScopes":[]},"contributions":{},"includedScopes":[]},"contributions":{},"includedScopes":[]},"contributions":{},"includedScopes":[]}]},{"containerScope":{"containerScope":{"containerScope":{"contributions":{},"includedScopes":[]},"contributions":{},"includedScopes":[]},"contributions":{},"includedScopes":[]},"contributions":{},"includedScopes":[]}]},"contributions":{},"includedScopes":[]},"contributions":{},"includedScopes":[]},"contributions":{},"includedScopes":[]},"sourceMap":{"end":{"column":31,"line":17,"offset":512},"start":{"column":5,"line":17,"offset":486}},"value":{"id":"30b4f88a-e5b3-4f40-b841-3f01d1bd9a0e","metadata":[],"name":"new","scope":{"containerScope":{"containerScope":{"containerScope":{"containerScope":{"containerScope":{"containerScope":{"contributions":{},"includedScopes":[]},"contributions":{},"includedScopes":[{"contributions":{},"includedScopes":[]},{"contributions":{},"includedScopes":[]}]},"contributions":{},"includedScopes":[{"containerScope":{"containerScope":{"contributions":{},"includedScopes":[]},"contributions":{},"includedScopes":[{"contributions":{},"includedScopes":[]},{"contributions":{},"includedScopes":[]},{"contributions":{},"includedScopes":[]},{"contributions":{},"includedScopes":[]},{"contributions":{},"includedScopes":[]},{"contributions":{},"includedScopes":[]},{"contributions":{},"includedScopes":[]},{"contributions":{},"includedScopes":[]}]},"contributions":{},"includedScopes":[{"containerScope":{"containerScope":{"containerScope":{"contributions":{},"includedScopes":[]},"contributions":{},"includedScopes":[]},"contributions":{},"includedScopes":[]},"contributions":{},"includedScopes":[]}]},{"containerScope":{"containerScope":{"containerScope":{"contributions":{},"includedScopes":[]},"contributions":{},"includedScopes":[]},"contributions":{},"includedScopes":[]},"contributions":{},"includedScopes":[]}]},"contributions":{},"includedScopes":[]},"contributions":{},"includedScopes":[]},"contributions":{},"includedScopes":[]},"contributions":{},"includedScopes":[]},"sourceMap":{"end":{"column":31,"line":17,"offset":512},"start":{"column":28,"line":17,"offset":509}}}},{"args":[{"id":"1df26455-8d46-4910-b663-dee6ad0ade2b","metadata":[],"name":"posicionTemporal","scope":{"containerScope":{"containerScope":{"containerScope":{"containerScope":{"containerScope":{"containerScope":{"contributions":{},"includedScopes":[]},"contributions":{},"includedScopes":[{"contributions":{},"includedScopes":[]},{"contributions":{},"includedScopes":[]}]},"contributions":{},"includedScopes":[{"containerScope":{"containerScope":{"contributions":{},"includedScopes":[]},"contributions":{},"includedScopes":[{"contributions":{},"includedScopes":[]},{"contributions":{},"includedScopes":[]},{"contributions":{},"includedScopes":[]},{"contributions":{},"includedScopes":[]},{"contributions":{},"includedScopes":[]},{"contributions":{},"includedScopes":[]},{"contributions":{},"includedScopes":[]},{"contributions":{},"includedScopes":[]}]},"contributions":{},"includedScopes":[{"containerScope":{"containerScope":{"containerScope":{"contributions":{},"includedScopes":[]},"contributions":{},"includedScopes":[]},"contributions":{},"includedScopes":[]},"contributions":{},"includedScopes":[]}]},{"containerScope":{"containerScope":{"containerScope":{"contributions":{},"includedScopes":[]},"contributions":{},"includedScopes":[]},"contributions":{},"includedScopes":[]},"contributions":{},"includedScopes":[]}]},"contributions":{},"includedScopes":[]},"contributions":{},"includedScopes":[]},"contributions":{},"includedScopes":[]},"contributions":{},"includedScopes":[]},"sourceMap":{"end":{"column":60,"line":18,"offset":606},"start":{"column":44,"line":18,"offset":590}}},{"id":"0f6df1e8-f317-4295-a80e-bc50fd43bc37","metadata":[],"name":"tipoDeMagia","scope":{"containerScope":{"containerScope":{"containerScope":{"containerScope":{"containerScope":{"containerScope":{"contributions":{},"includedScopes":[]},"contributions":{},"includedScopes":[{"contributions":{},"includedScopes":[]},{"contributions":{},"includedScopes":[]}]},"contributions":{},"includedScopes":[{"containerScope":{"containerScope":{"contributions":{},"includedScopes":[]},"contributions":{},"includedScopes":[{"contributions":{},"includedScopes":[]},{"contributions":{},"includedScopes":[]},{"contributions":{},"includedScopes":[]},{"contributions":{},"includedScopes":[]},{"contributions":{},"includedScopes":[]},{"contributions":{},"includedScopes":[]},{"contributions":{},"includedScopes":[]},{"contributions":{},"includedScopes":[]}]},"contributions":{},"includedScopes":[{"containerScope":{"containerScope":{"containerScope":{"contributions":{},"includedScopes":[]},"contributions":{},"includedScopes":[]},"contributions":{},"includedScopes":[]},"contributions":{},"includedScopes":[]}]},{"containerScope":{"containerScope":{"containerScope":{"contributions":{},"includedScopes":[]},"contributions":{},"includedScopes":[]},"contributions":{},"includedScopes":[]},"contributions":{},"includedScopes":[]}]},"contributions":{},"includedScopes":[]},"contributions":{},"includedScopes":[]},"contributions":{},"includedScopes":[]},"contributions":{},"includedScopes":[]},"sourceMap":{"end":{"column":73,"line":18,"offset":619},"start":{"column":62,"line":18,"offset":608}}}],"id":"b4246021-b77e-4c3b-9c95-ed3dc7f67ed6","message":"generarHechizo","metadata":[],"receiver":{"id":"29d16393-dc30-4413-ba40-fab1367cad3c","metadata":[],"name":"administradorDeHechizos","scope":{"containerScope":{"containerScope":{"containerScope":{"containerScope":{"containerScope":{"containerScope":{"contributions":{},"includedScopes":[]},"contributions":{},"includedScopes":[{"contributions":{},"includedScopes":[]},{"contributions":{},"includedScopes":[]}]},"contributions":{},"includedScopes":[{"containerScope":{"containerScope":{"contributions":{},"includedScopes":[]},"contributions":{},"includedScopes":[{"contributions":{},"includedScopes":[]},{"contributions":{},"includedScopes":[]},{"contributions":{},"includedScopes":[]},{"contributions":{},"includedScopes":[]},{"contributions":{},"includedScopes":[]},{"contributions":{},"includedScopes":[]},{"contributions":{},"includedScopes":[]},{"contributions":{},"includedScopes":[]}]},"contributions":{},"includedScopes":[{"containerScope":{"containerScope":{"containerScope":{"contributions":{},"includedScopes":[]},"contributions":{},"includedScopes":[]},"contributions":{},"includedScopes":[]},"contributions":{},"includedScopes":[]}]},{"containerScope":{"containerScope":{"containerScope":{"contributions":{},"includedScopes":[]},"contributions":{},"includedScopes":[]},"contributions":{},"includedScopes":[]},"contributions":{},"includedScopes":[]}]},"contributions":{},"includedScopes":[]},"contributions":{},"includedScopes":[]},"contributions":{},"includedScopes":[]},"contributions":{},"includedScopes":[]},"sourceMap":{"end":{"column":28,"line":18,"offset":574},"start":{"column":5,"line":18,"offset":551}}},"scope":{"containerScope":{"containerScope":{"containerScope":{"containerScope":{"containerScope":{"contributions":{},"includedScopes":[]},"contributions":{},"includedScopes":[{"contributions":{},"includedScopes":[]},{"contributions":{},"includedScopes":[]}]},"contributions":{},"includedScopes":[{"containerScope":{"containerScope":{"contributions":{},"includedScopes":[]},"contributions":{},"includedScopes":[{"contributions":{},"includedScopes":[]},{"contributions":{},"includedScopes":[]},{"contributions":{},"includedScopes":[]},{"contributions":{},"includedScopes":[]},{"contributions":{},"includedScopes":[]},{"contributions":{},"includedScopes":[]},{"contributions":{},"includedScopes":[]},{"contributions":{},"includedScopes":[]}]},"contributions":{},"includedScopes":[{"containerScope":{"containerScope":{"containerScope":{"contributions":{},"includedScopes":[]},"contributions":{},"includedScopes":[]},"contributions":{},"includedScopes":[]},"contributions":{},"includedScopes":[]}]},{"containerScope":{"containerScope":{"containerScope":{"contributions":{},"includedScopes":[]},"contributions":{},"includedScopes":[]},"contributions":{},"includedScopes":[]},"contributions":{},"includedScopes":[]}]},"contributions":{},"includedScopes":[]},"contributions":{},"includedScopes":[]},"contributions":{},"includedScopes":[]},"sourceMap":{"end":{"column":74,"line":18,"offset":620},"start":{"column":5,"line":18,"offset":551}}}],"sourceMap":{"end":{"column":4,"line":19,"offset":625},"start":{"column":25,"line":16,"offset":479}}},"stack":"Error: Failed to print, found malformed node\n    at c:\\Users\\joaom\\.vscode\\extensions\\uqbar.wollok-lsp-ide-0.5.2\\out\\server\\src\\server.js:68:3585\n    at c:\\Users\\joaom\\.vscode\\extensions\\uqbar.wollok-lsp-ide-0.5.2\\out\\server\\src\\server.js:68:5370\n    at c:\\Users\\joaom\\.vscode\\extensions\\uqbar.wollok-lsp-ide-0.5.2\\out\\server\\src\\server.js:38:6131\n    at c:\\Users\\joaom\\.vscode\\extensions\\uqbar.wollok-lsp-ide-0.5.2\\out\\server\\src\\server.js:68:3664\n    at jbn (c:\\Users\\joaom\\.vscode\\extensions\\uqbar.wollok-lsp-ide-0.5.2\\out\\server\\src\\server.js:68:3396)\n    at c:\\Users\\joaom\\.vscode\\extensions\\uqbar.wollok-lsp-ide-0.5.2\\out\\server\\src\\server.js:2371:847\n    at c:\\Users\\joaom\\.vscode\\extensions\\uqbar.wollok-lsp-ide-0.5.2\\out\\server\\src\\server.js:2371:8440\n    at c:\\Users\\joaom\\.vscode\\extensions\\uqbar.wollok-lsp-ide-0.5.2\\out\\server\\src\\server.js:37:74770\n    at Ye (c:\\Users\\joaom\\.vscode\\extensions\\uqbar.wollok-lsp-ide-0.5.2\\out\\server\\src\\server.js:7:8527)\n    at Dt (c:\\Users\\joaom\\.vscode\\extensions\\uqbar.wollok-lsp-ide-0.5.2\\out\\server\\src\\server.js:7:6189)","timestamp":"2025-07-01T14:53:43.167Z"}
{"level":"error","message":"✘ Failed to get type description: Error: Failed to print, found malformed node Failed to print, found malformed node","node":{"id":"317bb5f7-9672-42be-9f3f-156da7dfb234","metadata":[],"problems":[{"code":"malformedSentence","sourceMap":{"end":{"column":64,"line":17,"offset":545},"start":{"column":32,"line":17,"offset":513}}}],"scope":{"containerScope":{"containerScope":{"containerScope":{"containerScope":{"contributions":{},"includedScopes":[]},"contributions":{},"includedScopes":[{"contributions":{},"includedScopes":[]},{"contributions":{},"includedScopes":[]}]},"contributions":{},"includedScopes":[{"containerScope":{"containerScope":{"contributions":{},"includedScopes":[]},"contributions":{},"includedScopes":[{"contributions":{},"includedScopes":[]},{"contributions":{},"includedScopes":[]},{"contributions":{},"includedScopes":[]},{"contributions":{},"includedScopes":[]},{"contributions":{},"includedScopes":[]},{"contributions":{},"includedScopes":[]},{"contributions":{},"includedScopes":[]},{"contributions":{},"includedScopes":[]}]},"contributions":{},"includedScopes":[{"containerScope":{"containerScope":{"containerScope":{"contributions":{},"includedScopes":[]},"contributions":{},"includedScopes":[]},"contributions":{},"includedScopes":[]},"contributions":{},"includedScopes":[]}]},{"containerScope":{"containerScope":{"containerScope":{"contributions":{},"includedScopes":[]},"contributions":{},"includedScopes":[]},"contributions":{},"includedScopes":[]},"contributions":{},"includedScopes":[]}]},"contributions":{},"includedScopes":[]},"contributions":{},"includedScopes":[]},"sentences":[{"id":"3fd10333-f1c7-4630-a9cf-f005bf0831de","isConstant":false,"metadata":[],"name":"posicionTemporal","scope":{"containerScope":{"containerScope":{"containerScope":{"containerScope":{"containerScope":{"contributions":{},"includedScopes":[]},"contributions":{},"includedScopes":[{"contributions":{},"includedScopes":[]},{"contributions":{},"includedScopes":[]}]},"contributions":{},"includedScopes":[{"containerScope":{"containerScope":{"contributions":{},"includedScopes":[]},"contributions":{},"includedScopes":[{"contributions":{},"includedScopes":[]},{"contributions":{},"includedScopes":[]},{"contributions":{},"includedScopes":[]},{"contributions":{},"includedScopes":[]},{"contributions":{},"includedScopes":[]},{"contributions":{},"includedScopes":[]},{"contributions":{},"includedScopes":[]},{"contributions":{},"includedScopes":[]}]},"contributions":{},"includedScopes":[{"containerScope":{"containerScope":{"containerScope":{"contributions":{},"includedScopes":[]},"contributions":{},"includedScopes":[]},"contributions":{},"includedScopes":[]},"contributions":{},"includedScopes":[]}]},{"containerScope":{"containerScope":{"containerScope":{"contributions":{},"includedScopes":[]},"contributions":{},"includedScopes":[]},"contributions":{},"includedScopes":[]},"contributions":{},"includedScopes":[]}]},"contributions":{},"includedScopes":[]},"contributions":{},"includedScopes":[]},"contributions":{},"includedScopes":[]},"sourceMap":{"end":{"column":31,"line":17,"offset":512},"start":{"column":5,"line":17,"offset":486}},"value":{"id":"30b4f88a-e5b3-4f40-b841-3f01d1bd9a0e","metadata":[],"name":"new","scope":{"containerScope":{"containerScope":{"containerScope":{"containerScope":{"containerScope":{"containerScope":{"contributions":{},"includedScopes":[]},"contributions":{},"includedScopes":[{"contributions":{},"includedScopes":[]},{"contributions":{},"includedScopes":[]}]},"contributions":{},"includedScopes":[{"containerScope":{"containerScope":{"contributions":{},"includedScopes":[]},"contributions":{},"includedScopes":[{"contributions":{},"includedScopes":[]},{"contributions":{},"includedScopes":[]},{"contributions":{},"includedScopes":[]},{"contributions":{},"includedScopes":[]},{"contributions":{},"includedScopes":[]},{"contributions":{},"includedScopes":[]},{"contributions":{},"includedScopes":[]},{"contributions":{},"includedScopes":[]}]},"contributions":{},"includedScopes":[{"containerScope":{"containerScope":{"containerScope":{"contributions":{},"includedScopes":[]},"contributions":{},"includedScopes":[]},"contributions":{},"includedScopes":[]},"contributions":{},"includedScopes":[]}]},{"containerScope":{"containerScope":{"containerScope":{"contributions":{},"includedScopes":[]},"contributions":{},"includedScopes":[]},"contributions":{},"includedScopes":[]},"contributions":{},"includedScopes":[]}]},"contributions":{},"includedScopes":[]},"contributions":{},"includedScopes":[]},"contributions":{},"includedScopes":[]},"contributions":{},"includedScopes":[]},"sourceMap":{"end":{"column":31,"line":17,"offset":512},"start":{"column":28,"line":17,"offset":509}}}},{"args":[{"id":"1df26455-8d46-4910-b663-dee6ad0ade2b","metadata":[],"name":"posicionTemporal","scope":{"containerScope":{"containerScope":{"containerScope":{"containerScope":{"containerScope":{"containerScope":{"contributions":{},"includedScopes":[]},"contributions":{},"includedScopes":[{"contributions":{},"includedScopes":[]},{"contributions":{},"includedScopes":[]}]},"contributions":{},"includedScopes":[{"containerScope":{"containerScope":{"contributions":{},"includedScopes":[]},"contributions":{},"includedScopes":[{"contributions":{},"includedScopes":[]},{"contributions":{},"includedScopes":[]},{"contributions":{},"includedScopes":[]},{"contributions":{},"includedScopes":[]},{"contributions":{},"includedScopes":[]},{"contributions":{},"includedScopes":[]},{"contributions":{},"includedScopes":[]},{"contributions":{},"includedScopes":[]}]},"contributions":{},"includedScopes":[{"containerScope":{"containerScope":{"containerScope":{"contributions":{},"includedScopes":[]},"contributions":{},"includedScopes":[]},"contributions":{},"includedScopes":[]},"contributions":{},"includedScopes":[]}]},{"containerScope":{"containerScope":{"containerScope":{"contributions":{},"includedScopes":[]},"contributions":{},"includedScopes":[]},"contributions":{},"includedScopes":[]},"contributions":{},"includedScopes":[]}]},"contributions":{},"includedScopes":[]},"contributions":{},"includedScopes":[]},"contributions":{},"includedScopes":[]},"contributions":{},"includedScopes":[]},"sourceMap":{"end":{"column":60,"line":18,"offset":606},"start":{"column":44,"line":18,"offset":590}}},{"id":"0f6df1e8-f317-4295-a80e-bc50fd43bc37","metadata":[],"name":"tipoDeMagia","scope":{"containerScope":{"containerScope":{"containerScope":{"containerScope":{"containerScope":{"containerScope":{"contributions":{},"includedScopes":[]},"contributions":{},"includedScopes":[{"contributions":{},"includedScopes":[]},{"contributions":{},"includedScopes":[]}]},"contributions":{},"includedScopes":[{"containerScope":{"containerScope":{"contributions":{},"includedScopes":[]},"contributions":{},"includedScopes":[{"contributions":{},"includedScopes":[]},{"contributions":{},"includedScopes":[]},{"contributions":{},"includedScopes":[]},{"contributions":{},"includedScopes":[]},{"contributions":{},"includedScopes":[]},{"contributions":{},"includedScopes":[]},{"contributions":{},"includedScopes":[]},{"contributions":{},"includedScopes":[]}]},"contributions":{},"includedScopes":[{"containerScope":{"containerScope":{"containerScope":{"contributions":{},"includedScopes":[]},"contributions":{},"includedScopes":[]},"contributions":{},"includedScopes":[]},"contributions":{},"includedScopes":[]}]},{"containerScope":{"containerScope":{"containerScope":{"contributions":{},"includedScopes":[]},"contributions":{},"includedScopes":[]},"contributions":{},"includedScopes":[]},"contributions":{},"includedScopes":[]}]},"contributions":{},"includedScopes":[]},"contributions":{},"includedScopes":[]},"contributions":{},"includedScopes":[]},"contributions":{},"includedScopes":[]},"sourceMap":{"end":{"column":73,"line":18,"offset":619},"start":{"column":62,"line":18,"offset":608}}}],"id":"b4246021-b77e-4c3b-9c95-ed3dc7f67ed6","message":"generarHechizo","metadata":[],"receiver":{"id":"29d16393-dc30-4413-ba40-fab1367cad3c","metadata":[],"name":"administradorDeHechizos","scope":{"containerScope":{"containerScope":{"containerScope":{"containerScope":{"containerScope":{"containerScope":{"contributions":{},"includedScopes":[]},"contributions":{},"includedScopes":[{"contributions":{},"includedScopes":[]},{"contributions":{},"includedScopes":[]}]},"contributions":{},"includedScopes":[{"containerScope":{"containerScope":{"contributions":{},"includedScopes":[]},"contributions":{},"includedScopes":[{"contributions":{},"includedScopes":[]},{"contributions":{},"includedScopes":[]},{"contributions":{},"includedScopes":[]},{"contributions":{},"includedScopes":[]},{"contributions":{},"includedScopes":[]},{"contributions":{},"includedScopes":[]},{"contributions":{},"includedScopes":[]},{"contributions":{},"includedScopes":[]}]},"contributions":{},"includedScopes":[{"containerScope":{"containerScope":{"containerScope":{"contributions":{},"includedScopes":[]},"contributions":{},"includedScopes":[]},"contributions":{},"includedScopes":[]},"contributions":{},"includedScopes":[]}]},{"containerScope":{"containerScope":{"containerScope":{"contributions":{},"includedScopes":[]},"contributions":{},"includedScopes":[]},"contributions":{},"includedScopes":[]},"contributions":{},"includedScopes":[]}]},"contributions":{},"includedScopes":[]},"contributions":{},"includedScopes":[]},"contributions":{},"includedScopes":[]},"contributions":{},"includedScopes":[]},"sourceMap":{"end":{"column":28,"line":18,"offset":574},"start":{"column":5,"line":18,"offset":551}}},"scope":{"containerScope":{"containerScope":{"containerScope":{"containerScope":{"containerScope":{"contributions":{},"includedScopes":[]},"contributions":{},"includedScopes":[{"contributions":{},"includedScopes":[]},{"contributions":{},"includedScopes":[]}]},"contributions":{},"includedScopes":[{"containerScope":{"containerScope":{"contributions":{},"includedScopes":[]},"contributions":{},"includedScopes":[{"contributions":{},"includedScopes":[]},{"contributions":{},"includedScopes":[]},{"contributions":{},"includedScopes":[]},{"contributions":{},"includedScopes":[]},{"contributions":{},"includedScopes":[]},{"contributions":{},"includedScopes":[]},{"contributions":{},"includedScopes":[]},{"contributions":{},"includedScopes":[]}]},"contributions":{},"includedScopes":[{"containerScope":{"containerScope":{"containerScope":{"contributions":{},"includedScopes":[]},"contributions":{},"includedScopes":[]},"contributions":{},"includedScopes":[]},"contributions":{},"includedScopes":[]}]},{"containerScope":{"containerScope":{"containerScope":{"contributions":{},"includedScopes":[]},"contributions":{},"includedScopes":[]},"contributions":{},"includedScopes":[]},"contributions":{},"includedScopes":[]}]},"contributions":{},"includedScopes":[]},"contributions":{},"includedScopes":[]},"contributions":{},"includedScopes":[]},"sourceMap":{"end":{"column":74,"line":18,"offset":620},"start":{"column":5,"line":18,"offset":551}}}],"sourceMap":{"end":{"column":4,"line":19,"offset":625},"start":{"column":25,"line":16,"offset":479}}},"stack":"Error: Failed to print, found malformed node\n    at c:\\Users\\joaom\\.vscode\\extensions\\uqbar.wollok-lsp-ide-0.5.2\\out\\server\\src\\server.js:68:3585\n    at c:\\Users\\joaom\\.vscode\\extensions\\uqbar.wollok-lsp-ide-0.5.2\\out\\server\\src\\server.js:68:5370\n    at c:\\Users\\joaom\\.vscode\\extensions\\uqbar.wollok-lsp-ide-0.5.2\\out\\server\\src\\server.js:38:6131\n    at c:\\Users\\joaom\\.vscode\\extensions\\uqbar.wollok-lsp-ide-0.5.2\\out\\server\\src\\server.js:68:3664\n    at jbn (c:\\Users\\joaom\\.vscode\\extensions\\uqbar.wollok-lsp-ide-0.5.2\\out\\server\\src\\server.js:68:3396)\n    at c:\\Users\\joaom\\.vscode\\extensions\\uqbar.wollok-lsp-ide-0.5.2\\out\\server\\src\\server.js:2371:847\n    at c:\\Users\\joaom\\.vscode\\extensions\\uqbar.wollok-lsp-ide-0.5.2\\out\\server\\src\\server.js:2371:8440\n    at c:\\Users\\joaom\\.vscode\\extensions\\uqbar.wollok-lsp-ide-0.5.2\\out\\server\\src\\server.js:37:74770\n    at Ye (c:\\Users\\joaom\\.vscode\\extensions\\uqbar.wollok-lsp-ide-0.5.2\\out\\server\\src\\server.js:7:8527)\n    at Dt (c:\\Users\\joaom\\.vscode\\extensions\\uqbar.wollok-lsp-ide-0.5.2\\out\\server\\src\\server.js:7:6189)","timestamp":"2025-07-01T14:53:43.456Z"}
{"level":"error","message":"✘ Failed to get type description: Error: Failed to print, found malformed node Failed to print, found malformed node","node":{"id":"317bb5f7-9672-42be-9f3f-156da7dfb234","metadata":[],"problems":[{"code":"malformedSentence","sourceMap":{"end":{"column":64,"line":17,"offset":545},"start":{"column":32,"line":17,"offset":513}}}],"scope":{"containerScope":{"containerScope":{"containerScope":{"containerScope":{"contributions":{},"includedScopes":[]},"contributions":{},"includedScopes":[{"contributions":{},"includedScopes":[]},{"contributions":{},"includedScopes":[]}]},"contributions":{},"includedScopes":[{"containerScope":{"containerScope":{"contributions":{},"includedScopes":[]},"contributions":{},"includedScopes":[{"contributions":{},"includedScopes":[]},{"contributions":{},"includedScopes":[]},{"contributions":{},"includedScopes":[]},{"contributions":{},"includedScopes":[]},{"contributions":{},"includedScopes":[]},{"contributions":{},"includedScopes":[]},{"contributions":{},"includedScopes":[]},{"contributions":{},"includedScopes":[]}]},"contributions":{},"includedScopes":[{"containerScope":{"containerScope":{"containerScope":{"contributions":{},"includedScopes":[]},"contributions":{},"includedScopes":[]},"contributions":{},"includedScopes":[]},"contributions":{},"includedScopes":[]}]},{"containerScope":{"containerScope":{"containerScope":{"contributions":{},"includedScopes":[]},"contributions":{},"includedScopes":[]},"contributions":{},"includedScopes":[]},"contributions":{},"includedScopes":[]}]},"contributions":{},"includedScopes":[]},"contributions":{},"includedScopes":[]},"sentences":[{"id":"3fd10333-f1c7-4630-a9cf-f005bf0831de","isConstant":false,"metadata":[],"name":"posicionTemporal","scope":{"containerScope":{"containerScope":{"containerScope":{"containerScope":{"containerScope":{"contributions":{},"includedScopes":[]},"contributions":{},"includedScopes":[{"contributions":{},"includedScopes":[]},{"contributions":{},"includedScopes":[]}]},"contributions":{},"includedScopes":[{"containerScope":{"containerScope":{"contributions":{},"includedScopes":[]},"contributions":{},"includedScopes":[{"contributions":{},"includedScopes":[]},{"contributions":{},"includedScopes":[]},{"contributions":{},"includedScopes":[]},{"contributions":{},"includedScopes":[]},{"contributions":{},"includedScopes":[]},{"contributions":{},"includedScopes":[]},{"contributions":{},"includedScopes":[]},{"contributions":{},"includedScopes":[]}]},"contributions":{},"includedScopes":[{"containerScope":{"containerScope":{"containerScope":{"contributions":{},"includedScopes":[]},"contributions":{},"includedScopes":[]},"contributions":{},"includedScopes":[]},"contributions":{},"includedScopes":[]}]},{"containerScope":{"containerScope":{"containerScope":{"contributions":{},"includedScopes":[]},"contributions":{},"includedScopes":[]},"contributions":{},"includedScopes":[]},"contributions":{},"includedScopes":[]}]},"contributions":{},"includedScopes":[]},"contributions":{},"includedScopes":[]},"contributions":{},"includedScopes":[]},"sourceMap":{"end":{"column":31,"line":17,"offset":512},"start":{"column":5,"line":17,"offset":486}},"value":{"id":"30b4f88a-e5b3-4f40-b841-3f01d1bd9a0e","metadata":[],"name":"new","scope":{"containerScope":{"containerScope":{"containerScope":{"containerScope":{"containerScope":{"containerScope":{"contributions":{},"includedScopes":[]},"contributions":{},"includedScopes":[{"contributions":{},"includedScopes":[]},{"contributions":{},"includedScopes":[]}]},"contributions":{},"includedScopes":[{"containerScope":{"containerScope":{"contributions":{},"includedScopes":[]},"contributions":{},"includedScopes":[{"contributions":{},"includedScopes":[]},{"contributions":{},"includedScopes":[]},{"contributions":{},"includedScopes":[]},{"contributions":{},"includedScopes":[]},{"contributions":{},"includedScopes":[]},{"contributions":{},"includedScopes":[]},{"contributions":{},"includedScopes":[]},{"contributions":{},"includedScopes":[]}]},"contributions":{},"includedScopes":[{"containerScope":{"containerScope":{"containerScope":{"contributions":{},"includedScopes":[]},"contributions":{},"includedScopes":[]},"contributions":{},"includedScopes":[]},"contributions":{},"includedScopes":[]}]},{"containerScope":{"containerScope":{"containerScope":{"contributions":{},"includedScopes":[]},"contributions":{},"includedScopes":[]},"contributions":{},"includedScopes":[]},"contributions":{},"includedScopes":[]}]},"contributions":{},"includedScopes":[]},"contributions":{},"includedScopes":[]},"contributions":{},"includedScopes":[]},"contributions":{},"includedScopes":[]},"sourceMap":{"end":{"column":31,"line":17,"offset":512},"start":{"column":28,"line":17,"offset":509}}}},{"args":[{"id":"1df26455-8d46-4910-b663-dee6ad0ade2b","metadata":[],"name":"posicionTemporal","scope":{"containerScope":{"containerScope":{"containerScope":{"containerScope":{"containerScope":{"containerScope":{"contributions":{},"includedScopes":[]},"contributions":{},"includedScopes":[{"contributions":{},"includedScopes":[]},{"contributions":{},"includedScopes":[]}]},"contributions":{},"includedScopes":[{"containerScope":{"containerScope":{"contributions":{},"includedScopes":[]},"contributions":{},"includedScopes":[{"contributions":{},"includedScopes":[]},{"contributions":{},"includedScopes":[]},{"contributions":{},"includedScopes":[]},{"contributions":{},"includedScopes":[]},{"contributions":{},"includedScopes":[]},{"contributions":{},"includedScopes":[]},{"contributions":{},"includedScopes":[]},{"contributions":{},"includedScopes":[]}]},"contributions":{},"includedScopes":[{"containerScope":{"containerScope":{"containerScope":{"contributions":{},"includedScopes":[]},"contributions":{},"includedScopes":[]},"contributions":{},"includedScopes":[]},"contributions":{},"includedScopes":[]}]},{"containerScope":{"containerScope":{"containerScope":{"contributions":{},"includedScopes":[]},"contributions":{},"includedScopes":[]},"contributions":{},"includedScopes":[]},"contributions":{},"includedScopes":[]}]},"contributions":{},"includedScopes":[]},"contributions":{},"includedScopes":[]},"contributions":{},"includedScopes":[]},"contributions":{},"includedScopes":[]},"sourceMap":{"end":{"column":60,"line":18,"offset":606},"start":{"column":44,"line":18,"offset":590}}},{"id":"0f6df1e8-f317-4295-a80e-bc50fd43bc37","metadata":[],"name":"tipoDeMagia","scope":{"containerScope":{"containerScope":{"containerScope":{"containerScope":{"containerScope":{"containerScope":{"contributions":{},"includedScopes":[]},"contributions":{},"includedScopes":[{"contributions":{},"includedScopes":[]},{"contributions":{},"includedScopes":[]}]},"contributions":{},"includedScopes":[{"containerScope":{"containerScope":{"contributions":{},"includedScopes":[]},"contributions":{},"includedScopes":[{"contributions":{},"includedScopes":[]},{"contributions":{},"includedScopes":[]},{"contributions":{},"includedScopes":[]},{"contributions":{},"includedScopes":[]},{"contributions":{},"includedScopes":[]},{"contributions":{},"includedScopes":[]},{"contributions":{},"includedScopes":[]},{"contributions":{},"includedScopes":[]}]},"contributions":{},"includedScopes":[{"containerScope":{"containerScope":{"containerScope":{"contributions":{},"includedScopes":[]},"contributions":{},"includedScopes":[]},"contributions":{},"includedScopes":[]},"contributions":{},"includedScopes":[]}]},{"containerScope":{"containerScope":{"containerScope":{"contributions":{},"includedScopes":[]},"contributions":{},"includedScopes":[]},"contributions":{},"includedScopes":[]},"contributions":{},"includedScopes":[]}]},"contributions":{},"includedScopes":[]},"contributions":{},"includedScopes":[]},"contributions":{},"includedScopes":[]},"contributions":{},"includedScopes":[]},"sourceMap":{"end":{"column":73,"line":18,"offset":619},"start":{"column":62,"line":18,"offset":608}}}],"id":"b4246021-b77e-4c3b-9c95-ed3dc7f67ed6","message":"generarHechizo","metadata":[],"receiver":{"id":"29d16393-dc30-4413-ba40-fab1367cad3c","metadata":[],"name":"administradorDeHechizos","scope":{"containerScope":{"containerScope":{"containerScope":{"containerScope":{"containerScope":{"containerScope":{"contributions":{},"includedScopes":[]},"contributions":{},"includedScopes":[{"contributions":{},"includedScopes":[]},{"contributions":{},"includedScopes":[]}]},"contributions":{},"includedScopes":[{"containerScope":{"containerScope":{"contributions":{},"includedScopes":[]},"contributions":{},"includedScopes":[{"contributions":{},"includedScopes":[]},{"contributions":{},"includedScopes":[]},{"contributions":{},"includedScopes":[]},{"contributions":{},"includedScopes":[]},{"contributions":{},"includedScopes":[]},{"contributions":{},"includedScopes":[]},{"contributions":{},"includedScopes":[]},{"contributions":{},"includedScopes":[]}]},"contributions":{},"includedScopes":[{"containerScope":{"containerScope":{"containerScope":{"contributions":{},"includedScopes":[]},"contributions":{},"includedScopes":[]},"contributions":{},"includedScopes":[]},"contributions":{},"includedScopes":[]}]},{"containerScope":{"containerScope":{"containerScope":{"contributions":{},"includedScopes":[]},"contributions":{},"includedScopes":[]},"contributions":{},"includedScopes":[]},"contributions":{},"includedScopes":[]}]},"contributions":{},"includedScopes":[]},"contributions":{},"includedScopes":[]},"contributions":{},"includedScopes":[]},"contributions":{},"includedScopes":[]},"sourceMap":{"end":{"column":28,"line":18,"offset":574},"start":{"column":5,"line":18,"offset":551}}},"scope":{"containerScope":{"containerScope":{"containerScope":{"containerScope":{"containerScope":{"contributions":{},"includedScopes":[]},"contributions":{},"includedScopes":[{"contributions":{},"includedScopes":[]},{"contributions":{},"includedScopes":[]}]},"contributions":{},"includedScopes":[{"containerScope":{"containerScope":{"contributions":{},"includedScopes":[]},"contributions":{},"includedScopes":[{"contributions":{},"includedScopes":[]},{"contributions":{},"includedScopes":[]},{"contributions":{},"includedScopes":[]},{"contributions":{},"includedScopes":[]},{"contributions":{},"includedScopes":[]},{"contributions":{},"includedScopes":[]},{"contributions":{},"includedScopes":[]},{"contributions":{},"includedScopes":[]}]},"contributions":{},"includedScopes":[{"containerScope":{"containerScope":{"containerScope":{"contributions":{},"includedScopes":[]},"contributions":{},"includedScopes":[]},"contributions":{},"includedScopes":[]},"contributions":{},"includedScopes":[]}]},{"containerScope":{"containerScope":{"containerScope":{"contributions":{},"includedScopes":[]},"contributions":{},"includedScopes":[]},"contributions":{},"includedScopes":[]},"contributions":{},"includedScopes":[]}]},"contributions":{},"includedScopes":[]},"contributions":{},"includedScopes":[]},"contributions":{},"includedScopes":[]},"sourceMap":{"end":{"column":74,"line":18,"offset":620},"start":{"column":5,"line":18,"offset":551}}}],"sourceMap":{"end":{"column":4,"line":19,"offset":625},"start":{"column":25,"line":16,"offset":479}}},"stack":"Error: Failed to print, found malformed node\n    at c:\\Users\\joaom\\.vscode\\extensions\\uqbar.wollok-lsp-ide-0.5.2\\out\\server\\src\\server.js:68:3585\n    at c:\\Users\\joaom\\.vscode\\extensions\\uqbar.wollok-lsp-ide-0.5.2\\out\\server\\src\\server.js:68:5370\n    at c:\\Users\\joaom\\.vscode\\extensions\\uqbar.wollok-lsp-ide-0.5.2\\out\\server\\src\\server.js:38:6131\n    at c:\\Users\\joaom\\.vscode\\extensions\\uqbar.wollok-lsp-ide-0.5.2\\out\\server\\src\\server.js:68:3664\n    at jbn (c:\\Users\\joaom\\.vscode\\extensions\\uqbar.wollok-lsp-ide-0.5.2\\out\\server\\src\\server.js:68:3396)\n    at c:\\Users\\joaom\\.vscode\\extensions\\uqbar.wollok-lsp-ide-0.5.2\\out\\server\\src\\server.js:2371:847\n    at c:\\Users\\joaom\\.vscode\\extensions\\uqbar.wollok-lsp-ide-0.5.2\\out\\server\\src\\server.js:2371:8440\n    at c:\\Users\\joaom\\.vscode\\extensions\\uqbar.wollok-lsp-ide-0.5.2\\out\\server\\src\\server.js:37:74770\n    at Ye (c:\\Users\\joaom\\.vscode\\extensions\\uqbar.wollok-lsp-ide-0.5.2\\out\\server\\src\\server.js:7:8527)\n    at Dt (c:\\Users\\joaom\\.vscode\\extensions\\uqbar.wollok-lsp-ide-0.5.2\\out\\server\\src\\server.js:7:6189)","timestamp":"2025-07-01T14:53:47.511Z"}
{"level":"error","message":"✘ Failed to get type description: Error: Failed to print, found malformed node Failed to print, found malformed node","node":{"id":"317bb5f7-9672-42be-9f3f-156da7dfb234","metadata":[],"problems":[{"code":"malformedSentence","sourceMap":{"end":{"column":64,"line":17,"offset":545},"start":{"column":32,"line":17,"offset":513}}}],"scope":{"containerScope":{"containerScope":{"containerScope":{"containerScope":{"contributions":{},"includedScopes":[]},"contributions":{},"includedScopes":[{"contributions":{},"includedScopes":[]},{"contributions":{},"includedScopes":[]}]},"contributions":{},"includedScopes":[{"containerScope":{"containerScope":{"contributions":{},"includedScopes":[]},"contributions":{},"includedScopes":[{"contributions":{},"includedScopes":[]},{"contributions":{},"includedScopes":[]},{"contributions":{},"includedScopes":[]},{"contributions":{},"includedScopes":[]},{"contributions":{},"includedScopes":[]},{"contributions":{},"includedScopes":[]},{"contributions":{},"includedScopes":[]},{"contributions":{},"includedScopes":[]}]},"contributions":{},"includedScopes":[{"containerScope":{"containerScope":{"containerScope":{"contributions":{},"includedScopes":[]},"contributions":{},"includedScopes":[]},"contributions":{},"includedScopes":[]},"contributions":{},"includedScopes":[]}]},{"containerScope":{"containerScope":{"containerScope":{"contributions":{},"includedScopes":[]},"contributions":{},"includedScopes":[]},"contributions":{},"includedScopes":[]},"contributions":{},"includedScopes":[]}]},"contributions":{},"includedScopes":[]},"contributions":{},"includedScopes":[]},"sentences":[{"id":"3fd10333-f1c7-4630-a9cf-f005bf0831de","isConstant":false,"metadata":[],"name":"posicionTemporal","scope":{"containerScope":{"containerScope":{"containerScope":{"containerScope":{"containerScope":{"contributions":{},"includedScopes":[]},"contributions":{},"includedScopes":[{"contributions":{},"includedScopes":[]},{"contributions":{},"includedScopes":[]}]},"contributions":{},"includedScopes":[{"containerScope":{"containerScope":{"contributions":{},"includedScopes":[]},"contributions":{},"includedScopes":[{"contributions":{},"includedScopes":[]},{"contributions":{},"includedScopes":[]},{"contributions":{},"includedScopes":[]},{"contributions":{},"includedScopes":[]},{"contributions":{},"includedScopes":[]},{"contributions":{},"includedScopes":[]},{"contributions":{},"includedScopes":[]},{"contributions":{},"includedScopes":[]}]},"contributions":{},"includedScopes":[{"containerScope":{"containerScope":{"containerScope":{"contributions":{},"includedScopes":[]},"contributions":{},"includedScopes":[]},"contributions":{},"includedScopes":[]},"contributions":{},"includedScopes":[]}]},{"containerScope":{"containerScope":{"containerScope":{"contributions":{},"includedScopes":[]},"contributions":{},"includedScopes":[]},"contributions":{},"includedScopes":[]},"contributions":{},"includedScopes":[]}]},"contributions":{},"includedScopes":[]},"contributions":{},"includedScopes":[]},"contributions":{},"includedScopes":[]},"sourceMap":{"end":{"column":31,"line":17,"offset":512},"start":{"column":5,"line":17,"offset":486}},"value":{"id":"30b4f88a-e5b3-4f40-b841-3f01d1bd9a0e","metadata":[],"name":"new","scope":{"containerScope":{"containerScope":{"containerScope":{"containerScope":{"containerScope":{"containerScope":{"contributions":{},"includedScopes":[]},"contributions":{},"includedScopes":[{"contributions":{},"includedScopes":[]},{"contributions":{},"includedScopes":[]}]},"contributions":{},"includedScopes":[{"containerScope":{"containerScope":{"contributions":{},"includedScopes":[]},"contributions":{},"includedScopes":[{"contributions":{},"includedScopes":[]},{"contributions":{},"includedScopes":[]},{"contributions":{},"includedScopes":[]},{"contributions":{},"includedScopes":[]},{"contributions":{},"includedScopes":[]},{"contributions":{},"includedScopes":[]},{"contributions":{},"includedScopes":[]},{"contributions":{},"includedScopes":[]}]},"contributions":{},"includedScopes":[{"containerScope":{"containerScope":{"containerScope":{"contributions":{},"includedScopes":[]},"contributions":{},"includedScopes":[]},"contributions":{},"includedScopes":[]},"contributions":{},"includedScopes":[]}]},{"containerScope":{"containerScope":{"containerScope":{"contributions":{},"includedScopes":[]},"contributions":{},"includedScopes":[]},"contributions":{},"includedScopes":[]},"contributions":{},"includedScopes":[]}]},"contributions":{},"includedScopes":[]},"contributions":{},"includedScopes":[]},"contributions":{},"includedScopes":[]},"contributions":{},"includedScopes":[]},"sourceMap":{"end":{"column":31,"line":17,"offset":512},"start":{"column":28,"line":17,"offset":509}}}},{"args":[{"id":"1df26455-8d46-4910-b663-dee6ad0ade2b","metadata":[],"name":"posicionTemporal","scope":{"containerScope":{"containerScope":{"containerScope":{"containerScope":{"containerScope":{"containerScope":{"contributions":{},"includedScopes":[]},"contributions":{},"includedScopes":[{"contributions":{},"includedScopes":[]},{"contributions":{},"includedScopes":[]}]},"contributions":{},"includedScopes":[{"containerScope":{"containerScope":{"contributions":{},"includedScopes":[]},"contributions":{},"includedScopes":[{"contributions":{},"includedScopes":[]},{"contributions":{},"includedScopes":[]},{"contributions":{},"includedScopes":[]},{"contributions":{},"includedScopes":[]},{"contributions":{},"includedScopes":[]},{"contributions":{},"includedScopes":[]},{"contributions":{},"includedScopes":[]},{"contributions":{},"includedScopes":[]}]},"contributions":{},"includedScopes":[{"containerScope":{"containerScope":{"containerScope":{"contributions":{},"includedScopes":[]},"contributions":{},"includedScopes":[]},"contributions":{},"includedScopes":[]},"contributions":{},"includedScopes":[]}]},{"containerScope":{"containerScope":{"containerScope":{"contributions":{},"includedScopes":[]},"contributions":{},"includedScopes":[]},"contributions":{},"includedScopes":[]},"contributions":{},"includedScopes":[]}]},"contributions":{},"includedScopes":[]},"contributions":{},"includedScopes":[]},"contributions":{},"includedScopes":[]},"contributions":{},"includedScopes":[]},"sourceMap":{"end":{"column":60,"line":18,"offset":606},"start":{"column":44,"line":18,"offset":590}}},{"id":"0f6df1e8-f317-4295-a80e-bc50fd43bc37","metadata":[],"name":"tipoDeMagia","scope":{"containerScope":{"containerScope":{"containerScope":{"containerScope":{"containerScope":{"containerScope":{"contributions":{},"includedScopes":[]},"contributions":{},"includedScopes":[{"contributions":{},"includedScopes":[]},{"contributions":{},"includedScopes":[]}]},"contributions":{},"includedScopes":[{"containerScope":{"containerScope":{"contributions":{},"includedScopes":[]},"contributions":{},"includedScopes":[{"contributions":{},"includedScopes":[]},{"contributions":{},"includedScopes":[]},{"contributions":{},"includedScopes":[]},{"contributions":{},"includedScopes":[]},{"contributions":{},"includedScopes":[]},{"contributions":{},"includedScopes":[]},{"contributions":{},"includedScopes":[]},{"contributions":{},"includedScopes":[]}]},"contributions":{},"includedScopes":[{"containerScope":{"containerScope":{"containerScope":{"contributions":{},"includedScopes":[]},"contributions":{},"includedScopes":[]},"contributions":{},"includedScopes":[]},"contributions":{},"includedScopes":[]}]},{"containerScope":{"containerScope":{"containerScope":{"contributions":{},"includedScopes":[]},"contributions":{},"includedScopes":[]},"contributions":{},"includedScopes":[]},"contributions":{},"includedScopes":[]}]},"contributions":{},"includedScopes":[]},"contributions":{},"includedScopes":[]},"contributions":{},"includedScopes":[]},"contributions":{},"includedScopes":[]},"sourceMap":{"end":{"column":73,"line":18,"offset":619},"start":{"column":62,"line":18,"offset":608}}}],"id":"b4246021-b77e-4c3b-9c95-ed3dc7f67ed6","message":"generarHechizo","metadata":[],"receiver":{"id":"29d16393-dc30-4413-ba40-fab1367cad3c","metadata":[],"name":"administradorDeHechizos","scope":{"containerScope":{"containerScope":{"containerScope":{"containerScope":{"containerScope":{"containerScope":{"contributions":{},"includedScopes":[]},"contributions":{},"includedScopes":[{"contributions":{},"includedScopes":[]},{"contributions":{},"includedScopes":[]}]},"contributions":{},"includedScopes":[{"containerScope":{"containerScope":{"contributions":{},"includedScopes":[]},"contributions":{},"includedScopes":[{"contributions":{},"includedScopes":[]},{"contributions":{},"includedScopes":[]},{"contributions":{},"includedScopes":[]},{"contributions":{},"includedScopes":[]},{"contributions":{},"includedScopes":[]},{"contributions":{},"includedScopes":[]},{"contributions":{},"includedScopes":[]},{"contributions":{},"includedScopes":[]}]},"contributions":{},"includedScopes":[{"containerScope":{"containerScope":{"containerScope":{"contributions":{},"includedScopes":[]},"contributions":{},"includedScopes":[]},"contributions":{},"includedScopes":[]},"contributions":{},"includedScopes":[]}]},{"containerScope":{"containerScope":{"containerScope":{"contributions":{},"includedScopes":[]},"contributions":{},"includedScopes":[]},"contributions":{},"includedScopes":[]},"contributions":{},"includedScopes":[]}]},"contributions":{},"includedScopes":[]},"contributions":{},"includedScopes":[]},"contributions":{},"includedScopes":[]},"contributions":{},"includedScopes":[]},"sourceMap":{"end":{"column":28,"line":18,"offset":574},"start":{"column":5,"line":18,"offset":551}}},"scope":{"containerScope":{"containerScope":{"containerScope":{"containerScope":{"containerScope":{"contributions":{},"includedScopes":[]},"contributions":{},"includedScopes":[{"contributions":{},"includedScopes":[]},{"contributions":{},"includedScopes":[]}]},"contributions":{},"includedScopes":[{"containerScope":{"containerScope":{"contributions":{},"includedScopes":[]},"contributions":{},"includedScopes":[{"contributions":{},"includedScopes":[]},{"contributions":{},"includedScopes":[]},{"contributions":{},"includedScopes":[]},{"contributions":{},"includedScopes":[]},{"contributions":{},"includedScopes":[]},{"contributions":{},"includedScopes":[]},{"contributions":{},"includedScopes":[]},{"contributions":{},"includedScopes":[]}]},"contributions":{},"includedScopes":[{"containerScope":{"containerScope":{"containerScope":{"contributions":{},"includedScopes":[]},"contributions":{},"includedScopes":[]},"contributions":{},"includedScopes":[]},"contributions":{},"includedScopes":[]}]},{"containerScope":{"containerScope":{"containerScope":{"contributions":{},"includedScopes":[]},"contributions":{},"includedScopes":[]},"contributions":{},"includedScopes":[]},"contributions":{},"includedScopes":[]}]},"contributions":{},"includedScopes":[]},"contributions":{},"includedScopes":[]},"contributions":{},"includedScopes":[]},"sourceMap":{"end":{"column":74,"line":18,"offset":620},"start":{"column":5,"line":18,"offset":551}}}],"sourceMap":{"end":{"column":4,"line":19,"offset":625},"start":{"column":25,"line":16,"offset":479}}},"stack":"Error: Failed to print, found malformed node\n    at c:\\Users\\joaom\\.vscode\\extensions\\uqbar.wollok-lsp-ide-0.5.2\\out\\server\\src\\server.js:68:3585\n    at c:\\Users\\joaom\\.vscode\\extensions\\uqbar.wollok-lsp-ide-0.5.2\\out\\server\\src\\server.js:68:5370\n    at c:\\Users\\joaom\\.vscode\\extensions\\uqbar.wollok-lsp-ide-0.5.2\\out\\server\\src\\server.js:38:6131\n    at c:\\Users\\joaom\\.vscode\\extensions\\uqbar.wollok-lsp-ide-0.5.2\\out\\server\\src\\server.js:68:3664\n    at jbn (c:\\Users\\joaom\\.vscode\\extensions\\uqbar.wollok-lsp-ide-0.5.2\\out\\server\\src\\server.js:68:3396)\n    at c:\\Users\\joaom\\.vscode\\extensions\\uqbar.wollok-lsp-ide-0.5.2\\out\\server\\src\\server.js:2371:847\n    at c:\\Users\\joaom\\.vscode\\extensions\\uqbar.wollok-lsp-ide-0.5.2\\out\\server\\src\\server.js:2371:8440\n    at c:\\Users\\joaom\\.vscode\\extensions\\uqbar.wollok-lsp-ide-0.5.2\\out\\server\\src\\server.js:37:74770\n    at Ye (c:\\Users\\joaom\\.vscode\\extensions\\uqbar.wollok-lsp-ide-0.5.2\\out\\server\\src\\server.js:7:8527)\n    at Dt (c:\\Users\\joaom\\.vscode\\extensions\\uqbar.wollok-lsp-ide-0.5.2\\out\\server\\src\\server.js:7:6189)","timestamp":"2025-07-01T14:53:47.828Z"}
{"level":"error","message":"✘ Failed to get type description: Error: Failed to print, found malformed node Failed to print, found malformed node","node":{"id":"317bb5f7-9672-42be-9f3f-156da7dfb234","metadata":[],"problems":[{"code":"malformedSentence","sourceMap":{"end":{"column":64,"line":17,"offset":545},"start":{"column":32,"line":17,"offset":513}}}],"scope":{"containerScope":{"containerScope":{"containerScope":{"containerScope":{"contributions":{},"includedScopes":[]},"contributions":{},"includedScopes":[{"contributions":{},"includedScopes":[]},{"contributions":{},"includedScopes":[]}]},"contributions":{},"includedScopes":[{"containerScope":{"containerScope":{"contributions":{},"includedScopes":[]},"contributions":{},"includedScopes":[{"contributions":{},"includedScopes":[]},{"contributions":{},"includedScopes":[]},{"contributions":{},"includedScopes":[]},{"contributions":{},"includedScopes":[]},{"contributions":{},"includedScopes":[]},{"contributions":{},"includedScopes":[]},{"contributions":{},"includedScopes":[]},{"contributions":{},"includedScopes":[]}]},"contributions":{},"includedScopes":[{"containerScope":{"containerScope":{"containerScope":{"contributions":{},"includedScopes":[]},"contributions":{},"includedScopes":[]},"contributions":{},"includedScopes":[]},"contributions":{},"includedScopes":[]}]},{"containerScope":{"containerScope":{"containerScope":{"contributions":{},"includedScopes":[]},"contributions":{},"includedScopes":[]},"contributions":{},"includedScopes":[]},"contributions":{},"includedScopes":[]}]},"contributions":{},"includedScopes":[]},"contributions":{},"includedScopes":[]},"sentences":[{"id":"3fd10333-f1c7-4630-a9cf-f005bf0831de","isConstant":false,"metadata":[],"name":"posicionTemporal","scope":{"containerScope":{"containerScope":{"containerScope":{"containerScope":{"containerScope":{"contributions":{},"includedScopes":[]},"contributions":{},"includedScopes":[{"contributions":{},"includedScopes":[]},{"contributions":{},"includedScopes":[]}]},"contributions":{},"includedScopes":[{"containerScope":{"containerScope":{"contributions":{},"includedScopes":[]},"contributions":{},"includedScopes":[{"contributions":{},"includedScopes":[]},{"contributions":{},"includedScopes":[]},{"contributions":{},"includedScopes":[]},{"contributions":{},"includedScopes":[]},{"contributions":{},"includedScopes":[]},{"contributions":{},"includedScopes":[]},{"contributions":{},"includedScopes":[]},{"contributions":{},"includedScopes":[]}]},"contributions":{},"includedScopes":[{"containerScope":{"containerScope":{"containerScope":{"contributions":{},"includedScopes":[]},"contributions":{},"includedScopes":[]},"contributions":{},"includedScopes":[]},"contributions":{},"includedScopes":[]}]},{"containerScope":{"containerScope":{"containerScope":{"contributions":{},"includedScopes":[]},"contributions":{},"includedScopes":[]},"contributions":{},"includedScopes":[]},"contributions":{},"includedScopes":[]}]},"contributions":{},"includedScopes":[]},"contributions":{},"includedScopes":[]},"contributions":{},"includedScopes":[]},"sourceMap":{"end":{"column":31,"line":17,"offset":512},"start":{"column":5,"line":17,"offset":486}},"value":{"id":"30b4f88a-e5b3-4f40-b841-3f01d1bd9a0e","metadata":[],"name":"new","scope":{"containerScope":{"containerScope":{"containerScope":{"containerScope":{"containerScope":{"containerScope":{"contributions":{},"includedScopes":[]},"contributions":{},"includedScopes":[{"contributions":{},"includedScopes":[]},{"contributions":{},"includedScopes":[]}]},"contributions":{},"includedScopes":[{"containerScope":{"containerScope":{"contributions":{},"includedScopes":[]},"contributions":{},"includedScopes":[{"contributions":{},"includedScopes":[]},{"contributions":{},"includedScopes":[]},{"contributions":{},"includedScopes":[]},{"contributions":{},"includedScopes":[]},{"contributions":{},"includedScopes":[]},{"contributions":{},"includedScopes":[]},{"contributions":{},"includedScopes":[]},{"contributions":{},"includedScopes":[]}]},"contributions":{},"includedScopes":[{"containerScope":{"containerScope":{"containerScope":{"contributions":{},"includedScopes":[]},"contributions":{},"includedScopes":[]},"contributions":{},"includedScopes":[]},"contributions":{},"includedScopes":[]}]},{"containerScope":{"containerScope":{"containerScope":{"contributions":{},"includedScopes":[]},"contributions":{},"includedScopes":[]},"contributions":{},"includedScopes":[]},"contributions":{},"includedScopes":[]}]},"contributions":{},"includedScopes":[]},"contributions":{},"includedScopes":[]},"contributions":{},"includedScopes":[]},"contributions":{},"includedScopes":[]},"sourceMap":{"end":{"column":31,"line":17,"offset":512},"start":{"column":28,"line":17,"offset":509}}}},{"args":[{"id":"1df26455-8d46-4910-b663-dee6ad0ade2b","metadata":[],"name":"posicionTemporal","scope":{"containerScope":{"containerScope":{"containerScope":{"containerScope":{"containerScope":{"containerScope":{"contributions":{},"includedScopes":[]},"contributions":{},"includedScopes":[{"contributions":{},"includedScopes":[]},{"contributions":{},"includedScopes":[]}]},"contributions":{},"includedScopes":[{"containerScope":{"containerScope":{"contributions":{},"includedScopes":[]},"contributions":{},"includedScopes":[{"contributions":{},"includedScopes":[]},{"contributions":{},"includedScopes":[]},{"contributions":{},"includedScopes":[]},{"contributions":{},"includedScopes":[]},{"contributions":{},"includedScopes":[]},{"contributions":{},"includedScopes":[]},{"contributions":{},"includedScopes":[]},{"contributions":{},"includedScopes":[]}]},"contributions":{},"includedScopes":[{"containerScope":{"containerScope":{"containerScope":{"contributions":{},"includedScopes":[]},"contributions":{},"includedScopes":[]},"contributions":{},"includedScopes":[]},"contributions":{},"includedScopes":[]}]},{"containerScope":{"containerScope":{"containerScope":{"contributions":{},"includedScopes":[]},"contributions":{},"includedScopes":[]},"contributions":{},"includedScopes":[]},"contributions":{},"includedScopes":[]}]},"contributions":{},"includedScopes":[]},"contributions":{},"includedScopes":[]},"contributions":{},"includedScopes":[]},"contributions":{},"includedScopes":[]},"sourceMap":{"end":{"column":60,"line":18,"offset":606},"start":{"column":44,"line":18,"offset":590}}},{"id":"0f6df1e8-f317-4295-a80e-bc50fd43bc37","metadata":[],"name":"tipoDeMagia","scope":{"containerScope":{"containerScope":{"containerScope":{"containerScope":{"containerScope":{"containerScope":{"contributions":{},"includedScopes":[]},"contributions":{},"includedScopes":[{"contributions":{},"includedScopes":[]},{"contributions":{},"includedScopes":[]}]},"contributions":{},"includedScopes":[{"containerScope":{"containerScope":{"contributions":{},"includedScopes":[]},"contributions":{},"includedScopes":[{"contributions":{},"includedScopes":[]},{"contributions":{},"includedScopes":[]},{"contributions":{},"includedScopes":[]},{"contributions":{},"includedScopes":[]},{"contributions":{},"includedScopes":[]},{"contributions":{},"includedScopes":[]},{"contributions":{},"includedScopes":[]},{"contributions":{},"includedScopes":[]}]},"contributions":{},"includedScopes":[{"containerScope":{"containerScope":{"containerScope":{"contributions":{},"includedScopes":[]},"contributions":{},"includedScopes":[]},"contributions":{},"includedScopes":[]},"contributions":{},"includedScopes":[]}]},{"containerScope":{"containerScope":{"containerScope":{"contributions":{},"includedScopes":[]},"contributions":{},"includedScopes":[]},"contributions":{},"includedScopes":[]},"contributions":{},"includedScopes":[]}]},"contributions":{},"includedScopes":[]},"contributions":{},"includedScopes":[]},"contributions":{},"includedScopes":[]},"contributions":{},"includedScopes":[]},"sourceMap":{"end":{"column":73,"line":18,"offset":619},"start":{"column":62,"line":18,"offset":608}}}],"id":"b4246021-b77e-4c3b-9c95-ed3dc7f67ed6","message":"generarHechizo","metadata":[],"receiver":{"id":"29d16393-dc30-4413-ba40-fab1367cad3c","metadata":[],"name":"administradorDeHechizos","scope":{"containerScope":{"containerScope":{"containerScope":{"containerScope":{"containerScope":{"containerScope":{"contributions":{},"includedScopes":[]},"contributions":{},"includedScopes":[{"contributions":{},"includedScopes":[]},{"contributions":{},"includedScopes":[]}]},"contributions":{},"includedScopes":[{"containerScope":{"containerScope":{"contributions":{},"includedScopes":[]},"contributions":{},"includedScopes":[{"contributions":{},"includedScopes":[]},{"contributions":{},"includedScopes":[]},{"contributions":{},"includedScopes":[]},{"contributions":{},"includedScopes":[]},{"contributions":{},"includedScopes":[]},{"contributions":{},"includedScopes":[]},{"contributions":{},"includedScopes":[]},{"contributions":{},"includedScopes":[]}]},"contributions":{},"includedScopes":[{"containerScope":{"containerScope":{"containerScope":{"contributions":{},"includedScopes":[]},"contributions":{},"includedScopes":[]},"contributions":{},"includedScopes":[]},"contributions":{},"includedScopes":[]}]},{"containerScope":{"containerScope":{"containerScope":{"contributions":{},"includedScopes":[]},"contributions":{},"includedScopes":[]},"contributions":{},"includedScopes":[]},"contributions":{},"includedScopes":[]}]},"contributions":{},"includedScopes":[]},"contributions":{},"includedScopes":[]},"contributions":{},"includedScopes":[]},"contributions":{},"includedScopes":[]},"sourceMap":{"end":{"column":28,"line":18,"offset":574},"start":{"column":5,"line":18,"offset":551}}},"scope":{"containerScope":{"containerScope":{"containerScope":{"containerScope":{"containerScope":{"contributions":{},"includedScopes":[]},"contributions":{},"includedScopes":[{"contributions":{},"includedScopes":[]},{"contributions":{},"includedScopes":[]}]},"contributions":{},"includedScopes":[{"containerScope":{"containerScope":{"contributions":{},"includedScopes":[]},"contributions":{},"includedScopes":[{"contributions":{},"includedScopes":[]},{"contributions":{},"includedScopes":[]},{"contributions":{},"includedScopes":[]},{"contributions":{},"includedScopes":[]},{"contributions":{},"includedScopes":[]},{"contributions":{},"includedScopes":[]},{"contributions":{},"includedScopes":[]},{"contributions":{},"includedScopes":[]}]},"contributions":{},"includedScopes":[{"containerScope":{"containerScope":{"containerScope":{"contributions":{},"includedScopes":[]},"contributions":{},"includedScopes":[]},"contributions":{},"includedScopes":[]},"contributions":{},"includedScopes":[]}]},{"containerScope":{"containerScope":{"containerScope":{"contributions":{},"includedScopes":[]},"contributions":{},"includedScopes":[]},"contributions":{},"includedScopes":[]},"contributions":{},"includedScopes":[]}]},"contributions":{},"includedScopes":[]},"contributions":{},"includedScopes":[]},"contributions":{},"includedScopes":[]},"sourceMap":{"end":{"column":74,"line":18,"offset":620},"start":{"column":5,"line":18,"offset":551}}}],"sourceMap":{"end":{"column":4,"line":19,"offset":625},"start":{"column":25,"line":16,"offset":479}}},"stack":"Error: Failed to print, found malformed node\n    at c:\\Users\\joaom\\.vscode\\extensions\\uqbar.wollok-lsp-ide-0.5.2\\out\\server\\src\\server.js:68:3585\n    at c:\\Users\\joaom\\.vscode\\extensions\\uqbar.wollok-lsp-ide-0.5.2\\out\\server\\src\\server.js:68:5370\n    at c:\\Users\\joaom\\.vscode\\extensions\\uqbar.wollok-lsp-ide-0.5.2\\out\\server\\src\\server.js:38:6131\n    at c:\\Users\\joaom\\.vscode\\extensions\\uqbar.wollok-lsp-ide-0.5.2\\out\\server\\src\\server.js:68:3664\n    at jbn (c:\\Users\\joaom\\.vscode\\extensions\\uqbar.wollok-lsp-ide-0.5.2\\out\\server\\src\\server.js:68:3396)\n    at c:\\Users\\joaom\\.vscode\\extensions\\uqbar.wollok-lsp-ide-0.5.2\\out\\server\\src\\server.js:2371:847\n    at c:\\Users\\joaom\\.vscode\\extensions\\uqbar.wollok-lsp-ide-0.5.2\\out\\server\\src\\server.js:2371:8440\n    at c:\\Users\\joaom\\.vscode\\extensions\\uqbar.wollok-lsp-ide-0.5.2\\out\\server\\src\\server.js:37:74770\n    at Ye (c:\\Users\\joaom\\.vscode\\extensions\\uqbar.wollok-lsp-ide-0.5.2\\out\\server\\src\\server.js:7:8527)\n    at Dt (c:\\Users\\joaom\\.vscode\\extensions\\uqbar.wollok-lsp-ide-0.5.2\\out\\server\\src\\server.js:7:6189)","timestamp":"2025-07-01T14:53:50.545Z"}
{"level":"error","message":"✘ Failed to get type description: Error: Failed to print, found malformed node Failed to print, found malformed node","node":{"id":"317bb5f7-9672-42be-9f3f-156da7dfb234","metadata":[],"problems":[{"code":"malformedSentence","sourceMap":{"end":{"column":64,"line":17,"offset":545},"start":{"column":32,"line":17,"offset":513}}}],"scope":{"containerScope":{"containerScope":{"containerScope":{"containerScope":{"contributions":{},"includedScopes":[]},"contributions":{},"includedScopes":[{"contributions":{},"includedScopes":[]},{"contributions":{},"includedScopes":[]}]},"contributions":{},"includedScopes":[{"containerScope":{"containerScope":{"contributions":{},"includedScopes":[]},"contributions":{},"includedScopes":[{"contributions":{},"includedScopes":[]},{"contributions":{},"includedScopes":[]},{"contributions":{},"includedScopes":[]},{"contributions":{},"includedScopes":[]},{"contributions":{},"includedScopes":[]},{"contributions":{},"includedScopes":[]},{"contributions":{},"includedScopes":[]},{"contributions":{},"includedScopes":[]}]},"contributions":{},"includedScopes":[{"containerScope":{"containerScope":{"containerScope":{"contributions":{},"includedScopes":[]},"contributions":{},"includedScopes":[]},"contributions":{},"includedScopes":[]},"contributions":{},"includedScopes":[]}]},{"containerScope":{"containerScope":{"containerScope":{"contributions":{},"includedScopes":[]},"contributions":{},"includedScopes":[]},"contributions":{},"includedScopes":[]},"contributions":{},"includedScopes":[]}]},"contributions":{},"includedScopes":[]},"contributions":{},"includedScopes":[]},"sentences":[{"id":"3fd10333-f1c7-4630-a9cf-f005bf0831de","isConstant":false,"metadata":[],"name":"posicionTemporal","scope":{"containerScope":{"containerScope":{"containerScope":{"containerScope":{"containerScope":{"contributions":{},"includedScopes":[]},"contributions":{},"includedScopes":[{"contributions":{},"includedScopes":[]},{"contributions":{},"includedScopes":[]}]},"contributions":{},"includedScopes":[{"containerScope":{"containerScope":{"contributions":{},"includedScopes":[]},"contributions":{},"includedScopes":[{"contributions":{},"includedScopes":[]},{"contributions":{},"includedScopes":[]},{"contributions":{},"includedScopes":[]},{"contributions":{},"includedScopes":[]},{"contributions":{},"includedScopes":[]},{"contributions":{},"includedScopes":[]},{"contributions":{},"includedScopes":[]},{"contributions":{},"includedScopes":[]}]},"contributions":{},"includedScopes":[{"containerScope":{"containerScope":{"containerScope":{"contributions":{},"includedScopes":[]},"contributions":{},"includedScopes":[]},"contributions":{},"includedScopes":[]},"contributions":{},"includedScopes":[]}]},{"containerScope":{"containerScope":{"containerScope":{"contributions":{},"includedScopes":[]},"contributions":{},"includedScopes":[]},"contributions":{},"includedScopes":[]},"contributions":{},"includedScopes":[]}]},"contributions":{},"includedScopes":[]},"contributions":{},"includedScopes":[]},"contributions":{},"includedScopes":[]},"sourceMap":{"end":{"column":31,"line":17,"offset":512},"start":{"column":5,"line":17,"offset":486}},"value":{"id":"30b4f88a-e5b3-4f40-b841-3f01d1bd9a0e","metadata":[],"name":"new","scope":{"containerScope":{"containerScope":{"containerScope":{"containerScope":{"containerScope":{"containerScope":{"contributions":{},"includedScopes":[]},"contributions":{},"includedScopes":[{"contributions":{},"includedScopes":[]},{"contributions":{},"includedScopes":[]}]},"contributions":{},"includedScopes":[{"containerScope":{"containerScope":{"contributions":{},"includedScopes":[]},"contributions":{},"includedScopes":[{"contributions":{},"includedScopes":[]},{"contributions":{},"includedScopes":[]},{"contributions":{},"includedScopes":[]},{"contributions":{},"includedScopes":[]},{"contributions":{},"includedScopes":[]},{"contributions":{},"includedScopes":[]},{"contributions":{},"includedScopes":[]},{"contributions":{},"includedScopes":[]}]},"contributions":{},"includedScopes":[{"containerScope":{"containerScope":{"containerScope":{"contributions":{},"includedScopes":[]},"contributions":{},"includedScopes":[]},"contributions":{},"includedScopes":[]},"contributions":{},"includedScopes":[]}]},{"containerScope":{"containerScope":{"containerScope":{"contributions":{},"includedScopes":[]},"contributions":{},"includedScopes":[]},"contributions":{},"includedScopes":[]},"contributions":{},"includedScopes":[]}]},"contributions":{},"includedScopes":[]},"contributions":{},"includedScopes":[]},"contributions":{},"includedScopes":[]},"contributions":{},"includedScopes":[]},"sourceMap":{"end":{"column":31,"line":17,"offset":512},"start":{"column":28,"line":17,"offset":509}}}},{"args":[{"id":"1df26455-8d46-4910-b663-dee6ad0ade2b","metadata":[],"name":"posicionTemporal","scope":{"containerScope":{"containerScope":{"containerScope":{"containerScope":{"containerScope":{"containerScope":{"contributions":{},"includedScopes":[]},"contributions":{},"includedScopes":[{"contributions":{},"includedScopes":[]},{"contributions":{},"includedScopes":[]}]},"contributions":{},"includedScopes":[{"containerScope":{"containerScope":{"contributions":{},"includedScopes":[]},"contributions":{},"includedScopes":[{"contributions":{},"includedScopes":[]},{"contributions":{},"includedScopes":[]},{"contributions":{},"includedScopes":[]},{"contributions":{},"includedScopes":[]},{"contributions":{},"includedScopes":[]},{"contributions":{},"includedScopes":[]},{"contributions":{},"includedScopes":[]},{"contributions":{},"includedScopes":[]}]},"contributions":{},"includedScopes":[{"containerScope":{"containerScope":{"containerScope":{"contributions":{},"includedScopes":[]},"contributions":{},"includedScopes":[]},"contributions":{},"includedScopes":[]},"contributions":{},"includedScopes":[]}]},{"containerScope":{"containerScope":{"containerScope":{"contributions":{},"includedScopes":[]},"contributions":{},"includedScopes":[]},"contributions":{},"includedScopes":[]},"contributions":{},"includedScopes":[]}]},"contributions":{},"includedScopes":[]},"contributions":{},"includedScopes":[]},"contributions":{},"includedScopes":[]},"contributions":{},"includedScopes":[]},"sourceMap":{"end":{"column":60,"line":18,"offset":606},"start":{"column":44,"line":18,"offset":590}}},{"id":"0f6df1e8-f317-4295-a80e-bc50fd43bc37","metadata":[],"name":"tipoDeMagia","scope":{"containerScope":{"containerScope":{"containerScope":{"containerScope":{"containerScope":{"containerScope":{"contributions":{},"includedScopes":[]},"contributions":{},"includedScopes":[{"contributions":{},"includedScopes":[]},{"contributions":{},"includedScopes":[]}]},"contributions":{},"includedScopes":[{"containerScope":{"containerScope":{"contributions":{},"includedScopes":[]},"contributions":{},"includedScopes":[{"contributions":{},"includedScopes":[]},{"contributions":{},"includedScopes":[]},{"contributions":{},"includedScopes":[]},{"contributions":{},"includedScopes":[]},{"contributions":{},"includedScopes":[]},{"contributions":{},"includedScopes":[]},{"contributions":{},"includedScopes":[]},{"contributions":{},"includedScopes":[]}]},"contributions":{},"includedScopes":[{"containerScope":{"containerScope":{"containerScope":{"contributions":{},"includedScopes":[]},"contributions":{},"includedScopes":[]},"contributions":{},"includedScopes":[]},"contributions":{},"includedScopes":[]}]},{"containerScope":{"containerScope":{"containerScope":{"contributions":{},"includedScopes":[]},"contributions":{},"includedScopes":[]},"contributions":{},"includedScopes":[]},"contributions":{},"includedScopes":[]}]},"contributions":{},"includedScopes":[]},"contributions":{},"includedScopes":[]},"contributions":{},"includedScopes":[]},"contributions":{},"includedScopes":[]},"sourceMap":{"end":{"column":73,"line":18,"offset":619},"start":{"column":62,"line":18,"offset":608}}}],"id":"b4246021-b77e-4c3b-9c95-ed3dc7f67ed6","message":"generarHechizo","metadata":[],"receiver":{"id":"29d16393-dc30-4413-ba40-fab1367cad3c","metadata":[],"name":"administradorDeHechizos","scope":{"containerScope":{"containerScope":{"containerScope":{"containerScope":{"containerScope":{"containerScope":{"contributions":{},"includedScopes":[]},"contributions":{},"includedScopes":[{"contributions":{},"includedScopes":[]},{"contributions":{},"includedScopes":[]}]},"contributions":{},"includedScopes":[{"containerScope":{"containerScope":{"contributions":{},"includedScopes":[]},"contributions":{},"includedScopes":[{"contributions":{},"includedScopes":[]},{"contributions":{},"includedScopes":[]},{"contributions":{},"includedScopes":[]},{"contributions":{},"includedScopes":[]},{"contributions":{},"includedScopes":[]},{"contributions":{},"includedScopes":[]},{"contributions":{},"includedScopes":[]},{"contributions":{},"includedScopes":[]}]},"contributions":{},"includedScopes":[{"containerScope":{"containerScope":{"containerScope":{"contributions":{},"includedScopes":[]},"contributions":{},"includedScopes":[]},"contributions":{},"includedScopes":[]},"contributions":{},"includedScopes":[]}]},{"containerScope":{"containerScope":{"containerScope":{"contributions":{},"includedScopes":[]},"contributions":{},"includedScopes":[]},"contributions":{},"includedScopes":[]},"contributions":{},"includedScopes":[]}]},"contributions":{},"includedScopes":[]},"contributions":{},"includedScopes":[]},"contributions":{},"includedScopes":[]},"contributions":{},"includedScopes":[]},"sourceMap":{"end":{"column":28,"line":18,"offset":574},"start":{"column":5,"line":18,"offset":551}}},"scope":{"containerScope":{"containerScope":{"containerScope":{"containerScope":{"containerScope":{"contributions":{},"includedScopes":[]},"contributions":{},"includedScopes":[{"contributions":{},"includedScopes":[]},{"contributions":{},"includedScopes":[]}]},"contributions":{},"includedScopes":[{"containerScope":{"containerScope":{"contributions":{},"includedScopes":[]},"contributions":{},"includedScopes":[{"contributions":{},"includedScopes":[]},{"contributions":{},"includedScopes":[]},{"contributions":{},"includedScopes":[]},{"contributions":{},"includedScopes":[]},{"contributions":{},"includedScopes":[]},{"contributions":{},"includedScopes":[]},{"contributions":{},"includedScopes":[]},{"contributions":{},"includedScopes":[]}]},"contributions":{},"includedScopes":[{"containerScope":{"containerScope":{"containerScope":{"contributions":{},"includedScopes":[]},"contributions":{},"includedScopes":[]},"contributions":{},"includedScopes":[]},"contributions":{},"includedScopes":[]}]},{"containerScope":{"containerScope":{"containerScope":{"contributions":{},"includedScopes":[]},"contributions":{},"includedScopes":[]},"contributions":{},"includedScopes":[]},"contributions":{},"includedScopes":[]}]},"contributions":{},"includedScopes":[]},"contributions":{},"includedScopes":[]},"contributions":{},"includedScopes":[]},"sourceMap":{"end":{"column":74,"line":18,"offset":620},"start":{"column":5,"line":18,"offset":551}}}],"sourceMap":{"end":{"column":4,"line":19,"offset":625},"start":{"column":25,"line":16,"offset":479}}},"stack":"Error: Failed to print, found malformed node\n    at c:\\Users\\joaom\\.vscode\\extensions\\uqbar.wollok-lsp-ide-0.5.2\\out\\server\\src\\server.js:68:3585\n    at c:\\Users\\joaom\\.vscode\\extensions\\uqbar.wollok-lsp-ide-0.5.2\\out\\server\\src\\server.js:68:5370\n    at c:\\Users\\joaom\\.vscode\\extensions\\uqbar.wollok-lsp-ide-0.5.2\\out\\server\\src\\server.js:38:6131\n    at c:\\Users\\joaom\\.vscode\\extensions\\uqbar.wollok-lsp-ide-0.5.2\\out\\server\\src\\server.js:68:3664\n    at jbn (c:\\Users\\joaom\\.vscode\\extensions\\uqbar.wollok-lsp-ide-0.5.2\\out\\server\\src\\server.js:68:3396)\n    at c:\\Users\\joaom\\.vscode\\extensions\\uqbar.wollok-lsp-ide-0.5.2\\out\\server\\src\\server.js:2371:847\n    at c:\\Users\\joaom\\.vscode\\extensions\\uqbar.wollok-lsp-ide-0.5.2\\out\\server\\src\\server.js:2371:8440\n    at c:\\Users\\joaom\\.vscode\\extensions\\uqbar.wollok-lsp-ide-0.5.2\\out\\server\\src\\server.js:37:74770\n    at Ye (c:\\Users\\joaom\\.vscode\\extensions\\uqbar.wollok-lsp-ide-0.5.2\\out\\server\\src\\server.js:7:8527)\n    at Dt (c:\\Users\\joaom\\.vscode\\extensions\\uqbar.wollok-lsp-ide-0.5.2\\out\\server\\src\\server.js:7:6189)","timestamp":"2025-07-01T14:54:02.459Z"}
{"level":"info","message":"⌛ Building environment","timeElapsed":123,"timestamp":"2025-07-01T14:54:04.454Z"}
{"level":"info","message":"⌛ Validating mago.wlk","timeElapsed":157,"timestamp":"2025-07-01T14:54:04.612Z"}
{"exitCode":"SIGHUP","level":"info","message":"👾 Game executed main.ArcaneBastion on c:\\Users\\joaom\\Documents\\TPGameIntegrador-wollokers-group-main","timeElapsed":554982,"timestamp":"2025-07-01T14:54:15.086Z"}
{"level":"info","message":"🚀 Program executed \u001b[3m\u001b[34mmain.ArcaneBastion\u001b[39m\u001b[23m on \u001b[3m\u001b[34mc:\\Users\\joaom\\Documents\\TPGameIntegrador-wollokers-group-main\u001b[39m\u001b[23m","ok":true,"timeElapsed":585,"timestamp":"2025-07-01T14:54:17.948Z"}
{"exitCode":"SIGHUP","level":"info","message":"👾 Game executed main.ArcaneBastion on c:\\Users\\joaom\\Documents\\TPGameIntegrador-wollokers-group-main","timeElapsed":241954,"timestamp":"2025-07-01T14:58:19.319Z"}
{"level":"info","message":"🚀 Program executed \u001b[3m\u001b[34mmain.ArcaneBastion\u001b[39m\u001b[23m on \u001b[3m\u001b[34mc:\\Users\\joaom\\Documents\\TPGameIntegrador-wollokers-group-main\u001b[39m\u001b[23m","ok":true,"timeElapsed":592,"timestamp":"2025-07-01T14:58:22.296Z"}
{"exitCode":"SIGHUP","level":"info","message":"👾 Game executed main.ArcaneBastion on c:\\Users\\joaom\\Documents\\TPGameIntegrador-wollokers-group-main","timeElapsed":38851,"timestamp":"2025-07-01T14:59:00.555Z"}
{"level":"info","message":"🚀 Program executed \u001b[3m\u001b[34mmain.ArcaneBastion\u001b[39m\u001b[23m on \u001b[3m\u001b[34mc:\\Users\\joaom\\Documents\\TPGameIntegrador-wollokers-group-main\u001b[39m\u001b[23m","ok":true,"timeElapsed":598,"timestamp":"2025-07-01T14:59:03.462Z"}
{"level":"info","message":"⌛ Building environment","timeElapsed":251,"timestamp":"2025-07-01T15:01:05.874Z"}
{"level":"info","message":"⌛ Building environment","timeElapsed":224,"timestamp":"2025-07-01T15:01:06.100Z"}
{"level":"info","message":"⌛ Building environment","timeElapsed":139,"timestamp":"2025-07-01T15:01:06.342Z"}
{"level":"info","message":"Removing diagnostics from /c:/Users/joaom/Documents/TPGameIntegrador-wollokers-group-main/assets/EscenarioNivelFacil.jpg","timestamp":"2025-07-01T15:01:06.343Z"}
{"level":"info","message":"⌛ Building environment","timeElapsed":101,"timestamp":"2025-07-01T15:01:06.446Z"}
{"level":"info","message":"⌛ Building environment","timeElapsed":107,"timestamp":"2025-07-01T15:01:06.571Z"}
{"level":"info","message":"⌛ Building environment","timeElapsed":212,"timestamp":"2025-07-01T15:01:06.805Z"}
{"level":"info","message":"⌛ Validating niveles.wlk","timeElapsed":325,"timestamp":"2025-07-01T15:01:07.132Z"}
{"level":"info","message":"⌛ Validating menu.wlk","timeElapsed":223,"timestamp":"2025-07-01T15:01:07.355Z"}
{"level":"info","message":"⌛ Validating bastion.wlk","timeElapsed":202,"timestamp":"2025-07-01T15:01:07.558Z"}
{"level":"info","message":"⌛ Validating administradorDeEnemigos.wlk","timeElapsed":198,"timestamp":"2025-07-01T15:01:07.757Z"}
{"exitCode":"SIGHUP","level":"info","message":"👾 Game executed main.ArcaneBastion on c:\\Users\\joaom\\Documents\\TPGameIntegrador-wollokers-group-main","timeElapsed":132685,"timestamp":"2025-07-01T15:01:15.549Z"}
{"level":"info","message":"🚀 Program executed \u001b[3m\u001b[34mmain.ArcaneBastion\u001b[39m\u001b[23m on \u001b[3m\u001b[34mc:\\Users\\joaom\\Documents\\TPGameIntegrador-wollokers-group-main\u001b[39m\u001b[23m","ok":true,"timeElapsed":579,"timestamp":"2025-07-01T15:01:17.924Z"}
{"exitCode":"SIGHUP","level":"info","message":"👾 Game executed main.ArcaneBastion on c:\\Users\\joaom\\Documents\\TPGameIntegrador-wollokers-group-main","timeElapsed":18633,"timestamp":"2025-07-01T15:01:35.976Z"}
{"level":"info","message":"🚀 Program executed \u001b[3m\u001b[34mmain.ArcaneBastion\u001b[39m\u001b[23m on \u001b[3m\u001b[34mc:\\Users\\joaom\\Documents\\TPGameIntegrador-wollokers-group-main\u001b[39m\u001b[23m","ok":true,"timeElapsed":635,"timestamp":"2025-07-01T15:01:38.606Z"}
{"exitCode":"SIGHUP","level":"info","message":"👾 Game executed main.ArcaneBastion on c:\\Users\\joaom\\Documents\\TPGameIntegrador-wollokers-group-main","timeElapsed":196515,"timestamp":"2025-07-01T15:04:54.489Z"}
{"level":"info","message":"🚀 Program executed \u001b[3m\u001b[34mmain.ArcaneBastion\u001b[39m\u001b[23m on \u001b[3m\u001b[34mc:\\Users\\joaom\\Documents\\TPGameIntegrador-wollokers-group-main\u001b[39m\u001b[23m","ok":true,"timeElapsed":589,"timestamp":"2025-07-01T15:04:57.855Z"}
{"exitCode":"SIGHUP","level":"info","message":"👾 Game executed main.ArcaneBastion on c:\\Users\\joaom\\Documents\\TPGameIntegrador-wollokers-group-main","timeElapsed":28755,"timestamp":"2025-07-01T15:05:26.019Z"}
{"level":"info","message":"🚀 Program executed \u001b[3m\u001b[34mmain.ArcaneBastion\u001b[39m\u001b[23m on \u001b[3m\u001b[34mc:\\Users\\joaom\\Documents\\TPGameIntegrador-wollokers-group-main\u001b[39m\u001b[23m","ok":true,"timeElapsed":986,"timestamp":"2025-07-01T15:05:29.608Z"}
{"level":"info","message":"⌛ Building environment","timeElapsed":161,"timestamp":"2025-07-01T15:06:20.072Z"}
{"level":"info","message":"⌛ Validating enemigos.wlk","timeElapsed":204,"timestamp":"2025-07-01T15:06:20.279Z"}
{"level":"info","message":"⌛ Building environment","timeElapsed":117,"timestamp":"2025-07-01T15:06:20.673Z"}
{"level":"info","message":"⌛ Validating enemigos.wlk","timeElapsed":199,"timestamp":"2025-07-01T15:06:20.886Z"}
{"level":"info","message":"⌛ Building environment","timeElapsed":121,"timestamp":"2025-07-01T15:06:21.008Z"}
{"level":"info","message":"⌛ Validating enemigos.wlk","timeElapsed":209,"timestamp":"2025-07-01T15:06:21.220Z"}
{"level":"info","message":"⌛ Building environment","timeElapsed":120,"timestamp":"2025-07-01T15:06:21.357Z"}
{"level":"info","message":"⌛ Building environment","timeElapsed":139,"timestamp":"2025-07-01T15:06:21.497Z"}
{"level":"info","message":"⌛ Validating enemigos.wlk","timeElapsed":169,"timestamp":"2025-07-01T15:06:21.680Z"}
{"level":"info","message":"⌛ Building environment","timeElapsed":182,"timestamp":"2025-07-01T15:06:21.863Z"}
{"level":"info","message":"⌛ Validating enemigos.wlk","timeElapsed":191,"timestamp":"2025-07-01T15:06:22.055Z"}
{"level":"info","message":"⌛ Building environment","timeElapsed":109,"timestamp":"2025-07-01T15:06:22.165Z"}
{"level":"info","message":"⌛ Building environment","timeElapsed":132,"timestamp":"2025-07-01T15:06:22.298Z"}
{"level":"info","message":"⌛ Validating enemigos.wlk","timeElapsed":179,"timestamp":"2025-07-01T15:06:22.494Z"}
{"level":"info","message":"⌛ Building environment","timeElapsed":125,"timestamp":"2025-07-01T15:06:22.619Z"}
{"level":"info","message":"⌛ Validating enemigos.wlk","timeElapsed":166,"timestamp":"2025-07-01T15:06:22.798Z"}
{"level":"info","message":"⌛ Validating enemigos.wlk","timeElapsed":181,"timestamp":"2025-07-01T15:06:22.987Z"}
{"level":"info","message":"⌛ Validating enemigos.wlk","timeElapsed":155,"timestamp":"2025-07-01T15:06:23.143Z"}
{"exitCode":"SIGHUP","level":"info","message":"👾 Game executed main.ArcaneBastion on c:\\Users\\joaom\\Documents\\TPGameIntegrador-wollokers-group-main","timeElapsed":68613,"timestamp":"2025-07-01T15:06:37.235Z"}
{"level":"info","message":"🚀 Program executed \u001b[3m\u001b[34mmain.ArcaneBastion\u001b[39m\u001b[23m on \u001b[3m\u001b[34mc:\\Users\\joaom\\Documents\\TPGameIntegrador-wollokers-group-main\u001b[39m\u001b[23m","ok":true,"timeElapsed":664,"timestamp":"2025-07-01T15:06:40.134Z"}
{"level":"info","message":"⌛ Building environment","timeElapsed":159,"timestamp":"2025-07-01T15:07:38.278Z"}
{"level":"info","message":"⌛ Validating niveles.wlk","timeElapsed":346,"timestamp":"2025-07-01T15:07:38.643Z"}
{"level":"info","message":"⌛ Building environment","timeElapsed":119,"timestamp":"2025-07-01T15:07:47.868Z"}
{"level":"info","message":"⌛ Validating niveles.wlk","timeElapsed":168,"timestamp":"2025-07-01T15:07:48.045Z"}
{"level":"info","message":"⌛ Building environment","timeElapsed":179,"timestamp":"2025-07-01T15:08:43.478Z"}
{"level":"info","message":"⌛ Validating bastion.wlk","timeElapsed":373,"timestamp":"2025-07-01T15:08:43.921Z"}
{"exitCode":"SIGHUP","level":"info","message":"👾 Game executed main.ArcaneBastion on c:\\Users\\joaom\\Documents\\TPGameIntegrador-wollokers-group-main","timeElapsed":135822,"timestamp":"2025-07-01T15:08:55.291Z"}
{"level":"info","message":"⌛ Building environment","timeElapsed":426,"timestamp":"2025-07-01T15:09:29.364Z"}
{"level":"info","message":"⌛ Building environment","timeElapsed":306,"timestamp":"2025-07-01T15:09:29.705Z"}
{"level":"info","message":"⌛ Building environment","timeElapsed":217,"timestamp":"2025-07-01T15:09:29.924Z"}
{"level":"info","message":"⌛ Building environment","timeElapsed":177,"timestamp":"2025-07-01T15:09:30.108Z"}
{"level":"info","message":"⌛ Building environment","timeElapsed":108,"timestamp":"2025-07-01T15:09:30.505Z"}
{"level":"info","message":"⌛ Validating bastion.wlk","timeElapsed":241,"timestamp":"2025-07-01T15:09:31.021Z"}
{"level":"info","message":"⌛ Validating main.wpgm","timeElapsed":165,"timestamp":"2025-07-01T15:09:31.186Z"}
{"level":"info","message":"⌛ Building environment","timeElapsed":233,"timestamp":"2025-07-01T15:09:31.422Z"}
{"level":"info","message":"⌛ Validating niveles.wlk","timeElapsed":132,"timestamp":"2025-07-01T15:09:31.578Z"}
{"level":"info","message":"⌛ Validating menu.wlk","timeElapsed":114,"timestamp":"2025-07-01T15:09:31.699Z"}
{"level":"info","message":"⌛ Validating mago.wlk","timeElapsed":110,"timestamp":"2025-07-01T15:09:31.811Z"}
{"level":"info","message":"⌛ Validating enemigos.wlk","timeElapsed":112,"timestamp":"2025-07-01T15:09:31.924Z"}
{"level":"info","message":"⌛ Validating arcaneBastion.wlk","timeElapsed":110,"timestamp":"2025-07-01T15:09:32.035Z"}
{"level":"info","message":"⌛ Validating administradorDeOleadas.wlk","timeElapsed":106,"timestamp":"2025-07-01T15:09:32.142Z"}
{"level":"info","message":"⌛ Validating administradorDeHechizos.wlk","timeElapsed":113,"timestamp":"2025-07-01T15:09:32.262Z"}
{"level":"info","message":"⌛ Validating administradorDeEnemigos.wlk","timeElapsed":130,"timestamp":"2025-07-01T15:09:32.399Z"}
{"level":"info","message":"⌛ Validating bastion.wlk","timeElapsed":120,"timestamp":"2025-07-01T15:09:32.520Z"}
{"level":"info","message":"⌛ Validating mago.wlk","timeElapsed":121,"timestamp":"2025-07-01T15:09:32.900Z"}
{"level":"info","message":"⌛ Validating enemigos.wlk","timeElapsed":143,"timestamp":"2025-07-01T15:09:33.045Z"}
{"level":"info","message":"⌛ Validating arcaneBastion.wlk","timeElapsed":129,"timestamp":"2025-07-01T15:09:57.444Z"}
{"level":"info","message":"⌛ Building environment","timeElapsed":131,"timestamp":"2025-07-01T15:10:01.902Z"}
{"level":"info","message":"⌛ Validating arcaneBastion.wlk","timeElapsed":119,"timestamp":"2025-07-01T15:10:02.022Z"}
{"level":"info","message":"⌛ Building environment","timeElapsed":111,"timestamp":"2025-07-01T15:10:06.035Z"}
{"level":"info","message":"⌛ Validating arcaneBastion.wlk","timeElapsed":125,"timestamp":"2025-07-01T15:10:06.160Z"}
{"level":"info","message":"⌛ Building environment","timeElapsed":135,"timestamp":"2025-07-01T15:10:21.763Z"}
{"level":"info","message":"⌛ Validating arcaneBastion.wlk","timeElapsed":141,"timestamp":"2025-07-01T15:10:21.905Z"}
{"level":"info","message":"⌛ Building environment","timeElapsed":183,"timestamp":"2025-07-01T15:10:24.029Z"}
{"level":"info","message":"⌛ Building environment","timeElapsed":176,"timestamp":"2025-07-01T15:10:24.319Z"}
{"level":"info","message":"⌛ Validating arcaneBastion.wlk","timeElapsed":134,"timestamp":"2025-07-01T15:10:24.454Z"}
{"level":"info","message":"⌛ Building environment","timeElapsed":115,"timestamp":"2025-07-01T15:10:24.570Z"}
{"level":"info","message":"⌛ Validating arcaneBastion.wlk","timeElapsed":117,"timestamp":"2025-07-01T15:10:24.804Z"}
{"level":"info","message":"⌛ Building environment","timeElapsed":159,"timestamp":"2025-07-01T15:10:24.966Z"}
{"level":"info","message":"⌛ Validating arcaneBastion.wlk","timeElapsed":220,"timestamp":"2025-07-01T15:10:25.186Z"}
{"level":"info","message":"⌛ Validating arcaneBastion.wlk","timeElapsed":119,"timestamp":"2025-07-01T15:10:25.310Z"}
{"level":"info","message":"⌛ Validating arcaneBastion.wlk","timeElapsed":125,"timestamp":"2025-07-01T15:10:25.546Z"}
{"level":"info","message":"⌛ Building environment","timeElapsed":111,"timestamp":"2025-07-01T15:10:25.827Z"}
{"level":"info","message":"⌛ Validating arcaneBastion.wlk","timeElapsed":113,"timestamp":"2025-07-01T15:10:25.941Z"}
{"level":"info","message":"⌛ Validating arcaneBastion.wlk","timeElapsed":121,"timestamp":"2025-07-01T15:10:26.070Z"}
{"level":"info","message":"⌛ Validating arcaneBastion.wlk","timeElapsed":111,"timestamp":"2025-07-01T15:10:26.182Z"}
{"level":"info","message":"⌛ Validating arcaneBastion.wlk","timeElapsed":114,"timestamp":"2025-07-01T15:10:26.379Z"}
{"level":"info","message":"⌛ Building environment","timeElapsed":114,"timestamp":"2025-07-01T15:10:26.621Z"}
{"level":"info","message":"⌛ Validating arcaneBastion.wlk","timeElapsed":115,"timestamp":"2025-07-01T15:10:26.737Z"}
{"level":"info","message":"⌛ Validating arcaneBastion.wlk","timeElapsed":201,"timestamp":"2025-07-01T15:10:27.092Z"}
{"level":"info","message":"⌛ Validating arcaneBastion.wlk","timeElapsed":130,"timestamp":"2025-07-01T15:10:27.406Z"}
{"level":"info","message":"⌛ Validating arcaneBastion.wlk","timeElapsed":120,"timestamp":"2025-07-01T15:10:27.628Z"}
{"level":"info","message":"⌛ Building environment","timeElapsed":115,"timestamp":"2025-07-01T15:10:27.965Z"}
{"level":"info","message":"⌛ Validating arcaneBastion.wlk","timeElapsed":138,"timestamp":"2025-07-01T15:10:28.104Z"}
{"level":"info","message":"⌛ Validating arcaneBastion.wlk","timeElapsed":109,"timestamp":"2025-07-01T15:10:28.213Z"}
{"level":"info","message":"⌛ Building environment","timeElapsed":174,"timestamp":"2025-07-01T15:10:28.387Z"}
{"level":"info","message":"⌛ Validating arcaneBastion.wlk","timeElapsed":113,"timestamp":"2025-07-01T15:10:28.502Z"}
{"level":"info","message":"⌛ Validating arcaneBastion.wlk","timeElapsed":164,"timestamp":"2025-07-01T15:10:28.674Z"}
{"level":"info","message":"⌛ Validating arcaneBastion.wlk","timeElapsed":116,"timestamp":"2025-07-01T15:10:28.790Z"}
{"level":"info","message":"⌛ Validating arcaneBastion.wlk","timeElapsed":109,"timestamp":"2025-07-01T15:10:28.905Z"}
{"level":"info","message":"⌛ Building environment","timeElapsed":118,"timestamp":"2025-07-01T15:10:29.023Z"}
{"level":"info","message":"⌛ Building environment","timeElapsed":116,"timestamp":"2025-07-01T15:10:29.148Z"}
{"level":"info","message":"⌛ Validating arcaneBastion.wlk","timeElapsed":151,"timestamp":"2025-07-01T15:10:29.320Z"}
{"level":"info","message":"⌛ Building environment","timeElapsed":111,"timestamp":"2025-07-01T15:10:29.431Z"}
{"level":"info","message":"⌛ Validating arcaneBastion.wlk","timeElapsed":114,"timestamp":"2025-07-01T15:10:29.551Z"}
{"level":"info","message":"⌛ Validating arcaneBastion.wlk","timeElapsed":116,"timestamp":"2025-07-01T15:10:29.667Z"}
{"level":"info","message":"⌛ Validating arcaneBastion.wlk","timeElapsed":112,"timestamp":"2025-07-01T15:10:29.874Z"}
{"level":"info","message":"⌛ Validating arcaneBastion.wlk","timeElapsed":135,"timestamp":"2025-07-01T15:10:30.068Z"}
{"level":"info","message":"⌛ Building environment","timeElapsed":159,"timestamp":"2025-07-01T15:10:31.045Z"}
{"level":"error","message":"✘ Completions for node Send ([30:4, 30:22] - arcaneBastion.wlk) failed: Error: [Send]{ed8ef0} at arcaneBastion.wlk:30 exhausted all cases without a match [Send]{ed8ef0} at arcaneBastion.wlk:30 exhausted all cases without a match","stack":"Error: [Send]{ed8ef0} at arcaneBastion.wlk:30 exhausted all cases without a match\n    at c:\\Users\\joaom\\.vscode\\extensions\\uqbar.wollok-lsp-ide-0.5.2\\out\\server\\src\\server.js:38:6142\n    at C2 (c:\\Users\\joaom\\.vscode\\extensions\\uqbar.wollok-lsp-ide-0.5.2\\out\\server\\src\\server.js:2362:42)\n    at Gh (c:\\Users\\joaom\\.vscode\\extensions\\uqbar.wollok-lsp-ide-0.5.2\\out\\server\\src\\server.js:2362:1092)\n    at l8n (c:\\Users\\joaom\\.vscode\\extensions\\uqbar.wollok-lsp-ide-0.5.2\\out\\server\\src\\server.js:2362:1248)\n    at c:\\Users\\joaom\\.vscode\\extensions\\uqbar.wollok-lsp-ide-0.5.2\\out\\server\\src\\server.js:38:6131\n    at C2 (c:\\Users\\joaom\\.vscode\\extensions\\uqbar.wollok-lsp-ide-0.5.2\\out\\server\\src\\server.js:2362:42)\n    at c:\\Users\\joaom\\.vscode\\extensions\\uqbar.wollok-lsp-ide-0.5.2\\out\\server\\src\\server.js:2362:2988\n    at c:\\Users\\joaom\\.vscode\\extensions\\uqbar.wollok-lsp-ide-0.5.2\\out\\server\\src\\server.js:2371:8440\n    at c:\\Users\\joaom\\.vscode\\extensions\\uqbar.wollok-lsp-ide-0.5.2\\out\\server\\src\\server.js:37:74872\n    at Ye (c:\\Users\\joaom\\.vscode\\extensions\\uqbar.wollok-lsp-ide-0.5.2\\out\\server\\src\\server.js:7:8527)","timestamp":"2025-07-01T15:10:31.078Z"}
{"level":"info","message":"⌛ Validating arcaneBastion.wlk","timeElapsed":128,"timestamp":"2025-07-01T15:10:31.211Z"}
{"level":"info","message":"⌛ Validating arcaneBastion.wlk","timeElapsed":108,"timestamp":"2025-07-01T15:10:32.299Z"}
{"level":"info","message":"⌛ Building environment","timeElapsed":132,"timestamp":"2025-07-01T15:10:33.835Z"}
{"level":"error","message":"✘ Completions for node Send ([30:4, 30:22] - arcaneBastion.wlk) failed: Error: [Send]{aa86fc} at arcaneBastion.wlk:30 exhausted all cases without a match [Send]{aa86fc} at arcaneBastion.wlk:30 exhausted all cases without a match","stack":"Error: [Send]{aa86fc} at arcaneBastion.wlk:30 exhausted all cases without a match\n    at c:\\Users\\joaom\\.vscode\\extensions\\uqbar.wollok-lsp-ide-0.5.2\\out\\server\\src\\server.js:38:6142\n    at C2 (c:\\Users\\joaom\\.vscode\\extensions\\uqbar.wollok-lsp-ide-0.5.2\\out\\server\\src\\server.js:2362:42)\n    at Gh (c:\\Users\\joaom\\.vscode\\extensions\\uqbar.wollok-lsp-ide-0.5.2\\out\\server\\src\\server.js:2362:1092)\n    at l8n (c:\\Users\\joaom\\.vscode\\extensions\\uqbar.wollok-lsp-ide-0.5.2\\out\\server\\src\\server.js:2362:1248)\n    at c:\\Users\\joaom\\.vscode\\extensions\\uqbar.wollok-lsp-ide-0.5.2\\out\\server\\src\\server.js:38:6131\n    at C2 (c:\\Users\\joaom\\.vscode\\extensions\\uqbar.wollok-lsp-ide-0.5.2\\out\\server\\src\\server.js:2362:42)\n    at c:\\Users\\joaom\\.vscode\\extensions\\uqbar.wollok-lsp-ide-0.5.2\\out\\server\\src\\server.js:2362:2988\n    at c:\\Users\\joaom\\.vscode\\extensions\\uqbar.wollok-lsp-ide-0.5.2\\out\\server\\src\\server.js:2371:8440\n    at c:\\Users\\joaom\\.vscode\\extensions\\uqbar.wollok-lsp-ide-0.5.2\\out\\server\\src\\server.js:37:74872\n    at Ye (c:\\Users\\joaom\\.vscode\\extensions\\uqbar.wollok-lsp-ide-0.5.2\\out\\server\\src\\server.js:7:8527)","timestamp":"2025-07-01T15:10:33.865Z"}
{"level":"info","message":"⌛ Validating arcaneBastion.wlk","timeElapsed":123,"timestamp":"2025-07-01T15:10:33.991Z"}
{"level":"info","message":"⌛ Building environment","timeElapsed":172,"timestamp":"2025-07-01T15:10:34.254Z"}
{"level":"info","message":"⌛ Validating arcaneBastion.wlk","timeElapsed":111,"timestamp":"2025-07-01T15:10:34.366Z"}
{"level":"info","message":"⌛ Validating arcaneBastion.wlk","timeElapsed":126,"timestamp":"2025-07-01T15:10:34.682Z"}
{"level":"info","message":"⌛ Validating arcaneBastion.wlk","timeElapsed":107,"timestamp":"2025-07-01T15:10:34.877Z"}
{"level":"info","message":"⌛ Validating arcaneBastion.wlk","timeElapsed":121,"timestamp":"2025-07-01T15:10:34.998Z"}
{"level":"info","message":"⌛ Validating arcaneBastion.wlk","timeElapsed":115,"timestamp":"2025-07-01T15:10:35.199Z"}
{"level":"info","message":"⌛ Validating arcaneBastion.wlk","timeElapsed":120,"timestamp":"2025-07-01T15:10:35.451Z"}
{"level":"info","message":"⌛ Validating arcaneBastion.wlk","timeElapsed":106,"timestamp":"2025-07-01T15:10:35.557Z"}
{"level":"info","message":"⌛ Building environment","timeElapsed":171,"timestamp":"2025-07-01T15:10:36.918Z"}
{"level":"error","message":"✘ Completions for node Send ([30:4, 30:28] - arcaneBastion.wlk) failed: Error: [Send]{ab77b8} at arcaneBastion.wlk:30 exhausted all cases without a match [Send]{ab77b8} at arcaneBastion.wlk:30 exhausted all cases without a match","stack":"Error: [Send]{ab77b8} at arcaneBastion.wlk:30 exhausted all cases without a match\n    at c:\\Users\\joaom\\.vscode\\extensions\\uqbar.wollok-lsp-ide-0.5.2\\out\\server\\src\\server.js:38:6142\n    at C2 (c:\\Users\\joaom\\.vscode\\extensions\\uqbar.wollok-lsp-ide-0.5.2\\out\\server\\src\\server.js:2362:42)\n    at Gh (c:\\Users\\joaom\\.vscode\\extensions\\uqbar.wollok-lsp-ide-0.5.2\\out\\server\\src\\server.js:2362:1092)\n    at l8n (c:\\Users\\joaom\\.vscode\\extensions\\uqbar.wollok-lsp-ide-0.5.2\\out\\server\\src\\server.js:2362:1248)\n    at c:\\Users\\joaom\\.vscode\\extensions\\uqbar.wollok-lsp-ide-0.5.2\\out\\server\\src\\server.js:38:6131\n    at C2 (c:\\Users\\joaom\\.vscode\\extensions\\uqbar.wollok-lsp-ide-0.5.2\\out\\server\\src\\server.js:2362:42)\n    at c:\\Users\\joaom\\.vscode\\extensions\\uqbar.wollok-lsp-ide-0.5.2\\out\\server\\src\\server.js:2362:2988\n    at c:\\Users\\joaom\\.vscode\\extensions\\uqbar.wollok-lsp-ide-0.5.2\\out\\server\\src\\server.js:2371:8440\n    at c:\\Users\\joaom\\.vscode\\extensions\\uqbar.wollok-lsp-ide-0.5.2\\out\\server\\src\\server.js:37:74872\n    at Ye (c:\\Users\\joaom\\.vscode\\extensions\\uqbar.wollok-lsp-ide-0.5.2\\out\\server\\src\\server.js:7:8527)","timestamp":"2025-07-01T15:10:36.993Z"}
{"level":"info","message":"⌛ Validating arcaneBastion.wlk","timeElapsed":134,"timestamp":"2025-07-01T15:10:37.130Z"}
{"level":"info","message":"⌛ Validating arcaneBastion.wlk","timeElapsed":144,"timestamp":"2025-07-01T15:10:38.836Z"}
{"error":["wollok.lang.EvaluationError: TypeError: Message addVisual: positionable lacks a position message","  at arcaneBastion.arcaneBastion.iniciar() [arcaneBastion.wlk:30]\r","  at main.ArcaneBastion [main.wpgm:9]"],"level":"info","message":"🚀 Program executed \u001b[3m\u001b[34mmain.ArcaneBastion\u001b[39m\u001b[23m on \u001b[3m\u001b[34mc:\\Users\\joaom\\Documents\\TPGameIntegrador-wollokers-group-main\u001b[39m\u001b[23m","ok":false,"timeElapsed":736,"timestamp":"2025-07-01T15:10:49.872Z"}
{"level":"info","message":"⌛ Building environment","timeElapsed":455,"timestamp":"2025-07-01T15:11:44.727Z"}
{"level":"info","message":"⌛ Building environment","timeElapsed":231,"timestamp":"2025-07-01T15:11:44.965Z"}
{"level":"info","message":"⌛ Building environment","timeElapsed":175,"timestamp":"2025-07-01T15:11:45.142Z"}
{"level":"info","message":"⌛ Building environment","timeElapsed":205,"timestamp":"2025-07-01T15:11:45.378Z"}
{"level":"info","message":"⌛ Building environment","timeElapsed":112,"timestamp":"2025-07-01T15:11:45.753Z"}
{"level":"info","message":"⌛ Validating main.wpgm","timeElapsed":222,"timestamp":"2025-07-01T15:11:46.246Z"}
{"level":"info","message":"⌛ Validating bastion.wlk","timeElapsed":138,"timestamp":"2025-07-01T15:11:46.385Z"}
{"level":"info","message":"⌛ Building environment","timeElapsed":212,"timestamp":"2025-07-01T15:11:46.599Z"}
{"level":"info","message":"⌛ Validating niveles.wlk","timeElapsed":108,"timestamp":"2025-07-01T15:11:46.732Z"}
{"level":"info","message":"⌛ Validating menu.wlk","timeElapsed":110,"timestamp":"2025-07-01T15:11:46.847Z"}
{"level":"info","message":"⌛ Validating mago.wlk","timeElapsed":192,"timestamp":"2025-07-01T15:11:47.039Z"}
{"level":"info","message":"⌛ Validating enemigos.wlk","timeElapsed":107,"timestamp":"2025-07-01T15:11:47.147Z"}
{"level":"info","message":"⌛ Validating arcaneBastion.wlk","timeElapsed":140,"timestamp":"2025-07-01T15:11:47.288Z"}
{"level":"info","message":"⌛ Validating administradorDeOleadas.wlk","timeElapsed":149,"timestamp":"2025-07-01T15:11:47.438Z"}
{"level":"info","message":"⌛ Validating administradorDeHechizos.wlk","timeElapsed":127,"timestamp":"2025-07-01T15:11:47.567Z"}
{"level":"info","message":"⌛ Validating administradorDeEnemigos.wlk","timeElapsed":122,"timestamp":"2025-07-01T15:11:47.696Z"}
{"level":"info","message":"⌛ Validating main.wpgm","timeElapsed":135,"timestamp":"2025-07-01T15:11:47.832Z"}
{"level":"info","message":"⌛ Validating mago.wlk","timeElapsed":144,"timestamp":"2025-07-01T15:11:48.243Z"}
{"level":"info","message":"⌛ Validating enemigos.wlk","timeElapsed":126,"timestamp":"2025-07-01T15:11:48.369Z"}
{"level":"info","message":"⌛ Validating arcaneBastion.wlk","timeElapsed":102,"timestamp":"2025-07-01T15:11:48.472Z"}
{"level":"info","message":"⌛ Validating administradorDeOleadas.wlk","timeElapsed":142,"timestamp":"2025-07-01T15:11:48.616Z"}
{"level":"info","message":"⌛ Validating administradorDeHechizos.wlk","timeElapsed":104,"timestamp":"2025-07-01T15:11:48.721Z"}
{"level":"info","message":"⌛ Validating administradorDeEnemigos.wlk","timeElapsed":113,"timestamp":"2025-07-01T15:11:48.834Z"}
{"level":"info","message":"🚀 Program executed \u001b[3m\u001b[34mmain.ArcaneBastion\u001b[39m\u001b[23m on \u001b[3m\u001b[34mc:\\Users\\joaom\\Documents\\TPGameIntegrador-wollokers-group-main\u001b[39m\u001b[23m","ok":true,"timeElapsed":596,"timestamp":"2025-07-01T15:11:57.718Z"}
{"level":"info","message":"⌛ Building environment","timeElapsed":129,"timestamp":"2025-07-01T15:12:34.964Z"}
{"level":"info","message":"⌛ Validating arcaneBastion.wlk","timeElapsed":168,"timestamp":"2025-07-01T15:12:35.134Z"}
{"level":"info","message":"⌛ Building environment","timeElapsed":136,"timestamp":"2025-07-01T15:12:47.279Z"}
{"level":"info","message":"⌛ Validating niveles.wlk","timeElapsed":159,"timestamp":"2025-07-01T15:12:47.438Z"}
{"level":"info","message":"⌛ Building environment","timeElapsed":106,"timestamp":"2025-07-01T15:12:47.771Z"}
{"level":"info","message":"⌛ Validating niveles.wlk","timeElapsed":179,"timestamp":"2025-07-01T15:12:47.952Z"}
{"level":"info","message":"⌛ Building environment","timeElapsed":128,"timestamp":"2025-07-01T15:12:49.104Z"}
{"level":"info","message":"⌛ Validating niveles.wlk","timeElapsed":163,"timestamp":"2025-07-01T15:12:49.269Z"}
{"level":"info","message":"⌛ Building environment","timeElapsed":126,"timestamp":"2025-07-01T15:12:53.514Z"}
{"level":"info","message":"⌛ Validating niveles.wlk","timeElapsed":143,"timestamp":"2025-07-01T15:12:53.659Z"}
{"level":"info","message":"⌛ Building environment","timeElapsed":102,"timestamp":"2025-07-01T15:12:54.453Z"}
{"level":"info","message":"⌛ Validating niveles.wlk","timeElapsed":140,"timestamp":"2025-07-01T15:12:54.595Z"}
{"level":"info","message":"⌛ Building environment","timeElapsed":107,"timestamp":"2025-07-01T15:12:59.239Z"}
{"level":"info","message":"⌛ Validating niveles.wlk","timeElapsed":144,"timestamp":"2025-07-01T15:12:59.384Z"}
{"level":"info","message":"⌛ Building environment","timeElapsed":115,"timestamp":"2025-07-01T15:12:59.599Z"}
{"level":"info","message":"⌛ Building environment","timeElapsed":129,"timestamp":"2025-07-01T15:12:59.739Z"}
{"level":"info","message":"⌛ Validating niveles.wlk","timeElapsed":174,"timestamp":"2025-07-01T15:12:59.947Z"}
{"level":"info","message":"⌛ Validating niveles.wlk","timeElapsed":184,"timestamp":"2025-07-01T15:13:00.131Z"}
{"level":"info","message":"⌛ Building environment","timeElapsed":144,"timestamp":"2025-07-01T15:13:00.284Z"}
{"level":"info","message":"⌛ Building environment","timeElapsed":222,"timestamp":"2025-07-01T15:13:00.514Z"}
{"level":"info","message":"⌛ Building environment","timeElapsed":158,"timestamp":"2025-07-01T15:13:00.692Z"}
{"level":"info","message":"⌛ Validating niveles.wlk","timeElapsed":179,"timestamp":"2025-07-01T15:13:00.903Z"}
{"level":"info","message":"⌛ Building environment","timeElapsed":123,"timestamp":"2025-07-01T15:13:01.027Z"}
{"level":"info","message":"⌛ Validating niveles.wlk","timeElapsed":151,"timestamp":"2025-07-01T15:13:01.179Z"}
{"level":"info","message":"⌛ Building environment","timeElapsed":115,"timestamp":"2025-07-01T15:13:01.295Z"}
{"level":"info","message":"⌛ Validating niveles.wlk","timeElapsed":196,"timestamp":"2025-07-01T15:13:01.492Z"}
{"level":"info","message":"⌛ Building environment","timeElapsed":136,"timestamp":"2025-07-01T15:13:01.639Z"}
{"level":"info","message":"⌛ Building environment","timeElapsed":207,"timestamp":"2025-07-01T15:13:01.847Z"}
{"level":"error","message":"✘ Failed to rebuild document Failed to parse niveles.wlk: \n-- PARSING FAILED --------------------------------------------------\n\n  12 |         keyboard.space().onPressDo({game.removeVisual(self)})\n  13 |         menu.aparecerAlTocar()\n> 14 |     }\n     |     ^\n  15 |     method aparecerAlTocar(){\n  16 |         keyboard.enter().onPressDo({game.addVisual(self)})\n\nExpected one of the following: \n\n'@', 'class', 'const', 'describe', 'mixin', 'object', 'only', 'package', 'program', 'test', 'var', '{', EOF, comment, not \"}\r\n    \", whitespace\n","stack":"Error: Failed to parse niveles.wlk: \n-- PARSING FAILED --------------------------------------------------\n\n  12 |         keyboard.space().onPressDo({game.removeVisual(self)})\n  13 |         menu.aparecerAlTocar()\n> 14 |     }\n     |     ^\n  15 |     method aparecerAlTocar(){\n  16 |         keyboard.enter().onPressDo({game.addVisual(self)})\n\nExpected one of the following: \n\n'@', 'class', 'const', 'describe', 'mixin', 'object', 'only', 'package', 'program', 'test', 'var', '{', EOF, comment, not \"}\r\n    \", whitespace\n\n    at c:\\Users\\joaom\\.vscode\\extensions\\uqbar.wollok-lsp-ide-0.5.2\\out\\server\\src\\server.js:2326:13026\n    at Array.map (<anonymous>)\n    at D1n (c:\\Users\\joaom\\.vscode\\extensions\\uqbar.wollok-lsp-ide-0.5.2\\out\\server\\src\\server.js:2326:12950)\n    at W2.buildEnvironmentFrom (c:\\Users\\joaom\\.vscode\\extensions\\uqbar.wollok-lsp-ide-0.5.2\\out\\server\\src\\server.js:2371:5254)\n    at W2.updateEnvironmentWith (c:\\Users\\joaom\\.vscode\\extensions\\uqbar.wollok-lsp-ide-0.5.2\\out\\server\\src\\server.js:2371:4989)\n    at GF (c:\\Users\\joaom\\.vscode\\extensions\\uqbar.wollok-lsp-ide-0.5.2\\out\\server\\src\\server.js:2371:7383)\n    at L3.invoke (c:\\Users\\joaom\\.vscode\\extensions\\uqbar.wollok-lsp-ide-0.5.2\\out\\server\\src\\server.js:3:157326)\n    at o.fire (c:\\Users\\joaom\\.vscode\\extensions\\uqbar.wollok-lsp-ide-0.5.2\\out\\server\\src\\server.js:3:158096)\n    at c:\\Users\\joaom\\.vscode\\extensions\\uqbar.wollok-lsp-ide-0.5.2\\out\\server\\src\\server.js:37:57871\n    at Kr (c:\\Users\\joaom\\.vscode\\extensions\\uqbar.wollok-lsp-ide-0.5.2\\out\\server\\src\\server.js:8:1561)","timestamp":"2025-07-01T15:13:01.870Z"}
{"level":"info","message":"⌛ Validating niveles.wlk","timeElapsed":173,"timestamp":"2025-07-01T15:13:02.044Z"}
{"level":"error","message":"✘ Failed to rebuild document Failed to parse niveles.wlk: \n-- PARSING FAILED --------------------------------------------------\n\n  12 |         keyboard.space().onPressDo({game.removeVisual(self)})\n  13 |         menu.aparecerAlTocar()\n> 14 |     }\n     |     ^\n  15 |     method aparecerAlTocar(){\n  16 |         keyboard.enter().onPressDo({game.addVisual(self)})\n\nExpected one of the following: \n\n'@', 'class', 'const', 'describe', 'mixin', 'object', 'only', 'package', 'program', 'test', 'var', '{', EOF, comment, not \"}\r\n    \", whitespace\n","stack":"Error: Failed to parse niveles.wlk: \n-- PARSING FAILED --------------------------------------------------\n\n  12 |         keyboard.space().onPressDo({game.removeVisual(self)})\n  13 |         menu.aparecerAlTocar()\n> 14 |     }\n     |     ^\n  15 |     method aparecerAlTocar(){\n  16 |         keyboard.enter().onPressDo({game.addVisual(self)})\n\nExpected one of the following: \n\n'@', 'class', 'const', 'describe', 'mixin', 'object', 'only', 'package', 'program', 'test', 'var', '{', EOF, comment, not \"}\r\n    \", whitespace\n\n    at c:\\Users\\joaom\\.vscode\\extensions\\uqbar.wollok-lsp-ide-0.5.2\\out\\server\\src\\server.js:2326:13026\n    at Array.map (<anonymous>)\n    at D1n (c:\\Users\\joaom\\.vscode\\extensions\\uqbar.wollok-lsp-ide-0.5.2\\out\\server\\src\\server.js:2326:12950)\n    at W2.buildEnvironmentFrom (c:\\Users\\joaom\\.vscode\\extensions\\uqbar.wollok-lsp-ide-0.5.2\\out\\server\\src\\server.js:2371:5254)\n    at W2.updateEnvironmentWith (c:\\Users\\joaom\\.vscode\\extensions\\uqbar.wollok-lsp-ide-0.5.2\\out\\server\\src\\server.js:2371:4989)\n    at GF (c:\\Users\\joaom\\.vscode\\extensions\\uqbar.wollok-lsp-ide-0.5.2\\out\\server\\src\\server.js:2371:7383)\n    at L3.invoke (c:\\Users\\joaom\\.vscode\\extensions\\uqbar.wollok-lsp-ide-0.5.2\\out\\server\\src\\server.js:3:157326)\n    at o.fire (c:\\Users\\joaom\\.vscode\\extensions\\uqbar.wollok-lsp-ide-0.5.2\\out\\server\\src\\server.js:3:158096)\n    at c:\\Users\\joaom\\.vscode\\extensions\\uqbar.wollok-lsp-ide-0.5.2\\out\\server\\src\\server.js:37:57871\n    at Kr (c:\\Users\\joaom\\.vscode\\extensions\\uqbar.wollok-lsp-ide-0.5.2\\out\\server\\src\\server.js:8:1561)","timestamp":"2025-07-01T15:13:02.053Z"}
{"level":"info","message":"⌛ Building environment","timeElapsed":117,"timestamp":"2025-07-01T15:13:02.171Z"}
{"level":"info","message":"⌛ Validating niveles.wlk","timeElapsed":168,"timestamp":"2025-07-01T15:13:02.391Z"}
{"level":"info","message":"⌛ Building environment","timeElapsed":125,"timestamp":"2025-07-01T15:13:02.517Z"}
{"level":"info","message":"⌛ Building environment","timeElapsed":126,"timestamp":"2025-07-01T15:13:02.645Z"}
{"level":"info","message":"⌛ Building environment","timeElapsed":110,"timestamp":"2025-07-01T15:13:02.756Z"}
{"level":"info","message":"⌛ Validating niveles.wlk","timeElapsed":162,"timestamp":"2025-07-01T15:13:02.918Z"}
{"level":"info","message":"⌛ Building environment","timeElapsed":101,"timestamp":"2025-07-01T15:13:03.026Z"}
{"level":"info","message":"⌛ Building environment","timeElapsed":142,"timestamp":"2025-07-01T15:13:03.169Z"}
{"level":"info","message":"⌛ Validating niveles.wlk","timeElapsed":157,"timestamp":"2025-07-01T15:13:03.327Z"}
{"level":"info","message":"⌛ Building environment","timeElapsed":122,"timestamp":"2025-07-01T15:13:03.450Z"}
{"level":"info","message":"⌛ Validating niveles.wlk","timeElapsed":195,"timestamp":"2025-07-01T15:13:03.646Z"}
{"level":"error","message":"✘ Failed to rebuild document Failed to parse niveles.wlk: \n-- PARSING FAILED --------------------------------------------------\n\n  12 |         keyboard.space().onPressDo({game.removeVisual(self)})\n  13 |         menu.aparecerAlTocar()\n> 14 |     }\n     |     ^\n  15 |     method aparecerAlTocar(){\n  16 |         keyboard.enter().onPressDo({game.addVisual(self)})\n\nExpected one of the following: \n\n'@', 'class', 'const', 'describe', 'mixin', 'object', 'only', 'package', 'program', 'test', 'var', '{', EOF, comment, not \"}\r\n    \", whitespace\n","stack":"Error: Failed to parse niveles.wlk: \n-- PARSING FAILED --------------------------------------------------\n\n  12 |         keyboard.space().onPressDo({game.removeVisual(self)})\n  13 |         menu.aparecerAlTocar()\n> 14 |     }\n     |     ^\n  15 |     method aparecerAlTocar(){\n  16 |         keyboard.enter().onPressDo({game.addVisual(self)})\n\nExpected one of the following: \n\n'@', 'class', 'const', 'describe', 'mixin', 'object', 'only', 'package', 'program', 'test', 'var', '{', EOF, comment, not \"}\r\n    \", whitespace\n\n    at c:\\Users\\joaom\\.vscode\\extensions\\uqbar.wollok-lsp-ide-0.5.2\\out\\server\\src\\server.js:2326:13026\n    at Array.map (<anonymous>)\n    at D1n (c:\\Users\\joaom\\.vscode\\extensions\\uqbar.wollok-lsp-ide-0.5.2\\out\\server\\src\\server.js:2326:12950)\n    at W2.buildEnvironmentFrom (c:\\Users\\joaom\\.vscode\\extensions\\uqbar.wollok-lsp-ide-0.5.2\\out\\server\\src\\server.js:2371:5254)\n    at W2.updateEnvironmentWith (c:\\Users\\joaom\\.vscode\\extensions\\uqbar.wollok-lsp-ide-0.5.2\\out\\server\\src\\server.js:2371:4989)\n    at GF (c:\\Users\\joaom\\.vscode\\extensions\\uqbar.wollok-lsp-ide-0.5.2\\out\\server\\src\\server.js:2371:7383)\n    at L3.invoke (c:\\Users\\joaom\\.vscode\\extensions\\uqbar.wollok-lsp-ide-0.5.2\\out\\server\\src\\server.js:3:157326)\n    at o.fire (c:\\Users\\joaom\\.vscode\\extensions\\uqbar.wollok-lsp-ide-0.5.2\\out\\server\\src\\server.js:3:158096)\n    at c:\\Users\\joaom\\.vscode\\extensions\\uqbar.wollok-lsp-ide-0.5.2\\out\\server\\src\\server.js:37:57871\n    at Kr (c:\\Users\\joaom\\.vscode\\extensions\\uqbar.wollok-lsp-ide-0.5.2\\out\\server\\src\\server.js:8:1561)","timestamp":"2025-07-01T15:13:03.802Z"}
{"level":"info","message":"⌛ Validating niveles.wlk","timeElapsed":202,"timestamp":"2025-07-01T15:13:04.060Z"}
{"level":"info","message":"⌛ Validating niveles.wlk","timeElapsed":151,"timestamp":"2025-07-01T15:13:04.214Z"}
{"level":"info","message":"⌛ Validating niveles.wlk","timeElapsed":159,"timestamp":"2025-07-01T15:13:04.381Z"}
{"level":"info","message":"⌛ Building environment","timeElapsed":135,"timestamp":"2025-07-01T15:13:04.517Z"}
{"level":"info","message":"⌛ Validating niveles.wlk","timeElapsed":147,"timestamp":"2025-07-01T15:13:04.665Z"}
{"level":"info","message":"⌛ Validating niveles.wlk","timeElapsed":162,"timestamp":"2025-07-01T15:13:04.848Z"}
{"level":"info","message":"⌛ Validating niveles.wlk","timeElapsed":151,"timestamp":"2025-07-01T15:13:05.004Z"}
{"level":"info","message":"⌛ Validating niveles.wlk","timeElapsed":148,"timestamp":"2025-07-01T15:13:05.170Z"}
{"exitCode":"SIGHUP","level":"info","message":"👾 Game executed main.ArcaneBastion on c:\\Users\\joaom\\Documents\\TPGameIntegrador-wollokers-group-main","timeElapsed":70437,"timestamp":"2025-07-01T15:13:07.558Z"}
{"level":"info","message":"🚀 Program executed \u001b[3m\u001b[34mmain.ArcaneBastion\u001b[39m\u001b[23m on \u001b[3m\u001b[34mc:\\Users\\joaom\\Documents\\TPGameIntegrador-wollokers-group-main\u001b[39m\u001b[23m","ok":true,"timeElapsed":565,"timestamp":"2025-07-01T15:13:10.199Z"}
{"exitCode":"SIGHUP","level":"info","message":"👾 Game executed main.ArcaneBastion on c:\\Users\\joaom\\Documents\\TPGameIntegrador-wollokers-group-main","timeElapsed":3555,"timestamp":"2025-07-01T15:13:13.188Z"}
{"level":"info","message":"🚀 Program executed \u001b[3m\u001b[34mmain.ArcaneBastion\u001b[39m\u001b[23m on \u001b[3m\u001b[34mc:\\Users\\joaom\\Documents\\TPGameIntegrador-wollokers-group-main\u001b[39m\u001b[23m","ok":true,"timeElapsed":572,"timestamp":"2025-07-01T15:13:15.489Z"}
{"level":"info","message":"⌛ Building environment","timeElapsed":222,"timestamp":"2025-07-01T15:17:11.809Z"}
{"level":"info","message":"⌛ Validating mana.wlk","timeElapsed":362,"timestamp":"2025-07-01T15:17:12.238Z"}
{"level":"info","message":"⌛ Building environment","timeElapsed":168,"timestamp":"2025-07-01T15:17:12.860Z"}
{"level":"info","message":"⌛ Validating mana.wlk","timeElapsed":335,"timestamp":"2025-07-01T15:17:13.206Z"}
{"level":"info","message":"⌛ Building environment","timeElapsed":119,"timestamp":"2025-07-01T15:17:28.769Z"}
{"level":"info","message":"⌛ Validating mana.wlk","timeElapsed":191,"timestamp":"2025-07-01T15:17:28.960Z"}
{"level":"info","message":"⌛ Building environment","timeElapsed":115,"timestamp":"2025-07-01T15:17:29.366Z"}
{"level":"info","message":"⌛ Validating mana.wlk","timeElapsed":169,"timestamp":"2025-07-01T15:17:29.536Z"}
{"level":"info","message":"⌛ Building environment","timeElapsed":115,"timestamp":"2025-07-01T15:17:34.576Z"}
{"level":"info","message":"⌛ Validating mana.wlk","timeElapsed":143,"timestamp":"2025-07-01T15:17:34.764Z"}
{"level":"info","message":"⌛ Building environment","timeElapsed":105,"timestamp":"2025-07-01T15:17:34.873Z"}
{"level":"info","message":"⌛ Building environment","timeElapsed":135,"timestamp":"2025-07-01T15:17:35.008Z"}
{"level":"info","message":"⌛ Validating mana.wlk","timeElapsed":149,"timestamp":"2025-07-01T15:17:35.209Z"}
{"level":"info","message":"⌛ Validating mana.wlk","timeElapsed":180,"timestamp":"2025-07-01T15:17:35.488Z"}
{"level":"info","message":"⌛ Validating mana.wlk","timeElapsed":155,"timestamp":"2025-07-01T15:17:35.653Z"}
{"level":"info","message":"⌛ Building environment","timeElapsed":103,"timestamp":"2025-07-01T15:17:38.962Z"}
{"level":"info","message":"⌛ Validating mana.wlk","timeElapsed":136,"timestamp":"2025-07-01T15:17:39.099Z"}
{"level":"info","message":"⌛ Building environment","timeElapsed":108,"timestamp":"2025-07-01T15:17:39.216Z"}
{"level":"info","message":"⌛ Validating mana.wlk","timeElapsed":136,"timestamp":"2025-07-01T15:17:39.353Z"}
{"level":"info","message":"⌛ Validating mana.wlk","timeElapsed":148,"timestamp":"2025-07-01T15:17:39.965Z"}
{"level":"info","message":"⌛ Building environment","timeElapsed":150,"timestamp":"2025-07-01T15:17:40.116Z"}
{"level":"info","message":"⌛ Building environment","timeElapsed":130,"timestamp":"2025-07-01T15:17:40.246Z"}
{"level":"info","message":"⌛ Validating mana.wlk","timeElapsed":177,"timestamp":"2025-07-01T15:17:40.527Z"}
{"level":"info","message":"⌛ Validating mana.wlk","timeElapsed":156,"timestamp":"2025-07-01T15:17:40.788Z"}
{"level":"info","message":"⌛ Validating mana.wlk","timeElapsed":138,"timestamp":"2025-07-01T15:17:40.927Z"}
{"level":"info","message":"⌛ Building environment","timeElapsed":145,"timestamp":"2025-07-01T15:17:41.180Z"}
{"level":"info","message":"⌛ Validating mana.wlk","timeElapsed":235,"timestamp":"2025-07-01T15:17:41.417Z"}
{"level":"info","message":"⌛ Validating mana.wlk","timeElapsed":206,"timestamp":"2025-07-01T15:17:41.753Z"}
{"level":"info","message":"⌛ Validating mana.wlk","timeElapsed":168,"timestamp":"2025-07-01T15:17:41.922Z"}
{"level":"info","message":"⌛ Building environment","timeElapsed":104,"timestamp":"2025-07-01T15:17:42.257Z"}
{"level":"info","message":"⌛ Validating mana.wlk","timeElapsed":145,"timestamp":"2025-07-01T15:17:42.420Z"}
{"level":"info","message":"⌛ Building environment","timeElapsed":165,"timestamp":"2025-07-01T15:17:42.995Z"}
{"level":"info","message":"⌛ Validating mana.wlk","timeElapsed":146,"timestamp":"2025-07-01T15:17:43.165Z"}
{"level":"info","message":"⌛ Validating mana.wlk","timeElapsed":138,"timestamp":"2025-07-01T15:17:43.303Z"}
{"level":"info","message":"⌛ Validating mana.wlk","timeElapsed":147,"timestamp":"2025-07-01T15:17:43.459Z"}
{"level":"info","message":"⌛ Validating mana.wlk","timeElapsed":155,"timestamp":"2025-07-01T15:17:43.616Z"}
{"level":"info","message":"⌛ Validating mana.wlk","timeElapsed":140,"timestamp":"2025-07-01T15:17:43.757Z"}
{"level":"info","message":"⌛ Validating mana.wlk","timeElapsed":143,"timestamp":"2025-07-01T15:17:43.902Z"}
{"level":"info","message":"⌛ Validating mana.wlk","timeElapsed":154,"timestamp":"2025-07-01T15:17:44.057Z"}
{"level":"info","message":"⌛ Validating mana.wlk","timeElapsed":230,"timestamp":"2025-07-01T15:17:44.287Z"}
{"level":"info","message":"⌛ Building environment","timeElapsed":116,"timestamp":"2025-07-01T15:18:23.367Z"}
{"level":"error","message":"✘ Completions for node Send ([16:50, 16:59] - mana.wlk) failed: Error: [Send]{53b6a5} at mana.wlk:16 exhausted all cases without a match [Send]{53b6a5} at mana.wlk:16 exhausted all cases without a match","stack":"Error: [Send]{53b6a5} at mana.wlk:16 exhausted all cases without a match\n    at c:\\Users\\joaom\\.vscode\\extensions\\uqbar.wollok-lsp-ide-0.5.2\\out\\server\\src\\server.js:38:6142\n    at C2 (c:\\Users\\joaom\\.vscode\\extensions\\uqbar.wollok-lsp-ide-0.5.2\\out\\server\\src\\server.js:2362:42)\n    at Gh (c:\\Users\\joaom\\.vscode\\extensions\\uqbar.wollok-lsp-ide-0.5.2\\out\\server\\src\\server.js:2362:1092)\n    at l8n (c:\\Users\\joaom\\.vscode\\extensions\\uqbar.wollok-lsp-ide-0.5.2\\out\\server\\src\\server.js:2362:1248)\n    at c:\\Users\\joaom\\.vscode\\extensions\\uqbar.wollok-lsp-ide-0.5.2\\out\\server\\src\\server.js:38:6131\n    at C2 (c:\\Users\\joaom\\.vscode\\extensions\\uqbar.wollok-lsp-ide-0.5.2\\out\\server\\src\\server.js:2362:42)\n    at c:\\Users\\joaom\\.vscode\\extensions\\uqbar.wollok-lsp-ide-0.5.2\\out\\server\\src\\server.js:2362:2988\n    at c:\\Users\\joaom\\.vscode\\extensions\\uqbar.wollok-lsp-ide-0.5.2\\out\\server\\src\\server.js:2371:8440\n    at c:\\Users\\joaom\\.vscode\\extensions\\uqbar.wollok-lsp-ide-0.5.2\\out\\server\\src\\server.js:37:74872\n    at Ye (c:\\Users\\joaom\\.vscode\\extensions\\uqbar.wollok-lsp-ide-0.5.2\\out\\server\\src\\server.js:7:8527)","timestamp":"2025-07-01T15:18:23.428Z"}
{"level":"error","message":"✘ Completions for node Send ([16:50, 16:95] - mana.wlk) failed: Error: [Send]{56fa21} at mana.wlk:16 exhausted all cases without a match [Send]{56fa21} at mana.wlk:16 exhausted all cases without a match","stack":"Error: [Send]{56fa21} at mana.wlk:16 exhausted all cases without a match\n    at c:\\Users\\joaom\\.vscode\\extensions\\uqbar.wollok-lsp-ide-0.5.2\\out\\server\\src\\server.js:38:6142\n    at C2 (c:\\Users\\joaom\\.vscode\\extensions\\uqbar.wollok-lsp-ide-0.5.2\\out\\server\\src\\server.js:2362:42)\n    at Gh (c:\\Users\\joaom\\.vscode\\extensions\\uqbar.wollok-lsp-ide-0.5.2\\out\\server\\src\\server.js:2362:1092)\n    at C2 (c:\\Users\\joaom\\.vscode\\extensions\\uqbar.wollok-lsp-ide-0.5.2\\out\\server\\src\\server.js:2362:544)\n    at Gh (c:\\Users\\joaom\\.vscode\\extensions\\uqbar.wollok-lsp-ide-0.5.2\\out\\server\\src\\server.js:2362:1092)\n    at l8n (c:\\Users\\joaom\\.vscode\\extensions\\uqbar.wollok-lsp-ide-0.5.2\\out\\server\\src\\server.js:2362:1248)\n    at c:\\Users\\joaom\\.vscode\\extensions\\uqbar.wollok-lsp-ide-0.5.2\\out\\server\\src\\server.js:38:6131\n    at C2 (c:\\Users\\joaom\\.vscode\\extensions\\uqbar.wollok-lsp-ide-0.5.2\\out\\server\\src\\server.js:2362:42)\n    at c:\\Users\\joaom\\.vscode\\extensions\\uqbar.wollok-lsp-ide-0.5.2\\out\\server\\src\\server.js:2362:2988\n    at c:\\Users\\joaom\\.vscode\\extensions\\uqbar.wollok-lsp-ide-0.5.2\\out\\server\\src\\server.js:2371:8440","timestamp":"2025-07-01T15:18:23.429Z"}
{"level":"error","message":"✘ Completions for node Send ([16:50, 16:101] - mana.wlk) failed: Error: [Send]{643d4b} at mana.wlk:16 exhausted all cases without a match [Send]{643d4b} at mana.wlk:16 exhausted all cases without a match","stack":"Error: [Send]{643d4b} at mana.wlk:16 exhausted all cases without a match\n    at c:\\Users\\joaom\\.vscode\\extensions\\uqbar.wollok-lsp-ide-0.5.2\\out\\server\\src\\server.js:38:6142\n    at C2 (c:\\Users\\joaom\\.vscode\\extensions\\uqbar.wollok-lsp-ide-0.5.2\\out\\server\\src\\server.js:2362:42)\n    at Gh (c:\\Users\\joaom\\.vscode\\extensions\\uqbar.wollok-lsp-ide-0.5.2\\out\\server\\src\\server.js:2362:1092)\n    at C2 (c:\\Users\\joaom\\.vscode\\extensions\\uqbar.wollok-lsp-ide-0.5.2\\out\\server\\src\\server.js:2362:544)\n    at Gh (c:\\Users\\joaom\\.vscode\\extensions\\uqbar.wollok-lsp-ide-0.5.2\\out\\server\\src\\server.js:2362:1092)\n    at C2 (c:\\Users\\joaom\\.vscode\\extensions\\uqbar.wollok-lsp-ide-0.5.2\\out\\server\\src\\server.js:2362:544)\n    at Gh (c:\\Users\\joaom\\.vscode\\extensions\\uqbar.wollok-lsp-ide-0.5.2\\out\\server\\src\\server.js:2362:1092)\n    at l8n (c:\\Users\\joaom\\.vscode\\extensions\\uqbar.wollok-lsp-ide-0.5.2\\out\\server\\src\\server.js:2362:1248)\n    at c:\\Users\\joaom\\.vscode\\extensions\\uqbar.wollok-lsp-ide-0.5.2\\out\\server\\src\\server.js:38:6131\n    at C2 (c:\\Users\\joaom\\.vscode\\extensions\\uqbar.wollok-lsp-ide-0.5.2\\out\\server\\src\\server.js:2362:42)","timestamp":"2025-07-01T15:18:23.429Z"}
{"level":"error","message":"✘ Completions for node Send ([16:37, 16:101] - mana.wlk) failed: Error: [Send]{dd5b0d} at mana.wlk:16 exhausted all cases without a match [Send]{dd5b0d} at mana.wlk:16 exhausted all cases without a match","stack":"Error: [Send]{dd5b0d} at mana.wlk:16 exhausted all cases without a match\n    at c:\\Users\\joaom\\.vscode\\extensions\\uqbar.wollok-lsp-ide-0.5.2\\out\\server\\src\\server.js:38:6142\n    at C2 (c:\\Users\\joaom\\.vscode\\extensions\\uqbar.wollok-lsp-ide-0.5.2\\out\\server\\src\\server.js:2362:42)\n    at Gh (c:\\Users\\joaom\\.vscode\\extensions\\uqbar.wollok-lsp-ide-0.5.2\\out\\server\\src\\server.js:2362:1092)\n    at C2 (c:\\Users\\joaom\\.vscode\\extensions\\uqbar.wollok-lsp-ide-0.5.2\\out\\server\\src\\server.js:2362:544)\n    at Gh (c:\\Users\\joaom\\.vscode\\extensions\\uqbar.wollok-lsp-ide-0.5.2\\out\\server\\src\\server.js:2362:1092)\n    at C2 (c:\\Users\\joaom\\.vscode\\extensions\\uqbar.wollok-lsp-ide-0.5.2\\out\\server\\src\\server.js:2362:544)\n    at Gh (c:\\Users\\joaom\\.vscode\\extensions\\uqbar.wollok-lsp-ide-0.5.2\\out\\server\\src\\server.js:2362:1092)\n    at C2 (c:\\Users\\joaom\\.vscode\\extensions\\uqbar.wollok-lsp-ide-0.5.2\\out\\server\\src\\server.js:2362:544)\n    at Gh (c:\\Users\\joaom\\.vscode\\extensions\\uqbar.wollok-lsp-ide-0.5.2\\out\\server\\src\\server.js:2362:1092)\n    at l8n (c:\\Users\\joaom\\.vscode\\extensions\\uqbar.wollok-lsp-ide-0.5.2\\out\\server\\src\\server.js:2362:1248)","timestamp":"2025-07-01T15:18:23.429Z"}
{"level":"error","message":"✘ Completions for node Send ([16:25, 16:102] - mana.wlk) failed: Error: [Send]{7f9bc6} at mana.wlk:16 exhausted all cases without a match [Send]{7f9bc6} at mana.wlk:16 exhausted all cases without a match","stack":"Error: [Send]{7f9bc6} at mana.wlk:16 exhausted all cases without a match\n    at c:\\Users\\joaom\\.vscode\\extensions\\uqbar.wollok-lsp-ide-0.5.2\\out\\server\\src\\server.js:38:6142\n    at C2 (c:\\Users\\joaom\\.vscode\\extensions\\uqbar.wollok-lsp-ide-0.5.2\\out\\server\\src\\server.js:2362:42)\n    at Gh (c:\\Users\\joaom\\.vscode\\extensions\\uqbar.wollok-lsp-ide-0.5.2\\out\\server\\src\\server.js:2362:1092)\n    at C2 (c:\\Users\\joaom\\.vscode\\extensions\\uqbar.wollok-lsp-ide-0.5.2\\out\\server\\src\\server.js:2362:544)\n    at Gh (c:\\Users\\joaom\\.vscode\\extensions\\uqbar.wollok-lsp-ide-0.5.2\\out\\server\\src\\server.js:2362:1092)\n    at C2 (c:\\Users\\joaom\\.vscode\\extensions\\uqbar.wollok-lsp-ide-0.5.2\\out\\server\\src\\server.js:2362:544)\n    at Gh (c:\\Users\\joaom\\.vscode\\extensions\\uqbar.wollok-lsp-ide-0.5.2\\out\\server\\src\\server.js:2362:1092)\n    at C2 (c:\\Users\\joaom\\.vscode\\extensions\\uqbar.wollok-lsp-ide-0.5.2\\out\\server\\src\\server.js:2362:544)\n    at Gh (c:\\Users\\joaom\\.vscode\\extensions\\uqbar.wollok-lsp-ide-0.5.2\\out\\server\\src\\server.js:2362:1092)\n    at C2 (c:\\Users\\joaom\\.vscode\\extensions\\uqbar.wollok-lsp-ide-0.5.2\\out\\server\\src\\server.js:2362:544)","timestamp":"2025-07-01T15:18:23.429Z"}
{"level":"info","message":"⌛ Validating mana.wlk","timeElapsed":247,"timestamp":"2025-07-01T15:18:23.683Z"}
{"level":"info","message":"⌛ Building environment","timeElapsed":114,"timestamp":"2025-07-01T15:18:23.798Z"}
{"level":"info","message":"⌛ Building environment","timeElapsed":109,"timestamp":"2025-07-01T15:18:23.908Z"}
{"level":"info","message":"⌛ Building environment","timeElapsed":118,"timestamp":"2025-07-01T15:18:24.027Z"}
{"level":"info","message":"⌛ Validating mana.wlk","timeElapsed":162,"timestamp":"2025-07-01T15:18:24.190Z"}
{"level":"info","message":"⌛ Validating mana.wlk","timeElapsed":158,"timestamp":"2025-07-01T15:18:24.349Z"}
{"level":"info","message":"⌛ Validating mana.wlk","timeElapsed":149,"timestamp":"2025-07-01T15:18:24.510Z"}
{"level":"info","message":"⌛ Building environment","timeElapsed":112,"timestamp":"2025-07-01T15:18:24.623Z"}
{"level":"info","message":"⌛ Validating mana.wlk","timeElapsed":138,"timestamp":"2025-07-01T15:18:24.867Z"}
{"level":"info","message":"⌛ Validating mana.wlk","timeElapsed":166,"timestamp":"2025-07-01T15:18:25.034Z"}
{"level":"error","message":"✘ Failed to rebuild document Failed to parse mana.wlk: \n-- PARSING FAILED --------------------------------------------------\n\n  27 | \t}\n  28 | \tmethod recibeDanioMago(danio,enemigo){}\n> 29 | }\n     | ^\n\nExpected one of the following: \n\n'@', 'class', 'const', 'describe', 'mixin', 'object', 'only', 'package', 'program', 'test', 'var', '{', EOF, comment, not \"}\", whitespace\n","stack":"Error: Failed to parse mana.wlk: \n-- PARSING FAILED --------------------------------------------------\n\n  27 | \t}\n  28 | \tmethod recibeDanioMago(danio,enemigo){}\n> 29 | }\n     | ^\n\nExpected one of the following: \n\n'@', 'class', 'const', 'describe', 'mixin', 'object', 'only', 'package', 'program', 'test', 'var', '{', EOF, comment, not \"}\", whitespace\n\n    at c:\\Users\\joaom\\.vscode\\extensions\\uqbar.wollok-lsp-ide-0.5.2\\out\\server\\src\\server.js:2326:13026\n    at Array.map (<anonymous>)\n    at D1n (c:\\Users\\joaom\\.vscode\\extensions\\uqbar.wollok-lsp-ide-0.5.2\\out\\server\\src\\server.js:2326:12950)\n    at W2.buildEnvironmentFrom (c:\\Users\\joaom\\.vscode\\extensions\\uqbar.wollok-lsp-ide-0.5.2\\out\\server\\src\\server.js:2371:5254)\n    at W2.updateEnvironmentWith (c:\\Users\\joaom\\.vscode\\extensions\\uqbar.wollok-lsp-ide-0.5.2\\out\\server\\src\\server.js:2371:4989)\n    at GF (c:\\Users\\joaom\\.vscode\\extensions\\uqbar.wollok-lsp-ide-0.5.2\\out\\server\\src\\server.js:2371:7383)\n    at L3.invoke (c:\\Users\\joaom\\.vscode\\extensions\\uqbar.wollok-lsp-ide-0.5.2\\out\\server\\src\\server.js:3:157326)\n    at o.fire (c:\\Users\\joaom\\.vscode\\extensions\\uqbar.wollok-lsp-ide-0.5.2\\out\\server\\src\\server.js:3:158096)\n    at c:\\Users\\joaom\\.vscode\\extensions\\uqbar.wollok-lsp-ide-0.5.2\\out\\server\\src\\server.js:37:57871\n    at Kr (c:\\Users\\joaom\\.vscode\\extensions\\uqbar.wollok-lsp-ide-0.5.2\\out\\server\\src\\server.js:8:1561)","timestamp":"2025-07-01T15:18:28.909Z"}
{"level":"error","message":"✘ Failed to rebuild document Failed to parse mana.wlk: \n-- PARSING FAILED --------------------------------------------------\n\n  27 | \t}\n  28 | \tmethod recibeDanioMago(danio,enemigo){}\n> 29 | }\n     | ^\n\nExpected one of the following: \n\n'@', 'class', 'const', 'describe', 'mixin', 'object', 'only', 'package', 'program', 'test', 'var', '{', EOF, comment, not \"}\", whitespace\n","stack":"Error: Failed to parse mana.wlk: \n-- PARSING FAILED --------------------------------------------------\n\n  27 | \t}\n  28 | \tmethod recibeDanioMago(danio,enemigo){}\n> 29 | }\n     | ^\n\nExpected one of the following: \n\n'@', 'class', 'const', 'describe', 'mixin', 'object', 'only', 'package', 'program', 'test', 'var', '{', EOF, comment, not \"}\", whitespace\n\n    at c:\\Users\\joaom\\.vscode\\extensions\\uqbar.wollok-lsp-ide-0.5.2\\out\\server\\src\\server.js:2326:13026\n    at Array.map (<anonymous>)\n    at D1n (c:\\Users\\joaom\\.vscode\\extensions\\uqbar.wollok-lsp-ide-0.5.2\\out\\server\\src\\server.js:2326:12950)\n    at W2.buildEnvironmentFrom (c:\\Users\\joaom\\.vscode\\extensions\\uqbar.wollok-lsp-ide-0.5.2\\out\\server\\src\\server.js:2371:5254)\n    at W2.updateEnvironmentWith (c:\\Users\\joaom\\.vscode\\extensions\\uqbar.wollok-lsp-ide-0.5.2\\out\\server\\src\\server.js:2371:4989)\n    at GF (c:\\Users\\joaom\\.vscode\\extensions\\uqbar.wollok-lsp-ide-0.5.2\\out\\server\\src\\server.js:2371:7383)\n    at L3.invoke (c:\\Users\\joaom\\.vscode\\extensions\\uqbar.wollok-lsp-ide-0.5.2\\out\\server\\src\\server.js:3:157326)\n    at o.fire (c:\\Users\\joaom\\.vscode\\extensions\\uqbar.wollok-lsp-ide-0.5.2\\out\\server\\src\\server.js:3:158096)\n    at c:\\Users\\joaom\\.vscode\\extensions\\uqbar.wollok-lsp-ide-0.5.2\\out\\server\\src\\server.js:37:57871\n    at Kr (c:\\Users\\joaom\\.vscode\\extensions\\uqbar.wollok-lsp-ide-0.5.2\\out\\server\\src\\server.js:8:1561)","timestamp":"2025-07-01T15:18:29.596Z"}
{"level":"error","message":"✘ Failed to rebuild document Failed to parse mana.wlk: \n-- PARSING FAILED --------------------------------------------------\n\n  27 | \t}\n  28 | \tmethod recibeDanioMago(danio,enemigo){}\n> 29 | }\n     | ^\n\nExpected one of the following: \n\n'@', 'class', 'const', 'describe', 'mixin', 'object', 'only', 'package', 'program', 'test', 'var', '{', EOF, comment, not \"}\", whitespace\n","stack":"Error: Failed to parse mana.wlk: \n-- PARSING FAILED --------------------------------------------------\n\n  27 | \t}\n  28 | \tmethod recibeDanioMago(danio,enemigo){}\n> 29 | }\n     | ^\n\nExpected one of the following: \n\n'@', 'class', 'const', 'describe', 'mixin', 'object', 'only', 'package', 'program', 'test', 'var', '{', EOF, comment, not \"}\", whitespace\n\n    at c:\\Users\\joaom\\.vscode\\extensions\\uqbar.wollok-lsp-ide-0.5.2\\out\\server\\src\\server.js:2326:13026\n    at Array.map (<anonymous>)\n    at D1n (c:\\Users\\joaom\\.vscode\\extensions\\uqbar.wollok-lsp-ide-0.5.2\\out\\server\\src\\server.js:2326:12950)\n    at W2.buildEnvironmentFrom (c:\\Users\\joaom\\.vscode\\extensions\\uqbar.wollok-lsp-ide-0.5.2\\out\\server\\src\\server.js:2371:5254)\n    at W2.updateEnvironmentWith (c:\\Users\\joaom\\.vscode\\extensions\\uqbar.wollok-lsp-ide-0.5.2\\out\\server\\src\\server.js:2371:4989)\n    at GF (c:\\Users\\joaom\\.vscode\\extensions\\uqbar.wollok-lsp-ide-0.5.2\\out\\server\\src\\server.js:2371:7383)\n    at L3.invoke (c:\\Users\\joaom\\.vscode\\extensions\\uqbar.wollok-lsp-ide-0.5.2\\out\\server\\src\\server.js:3:157326)\n    at o.fire (c:\\Users\\joaom\\.vscode\\extensions\\uqbar.wollok-lsp-ide-0.5.2\\out\\server\\src\\server.js:3:158096)\n    at c:\\Users\\joaom\\.vscode\\extensions\\uqbar.wollok-lsp-ide-0.5.2\\out\\server\\src\\server.js:37:57871\n    at Kr (c:\\Users\\joaom\\.vscode\\extensions\\uqbar.wollok-lsp-ide-0.5.2\\out\\server\\src\\server.js:8:1561)","timestamp":"2025-07-01T15:18:32.786Z"}
{"level":"error","message":"✘ Completions for node Send ([17:50, 17:74] - mana.wlk) failed: Error: [Send]{57c49b} at mana.wlk:17 exhausted all cases without a match [Send]{57c49b} at mana.wlk:17 exhausted all cases without a match","stack":"Error: [Send]{57c49b} at mana.wlk:17 exhausted all cases without a match\n    at c:\\Users\\joaom\\.vscode\\extensions\\uqbar.wollok-lsp-ide-0.5.2\\out\\server\\src\\server.js:38:6142\n    at C2 (c:\\Users\\joaom\\.vscode\\extensions\\uqbar.wollok-lsp-ide-0.5.2\\out\\server\\src\\server.js:2362:42)\n    at c:\\Users\\joaom\\.vscode\\extensions\\uqbar.wollok-lsp-ide-0.5.2\\out\\server\\src\\server.js:2362:2988\n    at c:\\Users\\joaom\\.vscode\\extensions\\uqbar.wollok-lsp-ide-0.5.2\\out\\server\\src\\server.js:2371:8440\n    at c:\\Users\\joaom\\.vscode\\extensions\\uqbar.wollok-lsp-ide-0.5.2\\out\\server\\src\\server.js:37:74872\n    at Ye (c:\\Users\\joaom\\.vscode\\extensions\\uqbar.wollok-lsp-ide-0.5.2\\out\\server\\src\\server.js:7:8527)\n    at Dt (c:\\Users\\joaom\\.vscode\\extensions\\uqbar.wollok-lsp-ide-0.5.2\\out\\server\\src\\server.js:7:6189)\n    at Zi (c:\\Users\\joaom\\.vscode\\extensions\\uqbar.wollok-lsp-ide-0.5.2\\out\\server\\src\\server.js:7:6378)\n    at Immediate._onImmediate (c:\\Users\\joaom\\.vscode\\extensions\\uqbar.wollok-lsp-ide-0.5.2\\out\\server\\src\\server.js:7:6142)\n    at process.processImmediate (node:internal/timers:485:21)","timestamp":"2025-07-01T15:18:32.825Z"}
{"level":"error","message":"✘ Completions for node Send ([17:50, 17:110] - mana.wlk) failed: Error: [Send]{e97ddc} at mana.wlk:17 exhausted all cases without a match [Send]{e97ddc} at mana.wlk:17 exhausted all cases without a match","stack":"Error: [Send]{e97ddc} at mana.wlk:17 exhausted all cases without a match\n    at c:\\Users\\joaom\\.vscode\\extensions\\uqbar.wollok-lsp-ide-0.5.2\\out\\server\\src\\server.js:38:6142\n    at C2 (c:\\Users\\joaom\\.vscode\\extensions\\uqbar.wollok-lsp-ide-0.5.2\\out\\server\\src\\server.js:2362:42)\n    at Gh (c:\\Users\\joaom\\.vscode\\extensions\\uqbar.wollok-lsp-ide-0.5.2\\out\\server\\src\\server.js:2362:1092)\n    at C2 (c:\\Users\\joaom\\.vscode\\extensions\\uqbar.wollok-lsp-ide-0.5.2\\out\\server\\src\\server.js:2362:544)\n    at c:\\Users\\joaom\\.vscode\\extensions\\uqbar.wollok-lsp-ide-0.5.2\\out\\server\\src\\server.js:2362:2988\n    at c:\\Users\\joaom\\.vscode\\extensions\\uqbar.wollok-lsp-ide-0.5.2\\out\\server\\src\\server.js:2371:8440\n    at c:\\Users\\joaom\\.vscode\\extensions\\uqbar.wollok-lsp-ide-0.5.2\\out\\server\\src\\server.js:37:74872\n    at Ye (c:\\Users\\joaom\\.vscode\\extensions\\uqbar.wollok-lsp-ide-0.5.2\\out\\server\\src\\server.js:7:8527)\n    at Dt (c:\\Users\\joaom\\.vscode\\extensions\\uqbar.wollok-lsp-ide-0.5.2\\out\\server\\src\\server.js:7:6189)\n    at Zi (c:\\Users\\joaom\\.vscode\\extensions\\uqbar.wollok-lsp-ide-0.5.2\\out\\server\\src\\server.js:7:6378)","timestamp":"2025-07-01T15:18:32.825Z"}
{"level":"error","message":"✘ Completions for node Send ([17:50, 17:116] - mana.wlk) failed: Error: [Send]{d53b50} at mana.wlk:17 exhausted all cases without a match [Send]{d53b50} at mana.wlk:17 exhausted all cases without a match","stack":"Error: [Send]{d53b50} at mana.wlk:17 exhausted all cases without a match\n    at c:\\Users\\joaom\\.vscode\\extensions\\uqbar.wollok-lsp-ide-0.5.2\\out\\server\\src\\server.js:38:6142\n    at C2 (c:\\Users\\joaom\\.vscode\\extensions\\uqbar.wollok-lsp-ide-0.5.2\\out\\server\\src\\server.js:2362:42)\n    at Gh (c:\\Users\\joaom\\.vscode\\extensions\\uqbar.wollok-lsp-ide-0.5.2\\out\\server\\src\\server.js:2362:1092)\n    at C2 (c:\\Users\\joaom\\.vscode\\extensions\\uqbar.wollok-lsp-ide-0.5.2\\out\\server\\src\\server.js:2362:544)\n    at Gh (c:\\Users\\joaom\\.vscode\\extensions\\uqbar.wollok-lsp-ide-0.5.2\\out\\server\\src\\server.js:2362:1092)\n    at C2 (c:\\Users\\joaom\\.vscode\\extensions\\uqbar.wollok-lsp-ide-0.5.2\\out\\server\\src\\server.js:2362:544)\n    at c:\\Users\\joaom\\.vscode\\extensions\\uqbar.wollok-lsp-ide-0.5.2\\out\\server\\src\\server.js:2362:2988\n    at c:\\Users\\joaom\\.vscode\\extensions\\uqbar.wollok-lsp-ide-0.5.2\\out\\server\\src\\server.js:2371:8440\n    at c:\\Users\\joaom\\.vscode\\extensions\\uqbar.wollok-lsp-ide-0.5.2\\out\\server\\src\\server.js:37:74872\n    at Ye (c:\\Users\\joaom\\.vscode\\extensions\\uqbar.wollok-lsp-ide-0.5.2\\out\\server\\src\\server.js:7:8527)","timestamp":"2025-07-01T15:18:32.826Z"}
{"level":"error","message":"✘ Completions for node Send ([17:37, 17:116] - mana.wlk) failed: Error: [Send]{f06718} at mana.wlk:17 exhausted all cases without a match [Send]{f06718} at mana.wlk:17 exhausted all cases without a match","stack":"Error: [Send]{f06718} at mana.wlk:17 exhausted all cases without a match\n    at c:\\Users\\joaom\\.vscode\\extensions\\uqbar.wollok-lsp-ide-0.5.2\\out\\server\\src\\server.js:38:6142\n    at C2 (c:\\Users\\joaom\\.vscode\\extensions\\uqbar.wollok-lsp-ide-0.5.2\\out\\server\\src\\server.js:2362:42)\n    at Gh (c:\\Users\\joaom\\.vscode\\extensions\\uqbar.wollok-lsp-ide-0.5.2\\out\\server\\src\\server.js:2362:1092)\n    at C2 (c:\\Users\\joaom\\.vscode\\extensions\\uqbar.wollok-lsp-ide-0.5.2\\out\\server\\src\\server.js:2362:544)\n    at Gh (c:\\Users\\joaom\\.vscode\\extensions\\uqbar.wollok-lsp-ide-0.5.2\\out\\server\\src\\server.js:2362:1092)\n    at C2 (c:\\Users\\joaom\\.vscode\\extensions\\uqbar.wollok-lsp-ide-0.5.2\\out\\server\\src\\server.js:2362:544)\n    at Gh (c:\\Users\\joaom\\.vscode\\extensions\\uqbar.wollok-lsp-ide-0.5.2\\out\\server\\src\\server.js:2362:1092)\n    at C2 (c:\\Users\\joaom\\.vscode\\extensions\\uqbar.wollok-lsp-ide-0.5.2\\out\\server\\src\\server.js:2362:544)\n    at c:\\Users\\joaom\\.vscode\\extensions\\uqbar.wollok-lsp-ide-0.5.2\\out\\server\\src\\server.js:2362:2988\n    at c:\\Users\\joaom\\.vscode\\extensions\\uqbar.wollok-lsp-ide-0.5.2\\out\\server\\src\\server.js:2371:8440","timestamp":"2025-07-01T15:18:32.826Z"}
{"level":"error","message":"✘ Completions for node Send ([17:25, 17:117] - mana.wlk) failed: Error: [Send]{9ea8a5} at mana.wlk:17 exhausted all cases without a match [Send]{9ea8a5} at mana.wlk:17 exhausted all cases without a match","stack":"Error: [Send]{9ea8a5} at mana.wlk:17 exhausted all cases without a match\n    at c:\\Users\\joaom\\.vscode\\extensions\\uqbar.wollok-lsp-ide-0.5.2\\out\\server\\src\\server.js:38:6142\n    at C2 (c:\\Users\\joaom\\.vscode\\extensions\\uqbar.wollok-lsp-ide-0.5.2\\out\\server\\src\\server.js:2362:42)\n    at Gh (c:\\Users\\joaom\\.vscode\\extensions\\uqbar.wollok-lsp-ide-0.5.2\\out\\server\\src\\server.js:2362:1092)\n    at C2 (c:\\Users\\joaom\\.vscode\\extensions\\uqbar.wollok-lsp-ide-0.5.2\\out\\server\\src\\server.js:2362:544)\n    at Gh (c:\\Users\\joaom\\.vscode\\extensions\\uqbar.wollok-lsp-ide-0.5.2\\out\\server\\src\\server.js:2362:1092)\n    at C2 (c:\\Users\\joaom\\.vscode\\extensions\\uqbar.wollok-lsp-ide-0.5.2\\out\\server\\src\\server.js:2362:544)\n    at Gh (c:\\Users\\joaom\\.vscode\\extensions\\uqbar.wollok-lsp-ide-0.5.2\\out\\server\\src\\server.js:2362:1092)\n    at C2 (c:\\Users\\joaom\\.vscode\\extensions\\uqbar.wollok-lsp-ide-0.5.2\\out\\server\\src\\server.js:2362:544)\n    at Gh (c:\\Users\\joaom\\.vscode\\extensions\\uqbar.wollok-lsp-ide-0.5.2\\out\\server\\src\\server.js:2362:1092)\n    at C2 (c:\\Users\\joaom\\.vscode\\extensions\\uqbar.wollok-lsp-ide-0.5.2\\out\\server\\src\\server.js:2362:544)","timestamp":"2025-07-01T15:18:32.826Z"}
{"level":"error","message":"✘ Failed to rebuild document Failed to parse mana.wlk: \n-- PARSING FAILED --------------------------------------------------\n\n  27 | \t}\n  28 | \tmethod recibeDanioMago(danio,enemigo){}\n> 29 | }\n     | ^\n\nExpected one of the following: \n\n'@', 'class', 'const', 'describe', 'mixin', 'object', 'only', 'package', 'program', 'test', 'var', '{', EOF, comment, not \"}\", whitespace\n","stack":"Error: Failed to parse mana.wlk: \n-- PARSING FAILED --------------------------------------------------\n\n  27 | \t}\n  28 | \tmethod recibeDanioMago(danio,enemigo){}\n> 29 | }\n     | ^\n\nExpected one of the following: \n\n'@', 'class', 'const', 'describe', 'mixin', 'object', 'only', 'package', 'program', 'test', 'var', '{', EOF, comment, not \"}\", whitespace\n\n    at c:\\Users\\joaom\\.vscode\\extensions\\uqbar.wollok-lsp-ide-0.5.2\\out\\server\\src\\server.js:2326:13026\n    at Array.map (<anonymous>)\n    at D1n (c:\\Users\\joaom\\.vscode\\extensions\\uqbar.wollok-lsp-ide-0.5.2\\out\\server\\src\\server.js:2326:12950)\n    at W2.buildEnvironmentFrom (c:\\Users\\joaom\\.vscode\\extensions\\uqbar.wollok-lsp-ide-0.5.2\\out\\server\\src\\server.js:2371:5254)\n    at W2.updateEnvironmentWith (c:\\Users\\joaom\\.vscode\\extensions\\uqbar.wollok-lsp-ide-0.5.2\\out\\server\\src\\server.js:2371:4989)\n    at GF (c:\\Users\\joaom\\.vscode\\extensions\\uqbar.wollok-lsp-ide-0.5.2\\out\\server\\src\\server.js:2371:7383)\n    at L3.invoke (c:\\Users\\joaom\\.vscode\\extensions\\uqbar.wollok-lsp-ide-0.5.2\\out\\server\\src\\server.js:3:157326)\n    at o.fire (c:\\Users\\joaom\\.vscode\\extensions\\uqbar.wollok-lsp-ide-0.5.2\\out\\server\\src\\server.js:3:158096)\n    at c:\\Users\\joaom\\.vscode\\extensions\\uqbar.wollok-lsp-ide-0.5.2\\out\\server\\src\\server.js:37:57871\n    at Kr (c:\\Users\\joaom\\.vscode\\extensions\\uqbar.wollok-lsp-ide-0.5.2\\out\\server\\src\\server.js:8:1561)","timestamp":"2025-07-01T15:18:32.931Z"}
{"level":"error","message":"✘ Completions for node Send ([17:50, 17:74] - mana.wlk) failed: Error: [Send]{57c49b} at mana.wlk:17 exhausted all cases without a match [Send]{57c49b} at mana.wlk:17 exhausted all cases without a match","stack":"Error: [Send]{57c49b} at mana.wlk:17 exhausted all cases without a match\n    at c:\\Users\\joaom\\.vscode\\extensions\\uqbar.wollok-lsp-ide-0.5.2\\out\\server\\src\\server.js:38:6142\n    at C2 (c:\\Users\\joaom\\.vscode\\extensions\\uqbar.wollok-lsp-ide-0.5.2\\out\\server\\src\\server.js:2362:42)\n    at c:\\Users\\joaom\\.vscode\\extensions\\uqbar.wollok-lsp-ide-0.5.2\\out\\server\\src\\server.js:2362:2988\n    at c:\\Users\\joaom\\.vscode\\extensions\\uqbar.wollok-lsp-ide-0.5.2\\out\\server\\src\\server.js:2371:8440\n    at c:\\Users\\joaom\\.vscode\\extensions\\uqbar.wollok-lsp-ide-0.5.2\\out\\server\\src\\server.js:37:74872\n    at Ye (c:\\Users\\joaom\\.vscode\\extensions\\uqbar.wollok-lsp-ide-0.5.2\\out\\server\\src\\server.js:7:8527)\n    at Dt (c:\\Users\\joaom\\.vscode\\extensions\\uqbar.wollok-lsp-ide-0.5.2\\out\\server\\src\\server.js:7:6189)\n    at Zi (c:\\Users\\joaom\\.vscode\\extensions\\uqbar.wollok-lsp-ide-0.5.2\\out\\server\\src\\server.js:7:6378)\n    at Immediate._onImmediate (c:\\Users\\joaom\\.vscode\\extensions\\uqbar.wollok-lsp-ide-0.5.2\\out\\server\\src\\server.js:7:6142)\n    at process.processImmediate (node:internal/timers:485:21)","timestamp":"2025-07-01T15:18:32.972Z"}
{"level":"error","message":"✘ Completions for node Send ([17:50, 17:110] - mana.wlk) failed: Error: [Send]{e97ddc} at mana.wlk:17 exhausted all cases without a match [Send]{e97ddc} at mana.wlk:17 exhausted all cases without a match","stack":"Error: [Send]{e97ddc} at mana.wlk:17 exhausted all cases without a match\n    at c:\\Users\\joaom\\.vscode\\extensions\\uqbar.wollok-lsp-ide-0.5.2\\out\\server\\src\\server.js:38:6142\n    at C2 (c:\\Users\\joaom\\.vscode\\extensions\\uqbar.wollok-lsp-ide-0.5.2\\out\\server\\src\\server.js:2362:42)\n    at Gh (c:\\Users\\joaom\\.vscode\\extensions\\uqbar.wollok-lsp-ide-0.5.2\\out\\server\\src\\server.js:2362:1092)\n    at C2 (c:\\Users\\joaom\\.vscode\\extensions\\uqbar.wollok-lsp-ide-0.5.2\\out\\server\\src\\server.js:2362:544)\n    at c:\\Users\\joaom\\.vscode\\extensions\\uqbar.wollok-lsp-ide-0.5.2\\out\\server\\src\\server.js:2362:2988\n    at c:\\Users\\joaom\\.vscode\\extensions\\uqbar.wollok-lsp-ide-0.5.2\\out\\server\\src\\server.js:2371:8440\n    at c:\\Users\\joaom\\.vscode\\extensions\\uqbar.wollok-lsp-ide-0.5.2\\out\\server\\src\\server.js:37:74872\n    at Ye (c:\\Users\\joaom\\.vscode\\extensions\\uqbar.wollok-lsp-ide-0.5.2\\out\\server\\src\\server.js:7:8527)\n    at Dt (c:\\Users\\joaom\\.vscode\\extensions\\uqbar.wollok-lsp-ide-0.5.2\\out\\server\\src\\server.js:7:6189)\n    at Zi (c:\\Users\\joaom\\.vscode\\extensions\\uqbar.wollok-lsp-ide-0.5.2\\out\\server\\src\\server.js:7:6378)","timestamp":"2025-07-01T15:18:32.973Z"}
{"level":"error","message":"✘ Completions for node Send ([17:50, 17:116] - mana.wlk) failed: Error: [Send]{d53b50} at mana.wlk:17 exhausted all cases without a match [Send]{d53b50} at mana.wlk:17 exhausted all cases without a match","stack":"Error: [Send]{d53b50} at mana.wlk:17 exhausted all cases without a match\n    at c:\\Users\\joaom\\.vscode\\extensions\\uqbar.wollok-lsp-ide-0.5.2\\out\\server\\src\\server.js:38:6142\n    at C2 (c:\\Users\\joaom\\.vscode\\extensions\\uqbar.wollok-lsp-ide-0.5.2\\out\\server\\src\\server.js:2362:42)\n    at Gh (c:\\Users\\joaom\\.vscode\\extensions\\uqbar.wollok-lsp-ide-0.5.2\\out\\server\\src\\server.js:2362:1092)\n    at C2 (c:\\Users\\joaom\\.vscode\\extensions\\uqbar.wollok-lsp-ide-0.5.2\\out\\server\\src\\server.js:2362:544)\n    at Gh (c:\\Users\\joaom\\.vscode\\extensions\\uqbar.wollok-lsp-ide-0.5.2\\out\\server\\src\\server.js:2362:1092)\n    at C2 (c:\\Users\\joaom\\.vscode\\extensions\\uqbar.wollok-lsp-ide-0.5.2\\out\\server\\src\\server.js:2362:544)\n    at c:\\Users\\joaom\\.vscode\\extensions\\uqbar.wollok-lsp-ide-0.5.2\\out\\server\\src\\server.js:2362:2988\n    at c:\\Users\\joaom\\.vscode\\extensions\\uqbar.wollok-lsp-ide-0.5.2\\out\\server\\src\\server.js:2371:8440\n    at c:\\Users\\joaom\\.vscode\\extensions\\uqbar.wollok-lsp-ide-0.5.2\\out\\server\\src\\server.js:37:74872\n    at Ye (c:\\Users\\joaom\\.vscode\\extensions\\uqbar.wollok-lsp-ide-0.5.2\\out\\server\\src\\server.js:7:8527)","timestamp":"2025-07-01T15:18:32.973Z"}
{"level":"error","message":"✘ Completions for node Send ([17:37, 17:116] - mana.wlk) failed: Error: [Send]{f06718} at mana.wlk:17 exhausted all cases without a match [Send]{f06718} at mana.wlk:17 exhausted all cases without a match","stack":"Error: [Send]{f06718} at mana.wlk:17 exhausted all cases without a match\n    at c:\\Users\\joaom\\.vscode\\extensions\\uqbar.wollok-lsp-ide-0.5.2\\out\\server\\src\\server.js:38:6142\n    at C2 (c:\\Users\\joaom\\.vscode\\extensions\\uqbar.wollok-lsp-ide-0.5.2\\out\\server\\src\\server.js:2362:42)\n    at Gh (c:\\Users\\joaom\\.vscode\\extensions\\uqbar.wollok-lsp-ide-0.5.2\\out\\server\\src\\server.js:2362:1092)\n    at C2 (c:\\Users\\joaom\\.vscode\\extensions\\uqbar.wollok-lsp-ide-0.5.2\\out\\server\\src\\server.js:2362:544)\n    at Gh (c:\\Users\\joaom\\.vscode\\extensions\\uqbar.wollok-lsp-ide-0.5.2\\out\\server\\src\\server.js:2362:1092)\n    at C2 (c:\\Users\\joaom\\.vscode\\extensions\\uqbar.wollok-lsp-ide-0.5.2\\out\\server\\src\\server.js:2362:544)\n    at Gh (c:\\Users\\joaom\\.vscode\\extensions\\uqbar.wollok-lsp-ide-0.5.2\\out\\server\\src\\server.js:2362:1092)\n    at C2 (c:\\Users\\joaom\\.vscode\\extensions\\uqbar.wollok-lsp-ide-0.5.2\\out\\server\\src\\server.js:2362:544)\n    at c:\\Users\\joaom\\.vscode\\extensions\\uqbar.wollok-lsp-ide-0.5.2\\out\\server\\src\\server.js:2362:2988\n    at c:\\Users\\joaom\\.vscode\\extensions\\uqbar.wollok-lsp-ide-0.5.2\\out\\server\\src\\server.js:2371:8440","timestamp":"2025-07-01T15:18:32.973Z"}
{"level":"error","message":"✘ Completions for node Send ([17:25, 17:117] - mana.wlk) failed: Error: [Send]{9ea8a5} at mana.wlk:17 exhausted all cases without a match [Send]{9ea8a5} at mana.wlk:17 exhausted all cases without a match","stack":"Error: [Send]{9ea8a5} at mana.wlk:17 exhausted all cases without a match\n    at c:\\Users\\joaom\\.vscode\\extensions\\uqbar.wollok-lsp-ide-0.5.2\\out\\server\\src\\server.js:38:6142\n    at C2 (c:\\Users\\joaom\\.vscode\\extensions\\uqbar.wollok-lsp-ide-0.5.2\\out\\server\\src\\server.js:2362:42)\n    at Gh (c:\\Users\\joaom\\.vscode\\extensions\\uqbar.wollok-lsp-ide-0.5.2\\out\\server\\src\\server.js:2362:1092)\n    at C2 (c:\\Users\\joaom\\.vscode\\extensions\\uqbar.wollok-lsp-ide-0.5.2\\out\\server\\src\\server.js:2362:544)\n    at Gh (c:\\Users\\joaom\\.vscode\\extensions\\uqbar.wollok-lsp-ide-0.5.2\\out\\server\\src\\server.js:2362:1092)\n    at C2 (c:\\Users\\joaom\\.vscode\\extensions\\uqbar.wollok-lsp-ide-0.5.2\\out\\server\\src\\server.js:2362:544)\n    at Gh (c:\\Users\\joaom\\.vscode\\extensions\\uqbar.wollok-lsp-ide-0.5.2\\out\\server\\src\\server.js:2362:1092)\n    at C2 (c:\\Users\\joaom\\.vscode\\extensions\\uqbar.wollok-lsp-ide-0.5.2\\out\\server\\src\\server.js:2362:544)\n    at Gh (c:\\Users\\joaom\\.vscode\\extensions\\uqbar.wollok-lsp-ide-0.5.2\\out\\server\\src\\server.js:2362:1092)\n    at C2 (c:\\Users\\joaom\\.vscode\\extensions\\uqbar.wollok-lsp-ide-0.5.2\\out\\server\\src\\server.js:2362:544)","timestamp":"2025-07-01T15:18:32.973Z"}
{"level":"error","message":"✘ Failed to rebuild document Failed to parse mana.wlk: \n-- PARSING FAILED --------------------------------------------------\n\n  27 | \t}\n  28 | \tmethod recibeDanioMago(danio,enemigo){}\n> 29 | }\n     | ^\n\nExpected one of the following: \n\n'@', 'class', 'const', 'describe', 'mixin', 'object', 'only', 'package', 'program', 'test', 'var', '{', EOF, comment, not \"}\", whitespace\n","stack":"Error: Failed to parse mana.wlk: \n-- PARSING FAILED --------------------------------------------------\n\n  27 | \t}\n  28 | \tmethod recibeDanioMago(danio,enemigo){}\n> 29 | }\n     | ^\n\nExpected one of the following: \n\n'@', 'class', 'const', 'describe', 'mixin', 'object', 'only', 'package', 'program', 'test', 'var', '{', EOF, comment, not \"}\", whitespace\n\n    at c:\\Users\\joaom\\.vscode\\extensions\\uqbar.wollok-lsp-ide-0.5.2\\out\\server\\src\\server.js:2326:13026\n    at Array.map (<anonymous>)\n    at D1n (c:\\Users\\joaom\\.vscode\\extensions\\uqbar.wollok-lsp-ide-0.5.2\\out\\server\\src\\server.js:2326:12950)\n    at W2.buildEnvironmentFrom (c:\\Users\\joaom\\.vscode\\extensions\\uqbar.wollok-lsp-ide-0.5.2\\out\\server\\src\\server.js:2371:5254)\n    at W2.updateEnvironmentWith (c:\\Users\\joaom\\.vscode\\extensions\\uqbar.wollok-lsp-ide-0.5.2\\out\\server\\src\\server.js:2371:4989)\n    at GF (c:\\Users\\joaom\\.vscode\\extensions\\uqbar.wollok-lsp-ide-0.5.2\\out\\server\\src\\server.js:2371:7383)\n    at L3.invoke (c:\\Users\\joaom\\.vscode\\extensions\\uqbar.wollok-lsp-ide-0.5.2\\out\\server\\src\\server.js:3:157326)\n    at o.fire (c:\\Users\\joaom\\.vscode\\extensions\\uqbar.wollok-lsp-ide-0.5.2\\out\\server\\src\\server.js:3:158096)\n    at c:\\Users\\joaom\\.vscode\\extensions\\uqbar.wollok-lsp-ide-0.5.2\\out\\server\\src\\server.js:37:57871\n    at Kr (c:\\Users\\joaom\\.vscode\\extensions\\uqbar.wollok-lsp-ide-0.5.2\\out\\server\\src\\server.js:8:1561)","timestamp":"2025-07-01T15:18:33.274Z"}
{"level":"error","message":"✘ Completions for node Send ([17:50, 17:74] - mana.wlk) failed: Error: [Send]{57c49b} at mana.wlk:17 exhausted all cases without a match [Send]{57c49b} at mana.wlk:17 exhausted all cases without a match","stack":"Error: [Send]{57c49b} at mana.wlk:17 exhausted all cases without a match\n    at c:\\Users\\joaom\\.vscode\\extensions\\uqbar.wollok-lsp-ide-0.5.2\\out\\server\\src\\server.js:38:6142\n    at C2 (c:\\Users\\joaom\\.vscode\\extensions\\uqbar.wollok-lsp-ide-0.5.2\\out\\server\\src\\server.js:2362:42)\n    at c:\\Users\\joaom\\.vscode\\extensions\\uqbar.wollok-lsp-ide-0.5.2\\out\\server\\src\\server.js:2362:2988\n    at c:\\Users\\joaom\\.vscode\\extensions\\uqbar.wollok-lsp-ide-0.5.2\\out\\server\\src\\server.js:2371:8440\n    at c:\\Users\\joaom\\.vscode\\extensions\\uqbar.wollok-lsp-ide-0.5.2\\out\\server\\src\\server.js:37:74872\n    at Ye (c:\\Users\\joaom\\.vscode\\extensions\\uqbar.wollok-lsp-ide-0.5.2\\out\\server\\src\\server.js:7:8527)\n    at Dt (c:\\Users\\joaom\\.vscode\\extensions\\uqbar.wollok-lsp-ide-0.5.2\\out\\server\\src\\server.js:7:6189)\n    at Zi (c:\\Users\\joaom\\.vscode\\extensions\\uqbar.wollok-lsp-ide-0.5.2\\out\\server\\src\\server.js:7:6378)\n    at Immediate._onImmediate (c:\\Users\\joaom\\.vscode\\extensions\\uqbar.wollok-lsp-ide-0.5.2\\out\\server\\src\\server.js:7:6142)\n    at process.processImmediate (node:internal/timers:485:21)","timestamp":"2025-07-01T15:18:33.332Z"}
{"level":"error","message":"✘ Completions for node Send ([17:50, 17:110] - mana.wlk) failed: Error: [Send]{e97ddc} at mana.wlk:17 exhausted all cases without a match [Send]{e97ddc} at mana.wlk:17 exhausted all cases without a match","stack":"Error: [Send]{e97ddc} at mana.wlk:17 exhausted all cases without a match\n    at c:\\Users\\joaom\\.vscode\\extensions\\uqbar.wollok-lsp-ide-0.5.2\\out\\server\\src\\server.js:38:6142\n    at C2 (c:\\Users\\joaom\\.vscode\\extensions\\uqbar.wollok-lsp-ide-0.5.2\\out\\server\\src\\server.js:2362:42)\n    at Gh (c:\\Users\\joaom\\.vscode\\extensions\\uqbar.wollok-lsp-ide-0.5.2\\out\\server\\src\\server.js:2362:1092)\n    at C2 (c:\\Users\\joaom\\.vscode\\extensions\\uqbar.wollok-lsp-ide-0.5.2\\out\\server\\src\\server.js:2362:544)\n    at c:\\Users\\joaom\\.vscode\\extensions\\uqbar.wollok-lsp-ide-0.5.2\\out\\server\\src\\server.js:2362:2988\n    at c:\\Users\\joaom\\.vscode\\extensions\\uqbar.wollok-lsp-ide-0.5.2\\out\\server\\src\\server.js:2371:8440\n    at c:\\Users\\joaom\\.vscode\\extensions\\uqbar.wollok-lsp-ide-0.5.2\\out\\server\\src\\server.js:37:74872\n    at Ye (c:\\Users\\joaom\\.vscode\\extensions\\uqbar.wollok-lsp-ide-0.5.2\\out\\server\\src\\server.js:7:8527)\n    at Dt (c:\\Users\\joaom\\.vscode\\extensions\\uqbar.wollok-lsp-ide-0.5.2\\out\\server\\src\\server.js:7:6189)\n    at Zi (c:\\Users\\joaom\\.vscode\\extensions\\uqbar.wollok-lsp-ide-0.5.2\\out\\server\\src\\server.js:7:6378)","timestamp":"2025-07-01T15:18:33.332Z"}
{"level":"error","message":"✘ Completions for node Send ([17:50, 17:116] - mana.wlk) failed: Error: [Send]{d53b50} at mana.wlk:17 exhausted all cases without a match [Send]{d53b50} at mana.wlk:17 exhausted all cases without a match","stack":"Error: [Send]{d53b50} at mana.wlk:17 exhausted all cases without a match\n    at c:\\Users\\joaom\\.vscode\\extensions\\uqbar.wollok-lsp-ide-0.5.2\\out\\server\\src\\server.js:38:6142\n    at C2 (c:\\Users\\joaom\\.vscode\\extensions\\uqbar.wollok-lsp-ide-0.5.2\\out\\server\\src\\server.js:2362:42)\n    at Gh (c:\\Users\\joaom\\.vscode\\extensions\\uqbar.wollok-lsp-ide-0.5.2\\out\\server\\src\\server.js:2362:1092)\n    at C2 (c:\\Users\\joaom\\.vscode\\extensions\\uqbar.wollok-lsp-ide-0.5.2\\out\\server\\src\\server.js:2362:544)\n    at Gh (c:\\Users\\joaom\\.vscode\\extensions\\uqbar.wollok-lsp-ide-0.5.2\\out\\server\\src\\server.js:2362:1092)\n    at C2 (c:\\Users\\joaom\\.vscode\\extensions\\uqbar.wollok-lsp-ide-0.5.2\\out\\server\\src\\server.js:2362:544)\n    at c:\\Users\\joaom\\.vscode\\extensions\\uqbar.wollok-lsp-ide-0.5.2\\out\\server\\src\\server.js:2362:2988\n    at c:\\Users\\joaom\\.vscode\\extensions\\uqbar.wollok-lsp-ide-0.5.2\\out\\server\\src\\server.js:2371:8440\n    at c:\\Users\\joaom\\.vscode\\extensions\\uqbar.wollok-lsp-ide-0.5.2\\out\\server\\src\\server.js:37:74872\n    at Ye (c:\\Users\\joaom\\.vscode\\extensions\\uqbar.wollok-lsp-ide-0.5.2\\out\\server\\src\\server.js:7:8527)","timestamp":"2025-07-01T15:18:33.332Z"}
{"level":"error","message":"✘ Completions for node Send ([17:37, 17:116] - mana.wlk) failed: Error: [Send]{f06718} at mana.wlk:17 exhausted all cases without a match [Send]{f06718} at mana.wlk:17 exhausted all cases without a match","stack":"Error: [Send]{f06718} at mana.wlk:17 exhausted all cases without a match\n    at c:\\Users\\joaom\\.vscode\\extensions\\uqbar.wollok-lsp-ide-0.5.2\\out\\server\\src\\server.js:38:6142\n    at C2 (c:\\Users\\joaom\\.vscode\\extensions\\uqbar.wollok-lsp-ide-0.5.2\\out\\server\\src\\server.js:2362:42)\n    at Gh (c:\\Users\\joaom\\.vscode\\extensions\\uqbar.wollok-lsp-ide-0.5.2\\out\\server\\src\\server.js:2362:1092)\n    at C2 (c:\\Users\\joaom\\.vscode\\extensions\\uqbar.wollok-lsp-ide-0.5.2\\out\\server\\src\\server.js:2362:544)\n    at Gh (c:\\Users\\joaom\\.vscode\\extensions\\uqbar.wollok-lsp-ide-0.5.2\\out\\server\\src\\server.js:2362:1092)\n    at C2 (c:\\Users\\joaom\\.vscode\\extensions\\uqbar.wollok-lsp-ide-0.5.2\\out\\server\\src\\server.js:2362:544)\n    at Gh (c:\\Users\\joaom\\.vscode\\extensions\\uqbar.wollok-lsp-ide-0.5.2\\out\\server\\src\\server.js:2362:1092)\n    at C2 (c:\\Users\\joaom\\.vscode\\extensions\\uqbar.wollok-lsp-ide-0.5.2\\out\\server\\src\\server.js:2362:544)\n    at c:\\Users\\joaom\\.vscode\\extensions\\uqbar.wollok-lsp-ide-0.5.2\\out\\server\\src\\server.js:2362:2988\n    at c:\\Users\\joaom\\.vscode\\extensions\\uqbar.wollok-lsp-ide-0.5.2\\out\\server\\src\\server.js:2371:8440","timestamp":"2025-07-01T15:18:33.333Z"}
{"level":"error","message":"✘ Completions for node Send ([17:25, 17:117] - mana.wlk) failed: Error: [Send]{9ea8a5} at mana.wlk:17 exhausted all cases without a match [Send]{9ea8a5} at mana.wlk:17 exhausted all cases without a match","stack":"Error: [Send]{9ea8a5} at mana.wlk:17 exhausted all cases without a match\n    at c:\\Users\\joaom\\.vscode\\extensions\\uqbar.wollok-lsp-ide-0.5.2\\out\\server\\src\\server.js:38:6142\n    at C2 (c:\\Users\\joaom\\.vscode\\extensions\\uqbar.wollok-lsp-ide-0.5.2\\out\\server\\src\\server.js:2362:42)\n    at Gh (c:\\Users\\joaom\\.vscode\\extensions\\uqbar.wollok-lsp-ide-0.5.2\\out\\server\\src\\server.js:2362:1092)\n    at C2 (c:\\Users\\joaom\\.vscode\\extensions\\uqbar.wollok-lsp-ide-0.5.2\\out\\server\\src\\server.js:2362:544)\n    at Gh (c:\\Users\\joaom\\.vscode\\extensions\\uqbar.wollok-lsp-ide-0.5.2\\out\\server\\src\\server.js:2362:1092)\n    at C2 (c:\\Users\\joaom\\.vscode\\extensions\\uqbar.wollok-lsp-ide-0.5.2\\out\\server\\src\\server.js:2362:544)\n    at Gh (c:\\Users\\joaom\\.vscode\\extensions\\uqbar.wollok-lsp-ide-0.5.2\\out\\server\\src\\server.js:2362:1092)\n    at C2 (c:\\Users\\joaom\\.vscode\\extensions\\uqbar.wollok-lsp-ide-0.5.2\\out\\server\\src\\server.js:2362:544)\n    at Gh (c:\\Users\\joaom\\.vscode\\extensions\\uqbar.wollok-lsp-ide-0.5.2\\out\\server\\src\\server.js:2362:1092)\n    at C2 (c:\\Users\\joaom\\.vscode\\extensions\\uqbar.wollok-lsp-ide-0.5.2\\out\\server\\src\\server.js:2362:544)","timestamp":"2025-07-01T15:18:33.333Z"}
{"level":"error","message":"✘ Failed to rebuild document Failed to parse mana.wlk: \n-- PARSING FAILED --------------------------------------------------\n\n  27 | \t}\n  28 | \tmethod recibeDanioMago(danio,enemigo){}\n> 29 | }\n     | ^\n\nExpected one of the following: \n\n'@', 'class', 'const', 'describe', 'mixin', 'object', 'only', 'package', 'program', 'test', 'var', '{', EOF, comment, not \"}\", whitespace\n","stack":"Error: Failed to parse mana.wlk: \n-- PARSING FAILED --------------------------------------------------\n\n  27 | \t}\n  28 | \tmethod recibeDanioMago(danio,enemigo){}\n> 29 | }\n     | ^\n\nExpected one of the following: \n\n'@', 'class', 'const', 'describe', 'mixin', 'object', 'only', 'package', 'program', 'test', 'var', '{', EOF, comment, not \"}\", whitespace\n\n    at c:\\Users\\joaom\\.vscode\\extensions\\uqbar.wollok-lsp-ide-0.5.2\\out\\server\\src\\server.js:2326:13026\n    at Array.map (<anonymous>)\n    at D1n (c:\\Users\\joaom\\.vscode\\extensions\\uqbar.wollok-lsp-ide-0.5.2\\out\\server\\src\\server.js:2326:12950)\n    at W2.buildEnvironmentFrom (c:\\Users\\joaom\\.vscode\\extensions\\uqbar.wollok-lsp-ide-0.5.2\\out\\server\\src\\server.js:2371:5254)\n    at W2.updateEnvironmentWith (c:\\Users\\joaom\\.vscode\\extensions\\uqbar.wollok-lsp-ide-0.5.2\\out\\server\\src\\server.js:2371:4989)\n    at GF (c:\\Users\\joaom\\.vscode\\extensions\\uqbar.wollok-lsp-ide-0.5.2\\out\\server\\src\\server.js:2371:7383)\n    at L3.invoke (c:\\Users\\joaom\\.vscode\\extensions\\uqbar.wollok-lsp-ide-0.5.2\\out\\server\\src\\server.js:3:157326)\n    at o.fire (c:\\Users\\joaom\\.vscode\\extensions\\uqbar.wollok-lsp-ide-0.5.2\\out\\server\\src\\server.js:3:158096)\n    at c:\\Users\\joaom\\.vscode\\extensions\\uqbar.wollok-lsp-ide-0.5.2\\out\\server\\src\\server.js:37:57871\n    at Kr (c:\\Users\\joaom\\.vscode\\extensions\\uqbar.wollok-lsp-ide-0.5.2\\out\\server\\src\\server.js:8:1561)","timestamp":"2025-07-01T15:18:33.401Z"}
{"level":"error","message":"✘ Completions for node Send ([17:50, 17:74] - mana.wlk) failed: Error: [Send]{57c49b} at mana.wlk:17 exhausted all cases without a match [Send]{57c49b} at mana.wlk:17 exhausted all cases without a match","stack":"Error: [Send]{57c49b} at mana.wlk:17 exhausted all cases without a match\n    at c:\\Users\\joaom\\.vscode\\extensions\\uqbar.wollok-lsp-ide-0.5.2\\out\\server\\src\\server.js:38:6142\n    at C2 (c:\\Users\\joaom\\.vscode\\extensions\\uqbar.wollok-lsp-ide-0.5.2\\out\\server\\src\\server.js:2362:42)\n    at c:\\Users\\joaom\\.vscode\\extensions\\uqbar.wollok-lsp-ide-0.5.2\\out\\server\\src\\server.js:2362:2988\n    at c:\\Users\\joaom\\.vscode\\extensions\\uqbar.wollok-lsp-ide-0.5.2\\out\\server\\src\\server.js:2371:8440\n    at c:\\Users\\joaom\\.vscode\\extensions\\uqbar.wollok-lsp-ide-0.5.2\\out\\server\\src\\server.js:37:74872\n    at Ye (c:\\Users\\joaom\\.vscode\\extensions\\uqbar.wollok-lsp-ide-0.5.2\\out\\server\\src\\server.js:7:8527)\n    at Dt (c:\\Users\\joaom\\.vscode\\extensions\\uqbar.wollok-lsp-ide-0.5.2\\out\\server\\src\\server.js:7:6189)\n    at Zi (c:\\Users\\joaom\\.vscode\\extensions\\uqbar.wollok-lsp-ide-0.5.2\\out\\server\\src\\server.js:7:6378)\n    at Immediate._onImmediate (c:\\Users\\joaom\\.vscode\\extensions\\uqbar.wollok-lsp-ide-0.5.2\\out\\server\\src\\server.js:7:6142)\n    at process.processImmediate (node:internal/timers:485:21)","timestamp":"2025-07-01T15:18:33.445Z"}
{"level":"error","message":"✘ Completions for node Send ([17:50, 17:110] - mana.wlk) failed: Error: [Send]{e97ddc} at mana.wlk:17 exhausted all cases without a match [Send]{e97ddc} at mana.wlk:17 exhausted all cases without a match","stack":"Error: [Send]{e97ddc} at mana.wlk:17 exhausted all cases without a match\n    at c:\\Users\\joaom\\.vscode\\extensions\\uqbar.wollok-lsp-ide-0.5.2\\out\\server\\src\\server.js:38:6142\n    at C2 (c:\\Users\\joaom\\.vscode\\extensions\\uqbar.wollok-lsp-ide-0.5.2\\out\\server\\src\\server.js:2362:42)\n    at Gh (c:\\Users\\joaom\\.vscode\\extensions\\uqbar.wollok-lsp-ide-0.5.2\\out\\server\\src\\server.js:2362:1092)\n    at C2 (c:\\Users\\joaom\\.vscode\\extensions\\uqbar.wollok-lsp-ide-0.5.2\\out\\server\\src\\server.js:2362:544)\n    at c:\\Users\\joaom\\.vscode\\extensions\\uqbar.wollok-lsp-ide-0.5.2\\out\\server\\src\\server.js:2362:2988\n    at c:\\Users\\joaom\\.vscode\\extensions\\uqbar.wollok-lsp-ide-0.5.2\\out\\server\\src\\server.js:2371:8440\n    at c:\\Users\\joaom\\.vscode\\extensions\\uqbar.wollok-lsp-ide-0.5.2\\out\\server\\src\\server.js:37:74872\n    at Ye (c:\\Users\\joaom\\.vscode\\extensions\\uqbar.wollok-lsp-ide-0.5.2\\out\\server\\src\\server.js:7:8527)\n    at Dt (c:\\Users\\joaom\\.vscode\\extensions\\uqbar.wollok-lsp-ide-0.5.2\\out\\server\\src\\server.js:7:6189)\n    at Zi (c:\\Users\\joaom\\.vscode\\extensions\\uqbar.wollok-lsp-ide-0.5.2\\out\\server\\src\\server.js:7:6378)","timestamp":"2025-07-01T15:18:33.445Z"}
{"level":"error","message":"✘ Completions for node Send ([17:50, 17:116] - mana.wlk) failed: Error: [Send]{d53b50} at mana.wlk:17 exhausted all cases without a match [Send]{d53b50} at mana.wlk:17 exhausted all cases without a match","stack":"Error: [Send]{d53b50} at mana.wlk:17 exhausted all cases without a match\n    at c:\\Users\\joaom\\.vscode\\extensions\\uqbar.wollok-lsp-ide-0.5.2\\out\\server\\src\\server.js:38:6142\n    at C2 (c:\\Users\\joaom\\.vscode\\extensions\\uqbar.wollok-lsp-ide-0.5.2\\out\\server\\src\\server.js:2362:42)\n    at Gh (c:\\Users\\joaom\\.vscode\\extensions\\uqbar.wollok-lsp-ide-0.5.2\\out\\server\\src\\server.js:2362:1092)\n    at C2 (c:\\Users\\joaom\\.vscode\\extensions\\uqbar.wollok-lsp-ide-0.5.2\\out\\server\\src\\server.js:2362:544)\n    at Gh (c:\\Users\\joaom\\.vscode\\extensions\\uqbar.wollok-lsp-ide-0.5.2\\out\\server\\src\\server.js:2362:1092)\n    at C2 (c:\\Users\\joaom\\.vscode\\extensions\\uqbar.wollok-lsp-ide-0.5.2\\out\\server\\src\\server.js:2362:544)\n    at c:\\Users\\joaom\\.vscode\\extensions\\uqbar.wollok-lsp-ide-0.5.2\\out\\server\\src\\server.js:2362:2988\n    at c:\\Users\\joaom\\.vscode\\extensions\\uqbar.wollok-lsp-ide-0.5.2\\out\\server\\src\\server.js:2371:8440\n    at c:\\Users\\joaom\\.vscode\\extensions\\uqbar.wollok-lsp-ide-0.5.2\\out\\server\\src\\server.js:37:74872\n    at Ye (c:\\Users\\joaom\\.vscode\\extensions\\uqbar.wollok-lsp-ide-0.5.2\\out\\server\\src\\server.js:7:8527)","timestamp":"2025-07-01T15:18:33.445Z"}
{"level":"error","message":"✘ Completions for node Send ([17:37, 17:116] - mana.wlk) failed: Error: [Send]{f06718} at mana.wlk:17 exhausted all cases without a match [Send]{f06718} at mana.wlk:17 exhausted all cases without a match","stack":"Error: [Send]{f06718} at mana.wlk:17 exhausted all cases without a match\n    at c:\\Users\\joaom\\.vscode\\extensions\\uqbar.wollok-lsp-ide-0.5.2\\out\\server\\src\\server.js:38:6142\n    at C2 (c:\\Users\\joaom\\.vscode\\extensions\\uqbar.wollok-lsp-ide-0.5.2\\out\\server\\src\\server.js:2362:42)\n    at Gh (c:\\Users\\joaom\\.vscode\\extensions\\uqbar.wollok-lsp-ide-0.5.2\\out\\server\\src\\server.js:2362:1092)\n    at C2 (c:\\Users\\joaom\\.vscode\\extensions\\uqbar.wollok-lsp-ide-0.5.2\\out\\server\\src\\server.js:2362:544)\n    at Gh (c:\\Users\\joaom\\.vscode\\extensions\\uqbar.wollok-lsp-ide-0.5.2\\out\\server\\src\\server.js:2362:1092)\n    at C2 (c:\\Users\\joaom\\.vscode\\extensions\\uqbar.wollok-lsp-ide-0.5.2\\out\\server\\src\\server.js:2362:544)\n    at Gh (c:\\Users\\joaom\\.vscode\\extensions\\uqbar.wollok-lsp-ide-0.5.2\\out\\server\\src\\server.js:2362:1092)\n    at C2 (c:\\Users\\joaom\\.vscode\\extensions\\uqbar.wollok-lsp-ide-0.5.2\\out\\server\\src\\server.js:2362:544)\n    at c:\\Users\\joaom\\.vscode\\extensions\\uqbar.wollok-lsp-ide-0.5.2\\out\\server\\src\\server.js:2362:2988\n    at c:\\Users\\joaom\\.vscode\\extensions\\uqbar.wollok-lsp-ide-0.5.2\\out\\server\\src\\server.js:2371:8440","timestamp":"2025-07-01T15:18:33.446Z"}
{"level":"error","message":"✘ Completions for node Send ([17:25, 17:117] - mana.wlk) failed: Error: [Send]{9ea8a5} at mana.wlk:17 exhausted all cases without a match [Send]{9ea8a5} at mana.wlk:17 exhausted all cases without a match","stack":"Error: [Send]{9ea8a5} at mana.wlk:17 exhausted all cases without a match\n    at c:\\Users\\joaom\\.vscode\\extensions\\uqbar.wollok-lsp-ide-0.5.2\\out\\server\\src\\server.js:38:6142\n    at C2 (c:\\Users\\joaom\\.vscode\\extensions\\uqbar.wollok-lsp-ide-0.5.2\\out\\server\\src\\server.js:2362:42)\n    at Gh (c:\\Users\\joaom\\.vscode\\extensions\\uqbar.wollok-lsp-ide-0.5.2\\out\\server\\src\\server.js:2362:1092)\n    at C2 (c:\\Users\\joaom\\.vscode\\extensions\\uqbar.wollok-lsp-ide-0.5.2\\out\\server\\src\\server.js:2362:544)\n    at Gh (c:\\Users\\joaom\\.vscode\\extensions\\uqbar.wollok-lsp-ide-0.5.2\\out\\server\\src\\server.js:2362:1092)\n    at C2 (c:\\Users\\joaom\\.vscode\\extensions\\uqbar.wollok-lsp-ide-0.5.2\\out\\server\\src\\server.js:2362:544)\n    at Gh (c:\\Users\\joaom\\.vscode\\extensions\\uqbar.wollok-lsp-ide-0.5.2\\out\\server\\src\\server.js:2362:1092)\n    at C2 (c:\\Users\\joaom\\.vscode\\extensions\\uqbar.wollok-lsp-ide-0.5.2\\out\\server\\src\\server.js:2362:544)\n    at Gh (c:\\Users\\joaom\\.vscode\\extensions\\uqbar.wollok-lsp-ide-0.5.2\\out\\server\\src\\server.js:2362:1092)\n    at C2 (c:\\Users\\joaom\\.vscode\\extensions\\uqbar.wollok-lsp-ide-0.5.2\\out\\server\\src\\server.js:2362:544)","timestamp":"2025-07-01T15:18:33.446Z"}
{"level":"error","message":"✘ Failed to rebuild document Failed to parse mana.wlk: \n-- PARSING FAILED --------------------------------------------------\n\n  27 | \t}\n  28 | \tmethod recibeDanioMago(danio,enemigo){}\n> 29 | }\n     | ^\n\nExpected one of the following: \n\n'@', 'class', 'const', 'describe', 'mixin', 'object', 'only', 'package', 'program', 'test', 'var', '{', EOF, comment, not \"}\", whitespace\n","stack":"Error: Failed to parse mana.wlk: \n-- PARSING FAILED --------------------------------------------------\n\n  27 | \t}\n  28 | \tmethod recibeDanioMago(danio,enemigo){}\n> 29 | }\n     | ^\n\nExpected one of the following: \n\n'@', 'class', 'const', 'describe', 'mixin', 'object', 'only', 'package', 'program', 'test', 'var', '{', EOF, comment, not \"}\", whitespace\n\n    at c:\\Users\\joaom\\.vscode\\extensions\\uqbar.wollok-lsp-ide-0.5.2\\out\\server\\src\\server.js:2326:13026\n    at Array.map (<anonymous>)\n    at D1n (c:\\Users\\joaom\\.vscode\\extensions\\uqbar.wollok-lsp-ide-0.5.2\\out\\server\\src\\server.js:2326:12950)\n    at W2.buildEnvironmentFrom (c:\\Users\\joaom\\.vscode\\extensions\\uqbar.wollok-lsp-ide-0.5.2\\out\\server\\src\\server.js:2371:5254)\n    at W2.updateEnvironmentWith (c:\\Users\\joaom\\.vscode\\extensions\\uqbar.wollok-lsp-ide-0.5.2\\out\\server\\src\\server.js:2371:4989)\n    at GF (c:\\Users\\joaom\\.vscode\\extensions\\uqbar.wollok-lsp-ide-0.5.2\\out\\server\\src\\server.js:2371:7383)\n    at L3.invoke (c:\\Users\\joaom\\.vscode\\extensions\\uqbar.wollok-lsp-ide-0.5.2\\out\\server\\src\\server.js:3:157326)\n    at o.fire (c:\\Users\\joaom\\.vscode\\extensions\\uqbar.wollok-lsp-ide-0.5.2\\out\\server\\src\\server.js:3:158096)\n    at c:\\Users\\joaom\\.vscode\\extensions\\uqbar.wollok-lsp-ide-0.5.2\\out\\server\\src\\server.js:37:57871\n    at Kr (c:\\Users\\joaom\\.vscode\\extensions\\uqbar.wollok-lsp-ide-0.5.2\\out\\server\\src\\server.js:8:1561)","timestamp":"2025-07-01T15:18:33.599Z"}
{"level":"error","message":"✘ Failed to rebuild document Failed to parse mana.wlk: \n-- PARSING FAILED --------------------------------------------------\n\n  27 | \t}\n  28 | \tmethod recibeDanioMago(danio,enemigo){}\n> 29 | }\n     | ^\n\nExpected one of the following: \n\n'@', 'class', 'const', 'describe', 'mixin', 'object', 'only', 'package', 'program', 'test', 'var', '{', EOF, comment, not \"}\", whitespace\n","stack":"Error: Failed to parse mana.wlk: \n-- PARSING FAILED --------------------------------------------------\n\n  27 | \t}\n  28 | \tmethod recibeDanioMago(danio,enemigo){}\n> 29 | }\n     | ^\n\nExpected one of the following: \n\n'@', 'class', 'const', 'describe', 'mixin', 'object', 'only', 'package', 'program', 'test', 'var', '{', EOF, comment, not \"}\", whitespace\n\n    at c:\\Users\\joaom\\.vscode\\extensions\\uqbar.wollok-lsp-ide-0.5.2\\out\\server\\src\\server.js:2326:13026\n    at Array.map (<anonymous>)\n    at D1n (c:\\Users\\joaom\\.vscode\\extensions\\uqbar.wollok-lsp-ide-0.5.2\\out\\server\\src\\server.js:2326:12950)\n    at W2.buildEnvironmentFrom (c:\\Users\\joaom\\.vscode\\extensions\\uqbar.wollok-lsp-ide-0.5.2\\out\\server\\src\\server.js:2371:5254)\n    at W2.updateEnvironmentWith (c:\\Users\\joaom\\.vscode\\extensions\\uqbar.wollok-lsp-ide-0.5.2\\out\\server\\src\\server.js:2371:4989)\n    at GF (c:\\Users\\joaom\\.vscode\\extensions\\uqbar.wollok-lsp-ide-0.5.2\\out\\server\\src\\server.js:2371:7383)\n    at L3.invoke (c:\\Users\\joaom\\.vscode\\extensions\\uqbar.wollok-lsp-ide-0.5.2\\out\\server\\src\\server.js:3:157326)\n    at o.fire (c:\\Users\\joaom\\.vscode\\extensions\\uqbar.wollok-lsp-ide-0.5.2\\out\\server\\src\\server.js:3:158096)\n    at c:\\Users\\joaom\\.vscode\\extensions\\uqbar.wollok-lsp-ide-0.5.2\\out\\server\\src\\server.js:37:57871\n    at Kr (c:\\Users\\joaom\\.vscode\\extensions\\uqbar.wollok-lsp-ide-0.5.2\\out\\server\\src\\server.js:8:1561)","timestamp":"2025-07-01T15:18:33.794Z"}
{"level":"error","message":"✘ Failed to rebuild document Failed to parse mana.wlk: \n-- PARSING FAILED --------------------------------------------------\n\n  27 | \t}\n  28 | \tmethod recibeDanioMago(danio,enemigo){}\n> 29 | }\n     | ^\n\nExpected one of the following: \n\n'@', 'class', 'const', 'describe', 'mixin', 'object', 'only', 'package', 'program', 'test', 'var', '{', EOF, comment, not \"}\", whitespace\n","stack":"Error: Failed to parse mana.wlk: \n-- PARSING FAILED --------------------------------------------------\n\n  27 | \t}\n  28 | \tmethod recibeDanioMago(danio,enemigo){}\n> 29 | }\n     | ^\n\nExpected one of the following: \n\n'@', 'class', 'const', 'describe', 'mixin', 'object', 'only', 'package', 'program', 'test', 'var', '{', EOF, comment, not \"}\", whitespace\n\n    at c:\\Users\\joaom\\.vscode\\extensions\\uqbar.wollok-lsp-ide-0.5.2\\out\\server\\src\\server.js:2326:13026\n    at Array.map (<anonymous>)\n    at D1n (c:\\Users\\joaom\\.vscode\\extensions\\uqbar.wollok-lsp-ide-0.5.2\\out\\server\\src\\server.js:2326:12950)\n    at W2.buildEnvironmentFrom (c:\\Users\\joaom\\.vscode\\extensions\\uqbar.wollok-lsp-ide-0.5.2\\out\\server\\src\\server.js:2371:5254)\n    at W2.updateEnvironmentWith (c:\\Users\\joaom\\.vscode\\extensions\\uqbar.wollok-lsp-ide-0.5.2\\out\\server\\src\\server.js:2371:4989)\n    at GF (c:\\Users\\joaom\\.vscode\\extensions\\uqbar.wollok-lsp-ide-0.5.2\\out\\server\\src\\server.js:2371:7383)\n    at L3.invoke (c:\\Users\\joaom\\.vscode\\extensions\\uqbar.wollok-lsp-ide-0.5.2\\out\\server\\src\\server.js:3:157326)\n    at o.fire (c:\\Users\\joaom\\.vscode\\extensions\\uqbar.wollok-lsp-ide-0.5.2\\out\\server\\src\\server.js:3:158096)\n    at c:\\Users\\joaom\\.vscode\\extensions\\uqbar.wollok-lsp-ide-0.5.2\\out\\server\\src\\server.js:37:57871\n    at Kr (c:\\Users\\joaom\\.vscode\\extensions\\uqbar.wollok-lsp-ide-0.5.2\\out\\server\\src\\server.js:8:1561)","timestamp":"2025-07-01T15:18:33.940Z"}
{"level":"error","message":"✘ Completions for node Send ([17:50, 17:74] - mana.wlk) failed: Error: [Send]{57c49b} at mana.wlk:17 exhausted all cases without a match [Send]{57c49b} at mana.wlk:17 exhausted all cases without a match","stack":"Error: [Send]{57c49b} at mana.wlk:17 exhausted all cases without a match\n    at c:\\Users\\joaom\\.vscode\\extensions\\uqbar.wollok-lsp-ide-0.5.2\\out\\server\\src\\server.js:38:6142\n    at C2 (c:\\Users\\joaom\\.vscode\\extensions\\uqbar.wollok-lsp-ide-0.5.2\\out\\server\\src\\server.js:2362:42)\n    at c:\\Users\\joaom\\.vscode\\extensions\\uqbar.wollok-lsp-ide-0.5.2\\out\\server\\src\\server.js:2362:2988\n    at c:\\Users\\joaom\\.vscode\\extensions\\uqbar.wollok-lsp-ide-0.5.2\\out\\server\\src\\server.js:2371:8440\n    at c:\\Users\\joaom\\.vscode\\extensions\\uqbar.wollok-lsp-ide-0.5.2\\out\\server\\src\\server.js:37:74872\n    at Ye (c:\\Users\\joaom\\.vscode\\extensions\\uqbar.wollok-lsp-ide-0.5.2\\out\\server\\src\\server.js:7:8527)\n    at Dt (c:\\Users\\joaom\\.vscode\\extensions\\uqbar.wollok-lsp-ide-0.5.2\\out\\server\\src\\server.js:7:6189)\n    at Zi (c:\\Users\\joaom\\.vscode\\extensions\\uqbar.wollok-lsp-ide-0.5.2\\out\\server\\src\\server.js:7:6378)\n    at Immediate._onImmediate (c:\\Users\\joaom\\.vscode\\extensions\\uqbar.wollok-lsp-ide-0.5.2\\out\\server\\src\\server.js:7:6142)\n    at process.processImmediate (node:internal/timers:485:21)","timestamp":"2025-07-01T15:18:33.974Z"}
{"level":"error","message":"✘ Completions for node Send ([17:50, 17:110] - mana.wlk) failed: Error: [Send]{e97ddc} at mana.wlk:17 exhausted all cases without a match [Send]{e97ddc} at mana.wlk:17 exhausted all cases without a match","stack":"Error: [Send]{e97ddc} at mana.wlk:17 exhausted all cases without a match\n    at c:\\Users\\joaom\\.vscode\\extensions\\uqbar.wollok-lsp-ide-0.5.2\\out\\server\\src\\server.js:38:6142\n    at C2 (c:\\Users\\joaom\\.vscode\\extensions\\uqbar.wollok-lsp-ide-0.5.2\\out\\server\\src\\server.js:2362:42)\n    at Gh (c:\\Users\\joaom\\.vscode\\extensions\\uqbar.wollok-lsp-ide-0.5.2\\out\\server\\src\\server.js:2362:1092)\n    at C2 (c:\\Users\\joaom\\.vscode\\extensions\\uqbar.wollok-lsp-ide-0.5.2\\out\\server\\src\\server.js:2362:544)\n    at c:\\Users\\joaom\\.vscode\\extensions\\uqbar.wollok-lsp-ide-0.5.2\\out\\server\\src\\server.js:2362:2988\n    at c:\\Users\\joaom\\.vscode\\extensions\\uqbar.wollok-lsp-ide-0.5.2\\out\\server\\src\\server.js:2371:8440\n    at c:\\Users\\joaom\\.vscode\\extensions\\uqbar.wollok-lsp-ide-0.5.2\\out\\server\\src\\server.js:37:74872\n    at Ye (c:\\Users\\joaom\\.vscode\\extensions\\uqbar.wollok-lsp-ide-0.5.2\\out\\server\\src\\server.js:7:8527)\n    at Dt (c:\\Users\\joaom\\.vscode\\extensions\\uqbar.wollok-lsp-ide-0.5.2\\out\\server\\src\\server.js:7:6189)\n    at Zi (c:\\Users\\joaom\\.vscode\\extensions\\uqbar.wollok-lsp-ide-0.5.2\\out\\server\\src\\server.js:7:6378)","timestamp":"2025-07-01T15:18:33.975Z"}
{"level":"error","message":"✘ Completions for node Send ([17:50, 17:116] - mana.wlk) failed: Error: [Send]{d53b50} at mana.wlk:17 exhausted all cases without a match [Send]{d53b50} at mana.wlk:17 exhausted all cases without a match","stack":"Error: [Send]{d53b50} at mana.wlk:17 exhausted all cases without a match\n    at c:\\Users\\joaom\\.vscode\\extensions\\uqbar.wollok-lsp-ide-0.5.2\\out\\server\\src\\server.js:38:6142\n    at C2 (c:\\Users\\joaom\\.vscode\\extensions\\uqbar.wollok-lsp-ide-0.5.2\\out\\server\\src\\server.js:2362:42)\n    at Gh (c:\\Users\\joaom\\.vscode\\extensions\\uqbar.wollok-lsp-ide-0.5.2\\out\\server\\src\\server.js:2362:1092)\n    at C2 (c:\\Users\\joaom\\.vscode\\extensions\\uqbar.wollok-lsp-ide-0.5.2\\out\\server\\src\\server.js:2362:544)\n    at Gh (c:\\Users\\joaom\\.vscode\\extensions\\uqbar.wollok-lsp-ide-0.5.2\\out\\server\\src\\server.js:2362:1092)\n    at C2 (c:\\Users\\joaom\\.vscode\\extensions\\uqbar.wollok-lsp-ide-0.5.2\\out\\server\\src\\server.js:2362:544)\n    at c:\\Users\\joaom\\.vscode\\extensions\\uqbar.wollok-lsp-ide-0.5.2\\out\\server\\src\\server.js:2362:2988\n    at c:\\Users\\joaom\\.vscode\\extensions\\uqbar.wollok-lsp-ide-0.5.2\\out\\server\\src\\server.js:2371:8440\n    at c:\\Users\\joaom\\.vscode\\extensions\\uqbar.wollok-lsp-ide-0.5.2\\out\\server\\src\\server.js:37:74872\n    at Ye (c:\\Users\\joaom\\.vscode\\extensions\\uqbar.wollok-lsp-ide-0.5.2\\out\\server\\src\\server.js:7:8527)","timestamp":"2025-07-01T15:18:33.975Z"}
{"level":"error","message":"✘ Completions for node Send ([17:37, 17:116] - mana.wlk) failed: Error: [Send]{f06718} at mana.wlk:17 exhausted all cases without a match [Send]{f06718} at mana.wlk:17 exhausted all cases without a match","stack":"Error: [Send]{f06718} at mana.wlk:17 exhausted all cases without a match\n    at c:\\Users\\joaom\\.vscode\\extensions\\uqbar.wollok-lsp-ide-0.5.2\\out\\server\\src\\server.js:38:6142\n    at C2 (c:\\Users\\joaom\\.vscode\\extensions\\uqbar.wollok-lsp-ide-0.5.2\\out\\server\\src\\server.js:2362:42)\n    at Gh (c:\\Users\\joaom\\.vscode\\extensions\\uqbar.wollok-lsp-ide-0.5.2\\out\\server\\src\\server.js:2362:1092)\n    at C2 (c:\\Users\\joaom\\.vscode\\extensions\\uqbar.wollok-lsp-ide-0.5.2\\out\\server\\src\\server.js:2362:544)\n    at Gh (c:\\Users\\joaom\\.vscode\\extensions\\uqbar.wollok-lsp-ide-0.5.2\\out\\server\\src\\server.js:2362:1092)\n    at C2 (c:\\Users\\joaom\\.vscode\\extensions\\uqbar.wollok-lsp-ide-0.5.2\\out\\server\\src\\server.js:2362:544)\n    at Gh (c:\\Users\\joaom\\.vscode\\extensions\\uqbar.wollok-lsp-ide-0.5.2\\out\\server\\src\\server.js:2362:1092)\n    at C2 (c:\\Users\\joaom\\.vscode\\extensions\\uqbar.wollok-lsp-ide-0.5.2\\out\\server\\src\\server.js:2362:544)\n    at c:\\Users\\joaom\\.vscode\\extensions\\uqbar.wollok-lsp-ide-0.5.2\\out\\server\\src\\server.js:2362:2988\n    at c:\\Users\\joaom\\.vscode\\extensions\\uqbar.wollok-lsp-ide-0.5.2\\out\\server\\src\\server.js:2371:8440","timestamp":"2025-07-01T15:18:33.975Z"}
{"level":"error","message":"✘ Completions for node Send ([17:25, 17:117] - mana.wlk) failed: Error: [Send]{9ea8a5} at mana.wlk:17 exhausted all cases without a match [Send]{9ea8a5} at mana.wlk:17 exhausted all cases without a match","stack":"Error: [Send]{9ea8a5} at mana.wlk:17 exhausted all cases without a match\n    at c:\\Users\\joaom\\.vscode\\extensions\\uqbar.wollok-lsp-ide-0.5.2\\out\\server\\src\\server.js:38:6142\n    at C2 (c:\\Users\\joaom\\.vscode\\extensions\\uqbar.wollok-lsp-ide-0.5.2\\out\\server\\src\\server.js:2362:42)\n    at Gh (c:\\Users\\joaom\\.vscode\\extensions\\uqbar.wollok-lsp-ide-0.5.2\\out\\server\\src\\server.js:2362:1092)\n    at C2 (c:\\Users\\joaom\\.vscode\\extensions\\uqbar.wollok-lsp-ide-0.5.2\\out\\server\\src\\server.js:2362:544)\n    at Gh (c:\\Users\\joaom\\.vscode\\extensions\\uqbar.wollok-lsp-ide-0.5.2\\out\\server\\src\\server.js:2362:1092)\n    at C2 (c:\\Users\\joaom\\.vscode\\extensions\\uqbar.wollok-lsp-ide-0.5.2\\out\\server\\src\\server.js:2362:544)\n    at Gh (c:\\Users\\joaom\\.vscode\\extensions\\uqbar.wollok-lsp-ide-0.5.2\\out\\server\\src\\server.js:2362:1092)\n    at C2 (c:\\Users\\joaom\\.vscode\\extensions\\uqbar.wollok-lsp-ide-0.5.2\\out\\server\\src\\server.js:2362:544)\n    at Gh (c:\\Users\\joaom\\.vscode\\extensions\\uqbar.wollok-lsp-ide-0.5.2\\out\\server\\src\\server.js:2362:1092)\n    at C2 (c:\\Users\\joaom\\.vscode\\extensions\\uqbar.wollok-lsp-ide-0.5.2\\out\\server\\src\\server.js:2362:544)","timestamp":"2025-07-01T15:18:33.975Z"}
{"level":"error","message":"✘ Failed to rebuild document Failed to parse mana.wlk: \n-- PARSING FAILED --------------------------------------------------\n\n  27 | \t}\n  28 | \tmethod recibeDanioMago(danio,enemigo){}\n> 29 | }\n     | ^\n\nExpected one of the following: \n\n'@', 'class', 'const', 'describe', 'mixin', 'object', 'only', 'package', 'program', 'test', 'var', '{', EOF, comment, not \"}\", whitespace\n","stack":"Error: Failed to parse mana.wlk: \n-- PARSING FAILED --------------------------------------------------\n\n  27 | \t}\n  28 | \tmethod recibeDanioMago(danio,enemigo){}\n> 29 | }\n     | ^\n\nExpected one of the following: \n\n'@', 'class', 'const', 'describe', 'mixin', 'object', 'only', 'package', 'program', 'test', 'var', '{', EOF, comment, not \"}\", whitespace\n\n    at c:\\Users\\joaom\\.vscode\\extensions\\uqbar.wollok-lsp-ide-0.5.2\\out\\server\\src\\server.js:2326:13026\n    at Array.map (<anonymous>)\n    at D1n (c:\\Users\\joaom\\.vscode\\extensions\\uqbar.wollok-lsp-ide-0.5.2\\out\\server\\src\\server.js:2326:12950)\n    at W2.buildEnvironmentFrom (c:\\Users\\joaom\\.vscode\\extensions\\uqbar.wollok-lsp-ide-0.5.2\\out\\server\\src\\server.js:2371:5254)\n    at W2.updateEnvironmentWith (c:\\Users\\joaom\\.vscode\\extensions\\uqbar.wollok-lsp-ide-0.5.2\\out\\server\\src\\server.js:2371:4989)\n    at GF (c:\\Users\\joaom\\.vscode\\extensions\\uqbar.wollok-lsp-ide-0.5.2\\out\\server\\src\\server.js:2371:7383)\n    at L3.invoke (c:\\Users\\joaom\\.vscode\\extensions\\uqbar.wollok-lsp-ide-0.5.2\\out\\server\\src\\server.js:3:157326)\n    at o.fire (c:\\Users\\joaom\\.vscode\\extensions\\uqbar.wollok-lsp-ide-0.5.2\\out\\server\\src\\server.js:3:158096)\n    at c:\\Users\\joaom\\.vscode\\extensions\\uqbar.wollok-lsp-ide-0.5.2\\out\\server\\src\\server.js:37:57871\n    at Kr (c:\\Users\\joaom\\.vscode\\extensions\\uqbar.wollok-lsp-ide-0.5.2\\out\\server\\src\\server.js:8:1561)","timestamp":"2025-07-01T15:18:34.043Z"}
{"level":"error","message":"✘ Completions for node Send ([17:50, 17:74] - mana.wlk) failed: Error: [Send]{57c49b} at mana.wlk:17 exhausted all cases without a match [Send]{57c49b} at mana.wlk:17 exhausted all cases without a match","stack":"Error: [Send]{57c49b} at mana.wlk:17 exhausted all cases without a match\n    at c:\\Users\\joaom\\.vscode\\extensions\\uqbar.wollok-lsp-ide-0.5.2\\out\\server\\src\\server.js:38:6142\n    at C2 (c:\\Users\\joaom\\.vscode\\extensions\\uqbar.wollok-lsp-ide-0.5.2\\out\\server\\src\\server.js:2362:42)\n    at c:\\Users\\joaom\\.vscode\\extensions\\uqbar.wollok-lsp-ide-0.5.2\\out\\server\\src\\server.js:2362:2988\n    at c:\\Users\\joaom\\.vscode\\extensions\\uqbar.wollok-lsp-ide-0.5.2\\out\\server\\src\\server.js:2371:8440\n    at c:\\Users\\joaom\\.vscode\\extensions\\uqbar.wollok-lsp-ide-0.5.2\\out\\server\\src\\server.js:37:74872\n    at Ye (c:\\Users\\joaom\\.vscode\\extensions\\uqbar.wollok-lsp-ide-0.5.2\\out\\server\\src\\server.js:7:8527)\n    at Dt (c:\\Users\\joaom\\.vscode\\extensions\\uqbar.wollok-lsp-ide-0.5.2\\out\\server\\src\\server.js:7:6189)\n    at Zi (c:\\Users\\joaom\\.vscode\\extensions\\uqbar.wollok-lsp-ide-0.5.2\\out\\server\\src\\server.js:7:6378)\n    at Immediate._onImmediate (c:\\Users\\joaom\\.vscode\\extensions\\uqbar.wollok-lsp-ide-0.5.2\\out\\server\\src\\server.js:7:6142)\n    at process.processImmediate (node:internal/timers:485:21)","timestamp":"2025-07-01T15:18:34.081Z"}
{"level":"error","message":"✘ Completions for node Send ([17:50, 17:110] - mana.wlk) failed: Error: [Send]{e97ddc} at mana.wlk:17 exhausted all cases without a match [Send]{e97ddc} at mana.wlk:17 exhausted all cases without a match","stack":"Error: [Send]{e97ddc} at mana.wlk:17 exhausted all cases without a match\n    at c:\\Users\\joaom\\.vscode\\extensions\\uqbar.wollok-lsp-ide-0.5.2\\out\\server\\src\\server.js:38:6142\n    at C2 (c:\\Users\\joaom\\.vscode\\extensions\\uqbar.wollok-lsp-ide-0.5.2\\out\\server\\src\\server.js:2362:42)\n    at Gh (c:\\Users\\joaom\\.vscode\\extensions\\uqbar.wollok-lsp-ide-0.5.2\\out\\server\\src\\server.js:2362:1092)\n    at C2 (c:\\Users\\joaom\\.vscode\\extensions\\uqbar.wollok-lsp-ide-0.5.2\\out\\server\\src\\server.js:2362:544)\n    at c:\\Users\\joaom\\.vscode\\extensions\\uqbar.wollok-lsp-ide-0.5.2\\out\\server\\src\\server.js:2362:2988\n    at c:\\Users\\joaom\\.vscode\\extensions\\uqbar.wollok-lsp-ide-0.5.2\\out\\server\\src\\server.js:2371:8440\n    at c:\\Users\\joaom\\.vscode\\extensions\\uqbar.wollok-lsp-ide-0.5.2\\out\\server\\src\\server.js:37:74872\n    at Ye (c:\\Users\\joaom\\.vscode\\extensions\\uqbar.wollok-lsp-ide-0.5.2\\out\\server\\src\\server.js:7:8527)\n    at Dt (c:\\Users\\joaom\\.vscode\\extensions\\uqbar.wollok-lsp-ide-0.5.2\\out\\server\\src\\server.js:7:6189)\n    at Zi (c:\\Users\\joaom\\.vscode\\extensions\\uqbar.wollok-lsp-ide-0.5.2\\out\\server\\src\\server.js:7:6378)","timestamp":"2025-07-01T15:18:34.081Z"}
{"level":"error","message":"✘ Completions for node Send ([17:50, 17:116] - mana.wlk) failed: Error: [Send]{d53b50} at mana.wlk:17 exhausted all cases without a match [Send]{d53b50} at mana.wlk:17 exhausted all cases without a match","stack":"Error: [Send]{d53b50} at mana.wlk:17 exhausted all cases without a match\n    at c:\\Users\\joaom\\.vscode\\extensions\\uqbar.wollok-lsp-ide-0.5.2\\out\\server\\src\\server.js:38:6142\n    at C2 (c:\\Users\\joaom\\.vscode\\extensions\\uqbar.wollok-lsp-ide-0.5.2\\out\\server\\src\\server.js:2362:42)\n    at Gh (c:\\Users\\joaom\\.vscode\\extensions\\uqbar.wollok-lsp-ide-0.5.2\\out\\server\\src\\server.js:2362:1092)\n    at C2 (c:\\Users\\joaom\\.vscode\\extensions\\uqbar.wollok-lsp-ide-0.5.2\\out\\server\\src\\server.js:2362:544)\n    at Gh (c:\\Users\\joaom\\.vscode\\extensions\\uqbar.wollok-lsp-ide-0.5.2\\out\\server\\src\\server.js:2362:1092)\n    at C2 (c:\\Users\\joaom\\.vscode\\extensions\\uqbar.wollok-lsp-ide-0.5.2\\out\\server\\src\\server.js:2362:544)\n    at c:\\Users\\joaom\\.vscode\\extensions\\uqbar.wollok-lsp-ide-0.5.2\\out\\server\\src\\server.js:2362:2988\n    at c:\\Users\\joaom\\.vscode\\extensions\\uqbar.wollok-lsp-ide-0.5.2\\out\\server\\src\\server.js:2371:8440\n    at c:\\Users\\joaom\\.vscode\\extensions\\uqbar.wollok-lsp-ide-0.5.2\\out\\server\\src\\server.js:37:74872\n    at Ye (c:\\Users\\joaom\\.vscode\\extensions\\uqbar.wollok-lsp-ide-0.5.2\\out\\server\\src\\server.js:7:8527)","timestamp":"2025-07-01T15:18:34.082Z"}
{"level":"error","message":"✘ Completions for node Send ([17:37, 17:116] - mana.wlk) failed: Error: [Send]{f06718} at mana.wlk:17 exhausted all cases without a match [Send]{f06718} at mana.wlk:17 exhausted all cases without a match","stack":"Error: [Send]{f06718} at mana.wlk:17 exhausted all cases without a match\n    at c:\\Users\\joaom\\.vscode\\extensions\\uqbar.wollok-lsp-ide-0.5.2\\out\\server\\src\\server.js:38:6142\n    at C2 (c:\\Users\\joaom\\.vscode\\extensions\\uqbar.wollok-lsp-ide-0.5.2\\out\\server\\src\\server.js:2362:42)\n    at Gh (c:\\Users\\joaom\\.vscode\\extensions\\uqbar.wollok-lsp-ide-0.5.2\\out\\server\\src\\server.js:2362:1092)\n    at C2 (c:\\Users\\joaom\\.vscode\\extensions\\uqbar.wollok-lsp-ide-0.5.2\\out\\server\\src\\server.js:2362:544)\n    at Gh (c:\\Users\\joaom\\.vscode\\extensions\\uqbar.wollok-lsp-ide-0.5.2\\out\\server\\src\\server.js:2362:1092)\n    at C2 (c:\\Users\\joaom\\.vscode\\extensions\\uqbar.wollok-lsp-ide-0.5.2\\out\\server\\src\\server.js:2362:544)\n    at Gh (c:\\Users\\joaom\\.vscode\\extensions\\uqbar.wollok-lsp-ide-0.5.2\\out\\server\\src\\server.js:2362:1092)\n    at C2 (c:\\Users\\joaom\\.vscode\\extensions\\uqbar.wollok-lsp-ide-0.5.2\\out\\server\\src\\server.js:2362:544)\n    at c:\\Users\\joaom\\.vscode\\extensions\\uqbar.wollok-lsp-ide-0.5.2\\out\\server\\src\\server.js:2362:2988\n    at c:\\Users\\joaom\\.vscode\\extensions\\uqbar.wollok-lsp-ide-0.5.2\\out\\server\\src\\server.js:2371:8440","timestamp":"2025-07-01T15:18:34.082Z"}
{"level":"error","message":"✘ Completions for node Send ([17:25, 17:117] - mana.wlk) failed: Error: [Send]{9ea8a5} at mana.wlk:17 exhausted all cases without a match [Send]{9ea8a5} at mana.wlk:17 exhausted all cases without a match","stack":"Error: [Send]{9ea8a5} at mana.wlk:17 exhausted all cases without a match\n    at c:\\Users\\joaom\\.vscode\\extensions\\uqbar.wollok-lsp-ide-0.5.2\\out\\server\\src\\server.js:38:6142\n    at C2 (c:\\Users\\joaom\\.vscode\\extensions\\uqbar.wollok-lsp-ide-0.5.2\\out\\server\\src\\server.js:2362:42)\n    at Gh (c:\\Users\\joaom\\.vscode\\extensions\\uqbar.wollok-lsp-ide-0.5.2\\out\\server\\src\\server.js:2362:1092)\n    at C2 (c:\\Users\\joaom\\.vscode\\extensions\\uqbar.wollok-lsp-ide-0.5.2\\out\\server\\src\\server.js:2362:544)\n    at Gh (c:\\Users\\joaom\\.vscode\\extensions\\uqbar.wollok-lsp-ide-0.5.2\\out\\server\\src\\server.js:2362:1092)\n    at C2 (c:\\Users\\joaom\\.vscode\\extensions\\uqbar.wollok-lsp-ide-0.5.2\\out\\server\\src\\server.js:2362:544)\n    at Gh (c:\\Users\\joaom\\.vscode\\extensions\\uqbar.wollok-lsp-ide-0.5.2\\out\\server\\src\\server.js:2362:1092)\n    at C2 (c:\\Users\\joaom\\.vscode\\extensions\\uqbar.wollok-lsp-ide-0.5.2\\out\\server\\src\\server.js:2362:544)\n    at Gh (c:\\Users\\joaom\\.vscode\\extensions\\uqbar.wollok-lsp-ide-0.5.2\\out\\server\\src\\server.js:2362:1092)\n    at C2 (c:\\Users\\joaom\\.vscode\\extensions\\uqbar.wollok-lsp-ide-0.5.2\\out\\server\\src\\server.js:2362:544)","timestamp":"2025-07-01T15:18:34.082Z"}
{"level":"error","message":"✘ Failed to rebuild document Failed to parse mana.wlk: \n-- PARSING FAILED --------------------------------------------------\n\n  27 | \t}\n  28 | \tmethod recibeDanioMago(danio,enemigo){}\n> 29 | }\n     | ^\n\nExpected one of the following: \n\n'@', 'class', 'const', 'describe', 'mixin', 'object', 'only', 'package', 'program', 'test', 'var', '{', EOF, comment, not \"}\", whitespace\n","stack":"Error: Failed to parse mana.wlk: \n-- PARSING FAILED --------------------------------------------------\n\n  27 | \t}\n  28 | \tmethod recibeDanioMago(danio,enemigo){}\n> 29 | }\n     | ^\n\nExpected one of the following: \n\n'@', 'class', 'const', 'describe', 'mixin', 'object', 'only', 'package', 'program', 'test', 'var', '{', EOF, comment, not \"}\", whitespace\n\n    at c:\\Users\\joaom\\.vscode\\extensions\\uqbar.wollok-lsp-ide-0.5.2\\out\\server\\src\\server.js:2326:13026\n    at Array.map (<anonymous>)\n    at D1n (c:\\Users\\joaom\\.vscode\\extensions\\uqbar.wollok-lsp-ide-0.5.2\\out\\server\\src\\server.js:2326:12950)\n    at W2.buildEnvironmentFrom (c:\\Users\\joaom\\.vscode\\extensions\\uqbar.wollok-lsp-ide-0.5.2\\out\\server\\src\\server.js:2371:5254)\n    at W2.updateEnvironmentWith (c:\\Users\\joaom\\.vscode\\extensions\\uqbar.wollok-lsp-ide-0.5.2\\out\\server\\src\\server.js:2371:4989)\n    at GF (c:\\Users\\joaom\\.vscode\\extensions\\uqbar.wollok-lsp-ide-0.5.2\\out\\server\\src\\server.js:2371:7383)\n    at L3.invoke (c:\\Users\\joaom\\.vscode\\extensions\\uqbar.wollok-lsp-ide-0.5.2\\out\\server\\src\\server.js:3:157326)\n    at o.fire (c:\\Users\\joaom\\.vscode\\extensions\\uqbar.wollok-lsp-ide-0.5.2\\out\\server\\src\\server.js:3:158096)\n    at c:\\Users\\joaom\\.vscode\\extensions\\uqbar.wollok-lsp-ide-0.5.2\\out\\server\\src\\server.js:37:57871\n    at Kr (c:\\Users\\joaom\\.vscode\\extensions\\uqbar.wollok-lsp-ide-0.5.2\\out\\server\\src\\server.js:8:1561)","timestamp":"2025-07-01T15:18:34.169Z"}
{"level":"error","message":"✘ Completions for node Send ([17:50, 17:74] - mana.wlk) failed: Error: [Send]{57c49b} at mana.wlk:17 exhausted all cases without a match [Send]{57c49b} at mana.wlk:17 exhausted all cases without a match","stack":"Error: [Send]{57c49b} at mana.wlk:17 exhausted all cases without a match\n    at c:\\Users\\joaom\\.vscode\\extensions\\uqbar.wollok-lsp-ide-0.5.2\\out\\server\\src\\server.js:38:6142\n    at C2 (c:\\Users\\joaom\\.vscode\\extensions\\uqbar.wollok-lsp-ide-0.5.2\\out\\server\\src\\server.js:2362:42)\n    at c:\\Users\\joaom\\.vscode\\extensions\\uqbar.wollok-lsp-ide-0.5.2\\out\\server\\src\\server.js:2362:2988\n    at c:\\Users\\joaom\\.vscode\\extensions\\uqbar.wollok-lsp-ide-0.5.2\\out\\server\\src\\server.js:2371:8440\n    at c:\\Users\\joaom\\.vscode\\extensions\\uqbar.wollok-lsp-ide-0.5.2\\out\\server\\src\\server.js:37:74872\n    at Ye (c:\\Users\\joaom\\.vscode\\extensions\\uqbar.wollok-lsp-ide-0.5.2\\out\\server\\src\\server.js:7:8527)\n    at Dt (c:\\Users\\joaom\\.vscode\\extensions\\uqbar.wollok-lsp-ide-0.5.2\\out\\server\\src\\server.js:7:6189)\n    at Zi (c:\\Users\\joaom\\.vscode\\extensions\\uqbar.wollok-lsp-ide-0.5.2\\out\\server\\src\\server.js:7:6378)\n    at Immediate._onImmediate (c:\\Users\\joaom\\.vscode\\extensions\\uqbar.wollok-lsp-ide-0.5.2\\out\\server\\src\\server.js:7:6142)\n    at process.processImmediate (node:internal/timers:485:21)","timestamp":"2025-07-01T15:18:34.212Z"}
{"level":"error","message":"✘ Completions for node Send ([17:50, 17:110] - mana.wlk) failed: Error: [Send]{e97ddc} at mana.wlk:17 exhausted all cases without a match [Send]{e97ddc} at mana.wlk:17 exhausted all cases without a match","stack":"Error: [Send]{e97ddc} at mana.wlk:17 exhausted all cases without a match\n    at c:\\Users\\joaom\\.vscode\\extensions\\uqbar.wollok-lsp-ide-0.5.2\\out\\server\\src\\server.js:38:6142\n    at C2 (c:\\Users\\joaom\\.vscode\\extensions\\uqbar.wollok-lsp-ide-0.5.2\\out\\server\\src\\server.js:2362:42)\n    at Gh (c:\\Users\\joaom\\.vscode\\extensions\\uqbar.wollok-lsp-ide-0.5.2\\out\\server\\src\\server.js:2362:1092)\n    at C2 (c:\\Users\\joaom\\.vscode\\extensions\\uqbar.wollok-lsp-ide-0.5.2\\out\\server\\src\\server.js:2362:544)\n    at c:\\Users\\joaom\\.vscode\\extensions\\uqbar.wollok-lsp-ide-0.5.2\\out\\server\\src\\server.js:2362:2988\n    at c:\\Users\\joaom\\.vscode\\extensions\\uqbar.wollok-lsp-ide-0.5.2\\out\\server\\src\\server.js:2371:8440\n    at c:\\Users\\joaom\\.vscode\\extensions\\uqbar.wollok-lsp-ide-0.5.2\\out\\server\\src\\server.js:37:74872\n    at Ye (c:\\Users\\joaom\\.vscode\\extensions\\uqbar.wollok-lsp-ide-0.5.2\\out\\server\\src\\server.js:7:8527)\n    at Dt (c:\\Users\\joaom\\.vscode\\extensions\\uqbar.wollok-lsp-ide-0.5.2\\out\\server\\src\\server.js:7:6189)\n    at Zi (c:\\Users\\joaom\\.vscode\\extensions\\uqbar.wollok-lsp-ide-0.5.2\\out\\server\\src\\server.js:7:6378)","timestamp":"2025-07-01T15:18:34.213Z"}
{"level":"error","message":"✘ Completions for node Send ([17:50, 17:116] - mana.wlk) failed: Error: [Send]{d53b50} at mana.wlk:17 exhausted all cases without a match [Send]{d53b50} at mana.wlk:17 exhausted all cases without a match","stack":"Error: [Send]{d53b50} at mana.wlk:17 exhausted all cases without a match\n    at c:\\Users\\joaom\\.vscode\\extensions\\uqbar.wollok-lsp-ide-0.5.2\\out\\server\\src\\server.js:38:6142\n    at C2 (c:\\Users\\joaom\\.vscode\\extensions\\uqbar.wollok-lsp-ide-0.5.2\\out\\server\\src\\server.js:2362:42)\n    at Gh (c:\\Users\\joaom\\.vscode\\extensions\\uqbar.wollok-lsp-ide-0.5.2\\out\\server\\src\\server.js:2362:1092)\n    at C2 (c:\\Users\\joaom\\.vscode\\extensions\\uqbar.wollok-lsp-ide-0.5.2\\out\\server\\src\\server.js:2362:544)\n    at Gh (c:\\Users\\joaom\\.vscode\\extensions\\uqbar.wollok-lsp-ide-0.5.2\\out\\server\\src\\server.js:2362:1092)\n    at C2 (c:\\Users\\joaom\\.vscode\\extensions\\uqbar.wollok-lsp-ide-0.5.2\\out\\server\\src\\server.js:2362:544)\n    at c:\\Users\\joaom\\.vscode\\extensions\\uqbar.wollok-lsp-ide-0.5.2\\out\\server\\src\\server.js:2362:2988\n    at c:\\Users\\joaom\\.vscode\\extensions\\uqbar.wollok-lsp-ide-0.5.2\\out\\server\\src\\server.js:2371:8440\n    at c:\\Users\\joaom\\.vscode\\extensions\\uqbar.wollok-lsp-ide-0.5.2\\out\\server\\src\\server.js:37:74872\n    at Ye (c:\\Users\\joaom\\.vscode\\extensions\\uqbar.wollok-lsp-ide-0.5.2\\out\\server\\src\\server.js:7:8527)","timestamp":"2025-07-01T15:18:34.213Z"}
{"level":"error","message":"✘ Completions for node Send ([17:37, 17:116] - mana.wlk) failed: Error: [Send]{f06718} at mana.wlk:17 exhausted all cases without a match [Send]{f06718} at mana.wlk:17 exhausted all cases without a match","stack":"Error: [Send]{f06718} at mana.wlk:17 exhausted all cases without a match\n    at c:\\Users\\joaom\\.vscode\\extensions\\uqbar.wollok-lsp-ide-0.5.2\\out\\server\\src\\server.js:38:6142\n    at C2 (c:\\Users\\joaom\\.vscode\\extensions\\uqbar.wollok-lsp-ide-0.5.2\\out\\server\\src\\server.js:2362:42)\n    at Gh (c:\\Users\\joaom\\.vscode\\extensions\\uqbar.wollok-lsp-ide-0.5.2\\out\\server\\src\\server.js:2362:1092)\n    at C2 (c:\\Users\\joaom\\.vscode\\extensions\\uqbar.wollok-lsp-ide-0.5.2\\out\\server\\src\\server.js:2362:544)\n    at Gh (c:\\Users\\joaom\\.vscode\\extensions\\uqbar.wollok-lsp-ide-0.5.2\\out\\server\\src\\server.js:2362:1092)\n    at C2 (c:\\Users\\joaom\\.vscode\\extensions\\uqbar.wollok-lsp-ide-0.5.2\\out\\server\\src\\server.js:2362:544)\n    at Gh (c:\\Users\\joaom\\.vscode\\extensions\\uqbar.wollok-lsp-ide-0.5.2\\out\\server\\src\\server.js:2362:1092)\n    at C2 (c:\\Users\\joaom\\.vscode\\extensions\\uqbar.wollok-lsp-ide-0.5.2\\out\\server\\src\\server.js:2362:544)\n    at c:\\Users\\joaom\\.vscode\\extensions\\uqbar.wollok-lsp-ide-0.5.2\\out\\server\\src\\server.js:2362:2988\n    at c:\\Users\\joaom\\.vscode\\extensions\\uqbar.wollok-lsp-ide-0.5.2\\out\\server\\src\\server.js:2371:8440","timestamp":"2025-07-01T15:18:34.213Z"}
{"level":"error","message":"✘ Completions for node Send ([17:25, 17:117] - mana.wlk) failed: Error: [Send]{9ea8a5} at mana.wlk:17 exhausted all cases without a match [Send]{9ea8a5} at mana.wlk:17 exhausted all cases without a match","stack":"Error: [Send]{9ea8a5} at mana.wlk:17 exhausted all cases without a match\n    at c:\\Users\\joaom\\.vscode\\extensions\\uqbar.wollok-lsp-ide-0.5.2\\out\\server\\src\\server.js:38:6142\n    at C2 (c:\\Users\\joaom\\.vscode\\extensions\\uqbar.wollok-lsp-ide-0.5.2\\out\\server\\src\\server.js:2362:42)\n    at Gh (c:\\Users\\joaom\\.vscode\\extensions\\uqbar.wollok-lsp-ide-0.5.2\\out\\server\\src\\server.js:2362:1092)\n    at C2 (c:\\Users\\joaom\\.vscode\\extensions\\uqbar.wollok-lsp-ide-0.5.2\\out\\server\\src\\server.js:2362:544)\n    at Gh (c:\\Users\\joaom\\.vscode\\extensions\\uqbar.wollok-lsp-ide-0.5.2\\out\\server\\src\\server.js:2362:1092)\n    at C2 (c:\\Users\\joaom\\.vscode\\extensions\\uqbar.wollok-lsp-ide-0.5.2\\out\\server\\src\\server.js:2362:544)\n    at Gh (c:\\Users\\joaom\\.vscode\\extensions\\uqbar.wollok-lsp-ide-0.5.2\\out\\server\\src\\server.js:2362:1092)\n    at C2 (c:\\Users\\joaom\\.vscode\\extensions\\uqbar.wollok-lsp-ide-0.5.2\\out\\server\\src\\server.js:2362:544)\n    at Gh (c:\\Users\\joaom\\.vscode\\extensions\\uqbar.wollok-lsp-ide-0.5.2\\out\\server\\src\\server.js:2362:1092)\n    at C2 (c:\\Users\\joaom\\.vscode\\extensions\\uqbar.wollok-lsp-ide-0.5.2\\out\\server\\src\\server.js:2362:544)","timestamp":"2025-07-01T15:18:34.213Z"}
{"level":"error","message":"✘ Failed to rebuild document Failed to parse mana.wlk: \n-- PARSING FAILED --------------------------------------------------\n\n  27 | \t}\n  28 | \tmethod recibeDanioMago(danio,enemigo){}\n> 29 | }\n     | ^\n\nExpected one of the following: \n\n'@', 'class', 'const', 'describe', 'mixin', 'object', 'only', 'package', 'program', 'test', 'var', '{', EOF, comment, not \"}\", whitespace\n","stack":"Error: Failed to parse mana.wlk: \n-- PARSING FAILED --------------------------------------------------\n\n  27 | \t}\n  28 | \tmethod recibeDanioMago(danio,enemigo){}\n> 29 | }\n     | ^\n\nExpected one of the following: \n\n'@', 'class', 'const', 'describe', 'mixin', 'object', 'only', 'package', 'program', 'test', 'var', '{', EOF, comment, not \"}\", whitespace\n\n    at c:\\Users\\joaom\\.vscode\\extensions\\uqbar.wollok-lsp-ide-0.5.2\\out\\server\\src\\server.js:2326:13026\n    at Array.map (<anonymous>)\n    at D1n (c:\\Users\\joaom\\.vscode\\extensions\\uqbar.wollok-lsp-ide-0.5.2\\out\\server\\src\\server.js:2326:12950)\n    at W2.buildEnvironmentFrom (c:\\Users\\joaom\\.vscode\\extensions\\uqbar.wollok-lsp-ide-0.5.2\\out\\server\\src\\server.js:2371:5254)\n    at W2.updateEnvironmentWith (c:\\Users\\joaom\\.vscode\\extensions\\uqbar.wollok-lsp-ide-0.5.2\\out\\server\\src\\server.js:2371:4989)\n    at GF (c:\\Users\\joaom\\.vscode\\extensions\\uqbar.wollok-lsp-ide-0.5.2\\out\\server\\src\\server.js:2371:7383)\n    at L3.invoke (c:\\Users\\joaom\\.vscode\\extensions\\uqbar.wollok-lsp-ide-0.5.2\\out\\server\\src\\server.js:3:157326)\n    at o.fire (c:\\Users\\joaom\\.vscode\\extensions\\uqbar.wollok-lsp-ide-0.5.2\\out\\server\\src\\server.js:3:158096)\n    at c:\\Users\\joaom\\.vscode\\extensions\\uqbar.wollok-lsp-ide-0.5.2\\out\\server\\src\\server.js:37:57871\n    at Kr (c:\\Users\\joaom\\.vscode\\extensions\\uqbar.wollok-lsp-ide-0.5.2\\out\\server\\src\\server.js:8:1561)","timestamp":"2025-07-01T15:18:34.472Z"}
{"level":"error","message":"✘ Completions for node Send ([17:50, 17:74] - mana.wlk) failed: Error: [Send]{57c49b} at mana.wlk:17 exhausted all cases without a match [Send]{57c49b} at mana.wlk:17 exhausted all cases without a match","stack":"Error: [Send]{57c49b} at mana.wlk:17 exhausted all cases without a match\n    at c:\\Users\\joaom\\.vscode\\extensions\\uqbar.wollok-lsp-ide-0.5.2\\out\\server\\src\\server.js:38:6142\n    at C2 (c:\\Users\\joaom\\.vscode\\extensions\\uqbar.wollok-lsp-ide-0.5.2\\out\\server\\src\\server.js:2362:42)\n    at c:\\Users\\joaom\\.vscode\\extensions\\uqbar.wollok-lsp-ide-0.5.2\\out\\server\\src\\server.js:2362:2988\n    at c:\\Users\\joaom\\.vscode\\extensions\\uqbar.wollok-lsp-ide-0.5.2\\out\\server\\src\\server.js:2371:8440\n    at c:\\Users\\joaom\\.vscode\\extensions\\uqbar.wollok-lsp-ide-0.5.2\\out\\server\\src\\server.js:37:74872\n    at Ye (c:\\Users\\joaom\\.vscode\\extensions\\uqbar.wollok-lsp-ide-0.5.2\\out\\server\\src\\server.js:7:8527)\n    at Dt (c:\\Users\\joaom\\.vscode\\extensions\\uqbar.wollok-lsp-ide-0.5.2\\out\\server\\src\\server.js:7:6189)\n    at Zi (c:\\Users\\joaom\\.vscode\\extensions\\uqbar.wollok-lsp-ide-0.5.2\\out\\server\\src\\server.js:7:6378)\n    at Immediate._onImmediate (c:\\Users\\joaom\\.vscode\\extensions\\uqbar.wollok-lsp-ide-0.5.2\\out\\server\\src\\server.js:7:6142)\n    at process.processImmediate (node:internal/timers:485:21)","timestamp":"2025-07-01T15:18:34.508Z"}
{"level":"error","message":"✘ Completions for node Send ([17:50, 17:110] - mana.wlk) failed: Error: [Send]{e97ddc} at mana.wlk:17 exhausted all cases without a match [Send]{e97ddc} at mana.wlk:17 exhausted all cases without a match","stack":"Error: [Send]{e97ddc} at mana.wlk:17 exhausted all cases without a match\n    at c:\\Users\\joaom\\.vscode\\extensions\\uqbar.wollok-lsp-ide-0.5.2\\out\\server\\src\\server.js:38:6142\n    at C2 (c:\\Users\\joaom\\.vscode\\extensions\\uqbar.wollok-lsp-ide-0.5.2\\out\\server\\src\\server.js:2362:42)\n    at Gh (c:\\Users\\joaom\\.vscode\\extensions\\uqbar.wollok-lsp-ide-0.5.2\\out\\server\\src\\server.js:2362:1092)\n    at C2 (c:\\Users\\joaom\\.vscode\\extensions\\uqbar.wollok-lsp-ide-0.5.2\\out\\server\\src\\server.js:2362:544)\n    at c:\\Users\\joaom\\.vscode\\extensions\\uqbar.wollok-lsp-ide-0.5.2\\out\\server\\src\\server.js:2362:2988\n    at c:\\Users\\joaom\\.vscode\\extensions\\uqbar.wollok-lsp-ide-0.5.2\\out\\server\\src\\server.js:2371:8440\n    at c:\\Users\\joaom\\.vscode\\extensions\\uqbar.wollok-lsp-ide-0.5.2\\out\\server\\src\\server.js:37:74872\n    at Ye (c:\\Users\\joaom\\.vscode\\extensions\\uqbar.wollok-lsp-ide-0.5.2\\out\\server\\src\\server.js:7:8527)\n    at Dt (c:\\Users\\joaom\\.vscode\\extensions\\uqbar.wollok-lsp-ide-0.5.2\\out\\server\\src\\server.js:7:6189)\n    at Zi (c:\\Users\\joaom\\.vscode\\extensions\\uqbar.wollok-lsp-ide-0.5.2\\out\\server\\src\\server.js:7:6378)","timestamp":"2025-07-01T15:18:34.508Z"}
{"level":"error","message":"✘ Completions for node Send ([17:50, 17:116] - mana.wlk) failed: Error: [Send]{d53b50} at mana.wlk:17 exhausted all cases without a match [Send]{d53b50} at mana.wlk:17 exhausted all cases without a match","stack":"Error: [Send]{d53b50} at mana.wlk:17 exhausted all cases without a match\n    at c:\\Users\\joaom\\.vscode\\extensions\\uqbar.wollok-lsp-ide-0.5.2\\out\\server\\src\\server.js:38:6142\n    at C2 (c:\\Users\\joaom\\.vscode\\extensions\\uqbar.wollok-lsp-ide-0.5.2\\out\\server\\src\\server.js:2362:42)\n    at Gh (c:\\Users\\joaom\\.vscode\\extensions\\uqbar.wollok-lsp-ide-0.5.2\\out\\server\\src\\server.js:2362:1092)\n    at C2 (c:\\Users\\joaom\\.vscode\\extensions\\uqbar.wollok-lsp-ide-0.5.2\\out\\server\\src\\server.js:2362:544)\n    at Gh (c:\\Users\\joaom\\.vscode\\extensions\\uqbar.wollok-lsp-ide-0.5.2\\out\\server\\src\\server.js:2362:1092)\n    at C2 (c:\\Users\\joaom\\.vscode\\extensions\\uqbar.wollok-lsp-ide-0.5.2\\out\\server\\src\\server.js:2362:544)\n    at c:\\Users\\joaom\\.vscode\\extensions\\uqbar.wollok-lsp-ide-0.5.2\\out\\server\\src\\server.js:2362:2988\n    at c:\\Users\\joaom\\.vscode\\extensions\\uqbar.wollok-lsp-ide-0.5.2\\out\\server\\src\\server.js:2371:8440\n    at c:\\Users\\joaom\\.vscode\\extensions\\uqbar.wollok-lsp-ide-0.5.2\\out\\server\\src\\server.js:37:74872\n    at Ye (c:\\Users\\joaom\\.vscode\\extensions\\uqbar.wollok-lsp-ide-0.5.2\\out\\server\\src\\server.js:7:8527)","timestamp":"2025-07-01T15:18:34.508Z"}
{"level":"error","message":"✘ Completions for node Send ([17:37, 17:116] - mana.wlk) failed: Error: [Send]{f06718} at mana.wlk:17 exhausted all cases without a match [Send]{f06718} at mana.wlk:17 exhausted all cases without a match","stack":"Error: [Send]{f06718} at mana.wlk:17 exhausted all cases without a match\n    at c:\\Users\\joaom\\.vscode\\extensions\\uqbar.wollok-lsp-ide-0.5.2\\out\\server\\src\\server.js:38:6142\n    at C2 (c:\\Users\\joaom\\.vscode\\extensions\\uqbar.wollok-lsp-ide-0.5.2\\out\\server\\src\\server.js:2362:42)\n    at Gh (c:\\Users\\joaom\\.vscode\\extensions\\uqbar.wollok-lsp-ide-0.5.2\\out\\server\\src\\server.js:2362:1092)\n    at C2 (c:\\Users\\joaom\\.vscode\\extensions\\uqbar.wollok-lsp-ide-0.5.2\\out\\server\\src\\server.js:2362:544)\n    at Gh (c:\\Users\\joaom\\.vscode\\extensions\\uqbar.wollok-lsp-ide-0.5.2\\out\\server\\src\\server.js:2362:1092)\n    at C2 (c:\\Users\\joaom\\.vscode\\extensions\\uqbar.wollok-lsp-ide-0.5.2\\out\\server\\src\\server.js:2362:544)\n    at Gh (c:\\Users\\joaom\\.vscode\\extensions\\uqbar.wollok-lsp-ide-0.5.2\\out\\server\\src\\server.js:2362:1092)\n    at C2 (c:\\Users\\joaom\\.vscode\\extensions\\uqbar.wollok-lsp-ide-0.5.2\\out\\server\\src\\server.js:2362:544)\n    at c:\\Users\\joaom\\.vscode\\extensions\\uqbar.wollok-lsp-ide-0.5.2\\out\\server\\src\\server.js:2362:2988\n    at c:\\Users\\joaom\\.vscode\\extensions\\uqbar.wollok-lsp-ide-0.5.2\\out\\server\\src\\server.js:2371:8440","timestamp":"2025-07-01T15:18:34.509Z"}
{"level":"error","message":"✘ Completions for node Send ([17:25, 17:117] - mana.wlk) failed: Error: [Send]{9ea8a5} at mana.wlk:17 exhausted all cases without a match [Send]{9ea8a5} at mana.wlk:17 exhausted all cases without a match","stack":"Error: [Send]{9ea8a5} at mana.wlk:17 exhausted all cases without a match\n    at c:\\Users\\joaom\\.vscode\\extensions\\uqbar.wollok-lsp-ide-0.5.2\\out\\server\\src\\server.js:38:6142\n    at C2 (c:\\Users\\joaom\\.vscode\\extensions\\uqbar.wollok-lsp-ide-0.5.2\\out\\server\\src\\server.js:2362:42)\n    at Gh (c:\\Users\\joaom\\.vscode\\extensions\\uqbar.wollok-lsp-ide-0.5.2\\out\\server\\src\\server.js:2362:1092)\n    at C2 (c:\\Users\\joaom\\.vscode\\extensions\\uqbar.wollok-lsp-ide-0.5.2\\out\\server\\src\\server.js:2362:544)\n    at Gh (c:\\Users\\joaom\\.vscode\\extensions\\uqbar.wollok-lsp-ide-0.5.2\\out\\server\\src\\server.js:2362:1092)\n    at C2 (c:\\Users\\joaom\\.vscode\\extensions\\uqbar.wollok-lsp-ide-0.5.2\\out\\server\\src\\server.js:2362:544)\n    at Gh (c:\\Users\\joaom\\.vscode\\extensions\\uqbar.wollok-lsp-ide-0.5.2\\out\\server\\src\\server.js:2362:1092)\n    at C2 (c:\\Users\\joaom\\.vscode\\extensions\\uqbar.wollok-lsp-ide-0.5.2\\out\\server\\src\\server.js:2362:544)\n    at Gh (c:\\Users\\joaom\\.vscode\\extensions\\uqbar.wollok-lsp-ide-0.5.2\\out\\server\\src\\server.js:2362:1092)\n    at C2 (c:\\Users\\joaom\\.vscode\\extensions\\uqbar.wollok-lsp-ide-0.5.2\\out\\server\\src\\server.js:2362:544)","timestamp":"2025-07-01T15:18:34.509Z"}
{"level":"error","message":"✘ Failed to rebuild document Failed to parse mana.wlk: \n-- PARSING FAILED --------------------------------------------------\n\n  27 | \t}\n  28 | \tmethod recibeDanioMago(danio,enemigo){}\n> 29 | }\n     | ^\n\nExpected one of the following: \n\n'@', 'class', 'const', 'describe', 'mixin', 'object', 'only', 'package', 'program', 'test', 'var', '{', EOF, comment, not \"}\", whitespace\n","stack":"Error: Failed to parse mana.wlk: \n-- PARSING FAILED --------------------------------------------------\n\n  27 | \t}\n  28 | \tmethod recibeDanioMago(danio,enemigo){}\n> 29 | }\n     | ^\n\nExpected one of the following: \n\n'@', 'class', 'const', 'describe', 'mixin', 'object', 'only', 'package', 'program', 'test', 'var', '{', EOF, comment, not \"}\", whitespace\n\n    at c:\\Users\\joaom\\.vscode\\extensions\\uqbar.wollok-lsp-ide-0.5.2\\out\\server\\src\\server.js:2326:13026\n    at Array.map (<anonymous>)\n    at D1n (c:\\Users\\joaom\\.vscode\\extensions\\uqbar.wollok-lsp-ide-0.5.2\\out\\server\\src\\server.js:2326:12950)\n    at W2.buildEnvironmentFrom (c:\\Users\\joaom\\.vscode\\extensions\\uqbar.wollok-lsp-ide-0.5.2\\out\\server\\src\\server.js:2371:5254)\n    at W2.updateEnvironmentWith (c:\\Users\\joaom\\.vscode\\extensions\\uqbar.wollok-lsp-ide-0.5.2\\out\\server\\src\\server.js:2371:4989)\n    at GF (c:\\Users\\joaom\\.vscode\\extensions\\uqbar.wollok-lsp-ide-0.5.2\\out\\server\\src\\server.js:2371:7383)\n    at L3.invoke (c:\\Users\\joaom\\.vscode\\extensions\\uqbar.wollok-lsp-ide-0.5.2\\out\\server\\src\\server.js:3:157326)\n    at o.fire (c:\\Users\\joaom\\.vscode\\extensions\\uqbar.wollok-lsp-ide-0.5.2\\out\\server\\src\\server.js:3:158096)\n    at c:\\Users\\joaom\\.vscode\\extensions\\uqbar.wollok-lsp-ide-0.5.2\\out\\server\\src\\server.js:37:57871\n    at Kr (c:\\Users\\joaom\\.vscode\\extensions\\uqbar.wollok-lsp-ide-0.5.2\\out\\server\\src\\server.js:8:1561)","timestamp":"2025-07-01T15:18:34.651Z"}
{"level":"error","message":"✘ Completions for node Send ([17:50, 17:74] - mana.wlk) failed: Error: [Send]{57c49b} at mana.wlk:17 exhausted all cases without a match [Send]{57c49b} at mana.wlk:17 exhausted all cases without a match","stack":"Error: [Send]{57c49b} at mana.wlk:17 exhausted all cases without a match\n    at c:\\Users\\joaom\\.vscode\\extensions\\uqbar.wollok-lsp-ide-0.5.2\\out\\server\\src\\server.js:38:6142\n    at C2 (c:\\Users\\joaom\\.vscode\\extensions\\uqbar.wollok-lsp-ide-0.5.2\\out\\server\\src\\server.js:2362:42)\n    at c:\\Users\\joaom\\.vscode\\extensions\\uqbar.wollok-lsp-ide-0.5.2\\out\\server\\src\\server.js:2362:2988\n    at c:\\Users\\joaom\\.vscode\\extensions\\uqbar.wollok-lsp-ide-0.5.2\\out\\server\\src\\server.js:2371:8440\n    at c:\\Users\\joaom\\.vscode\\extensions\\uqbar.wollok-lsp-ide-0.5.2\\out\\server\\src\\server.js:37:74872\n    at Ye (c:\\Users\\joaom\\.vscode\\extensions\\uqbar.wollok-lsp-ide-0.5.2\\out\\server\\src\\server.js:7:8527)\n    at Dt (c:\\Users\\joaom\\.vscode\\extensions\\uqbar.wollok-lsp-ide-0.5.2\\out\\server\\src\\server.js:7:6189)\n    at Zi (c:\\Users\\joaom\\.vscode\\extensions\\uqbar.wollok-lsp-ide-0.5.2\\out\\server\\src\\server.js:7:6378)\n    at Immediate._onImmediate (c:\\Users\\joaom\\.vscode\\extensions\\uqbar.wollok-lsp-ide-0.5.2\\out\\server\\src\\server.js:7:6142)\n    at process.processImmediate (node:internal/timers:485:21)","timestamp":"2025-07-01T15:18:34.701Z"}
{"level":"error","message":"✘ Completions for node Send ([17:50, 17:110] - mana.wlk) failed: Error: [Send]{e97ddc} at mana.wlk:17 exhausted all cases without a match [Send]{e97ddc} at mana.wlk:17 exhausted all cases without a match","stack":"Error: [Send]{e97ddc} at mana.wlk:17 exhausted all cases without a match\n    at c:\\Users\\joaom\\.vscode\\extensions\\uqbar.wollok-lsp-ide-0.5.2\\out\\server\\src\\server.js:38:6142\n    at C2 (c:\\Users\\joaom\\.vscode\\extensions\\uqbar.wollok-lsp-ide-0.5.2\\out\\server\\src\\server.js:2362:42)\n    at Gh (c:\\Users\\joaom\\.vscode\\extensions\\uqbar.wollok-lsp-ide-0.5.2\\out\\server\\src\\server.js:2362:1092)\n    at C2 (c:\\Users\\joaom\\.vscode\\extensions\\uqbar.wollok-lsp-ide-0.5.2\\out\\server\\src\\server.js:2362:544)\n    at c:\\Users\\joaom\\.vscode\\extensions\\uqbar.wollok-lsp-ide-0.5.2\\out\\server\\src\\server.js:2362:2988\n    at c:\\Users\\joaom\\.vscode\\extensions\\uqbar.wollok-lsp-ide-0.5.2\\out\\server\\src\\server.js:2371:8440\n    at c:\\Users\\joaom\\.vscode\\extensions\\uqbar.wollok-lsp-ide-0.5.2\\out\\server\\src\\server.js:37:74872\n    at Ye (c:\\Users\\joaom\\.vscode\\extensions\\uqbar.wollok-lsp-ide-0.5.2\\out\\server\\src\\server.js:7:8527)\n    at Dt (c:\\Users\\joaom\\.vscode\\extensions\\uqbar.wollok-lsp-ide-0.5.2\\out\\server\\src\\server.js:7:6189)\n    at Zi (c:\\Users\\joaom\\.vscode\\extensions\\uqbar.wollok-lsp-ide-0.5.2\\out\\server\\src\\server.js:7:6378)","timestamp":"2025-07-01T15:18:34.701Z"}
{"level":"error","message":"✘ Completions for node Send ([17:50, 17:116] - mana.wlk) failed: Error: [Send]{d53b50} at mana.wlk:17 exhausted all cases without a match [Send]{d53b50} at mana.wlk:17 exhausted all cases without a match","stack":"Error: [Send]{d53b50} at mana.wlk:17 exhausted all cases without a match\n    at c:\\Users\\joaom\\.vscode\\extensions\\uqbar.wollok-lsp-ide-0.5.2\\out\\server\\src\\server.js:38:6142\n    at C2 (c:\\Users\\joaom\\.vscode\\extensions\\uqbar.wollok-lsp-ide-0.5.2\\out\\server\\src\\server.js:2362:42)\n    at Gh (c:\\Users\\joaom\\.vscode\\extensions\\uqbar.wollok-lsp-ide-0.5.2\\out\\server\\src\\server.js:2362:1092)\n    at C2 (c:\\Users\\joaom\\.vscode\\extensions\\uqbar.wollok-lsp-ide-0.5.2\\out\\server\\src\\server.js:2362:544)\n    at Gh (c:\\Users\\joaom\\.vscode\\extensions\\uqbar.wollok-lsp-ide-0.5.2\\out\\server\\src\\server.js:2362:1092)\n    at C2 (c:\\Users\\joaom\\.vscode\\extensions\\uqbar.wollok-lsp-ide-0.5.2\\out\\server\\src\\server.js:2362:544)\n    at c:\\Users\\joaom\\.vscode\\extensions\\uqbar.wollok-lsp-ide-0.5.2\\out\\server\\src\\server.js:2362:2988\n    at c:\\Users\\joaom\\.vscode\\extensions\\uqbar.wollok-lsp-ide-0.5.2\\out\\server\\src\\server.js:2371:8440\n    at c:\\Users\\joaom\\.vscode\\extensions\\uqbar.wollok-lsp-ide-0.5.2\\out\\server\\src\\server.js:37:74872\n    at Ye (c:\\Users\\joaom\\.vscode\\extensions\\uqbar.wollok-lsp-ide-0.5.2\\out\\server\\src\\server.js:7:8527)","timestamp":"2025-07-01T15:18:34.701Z"}
{"level":"error","message":"✘ Completions for node Send ([17:37, 17:116] - mana.wlk) failed: Error: [Send]{f06718} at mana.wlk:17 exhausted all cases without a match [Send]{f06718} at mana.wlk:17 exhausted all cases without a match","stack":"Error: [Send]{f06718} at mana.wlk:17 exhausted all cases without a match\n    at c:\\Users\\joaom\\.vscode\\extensions\\uqbar.wollok-lsp-ide-0.5.2\\out\\server\\src\\server.js:38:6142\n    at C2 (c:\\Users\\joaom\\.vscode\\extensions\\uqbar.wollok-lsp-ide-0.5.2\\out\\server\\src\\server.js:2362:42)\n    at Gh (c:\\Users\\joaom\\.vscode\\extensions\\uqbar.wollok-lsp-ide-0.5.2\\out\\server\\src\\server.js:2362:1092)\n    at C2 (c:\\Users\\joaom\\.vscode\\extensions\\uqbar.wollok-lsp-ide-0.5.2\\out\\server\\src\\server.js:2362:544)\n    at Gh (c:\\Users\\joaom\\.vscode\\extensions\\uqbar.wollok-lsp-ide-0.5.2\\out\\server\\src\\server.js:2362:1092)\n    at C2 (c:\\Users\\joaom\\.vscode\\extensions\\uqbar.wollok-lsp-ide-0.5.2\\out\\server\\src\\server.js:2362:544)\n    at Gh (c:\\Users\\joaom\\.vscode\\extensions\\uqbar.wollok-lsp-ide-0.5.2\\out\\server\\src\\server.js:2362:1092)\n    at C2 (c:\\Users\\joaom\\.vscode\\extensions\\uqbar.wollok-lsp-ide-0.5.2\\out\\server\\src\\server.js:2362:544)\n    at c:\\Users\\joaom\\.vscode\\extensions\\uqbar.wollok-lsp-ide-0.5.2\\out\\server\\src\\server.js:2362:2988\n    at c:\\Users\\joaom\\.vscode\\extensions\\uqbar.wollok-lsp-ide-0.5.2\\out\\server\\src\\server.js:2371:8440","timestamp":"2025-07-01T15:18:34.702Z"}
{"level":"error","message":"✘ Completions for node Send ([17:25, 17:117] - mana.wlk) failed: Error: [Send]{9ea8a5} at mana.wlk:17 exhausted all cases without a match [Send]{9ea8a5} at mana.wlk:17 exhausted all cases without a match","stack":"Error: [Send]{9ea8a5} at mana.wlk:17 exhausted all cases without a match\n    at c:\\Users\\joaom\\.vscode\\extensions\\uqbar.wollok-lsp-ide-0.5.2\\out\\server\\src\\server.js:38:6142\n    at C2 (c:\\Users\\joaom\\.vscode\\extensions\\uqbar.wollok-lsp-ide-0.5.2\\out\\server\\src\\server.js:2362:42)\n    at Gh (c:\\Users\\joaom\\.vscode\\extensions\\uqbar.wollok-lsp-ide-0.5.2\\out\\server\\src\\server.js:2362:1092)\n    at C2 (c:\\Users\\joaom\\.vscode\\extensions\\uqbar.wollok-lsp-ide-0.5.2\\out\\server\\src\\server.js:2362:544)\n    at Gh (c:\\Users\\joaom\\.vscode\\extensions\\uqbar.wollok-lsp-ide-0.5.2\\out\\server\\src\\server.js:2362:1092)\n    at C2 (c:\\Users\\joaom\\.vscode\\extensions\\uqbar.wollok-lsp-ide-0.5.2\\out\\server\\src\\server.js:2362:544)\n    at Gh (c:\\Users\\joaom\\.vscode\\extensions\\uqbar.wollok-lsp-ide-0.5.2\\out\\server\\src\\server.js:2362:1092)\n    at C2 (c:\\Users\\joaom\\.vscode\\extensions\\uqbar.wollok-lsp-ide-0.5.2\\out\\server\\src\\server.js:2362:544)\n    at Gh (c:\\Users\\joaom\\.vscode\\extensions\\uqbar.wollok-lsp-ide-0.5.2\\out\\server\\src\\server.js:2362:1092)\n    at C2 (c:\\Users\\joaom\\.vscode\\extensions\\uqbar.wollok-lsp-ide-0.5.2\\out\\server\\src\\server.js:2362:544)","timestamp":"2025-07-01T15:18:34.702Z"}
{"level":"error","message":"✘ Failed to rebuild document Failed to parse mana.wlk: \n-- PARSING FAILED --------------------------------------------------\n\n  27 | \t}\n  28 | \tmethod recibeDanioMago(danio,enemigo){}\n> 29 | }\n     | ^\n\nExpected one of the following: \n\n'@', 'class', 'const', 'describe', 'mixin', 'object', 'only', 'package', 'program', 'test', 'var', '{', EOF, comment, not \"}\", whitespace\n","stack":"Error: Failed to parse mana.wlk: \n-- PARSING FAILED --------------------------------------------------\n\n  27 | \t}\n  28 | \tmethod recibeDanioMago(danio,enemigo){}\n> 29 | }\n     | ^\n\nExpected one of the following: \n\n'@', 'class', 'const', 'describe', 'mixin', 'object', 'only', 'package', 'program', 'test', 'var', '{', EOF, comment, not \"}\", whitespace\n\n    at c:\\Users\\joaom\\.vscode\\extensions\\uqbar.wollok-lsp-ide-0.5.2\\out\\server\\src\\server.js:2326:13026\n    at Array.map (<anonymous>)\n    at D1n (c:\\Users\\joaom\\.vscode\\extensions\\uqbar.wollok-lsp-ide-0.5.2\\out\\server\\src\\server.js:2326:12950)\n    at W2.buildEnvironmentFrom (c:\\Users\\joaom\\.vscode\\extensions\\uqbar.wollok-lsp-ide-0.5.2\\out\\server\\src\\server.js:2371:5254)\n    at W2.updateEnvironmentWith (c:\\Users\\joaom\\.vscode\\extensions\\uqbar.wollok-lsp-ide-0.5.2\\out\\server\\src\\server.js:2371:4989)\n    at GF (c:\\Users\\joaom\\.vscode\\extensions\\uqbar.wollok-lsp-ide-0.5.2\\out\\server\\src\\server.js:2371:7383)\n    at L3.invoke (c:\\Users\\joaom\\.vscode\\extensions\\uqbar.wollok-lsp-ide-0.5.2\\out\\server\\src\\server.js:3:157326)\n    at o.fire (c:\\Users\\joaom\\.vscode\\extensions\\uqbar.wollok-lsp-ide-0.5.2\\out\\server\\src\\server.js:3:158096)\n    at c:\\Users\\joaom\\.vscode\\extensions\\uqbar.wollok-lsp-ide-0.5.2\\out\\server\\src\\server.js:37:57871\n    at Kr (c:\\Users\\joaom\\.vscode\\extensions\\uqbar.wollok-lsp-ide-0.5.2\\out\\server\\src\\server.js:8:1561)","timestamp":"2025-07-01T15:18:34.802Z"}
{"level":"error","message":"✘ Completions for node Send ([17:50, 17:110] - mana.wlk) failed: Error: [Send]{e97ddc} at mana.wlk:17 exhausted all cases without a match [Send]{e97ddc} at mana.wlk:17 exhausted all cases without a match","stack":"Error: [Send]{e97ddc} at mana.wlk:17 exhausted all cases without a match\n    at c:\\Users\\joaom\\.vscode\\extensions\\uqbar.wollok-lsp-ide-0.5.2\\out\\server\\src\\server.js:38:6142\n    at C2 (c:\\Users\\joaom\\.vscode\\extensions\\uqbar.wollok-lsp-ide-0.5.2\\out\\server\\src\\server.js:2362:42)\n    at c:\\Users\\joaom\\.vscode\\extensions\\uqbar.wollok-lsp-ide-0.5.2\\out\\server\\src\\server.js:2362:2988\n    at c:\\Users\\joaom\\.vscode\\extensions\\uqbar.wollok-lsp-ide-0.5.2\\out\\server\\src\\server.js:2371:8440\n    at c:\\Users\\joaom\\.vscode\\extensions\\uqbar.wollok-lsp-ide-0.5.2\\out\\server\\src\\server.js:37:74872\n    at Ye (c:\\Users\\joaom\\.vscode\\extensions\\uqbar.wollok-lsp-ide-0.5.2\\out\\server\\src\\server.js:7:8527)\n    at Dt (c:\\Users\\joaom\\.vscode\\extensions\\uqbar.wollok-lsp-ide-0.5.2\\out\\server\\src\\server.js:7:6189)\n    at Zi (c:\\Users\\joaom\\.vscode\\extensions\\uqbar.wollok-lsp-ide-0.5.2\\out\\server\\src\\server.js:7:6378)\n    at Immediate._onImmediate (c:\\Users\\joaom\\.vscode\\extensions\\uqbar.wollok-lsp-ide-0.5.2\\out\\server\\src\\server.js:7:6142)\n    at process.processImmediate (node:internal/timers:485:21)","timestamp":"2025-07-01T15:18:34.845Z"}
{"level":"error","message":"✘ Completions for node Send ([17:50, 17:116] - mana.wlk) failed: Error: [Send]{d53b50} at mana.wlk:17 exhausted all cases without a match [Send]{d53b50} at mana.wlk:17 exhausted all cases without a match","stack":"Error: [Send]{d53b50} at mana.wlk:17 exhausted all cases without a match\n    at c:\\Users\\joaom\\.vscode\\extensions\\uqbar.wollok-lsp-ide-0.5.2\\out\\server\\src\\server.js:38:6142\n    at C2 (c:\\Users\\joaom\\.vscode\\extensions\\uqbar.wollok-lsp-ide-0.5.2\\out\\server\\src\\server.js:2362:42)\n    at Gh (c:\\Users\\joaom\\.vscode\\extensions\\uqbar.wollok-lsp-ide-0.5.2\\out\\server\\src\\server.js:2362:1092)\n    at C2 (c:\\Users\\joaom\\.vscode\\extensions\\uqbar.wollok-lsp-ide-0.5.2\\out\\server\\src\\server.js:2362:544)\n    at c:\\Users\\joaom\\.vscode\\extensions\\uqbar.wollok-lsp-ide-0.5.2\\out\\server\\src\\server.js:2362:2988\n    at c:\\Users\\joaom\\.vscode\\extensions\\uqbar.wollok-lsp-ide-0.5.2\\out\\server\\src\\server.js:2371:8440\n    at c:\\Users\\joaom\\.vscode\\extensions\\uqbar.wollok-lsp-ide-0.5.2\\out\\server\\src\\server.js:37:74872\n    at Ye (c:\\Users\\joaom\\.vscode\\extensions\\uqbar.wollok-lsp-ide-0.5.2\\out\\server\\src\\server.js:7:8527)\n    at Dt (c:\\Users\\joaom\\.vscode\\extensions\\uqbar.wollok-lsp-ide-0.5.2\\out\\server\\src\\server.js:7:6189)\n    at Zi (c:\\Users\\joaom\\.vscode\\extensions\\uqbar.wollok-lsp-ide-0.5.2\\out\\server\\src\\server.js:7:6378)","timestamp":"2025-07-01T15:18:34.846Z"}
{"level":"error","message":"✘ Completions for node Send ([17:37, 17:116] - mana.wlk) failed: Error: [Send]{f06718} at mana.wlk:17 exhausted all cases without a match [Send]{f06718} at mana.wlk:17 exhausted all cases without a match","stack":"Error: [Send]{f06718} at mana.wlk:17 exhausted all cases without a match\n    at c:\\Users\\joaom\\.vscode\\extensions\\uqbar.wollok-lsp-ide-0.5.2\\out\\server\\src\\server.js:38:6142\n    at C2 (c:\\Users\\joaom\\.vscode\\extensions\\uqbar.wollok-lsp-ide-0.5.2\\out\\server\\src\\server.js:2362:42)\n    at Gh (c:\\Users\\joaom\\.vscode\\extensions\\uqbar.wollok-lsp-ide-0.5.2\\out\\server\\src\\server.js:2362:1092)\n    at C2 (c:\\Users\\joaom\\.vscode\\extensions\\uqbar.wollok-lsp-ide-0.5.2\\out\\server\\src\\server.js:2362:544)\n    at Gh (c:\\Users\\joaom\\.vscode\\extensions\\uqbar.wollok-lsp-ide-0.5.2\\out\\server\\src\\server.js:2362:1092)\n    at C2 (c:\\Users\\joaom\\.vscode\\extensions\\uqbar.wollok-lsp-ide-0.5.2\\out\\server\\src\\server.js:2362:544)\n    at c:\\Users\\joaom\\.vscode\\extensions\\uqbar.wollok-lsp-ide-0.5.2\\out\\server\\src\\server.js:2362:2988\n    at c:\\Users\\joaom\\.vscode\\extensions\\uqbar.wollok-lsp-ide-0.5.2\\out\\server\\src\\server.js:2371:8440\n    at c:\\Users\\joaom\\.vscode\\extensions\\uqbar.wollok-lsp-ide-0.5.2\\out\\server\\src\\server.js:37:74872\n    at Ye (c:\\Users\\joaom\\.vscode\\extensions\\uqbar.wollok-lsp-ide-0.5.2\\out\\server\\src\\server.js:7:8527)","timestamp":"2025-07-01T15:18:34.846Z"}
{"level":"error","message":"✘ Completions for node Send ([17:25, 17:117] - mana.wlk) failed: Error: [Send]{9ea8a5} at mana.wlk:17 exhausted all cases without a match [Send]{9ea8a5} at mana.wlk:17 exhausted all cases without a match","stack":"Error: [Send]{9ea8a5} at mana.wlk:17 exhausted all cases without a match\n    at c:\\Users\\joaom\\.vscode\\extensions\\uqbar.wollok-lsp-ide-0.5.2\\out\\server\\src\\server.js:38:6142\n    at C2 (c:\\Users\\joaom\\.vscode\\extensions\\uqbar.wollok-lsp-ide-0.5.2\\out\\server\\src\\server.js:2362:42)\n    at Gh (c:\\Users\\joaom\\.vscode\\extensions\\uqbar.wollok-lsp-ide-0.5.2\\out\\server\\src\\server.js:2362:1092)\n    at C2 (c:\\Users\\joaom\\.vscode\\extensions\\uqbar.wollok-lsp-ide-0.5.2\\out\\server\\src\\server.js:2362:544)\n    at Gh (c:\\Users\\joaom\\.vscode\\extensions\\uqbar.wollok-lsp-ide-0.5.2\\out\\server\\src\\server.js:2362:1092)\n    at C2 (c:\\Users\\joaom\\.vscode\\extensions\\uqbar.wollok-lsp-ide-0.5.2\\out\\server\\src\\server.js:2362:544)\n    at Gh (c:\\Users\\joaom\\.vscode\\extensions\\uqbar.wollok-lsp-ide-0.5.2\\out\\server\\src\\server.js:2362:1092)\n    at C2 (c:\\Users\\joaom\\.vscode\\extensions\\uqbar.wollok-lsp-ide-0.5.2\\out\\server\\src\\server.js:2362:544)\n    at c:\\Users\\joaom\\.vscode\\extensions\\uqbar.wollok-lsp-ide-0.5.2\\out\\server\\src\\server.js:2362:2988\n    at c:\\Users\\joaom\\.vscode\\extensions\\uqbar.wollok-lsp-ide-0.5.2\\out\\server\\src\\server.js:2371:8440","timestamp":"2025-07-01T15:18:34.846Z"}
{"level":"error","message":"✘ Failed to rebuild document Failed to parse mana.wlk: \n-- PARSING FAILED --------------------------------------------------\n\n  27 | \t}\n  28 | \tmethod recibeDanioMago(danio,enemigo){}\n> 29 | }\n     | ^\n\nExpected one of the following: \n\n'@', 'class', 'const', 'describe', 'mixin', 'object', 'only', 'package', 'program', 'test', 'var', '{', EOF, comment, not \"}\", whitespace\n","stack":"Error: Failed to parse mana.wlk: \n-- PARSING FAILED --------------------------------------------------\n\n  27 | \t}\n  28 | \tmethod recibeDanioMago(danio,enemigo){}\n> 29 | }\n     | ^\n\nExpected one of the following: \n\n'@', 'class', 'const', 'describe', 'mixin', 'object', 'only', 'package', 'program', 'test', 'var', '{', EOF, comment, not \"}\", whitespace\n\n    at c:\\Users\\joaom\\.vscode\\extensions\\uqbar.wollok-lsp-ide-0.5.2\\out\\server\\src\\server.js:2326:13026\n    at Array.map (<anonymous>)\n    at D1n (c:\\Users\\joaom\\.vscode\\extensions\\uqbar.wollok-lsp-ide-0.5.2\\out\\server\\src\\server.js:2326:12950)\n    at W2.buildEnvironmentFrom (c:\\Users\\joaom\\.vscode\\extensions\\uqbar.wollok-lsp-ide-0.5.2\\out\\server\\src\\server.js:2371:5254)\n    at W2.updateEnvironmentWith (c:\\Users\\joaom\\.vscode\\extensions\\uqbar.wollok-lsp-ide-0.5.2\\out\\server\\src\\server.js:2371:4989)\n    at GF (c:\\Users\\joaom\\.vscode\\extensions\\uqbar.wollok-lsp-ide-0.5.2\\out\\server\\src\\server.js:2371:7383)\n    at L3.invoke (c:\\Users\\joaom\\.vscode\\extensions\\uqbar.wollok-lsp-ide-0.5.2\\out\\server\\src\\server.js:3:157326)\n    at o.fire (c:\\Users\\joaom\\.vscode\\extensions\\uqbar.wollok-lsp-ide-0.5.2\\out\\server\\src\\server.js:3:158096)\n    at c:\\Users\\joaom\\.vscode\\extensions\\uqbar.wollok-lsp-ide-0.5.2\\out\\server\\src\\server.js:37:57871\n    at Kr (c:\\Users\\joaom\\.vscode\\extensions\\uqbar.wollok-lsp-ide-0.5.2\\out\\server\\src\\server.js:8:1561)","timestamp":"2025-07-01T15:18:36.308Z"}
{"level":"error","message":"✘ Completions for node Send ([17:50, 17:110] - mana.wlk) failed: Error: [Send]{e97ddc} at mana.wlk:17 exhausted all cases without a match [Send]{e97ddc} at mana.wlk:17 exhausted all cases without a match","stack":"Error: [Send]{e97ddc} at mana.wlk:17 exhausted all cases without a match\n    at c:\\Users\\joaom\\.vscode\\extensions\\uqbar.wollok-lsp-ide-0.5.2\\out\\server\\src\\server.js:38:6142\n    at C2 (c:\\Users\\joaom\\.vscode\\extensions\\uqbar.wollok-lsp-ide-0.5.2\\out\\server\\src\\server.js:2362:42)\n    at c:\\Users\\joaom\\.vscode\\extensions\\uqbar.wollok-lsp-ide-0.5.2\\out\\server\\src\\server.js:2362:2988\n    at c:\\Users\\joaom\\.vscode\\extensions\\uqbar.wollok-lsp-ide-0.5.2\\out\\server\\src\\server.js:2371:8440\n    at c:\\Users\\joaom\\.vscode\\extensions\\uqbar.wollok-lsp-ide-0.5.2\\out\\server\\src\\server.js:37:74872\n    at Ye (c:\\Users\\joaom\\.vscode\\extensions\\uqbar.wollok-lsp-ide-0.5.2\\out\\server\\src\\server.js:7:8527)\n    at Dt (c:\\Users\\joaom\\.vscode\\extensions\\uqbar.wollok-lsp-ide-0.5.2\\out\\server\\src\\server.js:7:6189)\n    at Zi (c:\\Users\\joaom\\.vscode\\extensions\\uqbar.wollok-lsp-ide-0.5.2\\out\\server\\src\\server.js:7:6378)\n    at Immediate._onImmediate (c:\\Users\\joaom\\.vscode\\extensions\\uqbar.wollok-lsp-ide-0.5.2\\out\\server\\src\\server.js:7:6142)\n    at process.processImmediate (node:internal/timers:485:21)","timestamp":"2025-07-01T15:18:36.343Z"}
{"level":"error","message":"✘ Completions for node Send ([17:50, 17:116] - mana.wlk) failed: Error: [Send]{d53b50} at mana.wlk:17 exhausted all cases without a match [Send]{d53b50} at mana.wlk:17 exhausted all cases without a match","stack":"Error: [Send]{d53b50} at mana.wlk:17 exhausted all cases without a match\n    at c:\\Users\\joaom\\.vscode\\extensions\\uqbar.wollok-lsp-ide-0.5.2\\out\\server\\src\\server.js:38:6142\n    at C2 (c:\\Users\\joaom\\.vscode\\extensions\\uqbar.wollok-lsp-ide-0.5.2\\out\\server\\src\\server.js:2362:42)\n    at Gh (c:\\Users\\joaom\\.vscode\\extensions\\uqbar.wollok-lsp-ide-0.5.2\\out\\server\\src\\server.js:2362:1092)\n    at C2 (c:\\Users\\joaom\\.vscode\\extensions\\uqbar.wollok-lsp-ide-0.5.2\\out\\server\\src\\server.js:2362:544)\n    at c:\\Users\\joaom\\.vscode\\extensions\\uqbar.wollok-lsp-ide-0.5.2\\out\\server\\src\\server.js:2362:2988\n    at c:\\Users\\joaom\\.vscode\\extensions\\uqbar.wollok-lsp-ide-0.5.2\\out\\server\\src\\server.js:2371:8440\n    at c:\\Users\\joaom\\.vscode\\extensions\\uqbar.wollok-lsp-ide-0.5.2\\out\\server\\src\\server.js:37:74872\n    at Ye (c:\\Users\\joaom\\.vscode\\extensions\\uqbar.wollok-lsp-ide-0.5.2\\out\\server\\src\\server.js:7:8527)\n    at Dt (c:\\Users\\joaom\\.vscode\\extensions\\uqbar.wollok-lsp-ide-0.5.2\\out\\server\\src\\server.js:7:6189)\n    at Zi (c:\\Users\\joaom\\.vscode\\extensions\\uqbar.wollok-lsp-ide-0.5.2\\out\\server\\src\\server.js:7:6378)","timestamp":"2025-07-01T15:18:36.343Z"}
{"level":"error","message":"✘ Completions for node Send ([17:37, 17:116] - mana.wlk) failed: Error: [Send]{f06718} at mana.wlk:17 exhausted all cases without a match [Send]{f06718} at mana.wlk:17 exhausted all cases without a match","stack":"Error: [Send]{f06718} at mana.wlk:17 exhausted all cases without a match\n    at c:\\Users\\joaom\\.vscode\\extensions\\uqbar.wollok-lsp-ide-0.5.2\\out\\server\\src\\server.js:38:6142\n    at C2 (c:\\Users\\joaom\\.vscode\\extensions\\uqbar.wollok-lsp-ide-0.5.2\\out\\server\\src\\server.js:2362:42)\n    at Gh (c:\\Users\\joaom\\.vscode\\extensions\\uqbar.wollok-lsp-ide-0.5.2\\out\\server\\src\\server.js:2362:1092)\n    at C2 (c:\\Users\\joaom\\.vscode\\extensions\\uqbar.wollok-lsp-ide-0.5.2\\out\\server\\src\\server.js:2362:544)\n    at Gh (c:\\Users\\joaom\\.vscode\\extensions\\uqbar.wollok-lsp-ide-0.5.2\\out\\server\\src\\server.js:2362:1092)\n    at C2 (c:\\Users\\joaom\\.vscode\\extensions\\uqbar.wollok-lsp-ide-0.5.2\\out\\server\\src\\server.js:2362:544)\n    at c:\\Users\\joaom\\.vscode\\extensions\\uqbar.wollok-lsp-ide-0.5.2\\out\\server\\src\\server.js:2362:2988\n    at c:\\Users\\joaom\\.vscode\\extensions\\uqbar.wollok-lsp-ide-0.5.2\\out\\server\\src\\server.js:2371:8440\n    at c:\\Users\\joaom\\.vscode\\extensions\\uqbar.wollok-lsp-ide-0.5.2\\out\\server\\src\\server.js:37:74872\n    at Ye (c:\\Users\\joaom\\.vscode\\extensions\\uqbar.wollok-lsp-ide-0.5.2\\out\\server\\src\\server.js:7:8527)","timestamp":"2025-07-01T15:18:36.343Z"}
{"level":"error","message":"✘ Completions for node Send ([17:25, 17:117] - mana.wlk) failed: Error: [Send]{9ea8a5} at mana.wlk:17 exhausted all cases without a match [Send]{9ea8a5} at mana.wlk:17 exhausted all cases without a match","stack":"Error: [Send]{9ea8a5} at mana.wlk:17 exhausted all cases without a match\n    at c:\\Users\\joaom\\.vscode\\extensions\\uqbar.wollok-lsp-ide-0.5.2\\out\\server\\src\\server.js:38:6142\n    at C2 (c:\\Users\\joaom\\.vscode\\extensions\\uqbar.wollok-lsp-ide-0.5.2\\out\\server\\src\\server.js:2362:42)\n    at Gh (c:\\Users\\joaom\\.vscode\\extensions\\uqbar.wollok-lsp-ide-0.5.2\\out\\server\\src\\server.js:2362:1092)\n    at C2 (c:\\Users\\joaom\\.vscode\\extensions\\uqbar.wollok-lsp-ide-0.5.2\\out\\server\\src\\server.js:2362:544)\n    at Gh (c:\\Users\\joaom\\.vscode\\extensions\\uqbar.wollok-lsp-ide-0.5.2\\out\\server\\src\\server.js:2362:1092)\n    at C2 (c:\\Users\\joaom\\.vscode\\extensions\\uqbar.wollok-lsp-ide-0.5.2\\out\\server\\src\\server.js:2362:544)\n    at Gh (c:\\Users\\joaom\\.vscode\\extensions\\uqbar.wollok-lsp-ide-0.5.2\\out\\server\\src\\server.js:2362:1092)\n    at C2 (c:\\Users\\joaom\\.vscode\\extensions\\uqbar.wollok-lsp-ide-0.5.2\\out\\server\\src\\server.js:2362:544)\n    at c:\\Users\\joaom\\.vscode\\extensions\\uqbar.wollok-lsp-ide-0.5.2\\out\\server\\src\\server.js:2362:2988\n    at c:\\Users\\joaom\\.vscode\\extensions\\uqbar.wollok-lsp-ide-0.5.2\\out\\server\\src\\server.js:2371:8440","timestamp":"2025-07-01T15:18:36.343Z"}
{"level":"error","message":"✘ Failed to rebuild document Failed to parse mana.wlk: \n-- PARSING FAILED --------------------------------------------------\n\n  27 | \t}\n  28 | \tmethod recibeDanioMago(danio,enemigo){}\n> 29 | }\n     | ^\n\nExpected one of the following: \n\n'@', 'class', 'const', 'describe', 'mixin', 'object', 'only', 'package', 'program', 'test', 'var', '{', EOF, comment, not \"}\", whitespace\n","stack":"Error: Failed to parse mana.wlk: \n-- PARSING FAILED --------------------------------------------------\n\n  27 | \t}\n  28 | \tmethod recibeDanioMago(danio,enemigo){}\n> 29 | }\n     | ^\n\nExpected one of the following: \n\n'@', 'class', 'const', 'describe', 'mixin', 'object', 'only', 'package', 'program', 'test', 'var', '{', EOF, comment, not \"}\", whitespace\n\n    at c:\\Users\\joaom\\.vscode\\extensions\\uqbar.wollok-lsp-ide-0.5.2\\out\\server\\src\\server.js:2326:13026\n    at Array.map (<anonymous>)\n    at D1n (c:\\Users\\joaom\\.vscode\\extensions\\uqbar.wollok-lsp-ide-0.5.2\\out\\server\\src\\server.js:2326:12950)\n    at W2.buildEnvironmentFrom (c:\\Users\\joaom\\.vscode\\extensions\\uqbar.wollok-lsp-ide-0.5.2\\out\\server\\src\\server.js:2371:5254)\n    at W2.updateEnvironmentWith (c:\\Users\\joaom\\.vscode\\extensions\\uqbar.wollok-lsp-ide-0.5.2\\out\\server\\src\\server.js:2371:4989)\n    at GF (c:\\Users\\joaom\\.vscode\\extensions\\uqbar.wollok-lsp-ide-0.5.2\\out\\server\\src\\server.js:2371:7383)\n    at L3.invoke (c:\\Users\\joaom\\.vscode\\extensions\\uqbar.wollok-lsp-ide-0.5.2\\out\\server\\src\\server.js:3:157326)\n    at o.fire (c:\\Users\\joaom\\.vscode\\extensions\\uqbar.wollok-lsp-ide-0.5.2\\out\\server\\src\\server.js:3:158096)\n    at c:\\Users\\joaom\\.vscode\\extensions\\uqbar.wollok-lsp-ide-0.5.2\\out\\server\\src\\server.js:37:57871\n    at Kr (c:\\Users\\joaom\\.vscode\\extensions\\uqbar.wollok-lsp-ide-0.5.2\\out\\server\\src\\server.js:8:1561)","timestamp":"2025-07-01T15:18:36.515Z"}
{"level":"error","message":"✘ Completions for node Send ([17:50, 17:110] - mana.wlk) failed: Error: [Send]{e97ddc} at mana.wlk:17 exhausted all cases without a match [Send]{e97ddc} at mana.wlk:17 exhausted all cases without a match","stack":"Error: [Send]{e97ddc} at mana.wlk:17 exhausted all cases without a match\n    at c:\\Users\\joaom\\.vscode\\extensions\\uqbar.wollok-lsp-ide-0.5.2\\out\\server\\src\\server.js:38:6142\n    at C2 (c:\\Users\\joaom\\.vscode\\extensions\\uqbar.wollok-lsp-ide-0.5.2\\out\\server\\src\\server.js:2362:42)\n    at c:\\Users\\joaom\\.vscode\\extensions\\uqbar.wollok-lsp-ide-0.5.2\\out\\server\\src\\server.js:2362:2988\n    at c:\\Users\\joaom\\.vscode\\extensions\\uqbar.wollok-lsp-ide-0.5.2\\out\\server\\src\\server.js:2371:8440\n    at c:\\Users\\joaom\\.vscode\\extensions\\uqbar.wollok-lsp-ide-0.5.2\\out\\server\\src\\server.js:37:74872\n    at Ye (c:\\Users\\joaom\\.vscode\\extensions\\uqbar.wollok-lsp-ide-0.5.2\\out\\server\\src\\server.js:7:8527)\n    at Dt (c:\\Users\\joaom\\.vscode\\extensions\\uqbar.wollok-lsp-ide-0.5.2\\out\\server\\src\\server.js:7:6189)\n    at Zi (c:\\Users\\joaom\\.vscode\\extensions\\uqbar.wollok-lsp-ide-0.5.2\\out\\server\\src\\server.js:7:6378)\n    at Immediate._onImmediate (c:\\Users\\joaom\\.vscode\\extensions\\uqbar.wollok-lsp-ide-0.5.2\\out\\server\\src\\server.js:7:6142)\n    at process.processImmediate (node:internal/timers:485:21)","timestamp":"2025-07-01T15:18:36.558Z"}
{"level":"error","message":"✘ Completions for node Send ([17:50, 17:116] - mana.wlk) failed: Error: [Send]{d53b50} at mana.wlk:17 exhausted all cases without a match [Send]{d53b50} at mana.wlk:17 exhausted all cases without a match","stack":"Error: [Send]{d53b50} at mana.wlk:17 exhausted all cases without a match\n    at c:\\Users\\joaom\\.vscode\\extensions\\uqbar.wollok-lsp-ide-0.5.2\\out\\server\\src\\server.js:38:6142\n    at C2 (c:\\Users\\joaom\\.vscode\\extensions\\uqbar.wollok-lsp-ide-0.5.2\\out\\server\\src\\server.js:2362:42)\n    at Gh (c:\\Users\\joaom\\.vscode\\extensions\\uqbar.wollok-lsp-ide-0.5.2\\out\\server\\src\\server.js:2362:1092)\n    at C2 (c:\\Users\\joaom\\.vscode\\extensions\\uqbar.wollok-lsp-ide-0.5.2\\out\\server\\src\\server.js:2362:544)\n    at c:\\Users\\joaom\\.vscode\\extensions\\uqbar.wollok-lsp-ide-0.5.2\\out\\server\\src\\server.js:2362:2988\n    at c:\\Users\\joaom\\.vscode\\extensions\\uqbar.wollok-lsp-ide-0.5.2\\out\\server\\src\\server.js:2371:8440\n    at c:\\Users\\joaom\\.vscode\\extensions\\uqbar.wollok-lsp-ide-0.5.2\\out\\server\\src\\server.js:37:74872\n    at Ye (c:\\Users\\joaom\\.vscode\\extensions\\uqbar.wollok-lsp-ide-0.5.2\\out\\server\\src\\server.js:7:8527)\n    at Dt (c:\\Users\\joaom\\.vscode\\extensions\\uqbar.wollok-lsp-ide-0.5.2\\out\\server\\src\\server.js:7:6189)\n    at Zi (c:\\Users\\joaom\\.vscode\\extensions\\uqbar.wollok-lsp-ide-0.5.2\\out\\server\\src\\server.js:7:6378)","timestamp":"2025-07-01T15:18:36.558Z"}
{"level":"error","message":"✘ Completions for node Send ([17:37, 17:116] - mana.wlk) failed: Error: [Send]{f06718} at mana.wlk:17 exhausted all cases without a match [Send]{f06718} at mana.wlk:17 exhausted all cases without a match","stack":"Error: [Send]{f06718} at mana.wlk:17 exhausted all cases without a match\n    at c:\\Users\\joaom\\.vscode\\extensions\\uqbar.wollok-lsp-ide-0.5.2\\out\\server\\src\\server.js:38:6142\n    at C2 (c:\\Users\\joaom\\.vscode\\extensions\\uqbar.wollok-lsp-ide-0.5.2\\out\\server\\src\\server.js:2362:42)\n    at Gh (c:\\Users\\joaom\\.vscode\\extensions\\uqbar.wollok-lsp-ide-0.5.2\\out\\server\\src\\server.js:2362:1092)\n    at C2 (c:\\Users\\joaom\\.vscode\\extensions\\uqbar.wollok-lsp-ide-0.5.2\\out\\server\\src\\server.js:2362:544)\n    at Gh (c:\\Users\\joaom\\.vscode\\extensions\\uqbar.wollok-lsp-ide-0.5.2\\out\\server\\src\\server.js:2362:1092)\n    at C2 (c:\\Users\\joaom\\.vscode\\extensions\\uqbar.wollok-lsp-ide-0.5.2\\out\\server\\src\\server.js:2362:544)\n    at c:\\Users\\joaom\\.vscode\\extensions\\uqbar.wollok-lsp-ide-0.5.2\\out\\server\\src\\server.js:2362:2988\n    at c:\\Users\\joaom\\.vscode\\extensions\\uqbar.wollok-lsp-ide-0.5.2\\out\\server\\src\\server.js:2371:8440\n    at c:\\Users\\joaom\\.vscode\\extensions\\uqbar.wollok-lsp-ide-0.5.2\\out\\server\\src\\server.js:37:74872\n    at Ye (c:\\Users\\joaom\\.vscode\\extensions\\uqbar.wollok-lsp-ide-0.5.2\\out\\server\\src\\server.js:7:8527)","timestamp":"2025-07-01T15:18:36.558Z"}
{"level":"error","message":"✘ Completions for node Send ([17:25, 17:117] - mana.wlk) failed: Error: [Send]{9ea8a5} at mana.wlk:17 exhausted all cases without a match [Send]{9ea8a5} at mana.wlk:17 exhausted all cases without a match","stack":"Error: [Send]{9ea8a5} at mana.wlk:17 exhausted all cases without a match\n    at c:\\Users\\joaom\\.vscode\\extensions\\uqbar.wollok-lsp-ide-0.5.2\\out\\server\\src\\server.js:38:6142\n    at C2 (c:\\Users\\joaom\\.vscode\\extensions\\uqbar.wollok-lsp-ide-0.5.2\\out\\server\\src\\server.js:2362:42)\n    at Gh (c:\\Users\\joaom\\.vscode\\extensions\\uqbar.wollok-lsp-ide-0.5.2\\out\\server\\src\\server.js:2362:1092)\n    at C2 (c:\\Users\\joaom\\.vscode\\extensions\\uqbar.wollok-lsp-ide-0.5.2\\out\\server\\src\\server.js:2362:544)\n    at Gh (c:\\Users\\joaom\\.vscode\\extensions\\uqbar.wollok-lsp-ide-0.5.2\\out\\server\\src\\server.js:2362:1092)\n    at C2 (c:\\Users\\joaom\\.vscode\\extensions\\uqbar.wollok-lsp-ide-0.5.2\\out\\server\\src\\server.js:2362:544)\n    at Gh (c:\\Users\\joaom\\.vscode\\extensions\\uqbar.wollok-lsp-ide-0.5.2\\out\\server\\src\\server.js:2362:1092)\n    at C2 (c:\\Users\\joaom\\.vscode\\extensions\\uqbar.wollok-lsp-ide-0.5.2\\out\\server\\src\\server.js:2362:544)\n    at c:\\Users\\joaom\\.vscode\\extensions\\uqbar.wollok-lsp-ide-0.5.2\\out\\server\\src\\server.js:2362:2988\n    at c:\\Users\\joaom\\.vscode\\extensions\\uqbar.wollok-lsp-ide-0.5.2\\out\\server\\src\\server.js:2371:8440","timestamp":"2025-07-01T15:18:36.559Z"}
{"level":"error","message":"✘ Failed to rebuild document Failed to parse mana.wlk: \n-- PARSING FAILED --------------------------------------------------\n\n  27 | \t}\n  28 | \tmethod recibeDanioMago(danio,enemigo){}\n> 29 | }\n     | ^\n\nExpected one of the following: \n\n'@', 'class', 'const', 'describe', 'mixin', 'object', 'only', 'package', 'program', 'test', 'var', '{', EOF, comment, not \"}\", whitespace\n","stack":"Error: Failed to parse mana.wlk: \n-- PARSING FAILED --------------------------------------------------\n\n  27 | \t}\n  28 | \tmethod recibeDanioMago(danio,enemigo){}\n> 29 | }\n     | ^\n\nExpected one of the following: \n\n'@', 'class', 'const', 'describe', 'mixin', 'object', 'only', 'package', 'program', 'test', 'var', '{', EOF, comment, not \"}\", whitespace\n\n    at c:\\Users\\joaom\\.vscode\\extensions\\uqbar.wollok-lsp-ide-0.5.2\\out\\server\\src\\server.js:2326:13026\n    at Array.map (<anonymous>)\n    at D1n (c:\\Users\\joaom\\.vscode\\extensions\\uqbar.wollok-lsp-ide-0.5.2\\out\\server\\src\\server.js:2326:12950)\n    at W2.buildEnvironmentFrom (c:\\Users\\joaom\\.vscode\\extensions\\uqbar.wollok-lsp-ide-0.5.2\\out\\server\\src\\server.js:2371:5254)\n    at W2.updateEnvironmentWith (c:\\Users\\joaom\\.vscode\\extensions\\uqbar.wollok-lsp-ide-0.5.2\\out\\server\\src\\server.js:2371:4989)\n    at GF (c:\\Users\\joaom\\.vscode\\extensions\\uqbar.wollok-lsp-ide-0.5.2\\out\\server\\src\\server.js:2371:7383)\n    at L3.invoke (c:\\Users\\joaom\\.vscode\\extensions\\uqbar.wollok-lsp-ide-0.5.2\\out\\server\\src\\server.js:3:157326)\n    at o.fire (c:\\Users\\joaom\\.vscode\\extensions\\uqbar.wollok-lsp-ide-0.5.2\\out\\server\\src\\server.js:3:158096)\n    at c:\\Users\\joaom\\.vscode\\extensions\\uqbar.wollok-lsp-ide-0.5.2\\out\\server\\src\\server.js:37:57871\n    at Kr (c:\\Users\\joaom\\.vscode\\extensions\\uqbar.wollok-lsp-ide-0.5.2\\out\\server\\src\\server.js:8:1561)","timestamp":"2025-07-01T15:18:36.603Z"}
{"level":"error","message":"✘ Completions for node Send ([17:50, 17:110] - mana.wlk) failed: Error: [Send]{e97ddc} at mana.wlk:17 exhausted all cases without a match [Send]{e97ddc} at mana.wlk:17 exhausted all cases without a match","stack":"Error: [Send]{e97ddc} at mana.wlk:17 exhausted all cases without a match\n    at c:\\Users\\joaom\\.vscode\\extensions\\uqbar.wollok-lsp-ide-0.5.2\\out\\server\\src\\server.js:38:6142\n    at C2 (c:\\Users\\joaom\\.vscode\\extensions\\uqbar.wollok-lsp-ide-0.5.2\\out\\server\\src\\server.js:2362:42)\n    at c:\\Users\\joaom\\.vscode\\extensions\\uqbar.wollok-lsp-ide-0.5.2\\out\\server\\src\\server.js:2362:2988\n    at c:\\Users\\joaom\\.vscode\\extensions\\uqbar.wollok-lsp-ide-0.5.2\\out\\server\\src\\server.js:2371:8440\n    at c:\\Users\\joaom\\.vscode\\extensions\\uqbar.wollok-lsp-ide-0.5.2\\out\\server\\src\\server.js:37:74872\n    at Ye (c:\\Users\\joaom\\.vscode\\extensions\\uqbar.wollok-lsp-ide-0.5.2\\out\\server\\src\\server.js:7:8527)\n    at Dt (c:\\Users\\joaom\\.vscode\\extensions\\uqbar.wollok-lsp-ide-0.5.2\\out\\server\\src\\server.js:7:6189)\n    at Zi (c:\\Users\\joaom\\.vscode\\extensions\\uqbar.wollok-lsp-ide-0.5.2\\out\\server\\src\\server.js:7:6378)\n    at Immediate._onImmediate (c:\\Users\\joaom\\.vscode\\extensions\\uqbar.wollok-lsp-ide-0.5.2\\out\\server\\src\\server.js:7:6142)\n    at process.processImmediate (node:internal/timers:485:21)","timestamp":"2025-07-01T15:18:36.655Z"}
{"level":"error","message":"✘ Completions for node Send ([17:50, 17:116] - mana.wlk) failed: Error: [Send]{d53b50} at mana.wlk:17 exhausted all cases without a match [Send]{d53b50} at mana.wlk:17 exhausted all cases without a match","stack":"Error: [Send]{d53b50} at mana.wlk:17 exhausted all cases without a match\n    at c:\\Users\\joaom\\.vscode\\extensions\\uqbar.wollok-lsp-ide-0.5.2\\out\\server\\src\\server.js:38:6142\n    at C2 (c:\\Users\\joaom\\.vscode\\extensions\\uqbar.wollok-lsp-ide-0.5.2\\out\\server\\src\\server.js:2362:42)\n    at Gh (c:\\Users\\joaom\\.vscode\\extensions\\uqbar.wollok-lsp-ide-0.5.2\\out\\server\\src\\server.js:2362:1092)\n    at C2 (c:\\Users\\joaom\\.vscode\\extensions\\uqbar.wollok-lsp-ide-0.5.2\\out\\server\\src\\server.js:2362:544)\n    at c:\\Users\\joaom\\.vscode\\extensions\\uqbar.wollok-lsp-ide-0.5.2\\out\\server\\src\\server.js:2362:2988\n    at c:\\Users\\joaom\\.vscode\\extensions\\uqbar.wollok-lsp-ide-0.5.2\\out\\server\\src\\server.js:2371:8440\n    at c:\\Users\\joaom\\.vscode\\extensions\\uqbar.wollok-lsp-ide-0.5.2\\out\\server\\src\\server.js:37:74872\n    at Ye (c:\\Users\\joaom\\.vscode\\extensions\\uqbar.wollok-lsp-ide-0.5.2\\out\\server\\src\\server.js:7:8527)\n    at Dt (c:\\Users\\joaom\\.vscode\\extensions\\uqbar.wollok-lsp-ide-0.5.2\\out\\server\\src\\server.js:7:6189)\n    at Zi (c:\\Users\\joaom\\.vscode\\extensions\\uqbar.wollok-lsp-ide-0.5.2\\out\\server\\src\\server.js:7:6378)","timestamp":"2025-07-01T15:18:36.655Z"}
{"level":"error","message":"✘ Completions for node Send ([17:37, 17:116] - mana.wlk) failed: Error: [Send]{f06718} at mana.wlk:17 exhausted all cases without a match [Send]{f06718} at mana.wlk:17 exhausted all cases without a match","stack":"Error: [Send]{f06718} at mana.wlk:17 exhausted all cases without a match\n    at c:\\Users\\joaom\\.vscode\\extensions\\uqbar.wollok-lsp-ide-0.5.2\\out\\server\\src\\server.js:38:6142\n    at C2 (c:\\Users\\joaom\\.vscode\\extensions\\uqbar.wollok-lsp-ide-0.5.2\\out\\server\\src\\server.js:2362:42)\n    at Gh (c:\\Users\\joaom\\.vscode\\extensions\\uqbar.wollok-lsp-ide-0.5.2\\out\\server\\src\\server.js:2362:1092)\n    at C2 (c:\\Users\\joaom\\.vscode\\extensions\\uqbar.wollok-lsp-ide-0.5.2\\out\\server\\src\\server.js:2362:544)\n    at Gh (c:\\Users\\joaom\\.vscode\\extensions\\uqbar.wollok-lsp-ide-0.5.2\\out\\server\\src\\server.js:2362:1092)\n    at C2 (c:\\Users\\joaom\\.vscode\\extensions\\uqbar.wollok-lsp-ide-0.5.2\\out\\server\\src\\server.js:2362:544)\n    at c:\\Users\\joaom\\.vscode\\extensions\\uqbar.wollok-lsp-ide-0.5.2\\out\\server\\src\\server.js:2362:2988\n    at c:\\Users\\joaom\\.vscode\\extensions\\uqbar.wollok-lsp-ide-0.5.2\\out\\server\\src\\server.js:2371:8440\n    at c:\\Users\\joaom\\.vscode\\extensions\\uqbar.wollok-lsp-ide-0.5.2\\out\\server\\src\\server.js:37:74872\n    at Ye (c:\\Users\\joaom\\.vscode\\extensions\\uqbar.wollok-lsp-ide-0.5.2\\out\\server\\src\\server.js:7:8527)","timestamp":"2025-07-01T15:18:36.656Z"}
{"level":"error","message":"✘ Completions for node Send ([17:25, 17:117] - mana.wlk) failed: Error: [Send]{9ea8a5} at mana.wlk:17 exhausted all cases without a match [Send]{9ea8a5} at mana.wlk:17 exhausted all cases without a match","stack":"Error: [Send]{9ea8a5} at mana.wlk:17 exhausted all cases without a match\n    at c:\\Users\\joaom\\.vscode\\extensions\\uqbar.wollok-lsp-ide-0.5.2\\out\\server\\src\\server.js:38:6142\n    at C2 (c:\\Users\\joaom\\.vscode\\extensions\\uqbar.wollok-lsp-ide-0.5.2\\out\\server\\src\\server.js:2362:42)\n    at Gh (c:\\Users\\joaom\\.vscode\\extensions\\uqbar.wollok-lsp-ide-0.5.2\\out\\server\\src\\server.js:2362:1092)\n    at C2 (c:\\Users\\joaom\\.vscode\\extensions\\uqbar.wollok-lsp-ide-0.5.2\\out\\server\\src\\server.js:2362:544)\n    at Gh (c:\\Users\\joaom\\.vscode\\extensions\\uqbar.wollok-lsp-ide-0.5.2\\out\\server\\src\\server.js:2362:1092)\n    at C2 (c:\\Users\\joaom\\.vscode\\extensions\\uqbar.wollok-lsp-ide-0.5.2\\out\\server\\src\\server.js:2362:544)\n    at Gh (c:\\Users\\joaom\\.vscode\\extensions\\uqbar.wollok-lsp-ide-0.5.2\\out\\server\\src\\server.js:2362:1092)\n    at C2 (c:\\Users\\joaom\\.vscode\\extensions\\uqbar.wollok-lsp-ide-0.5.2\\out\\server\\src\\server.js:2362:544)\n    at c:\\Users\\joaom\\.vscode\\extensions\\uqbar.wollok-lsp-ide-0.5.2\\out\\server\\src\\server.js:2362:2988\n    at c:\\Users\\joaom\\.vscode\\extensions\\uqbar.wollok-lsp-ide-0.5.2\\out\\server\\src\\server.js:2371:8440","timestamp":"2025-07-01T15:18:36.656Z"}
{"level":"error","message":"✘ Failed to rebuild document Failed to parse mana.wlk: \n-- PARSING FAILED --------------------------------------------------\n\n  27 | \t}\n  28 | \tmethod recibeDanioMago(danio,enemigo){}\n> 29 | }\n     | ^\n\nExpected one of the following: \n\n'@', 'class', 'const', 'describe', 'mixin', 'object', 'only', 'package', 'program', 'test', 'var', '{', EOF, comment, not \"}\", whitespace\n","stack":"Error: Failed to parse mana.wlk: \n-- PARSING FAILED --------------------------------------------------\n\n  27 | \t}\n  28 | \tmethod recibeDanioMago(danio,enemigo){}\n> 29 | }\n     | ^\n\nExpected one of the following: \n\n'@', 'class', 'const', 'describe', 'mixin', 'object', 'only', 'package', 'program', 'test', 'var', '{', EOF, comment, not \"}\", whitespace\n\n    at c:\\Users\\joaom\\.vscode\\extensions\\uqbar.wollok-lsp-ide-0.5.2\\out\\server\\src\\server.js:2326:13026\n    at Array.map (<anonymous>)\n    at D1n (c:\\Users\\joaom\\.vscode\\extensions\\uqbar.wollok-lsp-ide-0.5.2\\out\\server\\src\\server.js:2326:12950)\n    at W2.buildEnvironmentFrom (c:\\Users\\joaom\\.vscode\\extensions\\uqbar.wollok-lsp-ide-0.5.2\\out\\server\\src\\server.js:2371:5254)\n    at W2.updateEnvironmentWith (c:\\Users\\joaom\\.vscode\\extensions\\uqbar.wollok-lsp-ide-0.5.2\\out\\server\\src\\server.js:2371:4989)\n    at GF (c:\\Users\\joaom\\.vscode\\extensions\\uqbar.wollok-lsp-ide-0.5.2\\out\\server\\src\\server.js:2371:7383)\n    at L3.invoke (c:\\Users\\joaom\\.vscode\\extensions\\uqbar.wollok-lsp-ide-0.5.2\\out\\server\\src\\server.js:3:157326)\n    at o.fire (c:\\Users\\joaom\\.vscode\\extensions\\uqbar.wollok-lsp-ide-0.5.2\\out\\server\\src\\server.js:3:158096)\n    at c:\\Users\\joaom\\.vscode\\extensions\\uqbar.wollok-lsp-ide-0.5.2\\out\\server\\src\\server.js:37:57871\n    at Kr (c:\\Users\\joaom\\.vscode\\extensions\\uqbar.wollok-lsp-ide-0.5.2\\out\\server\\src\\server.js:8:1561)","timestamp":"2025-07-01T15:18:36.724Z"}
{"level":"info","message":"⌛ Building environment","timeElapsed":107,"timestamp":"2025-07-01T15:18:46.638Z"}
{"level":"info","message":"⌛ Validating mana.wlk","timeElapsed":156,"timestamp":"2025-07-01T15:18:46.796Z"}
{"level":"info","message":"⌛ Building environment","timeElapsed":102,"timestamp":"2025-07-01T15:18:47.840Z"}
{"level":"info","message":"⌛ Validating mana.wlk","timeElapsed":136,"timestamp":"2025-07-01T15:18:47.978Z"}
{"level":"info","message":"⌛ Validating mana.wlk","timeElapsed":138,"timestamp":"2025-07-01T15:18:48.243Z"}
{"level":"info","message":"⌛ Validating mana.wlk","timeElapsed":170,"timestamp":"2025-07-01T15:18:49.739Z"}
{"level":"info","message":"⌛ Building environment","timeElapsed":155,"timestamp":"2025-07-01T15:18:49.895Z"}
{"level":"info","message":"⌛ Building environment","timeElapsed":117,"timestamp":"2025-07-01T15:18:50.013Z"}
{"level":"info","message":"⌛ Validating mana.wlk","timeElapsed":147,"timestamp":"2025-07-01T15:18:50.278Z"}
{"level":"info","message":"⌛ Validating mana.wlk","timeElapsed":158,"timestamp":"2025-07-01T15:18:50.436Z"}
{"level":"info","message":"⌛ Validating mana.wlk","timeElapsed":162,"timestamp":"2025-07-01T15:18:50.608Z"}
{"level":"info","message":"⌛ Building environment","timeElapsed":131,"timestamp":"2025-07-01T15:18:50.741Z"}
{"level":"info","message":"⌛ Validating mana.wlk","timeElapsed":176,"timestamp":"2025-07-01T15:18:51.072Z"}
{"level":"info","message":"⌛ Validating mana.wlk","timeElapsed":160,"timestamp":"2025-07-01T15:18:51.233Z"}
{"level":"info","message":"⌛ Building environment","timeElapsed":114,"timestamp":"2025-07-01T15:18:51.350Z"}
{"level":"info","message":"⌛ Validating mana.wlk","timeElapsed":157,"timestamp":"2025-07-01T15:18:51.652Z"}
{"level":"info","message":"⌛ Validating mana.wlk","timeElapsed":174,"timestamp":"2025-07-01T15:18:51.838Z"}
{"level":"info","message":"⌛ Building environment","timeElapsed":137,"timestamp":"2025-07-01T15:18:51.980Z"}
{"level":"info","message":"⌛ Validating mana.wlk","timeElapsed":165,"timestamp":"2025-07-01T15:18:52.565Z"}
{"level":"info","message":"⌛ Validating mana.wlk","timeElapsed":163,"timestamp":"2025-07-01T15:18:52.978Z"}
{"level":"info","message":"⌛ Validating mana.wlk","timeElapsed":155,"timestamp":"2025-07-01T15:18:53.134Z"}
{"level":"info","message":"⌛ Validating mana.wlk","timeElapsed":245,"timestamp":"2025-07-01T15:18:53.379Z"}
{"level":"info","message":"⌛ Validating mana.wlk","timeElapsed":138,"timestamp":"2025-07-01T15:18:53.520Z"}
{"level":"info","message":"⌛ Validating mana.wlk","timeElapsed":155,"timestamp":"2025-07-01T15:18:53.675Z"}
{"level":"info","message":"⌛ Building environment","timeElapsed":101,"timestamp":"2025-07-01T15:18:53.780Z"}
{"level":"info","message":"⌛ Building environment","timeElapsed":227,"timestamp":"2025-07-01T15:18:54.066Z"}
{"level":"info","message":"⌛ Building environment","timeElapsed":142,"timestamp":"2025-07-01T15:18:54.209Z"}
{"level":"info","message":"⌛ Validating mana.wlk","timeElapsed":143,"timestamp":"2025-07-01T15:18:54.530Z"}
{"level":"info","message":"⌛ Validating mana.wlk","timeElapsed":130,"timestamp":"2025-07-01T15:18:54.673Z"}
{"level":"info","message":"⌛ Validating mana.wlk","timeElapsed":161,"timestamp":"2025-07-01T15:18:54.834Z"}
{"level":"info","message":"⌛ Validating mana.wlk","timeElapsed":136,"timestamp":"2025-07-01T15:18:54.971Z"}
{"level":"info","message":"⌛ Validating mana.wlk","timeElapsed":190,"timestamp":"2025-07-01T15:18:55.180Z"}
{"level":"info","message":"⌛ Building environment","timeElapsed":109,"timestamp":"2025-07-01T15:19:10.208Z"}
{"level":"info","message":"⌛ Validating mana.wlk","timeElapsed":142,"timestamp":"2025-07-01T15:19:10.351Z"}
{"level":"info","message":"⌛ Validating mana.wlk","timeElapsed":141,"timestamp":"2025-07-01T15:19:11.405Z"}
{"level":"info","message":"⌛ Building environment","timeElapsed":102,"timestamp":"2025-07-01T15:19:11.508Z"}
{"level":"info","message":"⌛ Validating mana.wlk","timeElapsed":138,"timestamp":"2025-07-01T15:19:11.648Z"}
{"level":"info","message":"⌛ Building environment","timeElapsed":127,"timestamp":"2025-07-01T15:19:55.161Z"}
{"level":"info","message":"⌛ Validating mana.wlk","timeElapsed":160,"timestamp":"2025-07-01T15:19:55.398Z"}
{"level":"error","message":"✘ Failed to rebuild document Failed to parse mana.wlk: \n-- PARSING FAILED --------------------------------------------------\n\n  29 | \t}\n  30 | \tmethod recibeDanioMago(danio,enemigo){}\n> 31 | }\n     | ^\n\nExpected one of the following: \n\n'@', 'class', 'const', 'describe', 'mixin', 'object', 'only', 'package', 'program', 'test', 'var', '{', EOF, comment, not \"}\", whitespace\n","stack":"Error: Failed to parse mana.wlk: \n-- PARSING FAILED --------------------------------------------------\n\n  29 | \t}\n  30 | \tmethod recibeDanioMago(danio,enemigo){}\n> 31 | }\n     | ^\n\nExpected one of the following: \n\n'@', 'class', 'const', 'describe', 'mixin', 'object', 'only', 'package', 'program', 'test', 'var', '{', EOF, comment, not \"}\", whitespace\n\n    at c:\\Users\\joaom\\.vscode\\extensions\\uqbar.wollok-lsp-ide-0.5.2\\out\\server\\src\\server.js:2326:13026\n    at Array.map (<anonymous>)\n    at D1n (c:\\Users\\joaom\\.vscode\\extensions\\uqbar.wollok-lsp-ide-0.5.2\\out\\server\\src\\server.js:2326:12950)\n    at W2.buildEnvironmentFrom (c:\\Users\\joaom\\.vscode\\extensions\\uqbar.wollok-lsp-ide-0.5.2\\out\\server\\src\\server.js:2371:5254)\n    at W2.updateEnvironmentWith (c:\\Users\\joaom\\.vscode\\extensions\\uqbar.wollok-lsp-ide-0.5.2\\out\\server\\src\\server.js:2371:4989)\n    at GF (c:\\Users\\joaom\\.vscode\\extensions\\uqbar.wollok-lsp-ide-0.5.2\\out\\server\\src\\server.js:2371:7383)\n    at L3.invoke (c:\\Users\\joaom\\.vscode\\extensions\\uqbar.wollok-lsp-ide-0.5.2\\out\\server\\src\\server.js:3:157326)\n    at o.fire (c:\\Users\\joaom\\.vscode\\extensions\\uqbar.wollok-lsp-ide-0.5.2\\out\\server\\src\\server.js:3:158096)\n    at c:\\Users\\joaom\\.vscode\\extensions\\uqbar.wollok-lsp-ide-0.5.2\\out\\server\\src\\server.js:37:57871\n    at Kr (c:\\Users\\joaom\\.vscode\\extensions\\uqbar.wollok-lsp-ide-0.5.2\\out\\server\\src\\server.js:8:1561)","timestamp":"2025-07-01T15:19:55.460Z"}
{"level":"info","message":"⌛ Building environment","timeElapsed":104,"timestamp":"2025-07-01T15:19:55.625Z"}
{"level":"info","message":"⌛ Validating mana.wlk","timeElapsed":160,"timestamp":"2025-07-01T15:19:55.830Z"}
{"level":"info","message":"⌛ Building environment","timeElapsed":120,"timestamp":"2025-07-01T15:19:55.951Z"}
{"level":"info","message":"⌛ Validating mana.wlk","timeElapsed":158,"timestamp":"2025-07-01T15:19:56.263Z"}
{"level":"info","message":"⌛ Building environment","timeElapsed":108,"timestamp":"2025-07-01T15:19:56.372Z"}
{"level":"info","message":"⌛ Validating mana.wlk","timeElapsed":129,"timestamp":"2025-07-01T15:19:56.513Z"}
{"level":"info","message":"⌛ Validating mana.wlk","timeElapsed":146,"timestamp":"2025-07-01T15:19:56.980Z"}
{"level":"info","message":"⌛ Building environment","timeElapsed":103,"timestamp":"2025-07-01T15:19:57.083Z"}
{"level":"info","message":"⌛ Validating mana.wlk","timeElapsed":129,"timestamp":"2025-07-01T15:19:57.329Z"}
{"level":"info","message":"⌛ Validating mana.wlk","timeElapsed":163,"timestamp":"2025-07-01T15:19:57.493Z"}
{"level":"info","message":"⌛ Validating mana.wlk","timeElapsed":180,"timestamp":"2025-07-01T15:19:57.686Z"}
{"level":"info","message":"⌛ Validating mana.wlk","timeElapsed":166,"timestamp":"2025-07-01T15:19:57.855Z"}
{"level":"info","message":"⌛ Building environment","timeElapsed":112,"timestamp":"2025-07-01T15:19:57.967Z"}
{"level":"info","message":"⌛ Building environment","timeElapsed":109,"timestamp":"2025-07-01T15:19:58.078Z"}
{"level":"info","message":"⌛ Validating mana.wlk","timeElapsed":135,"timestamp":"2025-07-01T15:19:58.572Z"}
{"level":"info","message":"⌛ Validating mana.wlk","timeElapsed":171,"timestamp":"2025-07-01T15:19:58.744Z"}
{"level":"info","message":"⌛ Validating mana.wlk","timeElapsed":174,"timestamp":"2025-07-01T15:19:58.923Z"}
{"level":"info","message":"⌛ Validating mana.wlk","timeElapsed":151,"timestamp":"2025-07-01T15:19:59.074Z"}
{"level":"info","message":"⌛ Validating mana.wlk","timeElapsed":147,"timestamp":"2025-07-01T15:19:59.222Z"}
{"level":"info","message":"⌛ Building environment","timeElapsed":134,"timestamp":"2025-07-01T15:20:00.454Z"}
{"level":"info","message":"⌛ Validating mana.wlk","timeElapsed":151,"timestamp":"2025-07-01T15:20:00.606Z"}
{"level":"info","message":"⌛ Building environment","timeElapsed":124,"timestamp":"2025-07-01T15:20:15.736Z"}
{"level":"info","message":"⌛ Validating mana.wlk","timeElapsed":161,"timestamp":"2025-07-01T15:20:15.907Z"}
{"level":"info","message":"⌛ Building environment","timeElapsed":115,"timestamp":"2025-07-01T15:20:16.022Z"}
{"level":"info","message":"⌛ Validating mana.wlk","timeElapsed":152,"timestamp":"2025-07-01T15:20:16.175Z"}
{"level":"info","message":"⌛ Validating mana.wlk","timeElapsed":145,"timestamp":"2025-07-01T15:20:17.223Z"}
{"level":"info","message":"⌛ Building environment","timeElapsed":103,"timestamp":"2025-07-01T15:20:17.326Z"}
{"level":"info","message":"⌛ Validating mana.wlk","timeElapsed":123,"timestamp":"2025-07-01T15:20:17.462Z"}
{"level":"info","message":"⌛ Validating mana.wlk","timeElapsed":152,"timestamp":"2025-07-01T15:20:17.783Z"}
{"level":"info","message":"⌛ Validating mana.wlk","timeElapsed":191,"timestamp":"2025-07-01T15:20:18.191Z"}
{"level":"info","message":"⌛ Validating mana.wlk","timeElapsed":201,"timestamp":"2025-07-01T15:20:18.410Z"}
{"level":"info","message":"⌛ Building environment","timeElapsed":253,"timestamp":"2025-07-01T15:20:37.109Z"}
{"level":"info","message":"⌛ Validating administradorDeHechizos.wlk","timeElapsed":360,"timestamp":"2025-07-01T15:20:37.490Z"}
{"level":"info","message":"⌛ Building environment","timeElapsed":105,"timestamp":"2025-07-01T15:20:46.018Z"}
{"level":"info","message":"⌛ Validating mana.wlk","timeElapsed":139,"timestamp":"2025-07-01T15:20:46.158Z"}
{"level":"info","message":"⌛ Building environment","timeElapsed":126,"timestamp":"2025-07-01T15:20:46.358Z"}
{"level":"info","message":"⌛ Validating mana.wlk","timeElapsed":168,"timestamp":"2025-07-01T15:20:46.527Z"}
{"level":"info","message":"⌛ Building environment","timeElapsed":106,"timestamp":"2025-07-01T15:20:46.708Z"}
{"level":"info","message":"⌛ Validating mana.wlk","timeElapsed":163,"timestamp":"2025-07-01T15:20:46.872Z"}
{"level":"info","message":"⌛ Building environment","timeElapsed":102,"timestamp":"2025-07-01T15:20:46.980Z"}
{"level":"info","message":"⌛ Building environment","timeElapsed":115,"timestamp":"2025-07-01T15:20:47.095Z"}
{"level":"info","message":"⌛ Validating mana.wlk","timeElapsed":160,"timestamp":"2025-07-01T15:20:47.256Z"}
{"level":"info","message":"⌛ Validating mana.wlk","timeElapsed":148,"timestamp":"2025-07-01T15:20:47.405Z"}
{"level":"info","message":"⌛ Validating mana.wlk","timeElapsed":122,"timestamp":"2025-07-01T15:20:56.513Z"}
{"level":"info","message":"⌛ Validating mana.wlk","timeElapsed":136,"timestamp":"2025-07-01T15:20:57.222Z"}
{"level":"info","message":"⌛ Building environment","timeElapsed":124,"timestamp":"2025-07-01T15:20:57.627Z"}
{"level":"info","message":"⌛ Building environment","timeElapsed":112,"timestamp":"2025-07-01T15:20:57.741Z"}
{"level":"info","message":"⌛ Building environment","timeElapsed":101,"timestamp":"2025-07-01T15:20:57.901Z"}
{"level":"info","message":"⌛ Building environment","timeElapsed":254,"timestamp":"2025-07-01T15:20:58.179Z"}
{"level":"info","message":"⌛ Validating mana.wlk","timeElapsed":168,"timestamp":"2025-07-01T15:20:58.364Z"}
{"level":"info","message":"⌛ Validating mana.wlk","timeElapsed":159,"timestamp":"2025-07-01T15:20:58.937Z"}
{"level":"info","message":"⌛ Validating mana.wlk","timeElapsed":167,"timestamp":"2025-07-01T15:20:59.215Z"}
{"level":"info","message":"⌛ Building environment","timeElapsed":192,"timestamp":"2025-07-01T15:20:59.426Z"}
{"level":"info","message":"⌛ Validating mana.wlk","timeElapsed":175,"timestamp":"2025-07-01T15:20:59.601Z"}
{"level":"info","message":"⌛ Building environment","timeElapsed":108,"timestamp":"2025-07-01T15:20:59.711Z"}
{"level":"info","message":"⌛ Validating mana.wlk","timeElapsed":146,"timestamp":"2025-07-01T15:20:59.864Z"}
{"level":"info","message":"⌛ Validating mana.wlk","timeElapsed":161,"timestamp":"2025-07-01T15:21:00.026Z"}
{"level":"info","message":"⌛ Validating mana.wlk","timeElapsed":163,"timestamp":"2025-07-01T15:21:00.192Z"}
{"level":"info","message":"⌛ Validating mana.wlk","timeElapsed":150,"timestamp":"2025-07-01T15:21:00.342Z"}
{"level":"info","message":"⌛ Building environment","timeElapsed":109,"timestamp":"2025-07-01T15:21:00.452Z"}
{"level":"info","message":"⌛ Validating mana.wlk","timeElapsed":137,"timestamp":"2025-07-01T15:21:00.590Z"}
{"level":"info","message":"⌛ Validating mana.wlk","timeElapsed":264,"timestamp":"2025-07-01T15:21:00.863Z"}
{"level":"info","message":"⌛ Validating mana.wlk","timeElapsed":165,"timestamp":"2025-07-01T15:21:01.029Z"}
{"level":"info","message":"⌛ Building environment","timeElapsed":203,"timestamp":"2025-07-01T15:21:01.236Z"}
{"level":"info","message":"⌛ Validating mana.wlk","timeElapsed":207,"timestamp":"2025-07-01T15:21:01.444Z"}
{"level":"info","message":"⌛ Building environment","timeElapsed":107,"timestamp":"2025-07-01T15:21:01.565Z"}
{"level":"info","message":"⌛ Building environment","timeElapsed":118,"timestamp":"2025-07-01T15:21:01.685Z"}
{"level":"info","message":"⌛ Validating mana.wlk","timeElapsed":184,"timestamp":"2025-07-01T15:21:01.870Z"}
{"level":"info","message":"⌛ Building environment","timeElapsed":160,"timestamp":"2025-07-01T15:21:02.244Z"}
{"level":"info","message":"⌛ Validating mana.wlk","timeElapsed":158,"timestamp":"2025-07-01T15:21:02.421Z"}
{"level":"info","message":"⌛ Building environment","timeElapsed":121,"timestamp":"2025-07-01T15:21:02.544Z"}
{"level":"info","message":"⌛ Validating mana.wlk","timeElapsed":151,"timestamp":"2025-07-01T15:21:02.814Z"}
{"level":"info","message":"⌛ Validating mana.wlk","timeElapsed":148,"timestamp":"2025-07-01T15:21:03.192Z"}
{"level":"info","message":"⌛ Building environment","timeElapsed":108,"timestamp":"2025-07-01T15:21:03.300Z"}
{"level":"info","message":"⌛ Validating mana.wlk","timeElapsed":140,"timestamp":"2025-07-01T15:21:03.452Z"}
{"level":"info","message":"⌛ Validating mana.wlk","timeElapsed":136,"timestamp":"2025-07-01T15:21:03.679Z"}
{"level":"info","message":"⌛ Building environment","timeElapsed":107,"timestamp":"2025-07-01T15:21:03.787Z"}
{"level":"info","message":"⌛ Validating mana.wlk","timeElapsed":175,"timestamp":"2025-07-01T15:21:04.095Z"}
{"level":"info","message":"⌛ Validating mana.wlk","timeElapsed":164,"timestamp":"2025-07-01T15:21:04.261Z"}
{"level":"info","message":"⌛ Validating mana.wlk","timeElapsed":135,"timestamp":"2025-07-01T15:21:04.618Z"}
{"level":"info","message":"⌛ Building environment","timeElapsed":137,"timestamp":"2025-07-01T15:21:04.756Z"}
{"level":"info","message":"⌛ Validating mana.wlk","timeElapsed":142,"timestamp":"2025-07-01T15:21:04.913Z"}
{"level":"info","message":"⌛ Building environment","timeElapsed":194,"timestamp":"2025-07-01T15:21:05.218Z"}
{"level":"info","message":"⌛ Validating mana.wlk","timeElapsed":131,"timestamp":"2025-07-01T15:21:05.367Z"}
{"level":"info","message":"⌛ Building environment","timeElapsed":221,"timestamp":"2025-07-01T15:21:05.592Z"}
{"level":"info","message":"⌛ Validating mana.wlk","timeElapsed":284,"timestamp":"2025-07-01T15:21:05.894Z"}
{"level":"info","message":"⌛ Validating mana.wlk","timeElapsed":159,"timestamp":"2025-07-01T15:21:06.053Z"}
{"level":"info","message":"⌛ Validating mana.wlk","timeElapsed":155,"timestamp":"2025-07-01T15:21:06.215Z"}
{"level":"info","message":"⌛ Building environment","timeElapsed":192,"timestamp":"2025-07-01T15:21:06.412Z"}
{"level":"info","message":"⌛ Building environment","timeElapsed":103,"timestamp":"2025-07-01T15:21:06.644Z"}
{"level":"info","message":"⌛ Validating mana.wlk","timeElapsed":150,"timestamp":"2025-07-01T15:21:06.814Z"}
{"level":"info","message":"⌛ Validating mana.wlk","timeElapsed":175,"timestamp":"2025-07-01T15:21:07.087Z"}
{"level":"info","message":"⌛ Building environment","timeElapsed":134,"timestamp":"2025-07-01T15:21:07.223Z"}
{"level":"info","message":"⌛ Validating mana.wlk","timeElapsed":167,"timestamp":"2025-07-01T15:21:07.403Z"}
{"level":"info","message":"⌛ Building environment","timeElapsed":106,"timestamp":"2025-07-01T15:21:07.510Z"}
{"level":"info","message":"⌛ Validating mana.wlk","timeElapsed":351,"timestamp":"2025-07-01T15:21:08.101Z"}
{"level":"info","message":"⌛ Building environment","timeElapsed":240,"timestamp":"2025-07-01T15:21:08.342Z"}
{"level":"info","message":"⌛ Building environment","timeElapsed":156,"timestamp":"2025-07-01T15:21:08.517Z"}
{"level":"info","message":"⌛ Validating mana.wlk","timeElapsed":169,"timestamp":"2025-07-01T15:21:08.704Z"}
{"level":"info","message":"⌛ Validating mana.wlk","timeElapsed":156,"timestamp":"2025-07-01T15:21:09.085Z"}
{"level":"info","message":"⌛ Validating mana.wlk","timeElapsed":166,"timestamp":"2025-07-01T15:21:09.374Z"}
{"level":"info","message":"⌛ Validating mana.wlk","timeElapsed":140,"timestamp":"2025-07-01T15:21:09.518Z"}
{"level":"info","message":"⌛ Validating mana.wlk","timeElapsed":173,"timestamp":"2025-07-01T15:21:09.691Z"}
{"level":"info","message":"⌛ Validating mana.wlk","timeElapsed":170,"timestamp":"2025-07-01T15:21:09.863Z"}
{"level":"info","message":"⌛ Validating mana.wlk","timeElapsed":165,"timestamp":"2025-07-01T15:21:10.031Z"}
{"level":"info","message":"⌛ Validating mana.wlk","timeElapsed":137,"timestamp":"2025-07-01T15:21:10.172Z"}
{"level":"info","message":"⌛ Validating mana.wlk","timeElapsed":163,"timestamp":"2025-07-01T15:21:10.335Z"}
{"level":"info","message":"⌛ Validating mana.wlk","timeElapsed":154,"timestamp":"2025-07-01T15:21:10.491Z"}
{"level":"info","message":"⌛ Validating mana.wlk","timeElapsed":143,"timestamp":"2025-07-01T15:21:10.634Z"}
{"level":"info","message":"⌛ Validating mana.wlk","timeElapsed":199,"timestamp":"2025-07-01T15:21:10.834Z"}
{"level":"info","message":"⌛ Validating mana.wlk","timeElapsed":165,"timestamp":"2025-07-01T15:21:11.000Z"}
{"level":"info","message":"⌛ Validating mana.wlk","timeElapsed":169,"timestamp":"2025-07-01T15:21:11.170Z"}
{"level":"info","message":"⌛ Validating mana.wlk","timeElapsed":204,"timestamp":"2025-07-01T15:21:11.379Z"}
{"level":"info","message":"⌛ Building environment","timeElapsed":101,"timestamp":"2025-07-01T15:21:11.480Z"}
{"level":"info","message":"⌛ Validating mana.wlk","timeElapsed":144,"timestamp":"2025-07-01T15:21:11.707Z"}
{"level":"info","message":"⌛ Validating mana.wlk","timeElapsed":141,"timestamp":"2025-07-01T15:21:15.238Z"}
{"level":"info","message":"⌛ Validating mana.wlk","timeElapsed":137,"timestamp":"2025-07-01T15:21:16.046Z"}
{"level":"info","message":"⌛ Building environment","timeElapsed":108,"timestamp":"2025-07-01T15:21:16.162Z"}
{"level":"info","message":"⌛ Validating mana.wlk","timeElapsed":166,"timestamp":"2025-07-01T15:21:16.329Z"}
{"level":"info","message":"⌛ Building environment","timeElapsed":113,"timestamp":"2025-07-01T15:21:18.451Z"}
{"level":"info","message":"⌛ Validating mana.wlk","timeElapsed":189,"timestamp":"2025-07-01T15:21:18.658Z"}
{"level":"info","message":"⌛ Building environment","timeElapsed":176,"timestamp":"2025-07-01T15:21:20.242Z"}
{"level":"info","message":"⌛ Validating mana.wlk","timeElapsed":369,"timestamp":"2025-07-01T15:21:20.627Z"}
{"level":"info","message":"⌛ Building environment","timeElapsed":232,"timestamp":"2025-07-01T15:21:20.872Z"}
{"level":"info","message":"⌛ Building environment","timeElapsed":149,"timestamp":"2025-07-01T15:21:21.041Z"}
{"level":"info","message":"⌛ Validating mana.wlk","timeElapsed":291,"timestamp":"2025-07-01T15:21:21.332Z"}
{"level":"info","message":"⌛ Validating mana.wlk","timeElapsed":230,"timestamp":"2025-07-01T15:21:21.573Z"}
{"level":"info","message":"⌛ Building environment","timeElapsed":125,"timestamp":"2025-07-01T15:21:23.391Z"}
{"level":"info","message":"⌛ Validating mana.wlk","timeElapsed":171,"timestamp":"2025-07-01T15:21:23.563Z"}
{"level":"info","message":"⌛ Building environment","timeElapsed":101,"timestamp":"2025-07-01T15:21:23.879Z"}
{"level":"info","message":"⌛ Validating mana.wlk","timeElapsed":217,"timestamp":"2025-07-01T15:21:24.098Z"}
{"level":"info","message":"⌛ Building environment","timeElapsed":101,"timestamp":"2025-07-01T15:21:29.848Z"}
{"level":"info","message":"⌛ Validating mana.wlk","timeElapsed":159,"timestamp":"2025-07-01T15:21:30.022Z"}
{"level":"info","message":"⌛ Building environment","timeElapsed":110,"timestamp":"2025-07-01T15:21:31.202Z"}
{"level":"info","message":"⌛ Validating mana.wlk","timeElapsed":138,"timestamp":"2025-07-01T15:21:31.353Z"}
{"level":"info","message":"⌛ Validating mana.wlk","timeElapsed":150,"timestamp":"2025-07-01T15:21:31.689Z"}
{"level":"info","message":"⌛ Validating mana.wlk","timeElapsed":171,"timestamp":"2025-07-01T15:21:31.951Z"}
{"level":"info","message":"⌛ Validating mana.wlk","timeElapsed":149,"timestamp":"2025-07-01T15:21:32.110Z"}
{"level":"info","message":"⌛ Building environment","timeElapsed":104,"timestamp":"2025-07-01T15:21:32.215Z"}
{"level":"info","message":"⌛ Validating mana.wlk","timeElapsed":160,"timestamp":"2025-07-01T15:21:32.496Z"}
{"level":"info","message":"⌛ Validating mana.wlk","timeElapsed":154,"timestamp":"2025-07-01T15:21:32.741Z"}
{"level":"info","message":"⌛ Building environment","timeElapsed":130,"timestamp":"2025-07-01T15:21:32.959Z"}
{"level":"info","message":"⌛ Building environment","timeElapsed":101,"timestamp":"2025-07-01T15:21:33.062Z"}
{"level":"info","message":"⌛ Validating mana.wlk","timeElapsed":154,"timestamp":"2025-07-01T15:21:33.216Z"}
{"level":"info","message":"⌛ Building environment","timeElapsed":125,"timestamp":"2025-07-01T15:21:33.341Z"}
{"level":"info","message":"⌛ Validating mana.wlk","timeElapsed":166,"timestamp":"2025-07-01T15:21:33.524Z"}
{"level":"info","message":"⌛ Validating mana.wlk","timeElapsed":140,"timestamp":"2025-07-01T15:21:33.672Z"}
{"level":"info","message":"⌛ Validating mana.wlk","timeElapsed":170,"timestamp":"2025-07-01T15:21:33.843Z"}
{"level":"info","message":"⌛ Validating mana.wlk","timeElapsed":161,"timestamp":"2025-07-01T15:21:34.004Z"}
{"level":"info","message":"⌛ Building environment","timeElapsed":139,"timestamp":"2025-07-01T15:21:34.919Z"}
{"level":"info","message":"⌛ Validating mana.wlk","timeElapsed":241,"timestamp":"2025-07-01T15:21:35.248Z"}
{"level":"info","message":"⌛ Validating mana.wlk","timeElapsed":151,"timestamp":"2025-07-01T15:21:35.488Z"}
{"level":"info","message":"⌛ Validating mana.wlk","timeElapsed":147,"timestamp":"2025-07-01T15:21:35.726Z"}
{"level":"info","message":"⌛ Building environment","timeElapsed":102,"timestamp":"2025-07-01T15:21:35.839Z"}
{"level":"info","message":"⌛ Validating mana.wlk","timeElapsed":147,"timestamp":"2025-07-01T15:21:35.991Z"}
{"level":"info","message":"⌛ Validating mana.wlk","timeElapsed":155,"timestamp":"2025-07-01T15:21:36.335Z"}
{"level":"info","message":"⌛ Building environment","timeElapsed":103,"timestamp":"2025-07-01T15:21:36.613Z"}
{"level":"info","message":"⌛ Validating mana.wlk","timeElapsed":141,"timestamp":"2025-07-01T15:21:36.755Z"}
{"level":"info","message":"⌛ Validating mana.wlk","timeElapsed":125,"timestamp":"2025-07-01T15:21:36.881Z"}
{"level":"info","message":"⌛ Validating mana.wlk","timeElapsed":159,"timestamp":"2025-07-01T15:21:37.144Z"}
{"level":"info","message":"⌛ Validating mana.wlk","timeElapsed":151,"timestamp":"2025-07-01T15:21:37.305Z"}
{"level":"info","message":"⌛ Validating mana.wlk","timeElapsed":148,"timestamp":"2025-07-01T15:21:37.454Z"}
{"level":"info","message":"⌛ Validating mana.wlk","timeElapsed":152,"timestamp":"2025-07-01T15:21:37.607Z"}
{"exitCode":"SIGHUP","level":"info","message":"👾 Game executed main.ArcaneBastion on c:\\Users\\joaom\\Documents\\TPGameIntegrador-wollokers-group-main","timeElapsed":514455,"timestamp":"2025-07-01T15:21:49.372Z"}
{"level":"info","message":"🚀 Program executed \u001b[3m\u001b[34mmain.ArcaneBastion\u001b[39m\u001b[23m on \u001b[3m\u001b[34mc:\\Users\\joaom\\Documents\\TPGameIntegrador-wollokers-group-main\u001b[39m\u001b[23m","ok":true,"timeElapsed":615,"timestamp":"2025-07-01T15:21:53.059Z"}
{"exitCode":"SIGHUP","level":"info","message":"👾 Game executed main.ArcaneBastion on c:\\Users\\joaom\\Documents\\TPGameIntegrador-wollokers-group-main","timeElapsed":149402,"timestamp":"2025-07-01T15:24:21.844Z"}
{"level":"info","message":"🚀 Program executed \u001b[3m\u001b[34mmain.ArcaneBastion\u001b[39m\u001b[23m on \u001b[3m\u001b[34mc:\\Users\\joaom\\Documents\\TPGameIntegrador-wollokers-group-main\u001b[39m\u001b[23m","ok":true,"timeElapsed":631,"timestamp":"2025-07-01T15:24:24.228Z"}
{"exitCode":"SIGHUP","level":"info","message":"👾 Game executed main.ArcaneBastion on c:\\Users\\joaom\\Documents\\TPGameIntegrador-wollokers-group-main","timeElapsed":16826,"timestamp":"2025-07-01T15:24:40.423Z"}
{"level":"info","message":"🚀 Program executed \u001b[3m\u001b[34mmain.ArcaneBastion\u001b[39m\u001b[23m on \u001b[3m\u001b[34mc:\\Users\\joaom\\Documents\\TPGameIntegrador-wollokers-group-main\u001b[39m\u001b[23m","ok":true,"timeElapsed":648,"timestamp":"2025-07-01T15:24:43.007Z"}
{"exitCode":"SIGHUP","level":"info","message":"👾 Game executed main.ArcaneBastion on c:\\Users\\joaom\\Documents\\TPGameIntegrador-wollokers-group-main","timeElapsed":144236,"timestamp":"2025-07-01T15:27:06.595Z"}
{"level":"info","message":"🚀 Program executed \u001b[3m\u001b[34mmain.ArcaneBastion\u001b[39m\u001b[23m on \u001b[3m\u001b[34mc:\\Users\\joaom\\Documents\\TPGameIntegrador-wollokers-group-main\u001b[39m\u001b[23m","ok":true,"timeElapsed":689,"timestamp":"2025-07-01T15:27:10.299Z"}
{"level":"error","message":"✘ Failed to rebuild document Failed to parse niveles.wlk: \n-- PARSING FAILED --------------------------------------------------\n\n  54 |         keyboard.num4().onPressDo({magoProtagonista.cambiarTipoDeMagiaA(roca)}})\n  55 |     }\n> 56 | }\n     | ^\n\nExpected one of the following: \n\n' ', '@', 'class', 'const', 'describe', 'mixin', 'object', 'only', 'package', 'program', 'test', 'var', '{', EOF, comment, not \"}\", whitespace\n","stack":"Error: Failed to parse niveles.wlk: \n-- PARSING FAILED --------------------------------------------------\n\n  54 |         keyboard.num4().onPressDo({magoProtagonista.cambiarTipoDeMagiaA(roca)}})\n  55 |     }\n> 56 | }\n     | ^\n\nExpected one of the following: \n\n' ', '@', 'class', 'const', 'describe', 'mixin', 'object', 'only', 'package', 'program', 'test', 'var', '{', EOF, comment, not \"}\", whitespace\n\n    at c:\\Users\\joaom\\.vscode\\extensions\\uqbar.wollok-lsp-ide-0.5.2\\out\\server\\src\\server.js:2326:13026\n    at Array.map (<anonymous>)\n    at D1n (c:\\Users\\joaom\\.vscode\\extensions\\uqbar.wollok-lsp-ide-0.5.2\\out\\server\\src\\server.js:2326:12950)\n    at W2.buildEnvironmentFrom (c:\\Users\\joaom\\.vscode\\extensions\\uqbar.wollok-lsp-ide-0.5.2\\out\\server\\src\\server.js:2371:5254)\n    at W2.updateEnvironmentWith (c:\\Users\\joaom\\.vscode\\extensions\\uqbar.wollok-lsp-ide-0.5.2\\out\\server\\src\\server.js:2371:4989)\n    at GF (c:\\Users\\joaom\\.vscode\\extensions\\uqbar.wollok-lsp-ide-0.5.2\\out\\server\\src\\server.js:2371:7383)\n    at L3.invoke (c:\\Users\\joaom\\.vscode\\extensions\\uqbar.wollok-lsp-ide-0.5.2\\out\\server\\src\\server.js:3:157326)\n    at o.fire (c:\\Users\\joaom\\.vscode\\extensions\\uqbar.wollok-lsp-ide-0.5.2\\out\\server\\src\\server.js:3:158096)\n    at c:\\Users\\joaom\\.vscode\\extensions\\uqbar.wollok-lsp-ide-0.5.2\\out\\server\\src\\server.js:37:57871\n    at Kr (c:\\Users\\joaom\\.vscode\\extensions\\uqbar.wollok-lsp-ide-0.5.2\\out\\server\\src\\server.js:8:1561)","timestamp":"2025-07-01T15:27:50.655Z"}
{"level":"info","message":"⌛ Building environment","timeElapsed":154,"timestamp":"2025-07-01T15:28:14.933Z"}
{"level":"info","message":"⌛ Validating niveles.wlk","timeElapsed":219,"timestamp":"2025-07-01T15:28:15.158Z"}
{"exitCode":"SIGHUP","level":"info","message":"👾 Game executed main.ArcaneBastion on c:\\Users\\joaom\\Documents\\TPGameIntegrador-wollokers-group-main","timeElapsed":68775,"timestamp":"2025-07-01T15:28:18.380Z"}
{"errors":{"errors":[null,["/*\r","HACER MANA \r","object mana {\r","const manaInicial = 100\r","var property mana = manaInicial\r","method position() = new MutablePosition(x = 7, y = 5)\r","method sumarMana() { self.mana(mana + 5 + administradorDeMagos.magos().map({mago => mago.valorAgregado()}).sum())} // preguntar que opina fede | posiblemente se cambie para la presentacion del concurso\r","method restarMana(manaARestar) { if (mana>manaARestar) self.mana(mana - manaARestar) else mana=0 }\r","// Métodos para mostrar el puntaje\r","method text() = mana.toString() + \"💧\"\r","method textColor() = \"#FA0770\"\r","// Método de reset\r","method reset() {\r","mana = manaInicial\r","}\r","method recibeDanioMago(danio,enemigo){}\r","}\r"]]},"level":"error","message":"✘ Failed to get type description: Error: {\n  \"errors\": [\n    null,\n    [\n      \"/*\\r\",\n      \"HACER MANA \\r\",\n      \"object mana {\\r\",\n      \"const manaInicial = 100\\r\",\n      \"var property mana = manaInicial\\r\",\n      \"method position() = new MutablePosition(x = 7, y = 5)\\r\",\n      \"method sumarMana() { self.mana(mana + 5 + administradorDeMagos.magos().map({mago => mago.valorAgregado()}).sum())} // preguntar que opina fede | posiblemente se cambie para la presentacion del concurso\\r\",\n      \"method restarMana(manaARestar) { if (mana>manaARestar) self.mana(mana - manaARestar) else mana=0 }\\r\",\n      \"// Métodos para mostrar el puntaje\\r\",\n      \"method text() = mana.toString() + \\\"💧\\\"\\r\",\n      \"method textColor() = \\\"#FA0770\\\"\\r\",\n      \"// Método de reset\\r\",\n      \"method reset() {\\r\",\n      \"mana = manaInicial\\r\",\n      \"}\\r\",\n      \"method recibeDanioMago(danio,enemigo){}\\r\",\n      \"}\\r\"\n    ]\n  ]\n} {\n  \"errors\": [\n    null,\n    [\n      \"/*\\r\",\n      \"HACER MANA \\r\",\n      \"object mana {\\r\",\n      \"const manaInicial = 100\\r\",\n      \"var property mana = manaInicial\\r\",\n      \"method position() = new MutablePosition(x = 7, y = 5)\\r\",\n      \"method sumarMana() { self.mana(mana + 5 + administradorDeMagos.magos().map({mago => mago.valorAgregado()}).sum())} // preguntar que opina fede | posiblemente se cambie para la presentacion del concurso\\r\",\n      \"method restarMana(manaARestar) { if (mana>manaARestar) self.mana(mana - manaARestar) else mana=0 }\\r\",\n      \"// Métodos para mostrar el puntaje\\r\",\n      \"method text() = mana.toString() + \\\"💧\\\"\\r\",\n      \"method textColor() = \\\"#FA0770\\\"\\r\",\n      \"// Método de reset\\r\",\n      \"method reset() {\\r\",\n      \"mana = manaInicial\\r\",\n      \"}\\r\",\n      \"method recibeDanioMago(danio,enemigo){}\\r\",\n      \"}\\r\"\n    ]\n  ]\n}","stack":"Error: {\n  \"errors\": [\n    null,\n    [\n      \"/*\\r\",\n      \"HACER MANA \\r\",\n      \"object mana {\\r\",\n      \"const manaInicial = 100\\r\",\n      \"var property mana = manaInicial\\r\",\n      \"method position() = new MutablePosition(x = 7, y = 5)\\r\",\n      \"method sumarMana() { self.mana(mana + 5 + administradorDeMagos.magos().map({mago => mago.valorAgregado()}).sum())} // preguntar que opina fede | posiblemente se cambie para la presentacion del concurso\\r\",\n      \"method restarMana(manaARestar) { if (mana>manaARestar) self.mana(mana - manaARestar) else mana=0 }\\r\",\n      \"// Métodos para mostrar el puntaje\\r\",\n      \"method text() = mana.toString() + \\\"💧\\\"\\r\",\n      \"method textColor() = \\\"#FA0770\\\"\\r\",\n      \"// Método de reset\\r\",\n      \"method reset() {\\r\",\n      \"mana = manaInicial\\r\",\n      \"}\\r\",\n      \"method recibeDanioMago(danio,enemigo){}\\r\",\n      \"}\\r\"\n    ]\n  ]\n}\n    at pS (c:\\Users\\joaom\\.vscode\\extensions\\uqbar.wollok-lsp-ide-0.5.2\\out\\server\\src\\server.js:64:34609)\n    at G1 (c:\\Users\\joaom\\.vscode\\extensions\\uqbar.wollok-lsp-ide-0.5.2\\out\\server\\src\\server.js:64:34682)\n    at c:\\Users\\joaom\\.vscode\\extensions\\uqbar.wollok-lsp-ide-0.5.2\\out\\server\\src\\server.js:64:37949\n    at o.v1 (c:\\Users\\joaom\\.vscode\\extensions\\uqbar.wollok-lsp-ide-0.5.2\\out\\server\\src\\server.js:57:57694)\n    at c:\\Users\\joaom\\.vscode\\extensions\\uqbar.wollok-lsp-ide-0.5.2\\out\\server\\src\\server.js:64:37918\n    at c:\\Users\\joaom\\.vscode\\extensions\\uqbar.wollok-lsp-ide-0.5.2\\out\\server\\src\\server.js:57:55734\n    at Ofn (c:\\Users\\joaom\\.vscode\\extensions\\uqbar.wollok-lsp-ide-0.5.2\\out\\server\\src\\server.js:68:11441)\n    at c:\\Users\\joaom\\.vscode\\extensions\\uqbar.wollok-lsp-ide-0.5.2\\out\\server\\src\\server.js:68:3629\n    at jbn (c:\\Users\\joaom\\.vscode\\extensions\\uqbar.wollok-lsp-ide-0.5.2\\out\\server\\src\\server.js:68:3396)\n    at c:\\Users\\joaom\\.vscode\\extensions\\uqbar.wollok-lsp-ide-0.5.2\\out\\server\\src\\server.js:2371:847","timestamp":"2025-07-01T15:28:22.452Z"}
{"errors":{"errors":[null,["/*\r","que podria hacer para que cuando se apriete 1 el mago cambie \r","su tipo de magia a tipoHielo: y dispare y asi con los demas\r"]]},"level":"error","message":"✘ Failed to get type description: Error: {\n  \"errors\": [\n    null,\n    [\n      \"/*\\r\",\n      \"que podria hacer para que cuando se apriete 1 el mago cambie \\r\",\n      \"su tipo de magia a tipoHielo: y dispare y asi con los demas\\r\"\n    ]\n  ]\n} {\n  \"errors\": [\n    null,\n    [\n      \"/*\\r\",\n      \"que podria hacer para que cuando se apriete 1 el mago cambie \\r\",\n      \"su tipo de magia a tipoHielo: y dispare y asi con los demas\\r\"\n    ]\n  ]\n}","stack":"Error: {\n  \"errors\": [\n    null,\n    [\n      \"/*\\r\",\n      \"que podria hacer para que cuando se apriete 1 el mago cambie \\r\",\n      \"su tipo de magia a tipoHielo: y dispare y asi con los demas\\r\"\n    ]\n  ]\n}\n    at pS (c:\\Users\\joaom\\.vscode\\extensions\\uqbar.wollok-lsp-ide-0.5.2\\out\\server\\src\\server.js:64:34609)\n    at G1 (c:\\Users\\joaom\\.vscode\\extensions\\uqbar.wollok-lsp-ide-0.5.2\\out\\server\\src\\server.js:64:34682)\n    at c:\\Users\\joaom\\.vscode\\extensions\\uqbar.wollok-lsp-ide-0.5.2\\out\\server\\src\\server.js:64:37949\n    at o.v1 (c:\\Users\\joaom\\.vscode\\extensions\\uqbar.wollok-lsp-ide-0.5.2\\out\\server\\src\\server.js:57:57694)\n    at c:\\Users\\joaom\\.vscode\\extensions\\uqbar.wollok-lsp-ide-0.5.2\\out\\server\\src\\server.js:64:37918\n    at c:\\Users\\joaom\\.vscode\\extensions\\uqbar.wollok-lsp-ide-0.5.2\\out\\server\\src\\server.js:57:55734\n    at Ofn (c:\\Users\\joaom\\.vscode\\extensions\\uqbar.wollok-lsp-ide-0.5.2\\out\\server\\src\\server.js:68:11324)\n    at c:\\Users\\joaom\\.vscode\\extensions\\uqbar.wollok-lsp-ide-0.5.2\\out\\server\\src\\server.js:68:3629\n    at Array.map (<anonymous>)\n    at c:\\Users\\joaom\\.vscode\\extensions\\uqbar.wollok-lsp-ide-0.5.2\\out\\server\\src\\server.js:68:4693","timestamp":"2025-07-01T15:28:22.834Z"}
{"errors":{"errors":[null,["/*\r","que podria hacer para que cuando se apriete 1 el mago cambie \r","su tipo de magia a tipoHielo: y dispare y asi con los demas\r"]]},"level":"error","message":"✘ Failed to get type description: Error: {\n  \"errors\": [\n    null,\n    [\n      \"/*\\r\",\n      \"que podria hacer para que cuando se apriete 1 el mago cambie \\r\",\n      \"su tipo de magia a tipoHielo: y dispare y asi con los demas\\r\"\n    ]\n  ]\n} {\n  \"errors\": [\n    null,\n    [\n      \"/*\\r\",\n      \"que podria hacer para que cuando se apriete 1 el mago cambie \\r\",\n      \"su tipo de magia a tipoHielo: y dispare y asi con los demas\\r\"\n    ]\n  ]\n}","stack":"Error: {\n  \"errors\": [\n    null,\n    [\n      \"/*\\r\",\n      \"que podria hacer para que cuando se apriete 1 el mago cambie \\r\",\n      \"su tipo de magia a tipoHielo: y dispare y asi con los demas\\r\"\n    ]\n  ]\n}\n    at pS (c:\\Users\\joaom\\.vscode\\extensions\\uqbar.wollok-lsp-ide-0.5.2\\out\\server\\src\\server.js:64:34609)\n    at G1 (c:\\Users\\joaom\\.vscode\\extensions\\uqbar.wollok-lsp-ide-0.5.2\\out\\server\\src\\server.js:64:34682)\n    at c:\\Users\\joaom\\.vscode\\extensions\\uqbar.wollok-lsp-ide-0.5.2\\out\\server\\src\\server.js:64:37949\n    at o.v1 (c:\\Users\\joaom\\.vscode\\extensions\\uqbar.wollok-lsp-ide-0.5.2\\out\\server\\src\\server.js:57:57694)\n    at c:\\Users\\joaom\\.vscode\\extensions\\uqbar.wollok-lsp-ide-0.5.2\\out\\server\\src\\server.js:64:37918\n    at c:\\Users\\joaom\\.vscode\\extensions\\uqbar.wollok-lsp-ide-0.5.2\\out\\server\\src\\server.js:57:55734\n    at Ofn (c:\\Users\\joaom\\.vscode\\extensions\\uqbar.wollok-lsp-ide-0.5.2\\out\\server\\src\\server.js:68:11324)\n    at c:\\Users\\joaom\\.vscode\\extensions\\uqbar.wollok-lsp-ide-0.5.2\\out\\server\\src\\server.js:68:3629\n    at Array.map (<anonymous>)\n    at c:\\Users\\joaom\\.vscode\\extensions\\uqbar.wollok-lsp-ide-0.5.2\\out\\server\\src\\server.js:68:4693","timestamp":"2025-07-01T15:28:23.965Z"}
{"level":"info","message":"⌛ Building environment","timeElapsed":106,"timestamp":"2025-07-01T15:28:29.853Z"}
{"level":"error","message":"✘ Completions for node Send ([54:36, 54:75] - niveles.wlk) failed: Error: [Send]{2050bb} at niveles.wlk:54 exhausted all cases without a match [Send]{2050bb} at niveles.wlk:54 exhausted all cases without a match","stack":"Error: [Send]{2050bb} at niveles.wlk:54 exhausted all cases without a match\n    at c:\\Users\\joaom\\.vscode\\extensions\\uqbar.wollok-lsp-ide-0.5.2\\out\\server\\src\\server.js:38:6142\n    at C2 (c:\\Users\\joaom\\.vscode\\extensions\\uqbar.wollok-lsp-ide-0.5.2\\out\\server\\src\\server.js:2362:42)\n    at Gh (c:\\Users\\joaom\\.vscode\\extensions\\uqbar.wollok-lsp-ide-0.5.2\\out\\server\\src\\server.js:2362:1092)\n    at l8n (c:\\Users\\joaom\\.vscode\\extensions\\uqbar.wollok-lsp-ide-0.5.2\\out\\server\\src\\server.js:2362:1248)\n    at c:\\Users\\joaom\\.vscode\\extensions\\uqbar.wollok-lsp-ide-0.5.2\\out\\server\\src\\server.js:38:6131\n    at C2 (c:\\Users\\joaom\\.vscode\\extensions\\uqbar.wollok-lsp-ide-0.5.2\\out\\server\\src\\server.js:2362:42)\n    at c:\\Users\\joaom\\.vscode\\extensions\\uqbar.wollok-lsp-ide-0.5.2\\out\\server\\src\\server.js:2362:2988\n    at c:\\Users\\joaom\\.vscode\\extensions\\uqbar.wollok-lsp-ide-0.5.2\\out\\server\\src\\server.js:2371:8440\n    at c:\\Users\\joaom\\.vscode\\extensions\\uqbar.wollok-lsp-ide-0.5.2\\out\\server\\src\\server.js:37:74872\n    at Ye (c:\\Users\\joaom\\.vscode\\extensions\\uqbar.wollok-lsp-ide-0.5.2\\out\\server\\src\\server.js:7:8527)","timestamp":"2025-07-01T15:28:29.915Z"}
{"level":"error","message":"✘ Completions for node Return (undefined - niveles.wlk) failed: Error: [Return]{5e42b3} at niveles.wlk:-- exhausted all cases without a match [Return]{5e42b3} at niveles.wlk:-- exhausted all cases without a match","stack":"Error: [Return]{5e42b3} at niveles.wlk:-- exhausted all cases without a match\n    at c:\\Users\\joaom\\.vscode\\extensions\\uqbar.wollok-lsp-ide-0.5.2\\out\\server\\src\\server.js:38:6142\n    at C2 (c:\\Users\\joaom\\.vscode\\extensions\\uqbar.wollok-lsp-ide-0.5.2\\out\\server\\src\\server.js:2362:42)\n    at Gh (c:\\Users\\joaom\\.vscode\\extensions\\uqbar.wollok-lsp-ide-0.5.2\\out\\server\\src\\server.js:2362:1092)\n    at C2 (c:\\Users\\joaom\\.vscode\\extensions\\uqbar.wollok-lsp-ide-0.5.2\\out\\server\\src\\server.js:2362:544)\n    at Gh (c:\\Users\\joaom\\.vscode\\extensions\\uqbar.wollok-lsp-ide-0.5.2\\out\\server\\src\\server.js:2362:1092)\n    at l8n (c:\\Users\\joaom\\.vscode\\extensions\\uqbar.wollok-lsp-ide-0.5.2\\out\\server\\src\\server.js:2362:1248)\n    at c:\\Users\\joaom\\.vscode\\extensions\\uqbar.wollok-lsp-ide-0.5.2\\out\\server\\src\\server.js:38:6131\n    at C2 (c:\\Users\\joaom\\.vscode\\extensions\\uqbar.wollok-lsp-ide-0.5.2\\out\\server\\src\\server.js:2362:42)\n    at c:\\Users\\joaom\\.vscode\\extensions\\uqbar.wollok-lsp-ide-0.5.2\\out\\server\\src\\server.js:2362:2988\n    at c:\\Users\\joaom\\.vscode\\extensions\\uqbar.wollok-lsp-ide-0.5.2\\out\\server\\src\\server.js:2371:8440","timestamp":"2025-07-01T15:28:29.916Z"}
{"level":"info","message":"⌛ Validating niveles.wlk","timeElapsed":134,"timestamp":"2025-07-01T15:28:30.053Z"}
{"level":"info","message":"⌛ Building environment","timeElapsed":103,"timestamp":"2025-07-01T15:28:30.208Z"}
{"level":"info","message":"⌛ Validating niveles.wlk","timeElapsed":188,"timestamp":"2025-07-01T15:28:30.505Z"}
{"level":"info","message":"⌛ Validating niveles.wlk","timeElapsed":120,"timestamp":"2025-07-01T15:28:30.625Z"}
{"level":"info","message":"⌛ Building environment","timeElapsed":101,"timestamp":"2025-07-01T15:28:30.818Z"}
{"level":"info","message":"⌛ Building environment","timeElapsed":110,"timestamp":"2025-07-01T15:28:30.942Z"}
{"level":"info","message":"⌛ Validating niveles.wlk","timeElapsed":160,"timestamp":"2025-07-01T15:28:31.103Z"}
{"level":"info","message":"⌛ Validating niveles.wlk","timeElapsed":122,"timestamp":"2025-07-01T15:28:31.232Z"}
{"level":"info","message":"⌛ Validating niveles.wlk","timeElapsed":133,"timestamp":"2025-07-01T15:28:31.373Z"}
{"level":"info","message":"⌛ Building environment","timeElapsed":125,"timestamp":"2025-07-01T15:28:31.499Z"}
{"level":"info","message":"⌛ Validating niveles.wlk","timeElapsed":122,"timestamp":"2025-07-01T15:28:31.677Z"}
{"level":"info","message":"🚀 Program executed \u001b[3m\u001b[34mmain.ArcaneBastion\u001b[39m\u001b[23m on \u001b[3m\u001b[34mc:\\Users\\joaom\\Documents\\TPGameIntegrador-wollokers-group-main\u001b[39m\u001b[23m","ok":true,"timeElapsed":637,"timestamp":"2025-07-01T15:28:41.421Z"}
{"level":"info","message":"⌛ Building environment","timeElapsed":301,"timestamp":"2025-07-01T15:29:38.113Z"}
{"level":"info","message":"⌛ Validating administradorDeEnemigos.wlk","timeElapsed":267,"timestamp":"2025-07-01T15:29:38.508Z"}
{"errors":{"errors":[null,["/* =======================================\r","Clase Linea: representa cada fila lógica\r"]]},"level":"error","message":"✘ Failed to get type description: Error: {\n  \"errors\": [\n    null,\n    [\n      \"/* =======================================\\r\",\n      \"Clase Linea: representa cada fila lógica\\r\"\n    ]\n  ]\n} {\n  \"errors\": [\n    null,\n    [\n      \"/* =======================================\\r\",\n      \"Clase Linea: representa cada fila lógica\\r\"\n    ]\n  ]\n}","stack":"Error: {\n  \"errors\": [\n    null,\n    [\n      \"/* =======================================\\r\",\n      \"Clase Linea: representa cada fila lógica\\r\"\n    ]\n  ]\n}\n    at pS (c:\\Users\\joaom\\.vscode\\extensions\\uqbar.wollok-lsp-ide-0.5.2\\out\\server\\src\\server.js:64:34609)\n    at G1 (c:\\Users\\joaom\\.vscode\\extensions\\uqbar.wollok-lsp-ide-0.5.2\\out\\server\\src\\server.js:64:34682)\n    at c:\\Users\\joaom\\.vscode\\extensions\\uqbar.wollok-lsp-ide-0.5.2\\out\\server\\src\\server.js:64:37949\n    at o.v1 (c:\\Users\\joaom\\.vscode\\extensions\\uqbar.wollok-lsp-ide-0.5.2\\out\\server\\src\\server.js:57:57694)\n    at c:\\Users\\joaom\\.vscode\\extensions\\uqbar.wollok-lsp-ide-0.5.2\\out\\server\\src\\server.js:64:37918\n    at c:\\Users\\joaom\\.vscode\\extensions\\uqbar.wollok-lsp-ide-0.5.2\\out\\server\\src\\server.js:57:55734\n    at Ofn (c:\\Users\\joaom\\.vscode\\extensions\\uqbar.wollok-lsp-ide-0.5.2\\out\\server\\src\\server.js:68:11324)\n    at c:\\Users\\joaom\\.vscode\\extensions\\uqbar.wollok-lsp-ide-0.5.2\\out\\server\\src\\server.js:68:3629\n    at Array.map (<anonymous>)\n    at c:\\Users\\joaom\\.vscode\\extensions\\uqbar.wollok-lsp-ide-0.5.2\\out\\server\\src\\server.js:68:4693","timestamp":"2025-07-01T15:29:39.846Z"}
{"level":"info","message":"⌛ Validating administradorDeHechizos.wlk","timeElapsed":149,"timestamp":"2025-07-01T15:29:43.392Z"}
{"level":"info","message":"⌛ Building environment","timeElapsed":103,"timestamp":"2025-07-01T15:29:43.681Z"}
{"level":"info","message":"⌛ Validating administradorDeHechizos.wlk","timeElapsed":149,"timestamp":"2025-07-01T15:29:43.843Z"}
{"level":"error","message":"✘ Failed to rebuild document Failed to parse administradorDeHechizos.wlk: \n-- PARSING FAILED --------------------------------------------------\n\n  55 |         nombreHechizo = 0\n  56 |         hechizos = []\n> 57 |     }\n     |     ^\n  58 | }\n  59 | \n\nExpected one of the following: \n\n'@', 'class', 'const', 'describe', 'mixin', 'object', 'only', 'package', 'program', 'test', 'var', '{', EOF, comment, not \"}\n\", whitespace\n","stack":"Error: Failed to parse administradorDeHechizos.wlk: \n-- PARSING FAILED --------------------------------------------------\n\n  55 |         nombreHechizo = 0\n  56 |         hechizos = []\n> 57 |     }\n     |     ^\n  58 | }\n  59 | \n\nExpected one of the following: \n\n'@', 'class', 'const', 'describe', 'mixin', 'object', 'only', 'package', 'program', 'test', 'var', '{', EOF, comment, not \"}\n\", whitespace\n\n    at c:\\Users\\joaom\\.vscode\\extensions\\uqbar.wollok-lsp-ide-0.5.2\\out\\server\\src\\server.js:2326:13026\n    at Array.map (<anonymous>)\n    at D1n (c:\\Users\\joaom\\.vscode\\extensions\\uqbar.wollok-lsp-ide-0.5.2\\out\\server\\src\\server.js:2326:12950)\n    at W2.buildEnvironmentFrom (c:\\Users\\joaom\\.vscode\\extensions\\uqbar.wollok-lsp-ide-0.5.2\\out\\server\\src\\server.js:2371:5254)\n    at W2.updateEnvironmentWith (c:\\Users\\joaom\\.vscode\\extensions\\uqbar.wollok-lsp-ide-0.5.2\\out\\server\\src\\server.js:2371:4989)\n    at GF (c:\\Users\\joaom\\.vscode\\extensions\\uqbar.wollok-lsp-ide-0.5.2\\out\\server\\src\\server.js:2371:7383)\n    at L3.invoke (c:\\Users\\joaom\\.vscode\\extensions\\uqbar.wollok-lsp-ide-0.5.2\\out\\server\\src\\server.js:3:157326)\n    at o.fire (c:\\Users\\joaom\\.vscode\\extensions\\uqbar.wollok-lsp-ide-0.5.2\\out\\server\\src\\server.js:3:158096)\n    at c:\\Users\\joaom\\.vscode\\extensions\\uqbar.wollok-lsp-ide-0.5.2\\out\\server\\src\\server.js:37:57871\n    at Kr (c:\\Users\\joaom\\.vscode\\extensions\\uqbar.wollok-lsp-ide-0.5.2\\out\\server\\src\\server.js:8:1561)","timestamp":"2025-07-01T15:29:43.849Z"}
{"level":"error","message":"✘ Failed to rebuild document Failed to parse administradorDeHechizos.wlk: \n-- PARSING FAILED --------------------------------------------------\n\n  55 |         nombreHechizo = 0\n  56 |         hechizos = []\n> 57 |     }\n     |     ^\n  58 | }\n  59 | \n\nExpected one of the following: \n\n'@', 'class', 'const', 'describe', 'mixin', 'object', 'only', 'package', 'program', 'test', 'var', '{', EOF, comment, not \"}\n\", whitespace\n","stack":"Error: Failed to parse administradorDeHechizos.wlk: \n-- PARSING FAILED --------------------------------------------------\n\n  55 |         nombreHechizo = 0\n  56 |         hechizos = []\n> 57 |     }\n     |     ^\n  58 | }\n  59 | \n\nExpected one of the following: \n\n'@', 'class', 'const', 'describe', 'mixin', 'object', 'only', 'package', 'program', 'test', 'var', '{', EOF, comment, not \"}\n\", whitespace\n\n    at c:\\Users\\joaom\\.vscode\\extensions\\uqbar.wollok-lsp-ide-0.5.2\\out\\server\\src\\server.js:2326:13026\n    at Array.map (<anonymous>)\n    at D1n (c:\\Users\\joaom\\.vscode\\extensions\\uqbar.wollok-lsp-ide-0.5.2\\out\\server\\src\\server.js:2326:12950)\n    at W2.buildEnvironmentFrom (c:\\Users\\joaom\\.vscode\\extensions\\uqbar.wollok-lsp-ide-0.5.2\\out\\server\\src\\server.js:2371:5254)\n    at W2.updateEnvironmentWith (c:\\Users\\joaom\\.vscode\\extensions\\uqbar.wollok-lsp-ide-0.5.2\\out\\server\\src\\server.js:2371:4989)\n    at GF (c:\\Users\\joaom\\.vscode\\extensions\\uqbar.wollok-lsp-ide-0.5.2\\out\\server\\src\\server.js:2371:7383)\n    at L3.invoke (c:\\Users\\joaom\\.vscode\\extensions\\uqbar.wollok-lsp-ide-0.5.2\\out\\server\\src\\server.js:3:157326)\n    at o.fire (c:\\Users\\joaom\\.vscode\\extensions\\uqbar.wollok-lsp-ide-0.5.2\\out\\server\\src\\server.js:3:158096)\n    at c:\\Users\\joaom\\.vscode\\extensions\\uqbar.wollok-lsp-ide-0.5.2\\out\\server\\src\\server.js:37:57871\n    at Kr (c:\\Users\\joaom\\.vscode\\extensions\\uqbar.wollok-lsp-ide-0.5.2\\out\\server\\src\\server.js:8:1561)","timestamp":"2025-07-01T15:29:43.995Z"}
{"level":"info","message":"⌛ Building environment","timeElapsed":111,"timestamp":"2025-07-01T15:29:44.361Z"}
{"level":"info","message":"⌛ Validating administradorDeHechizos.wlk","timeElapsed":121,"timestamp":"2025-07-01T15:29:44.482Z"}
{"level":"info","message":"⌛ Validating administradorDeHechizos.wlk","timeElapsed":123,"timestamp":"2025-07-01T15:29:45.487Z"}
{"level":"info","message":"⌛ Building environment","timeElapsed":132,"timestamp":"2025-07-01T15:29:45.623Z"}
{"level":"info","message":"⌛ Validating administradorDeHechizos.wlk","timeElapsed":146,"timestamp":"2025-07-01T15:29:45.769Z"}
{"level":"info","message":"⌛ Building environment","timeElapsed":175,"timestamp":"2025-07-01T15:29:46.633Z"}
{"level":"info","message":"⌛ Validating administradorDeHechizos.wlk","timeElapsed":152,"timestamp":"2025-07-01T15:29:46.801Z"}
{"level":"info","message":"⌛ Building environment","timeElapsed":153,"timestamp":"2025-07-01T15:29:46.956Z"}
{"level":"info","message":"⌛ Validating administradorDeHechizos.wlk","timeElapsed":165,"timestamp":"2025-07-01T15:29:47.207Z"}
{"level":"info","message":"⌛ Validating administradorDeHechizos.wlk","timeElapsed":132,"timestamp":"2025-07-01T15:29:47.346Z"}
{"level":"info","message":"⌛ Building environment","timeElapsed":162,"timestamp":"2025-07-01T15:29:47.510Z"}
{"level":"info","message":"⌛ Building environment","timeElapsed":125,"timestamp":"2025-07-01T15:29:47.904Z"}
{"level":"info","message":"⌛ Validating administradorDeHechizos.wlk","timeElapsed":203,"timestamp":"2025-07-01T15:29:48.186Z"}
{"level":"info","message":"⌛ Validating administradorDeHechizos.wlk","timeElapsed":116,"timestamp":"2025-07-01T15:29:48.303Z"}
{"level":"info","message":"⌛ Validating administradorDeHechizos.wlk","timeElapsed":125,"timestamp":"2025-07-01T15:29:48.526Z"}
{"level":"info","message":"⌛ Validating administradorDeHechizos.wlk","timeElapsed":119,"timestamp":"2025-07-01T15:29:48.646Z"}
{"level":"info","message":"⌛ Validating administradorDeHechizos.wlk","timeElapsed":122,"timestamp":"2025-07-01T15:29:48.842Z"}
{"level":"info","message":"⌛ Validating administradorDeHechizos.wlk","timeElapsed":153,"timestamp":"2025-07-01T15:29:49.000Z"}
{"level":"info","message":"⌛ Validating administradorDeHechizos.wlk","timeElapsed":132,"timestamp":"2025-07-01T15:29:49.234Z"}
{"level":"info","message":"⌛ Validating administradorDeHechizos.wlk","timeElapsed":129,"timestamp":"2025-07-01T15:29:49.457Z"}
{"level":"info","message":"⌛ Building environment","timeElapsed":147,"timestamp":"2025-07-01T15:29:49.671Z"}
{"level":"info","message":"⌛ Validating administradorDeHechizos.wlk","timeElapsed":151,"timestamp":"2025-07-01T15:29:49.823Z"}
{"level":"info","message":"⌛ Validating administradorDeHechizos.wlk","timeElapsed":118,"timestamp":"2025-07-01T15:29:49.954Z"}
{"level":"info","message":"⌛ Validating administradorDeHechizos.wlk","timeElapsed":109,"timestamp":"2025-07-01T15:29:50.240Z"}
{"level":"info","message":"⌛ Building environment","timeElapsed":147,"timestamp":"2025-07-01T15:29:50.389Z"}
{"level":"info","message":"⌛ Validating administradorDeHechizos.wlk","timeElapsed":133,"timestamp":"2025-07-01T15:29:50.535Z"}
{"level":"info","message":"⌛ Validating administradorDeHechizos.wlk","timeElapsed":120,"timestamp":"2025-07-01T15:29:50.662Z"}
{"level":"info","message":"⌛ Validating administradorDeHechizos.wlk","timeElapsed":117,"timestamp":"2025-07-01T15:29:50.868Z"}
{"level":"info","message":"⌛ Building environment","timeElapsed":175,"timestamp":"2025-07-01T15:29:51.044Z"}
{"level":"info","message":"⌛ Building environment","timeElapsed":113,"timestamp":"2025-07-01T15:29:51.157Z"}
{"level":"info","message":"⌛ Validating administradorDeHechizos.wlk","timeElapsed":149,"timestamp":"2025-07-01T15:29:51.307Z"}
{"level":"info","message":"⌛ Validating administradorDeHechizos.wlk","timeElapsed":134,"timestamp":"2025-07-01T15:29:51.612Z"}
{"level":"info","message":"⌛ Validating administradorDeHechizos.wlk","timeElapsed":201,"timestamp":"2025-07-01T15:29:51.815Z"}
{"level":"info","message":"⌛ Building environment","timeElapsed":101,"timestamp":"2025-07-01T15:29:51.918Z"}
{"level":"info","message":"⌛ Validating administradorDeHechizos.wlk","timeElapsed":127,"timestamp":"2025-07-01T15:29:52.225Z"}
{"level":"info","message":"⌛ Validating administradorDeHechizos.wlk","timeElapsed":172,"timestamp":"2025-07-01T15:29:52.398Z"}
{"level":"info","message":"⌛ Building environment","timeElapsed":104,"timestamp":"2025-07-01T15:29:52.503Z"}
{"level":"info","message":"⌛ Validating administradorDeHechizos.wlk","timeElapsed":129,"timestamp":"2025-07-01T15:29:52.807Z"}
{"level":"info","message":"⌛ Building environment","timeElapsed":184,"timestamp":"2025-07-01T15:29:52.992Z"}
{"level":"info","message":"⌛ Validating administradorDeHechizos.wlk","timeElapsed":137,"timestamp":"2025-07-01T15:29:53.129Z"}
{"level":"info","message":"⌛ Validating administradorDeHechizos.wlk","timeElapsed":122,"timestamp":"2025-07-01T15:29:53.252Z"}
{"level":"info","message":"⌛ Validating administradorDeHechizos.wlk","timeElapsed":129,"timestamp":"2025-07-01T15:29:53.546Z"}
{"level":"info","message":"⌛ Building environment","timeElapsed":163,"timestamp":"2025-07-01T15:29:53.711Z"}
{"level":"info","message":"⌛ Validating administradorDeHechizos.wlk","timeElapsed":139,"timestamp":"2025-07-01T15:29:53.851Z"}
{"level":"info","message":"⌛ Validating administradorDeHechizos.wlk","timeElapsed":124,"timestamp":"2025-07-01T15:29:53.976Z"}
{"level":"info","message":"⌛ Building environment","timeElapsed":144,"timestamp":"2025-07-01T15:29:54.121Z"}
{"level":"info","message":"⌛ Validating administradorDeHechizos.wlk","timeElapsed":135,"timestamp":"2025-07-01T15:29:54.436Z"}
{"level":"info","message":"⌛ Building environment","timeElapsed":170,"timestamp":"2025-07-01T15:29:54.621Z"}
{"level":"info","message":"⌛ Validating administradorDeHechizos.wlk","timeElapsed":136,"timestamp":"2025-07-01T15:29:54.757Z"}
{"level":"info","message":"⌛ Validating administradorDeHechizos.wlk","timeElapsed":124,"timestamp":"2025-07-01T15:29:54.890Z"}
{"level":"info","message":"⌛ Validating administradorDeHechizos.wlk","timeElapsed":133,"timestamp":"2025-07-01T15:29:55.111Z"}
{"level":"info","message":"⌛ Validating administradorDeHechizos.wlk","timeElapsed":121,"timestamp":"2025-07-01T15:29:55.313Z"}
{"level":"info","message":"⌛ Building environment","timeElapsed":101,"timestamp":"2025-07-01T15:29:55.503Z"}
{"level":"info","message":"⌛ Validating administradorDeHechizos.wlk","timeElapsed":136,"timestamp":"2025-07-01T15:29:55.647Z"}
{"level":"info","message":"⌛ Validating administradorDeHechizos.wlk","timeElapsed":121,"timestamp":"2025-07-01T15:29:55.768Z"}
{"level":"info","message":"⌛ Validating administradorDeHechizos.wlk","timeElapsed":123,"timestamp":"2025-07-01T15:29:55.991Z"}
{"level":"info","message":"⌛ Building environment","timeElapsed":157,"timestamp":"2025-07-01T15:29:56.230Z"}
{"level":"info","message":"⌛ Validating administradorDeHechizos.wlk","timeElapsed":144,"timestamp":"2025-07-01T15:29:56.375Z"}
{"level":"info","message":"⌛ Validating administradorDeHechizos.wlk","timeElapsed":122,"timestamp":"2025-07-01T15:29:56.742Z"}
{"level":"info","message":"⌛ Building environment","timeElapsed":185,"timestamp":"2025-07-01T15:29:56.938Z"}
{"level":"info","message":"⌛ Validating administradorDeHechizos.wlk","timeElapsed":137,"timestamp":"2025-07-01T15:29:57.157Z"}
{"level":"info","message":"⌛ Validating administradorDeHechizos.wlk","timeElapsed":127,"timestamp":"2025-07-01T15:29:57.437Z"}
{"level":"info","message":"⌛ Building environment","timeElapsed":210,"timestamp":"2025-07-01T15:29:57.649Z"}
{"level":"info","message":"⌛ Validating administradorDeHechizos.wlk","timeElapsed":130,"timestamp":"2025-07-01T15:29:57.780Z"}
{"level":"info","message":"⌛ Validating administradorDeHechizos.wlk","timeElapsed":126,"timestamp":"2025-07-01T15:29:57.906Z"}
{"level":"info","message":"⌛ Validating administradorDeHechizos.wlk","timeElapsed":111,"timestamp":"2025-07-01T15:29:58.026Z"}
{"level":"info","message":"⌛ Validating administradorDeHechizos.wlk","timeElapsed":129,"timestamp":"2025-07-01T15:29:58.236Z"}
{"level":"info","message":"⌛ Validating administradorDeHechizos.wlk","timeElapsed":126,"timestamp":"2025-07-01T15:29:58.364Z"}
{"level":"info","message":"⌛ Building environment","timeElapsed":146,"timestamp":"2025-07-01T15:29:58.520Z"}
{"level":"info","message":"⌛ Validating administradorDeHechizos.wlk","timeElapsed":148,"timestamp":"2025-07-01T15:29:58.749Z"}
{"level":"info","message":"⌛ Validating administradorDeHechizos.wlk","timeElapsed":113,"timestamp":"2025-07-01T15:29:58.862Z"}
{"level":"info","message":"⌛ Validating administradorDeHechizos.wlk","timeElapsed":126,"timestamp":"2025-07-01T15:29:58.993Z"}
{"level":"info","message":"⌛ Validating administradorDeHechizos.wlk","timeElapsed":120,"timestamp":"2025-07-01T15:29:59.112Z"}
{"level":"info","message":"⌛ Building environment","timeElapsed":113,"timestamp":"2025-07-01T15:29:59.226Z"}
{"level":"info","message":"⌛ Validating administradorDeHechizos.wlk","timeElapsed":113,"timestamp":"2025-07-01T15:29:59.339Z"}
{"level":"info","message":"⌛ Building environment","timeElapsed":167,"timestamp":"2025-07-01T15:29:59.679Z"}
{"level":"info","message":"⌛ Validating administradorDeHechizos.wlk","timeElapsed":131,"timestamp":"2025-07-01T15:29:59.812Z"}
{"level":"info","message":"⌛ Building environment","timeElapsed":174,"timestamp":"2025-07-01T15:30:00.347Z"}
{"level":"info","message":"⌛ Validating administradorDeHechizos.wlk","timeElapsed":134,"timestamp":"2025-07-01T15:30:00.481Z"}
{"level":"info","message":"⌛ Building environment","timeElapsed":122,"timestamp":"2025-07-01T15:30:00.603Z"}
{"level":"info","message":"⌛ Validating administradorDeHechizos.wlk","timeElapsed":124,"timestamp":"2025-07-01T15:30:00.909Z"}
{"level":"info","message":"⌛ Validating administradorDeHechizos.wlk","timeElapsed":115,"timestamp":"2025-07-01T15:30:01.035Z"}
{"level":"info","message":"⌛ Validating administradorDeHechizos.wlk","timeElapsed":278,"timestamp":"2025-07-01T15:30:01.318Z"}
{"level":"info","message":"⌛ Building environment","timeElapsed":137,"timestamp":"2025-07-01T15:30:01.455Z"}
{"level":"info","message":"⌛ Validating administradorDeHechizos.wlk","timeElapsed":132,"timestamp":"2025-07-01T15:30:01.588Z"}
{"level":"info","message":"⌛ Validating administradorDeHechizos.wlk","timeElapsed":120,"timestamp":"2025-07-01T15:30:01.716Z"}
{"level":"info","message":"⌛ Validating administradorDeHechizos.wlk","timeElapsed":131,"timestamp":"2025-07-01T15:30:01.925Z"}
{"level":"info","message":"⌛ Validating administradorDeHechizos.wlk","timeElapsed":115,"timestamp":"2025-07-01T15:30:02.046Z"}
{"level":"info","message":"⌛ Validating administradorDeHechizos.wlk","timeElapsed":115,"timestamp":"2025-07-01T15:30:02.160Z"}
{"level":"info","message":"⌛ Validating administradorDeHechizos.wlk","timeElapsed":170,"timestamp":"2025-07-01T15:30:02.362Z"}
{"level":"info","message":"⌛ Building environment","timeElapsed":101,"timestamp":"2025-07-01T15:30:02.463Z"}
{"level":"info","message":"⌛ Validating administradorDeHechizos.wlk","timeElapsed":139,"timestamp":"2025-07-01T15:30:02.686Z"}
{"level":"info","message":"⌛ Validating administradorDeHechizos.wlk","timeElapsed":109,"timestamp":"2025-07-01T15:30:02.795Z"}
{"level":"info","message":"⌛ Validating administradorDeHechizos.wlk","timeElapsed":182,"timestamp":"2025-07-01T15:30:03.048Z"}
{"level":"info","message":"⌛ Building environment","timeElapsed":124,"timestamp":"2025-07-01T15:30:03.172Z"}
{"level":"info","message":"⌛ Building environment","timeElapsed":110,"timestamp":"2025-07-01T15:30:03.283Z"}
{"level":"info","message":"⌛ Building environment","timeElapsed":169,"timestamp":"2025-07-01T15:30:03.719Z"}
{"level":"info","message":"⌛ Validating administradorDeHechizos.wlk","timeElapsed":141,"timestamp":"2025-07-01T15:30:03.861Z"}
{"level":"info","message":"⌛ Building environment","timeElapsed":116,"timestamp":"2025-07-01T15:30:03.978Z"}
{"level":"info","message":"⌛ Validating administradorDeHechizos.wlk","timeElapsed":121,"timestamp":"2025-07-01T15:30:04.266Z"}
{"level":"info","message":"⌛ Building environment","timeElapsed":187,"timestamp":"2025-07-01T15:30:04.621Z"}
{"level":"info","message":"⌛ Building environment","timeElapsed":140,"timestamp":"2025-07-01T15:30:04.762Z"}
{"level":"info","message":"⌛ Validating administradorDeHechizos.wlk","timeElapsed":133,"timestamp":"2025-07-01T15:30:05.167Z"}
{"level":"info","message":"⌛ Validating administradorDeHechizos.wlk","timeElapsed":123,"timestamp":"2025-07-01T15:30:05.291Z"}
{"level":"info","message":"⌛ Building environment","timeElapsed":167,"timestamp":"2025-07-01T15:30:05.458Z"}
{"level":"info","message":"⌛ Validating administradorDeHechizos.wlk","timeElapsed":120,"timestamp":"2025-07-01T15:30:05.588Z"}
{"level":"info","message":"⌛ Building environment","timeElapsed":204,"timestamp":"2025-07-01T15:30:05.795Z"}
{"level":"info","message":"⌛ Building environment","timeElapsed":158,"timestamp":"2025-07-01T15:30:05.953Z"}
{"level":"info","message":"⌛ Validating administradorDeHechizos.wlk","timeElapsed":141,"timestamp":"2025-07-01T15:30:06.184Z"}
{"level":"info","message":"⌛ Validating administradorDeHechizos.wlk","timeElapsed":131,"timestamp":"2025-07-01T15:30:06.646Z"}
{"level":"info","message":"⌛ Validating administradorDeHechizos.wlk","timeElapsed":129,"timestamp":"2025-07-01T15:30:06.948Z"}
{"level":"info","message":"⌛ Validating administradorDeHechizos.wlk","timeElapsed":115,"timestamp":"2025-07-01T15:30:07.064Z"}
{"level":"info","message":"⌛ Validating administradorDeHechizos.wlk","timeElapsed":159,"timestamp":"2025-07-01T15:30:07.314Z"}
{"level":"info","message":"⌛ Validating administradorDeHechizos.wlk","timeElapsed":144,"timestamp":"2025-07-01T15:30:07.459Z"}
{"level":"info","message":"⌛ Building environment","timeElapsed":101,"timestamp":"2025-07-01T15:30:07.571Z"}
{"level":"info","message":"⌛ Validating administradorDeHechizos.wlk","timeElapsed":144,"timestamp":"2025-07-01T15:30:07.722Z"}
{"level":"info","message":"⌛ Validating administradorDeHechizos.wlk","timeElapsed":149,"timestamp":"2025-07-01T15:30:07.871Z"}
{"level":"info","message":"⌛ Validating administradorDeHechizos.wlk","timeElapsed":139,"timestamp":"2025-07-01T15:30:08.016Z"}
{"level":"info","message":"⌛ Validating administradorDeHechizos.wlk","timeElapsed":139,"timestamp":"2025-07-01T15:30:08.247Z"}
{"level":"info","message":"⌛ Validating administradorDeHechizos.wlk","timeElapsed":161,"timestamp":"2025-07-01T15:30:08.408Z"}
{"level":"info","message":"⌛ Validating administradorDeHechizos.wlk","timeElapsed":143,"timestamp":"2025-07-01T15:30:08.690Z"}
{"level":"info","message":"⌛ Validating administradorDeHechizos.wlk","timeElapsed":156,"timestamp":"2025-07-01T15:30:08.947Z"}
{"level":"info","message":"⌛ Validating administradorDeHechizos.wlk","timeElapsed":122,"timestamp":"2025-07-01T15:30:09.070Z"}
{"level":"info","message":"⌛ Validating administradorDeHechizos.wlk","timeElapsed":132,"timestamp":"2025-07-01T15:30:09.288Z"}
{"level":"info","message":"⌛ Validating administradorDeHechizos.wlk","timeElapsed":143,"timestamp":"2025-07-01T15:30:09.433Z"}
{"level":"info","message":"⌛ Building environment","timeElapsed":113,"timestamp":"2025-07-01T15:30:09.546Z"}
{"level":"info","message":"⌛ Building environment","timeElapsed":149,"timestamp":"2025-07-01T15:30:09.877Z"}
{"level":"info","message":"⌛ Validating administradorDeHechizos.wlk","timeElapsed":123,"timestamp":"2025-07-01T15:30:10.001Z"}
{"level":"info","message":"⌛ Building environment","timeElapsed":298,"timestamp":"2025-07-01T15:30:10.299Z"}
{"level":"info","message":"⌛ Validating administradorDeHechizos.wlk","timeElapsed":113,"timestamp":"2025-07-01T15:30:10.589Z"}
{"level":"info","message":"⌛ Validating administradorDeHechizos.wlk","timeElapsed":118,"timestamp":"2025-07-01T15:30:10.794Z"}
{"level":"info","message":"⌛ Validating administradorDeHechizos.wlk","timeElapsed":114,"timestamp":"2025-07-01T15:30:10.909Z"}
{"level":"info","message":"⌛ Validating administradorDeHechizos.wlk","timeElapsed":116,"timestamp":"2025-07-01T15:30:11.187Z"}
{"level":"info","message":"⌛ Validating administradorDeHechizos.wlk","timeElapsed":107,"timestamp":"2025-07-01T15:30:11.295Z"}
{"level":"info","message":"⌛ Validating administradorDeHechizos.wlk","timeElapsed":109,"timestamp":"2025-07-01T15:30:11.496Z"}
{"level":"info","message":"⌛ Validating administradorDeHechizos.wlk","timeElapsed":113,"timestamp":"2025-07-01T15:30:11.609Z"}
{"level":"info","message":"⌛ Validating administradorDeHechizos.wlk","timeElapsed":118,"timestamp":"2025-07-01T15:30:11.991Z"}
{"level":"info","message":"⌛ Validating administradorDeHechizos.wlk","timeElapsed":118,"timestamp":"2025-07-01T15:30:12.194Z"}
{"level":"info","message":"⌛ Validating administradorDeHechizos.wlk","timeElapsed":118,"timestamp":"2025-07-01T15:30:12.476Z"}
{"level":"info","message":"⌛ Validating administradorDeHechizos.wlk","timeElapsed":120,"timestamp":"2025-07-01T15:30:12.683Z"}
{"level":"info","message":"⌛ Validating administradorDeHechizos.wlk","timeElapsed":105,"timestamp":"2025-07-01T15:30:12.799Z"}
{"level":"info","message":"⌛ Validating administradorDeHechizos.wlk","timeElapsed":117,"timestamp":"2025-07-01T15:30:12.994Z"}
{"level":"info","message":"⌛ Validating administradorDeHechizos.wlk","timeElapsed":111,"timestamp":"2025-07-01T15:30:13.291Z"}
{"level":"info","message":"⌛ Validating administradorDeHechizos.wlk","timeElapsed":121,"timestamp":"2025-07-01T15:30:13.665Z"}
{"level":"info","message":"⌛ Validating administradorDeHechizos.wlk","timeElapsed":108,"timestamp":"2025-07-01T15:30:14.105Z"}
{"level":"info","message":"⌛ Validating administradorDeHechizos.wlk","timeElapsed":118,"timestamp":"2025-07-01T15:30:14.388Z"}
{"level":"info","message":"⌛ Validating administradorDeHechizos.wlk","timeElapsed":193,"timestamp":"2025-07-01T15:30:14.582Z"}
{"level":"info","message":"⌛ Building environment","timeElapsed":158,"timestamp":"2025-07-01T15:30:14.740Z"}
{"level":"info","message":"⌛ Validating administradorDeHechizos.wlk","timeElapsed":157,"timestamp":"2025-07-01T15:30:14.921Z"}
{"level":"info","message":"⌛ Validating administradorDeHechizos.wlk","timeElapsed":109,"timestamp":"2025-07-01T15:30:15.326Z"}
{"level":"info","message":"⌛ Validating administradorDeHechizos.wlk","timeElapsed":127,"timestamp":"2025-07-01T15:30:15.540Z"}
{"level":"info","message":"⌛ Building environment","timeElapsed":426,"timestamp":"2025-07-01T15:30:15.973Z"}
{"level":"info","message":"⌛ Validating administradorDeHechizos.wlk","timeElapsed":135,"timestamp":"2025-07-01T15:30:16.109Z"}
{"level":"info","message":"⌛ Building environment","timeElapsed":368,"timestamp":"2025-07-01T15:30:16.478Z"}
{"level":"info","message":"⌛ Building environment","timeElapsed":102,"timestamp":"2025-07-01T15:30:16.582Z"}
{"level":"info","message":"⌛ Validating administradorDeHechizos.wlk","timeElapsed":127,"timestamp":"2025-07-01T15:30:16.709Z"}
{"level":"info","message":"⌛ Validating administradorDeHechizos.wlk","timeElapsed":134,"timestamp":"2025-07-01T15:30:16.925Z"}
{"level":"info","message":"⌛ Validating administradorDeHechizos.wlk","timeElapsed":105,"timestamp":"2025-07-01T15:30:17.041Z"}
{"level":"info","message":"⌛ Validating administradorDeHechizos.wlk","timeElapsed":134,"timestamp":"2025-07-01T15:30:17.333Z"}
{"level":"info","message":"⌛ Validating administradorDeHechizos.wlk","timeElapsed":132,"timestamp":"2025-07-01T15:30:17.627Z"}
{"level":"info","message":"⌛ Building environment","timeElapsed":115,"timestamp":"2025-07-01T15:30:17.814Z"}
{"level":"info","message":"⌛ Validating administradorDeHechizos.wlk","timeElapsed":132,"timestamp":"2025-07-01T15:30:17.946Z"}
{"level":"info","message":"⌛ Validating administradorDeHechizos.wlk","timeElapsed":117,"timestamp":"2025-07-01T15:30:18.063Z"}
{"level":"info","message":"⌛ Validating administradorDeHechizos.wlk","timeElapsed":122,"timestamp":"2025-07-01T15:30:18.351Z"}
{"level":"info","message":"⌛ Validating administradorDeHechizos.wlk","timeElapsed":106,"timestamp":"2025-07-01T15:30:18.629Z"}
{"level":"info","message":"⌛ Validating administradorDeHechizos.wlk","timeElapsed":115,"timestamp":"2025-07-01T15:30:18.745Z"}
{"level":"info","message":"⌛ Building environment","timeElapsed":151,"timestamp":"2025-07-01T15:30:18.896Z"}
{"level":"info","message":"⌛ Validating administradorDeHechizos.wlk","timeElapsed":126,"timestamp":"2025-07-01T15:30:19.024Z"}
{"level":"info","message":"⌛ Validating administradorDeHechizos.wlk","timeElapsed":102,"timestamp":"2025-07-01T15:30:19.132Z"}
{"level":"info","message":"⌛ Validating administradorDeHechizos.wlk","timeElapsed":106,"timestamp":"2025-07-01T15:30:19.239Z"}
{"level":"info","message":"⌛ Validating administradorDeHechizos.wlk","timeElapsed":113,"timestamp":"2025-07-01T15:30:19.352Z"}
{"level":"info","message":"⌛ Validating administradorDeHechizos.wlk","timeElapsed":107,"timestamp":"2025-07-01T15:30:19.460Z"}
{"level":"info","message":"⌛ Validating administradorDeHechizos.wlk","timeElapsed":106,"timestamp":"2025-07-01T15:30:19.566Z"}
{"level":"info","message":"⌛ Validating administradorDeHechizos.wlk","timeElapsed":119,"timestamp":"2025-07-01T15:30:19.764Z"}
{"level":"info","message":"⌛ Validating administradorDeHechizos.wlk","timeElapsed":113,"timestamp":"2025-07-01T15:30:19.950Z"}
{"level":"info","message":"⌛ Validating administradorDeHechizos.wlk","timeElapsed":110,"timestamp":"2025-07-01T15:30:20.142Z"}
{"level":"info","message":"⌛ Validating administradorDeHechizos.wlk","timeElapsed":109,"timestamp":"2025-07-01T15:30:20.251Z"}
{"level":"info","message":"⌛ Validating administradorDeHechizos.wlk","timeElapsed":103,"timestamp":"2025-07-01T15:30:20.355Z"}
{"level":"info","message":"⌛ Validating administradorDeHechizos.wlk","timeElapsed":104,"timestamp":"2025-07-01T15:30:20.458Z"}
{"level":"info","message":"⌛ Validating administradorDeHechizos.wlk","timeElapsed":105,"timestamp":"2025-07-01T15:30:20.572Z"}
{"level":"info","message":"⌛ Validating administradorDeHechizos.wlk","timeElapsed":110,"timestamp":"2025-07-01T15:30:20.781Z"}
{"level":"info","message":"⌛ Validating administradorDeHechizos.wlk","timeElapsed":132,"timestamp":"2025-07-01T15:30:20.993Z"}
{"level":"info","message":"⌛ Validating administradorDeHechizos.wlk","timeElapsed":121,"timestamp":"2025-07-01T15:30:21.192Z"}
{"level":"info","message":"⌛ Validating administradorDeHechizos.wlk","timeElapsed":130,"timestamp":"2025-07-01T15:30:21.406Z"}
{"level":"info","message":"⌛ Validating administradorDeHechizos.wlk","timeElapsed":121,"timestamp":"2025-07-01T15:30:21.607Z"}
{"level":"info","message":"⌛ Building environment","timeElapsed":110,"timestamp":"2025-07-01T15:30:21.798Z"}
{"level":"info","message":"⌛ Building environment","timeElapsed":131,"timestamp":"2025-07-01T15:30:22.009Z"}
{"level":"info","message":"⌛ Validating administradorDeHechizos.wlk","timeElapsed":118,"timestamp":"2025-07-01T15:30:22.127Z"}
{"level":"info","message":"⌛ Validating administradorDeHechizos.wlk","timeElapsed":119,"timestamp":"2025-07-01T15:30:22.504Z"}
{"level":"info","message":"⌛ Building environment","timeElapsed":101,"timestamp":"2025-07-01T15:30:22.679Z"}
{"level":"info","message":"⌛ Validating administradorDeHechizos.wlk","timeElapsed":115,"timestamp":"2025-07-01T15:30:22.795Z"}
{"level":"info","message":"⌛ Validating administradorDeHechizos.wlk","timeElapsed":116,"timestamp":"2025-07-01T15:30:23.089Z"}
{"level":"info","message":"⌛ Building environment","timeElapsed":163,"timestamp":"2025-07-01T15:30:23.253Z"}
{"level":"info","message":"⌛ Building environment","timeElapsed":102,"timestamp":"2025-07-01T15:30:23.357Z"}
{"level":"info","message":"⌛ Validating administradorDeHechizos.wlk","timeElapsed":111,"timestamp":"2025-07-01T15:30:23.469Z"}
{"level":"info","message":"⌛ Validating administradorDeHechizos.wlk","timeElapsed":106,"timestamp":"2025-07-01T15:30:23.575Z"}
{"level":"info","message":"⌛ Validating administradorDeHechizos.wlk","timeElapsed":185,"timestamp":"2025-07-01T15:30:24.017Z"}
{"level":"info","message":"⌛ Validating administradorDeHechizos.wlk","timeElapsed":143,"timestamp":"2025-07-01T15:30:24.160Z"}
{"level":"info","message":"⌛ Building environment","timeElapsed":129,"timestamp":"2025-07-01T15:30:24.318Z"}
{"level":"info","message":"⌛ Building environment","timeElapsed":213,"timestamp":"2025-07-01T15:30:24.532Z"}
{"level":"info","message":"⌛ Validating administradorDeHechizos.wlk","timeElapsed":235,"timestamp":"2025-07-01T15:30:24.769Z"}
{"level":"info","message":"⌛ Validating administradorDeHechizos.wlk","timeElapsed":148,"timestamp":"2025-07-01T15:30:24.999Z"}
{"level":"info","message":"⌛ Validating administradorDeHechizos.wlk","timeElapsed":183,"timestamp":"2025-07-01T15:30:25.451Z"}
{"level":"info","message":"⌛ Validating administradorDeHechizos.wlk","timeElapsed":423,"timestamp":"2025-07-01T15:30:25.875Z"}
{"level":"info","message":"⌛ Building environment","timeElapsed":129,"timestamp":"2025-07-01T15:30:26.025Z"}
{"level":"info","message":"⌛ Validating administradorDeHechizos.wlk","timeElapsed":147,"timestamp":"2025-07-01T15:30:26.172Z"}
{"level":"info","message":"⌛ Validating administradorDeHechizos.wlk","timeElapsed":337,"timestamp":"2025-07-01T15:30:26.614Z"}
{"level":"info","message":"⌛ Validating administradorDeHechizos.wlk","timeElapsed":193,"timestamp":"2025-07-01T15:30:26.835Z"}
{"level":"info","message":"⌛ Building environment","timeElapsed":304,"timestamp":"2025-07-01T15:30:27.140Z"}
{"level":"info","message":"⌛ Validating administradorDeHechizos.wlk","timeElapsed":307,"timestamp":"2025-07-01T15:30:27.456Z"}
{"level":"info","message":"⌛ Building environment","timeElapsed":200,"timestamp":"2025-07-01T15:30:27.657Z"}
{"level":"info","message":"⌛ Validating administradorDeHechizos.wlk","timeElapsed":187,"timestamp":"2025-07-01T15:30:27.846Z"}
{"level":"info","message":"⌛ Validating administradorDeHechizos.wlk","timeElapsed":153,"timestamp":"2025-07-01T15:30:28.010Z"}
{"level":"info","message":"⌛ Building environment","timeElapsed":168,"timestamp":"2025-07-01T15:30:28.178Z"}
{"level":"info","message":"⌛ Validating administradorDeHechizos.wlk","timeElapsed":172,"timestamp":"2025-07-01T15:30:28.350Z"}
{"level":"info","message":"⌛ Validating administradorDeHechizos.wlk","timeElapsed":165,"timestamp":"2025-07-01T15:30:28.515Z"}
{"level":"info","message":"⌛ Building environment","timeElapsed":104,"timestamp":"2025-07-01T15:30:28.619Z"}
{"level":"info","message":"⌛ Building environment","timeElapsed":113,"timestamp":"2025-07-01T15:30:28.733Z"}
{"level":"info","message":"⌛ Validating administradorDeHechizos.wlk","timeElapsed":151,"timestamp":"2025-07-01T15:30:28.884Z"}
{"level":"info","message":"⌛ Building environment","timeElapsed":115,"timestamp":"2025-07-01T15:30:28.999Z"}
{"level":"info","message":"⌛ Building environment","timeElapsed":123,"timestamp":"2025-07-01T15:30:29.125Z"}
{"level":"info","message":"⌛ Validating administradorDeHechizos.wlk","timeElapsed":222,"timestamp":"2025-07-01T15:30:29.349Z"}
{"level":"info","message":"⌛ Building environment","timeElapsed":160,"timestamp":"2025-07-01T15:30:29.510Z"}
{"level":"info","message":"⌛ Building environment","timeElapsed":121,"timestamp":"2025-07-01T15:30:29.632Z"}
{"level":"info","message":"⌛ Validating administradorDeHechizos.wlk","timeElapsed":150,"timestamp":"2025-07-01T15:30:29.782Z"}
{"level":"info","message":"⌛ Building environment","timeElapsed":116,"timestamp":"2025-07-01T15:30:29.899Z"}
{"level":"info","message":"⌛ Building environment","timeElapsed":107,"timestamp":"2025-07-01T15:30:30.007Z"}
{"level":"info","message":"⌛ Validating administradorDeHechizos.wlk","timeElapsed":194,"timestamp":"2025-07-01T15:30:30.202Z"}
{"level":"info","message":"⌛ Building environment","timeElapsed":102,"timestamp":"2025-07-01T15:30:30.304Z"}
{"level":"info","message":"⌛ Validating administradorDeHechizos.wlk","timeElapsed":131,"timestamp":"2025-07-01T15:30:30.436Z"}
{"level":"info","message":"⌛ Validating administradorDeHechizos.wlk","timeElapsed":140,"timestamp":"2025-07-01T15:30:30.664Z"}
{"level":"info","message":"⌛ Validating administradorDeHechizos.wlk","timeElapsed":137,"timestamp":"2025-07-01T15:30:30.802Z"}
{"level":"info","message":"⌛ Building environment","timeElapsed":104,"timestamp":"2025-07-01T15:30:30.915Z"}
{"level":"info","message":"⌛ Validating administradorDeHechizos.wlk","timeElapsed":137,"timestamp":"2025-07-01T15:30:31.053Z"}
{"level":"info","message":"⌛ Validating administradorDeHechizos.wlk","timeElapsed":124,"timestamp":"2025-07-01T15:30:31.177Z"}
{"level":"info","message":"⌛ Validating administradorDeHechizos.wlk","timeElapsed":136,"timestamp":"2025-07-01T15:30:31.313Z"}
{"level":"info","message":"⌛ Validating administradorDeHechizos.wlk","timeElapsed":133,"timestamp":"2025-07-01T15:30:31.543Z"}
{"level":"info","message":"⌛ Validating administradorDeHechizos.wlk","timeElapsed":129,"timestamp":"2025-07-01T15:30:31.769Z"}
{"level":"info","message":"⌛ Validating administradorDeHechizos.wlk","timeElapsed":121,"timestamp":"2025-07-01T15:30:32.078Z"}
{"level":"info","message":"⌛ Validating administradorDeHechizos.wlk","timeElapsed":133,"timestamp":"2025-07-01T15:30:32.211Z"}
{"level":"info","message":"⌛ Validating administradorDeHechizos.wlk","timeElapsed":131,"timestamp":"2025-07-01T15:30:32.527Z"}
{"level":"info","message":"⌛ Validating administradorDeHechizos.wlk","timeElapsed":126,"timestamp":"2025-07-01T15:30:32.663Z"}
{"level":"info","message":"⌛ Validating administradorDeHechizos.wlk","timeElapsed":118,"timestamp":"2025-07-01T15:30:32.782Z"}
{"level":"info","message":"⌛ Validating administradorDeHechizos.wlk","timeElapsed":137,"timestamp":"2025-07-01T15:30:32.919Z"}
{"level":"info","message":"⌛ Validating administradorDeHechizos.wlk","timeElapsed":129,"timestamp":"2025-07-01T15:30:33.052Z"}
{"level":"info","message":"⌛ Validating administradorDeHechizos.wlk","timeElapsed":200,"timestamp":"2025-07-01T15:30:33.253Z"}
{"level":"info","message":"⌛ Validating administradorDeHechizos.wlk","timeElapsed":159,"timestamp":"2025-07-01T15:30:33.412Z"}
{"level":"info","message":"⌛ Validating administradorDeHechizos.wlk","timeElapsed":132,"timestamp":"2025-07-01T15:30:33.544Z"}
{"level":"info","message":"⌛ Validating administradorDeHechizos.wlk","timeElapsed":137,"timestamp":"2025-07-01T15:30:33.682Z"}
{"level":"info","message":"⌛ Validating administradorDeHechizos.wlk","timeElapsed":132,"timestamp":"2025-07-01T15:30:33.814Z"}
{"level":"info","message":"⌛ Validating administradorDeHechizos.wlk","timeElapsed":138,"timestamp":"2025-07-01T15:30:33.952Z"}
{"level":"info","message":"⌛ Validating administradorDeHechizos.wlk","timeElapsed":130,"timestamp":"2025-07-01T15:30:34.083Z"}
{"level":"info","message":"⌛ Validating administradorDeHechizos.wlk","timeElapsed":151,"timestamp":"2025-07-01T15:30:34.235Z"}
{"level":"info","message":"⌛ Validating administradorDeHechizos.wlk","timeElapsed":137,"timestamp":"2025-07-01T15:30:34.373Z"}
{"level":"info","message":"⌛ Validating administradorDeHechizos.wlk","timeElapsed":127,"timestamp":"2025-07-01T15:30:34.501Z"}
{"level":"info","message":"⌛ Validating administradorDeHechizos.wlk","timeElapsed":151,"timestamp":"2025-07-01T15:30:34.653Z"}
{"level":"info","message":"⌛ Validating administradorDeHechizos.wlk","timeElapsed":151,"timestamp":"2025-07-01T15:30:34.805Z"}
{"level":"info","message":"⌛ Validating administradorDeHechizos.wlk","timeElapsed":143,"timestamp":"2025-07-01T15:30:34.948Z"}
{"level":"info","message":"⌛ Validating administradorDeHechizos.wlk","timeElapsed":152,"timestamp":"2025-07-01T15:30:35.101Z"}
{"level":"info","message":"⌛ Validating administradorDeHechizos.wlk","timeElapsed":183,"timestamp":"2025-07-01T15:30:35.284Z"}
{"level":"info","message":"⌛ Validating administradorDeHechizos.wlk","timeElapsed":140,"timestamp":"2025-07-01T15:30:35.424Z"}
{"level":"info","message":"⌛ Validating administradorDeHechizos.wlk","timeElapsed":119,"timestamp":"2025-07-01T15:30:35.543Z"}
{"level":"info","message":"⌛ Validating administradorDeHechizos.wlk","timeElapsed":109,"timestamp":"2025-07-01T15:30:35.652Z"}
{"level":"info","message":"⌛ Validating administradorDeHechizos.wlk","timeElapsed":107,"timestamp":"2025-07-01T15:30:35.760Z"}
{"level":"info","message":"⌛ Validating administradorDeHechizos.wlk","timeElapsed":109,"timestamp":"2025-07-01T15:30:35.869Z"}
{"level":"info","message":"⌛ Validating administradorDeHechizos.wlk","timeElapsed":104,"timestamp":"2025-07-01T15:30:35.974Z"}
{"level":"info","message":"⌛ Validating administradorDeHechizos.wlk","timeElapsed":103,"timestamp":"2025-07-01T15:30:36.078Z"}
{"level":"info","message":"⌛ Validating administradorDeHechizos.wlk","timeElapsed":107,"timestamp":"2025-07-01T15:30:36.185Z"}
{"level":"info","message":"⌛ Validating administradorDeHechizos.wlk","timeElapsed":104,"timestamp":"2025-07-01T15:30:36.290Z"}
{"level":"info","message":"⌛ Validating administradorDeHechizos.wlk","timeElapsed":107,"timestamp":"2025-07-01T15:30:36.396Z"}
{"level":"info","message":"⌛ Validating administradorDeHechizos.wlk","timeElapsed":115,"timestamp":"2025-07-01T15:30:36.511Z"}
{"level":"info","message":"⌛ Validating administradorDeHechizos.wlk","timeElapsed":110,"timestamp":"2025-07-01T15:30:36.622Z"}
{"level":"info","message":"⌛ Validating administradorDeHechizos.wlk","timeElapsed":106,"timestamp":"2025-07-01T15:30:36.727Z"}
{"exitCode":"SIGHUP","level":"info","message":"👾 Game executed main.ArcaneBastion on c:\\Users\\joaom\\Documents\\TPGameIntegrador-wollokers-group-main","timeElapsed":168337,"timestamp":"2025-07-01T15:31:29.120Z"}
{"level":"info","message":"🚀 Program executed \u001b[3m\u001b[34mmain.ArcaneBastion\u001b[39m\u001b[23m on \u001b[3m\u001b[34mc:\\Users\\joaom\\Documents\\TPGameIntegrador-wollokers-group-main\u001b[39m\u001b[23m","ok":true,"timeElapsed":585,"timestamp":"2025-07-01T15:31:31.587Z"}
{"exitCode":"SIGHUP","level":"info","message":"👾 Game executed main.ArcaneBastion on c:\\Users\\joaom\\Documents\\TPGameIntegrador-wollokers-group-main","timeElapsed":168200,"timestamp":"2025-07-01T15:34:19.201Z"}
{"level":"info","message":"🚀 Program executed \u001b[3m\u001b[34mmain.ArcaneBastion\u001b[39m\u001b[23m on \u001b[3m\u001b[34mc:\\Users\\joaom\\Documents\\TPGameIntegrador-wollokers-group-main\u001b[39m\u001b[23m","ok":true,"timeElapsed":599,"timestamp":"2025-07-01T15:34:21.570Z"}
{"level":"info","message":"⌛ Building environment","timeElapsed":368,"timestamp":"2025-07-01T15:50:41.098Z"}
{"level":"info","message":"⌛ Validating menu.wlk","timeElapsed":430,"timestamp":"2025-07-01T15:50:41.703Z"}
{"level":"info","message":"⌛ Building environment","timeElapsed":126,"timestamp":"2025-07-01T15:50:47.802Z"}
{"level":"info","message":"⌛ Validating niveles.wlk","timeElapsed":210,"timestamp":"2025-07-01T15:50:48.024Z"}
{"level":"error","message":"✘ Failed to get type description: Error: Failed to print, found malformed node Failed to print, found malformed node","node":{"fileName":"niveles.wlk","id":"59df19db-29ac-4b21-b2df-9a9697fba58b","imports":[{"entity":{"id":"ad74acf7-334f-4274-bfec-30a09cdb1655","metadata":[],"name":"administradorDeOleadas","scope":{"containerScope":{"containerScope":{"contributions":{},"includedScopes":[]},"contributions":{},"includedScopes":[]},"contributions":{},"includedScopes":[]},"sourceMap":{"end":{"column":30,"line":1,"offset":29},"start":{"column":8,"line":1,"offset":7}}},"id":"dcbadd42-c44c-43b7-80de-66dacee8c68b","isGeneric":true,"metadata":[],"scope":{"containerScope":{"contributions":{},"includedScopes":[]},"contributions":{},"includedScopes":[]},"sourceMap":{"end":{"column":32,"line":1,"offset":31},"start":{"column":1,"line":1,"offset":0}}},{"entity":{"id":"9d3e047c-de15-4521-a858-f3a248625a4c","metadata":[],"name":"enemigos","scope":{"containerScope":{"containerScope":{"contributions":{},"includedScopes":[]},"contributions":{},"includedScopes":[]},"contributions":{},"includedScopes":[]},"sourceMap":{"end":{"column":16,"line":2,"offset":48},"start":{"column":8,"line":2,"offset":40}}},"id":"51a33277-7113-4d14-baeb-b584c000c869","isGeneric":true,"metadata":[],"scope":{"containerScope":{"contributions":{},"includedScopes":[]},"contributions":{},"includedScopes":[]},"sourceMap":{"end":{"column":18,"line":2,"offset":50},"start":{"column":1,"line":2,"offset":33}}},{"entity":{"id":"10e837e0-0dcd-492c-8a58-f74f2e8ca4cc","metadata":[],"name":"menu","scope":{"containerScope":{"containerScope":{"contributions":{},"includedScopes":[]},"contributions":{},"includedScopes":[]},"contributions":{},"includedScopes":[]},"sourceMap":{"end":{"column":12,"line":3,"offset":63},"start":{"column":8,"line":3,"offset":59}}},"id":"6f18b162-a352-4490-af01-c0ea19d495c1","isGeneric":true,"metadata":[],"scope":{"containerScope":{"contributions":{},"includedScopes":[]},"contributions":{},"includedScopes":[]},"sourceMap":{"end":{"column":14,"line":3,"offset":65},"start":{"column":1,"line":3,"offset":52}}},{"entity":{"id":"3a642df5-13b9-425f-a4d3-13c523c14533","metadata":[],"name":"mago","scope":{"containerScope":{"containerScope":{"contributions":{},"includedScopes":[]},"contributions":{},"includedScopes":[]},"contributions":{},"includedScopes":[]},"sourceMap":{"end":{"column":12,"line":4,"offset":78},"start":{"column":8,"line":4,"offset":74}}},"id":"4db9188c-bbb4-476f-9935-88f68cff7492","isGeneric":true,"metadata":[],"scope":{"containerScope":{"contributions":{},"includedScopes":[]},"contributions":{},"includedScopes":[]},"sourceMap":{"end":{"column":14,"line":4,"offset":80},"start":{"column":1,"line":4,"offset":67}}},{"entity":{"id":"18d14874-81f5-4240-a58b-cbf5f2bfca9d","metadata":[],"name":"bastion","scope":{"containerScope":{"containerScope":{"contributions":{},"includedScopes":[]},"contributions":{},"includedScopes":[]},"contributions":{},"includedScopes":[]},"sourceMap":{"end":{"column":15,"line":5,"offset":96},"start":{"column":8,"line":5,"offset":89}}},"id":"058b2197-d608-4e73-9e7b-4de13abde817","isGeneric":true,"metadata":[],"scope":{"containerScope":{"contributions":{},"includedScopes":[]},"contributions":{},"includedScopes":[]},"sourceMap":{"end":{"column":17,"line":5,"offset":98},"start":{"column":1,"line":5,"offset":82}}}],"members":[{"id":"330e494e-3a6b-4757-933b-e55c5125a875","members":[{"id":"9bc9e6ef-53dd-4635-a4c7-630047890cdf","isConstant":true,"isProperty":false,"metadata":[],"name":"position","scope":{"containerScope":{"containerScope":{"containerScope":{"contributions":{},"includedScopes":[]},"contributions":{},"includedScopes":[{"contributions":{},"includedScopes":[]},{"contributions":{},"includedScopes":[]},{"contributions":{},"includedScopes":[]},{"contributions":{},"includedScopes":[]},{"contributions":{},"includedScopes":[]}]},"contributions":{},"includedScopes":[{"containerScope":{"containerScope":{"containerScope":{"contributions":{},"includedScopes":[]},"contributions":{},"includedScopes":[]},"contributions":{},"includedScopes":[]},"contributions":{},"includedScopes":[]}]},"contributions":{},"includedScopes":[]},"sourceMap":{"end":{"column":55,"line":7,"offset":180},"start":{"column":5,"line":7,"offset":130}},"value":{"args":[{"id":"f265db19-d740-499b-8936-1879a844abeb","metadata":[],"name":"x","scope":{"containerScope":{"containerScope":{"containerScope":{"containerScope":{"containerScope":{"contributions":{},"includedScopes":[]},"contributions":{},"includedScopes":[{"contributions":{},"includedScopes":[]},{"contributions":{},"includedScopes":[]},{"contributions":{},"includedScopes":[]},{"contributions":{},"includedScopes":[]},{"contributions":{},"includedScopes":[]}]},"contributions":{},"includedScopes":[{"containerScope":{"containerScope":{"containerScope":{"contributions":{},"includedScopes":[]},"contributions":{},"includedScopes":[]},"contributions":{},"includedScopes":[]},"contributions":{},"includedScopes":[]}]},"contributions":{},"includedScopes":[]},"contributions":{},"includedScopes":[]},"contributions":{},"includedScopes":[]},"sourceMap":{"end":{"column":47,"line":7,"offset":172},"start":{"column":42,"line":7,"offset":167}},"value":{"id":"83c02196-8f2c-4c53-92fc-ed92b65fc9a0","metadata":[],"scope":{"containerScope":{"containerScope":{"containerScope":{"containerScope":{"containerScope":{"containerScope":{"contributions":{},"includedScopes":[]},"contributions":{},"includedScopes":[{"contributions":{},"includedScopes":[]},{"contributions":{},"includedScopes":[]},{"contributions":{},"includedScopes":[]},{"contributions":{},"includedScopes":[]},{"contributions":{},"includedScopes":[]}]},"contributions":{},"includedScopes":[{"containerScope":{"containerScope":{"containerScope":{"contributions":{},"includedScopes":[]},"contributions":{},"includedScopes":[]},"contributions":{},"includedScopes":[]},"contributions":{},"includedScopes":[]}]},"contributions":{},"includedScopes":[]},"contributions":{},"includedScopes":[]},"contributions":{},"includedScopes":[]},"contributions":{},"includedScopes":[]},"sourceMap":{"end":{"column":47,"line":7,"offset":172},"start":{"column":46,"line":7,"offset":171}},"value":0}},{"id":"86bbdbaf-5a4d-4625-b8ee-f04cf5582382","metadata":[],"name":"y","scope":{"containerScope":{"containerScope":{"containerScope":{"containerScope":{"containerScope":{"contributions":{},"includedScopes":[]},"contributions":{},"includedScopes":[{"contributions":{},"includedScopes":[]},{"contributions":{},"includedScopes":[]},{"contributions":{},"includedScopes":[]},{"contributions":{},"includedScopes":[]},{"contributions":{},"includedScopes":[]}]},"contributions":{},"includedScopes":[{"containerScope":{"containerScope":{"containerScope":{"contributions":{},"includedScopes":[]},"contributions":{},"includedScopes":[]},"contributions":{},"includedScopes":[]},"contributions":{},"includedScopes":[]}]},"contributions":{},"includedScopes":[]},"contributions":{},"includedScopes":[]},"contributions":{},"includedScopes":[]},"sourceMap":{"end":{"column":54,"line":7,"offset":179},"start":{"column":49,"line":7,"offset":174}},"value":{"id":"00ca12d9-4000-4cf0-a5cd-6193cee00182","metadata":[],"scope":{"containerScope":{"containerScope":{"containerScope":{"containerScope":{"containerScope":{"containerScope":{"contributions":{},"includedScopes":[]},"contributions":{},"includedScopes":[{"contributions":{},"includedScopes":[]},{"contributions":{},"includedScopes":[]},{"contributions":{},"includedScopes":[]},{"contributions":{},"includedScopes":[]},{"contributions":{},"includedScopes":[]}]},"contributions":{},"includedScopes":[{"containerScope":{"containerScope":{"containerScope":{"contributions":{},"includedScopes":[]},"contributions":{},"includedScopes":[]},"contributions":{},"includedScopes":[]},"contributions":{},"includedScopes":[]}]},"contributions":{},"includedScopes":[]},"contributions":{},"includedScopes":[]},"contributions":{},"includedScopes":[]},"contributions":{},"includedScopes":[]},"sourceMap":{"end":{"column":54,"line":7,"offset":179},"start":{"column":53,"line":7,"offset":178}},"value":0}}],"id":"1752ab43-ae94-45ae-aadb-f045d02eebc9","instantiated":{"id":"570e1f25-57fd-4d71-9b2e-eb5ddfe10307","metadata":[],"name":"MutablePosition","scope":{"containerScope":{"containerScope":{"containerScope":{"containerScope":{"containerScope":{"contributions":{},"includedScopes":[]},"contributions":{},"includedScopes":[{"contributions":{},"includedScopes":[]},{"contributions":{},"includedScopes":[]},{"contributions":{},"includedScopes":[]},{"contributions":{},"includedScopes":[]},{"contributions":{},"includedScopes":[]}]},"contributions":{},"includedScopes":[{"containerScope":{"containerScope":{"containerScope":{"contributions":{},"includedScopes":[]},"contributions":{},"includedScopes":[]},"contributions":{},"includedScopes":[]},"contributions":{},"includedScopes":[]}]},"contributions":{},"includedScopes":[]},"contributions":{},"includedScopes":[]},"contributions":{},"includedScopes":[]},"sourceMap":{"end":{"column":41,"line":7,"offset":166},"start":{"column":26,"line":7,"offset":151}}},"metadata":[],"scope":{"containerScope":{"containerScope":{"containerScope":{"containerScope":{"contributions":{},"includedScopes":[]},"contributions":{},"includedScopes":[{"contributions":{},"includedScopes":[]},{"contributions":{},"includedScopes":[]},{"contributions":{},"includedScopes":[]},{"contributions":{},"includedScopes":[]},{"contributions":{},"includedScopes":[]}]},"contributions":{},"includedScopes":[{"containerScope":{"containerScope":{"containerScope":{"contributions":{},"includedScopes":[]},"contributions":{},"includedScopes":[]},"contributions":{},"includedScopes":[]},"contributions":{},"includedScopes":[]}]},"contributions":{},"includedScopes":[]},"contributions":{},"includedScopes":[]},"sourceMap":{"end":{"column":55,"line":7,"offset":180},"start":{"column":22,"line":7,"offset":147}}}},{"body":{"id":"377607d1-09ab-41df-99e1-a4784ff6ef05","metadata":[],"problems":[],"scope":{"containerScope":{"containerScope":{"containerScope":{"containerScope":{"contributions":{},"includedScopes":[]},"contributions":{},"includedScopes":[{"contributions":{},"includedScopes":[]},{"contributions":{},"includedScopes":[]},{"contributions":{},"includedScopes":[]},{"contributions":{},"includedScopes":[]},{"contributions":{},"includedScopes":[]}]},"contributions":{},"includedScopes":[{"containerScope":{"containerScope":{"containerScope":{"contributions":{},"includedScopes":[]},"contributions":{},"includedScopes":[]},"contributions":{},"includedScopes":[]},"contributions":{},"includedScopes":[]}]},"contributions":{},"includedScopes":[]},"contributions":{},"includedScopes":[]},"sentences":[{"id":"377a07e9-3034-47e2-bb26-461963cac1ad","metadata":[],"scope":{"containerScope":{"containerScope":{"containerScope":{"containerScope":{"containerScope":{"contributions":{},"includedScopes":[]},"contributions":{},"includedScopes":[{"contributions":{},"includedScopes":[]},{"contributions":{},"includedScopes":[]},{"contributions":{},"includedScopes":[]},{"contributions":{},"includedScopes":[]},{"contributions":{},"includedScopes":[]}]},"contributions":{},"includedScopes":[{"containerScope":{"containerScope":{"containerScope":{"contributions":{},"includedScopes":[]},"contributions":{},"includedScopes":[]},"contributions":{},"includedScopes":[]},"contributions":{},"includedScopes":[]}]},"contributions":{},"includedScopes":[]},"contributions":{},"includedScopes":[]},"contributions":{},"includedScopes":[]},"value":{"id":"69b75b8a-09c4-4ed8-80bc-d6d6566d2f00","metadata":[{"args":{"position":"end","text":"// Asegúrate de tener esta imagen"},"name":"comment"}],"scope":{"containerScope":{"containerScope":{"containerScope":{"containerScope":{"containerScope":{"containerScope":{"contributions":{},"includedScopes":[]},"contributions":{},"includedScopes":[{"contributions":{},"includedScopes":[]},{"contributions":{},"includedScopes":[]},{"contributions":{},"includedScopes":[]},{"contributions":{},"includedScopes":[]},{"contributions":{},"includedScopes":[]}]},"contributions":{},"includedScopes":[{"containerScope":{"containerScope":{"containerScope":{"contributions":{},"includedScopes":[]},"contributions":{},"includedScopes":[]},"contributions":{},"includedScopes":[]},"contributions":{},"includedScopes":[]}]},"contributions":{},"includedScopes":[]},"contributions":{},"includedScopes":[]},"contributions":{},"includedScopes":[]},"contributions":{},"includedScopes":[]},"sourceMap":{"end":{"column":42,"line":9,"offset":225},"start":{"column":22,"line":9,"offset":205}},"value":"PantallaInicio.png"}}],"sourceMap":{"end":{"column":76,"line":9,"offset":259},"start":{"column":22,"line":9,"offset":205}}},"compiled":false,"id":"a62b36dc-e3bb-48b3-9434-a5bae8d0417d","isOverride":false,"metadata":[],"name":"image","parameters":[],"problems":[],"scope":{"containerScope":{"containerScope":{"containerScope":{"contributions":{},"includedScopes":[]},"contributions":{},"includedScopes":[{"contributions":{},"includedScopes":[]},{"contributions":{},"includedScopes":[]},{"contributions":{},"includedScopes":[]},{"contributions":{},"includedScopes":[]},{"contributions":{},"includedScopes":[]}]},"contributions":{},"includedScopes":[{"containerScope":{"containerScope":{"containerScope":{"contributions":{},"includedScopes":[]},"contributions":{},"includedScopes":[]},"contributions":{},"includedScopes":[]},"contributions":{},"includedScopes":[]}]},"contributions":{},"includedScopes":[]},"sourceMap":{"end":{"column":76,"line":9,"offset":259},"start":{"column":5,"line":9,"offset":188}}},{"body":{"id":"812976b6-2022-40e6-bc82-4164d8ba13df","metadata":[],"problems":[],"scope":{"containerScope":{"containerScope":{"containerScope":{"containerScope":{"contributions":{},"includedScopes":[]},"contributions":{},"includedScopes":[{"contributions":{},"includedScopes":[]},{"contributions":{},"includedScopes":[]},{"contributions":{},"includedScopes":[]},{"contributions":{},"includedScopes":[]},{"contributions":{},"includedScopes":[]}]},"contributions":{},"includedScopes":[{"containerScope":{"containerScope":{"containerScope":{"contributions":{},"includedScopes":[]},"contributions":{},"includedScopes":[]},"contributions":{},"includedScopes":[]},"contributions":{},"includedScopes":[]}]},"contributions":{},"includedScopes":[]},"contributions":{},"includedScopes":[]},"sentences":[{"id":"5e69b0fd-9baa-4876-82f6-8e17ef0ca854","metadata":[],"scope":{"containerScope":{"containerScope":{"containerScope":{"containerScope":{"containerScope":{"contributions":{},"includedScopes":[]},"contributions":{},"includedScopes":[{"contributions":{},"includedScopes":[]},{"contributions":{},"includedScopes":[]},{"contributions":{},"includedScopes":[]},{"contributions":{},"includedScopes":[]},{"contributions":{},"includedScopes":[]}]},"contributions":{},"includedScopes":[{"containerScope":{"containerScope":{"containerScope":{"contributions":{},"includedScopes":[]},"contributions":{},"includedScopes":[]},"contributions":{},"includedScopes":[]},"contributions":{},"includedScopes":[]}]},"contributions":{},"includedScopes":[]},"contributions":{},"includedScopes":[]},"contributions":{},"includedScopes":[]},"value":{"id":"70d46577-bc19-4613-b466-fa64d84d182f","metadata":[],"name":"position","scope":{"containerScope":{"containerScope":{"containerScope":{"containerScope":{"containerScope":{"containerScope":{"contributions":{},"includedScopes":[]},"contributions":{},"includedScopes":[{"contributions":{},"includedScopes":[]},{"contributions":{},"includedScopes":[]},{"contributions":{},"includedScopes":[]},{"contributions":{},"includedScopes":[]},{"contributions":{},"includedScopes":[]}]},"contributions":{},"includedScopes":[{"containerScope":{"containerScope":{"containerScope":{"contributions":{},"includedScopes":[]},"contributions":{},"includedScopes":[]},"contributions":{},"includedScopes":[]},"contributions":{},"includedScopes":[]}]},"contributions":{},"includedScopes":[]},"contributions":{},"includedScopes":[]},"contributions":{},"includedScopes":[]},"contributions":{},"includedScopes":[]},"sourceMap":{"end":{"column":33,"line":10,"offset":293},"start":{"column":25,"line":10,"offset":285}}}}],"sourceMap":{"end":{"column":33,"line":10,"offset":293},"start":{"column":25,"line":10,"offset":285}}},"compiled":false,"id":"e7123e2e-6f18-42b9-ba99-67374e656277","isOverride":false,"metadata":[],"name":"position","parameters":[],"problems":[],"scope":{"containerScope":{"containerScope":{"containerScope":{"contributions":{},"includedScopes":[]},"contributions":{},"includedScopes":[{"contributions":{},"includedScopes":[]},{"contributions":{},"includedScopes":[]},{"contributions":{},"includedScopes":[]},{"contributions":{},"includedScopes":[]},{"contributions":{},"includedScopes":[]}]},"contributions":{},"includedScopes":[{"containerScope":{"containerScope":{"containerScope":{"contributions":{},"includedScopes":[]},"contributions":{},"includedScopes":[]},"contributions":{},"includedScopes":[]},"contributions":{},"includedScopes":[]}]},"contributions":{},"includedScopes":[]},"sourceMap":{"end":{"column":33,"line":10,"offset":293},"start":{"column":5,"line":10,"offset":265}}},{"body":{"id":"5e88b6be-ca92-454b-9d24-c64f090c064b","metadata":[],"problems":[],"scope":{"containerScope":{"containerScope":{"containerScope":{"containerScope":{"contributions":{},"includedScopes":[]},"contributions":{},"includedScopes":[{"contributions":{},"includedScopes":[]},{"contributions":{},"includedScopes":[]},{"contributions":{},"includedScopes":[]},{"contributions":{},"includedScopes":[]},{"contributions":{},"includedScopes":[]}]},"contributions":{},"includedScopes":[{"containerScope":{"containerScope":{"containerScope":{"contributions":{},"includedScopes":[]},"contributions":{},"includedScopes":[]},"contributions":{},"includedScopes":[]},"contributions":{},"includedScopes":[]}]},"contributions":{},"includedScopes":[]},"contributions":{},"includedScopes":[]},"sentences":[{"args":[{"id":"0c35b07d-c6ee-484e-b783-7c25fa0b8b9f","members":[{"body":{"id":"0440803e-ed9d-4fa6-bbde-a3adbe6e31e7","metadata":[],"scope":{"containerScope":{"containerScope":{"containerScope":{"containerScope":{"containerScope":{"containerScope":{"containerScope":{"containerScope":{"contributions":{},"includedScopes":[]},"contributions":{},"includedScopes":[{"contributions":{},"includedScopes":[]},{"contributions":{},"includedScopes":[]},{"contributions":{},"includedScopes":[]},{"contributions":{},"includedScopes":[]},{"contributions":{},"includedScopes":[]}]},"contributions":{},"includedScopes":[{"containerScope":{"containerScope":{"containerScope":{"contributions":{},"includedScopes":[]},"contributions":{},"includedScopes":[]},"contributions":{},"includedScopes":[]},"contributions":{},"includedScopes":[]}]},"contributions":{},"includedScopes":[]},"contributions":{},"includedScopes":[]},"contributions":{},"includedScopes":[]},"contributions":{},"includedScopes":[{"containerScope":{"containerScope":{"containerScope":{"contributions":{},"includedScopes":[]},"contributions":{},"includedScopes":[]},"contributions":{},"includedScopes":[]},"contributions":{},"includedScopes":[{"containerScope":{"containerScope":{"containerScope":{"contributions":{},"includedScopes":[]},"contributions":{},"includedScopes":[]},"contributions":{},"includedScopes":[]},"contributions":{},"includedScopes":[]}]},{"containerScope":{"containerScope":{"containerScope":{"contributions":{},"includedScopes":[]},"contributions":{},"includedScopes":[]},"contributions":{},"includedScopes":[]},"contributions":{},"includedScopes":[]}]},"contributions":{},"includedScopes":[]},"contributions":{},"includedScopes":[]},"sentences":[{"id":"729f09f9-70b5-45b9-adb0-08505e56119b","metadata":[],"scope":{"containerScope":{"containerScope":{"containerScope":{"containerScope":{"containerScope":{"containerScope":{"containerScope":{"containerScope":{"containerScope":{"contributions":{},"includedScopes":[]},"contributions":{},"includedScopes":[{"contributions":{},"includedScopes":[]},{"contributions":{},"includedScopes":[]},{"contributions":{},"includedScopes":[]},{"contributions":{},"includedScopes":[]},{"contributions":{},"includedScopes":[]}]},"contributions":{},"includedScopes":[{"containerScope":{"containerScope":{"containerScope":{"contributions":{},"includedScopes":[]},"contributions":{},"includedScopes":[]},"contributions":{},"includedScopes":[]},"contributions":{},"includedScopes":[]}]},"contributions":{},"includedScopes":[]},"contributions":{},"includedScopes":[]},"contributions":{},"includedScopes":[]},"contributions":{},"includedScopes":[{"containerScope":{"containerScope":{"containerScope":{"contributions":{},"includedScopes":[]},"contributions":{},"includedScopes":[]},"contributions":{},"includedScopes":[]},"contributions":{},"includedScopes":[{"containerScope":{"containerScope":{"containerScope":{"contributions":{},"includedScopes":[]},"contributions":{},"includedScopes":[]},"contributions":{},"includedScopes":[]},"contributions":{},"includedScopes":[]}]},{"containerScope":{"containerScope":{"containerScope":{"contributions":{},"includedScopes":[]},"contributions":{},"includedScopes":[]},"contributions":{},"includedScopes":[]},"contributions":{},"includedScopes":[]}]},"contributions":{},"includedScopes":[]},"contributions":{},"includedScopes":[]},"contributions":{},"includedScopes":[]},"value":{"args":[{"id":"e999e51a-514f-4036-b4f7-454b19d0acb7","metadata":[],"scope":{"containerScope":{"containerScope":{"containerScope":{"containerScope":{"containerScope":{"containerScope":{"containerScope":{"containerScope":{"containerScope":{"containerScope":{"containerScope":{"contributions":{},"includedScopes":[]},"contributions":{},"includedScopes":[{"contributions":{},"includedScopes":[]},{"contributions":{},"includedScopes":[]},{"contributions":{},"includedScopes":[]},{"contributions":{},"includedScopes":[]},{"contributions":{},"includedScopes":[]}]},"contributions":{},"includedScopes":[{"containerScope":{"containerScope":{"containerScope":{"contributions":{},"includedScopes":[]},"contributions":{},"includedScopes":[]},"contributions":{},"includedScopes":[]},"contributions":{},"includedScopes":[]}]},"contributions":{},"includedScopes":[]},"contributions":{},"includedScopes":[]},"contributions":{},"includedScopes":[]},"contributions":{},"includedScopes":[{"containerScope":{"containerScope":{"containerScope":{"contributions":{},"includedScopes":[]},"contributions":{},"includedScopes":[]},"contributions":{},"includedScopes":[]},"contributions":{},"includedScopes":[{"containerScope":{"containerScope":{"containerScope":{"contributions":{},"includedScopes":[]},"contributions":{},"includedScopes":[]},"contributions":{},"includedScopes":[]},"contributions":{},"includedScopes":[]}]},{"containerScope":{"containerScope":{"containerScope":{"contributions":{},"includedScopes":[]},"contributions":{},"includedScopes":[]},"contributions":{},"includedScopes":[]},"contributions":{},"includedScopes":[]}]},"contributions":{},"includedScopes":[]},"contributions":{},"includedScopes":[]},"contributions":{},"includedScopes":[]},"contributions":{},"includedScopes":[]},"contributions":{},"includedScopes":[]},"sourceMap":{"end":{"column":59,"line":12,"offset":387},"start":{"column":55,"line":12,"offset":383}}}],"id":"881e7055-47a9-472e-a08c-2e77931049ba","message":"removeVisual","metadata":[],"receiver":{"id":"7af4e77a-f5e2-45ed-9e43-d4e20e5ea549","metadata":[],"name":"game","scope":{"containerScope":{"containerScope":{"containerScope":{"containerScope":{"containerScope":{"containerScope":{"containerScope":{"containerScope":{"containerScope":{"containerScope":{"containerScope":{"contributions":{},"includedScopes":[]},"contributions":{},"includedScopes":[{"contributions":{},"includedScopes":[]},{"contributions":{},"includedScopes":[]},{"contributions":{},"includedScopes":[]},{"contributions":{},"includedScopes":[]},{"contributions":{},"includedScopes":[]}]},"contributions":{},"includedScopes":[{"containerScope":{"containerScope":{"containerScope":{"contributions":{},"includedScopes":[]},"contributions":{},"includedScopes":[]},"contributions":{},"includedScopes":[]},"contributions":{},"includedScopes":[]}]},"contributions":{},"includedScopes":[]},"contributions":{},"includedScopes":[]},"contributions":{},"includedScopes":[]},"contributions":{},"includedScopes":[{"containerScope":{"containerScope":{"containerScope":{"contributions":{},"includedScopes":[]},"contributions":{},"includedScopes":[]},"contributions":{},"includedScopes":[]},"contributions":{},"includedScopes":[{"containerScope":{"containerScope":{"containerScope":{"contributions":{},"includedScopes":[]},"contributions":{},"includedScopes":[]},"contributions":{},"includedScopes":[]},"contributions":{},"includedScopes":[]}]},{"containerScope":{"containerScope":{"containerScope":{"contributions":{},"includedScopes":[]},"contributions":{},"includedScopes":[]},"contributions":{},"includedScopes":[]},"contributions":{},"includedScopes":[]}]},"contributions":{},"includedScopes":[]},"contributions":{},"includedScopes":[]},"contributions":{},"includedScopes":[]},"contributions":{},"includedScopes":[]},"contributions":{},"includedScopes":[]},"sourceMap":{"end":{"column":41,"line":12,"offset":369},"start":{"column":37,"line":12,"offset":365}}},"scope":{"containerScope":{"containerScope":{"containerScope":{"containerScope":{"containerScope":{"containerScope":{"containerScope":{"containerScope":{"containerScope":{"containerScope":{"contributions":{},"includedScopes":[]},"contributions":{},"includedScopes":[{"contributions":{},"includedScopes":[]},{"contributions":{},"includedScopes":[]},{"contributions":{},"includedScopes":[]},{"contributions":{},"includedScopes":[]},{"contributions":{},"includedScopes":[]}]},"contributions":{},"includedScopes":[{"containerScope":{"containerScope":{"containerScope":{"contributions":{},"includedScopes":[]},"contributions":{},"includedScopes":[]},"contributions":{},"includedScopes":[]},"contributions":{},"includedScopes":[]}]},"contributions":{},"includedScopes":[]},"contributions":{},"includedScopes":[]},"contributions":{},"includedScopes":[]},"contributions":{},"includedScopes":[{"containerScope":{"containerScope":{"containerScope":{"contributions":{},"includedScopes":[]},"contributions":{},"includedScopes":[]},"contributions":{},"includedScopes":[]},"contributions":{},"includedScopes":[{"containerScope":{"containerScope":{"containerScope":{"contributions":{},"includedScopes":[]},"contributions":{},"includedScopes":[]},"contributions":{},"includedScopes":[]},"contributions":{},"includedScopes":[]}]},{"containerScope":{"containerScope":{"containerScope":{"contributions":{},"includedScopes":[]},"contributions":{},"includedScopes":[]},"contributions":{},"includedScopes":[]},"contributions":{},"includedScopes":[]}]},"contributions":{},"includedScopes":[]},"contributions":{},"includedScopes":[]},"contributions":{},"includedScopes":[]},"contributions":{},"includedScopes":[]},"sourceMap":{"end":{"column":60,"line":12,"offset":388},"start":{"column":37,"line":12,"offset":365}}}}]},"compiled":false,"id":"0bb17f1e-067e-41ba-a63c-860f456b7591","isOverride":false,"metadata":[],"name":"<apply>","parameters":[],"scope":{"containerScope":{"containerScope":{"containerScope":{"containerScope":{"containerScope":{"containerScope":{"containerScope":{"contributions":{},"includedScopes":[]},"contributions":{},"includedScopes":[{"contributions":{},"includedScopes":[]},{"contributions":{},"includedScopes":[]},{"contributions":{},"includedScopes":[]},{"contributions":{},"includedScopes":[]},{"contributions":{},"includedScopes":[]}]},"contributions":{},"includedScopes":[{"containerScope":{"containerScope":{"containerScope":{"contributions":{},"includedScopes":[]},"contributions":{},"includedScopes":[]},"contributions":{},"includedScopes":[]},"contributions":{},"includedScopes":[]}]},"contributions":{},"includedScopes":[]},"contributions":{},"includedScopes":[]},"contributions":{},"includedScopes":[]},"contributions":{},"includedScopes":[{"containerScope":{"containerScope":{"containerScope":{"contributions":{},"includedScopes":[]},"contributions":{},"includedScopes":[]},"contributions":{},"includedScopes":[]},"contributions":{},"includedScopes":[{"containerScope":{"containerScope":{"containerScope":{"contributions":{},"includedScopes":[]},"contributions":{},"includedScopes":[]},"contributions":{},"includedScopes":[]},"contributions":{},"includedScopes":[]}]},{"containerScope":{"containerScope":{"containerScope":{"contributions":{},"includedScopes":[]},"contributions":{},"includedScopes":[]},"contributions":{},"includedScopes":[]},"contributions":{},"includedScopes":[]}]},"contributions":{},"includedScopes":[]}},{"id":"2f0fe2ec-df1c-4a34-81a3-9b36545e6f8d","isConstant":true,"isProperty":false,"metadata":[],"name":"<toString>","scope":{"containerScope":{"containerScope":{"containerScope":{"containerScope":{"containerScope":{"containerScope":{"containerScope":{"contributions":{},"includedScopes":[]},"contributions":{},"includedScopes":[{"contributions":{},"includedScopes":[]},{"contributions":{},"includedScopes":[]},{"contributions":{},"includedScopes":[]},{"contributions":{},"includedScopes":[]},{"contributions":{},"includedScopes":[]}]},"contributions":{},"includedScopes":[{"containerScope":{"containerScope":{"containerScope":{"contributions":{},"includedScopes":[]},"contributions":{},"includedScopes":[]},"contributions":{},"includedScopes":[]},"contributions":{},"includedScopes":[]}]},"contributions":{},"includedScopes":[]},"contributions":{},"includedScopes":[]},"contributions":{},"includedScopes":[]},"contributions":{},"includedScopes":[{"containerScope":{"containerScope":{"containerScope":{"contributions":{},"includedScopes":[]},"contributions":{},"includedScopes":[]},"contributions":{},"includedScopes":[]},"contributions":{},"includedScopes":[{"containerScope":{"containerScope":{"containerScope":{"contributions":{},"includedScopes":[]},"contributions":{},"includedScopes":[]},"contributions":{},"includedScopes":[]},"contributions":{},"includedScopes":[]}]},{"containerScope":{"containerScope":{"containerScope":{"contributions":{},"includedScopes":[]},"contributions":{},"includedScopes":[]},"contributions":{},"includedScopes":[]},"contributions":{},"includedScopes":[]}]},"contributions":{},"includedScopes":[]},"value":{"id":"d85730a8-b13e-4718-84d3-434271ba22de","metadata":[],"scope":{"containerScope":{"containerScope":{"containerScope":{"containerScope":{"containerScope":{"containerScope":{"containerScope":{"containerScope":{"contributions":{},"includedScopes":[]},"contributions":{},"includedScopes":[{"contributions":{},"includedScopes":[]},{"contributions":{},"includedScopes":[]},{"contributions":{},"includedScopes":[]},{"contributions":{},"includedScopes":[]},{"contributions":{},"includedScopes":[]}]},"contributions":{},"includedScopes":[{"containerScope":{"containerScope":{"containerScope":{"contributions":{},"includedScopes":[]},"contributions":{},"includedScopes":[]},"contributions":{},"includedScopes":[]},"contributions":{},"includedScopes":[]}]},"contributions":{},"includedScopes":[]},"contributions":{},"includedScopes":[]},"contributions":{},"includedScopes":[]},"contributions":{},"includedScopes":[{"containerScope":{"containerScope":{"containerScope":{"contributions":{},"includedScopes":[]},"contributions":{},"includedScopes":[]},"contributions":{},"includedScopes":[]},"contributions":{},"includedScopes":[{"containerScope":{"containerScope":{"containerScope":{"contributions":{},"includedScopes":[]},"contributions":{},"includedScopes":[]},"contributions":{},"includedScopes":[]},"contributions":{},"includedScopes":[]}]},{"containerScope":{"containerScope":{"containerScope":{"contributions":{},"includedScopes":[]},"contributions":{},"includedScopes":[]},"contributions":{},"includedScopes":[]},"contributions":{},"includedScopes":[]}]},"contributions":{},"includedScopes":[]},"contributions":{},"includedScopes":[]},"value":"{game.removeVisual(self)}"}}],"metadata":[],"scope":{"containerScope":{"containerScope":{"containerScope":{"containerScope":{"containerScope":{"containerScope":{"contributions":{},"includedScopes":[]},"contributions":{},"includedScopes":[{"contributions":{},"includedScopes":[]},{"contributions":{},"includedScopes":[]},{"contributions":{},"includedScopes":[]},{"contributions":{},"includedScopes":[]},{"contributions":{},"includedScopes":[]}]},"contributions":{},"includedScopes":[{"containerScope":{"containerScope":{"containerScope":{"contributions":{},"includedScopes":[]},"contributions":{},"includedScopes":[]},"contributions":{},"includedScopes":[]},"contributions":{},"includedScopes":[]}]},"contributions":{},"includedScopes":[]},"contributions":{},"includedScopes":[]},"contributions":{},"includedScopes":[]},"contributions":{},"includedScopes":[{"containerScope":{"containerScope":{"containerScope":{"contributions":{},"includedScopes":[]},"contributions":{},"includedScopes":[]},"contributions":{},"includedScopes":[]},"contributions":{},"includedScopes":[{"containerScope":{"containerScope":{"containerScope":{"contributions":{},"includedScopes":[]},"contributions":{},"includedScopes":[]},"contributions":{},"includedScopes":[]},"contributions":{},"includedScopes":[]}]},{"containerScope":{"containerScope":{"containerScope":{"contributions":{},"includedScopes":[]},"contributions":{},"includedScopes":[]},"contributions":{},"includedScopes":[]},"contributions":{},"includedScopes":[]}]},"sourceMap":{"end":{"column":61,"line":12,"offset":389},"start":{"column":36,"line":12,"offset":364}},"supertypes":[{"args":[],"id":"a424eb08-846a-4192-a7a7-957899418466","metadata":[],"reference":{"id":"f8e19eb1-d68f-4abb-a7bb-f759deef6d58","metadata":[],"name":"wollok.lang.Closure","scope":{"containerScope":{"containerScope":{"containerScope":{"containerScope":{"containerScope":{"containerScope":{"containerScope":{"contributions":{},"includedScopes":[]},"contributions":{},"includedScopes":[{"contributions":{},"includedScopes":[]},{"contributions":{},"includedScopes":[]},{"contributions":{},"includedScopes":[]},{"contributions":{},"includedScopes":[]},{"contributions":{},"includedScopes":[]}]},"contributions":{},"includedScopes":[{"containerScope":{"containerScope":{"containerScope":{"contributions":{},"includedScopes":[]},"contributions":{},"includedScopes":[]},"contributions":{},"includedScopes":[]},"contributions":{},"includedScopes":[]}]},"contributions":{},"includedScopes":[]},"contributions":{},"includedScopes":[]},"contributions":{},"includedScopes":[]},"contributions":{},"includedScopes":[{"containerScope":{"containerScope":{"containerScope":{"contributions":{},"includedScopes":[]},"contributions":{},"includedScopes":[]},"contributions":{},"includedScopes":[]},"contributions":{},"includedScopes":[{"containerScope":{"containerScope":{"containerScope":{"contributions":{},"includedScopes":[]},"contributions":{},"includedScopes":[]},"contributions":{},"includedScopes":[]},"contributions":{},"includedScopes":[]}]},{"containerScope":{"containerScope":{"containerScope":{"contributions":{},"includedScopes":[]},"contributions":{},"includedScopes":[]},"contributions":{},"includedScopes":[]},"contributions":{},"includedScopes":[]}]},"contributions":{},"includedScopes":[]}},"scope":{"containerScope":{"containerScope":{"containerScope":{"containerScope":{"containerScope":{"containerScope":{"containerScope":{"contributions":{},"includedScopes":[]},"contributions":{},"includedScopes":[{"contributions":{},"includedScopes":[]},{"contributions":{},"includedScopes":[]},{"contributions":{},"includedScopes":[]},{"contributions":{},"includedScopes":[]},{"contributions":{},"includedScopes":[]}]},"contributions":{},"includedScopes":[{"containerScope":{"containerScope":{"containerScope":{"contributions":{},"includedScopes":[]},"contributions":{},"includedScopes":[]},"contributions":{},"includedScopes":[]},"contributions":{},"includedScopes":[]}]},"contributions":{},"includedScopes":[]},"contributions":{},"includedScopes":[]},"contributions":{},"includedScopes":[]},"contributions":{},"includedScopes":[{"containerScope":{"containerScope":{"containerScope":{"contributions":{},"includedScopes":[]},"contributions":{},"includedScopes":[]},"contributions":{},"includedScopes":[]},"contributions":{},"includedScopes":[{"containerScope":{"containerScope":{"containerScope":{"contributions":{},"includedScopes":[]},"contributions":{},"includedScopes":[]},"contributions":{},"includedScopes":[]},"contributions":{},"includedScopes":[]}]},{"containerScope":{"containerScope":{"containerScope":{"contributions":{},"includedScopes":[]},"contributions":{},"includedScopes":[]},"contributions":{},"includedScopes":[]},"contributions":{},"includedScopes":[]}]},"contributions":{},"includedScopes":[]}}]}],"id":"efc52206-00e7-4907-b1bf-e95e11ea8b1c","message":"onPressDo","metadata":[],"receiver":{"args":[],"id":"8163218a-1cd9-45f7-b7f6-41a27c5fc0b3","message":"space","metadata":[],"receiver":{"id":"726723ab-0494-40e5-bd48-6b9f1403e7ac","metadata":[],"name":"keyboard","scope":{"containerScope":{"containerScope":{"containerScope":{"containerScope":{"containerScope":{"containerScope":{"containerScope":{"contributions":{},"includedScopes":[]},"contributions":{},"includedScopes":[{"contributions":{},"includedScopes":[]},{"contributions":{},"includedScopes":[]},{"contributions":{},"includedScopes":[]},{"contributions":{},"includedScopes":[]},{"contributions":{},"includedScopes":[]}]},"contributions":{},"includedScopes":[{"containerScope":{"containerScope":{"containerScope":{"contributions":{},"includedScopes":[]},"contributions":{},"includedScopes":[]},"contributions":{},"includedScopes":[]},"contributions":{},"includedScopes":[]}]},"contributions":{},"includedScopes":[]},"contributions":{},"includedScopes":[]},"contributions":{},"includedScopes":[]},"contributions":{},"includedScopes":[]},"contributions":{},"includedScopes":[]},"sourceMap":{"end":{"column":17,"line":12,"offset":345},"start":{"column":9,"line":12,"offset":337}}},"scope":{"containerScope":{"containerScope":{"containerScope":{"containerScope":{"containerScope":{"containerScope":{"contributions":{},"includedScopes":[]},"contributions":{},"includedScopes":[{"contributions":{},"includedScopes":[]},{"contributions":{},"includedScopes":[]},{"contributions":{},"includedScopes":[]},{"contributions":{},"includedScopes":[]},{"contributions":{},"includedScopes":[]}]},"contributions":{},"includedScopes":[{"containerScope":{"containerScope":{"containerScope":{"contributions":{},"includedScopes":[]},"contributions":{},"includedScopes":[]},"contributions":{},"includedScopes":[]},"contributions":{},"includedScopes":[]}]},"contributions":{},"includedScopes":[]},"contributions":{},"includedScopes":[]},"contributions":{},"includedScopes":[]},"contributions":{},"includedScopes":[]},"sourceMap":{"end":{"column":25,"line":12,"offset":353},"start":{"column":9,"line":12,"offset":337}}},"scope":{"containerScope":{"containerScope":{"containerScope":{"containerScope":{"containerScope":{"contributions":{},"includedScopes":[]},"contributions":{},"includedScopes":[{"contributions":{},"includedScopes":[]},{"contributions":{},"includedScopes":[]},{"contributions":{},"includedScopes":[]},{"contributions":{},"includedScopes":[]},{"contributions":{},"includedScopes":[]}]},"contributions":{},"includedScopes":[{"containerScope":{"containerScope":{"containerScope":{"contributions":{},"includedScopes":[]},"contributions":{},"includedScopes":[]},"contributions":{},"includedScopes":[]},"contributions":{},"includedScopes":[]}]},"contributions":{},"includedScopes":[]},"contributions":{},"includedScopes":[]},"contributions":{},"includedScopes":[]},"sourceMap":{"end":{"column":62,"line":12,"offset":390},"start":{"column":9,"line":12,"offset":337}}},{"args":[],"id":"11b194d0-3e0c-4335-8ed5-91eca918e542","message":"aparecerAlTocar","metadata":[],"receiver":{"id":"7f8ad217-8d83-45e4-83cf-d098bf88e61f","metadata":[],"name":"menu","scope":{"containerScope":{"containerScope":{"containerScope":{"containerScope":{"containerScope":{"containerScope":{"contributions":{},"includedScopes":[]},"contributions":{},"includedScopes":[{"contributions":{},"includedScopes":[]},{"contributions":{},"includedScopes":[]},{"contributions":{},"includedScopes":[]},{"contributions":{},"includedScopes":[]},{"contributions":{},"includedScopes":[]}]},"contributions":{},"includedScopes":[{"containerScope":{"containerScope":{"containerScope":{"contributions":{},"includedScopes":[]},"contributions":{},"includedScopes":[]},"contributions":{},"includedScopes":[]},"contributions":{},"includedScopes":[]}]},"contributions":{},"includedScopes":[]},"contributions":{},"includedScopes":[]},"contributions":{},"includedScopes":[]},"contributions":{},"includedScopes":[]},"sourceMap":{"end":{"column":13,"line":13,"offset":404},"start":{"column":9,"line":13,"offset":400}}},"scope":{"containerScope":{"containerScope":{"containerScope":{"containerScope":{"containerScope":{"contributions":{},"includedScopes":[]},"contributions":{},"includedScopes":[{"contributions":{},"includedScopes":[]},{"contributions":{},"includedScopes":[]},{"contributions":{},"includedScopes":[]},{"contributions":{},"includedScopes":[]},{"contributions":{},"includedScopes":[]}]},"contributions":{},"includedScopes":[{"containerScope":{"containerScope":{"containerScope":{"contributions":{},"includedScopes":[]},"contributions":{},"includedScopes":[]},"contributions":{},"includedScopes":[]},"contributions":{},"includedScopes":[]}]},"contributions":{},"includedScopes":[]},"contributions":{},"includedScopes":[]},"contributions":{},"includedScopes":[]},"sourceMap":{"end":{"column":31,"line":13,"offset":422},"start":{"column":8,"line":13,"offset":400}}}],"sourceMap":{"end":{"column":6,"line":14,"offset":429},"start":{"column":32,"line":11,"offset":326}}},"compiled":false,"id":"ded30f06-1ff5-4067-b95d-0474bfd3d2f1","isOverride":false,"metadata":[],"name":"desaparecerAlTocar","parameters":[],"problems":[],"scope":{"containerScope":{"containerScope":{"containerScope":{"contributions":{},"includedScopes":[]},"contributions":{},"includedScopes":[{"contributions":{},"includedScopes":[]},{"contributions":{},"includedScopes":[]},{"contributions":{},"includedScopes":[]},{"contributions":{},"includedScopes":[]},{"contributions":{},"includedScopes":[]}]},"contributions":{},"includedScopes":[{"containerScope":{"containerScope":{"containerScope":{"contributions":{},"includedScopes":[]},"contributions":{},"includedScopes":[]},"contributions":{},"includedScopes":[]},"contributions":{},"includedScopes":[]}]},"contributions":{},"includedScopes":[]},"sourceMap":{"end":{"column":6,"line":14,"offset":429},"start":{"column":5,"line":11,"offset":299}}},{"body":{"id":"3e387d4c-4b04-4456-8ad6-08757cbdf479","metadata":[],"problems":[],"scope":{"containerScope":{"containerScope":{"containerScope":{"containerScope":{"contributions":{},"includedScopes":[]},"contributions":{},"includedScopes":[{"contributions":{},"includedScopes":[]},{"contributions":{},"includedScopes":[]},{"contributions":{},"includedScopes":[]},{"contributions":{},"includedScopes":[]},{"contributions":{},"includedScopes":[]}]},"contributions":{},"includedScopes":[{"containerScope":{"containerScope":{"containerScope":{"contributions":{},"includedScopes":[]},"contributions":{},"includedScopes":[]},"contributions":{},"includedScopes":[]},"contributions":{},"includedScopes":[]}]},"contributions":{},"includedScopes":[]},"contributions":{},"includedScopes":[]},"sentences":[{"args":[{"id":"3fb15a1f-00ec-435c-ab19-bacc30c8a2a6","members":[{"body":{"id":"0c34751a-5cf3-4bb5-ba3a-5abd8715f9fd","metadata":[],"scope":{"containerScope":{"containerScope":{"containerScope":{"containerScope":{"containerScope":{"containerScope":{"containerScope":{"containerScope":{"contributions":{},"includedScopes":[]},"contributions":{},"includedScopes":[{"contributions":{},"includedScopes":[]},{"contributions":{},"includedScopes":[]},{"contributions":{},"includedScopes":[]},{"contributions":{},"includedScopes":[]},{"contributions":{},"includedScopes":[]}]},"contributions":{},"includedScopes":[{"containerScope":{"containerScope":{"containerScope":{"contributions":{},"includedScopes":[]},"contributions":{},"includedScopes":[]},"contributions":{},"includedScopes":[]},"contributions":{},"includedScopes":[]}]},"contributions":{},"includedScopes":[]},"contributions":{},"includedScopes":[]},"contributions":{},"includedScopes":[]},"contributions":{},"includedScopes":[{"containerScope":{"containerScope":{"containerScope":{"contributions":{},"includedScopes":[]},"contributions":{},"includedScopes":[]},"contributions":{},"includedScopes":[]},"contributions":{},"includedScopes":[{"containerScope":{"containerScope":{"containerScope":{"contributions":{},"includedScopes":[]},"contributions":{},"includedScopes":[]},"contributions":{},"includedScopes":[]},"contributions":{},"includedScopes":[]}]},{"containerScope":{"containerScope":{"containerScope":{"contributions":{},"includedScopes":[]},"contributions":{},"includedScopes":[]},"contributions":{},"includedScopes":[]},"contributions":{},"includedScopes":[]}]},"contributions":{},"includedScopes":[]},"contributions":{},"includedScopes":[]},"sentences":[{"id":"7210b415-dece-4f02-823c-5f76d5be0a26","metadata":[],"scope":{"containerScope":{"containerScope":{"containerScope":{"containerScope":{"containerScope":{"containerScope":{"containerScope":{"containerScope":{"containerScope":{"contributions":{},"includedScopes":[]},"contributions":{},"includedScopes":[{"contributions":{},"includedScopes":[]},{"contributions":{},"includedScopes":[]},{"contributions":{},"includedScopes":[]},{"contributions":{},"includedScopes":[]},{"contributions":{},"includedScopes":[]}]},"contributions":{},"includedScopes":[{"containerScope":{"containerScope":{"containerScope":{"contributions":{},"includedScopes":[]},"contributions":{},"includedScopes":[]},"contributions":{},"includedScopes":[]},"contributions":{},"includedScopes":[]}]},"contributions":{},"includedScopes":[]},"contributions":{},"includedScopes":[]},"contributions":{},"includedScopes":[]},"contributions":{},"includedScopes":[{"containerScope":{"containerScope":{"containerScope":{"contributions":{},"includedScopes":[]},"contributions":{},"includedScopes":[]},"contributions":{},"includedScopes":[]},"contributions":{},"includedScopes":[{"containerScope":{"containerScope":{"containerScope":{"contributions":{},"includedScopes":[]},"contributions":{},"includedScopes":[]},"contributions":{},"includedScopes":[]},"contributions":{},"includedScopes":[]}]},{"containerScope":{"containerScope":{"containerScope":{"contributions":{},"includedScopes":[]},"contributions":{},"includedScopes":[]},"contributions":{},"includedScopes":[]},"contributions":{},"includedScopes":[]}]},"contributions":{},"includedScopes":[]},"contributions":{},"includedScopes":[]},"contributions":{},"includedScopes":[]},"value":{"args":[{"id":"06427d05-1eea-43c3-8da4-7ca0a02dd7e7","metadata":[],"scope":{"containerScope":{"containerScope":{"containerScope":{"containerScope":{"containerScope":{"containerScope":{"containerScope":{"containerScope":{"containerScope":{"containerScope":{"containerScope":{"contributions":{},"includedScopes":[]},"contributions":{},"includedScopes":[{"contributions":{},"includedScopes":[]},{"contributions":{},"includedScopes":[]},{"contributions":{},"includedScopes":[]},{"contributions":{},"includedScopes":[]},{"contributions":{},"includedScopes":[]}]},"contributions":{},"includedScopes":[{"containerScope":{"containerScope":{"containerScope":{"contributions":{},"includedScopes":[]},"contributions":{},"includedScopes":[]},"contributions":{},"includedScopes":[]},"contributions":{},"includedScopes":[]}]},"contributions":{},"includedScopes":[]},"contributions":{},"includedScopes":[]},"contributions":{},"includedScopes":[]},"contributions":{},"includedScopes":[{"containerScope":{"containerScope":{"containerScope":{"contributions":{},"includedScopes":[]},"contributions":{},"includedScopes":[]},"contributions":{},"includedScopes":[]},"contributions":{},"includedScopes":[{"containerScope":{"containerScope":{"containerScope":{"contributions":{},"includedScopes":[]},"contributions":{},"includedScopes":[]},"contributions":{},"includedScopes":[]},"contributions":{},"includedScopes":[]}]},{"containerScope":{"containerScope":{"containerScope":{"contributions":{},"includedScopes":[]},"contributions":{},"includedScopes":[]},"contributions":{},"includedScopes":[]},"contributions":{},"includedScopes":[]}]},"contributions":{},"includedScopes":[]},"contributions":{},"includedScopes":[]},"contributions":{},"includedScopes":[]},"contributions":{},"includedScopes":[]},"contributions":{},"includedScopes":[]},"sourceMap":{"end":{"column":56,"line":16,"offset":517},"start":{"column":52,"line":16,"offset":513}}}],"id":"13542a69-31b4-484d-ada7-bb1851ced272","message":"addVisual","metadata":[],"receiver":{"id":"1ea282e8-123d-4c31-966c-5bfe04e08ef7","metadata":[],"name":"game","scope":{"containerScope":{"containerScope":{"containerScope":{"containerScope":{"containerScope":{"containerScope":{"containerScope":{"containerScope":{"containerScope":{"containerScope":{"containerScope":{"contributions":{},"includedScopes":[]},"contributions":{},"includedScopes":[{"contributions":{},"includedScopes":[]},{"contributions":{},"includedScopes":[]},{"contributions":{},"includedScopes":[]},{"contributions":{},"includedScopes":[]},{"contributions":{},"includedScopes":[]}]},"contributions":{},"includedScopes":[{"containerScope":{"containerScope":{"containerScope":{"contributions":{},"includedScopes":[]},"contributions":{},"includedScopes":[]},"contributions":{},"includedScopes":[]},"contributions":{},"includedScopes":[]}]},"contributions":{},"includedScopes":[]},"contributions":{},"includedScopes":[]},"contributions":{},"includedScopes":[]},"contributions":{},"includedScopes":[{"containerScope":{"containerScope":{"containerScope":{"contributions":{},"includedScopes":[]},"contributions":{},"includedScopes":[]},"contributions":{},"includedScopes":[]},"contributions":{},"includedScopes":[{"containerScope":{"containerScope":{"containerScope":{"contributions":{},"includedScopes":[]},"contributions":{},"includedScopes":[]},"contributions":{},"includedScopes":[]},"contributions":{},"includedScopes":[]}]},{"containerScope":{"containerScope":{"containerScope":{"contributions":{},"includedScopes":[]},"contributions":{},"includedScopes":[]},"contributions":{},"includedScopes":[]},"contributions":{},"includedScopes":[]}]},"contributions":{},"includedScopes":[]},"contributions":{},"includedScopes":[]},"contributions":{},"includedScopes":[]},"contributions":{},"includedScopes":[]},"contributions":{},"includedScopes":[]},"sourceMap":{"end":{"column":41,"line":16,"offset":502},"start":{"column":37,"line":16,"offset":498}}},"scope":{"containerScope":{"containerScope":{"containerScope":{"containerScope":{"containerScope":{"containerScope":{"containerScope":{"containerScope":{"containerScope":{"containerScope":{"contributions":{},"includedScopes":[]},"contributions":{},"includedScopes":[{"contributions":{},"includedScopes":[]},{"contributions":{},"includedScopes":[]},{"contributions":{},"includedScopes":[]},{"contributions":{},"includedScopes":[]},{"contributions":{},"includedScopes":[]}]},"contributions":{},"includedScopes":[{"containerScope":{"containerScope":{"containerScope":{"contributions":{},"includedScopes":[]},"contributions":{},"includedScopes":[]},"contributions":{},"includedScopes":[]},"contributions":{},"includedScopes":[]}]},"contributions":{},"includedScopes":[]},"contributions":{},"includedScopes":[]},"contributions":{},"includedScopes":[]},"contributions":{},"includedScopes":[{"containerScope":{"containerScope":{"containerScope":{"contributions":{},"includedScopes":[]},"contributions":{},"includedScopes":[]},"contributions":{},"includedScopes":[]},"contributions":{},"includedScopes":[{"containerScope":{"containerScope":{"containerScope":{"contributions":{},"includedScopes":[]},"contributions":{},"includedScopes":[]},"contributions":{},"includedScopes":[]},"contributions":{},"includedScopes":[]}]},{"containerScope":{"containerScope":{"containerScope":{"contributions":{},"includedScopes":[]},"contributions":{},"includedScopes":[]},"contributions":{},"includedScopes":[]},"contributions":{},"includedScopes":[]}]},"contributions":{},"includedScopes":[]},"contributions":{},"includedScopes":[]},"contributions":{},"includedScopes":[]},"contributions":{},"includedScopes":[]},"sourceMap":{"end":{"column":57,"line":16,"offset":518},"start":{"column":37,"line":16,"offset":498}}}}]},"compiled":false,"id":"4a5658a2-3606-40a1-ab50-b87b7eeb06ac","isOverride":false,"metadata":[],"name":"<apply>","parameters":[],"scope":{"containerScope":{"containerScope":{"containerScope":{"containerScope":{"containerScope":{"containerScope":{"containerScope":{"contributions":{},"includedScopes":[]},"contributions":{},"includedScopes":[{"contributions":{},"includedScopes":[]},{"contributions":{},"includedScopes":[]},{"contributions":{},"includedScopes":[]},{"contributions":{},"includedScopes":[]},{"contributions":{},"includedScopes":[]}]},"contributions":{},"includedScopes":[{"containerScope":{"containerScope":{"containerScope":{"contributions":{},"includedScopes":[]},"contributions":{},"includedScopes":[]},"contributions":{},"includedScopes":[]},"contributions":{},"includedScopes":[]}]},"contributions":{},"includedScopes":[]},"contributions":{},"includedScopes":[]},"contributions":{},"includedScopes":[]},"contributions":{},"includedScopes":[{"containerScope":{"containerScope":{"containerScope":{"contributions":{},"includedScopes":[]},"contributions":{},"includedScopes":[]},"contributions":{},"includedScopes":[]},"contributions":{},"includedScopes":[{"containerScope":{"containerScope":{"containerScope":{"contributions":{},"includedScopes":[]},"contributions":{},"includedScopes":[]},"contributions":{},"includedScopes":[]},"contributions":{},"includedScopes":[]}]},{"containerScope":{"containerScope":{"containerScope":{"contributions":{},"includedScopes":[]},"contributions":{},"includedScopes":[]},"contributions":{},"includedScopes":[]},"contributions":{},"includedScopes":[]}]},"contributions":{},"includedScopes":[]}},{"id":"e46188eb-5c99-4a97-a3f2-b163496d08a1","isConstant":true,"isProperty":false,"metadata":[],"name":"<toString>","scope":{"containerScope":{"containerScope":{"containerScope":{"containerScope":{"containerScope":{"containerScope":{"containerScope":{"contributions":{},"includedScopes":[]},"contributions":{},"includedScopes":[{"contributions":{},"includedScopes":[]},{"contributions":{},"includedScopes":[]},{"contributions":{},"includedScopes":[]},{"contributions":{},"includedScopes":[]},{"contributions":{},"includedScopes":[]}]},"contributions":{},"includedScopes":[{"containerScope":{"containerScope":{"containerScope":{"contributions":{},"includedScopes":[]},"contributions":{},"includedScopes":[]},"contributions":{},"includedScopes":[]},"contributions":{},"includedScopes":[]}]},"contributions":{},"includedScopes":[]},"contributions":{},"includedScopes":[]},"contributions":{},"includedScopes":[]},"contributions":{},"includedScopes":[{"containerScope":{"containerScope":{"containerScope":{"contributions":{},"includedScopes":[]},"contributions":{},"includedScopes":[]},"contributions":{},"includedScopes":[]},"contributions":{},"includedScopes":[{"containerScope":{"containerScope":{"containerScope":{"contributions":{},"includedScopes":[]},"contributions":{},"includedScopes":[]},"contributions":{},"includedScopes":[]},"contributions":{},"includedScopes":[]}]},{"containerScope":{"containerScope":{"containerScope":{"contributions":{},"includedScopes":[]},"contributions":{},"includedScopes":[]},"contributions":{},"includedScopes":[]},"contributions":{},"includedScopes":[]}]},"contributions":{},"includedScopes":[]},"value":{"id":"361116b9-55d7-4386-96c6-3f63485d80bc","metadata":[],"scope":{"containerScope":{"containerScope":{"containerScope":{"containerScope":{"containerScope":{"containerScope":{"containerScope":{"containerScope":{"contributions":{},"includedScopes":[]},"contributions":{},"includedScopes":[{"contributions":{},"includedScopes":[]},{"contributions":{},"includedScopes":[]},{"contributions":{},"includedScopes":[]},{"contributions":{},"includedScopes":[]},{"contributions":{},"includedScopes":[]}]},"contributions":{},"includedScopes":[{"containerScope":{"containerScope":{"containerScope":{"contributions":{},"includedScopes":[]},"contributions":{},"includedScopes":[]},"contributions":{},"includedScopes":[]},"contributions":{},"includedScopes":[]}]},"contributions":{},"includedScopes":[]},"contributions":{},"includedScopes":[]},"contributions":{},"includedScopes":[]},"contributions":{},"includedScopes":[{"containerScope":{"containerScope":{"containerScope":{"contributions":{},"includedScopes":[]},"contributions":{},"includedScopes":[]},"contributions":{},"includedScopes":[]},"contributions":{},"includedScopes":[{"containerScope":{"containerScope":{"containerScope":{"contributions":{},"includedScopes":[]},"contributions":{},"includedScopes":[]},"contributions":{},"includedScopes":[]},"contributions":{},"includedScopes":[]}]},{"containerScope":{"containerScope":{"containerScope":{"contributions":{},"includedScopes":[]},"contributions":{},"includedScopes":[]},"contributions":{},"includedScopes":[]},"contributions":{},"includedScopes":[]}]},"contributions":{},"includedScopes":[]},"contributions":{},"includedScopes":[]},"value":"{game.addVisual(self)}"}}],"metadata":[],"scope":{"containerScope":{"containerScope":{"containerScope":{"containerScope":{"containerScope":{"containerScope":{"contributions":{},"includedScopes":[]},"contributions":{},"includedScopes":[{"contributions":{},"includedScopes":[]},{"contributions":{},"includedScopes":[]},{"contributions":{},"includedScopes":[]},{"contributions":{},"includedScopes":[]},{"contributions":{},"includedScopes":[]}]},"contributions":{},"includedScopes":[{"containerScope":{"containerScope":{"containerScope":{"contributions":{},"includedScopes":[]},"contributions":{},"includedScopes":[]},"contributions":{},"includedScopes":[]},"contributions":{},"includedScopes":[]}]},"contributions":{},"includedScopes":[]},"contributions":{},"includedScopes":[]},"contributions":{},"includedScopes":[]},"contributions":{},"includedScopes":[{"containerScope":{"containerScope":{"containerScope":{"contributions":{},"includedScopes":[]},"contributions":{},"includedScopes":[]},"contributions":{},"includedScopes":[]},"contributions":{},"includedScopes":[{"containerScope":{"containerScope":{"containerScope":{"contributions":{},"includedScopes":[]},"contributions":{},"includedScopes":[]},"contributions":{},"includedScopes":[]},"contributions":{},"includedScopes":[]}]},{"containerScope":{"containerScope":{"containerScope":{"contributions":{},"includedScopes":[]},"contributions":{},"includedScopes":[]},"contributions":{},"includedScopes":[]},"contributions":{},"includedScopes":[]}]},"sourceMap":{"end":{"column":58,"line":16,"offset":519},"start":{"column":36,"line":16,"offset":497}},"supertypes":[{"args":[],"id":"7b782875-8198-4f6b-bf4d-d78373102ad8","metadata":[],"reference":{"id":"60015ec3-53a5-446c-a75b-f65d38edd6e8","metadata":[],"name":"wollok.lang.Closure","scope":{"containerScope":{"containerScope":{"containerScope":{"containerScope":{"containerScope":{"containerScope":{"containerScope":{"contributions":{},"includedScopes":[]},"contributions":{},"includedScopes":[{"contributions":{},"includedScopes":[]},{"contributions":{},"includedScopes":[]},{"contributions":{},"includedScopes":[]},{"contributions":{},"includedScopes":[]},{"contributions":{},"includedScopes":[]}]},"contributions":{},"includedScopes":[{"containerScope":{"containerScope":{"containerScope":{"contributions":{},"includedScopes":[]},"contributions":{},"includedScopes":[]},"contributions":{},"includedScopes":[]},"contributions":{},"includedScopes":[]}]},"contributions":{},"includedScopes":[]},"contributions":{},"includedScopes":[]},"contributions":{},"includedScopes":[]},"contributions":{},"includedScopes":[{"containerScope":{"containerScope":{"containerScope":{"contributions":{},"includedScopes":[]},"contributions":{},"includedScopes":[]},"contributions":{},"includedScopes":[]},"contributions":{},"includedScopes":[{"containerScope":{"containerScope":{"containerScope":{"contributions":{},"includedScopes":[]},"contributions":{},"includedScopes":[]},"contributions":{},"includedScopes":[]},"contributions":{},"includedScopes":[]}]},{"containerScope":{"containerScope":{"containerScope":{"contributions":{},"includedScopes":[]},"contributions":{},"includedScopes":[]},"contributions":{},"includedScopes":[]},"contributions":{},"includedScopes":[]}]},"contributions":{},"includedScopes":[]}},"scope":{"containerScope":{"containerScope":{"containerScope":{"containerScope":{"containerScope":{"containerScope":{"containerScope":{"contributions":{},"includedScopes":[]},"contributions":{},"includedScopes":[{"contributions":{},"includedScopes":[]},{"contributions":{},"includedScopes":[]},{"contributions":{},"includedScopes":[]},{"contributions":{},"includedScopes":[]},{"contributions":{},"includedScopes":[]}]},"contributions":{},"includedScopes":[{"containerScope":{"containerScope":{"containerScope":{"contributions":{},"includedScopes":[]},"contributions":{},"includedScopes":[]},"contributions":{},"includedScopes":[]},"contributions":{},"includedScopes":[]}]},"contributions":{},"includedScopes":[]},"contributions":{},"includedScopes":[]},"contributions":{},"includedScopes":[]},"contributions":{},"includedScopes":[{"containerScope":{"containerScope":{"containerScope":{"contributions":{},"includedScopes":[]},"contributions":{},"includedScopes":[]},"contributions":{},"includedScopes":[]},"contributions":{},"includedScopes":[{"containerScope":{"containerScope":{"containerScope":{"contributions":{},"includedScopes":[]},"contributions":{},"includedScopes":[]},"contributions":{},"includedScopes":[]},"contributions":{},"includedScopes":[]}]},{"containerScope":{"containerScope":{"containerScope":{"contributions":{},"includedScopes":[]},"contributions":{},"includedScopes":[]},"contributions":{},"includedScopes":[]},"contributions":{},"includedScopes":[]}]},"contributions":{},"includedScopes":[]}}]}],"id":"06e6baf0-7e31-43b2-bfa8-5ddbf31ed006","message":"onPressDo","metadata":[],"receiver":{"args":[],"id":"ea1ad0bc-3999-4c4b-a589-69d0c24d5534","message":"enter","metadata":[],"receiver":{"id":"d2ac464c-6106-4896-b1d4-442a53641f58","metadata":[],"name":"keyboard","scope":{"containerScope":{"containerScope":{"containerScope":{"containerScope":{"containerScope":{"containerScope":{"containerScope":{"contributions":{},"includedScopes":[]},"contributions":{},"includedScopes":[{"contributions":{},"includedScopes":[]},{"contributions":{},"includedScopes":[]},{"contributions":{},"includedScopes":[]},{"contributions":{},"includedScopes":[]},{"contributions":{},"includedScopes":[]}]},"contributions":{},"includedScopes":[{"containerScope":{"containerScope":{"containerScope":{"contributions":{},"includedScopes":[]},"contributions":{},"includedScopes":[]},"contributions":{},"includedScopes":[]},"contributions":{},"includedScopes":[]}]},"contributions":{},"includedScopes":[]},"contributions":{},"includedScopes":[]},"contributions":{},"includedScopes":[]},"contributions":{},"includedScopes":[]},"contributions":{},"includedScopes":[]},"sourceMap":{"end":{"column":17,"line":16,"offset":478},"start":{"column":9,"line":16,"offset":470}}},"scope":{"containerScope":{"containerScope":{"containerScope":{"containerScope":{"containerScope":{"containerScope":{"contributions":{},"includedScopes":[]},"contributions":{},"includedScopes":[{"contributions":{},"includedScopes":[]},{"contributions":{},"includedScopes":[]},{"contributions":{},"includedScopes":[]},{"contributions":{},"includedScopes":[]},{"contributions":{},"includedScopes":[]}]},"contributions":{},"includedScopes":[{"containerScope":{"containerScope":{"containerScope":{"contributions":{},"includedScopes":[]},"contributions":{},"includedScopes":[]},"contributions":{},"includedScopes":[]},"contributions":{},"includedScopes":[]}]},"contributions":{},"includedScopes":[]},"contributions":{},"includedScopes":[]},"contributions":{},"includedScopes":[]},"contributions":{},"includedScopes":[]},"sourceMap":{"end":{"column":25,"line":16,"offset":486},"start":{"column":9,"line":16,"offset":470}}},"scope":{"containerScope":{"containerScope":{"containerScope":{"containerScope":{"containerScope":{"contributions":{},"includedScopes":[]},"contributions":{},"includedScopes":[{"contributions":{},"includedScopes":[]},{"contributions":{},"includedScopes":[]},{"contributions":{},"includedScopes":[]},{"contributions":{},"includedScopes":[]},{"contributions":{},"includedScopes":[]}]},"contributions":{},"includedScopes":[{"containerScope":{"containerScope":{"containerScope":{"contributions":{},"includedScopes":[]},"contributions":{},"includedScopes":[]},"contributions":{},"includedScopes":[]},"contributions":{},"includedScopes":[]}]},"contributions":{},"includedScopes":[]},"contributions":{},"includedScopes":[]},"contributions":{},"includedScopes":[]},"sourceMap":{"end":{"column":59,"line":16,"offset":520},"start":{"column":9,"line":16,"offset":470}}}],"sourceMap":{"end":{"column":6,"line":17,"offset":527},"start":{"column":29,"line":15,"offset":459}}},"compiled":false,"id":"dd75ac09-15dc-4614-99d3-34407704ae3e","isOverride":false,"metadata":[],"name":"aparecerAlTocar","parameters":[],"problems":[],"scope":{"containerScope":{"containerScope":{"containerScope":{"contributions":{},"includedScopes":[]},"contributions":{},"includedScopes":[{"contributions":{},"includedScopes":[]},{"contributions":{},"includedScopes":[]},{"contributions":{},"includedScopes":[]},{"contributions":{},"includedScopes":[]},{"contributions":{},"includedScopes":[]}]},"contributions":{},"includedScopes":[{"containerScope":{"containerScope":{"containerScope":{"contributions":{},"includedScopes":[]},"contributions":{},"includedScopes":[]},"contributions":{},"includedScopes":[]},"contributions":{},"includedScopes":[]}]},"contributions":{},"includedScopes":[]},"sourceMap":{"end":{"column":6,"line":17,"offset":527},"start":{"column":5,"line":15,"offset":435}}}],"metadata":[],"name":"pantallaInicial","problems":[],"scope":{"containerScope":{"containerScope":{"contributions":{},"includedScopes":[]},"contributions":{},"includedScopes":[{"contributions":{},"includedScopes":[]},{"contributions":{},"includedScopes":[]},{"contributions":{},"includedScopes":[]},{"contributions":{},"includedScopes":[]},{"contributions":{},"includedScopes":[]}]},"contributions":{},"includedScopes":[{"containerScope":{"containerScope":{"containerScope":{"contributions":{},"includedScopes":[]},"contributions":{},"includedScopes":[]},"contributions":{},"includedScopes":[]},"contributions":{},"includedScopes":[]}]},"sourceMap":{"end":{"column":2,"line":18,"offset":530},"start":{"column":1,"line":6,"offset":100}},"supertypes":[]},{"id":"65cb2049-c1aa-4992-84fc-2fecd14cdb8d","members":[{"id":"27f3aa4a-d555-440a-9f5a-04226b84a143","isConstant":true,"isProperty":false,"metadata":[],"name":"position","scope":{"containerScope":{"containerScope":{"containerScope":{"contributions":{},"includedScopes":[]},"contributions":{},"includedScopes":[{"contributions":{},"includedScopes":[]},{"contributions":{},"includedScopes":[]},{"contributions":{},"includedScopes":[]},{"contributions":{},"includedScopes":[]},{"contributions":{},"includedScopes":[]}]},"contributions":{},"includedScopes":[{"containerScope":{"containerScope":{"containerScope":{"contributions":{},"includedScopes":[]},"contributions":{},"includedScopes":[]},"contributions":{},"includedScopes":[]},"contributions":{},"includedScopes":[]}]},"contributions":{},"includedScopes":[]},"sourceMap":{"end":{"column":55,"line":20,"offset":604},"start":{"column":5,"line":20,"offset":554}},"value":{"args":[{"id":"9179a770-6b65-4406-98b5-430b93f39181","metadata":[],"name":"x","scope":{"containerScope":{"containerScope":{"containerScope":{"containerScope":{"containerScope":{"contributions":{},"includedScopes":[]},"contributions":{},"includedScopes":[{"contributions":{},"includedScopes":[]},{"contributions":{},"includedScopes":[]},{"contributions":{},"includedScopes":[]},{"contributions":{},"includedScopes":[]},{"contributions":{},"includedScopes":[]}]},"contributions":{},"includedScopes":[{"containerScope":{"containerScope":{"containerScope":{"contributions":{},"includedScopes":[]},"contributions":{},"includedScopes":[]},"contributions":{},"includedScopes":[]},"contributions":{},"includedScopes":[]}]},"contributions":{},"includedScopes":[]},"contributions":{},"includedScopes":[]},"contributions":{},"includedScopes":[]},"sourceMap":{"end":{"column":47,"line":20,"offset":596},"start":{"column":42,"line":20,"offset":591}},"value":{"id":"627f4a35-34d4-4960-8492-839babc084bc","metadata":[],"scope":{"containerScope":{"containerScope":{"containerScope":{"containerScope":{"containerScope":{"containerScope":{"contributions":{},"includedScopes":[]},"contributions":{},"includedScopes":[{"contributions":{},"includedScopes":[]},{"contributions":{},"includedScopes":[]},{"contributions":{},"includedScopes":[]},{"contributions":{},"includedScopes":[]},{"contributions":{},"includedScopes":[]}]},"contributions":{},"includedScopes":[{"containerScope":{"containerScope":{"containerScope":{"contributions":{},"includedScopes":[]},"contributions":{},"includedScopes":[]},"contributions":{},"includedScopes":[]},"contributions":{},"includedScopes":[]}]},"contributions":{},"includedScopes":[]},"contributions":{},"includedScopes":[]},"contributions":{},"includedScopes":[]},"contributions":{},"includedScopes":[]},"sourceMap":{"end":{"column":47,"line":20,"offset":596},"start":{"column":46,"line":20,"offset":595}},"value":0}},{"id":"bd0f1566-375e-41ae-9db1-1a8cc4e238a2","metadata":[],"name":"y","scope":{"containerScope":{"containerScope":{"containerScope":{"containerScope":{"containerScope":{"contributions":{},"includedScopes":[]},"contributions":{},"includedScopes":[{"contributions":{},"includedScopes":[]},{"contributions":{},"includedScopes":[]},{"contributions":{},"includedScopes":[]},{"contributions":{},"includedScopes":[]},{"contributions":{},"includedScopes":[]}]},"contributions":{},"includedScopes":[{"containerScope":{"containerScope":{"containerScope":{"contributions":{},"includedScopes":[]},"contributions":{},"includedScopes":[]},"contributions":{},"includedScopes":[]},"contributions":{},"includedScopes":[]}]},"contributions":{},"includedScopes":[]},"contributions":{},"includedScopes":[]},"contributions":{},"includedScopes":[]},"sourceMap":{"end":{"column":54,"line":20,"offset":603},"start":{"column":49,"line":20,"offset":598}},"value":{"id":"5f5e22dc-5b4c-4d3a-a8f7-bb0af35e289e","metadata":[],"scope":{"containerScope":{"containerScope":{"containerScope":{"containerScope":{"containerScope":{"containerScope":{"contributions":{},"includedScopes":[]},"contributions":{},"includedScopes":[{"contributions":{},"includedScopes":[]},{"contributions":{},"includedScopes":[]},{"contributions":{},"includedScopes":[]},{"contributions":{},"includedScopes":[]},{"contributions":{},"includedScopes":[]}]},"contributions":{},"includedScopes":[{"containerScope":{"containerScope":{"containerScope":{"contributions":{},"includedScopes":[]},"contributions":{},"includedScopes":[]},"contributions":{},"includedScopes":[]},"contributions":{},"includedScopes":[]}]},"contributions":{},"includedScopes":[]},"contributions":{},"includedScopes":[]},"contributions":{},"includedScopes":[]},"contributions":{},"includedScopes":[]},"sourceMap":{"end":{"column":54,"line":20,"offset":603},"start":{"column":53,"line":20,"offset":602}},"value":0}}],"id":"9a84ab9b-2116-43ca-9e6d-a4a9974da94e","instantiated":{"id":"898d8204-4e5c-46bc-9710-28a342dc973c","metadata":[],"name":"MutablePosition","scope":{"containerScope":{"containerScope":{"containerScope":{"containerScope":{"containerScope":{"contributions":{},"includedScopes":[]},"contributions":{},"includedScopes":[{"contributions":{},"includedScopes":[]},{"contributions":{},"includedScopes":[]},{"contributions":{},"includedScopes":[]},{"contributions":{},"includedScopes":[]},{"contributions":{},"includedScopes":[]}]},"contributions":{},"includedScopes":[{"containerScope":{"containerScope":{"containerScope":{"contributions":{},"includedScopes":[]},"contributions":{},"includedScopes":[]},"contributions":{},"includedScopes":[]},"contributions":{},"includedScopes":[]}]},"contributions":{},"includedScopes":[]},"contributions":{},"includedScopes":[]},"contributions":{},"includedScopes":[]},"sourceMap":{"end":{"column":41,"line":20,"offset":590},"start":{"column":26,"line":20,"offset":575}}},"metadata":[],"scope":{"containerScope":{"containerScope":{"containerScope":{"containerScope":{"contributions":{},"includedScopes":[]},"contributions":{},"includedScopes":[{"contributions":{},"includedScopes":[]},{"contributions":{},"includedScopes":[]},{"contributions":{},"includedScopes":[]},{"contributions":{},"includedScopes":[]},{"contributions":{},"includedScopes":[]}]},"contributions":{},"includedScopes":[{"containerScope":{"containerScope":{"containerScope":{"contributions":{},"includedScopes":[]},"contributions":{},"includedScopes":[]},"contributions":{},"includedScopes":[]},"contributions":{},"includedScopes":[]}]},"contributions":{},"includedScopes":[]},"contributions":{},"includedScopes":[]},"sourceMap":{"end":{"column":55,"line":20,"offset":604},"start":{"column":22,"line":20,"offset":571}}}},{"body":{"id":"10191e37-b6b7-4909-b639-b4472704704b","metadata":[],"problems":[],"scope":{"containerScope":{"containerScope":{"containerScope":{"containerScope":{"contributions":{},"includedScopes":[]},"contributions":{},"includedScopes":[{"contributions":{},"includedScopes":[]},{"contributions":{},"includedScopes":[]},{"contributions":{},"includedScopes":[]},{"contributions":{},"includedScopes":[]},{"contributions":{},"includedScopes":[]}]},"contributions":{},"includedScopes":[{"containerScope":{"containerScope":{"containerScope":{"contributions":{},"includedScopes":[]},"contributions":{},"includedScopes":[]},"contributions":{},"includedScopes":[]},"contributions":{},"includedScopes":[]}]},"contributions":{},"includedScopes":[]},"contributions":{},"includedScopes":[]},"sentences":[{"id":"1522d8e6-a421-4add-9625-22ad112f2b90","metadata":[],"scope":{"containerScope":{"containerScope":{"containerScope":{"containerScope":{"containerScope":{"contributions":{},"includedScopes":[]},"contributions":{},"includedScopes":[{"contributions":{},"includedScopes":[]},{"contributions":{},"includedScopes":[]},{"contributions":{},"includedScopes":[]},{"contributions":{},"includedScopes":[]},{"contributions":{},"includedScopes":[]}]},"contributions":{},"includedScopes":[{"containerScope":{"containerScope":{"containerScope":{"contributions":{},"includedScopes":[]},"contributions":{},"includedScopes":[]},"contributions":{},"includedScopes":[]},"contributions":{},"includedScopes":[]}]},"contributions":{},"includedScopes":[]},"contributions":{},"includedScopes":[]},"contributions":{},"includedScopes":[]},"value":{"id":"f4ce1bbc-fb8b-4525-b73c-dcceb93aa93a","metadata":[],"scope":{"containerScope":{"containerScope":{"containerScope":{"containerScope":{"containerScope":{"containerScope":{"contributions":{},"includedScopes":[]},"contributions":{},"includedScopes":[{"contributions":{},"includedScopes":[]},{"contributions":{},"includedScopes":[]},{"contributions":{},"includedScopes":[]},{"contributions":{},"includedScopes":[]},{"contributions":{},"includedScopes":[]}]},"contributions":{},"includedScopes":[{"containerScope":{"containerScope":{"containerScope":{"contributions":{},"includedScopes":[]},"contributions":{},"includedScopes":[]},"contributions":{},"includedScopes":[]},"contributions":{},"includedScopes":[]}]},"contributions":{},"includedScopes":[]},"contributions":{},"includedScopes":[]},"contributions":{},"includedScopes":[]},"contributions":{},"includedScopes":[]},"sourceMap":{"end":{"column":36,"line":21,"offset":641},"start":{"column":22,"line":21,"offset":627}},"value":"gameOver.png"}}],"sourceMap":{"end":{"column":36,"line":21,"offset":641},"start":{"column":22,"line":21,"offset":627}}},"compiled":false,"id":"02f5007d-f3b6-4e7d-9a3c-7778a51396ec","isOverride":false,"metadata":[],"name":"image","parameters":[],"problems":[],"scope":{"containerScope":{"containerScope":{"containerScope":{"contributions":{},"includedScopes":[]},"contributions":{},"includedScopes":[{"contributions":{},"includedScopes":[]},{"contributions":{},"includedScopes":[]},{"contributions":{},"includedScopes":[]},{"contributions":{},"includedScopes":[]},{"contributions":{},"includedScopes":[]}]},"contributions":{},"includedScopes":[{"containerScope":{"containerScope":{"containerScope":{"contributions":{},"includedScopes":[]},"contributions":{},"includedScopes":[]},"contributions":{},"includedScopes":[]},"contributions":{},"includedScopes":[]}]},"contributions":{},"includedScopes":[]},"sourceMap":{"end":{"column":36,"line":21,"offset":641},"start":{"column":5,"line":21,"offset":610}}},{"body":{"id":"02a2ae2d-2fea-4464-aecb-2df0f2ee884e","metadata":[],"problems":[],"scope":{"containerScope":{"containerScope":{"containerScope":{"containerScope":{"contributions":{},"includedScopes":[]},"contributions":{},"includedScopes":[{"contributions":{},"includedScopes":[]},{"contributions":{},"includedScopes":[]},{"contributions":{},"includedScopes":[]},{"contributions":{},"includedScopes":[]},{"contributions":{},"includedScopes":[]}]},"contributions":{},"includedScopes":[{"containerScope":{"containerScope":{"containerScope":{"contributions":{},"includedScopes":[]},"contributions":{},"includedScopes":[]},"contributions":{},"includedScopes":[]},"contributions":{},"includedScopes":[]}]},"contributions":{},"includedScopes":[]},"contributions":{},"includedScopes":[]},"sentences":[{"id":"6f11f2ad-9e13-4865-941e-6af9f817e883","metadata":[],"scope":{"containerScope":{"containerScope":{"containerScope":{"containerScope":{"containerScope":{"contributions":{},"includedScopes":[]},"contributions":{},"includedScopes":[{"contributions":{},"includedScopes":[]},{"contributions":{},"includedScopes":[]},{"contributions":{},"includedScopes":[]},{"contributions":{},"includedScopes":[]},{"contributions":{},"includedScopes":[]}]},"contributions":{},"includedScopes":[{"containerScope":{"containerScope":{"containerScope":{"contributions":{},"includedScopes":[]},"contributions":{},"includedScopes":[]},"contributions":{},"includedScopes":[]},"contributions":{},"includedScopes":[]}]},"contributions":{},"includedScopes":[]},"contributions":{},"includedScopes":[]},"contributions":{},"includedScopes":[]},"value":{"id":"f134a25e-6e6b-4858-97b9-ca85ff9534ee","metadata":[],"name":"position","scope":{"containerScope":{"containerScope":{"containerScope":{"containerScope":{"containerScope":{"containerScope":{"contributions":{},"includedScopes":[]},"contributions":{},"includedScopes":[{"contributions":{},"includedScopes":[]},{"contributions":{},"includedScopes":[]},{"contributions":{},"includedScopes":[]},{"contributions":{},"includedScopes":[]},{"contributions":{},"includedScopes":[]}]},"contributions":{},"includedScopes":[{"containerScope":{"containerScope":{"containerScope":{"contributions":{},"includedScopes":[]},"contributions":{},"includedScopes":[]},"contributions":{},"includedScopes":[]},"contributions":{},"includedScopes":[]}]},"contributions":{},"includedScopes":[]},"contributions":{},"includedScopes":[]},"contributions":{},"includedScopes":[]},"contributions":{},"includedScopes":[]},"sourceMap":{"end":{"column":31,"line":22,"offset":674},"start":{"column":23,"line":22,"offset":666}}}}],"sourceMap":{"end":{"column":31,"line":22,"offset":674},"start":{"column":23,"line":22,"offset":666}}},"compiled":false,"id":"f0eec0c0-c556-42fa-bd44-2f2f660333be","isOverride":false,"metadata":[],"name":"position","parameters":[],"problems":[],"scope":{"containerScope":{"containerScope":{"containerScope":{"contributions":{},"includedScopes":[]},"contributions":{},"includedScopes":[{"contributions":{},"includedScopes":[]},{"contributions":{},"includedScopes":[]},{"contributions":{},"includedScopes":[]},{"contributions":{},"includedScopes":[]},{"contributions":{},"includedScopes":[]}]},"contributions":{},"includedScopes":[{"containerScope":{"containerScope":{"containerScope":{"contributions":{},"includedScopes":[]},"contributions":{},"includedScopes":[]},"contributions":{},"includedScopes":[]},"contributions":{},"includedScopes":[]}]},"contributions":{},"includedScopes":[]},"sourceMap":{"end":{"column":31,"line":22,"offset":674},"start":{"column":5,"line":22,"offset":648}}}],"metadata":[],"name":"gameOver","problems":[],"scope":{"containerScope":{"containerScope":{"contributions":{},"includedScopes":[]},"contributions":{},"includedScopes":[{"contributions":{},"includedScopes":[]},{"contributions":{},"includedScopes":[]},{"contributions":{},"includedScopes":[]},{"contributions":{},"includedScopes":[]},{"contributions":{},"includedScopes":[]}]},"contributions":{},"includedScopes":[{"containerScope":{"containerScope":{"containerScope":{"contributions":{},"includedScopes":[]},"contributions":{},"includedScopes":[]},"contributions":{},"includedScopes":[]},"contributions":{},"includedScopes":[]}]},"sourceMap":{"end":{"column":2,"line":23,"offset":677},"start":{"column":1,"line":19,"offset":532}},"supertypes":[]},{"id":"6c2e5799-8f27-40d1-b9c8-623cc3e56523","members":[{"body":{"id":"b2bd7526-a0fb-4c2a-84b4-143b784ad5ad","metadata":[],"problems":[],"scope":{"containerScope":{"containerScope":{"containerScope":{"containerScope":{"contributions":{},"includedScopes":[]},"contributions":{},"includedScopes":[{"contributions":{},"includedScopes":[]},{"contributions":{},"includedScopes":[]},{"contributions":{},"includedScopes":[]},{"contributions":{},"includedScopes":[]},{"contributions":{},"includedScopes":[]}]},"contributions":{},"includedScopes":[{"containerScope":{"containerScope":{"containerScope":{"contributions":{},"includedScopes":[]},"contributions":{},"includedScopes":[]},"contributions":{},"includedScopes":[]},"contributions":{},"includedScopes":[]}]},"contributions":{},"includedScopes":[]},"contributions":{},"includedScopes":[]},"sentences":[{"id":"7abb93e0-04ca-461d-852c-ad540d71c5d6","metadata":[],"scope":{"containerScope":{"containerScope":{"containerScope":{"containerScope":{"containerScope":{"contributions":{},"includedScopes":[]},"contributions":{},"includedScopes":[{"contributions":{},"includedScopes":[]},{"contributions":{},"includedScopes":[]},{"contributions":{},"includedScopes":[]},{"contributions":{},"includedScopes":[]},{"contributions":{},"includedScopes":[]}]},"contributions":{},"includedScopes":[{"containerScope":{"containerScope":{"containerScope":{"contributions":{},"includedScopes":[]},"contributions":{},"includedScopes":[]},"contributions":{},"includedScopes":[]},"contributions":{},"includedScopes":[]}]},"contributions":{},"includedScopes":[]},"contributions":{},"includedScopes":[]},"contributions":{},"includedScopes":[]},"value":{"id":"7da07bac-2a31-421f-964a-ce4ea4bb6aff","metadata":[],"scope":{"containerScope":{"containerScope":{"containerScope":{"containerScope":{"containerScope":{"containerScope":{"contributions":{},"includedScopes":[]},"contributions":{},"includedScopes":[{"contributions":{},"includedScopes":[]},{"contributions":{},"includedScopes":[]},{"contributions":{},"includedScopes":[]},{"contributions":{},"includedScopes":[]},{"contributions":{},"includedScopes":[]}]},"contributions":{},"includedScopes":[{"containerScope":{"containerScope":{"containerScope":{"contributions":{},"includedScopes":[]},"contributions":{},"includedScopes":[]},"contributions":{},"includedScopes":[]},"contributions":{},"includedScopes":[]}]},"contributions":{},"includedScopes":[]},"contributions":{},"includedScopes":[]},"contributions":{},"includedScopes":[]},"contributions":{},"includedScopes":[]},"sourceMap":{"end":{"column":47,"line":25,"offset":745},"start":{"column":22,"line":25,"offset":720}},"value":"EscenarioNivelFacil.png"}}],"sourceMap":{"end":{"column":47,"line":25,"offset":745},"start":{"column":22,"line":25,"offset":720}}},"compiled":false,"id":"b46ce85e-8c0a-408a-89e0-4fcb2963351f","isOverride":false,"metadata":[],"name":"image","parameters":[],"problems":[],"scope":{"containerScope":{"containerScope":{"containerScope":{"contributions":{},"includedScopes":[]},"contributions":{},"includedScopes":[{"contributions":{},"includedScopes":[]},{"contributions":{},"includedScopes":[]},{"contributions":{},"includedScopes":[]},{"contributions":{},"includedScopes":[]},{"contributions":{},"includedScopes":[]}]},"contributions":{},"includedScopes":[{"containerScope":{"containerScope":{"containerScope":{"contributions":{},"includedScopes":[]},"contributions":{},"includedScopes":[]},"contributions":{},"includedScopes":[]},"contributions":{},"includedScopes":[]}]},"contributions":{},"includedScopes":[]},"sourceMap":{"end":{"column":47,"line":25,"offset":745},"start":{"column":5,"line":25,"offset":703}}},{"body":{"id":"f37449c5-5b77-4097-aeb6-52b73762fc6f","metadata":[],"problems":[],"scope":{"containerScope":{"containerScope":{"containerScope":{"containerScope":{"contributions":{},"includedScopes":[]},"contributions":{},"includedScopes":[{"contributions":{},"includedScopes":[]},{"contributions":{},"includedScopes":[]},{"contributions":{},"includedScopes":[]},{"contributions":{},"includedScopes":[]},{"contributions":{},"includedScopes":[]}]},"contributions":{},"includedScopes":[{"containerScope":{"containerScope":{"containerScope":{"contributions":{},"includedScopes":[]},"contributions":{},"includedScopes":[]},"contributions":{},"includedScopes":[]},"contributions":{},"includedScopes":[]}]},"contributions":{},"includedScopes":[]},"contributions":{},"includedScopes":[]},"sentences":[{"id":"73e54106-b438-4c57-8ff6-89f48d2dc460","metadata":[],"scope":{"containerScope":{"containerScope":{"containerScope":{"containerScope":{"containerScope":{"contributions":{},"includedScopes":[]},"contributions":{},"includedScopes":[{"contributions":{},"includedScopes":[]},{"contributions":{},"includedScopes":[]},{"contributions":{},"includedScopes":[]},{"contributions":{},"includedScopes":[]},{"contributions":{},"includedScopes":[]}]},"contributions":{},"includedScopes":[{"containerScope":{"containerScope":{"containerScope":{"contributions":{},"includedScopes":[]},"contributions":{},"includedScopes":[]},"contributions":{},"includedScopes":[]},"contributions":{},"includedScopes":[]}]},"contributions":{},"includedScopes":[]},"contributions":{},"includedScopes":[]},"contributions":{},"includedScopes":[]},"value":{"args":[{"id":"a92a3287-2e29-4650-b58e-9d4e6f993add","metadata":[],"name":"x","scope":{"containerScope":{"containerScope":{"containerScope":{"containerScope":{"containerScope":{"containerScope":{"containerScope":{"contributions":{},"includedScopes":[]},"contributions":{},"includedScopes":[{"contributions":{},"includedScopes":[]},{"contributions":{},"includedScopes":[]},{"contributions":{},"includedScopes":[]},{"contributions":{},"includedScopes":[]},{"contributions":{},"includedScopes":[]}]},"contributions":{},"includedScopes":[{"containerScope":{"containerScope":{"containerScope":{"contributions":{},"includedScopes":[]},"contributions":{},"includedScopes":[]},"contributions":{},"includedScopes":[]},"contributions":{},"includedScopes":[]}]},"contributions":{},"includedScopes":[]},"contributions":{},"includedScopes":[]},"contributions":{},"includedScopes":[]},"contributions":{},"includedScopes":[]},"contributions":{},"includedScopes":[]},"sourceMap":{"end":{"column":51,"line":26,"offset":798},"start":{"column":46,"line":26,"offset":793}},"value":{"id":"2a9b4033-e0b1-4d97-87f1-94e0cb027591","metadata":[],"scope":{"containerScope":{"containerScope":{"containerScope":{"containerScope":{"containerScope":{"containerScope":{"containerScope":{"containerScope":{"contributions":{},"includedScopes":[]},"contributions":{},"includedScopes":[{"contributions":{},"includedScopes":[]},{"contributions":{},"includedScopes":[]},{"contributions":{},"includedScopes":[]},{"contributions":{},"includedScopes":[]},{"contributions":{},"includedScopes":[]}]},"contributions":{},"includedScopes":[{"containerScope":{"containerScope":{"containerScope":{"contributions":{},"includedScopes":[]},"contributions":{},"includedScopes":[]},"contributions":{},"includedScopes":[]},"contributions":{},"includedScopes":[]}]},"contributions":{},"includedScopes":[]},"contributions":{},"includedScopes":[]},"contributions":{},"includedScopes":[]},"contributions":{},"includedScopes":[]},"contributions":{},"includedScopes":[]},"contributions":{},"includedScopes":[]},"sourceMap":{"end":{"column":51,"line":26,"offset":798},"start":{"column":50,"line":26,"offset":797}},"value":0}},{"id":"39bf96b2-a782-467e-be65-50e376333d53","metadata":[],"name":"y","scope":{"containerScope":{"containerScope":{"containerScope":{"containerScope":{"containerScope":{"containerScope":{"containerScope":{"contributions":{},"includedScopes":[]},"contributions":{},"includedScopes":[{"contributions":{},"includedScopes":[]},{"contributions":{},"includedScopes":[]},{"contributions":{},"includedScopes":[]},{"contributions":{},"includedScopes":[]},{"contributions":{},"includedScopes":[]}]},"contributions":{},"includedScopes":[{"containerScope":{"containerScope":{"containerScope":{"contributions":{},"includedScopes":[]},"contributions":{},"includedScopes":[]},"contributions":{},"includedScopes":[]},"contributions":{},"includedScopes":[]}]},"contributions":{},"includedScopes":[]},"contributions":{},"includedScopes":[]},"contributions":{},"includedScopes":[]},"contributions":{},"includedScopes":[]},"contributions":{},"includedScopes":[]},"sourceMap":{"end":{"column":58,"line":26,"offset":805},"start":{"column":53,"line":26,"offset":800}},"value":{"id":"70c9f46c-5365-4b19-8f85-5ff26387d622","metadata":[],"scope":{"containerScope":{"containerScope":{"containerScope":{"containerScope":{"containerScope":{"containerScope":{"containerScope":{"containerScope":{"contributions":{},"includedScopes":[]},"contributions":{},"includedScopes":[{"contributions":{},"includedScopes":[]},{"contributions":{},"includedScopes":[]},{"contributions":{},"includedScopes":[]},{"contributions":{},"includedScopes":[]},{"contributions":{},"includedScopes":[]}]},"contributions":{},"includedScopes":[{"containerScope":{"containerScope":{"containerScope":{"contributions":{},"includedScopes":[]},"contributions":{},"includedScopes":[]},"contributions":{},"includedScopes":[]},"contributions":{},"includedScopes":[]}]},"contributions":{},"includedScopes":[]},"contributions":{},"includedScopes":[]},"contributions":{},"includedScopes":[]},"contributions":{},"includedScopes":[]},"contributions":{},"includedScopes":[]},"contributions":{},"includedScopes":[]},"sourceMap":{"end":{"column":58,"line":26,"offset":805},"start":{"column":57,"line":26,"offset":804}},"value":0}}],"id":"aec01355-a4bc-4ae8-a062-a647be7bf4a9","instantiated":{"id":"4c572e7f-3546-499e-b5b6-444584b4d5c0","metadata":[],"name":"MutablePosition","scope":{"containerScope":{"containerScope":{"containerScope":{"containerScope":{"containerScope":{"containerScope":{"containerScope":{"contributions":{},"includedScopes":[]},"contributions":{},"includedScopes":[{"contributions":{},"includedScopes":[]},{"contributions":{},"includedScopes":[]},{"contributions":{},"includedScopes":[]},{"contributions":{},"includedScopes":[]},{"contributions":{},"includedScopes":[]}]},"contributions":{},"includedScopes":[{"containerScope":{"containerScope":{"containerScope":{"contributions":{},"includedScopes":[]},"contributions":{},"includedScopes":[]},"contributions":{},"includedScopes":[]},"contributions":{},"includedScopes":[]}]},"contributions":{},"includedScopes":[]},"contributions":{},"includedScopes":[]},"contributions":{},"includedScopes":[]},"contributions":{},"includedScopes":[]},"contributions":{},"includedScopes":[]},"sourceMap":{"end":{"column":45,"line":26,"offset":792},"start":{"column":30,"line":26,"offset":777}}},"metadata":[],"scope":{"containerScope":{"containerScope":{"containerScope":{"containerScope":{"containerScope":{"containerScope":{"contributions":{},"includedScopes":[]},"contributions":{},"includedScopes":[{"contributions":{},"includedScopes":[]},{"contributions":{},"includedScopes":[]},{"contributions":{},"includedScopes":[]},{"contributions":{},"includedScopes":[]},{"contributions":{},"includedScopes":[]}]},"contributions":{},"includedScopes":[{"containerScope":{"containerScope":{"containerScope":{"contributions":{},"includedScopes":[]},"contributions":{},"includedScopes":[]},"contributions":{},"includedScopes":[]},"contributions":{},"includedScopes":[]}]},"contributions":{},"includedScopes":[]},"contributions":{},"includedScopes":[]},"contributions":{},"includedScopes":[]},"contributions":{},"includedScopes":[]},"sourceMap":{"end":{"column":59,"line":26,"offset":806},"start":{"column":26,"line":26,"offset":773}}}}],"sourceMap":{"end":{"column":59,"line":26,"offset":806},"start":{"column":26,"line":26,"offset":773}}},"compiled":false,"id":"9f84fa2a-7da0-4cf9-be8e-3b87e10a9401","isOverride":false,"metadata":[],"name":"position","parameters":[],"problems":[],"scope":{"containerScope":{"containerScope":{"containerScope":{"contributions":{},"includedScopes":[]},"contributions":{},"includedScopes":[{"contributions":{},"includedScopes":[]},{"contributions":{},"includedScopes":[]},{"contributions":{},"includedScopes":[]},{"contributions":{},"includedScopes":[]},{"contributions":{},"includedScopes":[]}]},"contributions":{},"includedScopes":[{"containerScope":{"containerScope":{"containerScope":{"contributions":{},"includedScopes":[]},"contributions":{},"includedScopes":[]},"contributions":{},"includedScopes":[]},"contributions":{},"includedScopes":[]}]},"contributions":{},"includedScopes":[]},"sourceMap":{"end":{"column":59,"line":26,"offset":806},"start":{"column":5,"line":26,"offset":752}}},{"body":{"id":"f1bbcc1b-339e-4486-bb59-4b9996984057","metadata":[],"problems":[],"scope":{"containerScope":{"containerScope":{"containerScope":{"containerScope":{"contributions":{},"includedScopes":[]},"contributions":{},"includedScopes":[{"contributions":{},"includedScopes":[]},{"contributions":{},"includedScopes":[]},{"contributions":{},"includedScopes":[]},{"contributions":{},"includedScopes":[]},{"contributions":{},"includedScopes":[]}]},"contributions":{},"includedScopes":[{"containerScope":{"containerScope":{"containerScope":{"contributions":{},"includedScopes":[]},"contributions":{},"includedScopes":[]},"contributions":{},"includedScopes":[]},"contributions":{},"includedScopes":[]}]},"contributions":{},"includedScopes":[]},"contributions":{},"includedScopes":[]},"sentences":[{"args":[],"id":"43b8fd49-88f2-4358-b2bd-0e485f0409c4","message":"configTeclas","metadata":[],"receiver":{"id":"ae2f7b79-7276-4ee0-8ecb-fb63870c35c3","metadata":[{"args":{"position":"start","text":"//game.addVisual(self)"},"name":"comment"}],"name":"config","scope":{"containerScope":{"containerScope":{"containerScope":{"containerScope":{"containerScope":{"containerScope":{"contributions":{},"includedScopes":[]},"contributions":{},"includedScopes":[{"contributions":{},"includedScopes":[]},{"contributions":{},"includedScopes":[]},{"contributions":{},"includedScopes":[]},{"contributions":{},"includedScopes":[]},{"contributions":{},"includedScopes":[]}]},"contributions":{},"includedScopes":[{"containerScope":{"containerScope":{"containerScope":{"contributions":{},"includedScopes":[]},"contributions":{},"includedScopes":[]},"contributions":{},"includedScopes":[]},"contributions":{},"includedScopes":[]}]},"contributions":{},"includedScopes":[]},"contributions":{},"includedScopes":[]},"contributions":{},"includedScopes":[]},"contributions":{},"includedScopes":[]},"sourceMap":{"end":{"column":15,"line":29,"offset":884},"start":{"column":9,"line":29,"offset":878}}},"scope":{"containerScope":{"containerScope":{"containerScope":{"containerScope":{"containerScope":{"contributions":{},"includedScopes":[]},"contributions":{},"includedScopes":[{"contributions":{},"includedScopes":[]},{"contributions":{},"includedScopes":[]},{"contributions":{},"includedScopes":[]},{"contributions":{},"includedScopes":[]},{"contributions":{},"includedScopes":[]}]},"contributions":{},"includedScopes":[{"containerScope":{"containerScope":{"containerScope":{"contributions":{},"includedScopes":[]},"contributions":{},"includedScopes":[]},"contributions":{},"includedScopes":[]},"contributions":{},"includedScopes":[]}]},"contributions":{},"includedScopes":[]},"contributions":{},"includedScopes":[]},"contributions":{},"includedScopes":[]},"sourceMap":{"end":{"column":30,"line":29,"offset":899},"start":{"column":9,"line":28,"offset":846}}},{"args":[],"id":"110c6d41-964d-4e59-85d7-3014c65900bb","message":"iniciar","metadata":[],"receiver":{"id":"3d02876d-9ca6-4b02-bde7-ca02211d558a","metadata":[],"name":"magoProtagonista","scope":{"containerScope":{"containerScope":{"containerScope":{"containerScope":{"containerScope":{"containerScope":{"contributions":{},"includedScopes":[]},"contributions":{},"includedScopes":[{"contributions":{},"includedScopes":[]},{"contributions":{},"includedScopes":[]},{"contributions":{},"includedScopes":[]},{"contributions":{},"includedScopes":[]},{"contributions":{},"includedScopes":[]}]},"contributions":{},"includedScopes":[{"containerScope":{"containerScope":{"containerScope":{"contributions":{},"includedScopes":[]},"contributions":{},"includedScopes":[]},"contributions":{},"includedScopes":[]},"contributions":{},"includedScopes":[]}]},"contributions":{},"includedScopes":[]},"contributions":{},"includedScopes":[]},"contributions":{},"includedScopes":[]},"contributions":{},"includedScopes":[]},"sourceMap":{"end":{"column":25,"line":30,"offset":925},"start":{"column":9,"line":30,"offset":909}}},"scope":{"containerScope":{"containerScope":{"containerScope":{"containerScope":{"containerScope":{"contributions":{},"includedScopes":[]},"contributions":{},"includedScopes":[{"contributions":{},"includedScopes":[]},{"contributions":{},"includedScopes":[]},{"contributions":{},"includedScopes":[]},{"contributions":{},"includedScopes":[]},{"contributions":{},"includedScopes":[]}]},"contributions":{},"includedScopes":[{"containerScope":{"containerScope":{"containerScope":{"contributions":{},"includedScopes":[]},"contributions":{},"includedScopes":[]},"contributions":{},"includedScopes":[]},"contributions":{},"includedScopes":[]}]},"contributions":{},"includedScopes":[]},"contributions":{},"includedScopes":[]},"contributions":{},"includedScopes":[]},"sourceMap":{"end":{"column":35,"line":30,"offset":935},"start":{"column":8,"line":30,"offset":909}}},{"args":[{"id":"5b6196bf-4441-4221-8ab5-05c31e24b366","metadata":[],"scope":{"containerScope":{"containerScope":{"containerScope":{"containerScope":{"containerScope":{"containerScope":{"contributions":{},"includedScopes":[]},"contributions":{},"includedScopes":[{"contributions":{},"includedScopes":[]},{"contributions":{},"includedScopes":[]},{"contributions":{},"includedScopes":[]},{"contributions":{},"includedScopes":[]},{"contributions":{},"includedScopes":[]}]},"contributions":{},"includedScopes":[{"containerScope":{"containerScope":{"containerScope":{"contributions":{},"includedScopes":[]},"contributions":{},"includedScopes":[]},"contributions":{},"includedScopes":[]},"contributions":{},"includedScopes":[]}]},"contributions":{},"includedScopes":[]},"contributions":{},"includedScopes":[]},"contributions":{},"includedScopes":[]},"contributions":{},"includedScopes":[]},"sourceMap":{"end":{"column":85,"line":31,"offset":1021},"start":{"column":45,"line":31,"offset":981}},"value":[{"id":"3a84d352-adef-45c0-ba5f-a9c391181ac4","metadata":[],"name":"wollok.lang.List","scope":{"containerScope":{"containerScope":{"containerScope":{"containerScope":{"containerScope":{"containerScope":{"containerScope":{"contributions":{},"includedScopes":[]},"contributions":{},"includedScopes":[{"contributions":{},"includedScopes":[]},{"contributions":{},"includedScopes":[]},{"contributions":{},"includedScopes":[]},{"contributions":{},"includedScopes":[]},{"contributions":{},"includedScopes":[]}]},"contributions":{},"includedScopes":[{"containerScope":{"containerScope":{"containerScope":{"contributions":{},"includedScopes":[]},"contributions":{},"includedScopes":[]},"contributions":{},"includedScopes":[]},"contributions":{},"includedScopes":[]}]},"contributions":{},"includedScopes":[]},"contributions":{},"includedScopes":[]},"contributions":{},"includedScopes":[]},"contributions":{},"includedScopes":[]},"contributions":{},"includedScopes":[]}},[{"id":"4fffde9c-37cc-41f7-b6c0-e38623d3f723","metadata":[],"name":"dragon","scope":{"containerScope":{"containerScope":{"containerScope":{"containerScope":{"containerScope":{"containerScope":{"containerScope":{"contributions":{},"includedScopes":[]},"contributions":{},"includedScopes":[{"contributions":{},"includedScopes":[]},{"contributions":{},"includedScopes":[]},{"contributions":{},"includedScopes":[]},{"contributions":{},"includedScopes":[]},{"contributions":{},"includedScopes":[]}]},"contributions":{},"includedScopes":[{"containerScope":{"containerScope":{"containerScope":{"contributions":{},"includedScopes":[]},"contributions":{},"includedScopes":[]},"contributions":{},"includedScopes":[]},"contributions":{},"includedScopes":[]}]},"contributions":{},"includedScopes":[]},"contributions":{},"includedScopes":[]},"contributions":{},"includedScopes":[]},"contributions":{},"includedScopes":[]},"contributions":{},"includedScopes":[]},"sourceMap":{"end":{"column":52,"line":31,"offset":988},"start":{"column":46,"line":31,"offset":982}}},{"id":"92aa3bde-be0c-4ac9-94c4-b4054d5fb6c4","metadata":[],"name":"dragon","scope":{"containerScope":{"containerScope":{"containerScope":{"containerScope":{"containerScope":{"containerScope":{"containerScope":{"contributions":{},"includedScopes":[]},"contributions":{},"includedScopes":[{"contributions":{},"includedScopes":[]},{"contributions":{},"includedScopes":[]},{"contributions":{},"includedScopes":[]},{"contributions":{},"includedScopes":[]},{"contributions":{},"includedScopes":[]}]},"contributions":{},"includedScopes":[{"containerScope":{"containerScope":{"containerScope":{"contributions":{},"includedScopes":[]},"contributions":{},"includedScopes":[]},"contributions":{},"includedScopes":[]},"contributions":{},"includedScopes":[]}]},"contributions":{},"includedScopes":[]},"contributions":{},"includedScopes":[]},"contributions":{},"includedScopes":[]},"contributions":{},"includedScopes":[]},"contributions":{},"includedScopes":[]},"sourceMap":{"end":{"column":60,"line":31,"offset":996},"start":{"column":54,"line":31,"offset":990}}},{"id":"af9a3134-369c-440d-97b9-57347d5cd49a","metadata":[],"name":"dragon","scope":{"containerScope":{"containerScope":{"containerScope":{"containerScope":{"containerScope":{"containerScope":{"containerScope":{"contributions":{},"includedScopes":[]},"contributions":{},"includedScopes":[{"contributions":{},"includedScopes":[]},{"contributions":{},"includedScopes":[]},{"contributions":{},"includedScopes":[]},{"contributions":{},"includedScopes":[]},{"contributions":{},"includedScopes":[]}]},"contributions":{},"includedScopes":[{"containerScope":{"containerScope":{"containerScope":{"contributions":{},"includedScopes":[]},"contributions":{},"includedScopes":[]},"contributions":{},"includedScopes":[]},"contributions":{},"includedScopes":[]}]},"contributions":{},"includedScopes":[]},"contributions":{},"includedScopes":[]},"contributions":{},"includedScopes":[]},"contributions":{},"includedScopes":[]},"contributions":{},"includedScopes":[]},"sourceMap":{"end":{"column":68,"line":31,"offset":1004},"start":{"column":62,"line":31,"offset":998}}},{"id":"80097d88-9d86-4cba-adb6-7cd44e924711","metadata":[],"name":"dragon","scope":{"containerScope":{"containerScope":{"containerScope":{"containerScope":{"containerScope":{"containerScope":{"containerScope":{"contributions":{},"includedScopes":[]},"contributions":{},"includedScopes":[{"contributions":{},"includedScopes":[]},{"contributions":{},"includedScopes":[]},{"contributions":{},"includedScopes":[]},{"contributions":{},"includedScopes":[]},{"contributions":{},"includedScopes":[]}]},"contributions":{},"includedScopes":[{"containerScope":{"containerScope":{"containerScope":{"contributions":{},"includedScopes":[]},"contributions":{},"includedScopes":[]},"contributions":{},"includedScopes":[]},"contributions":{},"includedScopes":[]}]},"contributions":{},"includedScopes":[]},"contributions":{},"includedScopes":[]},"contributions":{},"includedScopes":[]},"contributions":{},"includedScopes":[]},"contributions":{},"includedScopes":[]},"sourceMap":{"end":{"column":76,"line":31,"offset":1012},"start":{"column":70,"line":31,"offset":1006}}},{"id":"d4ca942d-b57d-4495-8bdf-47d6f9820750","metadata":[],"name":"dragon","scope":{"containerScope":{"containerScope":{"containerScope":{"containerScope":{"containerScope":{"containerScope":{"containerScope":{"contributions":{},"includedScopes":[]},"contributions":{},"includedScopes":[{"contributions":{},"includedScopes":[]},{"contributions":{},"includedScopes":[]},{"contributions":{},"includedScopes":[]},{"contributions":{},"includedScopes":[]},{"contributions":{},"includedScopes":[]}]},"contributions":{},"includedScopes":[{"containerScope":{"containerScope":{"containerScope":{"contributions":{},"includedScopes":[]},"contributions":{},"includedScopes":[]},"contributions":{},"includedScopes":[]},"contributions":{},"includedScopes":[]}]},"contributions":{},"includedScopes":[]},"contributions":{},"includedScopes":[]},"contributions":{},"includedScopes":[]},"contributions":{},"includedScopes":[]},"contributions":{},"includedScopes":[]},"sourceMap":{"end":{"column":84,"line":31,"offset":1020},"start":{"column":78,"line":31,"offset":1014}}}]]}],"id":"a399f5cc-83b8-4f90-ae70-4102c20e2c6a","message":"iniciarOleada","metadata":[],"receiver":{"id":"1f4da372-eac4-4f5c-95cd-834fff1339ad","metadata":[],"name":"administradorDeOleadas","scope":{"containerScope":{"containerScope":{"containerScope":{"containerScope":{"containerScope":{"containerScope":{"contributions":{},"includedScopes":[]},"contributions":{},"includedScopes":[{"contributions":{},"includedScopes":[]},{"contributions":{},"includedScopes":[]},{"contributions":{},"includedScopes":[]},{"contributions":{},"includedScopes":[]},{"contributions":{},"includedScopes":[]}]},"contributions":{},"includedScopes":[{"containerScope":{"containerScope":{"containerScope":{"contributions":{},"includedScopes":[]},"contributions":{},"includedScopes":[]},"contributions":{},"includedScopes":[]},"contributions":{},"includedScopes":[]}]},"contributions":{},"includedScopes":[]},"contributions":{},"includedScopes":[]},"contributions":{},"includedScopes":[]},"contributions":{},"includedScopes":[]},"sourceMap":{"end":{"column":30,"line":31,"offset":966},"start":{"column":8,"line":31,"offset":944}}},"scope":{"containerScope":{"containerScope":{"containerScope":{"containerScope":{"containerScope":{"contributions":{},"includedScopes":[]},"contributions":{},"includedScopes":[{"contributions":{},"includedScopes":[]},{"contributions":{},"includedScopes":[]},{"contributions":{},"includedScopes":[]},{"contributions":{},"includedScopes":[]},{"contributions":{},"includedScopes":[]}]},"contributions":{},"includedScopes":[{"containerScope":{"containerScope":{"containerScope":{"contributions":{},"includedScopes":[]},"contributions":{},"includedScopes":[]},"contributions":{},"includedScopes":[]},"contributions":{},"includedScopes":[]}]},"contributions":{},"includedScopes":[]},"contributions":{},"includedScopes":[]},"contributions":{},"includedScopes":[]},"sourceMap":{"end":{"column":86,"line":31,"offset":1022},"start":{"column":7,"line":31,"offset":944}}},{"args":[{"id":"776fda6b-b9ad-47af-990e-7138c6bdf374","metadata":[],"name":"bastion","scope":{"containerScope":{"containerScope":{"containerScope":{"containerScope":{"containerScope":{"containerScope":{"contributions":{},"includedScopes":[]},"contributions":{},"includedScopes":[{"contributions":{},"includedScopes":[]},{"contributions":{},"includedScopes":[]},{"contributions":{},"includedScopes":[]},{"contributions":{},"includedScopes":[]},{"contributions":{},"includedScopes":[]}]},"contributions":{},"includedScopes":[{"containerScope":{"containerScope":{"containerScope":{"contributions":{},"includedScopes":[]},"contributions":{},"includedScopes":[]},"contributions":{},"includedScopes":[]},"contributions":{},"includedScopes":[]}]},"contributions":{},"includedScopes":[]},"contributions":{},"includedScopes":[]},"contributions":{},"includedScopes":[]},"contributions":{},"includedScopes":[]},"sourceMap":{"end":{"column":31,"line":32,"offset":1054},"start":{"column":24,"line":32,"offset":1047}}}],"id":"0152da9c-eadb-4aa9-8a37-91a05906cabc","message":"addVisual","metadata":[],"receiver":{"id":"97f03073-806c-466a-8efe-1a5248b4df76","metadata":[],"name":"game","scope":{"containerScope":{"containerScope":{"containerScope":{"containerScope":{"containerScope":{"containerScope":{"contributions":{},"includedScopes":[]},"contributions":{},"includedScopes":[{"contributions":{},"includedScopes":[]},{"contributions":{},"includedScopes":[]},{"contributions":{},"includedScopes":[]},{"contributions":{},"includedScopes":[]},{"contributions":{},"includedScopes":[]}]},"contributions":{},"includedScopes":[{"containerScope":{"containerScope":{"containerScope":{"contributions":{},"includedScopes":[]},"contributions":{},"includedScopes":[]},"contributions":{},"includedScopes":[]},"contributions":{},"includedScopes":[]}]},"contributions":{},"includedScopes":[]},"contributions":{},"includedScopes":[]},"contributions":{},"includedScopes":[]},"contributions":{},"includedScopes":[]},"sourceMap":{"end":{"column":13,"line":32,"offset":1036},"start":{"column":9,"line":32,"offset":1032}}},"scope":{"containerScope":{"containerScope":{"containerScope":{"containerScope":{"containerScope":{"contributions":{},"includedScopes":[]},"contributions":{},"includedScopes":[{"contributions":{},"includedScopes":[]},{"contributions":{},"includedScopes":[]},{"contributions":{},"includedScopes":[]},{"contributions":{},"includedScopes":[]},{"contributions":{},"includedScopes":[]}]},"contributions":{},"includedScopes":[{"containerScope":{"containerScope":{"containerScope":{"contributions":{},"includedScopes":[]},"contributions":{},"includedScopes":[]},"contributions":{},"includedScopes":[]},"contributions":{},"includedScopes":[]}]},"contributions":{},"includedScopes":[]},"contributions":{},"includedScopes":[]},"contributions":{},"includedScopes":[]},"sourceMap":{"end":{"column":32,"line":32,"offset":1055},"start":{"column":8,"line":32,"offset":1032}}}],"sourceMap":{"end":{"column":6,"line":33,"offset":1062},"start":{"column":28,"line":27,"offset":835}}},"compiled":false,"id":"7e499c58-851c-4782-8323-65d00219bb20","isOverride":false,"metadata":[],"name":"iniciarNivel","parameters":[],"problems":[],"scope":{"containerScope":{"containerScope":{"containerScope":{"contributions":{},"includedScopes":[]},"contributions":{},"includedScopes":[{"contributions":{},"includedScopes":[]},{"contributions":{},"includedScopes":[]},{"contributions":{},"includedScopes":[]},{"contributions":{},"includedScopes":[]},{"contributions":{},"includedScopes":[]}]},"contributions":{},"includedScopes":[{"containerScope":{"containerScope":{"containerScope":{"contributions":{},"includedScopes":[]},"contributions":{},"includedScopes":[]},"contributions":{},"includedScopes":[]},"contributions":{},"includedScopes":[]}]},"contributions":{},"includedScopes":[]},"sourceMap":{"end":{"column":6,"line":33,"offset":1062},"start":{"column":6,"line":27,"offset":813}}}],"metadata":[],"name":"nivelFacil","problems":[],"scope":{"containerScope":{"containerScope":{"contributions":{},"includedScopes":[]},"contributions":{},"includedScopes":[{"contributions":{},"includedScopes":[]},{"contributions":{},"includedScopes":[]},{"contributions":{},"includedScopes":[]},{"contributions":{},"includedScopes":[]},{"contributions":{},"includedScopes":[]}]},"contributions":{},"includedScopes":[{"containerScope":{"containerScope":{"containerScope":{"contributions":{},"includedScopes":[]},"contributions":{},"includedScopes":[]},"contributions":{},"includedScopes":[]},"contributions":{},"includedScopes":[]}]},"sourceMap":{"end":{"column":2,"line":35,"offset":1071},"start":{"column":1,"line":24,"offset":679}},"supertypes":[]},{"id":"52f9903b-c45a-47bb-b660-3bb3765ec8e1","members":[{"body":{"id":"a0d44bfc-2d36-4c62-a0a4-d50097ebbb5c","metadata":[],"problems":[],"scope":{"containerScope":{"containerScope":{"containerScope":{"containerScope":{"contributions":{},"includedScopes":[]},"contributions":{},"includedScopes":[{"contributions":{},"includedScopes":[]},{"contributions":{},"includedScopes":[]},{"contributions":{},"includedScopes":[]},{"contributions":{},"includedScopes":[]},{"contributions":{},"includedScopes":[]}]},"contributions":{},"includedScopes":[{"containerScope":{"containerScope":{"containerScope":{"contributions":{},"includedScopes":[]},"contributions":{},"includedScopes":[]},"contributions":{},"includedScopes":[]},"contributions":{},"includedScopes":[]}]},"contributions":{},"includedScopes":[]},"contributions":{},"includedScopes":[]},"sentences":[{"id":"2bcb99b9-530d-4def-af44-17029c781d2d","metadata":[],"scope":{"containerScope":{"containerScope":{"containerScope":{"containerScope":{"containerScope":{"contributions":{},"includedScopes":[]},"contributions":{},"includedScopes":[{"contributions":{},"includedScopes":[]},{"contributions":{},"includedScopes":[]},{"contributions":{},"includedScopes":[]},{"contributions":{},"includedScopes":[]},{"contributions":{},"includedScopes":[]}]},"contributions":{},"includedScopes":[{"containerScope":{"containerScope":{"containerScope":{"contributions":{},"includedScopes":[]},"contributions":{},"includedScopes":[]},"contributions":{},"includedScopes":[]},"contributions":{},"includedScopes":[]}]},"contributions":{},"includedScopes":[]},"contributions":{},"includedScopes":[]},"contributions":{},"includedScopes":[]},"value":{"id":"2974932d-7dcc-4c0b-a295-c121a41c2e6d","metadata":[],"scope":{"containerScope":{"containerScope":{"containerScope":{"containerScope":{"containerScope":{"containerScope":{"contributions":{},"includedScopes":[]},"contributions":{},"includedScopes":[{"contributions":{},"includedScopes":[]},{"contributions":{},"includedScopes":[]},{"contributions":{},"includedScopes":[]},{"contributions":{},"includedScopes":[]},{"contributions":{},"includedScopes":[]}]},"contributions":{},"includedScopes":[{"containerScope":{"containerScope":{"containerScope":{"contributions":{},"includedScopes":[]},"contributions":{},"includedScopes":[]},"contributions":{},"includedScopes":[]},"contributions":{},"includedScopes":[]}]},"contributions":{},"includedScopes":[]},"contributions":{},"includedScopes":[]},"contributions":{},"includedScopes":[]},"contributions":{},"includedScopes":[]},"sourceMap":{"end":{"column":44,"line":37,"offset":1139},"start":{"column":21,"line":37,"offset":1116}},"value":"escenarioSurvival.png"}}],"sourceMap":{"end":{"column":44,"line":37,"offset":1139},"start":{"column":21,"line":37,"offset":1116}}},"compiled":false,"id":"a7c6a2ce-6364-4915-ace4-e0c8aa73f09f","isOverride":false,"metadata":[],"name":"image","parameters":[],"problems":[],"scope":{"containerScope":{"containerScope":{"containerScope":{"contributions":{},"includedScopes":[]},"contributions":{},"includedScopes":[{"contributions":{},"includedScopes":[]},{"contributions":{},"includedScopes":[]},{"contributions":{},"includedScopes":[]},{"contributions":{},"includedScopes":[]},{"contributions":{},"includedScopes":[]}]},"contributions":{},"includedScopes":[{"containerScope":{"containerScope":{"containerScope":{"contributions":{},"includedScopes":[]},"contributions":{},"includedScopes":[]},"contributions":{},"includedScopes":[]},"contributions":{},"includedScopes":[]}]},"contributions":{},"includedScopes":[]},"sourceMap":{"end":{"column":44,"line":37,"offset":1139},"start":{"column":4,"line":37,"offset":1099}}},{"body":{"id":"fcaf4b21-302d-4c28-8111-542a412102ea","metadata":[],"problems":[],"scope":{"containerScope":{"containerScope":{"containerScope":{"containerScope":{"contributions":{},"includedScopes":[]},"contributions":{},"includedScopes":[{"contributions":{},"includedScopes":[]},{"contributions":{},"includedScopes":[]},{"contributions":{},"includedScopes":[]},{"contributions":{},"includedScopes":[]},{"contributions":{},"includedScopes":[]}]},"contributions":{},"includedScopes":[{"containerScope":{"containerScope":{"containerScope":{"contributions":{},"includedScopes":[]},"contributions":{},"includedScopes":[]},"contributions":{},"includedScopes":[]},"contributions":{},"includedScopes":[]}]},"contributions":{},"includedScopes":[]},"contributions":{},"includedScopes":[]},"sentences":[{"id":"6372cbd8-3eba-4487-90d9-6dec2009644a","metadata":[],"scope":{"containerScope":{"containerScope":{"containerScope":{"containerScope":{"containerScope":{"contributions":{},"includedScopes":[]},"contributions":{},"includedScopes":[{"contributions":{},"includedScopes":[]},{"contributions":{},"includedScopes":[]},{"contributions":{},"includedScopes":[]},{"contributions":{},"includedScopes":[]},{"contributions":{},"includedScopes":[]}]},"contributions":{},"includedScopes":[{"containerScope":{"containerScope":{"containerScope":{"contributions":{},"includedScopes":[]},"contributions":{},"includedScopes":[]},"contributions":{},"includedScopes":[]},"contributions":{},"includedScopes":[]}]},"contributions":{},"includedScopes":[]},"contributions":{},"includedScopes":[]},"contributions":{},"includedScopes":[]},"value":{"args":[{"id":"c8867e89-20e0-4c83-8f73-34f3a157bdbf","metadata":[],"name":"x","scope":{"containerScope":{"containerScope":{"containerScope":{"containerScope":{"containerScope":{"containerScope":{"containerScope":{"contributions":{},"includedScopes":[]},"contributions":{},"includedScopes":[{"contributions":{},"includedScopes":[]},{"contributions":{},"includedScopes":[]},{"contributions":{},"includedScopes":[]},{"contributions":{},"includedScopes":[]},{"contributions":{},"includedScopes":[]}]},"contributions":{},"includedScopes":[{"containerScope":{"containerScope":{"containerScope":{"contributions":{},"includedScopes":[]},"contributions":{},"includedScopes":[]},"contributions":{},"includedScopes":[]},"contributions":{},"includedScopes":[]}]},"contributions":{},"includedScopes":[]},"contributions":{},"includedScopes":[]},"contributions":{},"includedScopes":[]},"contributions":{},"includedScopes":[]},"contributions":{},"includedScopes":[]},"sourceMap":{"end":{"column":50,"line":38,"offset":1190},"start":{"column":45,"line":38,"offset":1185}},"value":{"id":"1c9cc00d-b90f-4614-ad1b-dc1a6a9f01b5","metadata":[],"scope":{"containerScope":{"containerScope":{"containerScope":{"containerScope":{"containerScope":{"containerScope":{"containerScope":{"containerScope":{"contributions":{},"includedScopes":[]},"contributions":{},"includedScopes":[{"contributions":{},"includedScopes":[]},{"contributions":{},"includedScopes":[]},{"contributions":{},"includedScopes":[]},{"contributions":{},"includedScopes":[]},{"contributions":{},"includedScopes":[]}]},"contributions":{},"includedScopes":[{"containerScope":{"containerScope":{"containerScope":{"contributions":{},"includedScopes":[]},"contributions":{},"includedScopes":[]},"contributions":{},"includedScopes":[]},"contributions":{},"includedScopes":[]}]},"contributions":{},"includedScopes":[]},"contributions":{},"includedScopes":[]},"contributions":{},"includedScopes":[]},"contributions":{},"includedScopes":[]},"contributions":{},"includedScopes":[]},"contributions":{},"includedScopes":[]},"sourceMap":{"end":{"column":50,"line":38,"offset":1190},"start":{"column":49,"line":38,"offset":1189}},"value":0}},{"id":"8ff98460-5184-4dae-8713-4c56ac26a59b","metadata":[],"name":"y","scope":{"containerScope":{"containerScope":{"containerScope":{"containerScope":{"containerScope":{"containerScope":{"containerScope":{"contributions":{},"includedScopes":[]},"contributions":{},"includedScopes":[{"contributions":{},"includedScopes":[]},{"contributions":{},"includedScopes":[]},{"contributions":{},"includedScopes":[]},{"contributions":{},"includedScopes":[]},{"contributions":{},"includedScopes":[]}]},"contributions":{},"includedScopes":[{"containerScope":{"containerScope":{"containerScope":{"contributions":{},"includedScopes":[]},"contributions":{},"includedScopes":[]},"contributions":{},"includedScopes":[]},"contributions":{},"includedScopes":[]}]},"contributions":{},"includedScopes":[]},"contributions":{},"includedScopes":[]},"contributions":{},"includedScopes":[]},"contributions":{},"includedScopes":[]},"contributions":{},"includedScopes":[]},"sourceMap":{"end":{"column":57,"line":38,"offset":1197},"start":{"column":52,"line":38,"offset":1192}},"value":{"id":"638b68ef-9826-4640-80fb-9a0a2b407877","metadata":[],"scope":{"containerScope":{"containerScope":{"containerScope":{"containerScope":{"containerScope":{"containerScope":{"containerScope":{"containerScope":{"contributions":{},"includedScopes":[]},"contributions":{},"includedScopes":[{"contributions":{},"includedScopes":[]},{"contributions":{},"includedScopes":[]},{"contributions":{},"includedScopes":[]},{"contributions":{},"includedScopes":[]},{"contributions":{},"includedScopes":[]}]},"contributions":{},"includedScopes":[{"containerScope":{"containerScope":{"containerScope":{"contributions":{},"includedScopes":[]},"contributions":{},"includedScopes":[]},"contributions":{},"includedScopes":[]},"contributions":{},"includedScopes":[]}]},"contributions":{},"includedScopes":[]},"contributions":{},"includedScopes":[]},"contributions":{},"includedScopes":[]},"contributions":{},"includedScopes":[]},"contributions":{},"includedScopes":[]},"contributions":{},"includedScopes":[]},"sourceMap":{"end":{"column":57,"line":38,"offset":1197},"start":{"column":56,"line":38,"offset":1196}},"value":0}}],"id":"5a5c9f1d-64d0-4f97-a3bd-c989ea72fb1a","instantiated":{"id":"46c3230a-6534-4ba5-8eaf-33e1aaf5516e","metadata":[],"name":"MutablePosition","scope":{"containerScope":{"containerScope":{"containerScope":{"containerScope":{"containerScope":{"containerScope":{"containerScope":{"contributions":{},"includedScopes":[]},"contributions":{},"includedScopes":[{"contributions":{},"includedScopes":[]},{"contributions":{},"includedScopes":[]},{"contributions":{},"includedScopes":[]},{"contributions":{},"includedScopes":[]},{"contributions":{},"includedScopes":[]}]},"contributions":{},"includedScopes":[{"containerScope":{"containerScope":{"containerScope":{"contributions":{},"includedScopes":[]},"contributions":{},"includedScopes":[]},"contributions":{},"includedScopes":[]},"contributions":{},"includedScopes":[]}]},"contributions":{},"includedScopes":[]},"contributions":{},"includedScopes":[]},"contributions":{},"includedScopes":[]},"contributions":{},"includedScopes":[]},"contributions":{},"includedScopes":[]},"sourceMap":{"end":{"column":44,"line":38,"offset":1184},"start":{"column":29,"line":38,"offset":1169}}},"metadata":[],"scope":{"containerScope":{"containerScope":{"containerScope":{"containerScope":{"containerScope":{"containerScope":{"contributions":{},"includedScopes":[]},"contributions":{},"includedScopes":[{"contributions":{},"includedScopes":[]},{"contributions":{},"includedScopes":[]},{"contributions":{},"includedScopes":[]},{"contributions":{},"includedScopes":[]},{"contributions":{},"includedScopes":[]}]},"contributions":{},"includedScopes":[{"containerScope":{"containerScope":{"containerScope":{"contributions":{},"includedScopes":[]},"contributions":{},"includedScopes":[]},"contributions":{},"includedScopes":[]},"contributions":{},"includedScopes":[]}]},"contributions":{},"includedScopes":[]},"contributions":{},"includedScopes":[]},"contributions":{},"includedScopes":[]},"contributions":{},"includedScopes":[]},"sourceMap":{"end":{"column":58,"line":38,"offset":1198},"start":{"column":25,"line":38,"offset":1165}}}}],"sourceMap":{"end":{"column":58,"line":38,"offset":1198},"start":{"column":25,"line":38,"offset":1165}}},"compiled":false,"id":"0498b805-a569-41f8-ba59-0ad3953ba95d","isOverride":false,"metadata":[],"name":"position","parameters":[],"problems":[],"scope":{"containerScope":{"containerScope":{"containerScope":{"contributions":{},"includedScopes":[]},"contributions":{},"includedScopes":[{"contributions":{},"includedScopes":[]},{"contributions":{},"includedScopes":[]},{"contributions":{},"includedScopes":[]},{"contributions":{},"includedScopes":[]},{"contributions":{},"includedScopes":[]}]},"contributions":{},"includedScopes":[{"containerScope":{"containerScope":{"containerScope":{"contributions":{},"includedScopes":[]},"contributions":{},"includedScopes":[]},"contributions":{},"includedScopes":[]},"contributions":{},"includedScopes":[]}]},"contributions":{},"includedScopes":[]},"sourceMap":{"end":{"column":58,"line":38,"offset":1198},"start":{"column":5,"line":38,"offset":1145}}},{"body":{"id":"a92cc6d7-873d-47e4-bac1-108bd53ee7bb","metadata":[],"problems":[],"scope":{"containerScope":{"containerScope":{"containerScope":{"containerScope":{"contributions":{},"includedScopes":[]},"contributions":{},"includedScopes":[{"contributions":{},"includedScopes":[]},{"contributions":{},"includedScopes":[]},{"contributions":{},"includedScopes":[]},{"contributions":{},"includedScopes":[]},{"contributions":{},"includedScopes":[]}]},"contributions":{},"includedScopes":[{"containerScope":{"containerScope":{"containerScope":{"contributions":{},"includedScopes":[]},"contributions":{},"includedScopes":[]},"contributions":{},"includedScopes":[]},"contributions":{},"includedScopes":[]}]},"contributions":{},"includedScopes":[]},"contributions":{},"includedScopes":[]},"sentences":[{"args":[],"id":"8d1d21d0-b994-4ff1-a770-e1e001a7ad3d","message":"configTeclas","metadata":[],"receiver":{"id":"555d3e22-04b5-4d47-98b9-4e781d4b5cd8","metadata":[{"args":{"position":"start","text":"//game.addVisual(self)"},"name":"comment"}],"name":"config","scope":{"containerScope":{"containerScope":{"containerScope":{"containerScope":{"containerScope":{"containerScope":{"contributions":{},"includedScopes":[]},"contributions":{},"includedScopes":[{"contributions":{},"includedScopes":[]},{"contributions":{},"includedScopes":[]},{"contributions":{},"includedScopes":[]},{"contributions":{},"includedScopes":[]},{"contributions":{},"includedScopes":[]}]},"contributions":{},"includedScopes":[{"containerScope":{"containerScope":{"containerScope":{"contributions":{},"includedScopes":[]},"contributions":{},"includedScopes":[]},"contributions":{},"includedScopes":[]},"contributions":{},"includedScopes":[]}]},"contributions":{},"includedScopes":[]},"contributions":{},"includedScopes":[]},"contributions":{},"includedScopes":[]},"contributions":{},"includedScopes":[]},"sourceMap":{"end":{"column":17,"line":41,"offset":1279},"start":{"column":11,"line":41,"offset":1273}}},"scope":{"containerScope":{"containerScope":{"containerScope":{"containerScope":{"containerScope":{"contributions":{},"includedScopes":[]},"contributions":{},"includedScopes":[{"contributions":{},"includedScopes":[]},{"contributions":{},"includedScopes":[]},{"contributions":{},"includedScopes":[]},{"contributions":{},"includedScopes":[]},{"contributions":{},"includedScopes":[]}]},"contributions":{},"includedScopes":[{"containerScope":{"containerScope":{"containerScope":{"contributions":{},"includedScopes":[]},"contributions":{},"includedScopes":[]},"contributions":{},"includedScopes":[]},"contributions":{},"includedScopes":[]}]},"contributions":{},"includedScopes":[]},"contributions":{},"includedScopes":[]},"contributions":{},"includedScopes":[]},"sourceMap":{"end":{"column":32,"line":41,"offset":1294},"start":{"column":11,"line":40,"offset":1239}}},{"args":[],"id":"f8c6a5f8-dee1-408c-8a12-0a453171a156","message":"iniciar","metadata":[],"receiver":{"id":"db998912-ff00-4a6a-aae8-4c47bca296c5","metadata":[],"name":"magoProtagonista","scope":{"containerScope":{"containerScope":{"containerScope":{"containerScope":{"containerScope":{"containerScope":{"contributions":{},"includedScopes":[]},"contributions":{},"includedScopes":[{"contributions":{},"includedScopes":[]},{"contributions":{},"includedScopes":[]},{"contributions":{},"includedScopes":[]},{"contributions":{},"includedScopes":[]},{"contributions":{},"includedScopes":[]}]},"contributions":{},"includedScopes":[{"containerScope":{"containerScope":{"containerScope":{"contributions":{},"includedScopes":[]},"contributions":{},"includedScopes":[]},"contributions":{},"includedScopes":[]},"contributions":{},"includedScopes":[]}]},"contributions":{},"includedScopes":[]},"contributions":{},"includedScopes":[]},"contributions":{},"includedScopes":[]},"contributions":{},"includedScopes":[]},"sourceMap":{"end":{"column":27,"line":42,"offset":1322},"start":{"column":11,"line":42,"offset":1306}}},"scope":{"containerScope":{"containerScope":{"containerScope":{"containerScope":{"containerScope":{"contributions":{},"includedScopes":[]},"contributions":{},"includedScopes":[{"contributions":{},"includedScopes":[]},{"contributions":{},"includedScopes":[]},{"contributions":{},"includedScopes":[]},{"contributions":{},"includedScopes":[]},{"contributions":{},"includedScopes":[]}]},"contributions":{},"includedScopes":[{"containerScope":{"containerScope":{"containerScope":{"contributions":{},"includedScopes":[]},"contributions":{},"includedScopes":[]},"contributions":{},"includedScopes":[]},"contributions":{},"includedScopes":[]}]},"contributions":{},"includedScopes":[]},"contributions":{},"includedScopes":[]},"contributions":{},"includedScopes":[]},"sourceMap":{"end":{"column":37,"line":42,"offset":1332},"start":{"column":10,"line":42,"offset":1306}}},{"args":[{"id":"0cf7f545-8728-4895-902e-f4fba09aa5ff","metadata":[],"scope":{"containerScope":{"containerScope":{"containerScope":{"containerScope":{"containerScope":{"containerScope":{"contributions":{},"includedScopes":[]},"contributions":{},"includedScopes":[{"contributions":{},"includedScopes":[]},{"contributions":{},"includedScopes":[]},{"contributions":{},"includedScopes":[]},{"contributions":{},"includedScopes":[]},{"contributions":{},"includedScopes":[]}]},"contributions":{},"includedScopes":[{"containerScope":{"containerScope":{"containerScope":{"contributions":{},"includedScopes":[]},"contributions":{},"includedScopes":[]},"contributions":{},"includedScopes":[]},"contributions":{},"includedScopes":[]}]},"contributions":{},"includedScopes":[]},"contributions":{},"includedScopes":[]},"contributions":{},"includedScopes":[]},"contributions":{},"includedScopes":[]},"sourceMap":{"end":{"column":96,"line":43,"offset":1429},"start":{"column":48,"line":43,"offset":1381}},"value":[{"id":"d20bc907-0122-413f-a875-c69fc48262a8","metadata":[],"name":"wollok.lang.List","scope":{"containerScope":{"containerScope":{"containerScope":{"containerScope":{"containerScope":{"containerScope":{"containerScope":{"contributions":{},"includedScopes":[]},"contributions":{},"includedScopes":[{"contributions":{},"includedScopes":[]},{"contributions":{},"includedScopes":[]},{"contributions":{},"includedScopes":[]},{"contributions":{},"includedScopes":[]},{"contributions":{},"includedScopes":[]}]},"contributions":{},"includedScopes":[{"containerScope":{"containerScope":{"containerScope":{"contributions":{},"includedScopes":[]},"contributions":{},"includedScopes":[]},"contributions":{},"includedScopes":[]},"contributions":{},"includedScopes":[]}]},"contributions":{},"includedScopes":[]},"contributions":{},"includedScopes":[]},"contributions":{},"includedScopes":[]},"contributions":{},"includedScopes":[]},"contributions":{},"includedScopes":[]}},[{"id":"a3ee2721-1280-497c-bc36-a7baa1049591","metadata":[],"name":"dragon","scope":{"containerScope":{"containerScope":{"containerScope":{"containerScope":{"containerScope":{"containerScope":{"containerScope":{"contributions":{},"includedScopes":[]},"contributions":{},"includedScopes":[{"contributions":{},"includedScopes":[]},{"contributions":{},"includedScopes":[]},{"contributions":{},"includedScopes":[]},{"contributions":{},"includedScopes":[]},{"contributions":{},"includedScopes":[]}]},"contributions":{},"includedScopes":[{"containerScope":{"containerScope":{"containerScope":{"contributions":{},"includedScopes":[]},"contributions":{},"includedScopes":[]},"contributions":{},"includedScopes":[]},"contributions":{},"includedScopes":[]}]},"contributions":{},"includedScopes":[]},"contributions":{},"includedScopes":[]},"contributions":{},"includedScopes":[]},"contributions":{},"includedScopes":[]},"contributions":{},"includedScopes":[]},"sourceMap":{"end":{"column":55,"line":43,"offset":1388},"start":{"column":49,"line":43,"offset":1382}}},{"id":"49d52a79-68ba-4c06-b5bf-68a9a1bb3af8","metadata":[],"name":"dragon","scope":{"containerScope":{"containerScope":{"containerScope":{"containerScope":{"containerScope":{"containerScope":{"containerScope":{"contributions":{},"includedScopes":[]},"contributions":{},"includedScopes":[{"contributions":{},"includedScopes":[]},{"contributions":{},"includedScopes":[]},{"contributions":{},"includedScopes":[]},{"contributions":{},"includedScopes":[]},{"contributions":{},"includedScopes":[]}]},"contributions":{},"includedScopes":[{"containerScope":{"containerScope":{"containerScope":{"contributions":{},"includedScopes":[]},"contributions":{},"includedScopes":[]},"contributions":{},"includedScopes":[]},"contributions":{},"includedScopes":[]}]},"contributions":{},"includedScopes":[]},"contributions":{},"includedScopes":[]},"contributions":{},"includedScopes":[]},"contributions":{},"includedScopes":[]},"contributions":{},"includedScopes":[]},"sourceMap":{"end":{"column":63,"line":43,"offset":1396},"start":{"column":57,"line":43,"offset":1390}}},{"id":"f3b76982-f20e-4eb8-95e6-0a3c183bd13d","metadata":[],"name":"dragon","scope":{"containerScope":{"containerScope":{"containerScope":{"containerScope":{"containerScope":{"containerScope":{"containerScope":{"contributions":{},"includedScopes":[]},"contributions":{},"includedScopes":[{"contributions":{},"includedScopes":[]},{"contributions":{},"includedScopes":[]},{"contributions":{},"includedScopes":[]},{"contributions":{},"includedScopes":[]},{"contributions":{},"includedScopes":[]}]},"contributions":{},"includedScopes":[{"containerScope":{"containerScope":{"containerScope":{"contributions":{},"includedScopes":[]},"contributions":{},"includedScopes":[]},"contributions":{},"includedScopes":[]},"contributions":{},"includedScopes":[]}]},"contributions":{},"includedScopes":[]},"contributions":{},"includedScopes":[]},"contributions":{},"includedScopes":[]},"contributions":{},"includedScopes":[]},"contributions":{},"includedScopes":[]},"sourceMap":{"end":{"column":71,"line":43,"offset":1404},"start":{"column":65,"line":43,"offset":1398}}},{"id":"537c9378-568c-4cba-bf93-69d024a9223a","metadata":[],"name":"dragon","scope":{"containerScope":{"containerScope":{"containerScope":{"containerScope":{"containerScope":{"containerScope":{"containerScope":{"contributions":{},"includedScopes":[]},"contributions":{},"includedScopes":[{"contributions":{},"includedScopes":[]},{"contributions":{},"includedScopes":[]},{"contributions":{},"includedScopes":[]},{"contributions":{},"includedScopes":[]},{"contributions":{},"includedScopes":[]}]},"contributions":{},"includedScopes":[{"containerScope":{"containerScope":{"containerScope":{"contributions":{},"includedScopes":[]},"contributions":{},"includedScopes":[]},"contributions":{},"includedScopes":[]},"contributions":{},"includedScopes":[]}]},"contributions":{},"includedScopes":[]},"contributions":{},"includedScopes":[]},"contributions":{},"includedScopes":[]},"contributions":{},"includedScopes":[]},"contributions":{},"includedScopes":[]},"sourceMap":{"end":{"column":79,"line":43,"offset":1412},"start":{"column":73,"line":43,"offset":1406}}},{"id":"42f220ca-3249-4651-ab32-8183386dae32","metadata":[],"name":"dragon","scope":{"containerScope":{"containerScope":{"containerScope":{"containerScope":{"containerScope":{"containerScope":{"containerScope":{"contributions":{},"includedScopes":[]},"contributions":{},"includedScopes":[{"contributions":{},"includedScopes":[]},{"contributions":{},"includedScopes":[]},{"contributions":{},"includedScopes":[]},{"contributions":{},"includedScopes":[]},{"contributions":{},"includedScopes":[]}]},"contributions":{},"includedScopes":[{"containerScope":{"containerScope":{"containerScope":{"contributions":{},"includedScopes":[]},"contributions":{},"includedScopes":[]},"contributions":{},"includedScopes":[]},"contributions":{},"includedScopes":[]}]},"contributions":{},"includedScopes":[]},"contributions":{},"includedScopes":[]},"contributions":{},"includedScopes":[]},"contributions":{},"includedScopes":[]},"contributions":{},"includedScopes":[]},"sourceMap":{"end":{"column":87,"line":43,"offset":1420},"start":{"column":81,"line":43,"offset":1414}}},{"id":"b5d157b6-f531-4606-8844-52b272850f78","metadata":[],"name":"dragon","scope":{"containerScope":{"containerScope":{"containerScope":{"containerScope":{"containerScope":{"containerScope":{"containerScope":{"contributions":{},"includedScopes":[]},"contributions":{},"includedScopes":[{"contributions":{},"includedScopes":[]},{"contributions":{},"includedScopes":[]},{"contributions":{},"includedScopes":[]},{"contributions":{},"includedScopes":[]},{"contributions":{},"includedScopes":[]}]},"contributions":{},"includedScopes":[{"containerScope":{"containerScope":{"containerScope":{"contributions":{},"includedScopes":[]},"contributions":{},"includedScopes":[]},"contributions":{},"includedScopes":[]},"contributions":{},"includedScopes":[]}]},"contributions":{},"includedScopes":[]},"contributions":{},"includedScopes":[]},"contributions":{},"includedScopes":[]},"contributions":{},"includedScopes":[]},"contributions":{},"includedScopes":[]},"sourceMap":{"end":{"column":95,"line":43,"offset":1428},"start":{"column":89,"line":43,"offset":1422}}}]]}],"id":"d9b193d9-3b95-408e-863a-028701f8c462","message":"iniciarOleada","metadata":[],"receiver":{"id":"5d60975d-bf9c-459e-a0fa-1d88277b622d","metadata":[],"name":"administradorDeOleadas","scope":{"containerScope":{"containerScope":{"containerScope":{"containerScope":{"containerScope":{"containerScope":{"contributions":{},"includedScopes":[]},"contributions":{},"includedScopes":[{"contributions":{},"includedScopes":[]},{"contributions":{},"includedScopes":[]},{"contributions":{},"includedScopes":[]},{"contributions":{},"includedScopes":[]},{"contributions":{},"includedScopes":[]}]},"contributions":{},"includedScopes":[{"containerScope":{"containerScope":{"containerScope":{"contributions":{},"includedScopes":[]},"contributions":{},"includedScopes":[]},"contributions":{},"includedScopes":[]},"contributions":{},"includedScopes":[]}]},"contributions":{},"includedScopes":[]},"contributions":{},"includedScopes":[]},"contributions":{},"includedScopes":[]},"contributions":{},"includedScopes":[]},"sourceMap":{"end":{"column":33,"line":43,"offset":1366},"start":{"column":11,"line":43,"offset":1344}}},"scope":{"containerScope":{"containerScope":{"containerScope":{"containerScope":{"containerScope":{"contributions":{},"includedScopes":[]},"contributions":{},"includedScopes":[{"contributions":{},"includedScopes":[]},{"contributions":{},"includedScopes":[]},{"contributions":{},"includedScopes":[]},{"contributions":{},"includedScopes":[]},{"contributions":{},"includedScopes":[]}]},"contributions":{},"includedScopes":[{"containerScope":{"containerScope":{"containerScope":{"contributions":{},"includedScopes":[]},"contributions":{},"includedScopes":[]},"contributions":{},"includedScopes":[]},"contributions":{},"includedScopes":[]}]},"contributions":{},"includedScopes":[]},"contributions":{},"includedScopes":[]},"contributions":{},"includedScopes":[]},"sourceMap":{"end":{"column":97,"line":43,"offset":1430},"start":{"column":10,"line":43,"offset":1344}}}],"sourceMap":{"end":{"column":6,"line":44,"offset":1437},"start":{"column":27,"line":39,"offset":1226}}},"compiled":false,"id":"3141d69a-9482-421e-bf38-c43022256d71","isOverride":false,"metadata":[],"name":"iniciarNivel","parameters":[],"problems":[],"scope":{"containerScope":{"containerScope":{"containerScope":{"contributions":{},"includedScopes":[]},"contributions":{},"includedScopes":[{"contributions":{},"includedScopes":[]},{"contributions":{},"includedScopes":[]},{"contributions":{},"includedScopes":[]},{"contributions":{},"includedScopes":[]},{"contributions":{},"includedScopes":[]}]},"contributions":{},"includedScopes":[{"containerScope":{"containerScope":{"containerScope":{"contributions":{},"includedScopes":[]},"contributions":{},"includedScopes":[]},"contributions":{},"includedScopes":[]},"contributions":{},"includedScopes":[]}]},"contributions":{},"includedScopes":[]},"sourceMap":{"end":{"column":6,"line":44,"offset":1437},"start":{"column":5,"line":39,"offset":1204}}}],"metadata":[],"name":"nivelSurvival","problems":[],"scope":{"containerScope":{"containerScope":{"contributions":{},"includedScopes":[]},"contributions":{},"includedScopes":[{"contributions":{},"includedScopes":[]},{"contributions":{},"includedScopes":[]},{"contributions":{},"includedScopes":[]},{"contributions":{},"includedScopes":[]},{"contributions":{},"includedScopes":[]}]},"contributions":{},"includedScopes":[{"containerScope":{"containerScope":{"containerScope":{"contributions":{},"includedScopes":[]},"contributions":{},"includedScopes":[]},"contributions":{},"includedScopes":[]},"contributions":{},"includedScopes":[]}]},"sourceMap":{"end":{"column":2,"line":45,"offset":1440},"start":{"column":1,"line":36,"offset":1073}},"supertypes":[]},{"id":"9d8b79da-788a-42b4-881a-f39e978deaf2","members":[{"body":{"id":"0d2166ed-3add-46db-9db4-cebf7824f310","metadata":[],"problems":[],"scope":{"containerScope":{"containerScope":{"containerScope":{"containerScope":{"contributions":{},"includedScopes":[]},"contributions":{},"includedScopes":[{"contributions":{},"includedScopes":[]},{"contributions":{},"includedScopes":[]},{"contributions":{},"includedScopes":[]},{"contributions":{},"includedScopes":[]},{"contributions":{},"includedScopes":[]}]},"contributions":{},"includedScopes":[{"containerScope":{"containerScope":{"containerScope":{"contributions":{},"includedScopes":[]},"contributions":{},"includedScopes":[]},"contributions":{},"includedScopes":[]},"contributions":{},"includedScopes":[]}]},"contributions":{},"includedScopes":[]},"contributions":{},"includedScopes":[]},"sentences":[{"args":[{"id":"4925f43d-6513-4218-b632-e76a85cd7ad9","members":[{"body":{"id":"348cbaef-180c-4260-9365-4ae9e05f867e","metadata":[],"scope":{"containerScope":{"containerScope":{"containerScope":{"containerScope":{"containerScope":{"containerScope":{"containerScope":{"containerScope":{"contributions":{},"includedScopes":[]},"contributions":{},"includedScopes":[{"contributions":{},"includedScopes":[]},{"contributions":{},"includedScopes":[]},{"contributions":{},"includedScopes":[]},{"contributions":{},"includedScopes":[]},{"contributions":{},"includedScopes":[]}]},"contributions":{},"includedScopes":[{"containerScope":{"containerScope":{"containerScope":{"contributions":{},"includedScopes":[]},"contributions":{},"includedScopes":[]},"contributions":{},"includedScopes":[]},"contributions":{},"includedScopes":[]}]},"contributions":{},"includedScopes":[]},"contributions":{},"includedScopes":[]},"contributions":{},"includedScopes":[]},"contributions":{},"includedScopes":[{"containerScope":{"containerScope":{"containerScope":{"contributions":{},"includedScopes":[]},"contributions":{},"includedScopes":[]},"contributions":{},"includedScopes":[]},"contributions":{},"includedScopes":[{"containerScope":{"containerScope":{"containerScope":{"contributions":{},"includedScopes":[]},"contributions":{},"includedScopes":[]},"contributions":{},"includedScopes":[]},"contributions":{},"includedScopes":[]}]},{"containerScope":{"containerScope":{"containerScope":{"contributions":{},"includedScopes":[]},"contributions":{},"includedScopes":[]},"contributions":{},"includedScopes":[]},"contributions":{},"includedScopes":[]}]},"contributions":{},"includedScopes":[]},"contributions":{},"includedScopes":[]},"sentences":[{"id":"15ac72d6-a3b1-45b8-96cd-113b5a19bccc","metadata":[],"scope":{"containerScope":{"containerScope":{"containerScope":{"containerScope":{"containerScope":{"containerScope":{"containerScope":{"containerScope":{"containerScope":{"contributions":{},"includedScopes":[]},"contributions":{},"includedScopes":[{"contributions":{},"includedScopes":[]},{"contributions":{},"includedScopes":[]},{"contributions":{},"includedScopes":[]},{"contributions":{},"includedScopes":[]},{"contributions":{},"includedScopes":[]}]},"contributions":{},"includedScopes":[{"containerScope":{"containerScope":{"containerScope":{"contributions":{},"includedScopes":[]},"contributions":{},"includedScopes":[]},"contributions":{},"includedScopes":[]},"contributions":{},"includedScopes":[]}]},"contributions":{},"includedScopes":[]},"contributions":{},"includedScopes":[]},"contributions":{},"includedScopes":[]},"contributions":{},"includedScopes":[{"containerScope":{"containerScope":{"containerScope":{"contributions":{},"includedScopes":[]},"contributions":{},"includedScopes":[]},"contributions":{},"includedScopes":[]},"contributions":{},"includedScopes":[{"containerScope":{"containerScope":{"containerScope":{"contributions":{},"includedScopes":[]},"contributions":{},"includedScopes":[]},"contributions":{},"includedScopes":[]},"contributions":{},"includedScopes":[]}]},{"containerScope":{"containerScope":{"containerScope":{"contributions":{},"includedScopes":[]},"contributions":{},"includedScopes":[]},"contributions":{},"includedScopes":[]},"contributions":{},"includedScopes":[]}]},"contributions":{},"includedScopes":[]},"contributions":{},"includedScopes":[]},"contributions":{},"includedScopes":[]},"value":{"args":[],"id":"dd42632f-ce73-4a82-bd1d-7b1de22c4472","message":"moverArriba","metadata":[],"receiver":{"id":"cb278476-2ade-4b2c-abe9-1b182c50e4f8","metadata":[],"name":"magoProtagonista","scope":{"containerScope":{"containerScope":{"containerScope":{"containerScope":{"containerScope":{"containerScope":{"containerScope":{"containerScope":{"containerScope":{"containerScope":{"containerScope":{"contributions":{},"includedScopes":[]},"contributions":{},"includedScopes":[{"contributions":{},"includedScopes":[]},{"contributions":{},"includedScopes":[]},{"contributions":{},"includedScopes":[]},{"contributions":{},"includedScopes":[]},{"contributions":{},"includedScopes":[]}]},"contributions":{},"includedScopes":[{"containerScope":{"containerScope":{"containerScope":{"contributions":{},"includedScopes":[]},"contributions":{},"includedScopes":[]},"contributions":{},"includedScopes":[]},"contributions":{},"includedScopes":[]}]},"contributions":{},"includedScopes":[]},"contributions":{},"includedScopes":[]},"contributions":{},"includedScopes":[]},"contributions":{},"includedScopes":[{"containerScope":{"containerScope":{"containerScope":{"contributions":{},"includedScopes":[]},"contributions":{},"includedScopes":[]},"contributions":{},"includedScopes":[]},"contributions":{},"includedScopes":[{"containerScope":{"containerScope":{"containerScope":{"contributions":{},"includedScopes":[]},"contributions":{},"includedScopes":[]},"contributions":{},"includedScopes":[]},"contributions":{},"includedScopes":[]}]},{"containerScope":{"containerScope":{"containerScope":{"contributions":{},"includedScopes":[]},"contributions":{},"includedScopes":[]},"contributions":{},"includedScopes":[]},"contributions":{},"includedScopes":[]}]},"contributions":{},"includedScopes":[]},"contributions":{},"includedScopes":[]},"contributions":{},"includedScopes":[]},"contributions":{},"includedScopes":[]},"contributions":{},"includedScopes":[]},"sourceMap":{"end":{"column":50,"line":48,"offset":1535},"start":{"column":34,"line":48,"offset":1519}}},"scope":{"containerScope":{"containerScope":{"containerScope":{"containerScope":{"containerScope":{"containerScope":{"containerScope":{"containerScope":{"containerScope":{"containerScope":{"contributions":{},"includedScopes":[]},"contributions":{},"includedScopes":[{"contributions":{},"includedScopes":[]},{"contributions":{},"includedScopes":[]},{"contributions":{},"includedScopes":[]},{"contributions":{},"includedScopes":[]},{"contributions":{},"includedScopes":[]}]},"contributions":{},"includedScopes":[{"containerScope":{"containerScope":{"containerScope":{"contributions":{},"includedScopes":[]},"contributions":{},"includedScopes":[]},"contributions":{},"includedScopes":[]},"contributions":{},"includedScopes":[]}]},"contributions":{},"includedScopes":[]},"contributions":{},"includedScopes":[]},"contributions":{},"includedScopes":[]},"contributions":{},"includedScopes":[{"containerScope":{"containerScope":{"containerScope":{"contributions":{},"includedScopes":[]},"contributions":{},"includedScopes":[]},"contributions":{},"includedScopes":[]},"contributions":{},"includedScopes":[{"containerScope":{"containerScope":{"containerScope":{"contributions":{},"includedScopes":[]},"contributions":{},"includedScopes":[]},"contributions":{},"includedScopes":[]},"contributions":{},"includedScopes":[]}]},{"containerScope":{"containerScope":{"containerScope":{"contributions":{},"includedScopes":[]},"contributions":{},"includedScopes":[]},"contributions":{},"includedScopes":[]},"contributions":{},"includedScopes":[]}]},"contributions":{},"includedScopes":[]},"contributions":{},"includedScopes":[]},"contributions":{},"includedScopes":[]},"contributions":{},"includedScopes":[]},"sourceMap":{"end":{"column":64,"line":48,"offset":1549},"start":{"column":34,"line":48,"offset":1519}}}}]},"compiled":false,"id":"735b440b-5bf3-48fd-8624-d1828936cfa8","isOverride":false,"metadata":[],"name":"<apply>","parameters":[],"scope":{"containerScope":{"containerScope":{"containerScope":{"containerScope":{"containerScope":{"containerScope":{"containerScope":{"contributions":{},"includedScopes":[]},"contributions":{},"includedScopes":[{"contributions":{},"includedScopes":[]},{"contributions":{},"includedScopes":[]},{"contributions":{},"includedScopes":[]},{"contributions":{},"includedScopes":[]},{"contributions":{},"includedScopes":[]}]},"contributions":{},"includedScopes":[{"containerScope":{"containerScope":{"containerScope":{"contributions":{},"includedScopes":[]},"contributions":{},"includedScopes":[]},"contributions":{},"includedScopes":[]},"contributions":{},"includedScopes":[]}]},"contributions":{},"includedScopes":[]},"contributions":{},"includedScopes":[]},"contributions":{},"includedScopes":[]},"contributions":{},"includedScopes":[{"containerScope":{"containerScope":{"containerScope":{"contributions":{},"includedScopes":[]},"contributions":{},"includedScopes":[]},"contributions":{},"includedScopes":[]},"contributions":{},"includedScopes":[{"containerScope":{"containerScope":{"containerScope":{"contributions":{},"includedScopes":[]},"contributions":{},"includedScopes":[]},"contributions":{},"includedScopes":[]},"contributions":{},"includedScopes":[]}]},{"containerScope":{"containerScope":{"containerScope":{"contributions":{},"includedScopes":[]},"contributions":{},"includedScopes":[]},"contributions":{},"includedScopes":[]},"contributions":{},"includedScopes":[]}]},"contributions":{},"includedScopes":[]}},{"id":"50ecbcf0-c357-4cf7-af9a-ec20adf709ff","isConstant":true,"isProperty":false,"metadata":[],"name":"<toString>","scope":{"containerScope":{"containerScope":{"containerScope":{"containerScope":{"containerScope":{"containerScope":{"containerScope":{"contributions":{},"includedScopes":[]},"contributions":{},"includedScopes":[{"contributions":{},"includedScopes":[]},{"contributions":{},"includedScopes":[]},{"contributions":{},"includedScopes":[]},{"contributions":{},"includedScopes":[]},{"contributions":{},"includedScopes":[]}]},"contributions":{},"includedScopes":[{"containerScope":{"containerScope":{"containerScope":{"contributions":{},"includedScopes":[]},"contributions":{},"includedScopes":[]},"contributions":{},"includedScopes":[]},"contributions":{},"includedScopes":[]}]},"contributions":{},"includedScopes":[]},"contributions":{},"includedScopes":[]},"contributions":{},"includedScopes":[]},"contributions":{},"includedScopes":[{"containerScope":{"containerScope":{"containerScope":{"contributions":{},"includedScopes":[]},"contributions":{},"includedScopes":[]},"contributions":{},"includedScopes":[]},"contributions":{},"includedScopes":[{"containerScope":{"containerScope":{"containerScope":{"contributions":{},"includedScopes":[]},"contributions":{},"includedScopes":[]},"contributions":{},"includedScopes":[]},"contributions":{},"includedScopes":[]}]},{"containerScope":{"containerScope":{"containerScope":{"contributions":{},"includedScopes":[]},"contributions":{},"includedScopes":[]},"contributions":{},"includedScopes":[]},"contributions":{},"includedScopes":[]}]},"contributions":{},"includedScopes":[]},"value":{"id":"c6b6f4f2-8110-4ec6-9299-9625c7a9bd3d","metadata":[],"scope":{"containerScope":{"containerScope":{"containerScope":{"containerScope":{"containerScope":{"containerScope":{"containerScope":{"containerScope":{"contributions":{},"includedScopes":[]},"contributions":{},"includedScopes":[{"contributions":{},"includedScopes":[]},{"contributions":{},"includedScopes":[]},{"contributions":{},"includedScopes":[]},{"contributions":{},"includedScopes":[]},{"contributions":{},"includedScopes":[]}]},"contributions":{},"includedScopes":[{"containerScope":{"containerScope":{"containerScope":{"contributions":{},"includedScopes":[]},"contributions":{},"includedScopes":[]},"contributions":{},"includedScopes":[]},"contributions":{},"includedScopes":[]}]},"contributions":{},"includedScopes":[]},"contributions":{},"includedScopes":[]},"contributions":{},"includedScopes":[]},"contributions":{},"includedScopes":[{"containerScope":{"containerScope":{"containerScope":{"contributions":{},"includedScopes":[]},"contributions":{},"includedScopes":[]},"contributions":{},"includedScopes":[]},"contributions":{},"includedScopes":[{"containerScope":{"containerScope":{"containerScope":{"contributions":{},"includedScopes":[]},"contributions":{},"includedScopes":[]},"contributions":{},"includedScopes":[]},"contributions":{},"includedScopes":[]}]},{"containerScope":{"containerScope":{"containerScope":{"contributions":{},"includedScopes":[]},"contributions":{},"includedScopes":[]},"contributions":{},"includedScopes":[]},"contributions":{},"includedScopes":[]}]},"contributions":{},"includedScopes":[]},"contributions":{},"includedScopes":[]},"value":"{magoProtagonista.moverArriba()}"}}],"metadata":[],"scope":{"containerScope":{"containerScope":{"containerScope":{"containerScope":{"containerScope":{"containerScope":{"contributions":{},"includedScopes":[]},"contributions":{},"includedScopes":[{"contributions":{},"includedScopes":[]},{"contributions":{},"includedScopes":[]},{"contributions":{},"includedScopes":[]},{"contributions":{},"includedScopes":[]},{"contributions":{},"includedScopes":[]}]},"contributions":{},"includedScopes":[{"containerScope":{"containerScope":{"containerScope":{"contributions":{},"includedScopes":[]},"contributions":{},"includedScopes":[]},"contributions":{},"includedScopes":[]},"contributions":{},"includedScopes":[]}]},"contributions":{},"includedScopes":[]},"contributions":{},"includedScopes":[]},"contributions":{},"includedScopes":[]},"contributions":{},"includedScopes":[{"containerScope":{"containerScope":{"containerScope":{"contributions":{},"includedScopes":[]},"contributions":{},"includedScopes":[]},"contributions":{},"includedScopes":[]},"contributions":{},"includedScopes":[{"containerScope":{"containerScope":{"containerScope":{"contributions":{},"includedScopes":[]},"contributions":{},"includedScopes":[]},"contributions":{},"includedScopes":[]},"contributions":{},"includedScopes":[]}]},{"containerScope":{"containerScope":{"containerScope":{"contributions":{},"includedScopes":[]},"contributions":{},"includedScopes":[]},"contributions":{},"includedScopes":[]},"contributions":{},"includedScopes":[]}]},"sourceMap":{"end":{"column":65,"line":48,"offset":1550},"start":{"column":33,"line":48,"offset":1518}},"supertypes":[{"args":[],"id":"e129a00b-2ca7-4b90-9abd-9baafa5c8ad1","metadata":[],"reference":{"id":"7a9deb37-54ad-4359-9b66-98a7e6e25abf","metadata":[],"name":"wollok.lang.Closure","scope":{"containerScope":{"containerScope":{"containerScope":{"containerScope":{"containerScope":{"containerScope":{"containerScope":{"contributions":{},"includedScopes":[]},"contributions":{},"includedScopes":[{"contributions":{},"includedScopes":[]},{"contributions":{},"includedScopes":[]},{"contributions":{},"includedScopes":[]},{"contributions":{},"includedScopes":[]},{"contributions":{},"includedScopes":[]}]},"contributions":{},"includedScopes":[{"containerScope":{"containerScope":{"containerScope":{"contributions":{},"includedScopes":[]},"contributions":{},"includedScopes":[]},"contributions":{},"includedScopes":[]},"contributions":{},"includedScopes":[]}]},"contributions":{},"includedScopes":[]},"contributions":{},"includedScopes":[]},"contributions":{},"includedScopes":[]},"contributions":{},"includedScopes":[{"containerScope":{"containerScope":{"containerScope":{"contributions":{},"includedScopes":[]},"contributions":{},"includedScopes":[]},"contributions":{},"includedScopes":[]},"contributions":{},"includedScopes":[{"containerScope":{"containerScope":{"containerScope":{"contributions":{},"includedScopes":[]},"contributions":{},"includedScopes":[]},"contributions":{},"includedScopes":[]},"contributions":{},"includedScopes":[]}]},{"containerScope":{"containerScope":{"containerScope":{"contributions":{},"includedScopes":[]},"contributions":{},"includedScopes":[]},"contributions":{},"includedScopes":[]},"contributions":{},"includedScopes":[]}]},"contributions":{},"includedScopes":[]}},"scope":{"containerScope":{"containerScope":{"containerScope":{"containerScope":{"containerScope":{"containerScope":{"containerScope":{"contributions":{},"includedScopes":[]},"contributions":{},"includedScopes":[{"contributions":{},"includedScopes":[]},{"contributions":{},"includedScopes":[]},{"contributions":{},"includedScopes":[]},{"contributions":{},"includedScopes":[]},{"contributions":{},"includedScopes":[]}]},"contributions":{},"includedScopes":[{"containerScope":{"containerScope":{"containerScope":{"contributions":{},"includedScopes":[]},"contributions":{},"includedScopes":[]},"contributions":{},"includedScopes":[]},"contributions":{},"includedScopes":[]}]},"contributions":{},"includedScopes":[]},"contributions":{},"includedScopes":[]},"contributions":{},"includedScopes":[]},"contributions":{},"includedScopes":[{"containerScope":{"containerScope":{"containerScope":{"contributions":{},"includedScopes":[]},"contributions":{},"includedScopes":[]},"contributions":{},"includedScopes":[]},"contributions":{},"includedScopes":[{"containerScope":{"containerScope":{"containerScope":{"contributions":{},"includedScopes":[]},"contributions":{},"includedScopes":[]},"contributions":{},"includedScopes":[]},"contributions":{},"includedScopes":[]}]},{"containerScope":{"containerScope":{"containerScope":{"contributions":{},"includedScopes":[]},"contributions":{},"includedScopes":[]},"contributions":{},"includedScopes":[]},"contributions":{},"includedScopes":[]}]},"contributions":{},"includedScopes":[]}}]}],"id":"1e057684-3cc1-4dc1-86b5-b9d3bd8f25f1","message":"onPressDo","metadata":[],"receiver":{"args":[],"id":"530948c5-09c4-4a79-8884-ddcb173db574","message":"up","metadata":[],"receiver":{"id":"b471ee89-55d4-4a9f-b8fe-cb500c647ea5","metadata":[],"name":"keyboard","scope":{"containerScope":{"containerScope":{"containerScope":{"containerScope":{"containerScope":{"containerScope":{"containerScope":{"contributions":{},"includedScopes":[]},"contributions":{},"includedScopes":[{"contributions":{},"includedScopes":[]},{"contributions":{},"includedScopes":[]},{"contributions":{},"includedScopes":[]},{"contributions":{},"includedScopes":[]},{"contributions":{},"includedScopes":[]}]},"contributions":{},"includedScopes":[{"containerScope":{"containerScope":{"containerScope":{"contributions":{},"includedScopes":[]},"contributions":{},"includedScopes":[]},"contributions":{},"includedScopes":[]},"contributions":{},"includedScopes":[]}]},"contributions":{},"includedScopes":[]},"contributions":{},"includedScopes":[]},"contributions":{},"includedScopes":[]},"contributions":{},"includedScopes":[]},"contributions":{},"includedScopes":[]},"sourceMap":{"end":{"column":17,"line":48,"offset":1502},"start":{"column":9,"line":48,"offset":1494}}},"scope":{"containerScope":{"containerScope":{"containerScope":{"containerScope":{"containerScope":{"containerScope":{"contributions":{},"includedScopes":[]},"contributions":{},"includedScopes":[{"contributions":{},"includedScopes":[]},{"contributions":{},"includedScopes":[]},{"contributions":{},"includedScopes":[]},{"contributions":{},"includedScopes":[]},{"contributions":{},"includedScopes":[]}]},"contributions":{},"includedScopes":[{"containerScope":{"containerScope":{"containerScope":{"contributions":{},"includedScopes":[]},"contributions":{},"includedScopes":[]},"contributions":{},"includedScopes":[]},"contributions":{},"includedScopes":[]}]},"contributions":{},"includedScopes":[]},"contributions":{},"includedScopes":[]},"contributions":{},"includedScopes":[]},"contributions":{},"includedScopes":[]},"sourceMap":{"end":{"column":22,"line":48,"offset":1507},"start":{"column":9,"line":48,"offset":1494}}},"scope":{"containerScope":{"containerScope":{"containerScope":{"containerScope":{"containerScope":{"contributions":{},"includedScopes":[]},"contributions":{},"includedScopes":[{"contributions":{},"includedScopes":[]},{"contributions":{},"includedScopes":[]},{"contributions":{},"includedScopes":[]},{"contributions":{},"includedScopes":[]},{"contributions":{},"includedScopes":[]}]},"contributions":{},"includedScopes":[{"containerScope":{"containerScope":{"containerScope":{"contributions":{},"includedScopes":[]},"contributions":{},"includedScopes":[]},"contributions":{},"includedScopes":[]},"contributions":{},"includedScopes":[]}]},"contributions":{},"includedScopes":[]},"contributions":{},"includedScopes":[]},"contributions":{},"includedScopes":[]},"sourceMap":{"end":{"column":66,"line":48,"offset":1551},"start":{"column":9,"line":48,"offset":1494}}},{"args":[{"id":"cceac823-7f28-443e-a999-443dceade70b","members":[{"body":{"id":"9ce7a5b4-36f2-403f-b98d-51756c83de39","metadata":[],"scope":{"containerScope":{"containerScope":{"containerScope":{"containerScope":{"containerScope":{"containerScope":{"containerScope":{"containerScope":{"contributions":{},"includedScopes":[]},"contributions":{},"includedScopes":[{"contributions":{},"includedScopes":[]},{"contributions":{},"includedScopes":[]},{"contributions":{},"includedScopes":[]},{"contributions":{},"includedScopes":[]},{"contributions":{},"includedScopes":[]}]},"contributions":{},"includedScopes":[{"containerScope":{"containerScope":{"containerScope":{"contributions":{},"includedScopes":[]},"contributions":{},"includedScopes":[]},"contributions":{},"includedScopes":[]},"contributions":{},"includedScopes":[]}]},"contributions":{},"includedScopes":[]},"contributions":{},"includedScopes":[]},"contributions":{},"includedScopes":[]},"contributions":{},"includedScopes":[{"containerScope":{"containerScope":{"containerScope":{"contributions":{},"includedScopes":[]},"contributions":{},"includedScopes":[]},"contributions":{},"includedScopes":[]},"contributions":{},"includedScopes":[{"containerScope":{"containerScope":{"containerScope":{"contributions":{},"includedScopes":[]},"contributions":{},"includedScopes":[]},"contributions":{},"includedScopes":[]},"contributions":{},"includedScopes":[]}]},{"containerScope":{"containerScope":{"containerScope":{"contributions":{},"includedScopes":[]},"contributions":{},"includedScopes":[]},"contributions":{},"includedScopes":[]},"contributions":{},"includedScopes":[]}]},"contributions":{},"includedScopes":[]},"contributions":{},"includedScopes":[]},"sentences":[{"id":"e7f51228-098a-4c7d-b9f0-4c57ce5bdf58","metadata":[],"scope":{"containerScope":{"containerScope":{"containerScope":{"containerScope":{"containerScope":{"containerScope":{"containerScope":{"containerScope":{"containerScope":{"contributions":{},"includedScopes":[]},"contributions":{},"includedScopes":[{"contributions":{},"includedScopes":[]},{"contributions":{},"includedScopes":[]},{"contributions":{},"includedScopes":[]},{"contributions":{},"includedScopes":[]},{"contributions":{},"includedScopes":[]}]},"contributions":{},"includedScopes":[{"containerScope":{"containerScope":{"containerScope":{"contributions":{},"includedScopes":[]},"contributions":{},"includedScopes":[]},"contributions":{},"includedScopes":[]},"contributions":{},"includedScopes":[]}]},"contributions":{},"includedScopes":[]},"contributions":{},"includedScopes":[]},"contributions":{},"includedScopes":[]},"contributions":{},"includedScopes":[{"containerScope":{"containerScope":{"containerScope":{"contributions":{},"includedScopes":[]},"contributions":{},"includedScopes":[]},"contributions":{},"includedScopes":[]},"contributions":{},"includedScopes":[{"containerScope":{"containerScope":{"containerScope":{"contributions":{},"includedScopes":[]},"contributions":{},"includedScopes":[]},"contributions":{},"includedScopes":[]},"contributions":{},"includedScopes":[]}]},{"containerScope":{"containerScope":{"containerScope":{"contributions":{},"includedScopes":[]},"contributions":{},"includedScopes":[]},"contributions":{},"includedScopes":[]},"contributions":{},"includedScopes":[]}]},"contributions":{},"includedScopes":[]},"contributions":{},"includedScopes":[]},"contributions":{},"includedScopes":[]},"value":{"args":[],"id":"cb413cc0-14ee-4667-aa52-ed7839d53b4e","message":"moverAbajo","metadata":[],"receiver":{"id":"bea1939e-6962-4d77-9269-b939ac33e325","metadata":[],"name":"magoProtagonista","scope":{"containerScope":{"containerScope":{"containerScope":{"containerScope":{"containerScope":{"containerScope":{"containerScope":{"containerScope":{"containerScope":{"containerScope":{"containerScope":{"contributions":{},"includedScopes":[]},"contributions":{},"includedScopes":[{"contributions":{},"includedScopes":[]},{"contributions":{},"includedScopes":[]},{"contributions":{},"includedScopes":[]},{"contributions":{},"includedScopes":[]},{"contributions":{},"includedScopes":[]}]},"contributions":{},"includedScopes":[{"containerScope":{"containerScope":{"containerScope":{"contributions":{},"includedScopes":[]},"contributions":{},"includedScopes":[]},"contributions":{},"includedScopes":[]},"contributions":{},"includedScopes":[]}]},"contributions":{},"includedScopes":[]},"contributions":{},"includedScopes":[]},"contributions":{},"includedScopes":[]},"contributions":{},"includedScopes":[{"containerScope":{"containerScope":{"containerScope":{"contributions":{},"includedScopes":[]},"contributions":{},"includedScopes":[]},"contributions":{},"includedScopes":[]},"contributions":{},"includedScopes":[{"containerScope":{"containerScope":{"containerScope":{"contributions":{},"includedScopes":[]},"contributions":{},"includedScopes":[]},"contributions":{},"includedScopes":[]},"contributions":{},"includedScopes":[]}]},{"containerScope":{"containerScope":{"containerScope":{"contributions":{},"includedScopes":[]},"contributions":{},"includedScopes":[]},"contributions":{},"includedScopes":[]},"contributions":{},"includedScopes":[]}]},"contributions":{},"includedScopes":[]},"contributions":{},"includedScopes":[]},"contributions":{},"includedScopes":[]},"contributions":{},"includedScopes":[]},"contributions":{},"includedScopes":[]},"sourceMap":{"end":{"column":52,"line":49,"offset":1604},"start":{"column":36,"line":49,"offset":1588}}},"scope":{"containerScope":{"containerScope":{"containerScope":{"containerScope":{"containerScope":{"containerScope":{"containerScope":{"containerScope":{"containerScope":{"containerScope":{"contributions":{},"includedScopes":[]},"contributions":{},"includedScopes":[{"contributions":{},"includedScopes":[]},{"contributions":{},"includedScopes":[]},{"contributions":{},"includedScopes":[]},{"contributions":{},"includedScopes":[]},{"contributions":{},"includedScopes":[]}]},"contributions":{},"includedScopes":[{"containerScope":{"containerScope":{"containerScope":{"contributions":{},"includedScopes":[]},"contributions":{},"includedScopes":[]},"contributions":{},"includedScopes":[]},"contributions":{},"includedScopes":[]}]},"contributions":{},"includedScopes":[]},"contributions":{},"includedScopes":[]},"contributions":{},"includedScopes":[]},"contributions":{},"includedScopes":[{"containerScope":{"containerScope":{"containerScope":{"contributions":{},"includedScopes":[]},"contributions":{},"includedScopes":[]},"contributions":{},"includedScopes":[]},"contributions":{},"includedScopes":[{"containerScope":{"containerScope":{"containerScope":{"contributions":{},"includedScopes":[]},"contributions":{},"includedScopes":[]},"contributions":{},"includedScopes":[]},"contributions":{},"includedScopes":[]}]},{"containerScope":{"containerScope":{"containerScope":{"contributions":{},"includedScopes":[]},"contributions":{},"includedScopes":[]},"contributions":{},"includedScopes":[]},"contributions":{},"includedScopes":[]}]},"contributions":{},"includedScopes":[]},"contributions":{},"includedScopes":[]},"contributions":{},"includedScopes":[]},"contributions":{},"includedScopes":[]},"sourceMap":{"end":{"column":65,"line":49,"offset":1617},"start":{"column":36,"line":49,"offset":1588}}}}]},"compiled":false,"id":"efa3bb1a-e5da-4ac2-882d-56ce45ec761f","isOverride":false,"metadata":[],"name":"<apply>","parameters":[],"scope":{"containerScope":{"containerScope":{"containerScope":{"containerScope":{"containerScope":{"containerScope":{"containerScope":{"contributions":{},"includedScopes":[]},"contributions":{},"includedScopes":[{"contributions":{},"includedScopes":[]},{"contributions":{},"includedScopes":[]},{"contributions":{},"includedScopes":[]},{"contributions":{},"includedScopes":[]},{"contributions":{},"includedScopes":[]}]},"contributions":{},"includedScopes":[{"containerScope":{"containerScope":{"containerScope":{"contributions":{},"includedScopes":[]},"contributions":{},"includedScopes":[]},"contributions":{},"includedScopes":[]},"contributions":{},"includedScopes":[]}]},"contributions":{},"includedScopes":[]},"contributions":{},"includedScopes":[]},"contributions":{},"includedScopes":[]},"contributions":{},"includedScopes":[{"containerScope":{"containerScope":{"containerScope":{"contributions":{},"includedScopes":[]},"contributions":{},"includedScopes":[]},"contributions":{},"includedScopes":[]},"contributions":{},"includedScopes":[{"containerScope":{"containerScope":{"containerScope":{"contributions":{},"includedScopes":[]},"contributions":{},"includedScopes":[]},"contributions":{},"includedScopes":[]},"contributions":{},"includedScopes":[]}]},{"containerScope":{"containerScope":{"containerScope":{"contributions":{},"includedScopes":[]},"contributions":{},"includedScopes":[]},"contributions":{},"includedScopes":[]},"contributions":{},"includedScopes":[]}]},"contributions":{},"includedScopes":[]}},{"id":"af2e6608-9454-4dbf-8cf5-a3ad47d73cde","isConstant":true,"isProperty":false,"metadata":[],"name":"<toString>","scope":{"containerScope":{"containerScope":{"containerScope":{"containerScope":{"containerScope":{"containerScope":{"containerScope":{"contributions":{},"includedScopes":[]},"contributions":{},"includedScopes":[{"contributions":{},"includedScopes":[]},{"contributions":{},"includedScopes":[]},{"contributions":{},"includedScopes":[]},{"contributions":{},"includedScopes":[]},{"contributions":{},"includedScopes":[]}]},"contributions":{},"includedScopes":[{"containerScope":{"containerScope":{"containerScope":{"contributions":{},"includedScopes":[]},"contributions":{},"includedScopes":[]},"contributions":{},"includedScopes":[]},"contributions":{},"includedScopes":[]}]},"contributions":{},"includedScopes":[]},"contributions":{},"includedScopes":[]},"contributions":{},"includedScopes":[]},"contributions":{},"includedScopes":[{"containerScope":{"containerScope":{"containerScope":{"contributions":{},"includedScopes":[]},"contributions":{},"includedScopes":[]},"contributions":{},"includedScopes":[]},"contributions":{},"includedScopes":[{"containerScope":{"containerScope":{"containerScope":{"contributions":{},"includedScopes":[]},"contributions":{},"includedScopes":[]},"contributions":{},"includedScopes":[]},"contributions":{},"includedScopes":[]}]},{"containerScope":{"containerScope":{"containerScope":{"contributions":{},"includedScopes":[]},"contributions":{},"includedScopes":[]},"contributions":{},"includedScopes":[]},"contributions":{},"includedScopes":[]}]},"contributions":{},"includedScopes":[]},"value":{"id":"632b1f55-2b28-4d56-aead-9790d64cde41","metadata":[],"scope":{"containerScope":{"containerScope":{"containerScope":{"containerScope":{"containerScope":{"containerScope":{"containerScope":{"containerScope":{"contributions":{},"includedScopes":[]},"contributions":{},"includedScopes":[{"contributions":{},"includedScopes":[]},{"contributions":{},"includedScopes":[]},{"contributions":{},"includedScopes":[]},{"contributions":{},"includedScopes":[]},{"contributions":{},"includedScopes":[]}]},"contributions":{},"includedScopes":[{"containerScope":{"containerScope":{"containerScope":{"contributions":{},"includedScopes":[]},"contributions":{},"includedScopes":[]},"contributions":{},"includedScopes":[]},"contributions":{},"includedScopes":[]}]},"contributions":{},"includedScopes":[]},"contributions":{},"includedScopes":[]},"contributions":{},"includedScopes":[]},"contributions":{},"includedScopes":[{"containerScope":{"containerScope":{"containerScope":{"contributions":{},"includedScopes":[]},"contributions":{},"includedScopes":[]},"contributions":{},"includedScopes":[]},"contributions":{},"includedScopes":[{"containerScope":{"containerScope":{"containerScope":{"contributions":{},"includedScopes":[]},"contributions":{},"includedScopes":[]},"contributions":{},"includedScopes":[]},"contributions":{},"includedScopes":[]}]},{"containerScope":{"containerScope":{"containerScope":{"contributions":{},"includedScopes":[]},"contributions":{},"includedScopes":[]},"contributions":{},"includedScopes":[]},"contributions":{},"includedScopes":[]}]},"contributions":{},"includedScopes":[]},"contributions":{},"includedScopes":[]},"value":"{magoProtagonista.moverAbajo()}"}}],"metadata":[],"scope":{"containerScope":{"containerScope":{"containerScope":{"containerScope":{"containerScope":{"containerScope":{"contributions":{},"includedScopes":[]},"contributions":{},"includedScopes":[{"contributions":{},"includedScopes":[]},{"contributions":{},"includedScopes":[]},{"contributions":{},"includedScopes":[]},{"contributions":{},"includedScopes":[]},{"contributions":{},"includedScopes":[]}]},"contributions":{},"includedScopes":[{"containerScope":{"containerScope":{"containerScope":{"contributions":{},"includedScopes":[]},"contributions":{},"includedScopes":[]},"contributions":{},"includedScopes":[]},"contributions":{},"includedScopes":[]}]},"contributions":{},"includedScopes":[]},"contributions":{},"includedScopes":[]},"contributions":{},"includedScopes":[]},"contributions":{},"includedScopes":[{"containerScope":{"containerScope":{"containerScope":{"contributions":{},"includedScopes":[]},"contributions":{},"includedScopes":[]},"contributions":{},"includedScopes":[]},"contributions":{},"includedScopes":[{"containerScope":{"containerScope":{"containerScope":{"contributions":{},"includedScopes":[]},"contributions":{},"includedScopes":[]},"contributions":{},"includedScopes":[]},"contributions":{},"includedScopes":[]}]},{"containerScope":{"containerScope":{"containerScope":{"contributions":{},"includedScopes":[]},"contributions":{},"includedScopes":[]},"contributions":{},"includedScopes":[]},"contributions":{},"includedScopes":[]}]},"sourceMap":{"end":{"column":66,"line":49,"offset":1618},"start":{"column":35,"line":49,"offset":1587}},"supertypes":[{"args":[],"id":"98b3a4b9-7be1-4ef9-ac43-2e7f61edd4e6","metadata":[],"reference":{"id":"ea8ccdc6-7d17-49b8-86c8-2c8d52036f8e","metadata":[],"name":"wollok.lang.Closure","scope":{"containerScope":{"containerScope":{"containerScope":{"containerScope":{"containerScope":{"containerScope":{"containerScope":{"contributions":{},"includedScopes":[]},"contributions":{},"includedScopes":[{"contributions":{},"includedScopes":[]},{"contributions":{},"includedScopes":[]},{"contributions":{},"includedScopes":[]},{"contributions":{},"includedScopes":[]},{"contributions":{},"includedScopes":[]}]},"contributions":{},"includedScopes":[{"containerScope":{"containerScope":{"containerScope":{"contributions":{},"includedScopes":[]},"contributions":{},"includedScopes":[]},"contributions":{},"includedScopes":[]},"contributions":{},"includedScopes":[]}]},"contributions":{},"includedScopes":[]},"contributions":{},"includedScopes":[]},"contributions":{},"includedScopes":[]},"contributions":{},"includedScopes":[{"containerScope":{"containerScope":{"containerScope":{"contributions":{},"includedScopes":[]},"contributions":{},"includedScopes":[]},"contributions":{},"includedScopes":[]},"contributions":{},"includedScopes":[{"containerScope":{"containerScope":{"containerScope":{"contributions":{},"includedScopes":[]},"contributions":{},"includedScopes":[]},"contributions":{},"includedScopes":[]},"contributions":{},"includedScopes":[]}]},{"containerScope":{"containerScope":{"containerScope":{"contributions":{},"includedScopes":[]},"contributions":{},"includedScopes":[]},"contributions":{},"includedScopes":[]},"contributions":{},"includedScopes":[]}]},"contributions":{},"includedScopes":[]}},"scope":{"containerScope":{"containerScope":{"containerScope":{"containerScope":{"containerScope":{"containerScope":{"containerScope":{"contributions":{},"includedScopes":[]},"contributions":{},"includedScopes":[{"contributions":{},"includedScopes":[]},{"contributions":{},"includedScopes":[]},{"contributions":{},"includedScopes":[]},{"contributions":{},"includedScopes":[]},{"contributions":{},"includedScopes":[]}]},"contributions":{},"includedScopes":[{"containerScope":{"containerScope":{"containerScope":{"contributions":{},"includedScopes":[]},"contributions":{},"includedScopes":[]},"contributions":{},"includedScopes":[]},"contributions":{},"includedScopes":[]}]},"contributions":{},"includedScopes":[]},"contributions":{},"includedScopes":[]},"contributions":{},"includedScopes":[]},"contributions":{},"includedScopes":[{"containerScope":{"containerScope":{"containerScope":{"contributions":{},"includedScopes":[]},"contributions":{},"includedScopes":[]},"contributions":{},"includedScopes":[]},"contributions":{},"includedScopes":[{"containerScope":{"containerScope":{"containerScope":{"contributions":{},"includedScopes":[]},"contributions":{},"includedScopes":[]},"contributions":{},"includedScopes":[]},"contributions":{},"includedScopes":[]}]},{"containerScope":{"containerScope":{"containerScope":{"contributions":{},"includedScopes":[]},"contributions":{},"includedScopes":[]},"contributions":{},"includedScopes":[]},"contributions":{},"includedScopes":[]}]},"contributions":{},"includedScopes":[]}}]}],"id":"68725dd7-dc1c-4ee9-85ab-ca5d3d829b2d","message":"onPressDo","metadata":[],"receiver":{"args":[],"id":"0597f7e7-d67b-4509-9ec0-046e2663676a","message":"down","metadata":[],"receiver":{"id":"8730da9a-cd70-427b-aa15-f7337706aeba","metadata":[],"name":"keyboard","scope":{"containerScope":{"containerScope":{"containerScope":{"containerScope":{"containerScope":{"containerScope":{"containerScope":{"contributions":{},"includedScopes":[]},"contributions":{},"includedScopes":[{"contributions":{},"includedScopes":[]},{"contributions":{},"includedScopes":[]},{"contributions":{},"includedScopes":[]},{"contributions":{},"includedScopes":[]},{"contributions":{},"includedScopes":[]}]},"contributions":{},"includedScopes":[{"containerScope":{"containerScope":{"containerScope":{"contributions":{},"includedScopes":[]},"contributions":{},"includedScopes":[]},"contributions":{},"includedScopes":[]},"contributions":{},"includedScopes":[]}]},"contributions":{},"includedScopes":[]},"contributions":{},"includedScopes":[]},"contributions":{},"includedScopes":[]},"contributions":{},"includedScopes":[]},"contributions":{},"includedScopes":[]},"sourceMap":{"end":{"column":17,"line":49,"offset":1569},"start":{"column":9,"line":49,"offset":1561}}},"scope":{"containerScope":{"containerScope":{"containerScope":{"containerScope":{"containerScope":{"containerScope":{"contributions":{},"includedScopes":[]},"contributions":{},"includedScopes":[{"contributions":{},"includedScopes":[]},{"contributions":{},"includedScopes":[]},{"contributions":{},"includedScopes":[]},{"contributions":{},"includedScopes":[]},{"contributions":{},"includedScopes":[]}]},"contributions":{},"includedScopes":[{"containerScope":{"containerScope":{"containerScope":{"contributions":{},"includedScopes":[]},"contributions":{},"includedScopes":[]},"contributions":{},"includedScopes":[]},"contributions":{},"includedScopes":[]}]},"contributions":{},"includedScopes":[]},"contributions":{},"includedScopes":[]},"contributions":{},"includedScopes":[]},"contributions":{},"includedScopes":[]},"sourceMap":{"end":{"column":24,"line":49,"offset":1576},"start":{"column":8,"line":49,"offset":1561}}},"scope":{"containerScope":{"containerScope":{"containerScope":{"containerScope":{"containerScope":{"contributions":{},"includedScopes":[]},"contributions":{},"includedScopes":[{"contributions":{},"includedScopes":[]},{"contributions":{},"includedScopes":[]},{"contributions":{},"includedScopes":[]},{"contributions":{},"includedScopes":[]},{"contributions":{},"includedScopes":[]}]},"contributions":{},"includedScopes":[{"containerScope":{"containerScope":{"containerScope":{"contributions":{},"includedScopes":[]},"contributions":{},"includedScopes":[]},"contributions":{},"includedScopes":[]},"contributions":{},"includedScopes":[]}]},"contributions":{},"includedScopes":[]},"contributions":{},"includedScopes":[]},"contributions":{},"includedScopes":[]},"sourceMap":{"end":{"column":67,"line":49,"offset":1619},"start":{"column":8,"line":49,"offset":1561}}},{"args":[{"id":"90b391bc-08b7-4d9e-bdff-3ce684b91566","members":[{"body":{"id":"8c23d6f5-1e8e-425c-a7eb-27cf11145023","metadata":[],"scope":{"containerScope":{"containerScope":{"containerScope":{"containerScope":{"containerScope":{"containerScope":{"containerScope":{"containerScope":{"contributions":{},"includedScopes":[]},"contributions":{},"includedScopes":[{"contributions":{},"includedScopes":[]},{"contributions":{},"includedScopes":[]},{"contributions":{},"includedScopes":[]},{"contributions":{},"includedScopes":[]},{"contributions":{},"includedScopes":[]}]},"contributions":{},"includedScopes":[{"containerScope":{"containerScope":{"containerScope":{"contributions":{},"includedScopes":[]},"contributions":{},"includedScopes":[]},"contributions":{},"includedScopes":[]},"contributions":{},"includedScopes":[]}]},"contributions":{},"includedScopes":[]},"contributions":{},"includedScopes":[]},"contributions":{},"includedScopes":[]},"contributions":{},"includedScopes":[{"containerScope":{"containerScope":{"containerScope":{"contributions":{},"includedScopes":[]},"contributions":{},"includedScopes":[]},"contributions":{},"includedScopes":[]},"contributions":{},"includedScopes":[{"containerScope":{"containerScope":{"containerScope":{"contributions":{},"includedScopes":[]},"contributions":{},"includedScopes":[]},"contributions":{},"includedScopes":[]},"contributions":{},"includedScopes":[]}]},{"containerScope":{"containerScope":{"containerScope":{"contributions":{},"includedScopes":[]},"contributions":{},"includedScopes":[]},"contributions":{},"includedScopes":[]},"contributions":{},"includedScopes":[]}]},"contributions":{},"includedScopes":[]},"contributions":{},"includedScopes":[]},"sentences":[{"id":"4bffcdd2-5a5d-46d3-8d8f-2db762e6cf45","metadata":[],"scope":{"containerScope":{"containerScope":{"containerScope":{"containerScope":{"containerScope":{"containerScope":{"containerScope":{"containerScope":{"containerScope":{"contributions":{},"includedScopes":[]},"contributions":{},"includedScopes":[{"contributions":{},"includedScopes":[]},{"contributions":{},"includedScopes":[]},{"contributions":{},"includedScopes":[]},{"contributions":{},"includedScopes":[]},{"contributions":{},"includedScopes":[]}]},"contributions":{},"includedScopes":[{"containerScope":{"containerScope":{"containerScope":{"contributions":{},"includedScopes":[]},"contributions":{},"includedScopes":[]},"contributions":{},"includedScopes":[]},"contributions":{},"includedScopes":[]}]},"contributions":{},"includedScopes":[]},"contributions":{},"includedScopes":[]},"contributions":{},"includedScopes":[]},"contributions":{},"includedScopes":[{"containerScope":{"containerScope":{"containerScope":{"contributions":{},"includedScopes":[]},"contributions":{},"includedScopes":[]},"contributions":{},"includedScopes":[]},"contributions":{},"includedScopes":[{"containerScope":{"containerScope":{"containerScope":{"contributions":{},"includedScopes":[]},"contributions":{},"includedScopes":[]},"contributions":{},"includedScopes":[]},"contributions":{},"includedScopes":[]}]},{"containerScope":{"containerScope":{"containerScope":{"contributions":{},"includedScopes":[]},"contributions":{},"includedScopes":[]},"contributions":{},"includedScopes":[]},"contributions":{},"includedScopes":[]}]},"contributions":{},"includedScopes":[]},"contributions":{},"includedScopes":[]},"contributions":{},"includedScopes":[]},"value":{"args":[],"id":"de4a1d0b-8da4-4318-897a-216932115ed4","message":"hacerHechizo","metadata":[],"receiver":{"id":"4589a82f-e63a-4b97-a4bd-85fd8e18b062","metadata":[],"name":"magoProtagonista","scope":{"containerScope":{"containerScope":{"containerScope":{"containerScope":{"containerScope":{"containerScope":{"containerScope":{"containerScope":{"containerScope":{"containerScope":{"containerScope":{"contributions":{},"includedScopes":[]},"contributions":{},"includedScopes":[{"contributions":{},"includedScopes":[]},{"contributions":{},"includedScopes":[]},{"contributions":{},"includedScopes":[]},{"contributions":{},"includedScopes":[]},{"contributions":{},"includedScopes":[]}]},"contributions":{},"includedScopes":[{"containerScope":{"containerScope":{"containerScope":{"contributions":{},"includedScopes":[]},"contributions":{},"includedScopes":[]},"contributions":{},"includedScopes":[]},"contributions":{},"includedScopes":[]}]},"contributions":{},"includedScopes":[]},"contributions":{},"includedScopes":[]},"contributions":{},"includedScopes":[]},"contributions":{},"includedScopes":[{"containerScope":{"containerScope":{"containerScope":{"contributions":{},"includedScopes":[]},"contributions":{},"includedScopes":[]},"contributions":{},"includedScopes":[]},"contributions":{},"includedScopes":[{"containerScope":{"containerScope":{"containerScope":{"contributions":{},"includedScopes":[]},"contributions":{},"includedScopes":[]},"contributions":{},"includedScopes":[]},"contributions":{},"includedScopes":[]}]},{"containerScope":{"containerScope":{"containerScope":{"contributions":{},"includedScopes":[]},"contributions":{},"includedScopes":[]},"contributions":{},"includedScopes":[]},"contributions":{},"includedScopes":[]}]},"contributions":{},"includedScopes":[]},"contributions":{},"includedScopes":[]},"contributions":{},"includedScopes":[]},"contributions":{},"includedScopes":[]},"contributions":{},"includedScopes":[]},"sourceMap":{"end":{"column":49,"line":50,"offset":1669},"start":{"column":33,"line":50,"offset":1653}}},"scope":{"containerScope":{"containerScope":{"containerScope":{"containerScope":{"containerScope":{"containerScope":{"containerScope":{"containerScope":{"containerScope":{"containerScope":{"contributions":{},"includedScopes":[]},"contributions":{},"includedScopes":[{"contributions":{},"includedScopes":[]},{"contributions":{},"includedScopes":[]},{"contributions":{},"includedScopes":[]},{"contributions":{},"includedScopes":[]},{"contributions":{},"includedScopes":[]}]},"contributions":{},"includedScopes":[{"containerScope":{"containerScope":{"containerScope":{"contributions":{},"includedScopes":[]},"contributions":{},"includedScopes":[]},"contributions":{},"includedScopes":[]},"contributions":{},"includedScopes":[]}]},"contributions":{},"includedScopes":[]},"contributions":{},"includedScopes":[]},"contributions":{},"includedScopes":[]},"contributions":{},"includedScopes":[{"containerScope":{"containerScope":{"containerScope":{"contributions":{},"includedScopes":[]},"contributions":{},"includedScopes":[]},"contributions":{},"includedScopes":[]},"contributions":{},"includedScopes":[{"containerScope":{"containerScope":{"containerScope":{"contributions":{},"includedScopes":[]},"contributions":{},"includedScopes":[]},"contributions":{},"includedScopes":[]},"contributions":{},"includedScopes":[]}]},{"containerScope":{"containerScope":{"containerScope":{"contributions":{},"includedScopes":[]},"contributions":{},"includedScopes":[]},"contributions":{},"includedScopes":[]},"contributions":{},"includedScopes":[]}]},"contributions":{},"includedScopes":[]},"contributions":{},"includedScopes":[]},"contributions":{},"includedScopes":[]},"contributions":{},"includedScopes":[]},"sourceMap":{"end":{"column":64,"line":50,"offset":1684},"start":{"column":33,"line":50,"offset":1653}}}}]},"compiled":false,"id":"35c8d9b9-f43e-4a28-a07d-4fd5395695e4","isOverride":false,"metadata":[],"name":"<apply>","parameters":[],"scope":{"containerScope":{"containerScope":{"containerScope":{"containerScope":{"containerScope":{"containerScope":{"containerScope":{"contributions":{},"includedScopes":[]},"contributions":{},"includedScopes":[{"contributions":{},"includedScopes":[]},{"contributions":{},"includedScopes":[]},{"contributions":{},"includedScopes":[]},{"contributions":{},"includedScopes":[]},{"contributions":{},"includedScopes":[]}]},"contributions":{},"includedScopes":[{"containerScope":{"containerScope":{"containerScope":{"contributions":{},"includedScopes":[]},"contributions":{},"includedScopes":[]},"contributions":{},"includedScopes":[]},"contributions":{},"includedScopes":[]}]},"contributions":{},"includedScopes":[]},"contributions":{},"includedScopes":[]},"contributions":{},"includedScopes":[]},"contributions":{},"includedScopes":[{"containerScope":{"containerScope":{"containerScope":{"contributions":{},"includedScopes":[]},"contributions":{},"includedScopes":[]},"contributions":{},"includedScopes":[]},"contributions":{},"includedScopes":[{"containerScope":{"containerScope":{"containerScope":{"contributions":{},"includedScopes":[]},"contributions":{},"includedScopes":[]},"contributions":{},"includedScopes":[]},"contributions":{},"includedScopes":[]}]},{"containerScope":{"containerScope":{"containerScope":{"contributions":{},"includedScopes":[]},"contributions":{},"includedScopes":[]},"contributions":{},"includedScopes":[]},"contributions":{},"includedScopes":[]}]},"contributions":{},"includedScopes":[]}},{"id":"49f1e566-0a30-471a-aff5-42adbce540eb","isConstant":true,"isProperty":false,"metadata":[],"name":"<toString>","scope":{"containerScope":{"containerScope":{"containerScope":{"containerScope":{"containerScope":{"containerScope":{"containerScope":{"contributions":{},"includedScopes":[]},"contributions":{},"includedScopes":[{"contributions":{},"includedScopes":[]},{"contributions":{},"includedScopes":[]},{"contributions":{},"includedScopes":[]},{"contributions":{},"includedScopes":[]},{"contributions":{},"includedScopes":[]}]},"contributions":{},"includedScopes":[{"containerScope":{"containerScope":{"containerScope":{"contributions":{},"includedScopes":[]},"contributions":{},"includedScopes":[]},"contributions":{},"includedScopes":[]},"contributions":{},"includedScopes":[]}]},"contributions":{},"includedScopes":[]},"contributions":{},"includedScopes":[]},"contributions":{},"includedScopes":[]},"contributions":{},"includedScopes":[{"containerScope":{"containerScope":{"containerScope":{"contributions":{},"includedScopes":[]},"contributions":{},"includedScopes":[]},"contributions":{},"includedScopes":[]},"contributions":{},"includedScopes":[{"containerScope":{"containerScope":{"containerScope":{"contributions":{},"includedScopes":[]},"contributions":{},"includedScopes":[]},"contributions":{},"includedScopes":[]},"contributions":{},"includedScopes":[]}]},{"containerScope":{"containerScope":{"containerScope":{"contributions":{},"includedScopes":[]},"contributions":{},"includedScopes":[]},"contributions":{},"includedScopes":[]},"contributions":{},"includedScopes":[]}]},"contributions":{},"includedScopes":[]},"value":{"id":"bcae5bf2-a66f-4225-b12e-bb3e5ac7bb66","metadata":[],"scope":{"containerScope":{"containerScope":{"containerScope":{"containerScope":{"containerScope":{"containerScope":{"containerScope":{"containerScope":{"contributions":{},"includedScopes":[]},"contributions":{},"includedScopes":[{"contributions":{},"includedScopes":[]},{"contributions":{},"includedScopes":[]},{"contributions":{},"includedScopes":[]},{"contributions":{},"includedScopes":[]},{"contributions":{},"includedScopes":[]}]},"contributions":{},"includedScopes":[{"containerScope":{"containerScope":{"containerScope":{"contributions":{},"includedScopes":[]},"contributions":{},"includedScopes":[]},"contributions":{},"includedScopes":[]},"contributions":{},"includedScopes":[]}]},"contributions":{},"includedScopes":[]},"contributions":{},"includedScopes":[]},"contributions":{},"includedScopes":[]},"contributions":{},"includedScopes":[{"containerScope":{"containerScope":{"containerScope":{"contributions":{},"includedScopes":[]},"contributions":{},"includedScopes":[]},"contributions":{},"includedScopes":[]},"contributions":{},"includedScopes":[{"containerScope":{"containerScope":{"containerScope":{"contributions":{},"includedScopes":[]},"contributions":{},"includedScopes":[]},"contributions":{},"includedScopes":[]},"contributions":{},"includedScopes":[]}]},{"containerScope":{"containerScope":{"containerScope":{"contributions":{},"includedScopes":[]},"contributions":{},"includedScopes":[]},"contributions":{},"includedScopes":[]},"contributions":{},"includedScopes":[]}]},"contributions":{},"includedScopes":[]},"contributions":{},"includedScopes":[]},"value":"{magoProtagonista.hacerHechizo()}"}}],"metadata":[],"scope":{"containerScope":{"containerScope":{"containerScope":{"containerScope":{"containerScope":{"containerScope":{"contributions":{},"includedScopes":[]},"contributions":{},"includedScopes":[{"contributions":{},"includedScopes":[]},{"contributions":{},"includedScopes":[]},{"contributions":{},"includedScopes":[]},{"contributions":{},"includedScopes":[]},{"contributions":{},"includedScopes":[]}]},"contributions":{},"includedScopes":[{"containerScope":{"containerScope":{"containerScope":{"contributions":{},"includedScopes":[]},"contributions":{},"includedScopes":[]},"contributions":{},"includedScopes":[]},"contributions":{},"includedScopes":[]}]},"contributions":{},"includedScopes":[]},"contributions":{},"includedScopes":[]},"contributions":{},"includedScopes":[]},"contributions":{},"includedScopes":[{"containerScope":{"containerScope":{"containerScope":{"contributions":{},"includedScopes":[]},"contributions":{},"includedScopes":[]},"contributions":{},"includedScopes":[]},"contributions":{},"includedScopes":[{"containerScope":{"containerScope":{"containerScope":{"contributions":{},"includedScopes":[]},"contributions":{},"includedScopes":[]},"contributions":{},"includedScopes":[]},"contributions":{},"includedScopes":[]}]},{"containerScope":{"containerScope":{"containerScope":{"contributions":{},"includedScopes":[]},"contributions":{},"includedScopes":[]},"contributions":{},"includedScopes":[]},"contributions":{},"includedScopes":[]}]},"sourceMap":{"end":{"column":65,"line":50,"offset":1685},"start":{"column":32,"line":50,"offset":1652}},"supertypes":[{"args":[],"id":"13e33d57-e1cf-4957-b2ee-fe6ab396ccb7","metadata":[],"reference":{"id":"2ae54f96-8385-4b98-b326-39f28c24fa2d","metadata":[],"name":"wollok.lang.Closure","scope":{"containerScope":{"containerScope":{"containerScope":{"containerScope":{"containerScope":{"containerScope":{"containerScope":{"contributions":{},"includedScopes":[]},"contributions":{},"includedScopes":[{"contributions":{},"includedScopes":[]},{"contributions":{},"includedScopes":[]},{"contributions":{},"includedScopes":[]},{"contributions":{},"includedScopes":[]},{"contributions":{},"includedScopes":[]}]},"contributions":{},"includedScopes":[{"containerScope":{"containerScope":{"containerScope":{"contributions":{},"includedScopes":[]},"contributions":{},"includedScopes":[]},"contributions":{},"includedScopes":[]},"contributions":{},"includedScopes":[]}]},"contributions":{},"includedScopes":[]},"contributions":{},"includedScopes":[]},"contributions":{},"includedScopes":[]},"contributions":{},"includedScopes":[{"containerScope":{"containerScope":{"containerScope":{"contributions":{},"includedScopes":[]},"contributions":{},"includedScopes":[]},"contributions":{},"includedScopes":[]},"contributions":{},"includedScopes":[{"containerScope":{"containerScope":{"containerScope":{"contributions":{},"includedScopes":[]},"contributions":{},"includedScopes":[]},"contributions":{},"includedScopes":[]},"contributions":{},"includedScopes":[]}]},{"containerScope":{"containerScope":{"containerScope":{"contributions":{},"includedScopes":[]},"contributions":{},"includedScopes":[]},"contributions":{},"includedScopes":[]},"contributions":{},"includedScopes":[]}]},"contributions":{},"includedScopes":[]}},"scope":{"containerScope":{"containerScope":{"containerScope":{"containerScope":{"containerScope":{"containerScope":{"containerScope":{"contributions":{},"includedScopes":[]},"contributions":{},"includedScopes":[{"contributions":{},"includedScopes":[]},{"contributions":{},"includedScopes":[]},{"contributions":{},"includedScopes":[]},{"contributions":{},"includedScopes":[]},{"contributions":{},"includedScopes":[]}]},"contributions":{},"includedScopes":[{"containerScope":{"containerScope":{"containerScope":{"contributions":{},"includedScopes":[]},"contributions":{},"includedScopes":[]},"contributions":{},"includedScopes":[]},"contributions":{},"includedScopes":[]}]},"contributions":{},"includedScopes":[]},"contributions":{},"includedScopes":[]},"contributions":{},"includedScopes":[]},"contributions":{},"includedScopes":[{"containerScope":{"containerScope":{"containerScope":{"contributions":{},"includedScopes":[]},"contributions":{},"includedScopes":[]},"contributions":{},"includedScopes":[]},"contributions":{},"includedScopes":[{"containerScope":{"containerScope":{"containerScope":{"contributions":{},"includedScopes":[]},"contributions":{},"includedScopes":[]},"contributions":{},"includedScopes":[]},"contributions":{},"includedScopes":[]}]},{"containerScope":{"containerScope":{"containerScope":{"contributions":{},"includedScopes":[]},"contributions":{},"includedScopes":[]},"contributions":{},"includedScopes":[]},"contributions":{},"includedScopes":[]}]},"contributions":{},"includedScopes":[]}}]}],"id":"f0f67bd7-95d7-4601-b510-ce8d4073e873","message":"onPressDo","metadata":[],"receiver":{"args":[],"id":"42004d2d-e762-428b-aff7-a199b704f738","message":"f","metadata":[],"receiver":{"id":"f7f28c6e-38f8-420b-8243-f043464db09f","metadata":[],"name":"keyboard","scope":{"containerScope":{"containerScope":{"containerScope":{"containerScope":{"containerScope":{"containerScope":{"containerScope":{"contributions":{},"includedScopes":[]},"contributions":{},"includedScopes":[{"contributions":{},"includedScopes":[]},{"contributions":{},"includedScopes":[]},{"contributions":{},"includedScopes":[]},{"contributions":{},"includedScopes":[]},{"contributions":{},"includedScopes":[]}]},"contributions":{},"includedScopes":[{"containerScope":{"containerScope":{"containerScope":{"contributions":{},"includedScopes":[]},"contributions":{},"includedScopes":[]},"contributions":{},"includedScopes":[]},"contributions":{},"includedScopes":[]}]},"contributions":{},"includedScopes":[]},"contributions":{},"includedScopes":[]},"contributions":{},"includedScopes":[]},"contributions":{},"includedScopes":[]},"contributions":{},"includedScopes":[]},"sourceMap":{"end":{"column":17,"line":50,"offset":1637},"start":{"column":9,"line":50,"offset":1629}}},"scope":{"containerScope":{"containerScope":{"containerScope":{"containerScope":{"containerScope":{"containerScope":{"contributions":{},"includedScopes":[]},"contributions":{},"includedScopes":[{"contributions":{},"includedScopes":[]},{"contributions":{},"includedScopes":[]},{"contributions":{},"includedScopes":[]},{"contributions":{},"includedScopes":[]},{"contributions":{},"includedScopes":[]}]},"contributions":{},"includedScopes":[{"containerScope":{"containerScope":{"containerScope":{"contributions":{},"includedScopes":[]},"contributions":{},"includedScopes":[]},"contributions":{},"includedScopes":[]},"contributions":{},"includedScopes":[]}]},"contributions":{},"includedScopes":[]},"contributions":{},"includedScopes":[]},"contributions":{},"includedScopes":[]},"contributions":{},"includedScopes":[]},"sourceMap":{"end":{"column":21,"line":50,"offset":1641},"start":{"column":8,"line":50,"offset":1629}}},"scope":{"containerScope":{"containerScope":{"containerScope":{"containerScope":{"containerScope":{"contributions":{},"includedScopes":[]},"contributions":{},"includedScopes":[{"contributions":{},"includedScopes":[]},{"contributions":{},"includedScopes":[]},{"contributions":{},"includedScopes":[]},{"contributions":{},"includedScopes":[]},{"contributions":{},"includedScopes":[]}]},"contributions":{},"includedScopes":[{"containerScope":{"containerScope":{"containerScope":{"contributions":{},"includedScopes":[]},"contributions":{},"includedScopes":[]},"contributions":{},"includedScopes":[]},"contributions":{},"includedScopes":[]}]},"contributions":{},"includedScopes":[]},"contributions":{},"includedScopes":[]},"contributions":{},"includedScopes":[]},"sourceMap":{"end":{"column":66,"line":50,"offset":1686},"start":{"column":8,"line":50,"offset":1629}}}],"sourceMap":{"end":{"column":6,"line":52,"offset":1695},"start":{"column":26,"line":47,"offset":1483}}},"compiled":false,"id":"76ec3e8e-4e3e-4628-8c6a-9848f6e8dd3e","isOverride":false,"metadata":[],"name":"configTeclas","parameters":[],"problems":[],"scope":{"containerScope":{"containerScope":{"containerScope":{"contributions":{},"includedScopes":[]},"contributions":{},"includedScopes":[{"contributions":{},"includedScopes":[]},{"contributions":{},"includedScopes":[]},{"contributions":{},"includedScopes":[]},{"contributions":{},"includedScopes":[]},{"contributions":{},"includedScopes":[]}]},"contributions":{},"includedScopes":[{"containerScope":{"containerScope":{"containerScope":{"contributions":{},"includedScopes":[]},"contributions":{},"includedScopes":[]},"contributions":{},"includedScopes":[]},"contributions":{},"includedScopes":[]}]},"contributions":{},"includedScopes":[]},"sourceMap":{"end":{"column":6,"line":52,"offset":1695},"start":{"column":5,"line":47,"offset":1462}}}],"metadata":[],"name":"config","problems":[],"scope":{"containerScope":{"containerScope":{"contributions":{},"includedScopes":[]},"contributions":{},"includedScopes":[{"contributions":{},"includedScopes":[]},{"contributions":{},"includedScopes":[]},{"contributions":{},"includedScopes":[]},{"contributions":{},"includedScopes":[]},{"contributions":{},"includedScopes":[]}]},"contributions":{},"includedScopes":[{"containerScope":{"containerScope":{"containerScope":{"contributions":{},"includedScopes":[]},"contributions":{},"includedScopes":[]},"contributions":{},"includedScopes":[]},"contributions":{},"includedScopes":[]}]},"sourceMap":{"end":{"column":2,"line":53,"offset":1698},"start":{"column":1,"line":46,"offset":1442}},"supertypes":[]}],"metadata":[],"name":"niveles","problems":[{"code":"malformedEntity","sourceMap":{"end":{"column":82,"line":53,"offset":1778},"start":{"column":10,"line":53,"offset":1706}}},{"code":"malformedEntity","sourceMap":{"end":{"column":81,"line":54,"offset":1860},"start":{"column":9,"line":54,"offset":1788}}},{"code":"malformedEntity","sourceMap":{"end":{"column":80,"line":55,"offset":1941},"start":{"column":9,"line":55,"offset":1870}}},{"code":"malformedEntity","sourceMap":{"end":{"column":82,"line":56,"offset":2024},"start":{"column":9,"line":56,"offset":1951}}}],"scope":{"containerScope":{"contributions":{},"includedScopes":[]},"contributions":{},"includedScopes":[{"contributions":{},"includedScopes":[]},{"contributions":{},"includedScopes":[]},{"contributions":{},"includedScopes":[]},{"contributions":{},"includedScopes":[]},{"contributions":{},"includedScopes":[]}]}},"stack":"Error: Failed to print, found malformed node\n    at c:\\Users\\joaom\\.vscode\\extensions\\uqbar.wollok-lsp-ide-0.5.2\\out\\server\\src\\server.js:68:3585\n    at jbn (c:\\Users\\joaom\\.vscode\\extensions\\uqbar.wollok-lsp-ide-0.5.2\\out\\server\\src\\server.js:68:3396)\n    at c:\\Users\\joaom\\.vscode\\extensions\\uqbar.wollok-lsp-ide-0.5.2\\out\\server\\src\\server.js:2371:847\n    at c:\\Users\\joaom\\.vscode\\extensions\\uqbar.wollok-lsp-ide-0.5.2\\out\\server\\src\\server.js:2371:8440\n    at c:\\Users\\joaom\\.vscode\\extensions\\uqbar.wollok-lsp-ide-0.5.2\\out\\server\\src\\server.js:37:74770\n    at Ye (c:\\Users\\joaom\\.vscode\\extensions\\uqbar.wollok-lsp-ide-0.5.2\\out\\server\\src\\server.js:7:8527)\n    at Dt (c:\\Users\\joaom\\.vscode\\extensions\\uqbar.wollok-lsp-ide-0.5.2\\out\\server\\src\\server.js:7:6189)\n    at Zi (c:\\Users\\joaom\\.vscode\\extensions\\uqbar.wollok-lsp-ide-0.5.2\\out\\server\\src\\server.js:7:6378)\n    at Immediate._onImmediate (c:\\Users\\joaom\\.vscode\\extensions\\uqbar.wollok-lsp-ide-0.5.2\\out\\server\\src\\server.js:7:6142)\n    at process.processImmediate (node:internal/timers:485:21)","timestamp":"2025-07-01T15:50:49.372Z"}
{"level":"info","message":"⌛ Building environment","timeElapsed":139,"timestamp":"2025-07-01T15:50:50.943Z"}
{"level":"info","message":"⌛ Validating niveles.wlk","timeElapsed":247,"timestamp":"2025-07-01T15:50:51.205Z"}
{"level":"info","message":"⌛ Building environment","timeElapsed":123,"timestamp":"2025-07-01T15:50:57.428Z"}
{"level":"info","message":"⌛ Validating niveles.wlk","timeElapsed":202,"timestamp":"2025-07-01T15:50:57.670Z"}
{"level":"info","message":"⌛ Building environment","timeElapsed":106,"timestamp":"2025-07-01T15:50:59.599Z"}
{"level":"info","message":"⌛ Validating niveles.wlk","timeElapsed":139,"timestamp":"2025-07-01T15:50:59.739Z"}
{"level":"info","message":"⌛ Building environment","timeElapsed":169,"timestamp":"2025-07-01T15:50:59.974Z"}
{"level":"info","message":"⌛ Validating niveles.wlk","timeElapsed":310,"timestamp":"2025-07-01T15:51:00.287Z"}
{"level":"info","message":"⌛ Building environment","timeElapsed":122,"timestamp":"2025-07-01T15:52:03.152Z"}
{"level":"info","message":"⌛ Validating menu.wlk","timeElapsed":160,"timestamp":"2025-07-01T15:52:03.318Z"}
{"level":"info","message":"⌛ Building environment","timeElapsed":193,"timestamp":"2025-07-01T15:52:05.268Z"}
{"level":"info","message":"⌛ Validating menu.wlk","timeElapsed":242,"timestamp":"2025-07-01T15:52:05.523Z"}
{"level":"info","message":"⌛ Building environment","timeElapsed":129,"timestamp":"2025-07-01T15:52:06.072Z"}
{"level":"info","message":"⌛ Validating menu.wlk","timeElapsed":153,"timestamp":"2025-07-01T15:52:06.226Z"}
{"exitCode":"SIGHUP","level":"info","message":"👾 Game executed main.ArcaneBastion on c:\\Users\\joaom\\Documents\\TPGameIntegrador-wollokers-group-main","timeElapsed":1072347,"timestamp":"2025-07-01T15:52:13.323Z"}
{"level":"info","message":"🚀 Program executed \u001b[3m\u001b[34mmain.ArcaneBastion\u001b[39m\u001b[23m on \u001b[3m\u001b[34mc:\\Users\\joaom\\Documents\\TPGameIntegrador-wollokers-group-main\u001b[39m\u001b[23m","ok":true,"timeElapsed":729,"timestamp":"2025-07-01T15:52:15.915Z"}
{"level":"info","message":"⌛ Building environment","timeElapsed":220,"timestamp":"2025-07-01T16:00:57.373Z"}
{"level":"info","message":"⌛ Validating arcaneBastion.wlk","timeElapsed":191,"timestamp":"2025-07-01T16:00:57.565Z"}
{"level":"info","message":"⌛ Building environment","timeElapsed":145,"timestamp":"2025-07-01T16:00:57.729Z"}
{"level":"info","message":"⌛ Validating arcaneBastion.wlk","timeElapsed":188,"timestamp":"2025-07-01T16:00:57.918Z"}
{"level":"info","message":"⌛ Building environment","timeElapsed":143,"timestamp":"2025-07-01T16:00:58.126Z"}
{"level":"info","message":"⌛ Building environment","timeElapsed":122,"timestamp":"2025-07-01T16:00:58.248Z"}
{"level":"info","message":"⌛ Validating arcaneBastion.wlk","timeElapsed":252,"timestamp":"2025-07-01T16:00:58.502Z"}
{"level":"info","message":"⌛ Building environment","timeElapsed":109,"timestamp":"2025-07-01T16:00:58.617Z"}
{"level":"info","message":"⌛ Validating arcaneBastion.wlk","timeElapsed":178,"timestamp":"2025-07-01T16:00:58.812Z"}
{"level":"info","message":"⌛ Building environment","timeElapsed":107,"timestamp":"2025-07-01T16:00:58.919Z"}
{"level":"info","message":"⌛ Validating arcaneBastion.wlk","timeElapsed":165,"timestamp":"2025-07-01T16:00:59.085Z"}
{"level":"info","message":"⌛ Validating arcaneBastion.wlk","timeElapsed":193,"timestamp":"2025-07-01T16:00:59.350Z"}
{"exitCode":"SIGHUP","level":"info","message":"👾 Game executed main.ArcaneBastion on c:\\Users\\joaom\\Documents\\TPGameIntegrador-wollokers-group-main","timeElapsed":527608,"timestamp":"2025-07-01T16:01:02.797Z"}
{"level":"info","message":"🚀 Program executed \u001b[3m\u001b[34mmain.ArcaneBastion\u001b[39m\u001b[23m on \u001b[3m\u001b[34mc:\\Users\\estudiante\\FINAL4\u001b[39m\u001b[23m","ok":true,"timeElapsed":5892,"timestamp":"2025-07-03T13:50:31.954Z"}
{"exitCode":"SIGHUP","level":"info","message":"👾 Game executed main.ArcaneBastion on c:\\Users\\estudiante\\FINAL4","timeElapsed":165160,"timestamp":"2025-07-03T13:53:11.222Z"}
{"level":"info","message":"🚀 Program executed \u001b[3m\u001b[34mmain.ArcaneBastion\u001b[39m\u001b[23m on \u001b[3m\u001b[34mc:\\Users\\estudiante\\FINAL4\u001b[39m\u001b[23m","ok":true,"timeElapsed":3523,"timestamp":"2025-07-03T13:53:32.603Z"}
{"exitCode":"SIGHUP","level":"info","message":"👾 Game executed main.ArcaneBastion on c:\\Users\\estudiante\\FINAL4","timeElapsed":100117,"timestamp":"2025-07-03T13:55:09.232Z"}
{"level":"info","message":"🚀 Program executed \u001b[3m\u001b[34mmain.ArcaneBastion\u001b[39m\u001b[23m on \u001b[3m\u001b[34mc:\\Users\\estudiante\\FINAL4\u001b[39m\u001b[23m","ok":true,"timeElapsed":3162,"timestamp":"2025-07-03T13:55:24.812Z"}
{"exitCode":"SIGHUP","level":"info","message":"👾 Game executed main.ArcaneBastion on c:\\Users\\estudiante\\FINAL4","timeElapsed":613868,"timestamp":"2025-07-03T14:05:35.528Z"}
{"level":"info","message":"🚀 Program executed \u001b[3m\u001b[34mmain.ArcaneBastion\u001b[39m\u001b[23m on \u001b[3m\u001b[34mc:\\Users\\estudiante\\FINAL4\u001b[39m\u001b[23m","ok":true,"timeElapsed":6208,"timestamp":"2025-07-03T14:05:59.205Z"}
{"exitCode":"SIGHUP","level":"info","message":"👾 Game executed main.ArcaneBastion on c:\\Users\\estudiante\\FINAL4","timeElapsed":182197,"timestamp":"2025-07-03T14:08:55.199Z"}
{"level":"info","message":"🚀 Program executed \u001b[3m\u001b[34mmain.ArcaneBastion\u001b[39m\u001b[23m on \u001b[3m\u001b[34mc:\\Users\\estudiante\\FINAL4\u001b[39m\u001b[23m","ok":true,"timeElapsed":2815,"timestamp":"2025-07-03T14:09:13.740Z"}
{"exitCode":"SIGHUP","level":"info","message":"👾 Game executed main.ArcaneBastion on c:\\Users\\estudiante\\FINAL4","timeElapsed":113359,"timestamp":"2025-07-03T14:11:04.297Z"}
{"level":"info","message":"🚀 Program executed \u001b[3m\u001b[34mmain.ArcaneBastion\u001b[39m\u001b[23m on \u001b[3m\u001b[34mc:\\Users\\estudiante\\FINAL4\u001b[39m\u001b[23m","ok":true,"timeElapsed":5475,"timestamp":"2025-07-03T14:11:19.852Z"}
{"exitCode":"SIGHUP","level":"info","message":"👾 Game executed main.ArcaneBastion on c:\\Users\\estudiante\\FINAL4","timeElapsed":190062,"timestamp":"2025-07-03T14:14:24.392Z"}
{"level":"info","message":"🚀 Program executed \u001b[3m\u001b[34mmain.ArcaneBastion\u001b[39m\u001b[23m on \u001b[3m\u001b[34mc:\\Users\\estudiante\\FINAL4\u001b[39m\u001b[23m","ok":true,"timeElapsed":4498,"timestamp":"2025-07-03T14:14:47.421Z"}
{"exitCode":"SIGHUP","level":"info","message":"👾 Game executed main.ArcaneBastion on c:\\Users\\estudiante\\FINAL4","timeElapsed":628793,"timestamp":"2025-07-03T14:25:11.735Z"}
{"error":["wollok.lang.EvaluationError: Error: Could not resolve reference to sonido.play","  at sonidos.sonidoFondo.sonar() [sonidos.wlk:5]\r","  at arcaneBastion.arcaneBastion.iniciar() [arcaneBastion.wlk:18]\r","  at main.ArcaneBastion [main.wpgm:9]"],"level":"info","message":"🚀 Program executed \u001b[3m\u001b[34mmain.ArcaneBastion\u001b[39m\u001b[23m on \u001b[3m\u001b[34mc:\\Users\\estudiante\\FINAL4\u001b[39m\u001b[23m","ok":false,"timeElapsed":3449,"timestamp":"2025-07-03T14:25:38.887Z"}
{"error":["wollok.lang.EvaluationError: RangeError: Sound is already in the game! You cannot add duplicate elements","  at sonidos.sonidoFondo.sonar() [sonidos.wlk:5]\r","  at arcaneBastion.arcaneBastion.iniciar() [arcaneBastion.wlk:18]\r","  at main.ArcaneBastion [main.wpgm:9]"],"level":"info","message":"🚀 Program executed \u001b[3m\u001b[34mmain.ArcaneBastion\u001b[39m\u001b[23m on \u001b[3m\u001b[34mc:\\Users\\estudiante\\FINAL4\u001b[39m\u001b[23m","ok":false,"timeElapsed":3879,"timestamp":"2025-07-03T14:26:56.189Z"}
{"error":["wollok.lang.EvaluationError: RangeError: sonar - while sending message game.onTick/3: parameter #3 produces no value, cannot use it","  at sonidos.sonidoFondo.sonar() [sonidos.wlk:4]\r","  at arcaneBastion.arcaneBastion.iniciar() [arcaneBastion.wlk:18]\r","  at main.ArcaneBastion [main.wpgm:9]"],"level":"info","message":"🚀 Program executed \u001b[3m\u001b[34mmain.ArcaneBastion\u001b[39m\u001b[23m on \u001b[3m\u001b[34mc:\\Users\\estudiante\\FINAL4\u001b[39m\u001b[23m","ok":false,"timeElapsed":3254,"timestamp":"2025-07-03T14:28:46.953Z"}
{"level":"info","message":"🚀 Program executed \u001b[3m\u001b[34mmain.ArcaneBastion\u001b[39m\u001b[23m on \u001b[3m\u001b[34mc:\\Users\\estudiante\\FINAL4\u001b[39m\u001b[23m","ok":true,"timeElapsed":2744,"timestamp":"2025-07-03T14:29:50.761Z"}
{"exitCode":"SIGHUP","level":"info","message":"👾 Game executed main.ArcaneBastion on c:\\Users\\estudiante\\FINAL4","timeElapsed":108087,"timestamp":"2025-07-03T14:31:36.097Z"}
{"level":"info","message":"🚀 Program executed \u001b[3m\u001b[34mmain.ArcaneBastion\u001b[39m\u001b[23m on \u001b[3m\u001b[34mc:\\Users\\estudiante\\FINAL4\u001b[39m\u001b[23m","ok":true,"timeElapsed":3153,"timestamp":"2025-07-03T14:31:56.249Z"}
{"exitCode":"SIGHUP","level":"info","message":"👾 Game executed main.ArcaneBastion on c:\\Users\\estudiante\\FINAL4","timeElapsed":85507,"timestamp":"2025-07-03T14:33:18.649Z"}
{"level":"info","message":"🚀 Program executed \u001b[3m\u001b[34mmain.ArcaneBastion\u001b[39m\u001b[23m on \u001b[3m\u001b[34mc:\\Users\\estudiante\\FINAL4\u001b[39m\u001b[23m","ok":true,"timeElapsed":3649,"timestamp":"2025-07-03T14:34:02.038Z"}
{"exitCode":"SIGHUP","level":"info","message":"👾 Game executed main.ArcaneBastion on c:\\Users\\estudiante\\FINAL4","timeElapsed":82726,"timestamp":"2025-07-03T14:35:21.116Z"}
{"level":"info","message":"🚀 Program executed \u001b[3m\u001b[34mmain.ArcaneBastion\u001b[39m\u001b[23m on \u001b[3m\u001b[34mc:\\Users\\estudiante\\FINAL4\u001b[39m\u001b[23m","ok":true,"timeElapsed":2984,"timestamp":"2025-07-03T14:35:46.701Z"}
{"exitCode":"SIGHUP","level":"info","message":"👾 Game executed main.ArcaneBastion on c:\\Users\\estudiante\\FINAL4","timeElapsed":352391,"timestamp":"2025-07-03T14:41:36.105Z"}
{"level":"info","message":"🚀 Program executed \u001b[3m\u001b[34mmain.ArcaneBastion\u001b[39m\u001b[23m on \u001b[3m\u001b[34mc:\\Users\\estudiante\\FINAL4\u001b[39m\u001b[23m","ok":true,"timeElapsed":3828,"timestamp":"2025-07-03T14:41:57.165Z"}
{"exitCode":"SIGHUP","level":"info","message":"👾 Game executed main.ArcaneBastion on c:\\Users\\estudiante\\FINAL4","timeElapsed":147765,"timestamp":"2025-07-03T14:44:21.119Z"}
{"level":"info","message":"🚀 Program executed \u001b[3m\u001b[34mmain.ArcaneBastion\u001b[39m\u001b[23m on \u001b[3m\u001b[34mc:\\Users\\estudiante\\FINAL4\u001b[39m\u001b[23m","ok":true,"timeElapsed":3903,"timestamp":"2025-07-03T14:44:54.667Z"}
{"exitCode":"SIGHUP","level":"info","message":"👾 Game executed main.ArcaneBastion on c:\\Users\\estudiante\\FINAL4","timeElapsed":169432,"timestamp":"2025-07-03T14:47:40.205Z"}
{"level":"info","message":"⌛ Building environment","timeElapsed":892,"timestamp":"2025-07-03T16:13:55.679Z"}
{"level":"info","message":"⌛ Building environment","timeElapsed":730,"timestamp":"2025-07-03T16:13:56.463Z"}
{"level":"info","message":"⌛ Building environment","timeElapsed":397,"timestamp":"2025-07-03T16:13:57.011Z"}
{"level":"info","message":"⌛ Building environment","timeElapsed":265,"timestamp":"2025-07-03T16:13:57.288Z"}
{"level":"info","message":"⌛ Building environment","timeElapsed":365,"timestamp":"2025-07-03T16:13:57.695Z"}
{"level":"info","message":"⌛ Building environment","timeElapsed":247,"timestamp":"2025-07-03T16:13:57.944Z"}
{"level":"info","message":"⌛ Building environment","timeElapsed":215,"timestamp":"2025-07-03T16:13:58.201Z"}
{"level":"info","message":"⌛ Building environment","timeElapsed":339,"timestamp":"2025-07-03T16:13:58.542Z"}
{"level":"info","message":"⌛ Building environment","timeElapsed":443,"timestamp":"2025-07-03T16:13:58.989Z"}
{"level":"info","message":"⌛ Building environment","timeElapsed":332,"timestamp":"2025-07-03T16:13:59.329Z"}
{"level":"info","message":"⌛ Building environment","timeElapsed":310,"timestamp":"2025-07-03T16:13:59.645Z"}
{"level":"info","message":"⌛ Building environment","timeElapsed":835,"timestamp":"2025-07-03T16:14:00.487Z"}
{"level":"info","message":"⌛ Building environment","timeElapsed":330,"timestamp":"2025-07-03T16:14:00.819Z"}
{"level":"info","message":"⌛ Building environment","timeElapsed":349,"timestamp":"2025-07-03T16:14:01.170Z"}
{"level":"info","message":"⌛ Building environment","timeElapsed":483,"timestamp":"2025-07-03T16:14:01.660Z"}
{"level":"info","message":"⌛ Validating main.wpgm","timeElapsed":624,"timestamp":"2025-07-03T16:14:02.287Z"}
{"level":"info","message":"⌛ Building environment","timeElapsed":1698,"timestamp":"2025-07-03T16:14:03.989Z"}
{"level":"info","message":"⌛ Validating sonidos.wlk","timeElapsed":665,"timestamp":"2025-07-03T16:14:05.095Z"}
{"level":"info","message":"⌛ Validating personajes.wlk","timeElapsed":700,"timestamp":"2025-07-03T16:14:05.795Z"}
{"level":"info","message":"⌛ Validating niveles.wlk","timeElapsed":354,"timestamp":"2025-07-03T16:14:06.151Z"}
{"level":"info","message":"⌛ Validating menu.wlk","timeElapsed":333,"timestamp":"2025-07-03T16:14:06.486Z"}
{"level":"info","message":"⌛ Validating mana.wlk","timeElapsed":384,"timestamp":"2025-07-03T16:14:06.871Z"}
{"level":"info","message":"⌛ Validating mago.wlk","timeElapsed":389,"timestamp":"2025-07-03T16:14:07.261Z"}
{"level":"info","message":"⌛ Validating enemigos.wlk","timeElapsed":390,"timestamp":"2025-07-03T16:14:07.663Z"}
{"level":"info","message":"⌛ Validating bastion.wlk","timeElapsed":363,"timestamp":"2025-07-03T16:14:08.043Z"}
{"level":"info","message":"⌛ Validating arcaneBastion.wlk","timeElapsed":381,"timestamp":"2025-07-03T16:14:08.443Z"}
{"level":"info","message":"⌛ Validating adminProyectiles.wlk","timeElapsed":329,"timestamp":"2025-07-03T16:14:08.870Z"}
{"level":"info","message":"⌛ Validating administradorDeOleadas.wlk","timeElapsed":342,"timestamp":"2025-07-03T16:14:09.221Z"}
{"level":"info","message":"⌛ Validating administradorDeHechizos.wlk","timeElapsed":338,"timestamp":"2025-07-03T16:14:09.584Z"}
{"level":"info","message":"⌛ Validating administradorDeEnemigos.wlk","timeElapsed":433,"timestamp":"2025-07-03T16:14:10.049Z"}
{"level":"info","message":"⌛ Building environment","timeElapsed":285,"timestamp":"2025-07-03T16:14:10.393Z"}
{"level":"info","message":"⌛ Validating main.wpgm","timeElapsed":405,"timestamp":"2025-07-03T16:14:10.824Z"}
{"level":"info","message":"⌛ Validating sonidos.wlk","timeElapsed":355,"timestamp":"2025-07-03T16:14:11.260Z"}
{"level":"info","message":"⌛ Validating personajes.wlk","timeElapsed":314,"timestamp":"2025-07-03T16:14:11.580Z"}
{"level":"info","message":"⌛ Validating niveles.wlk","timeElapsed":258,"timestamp":"2025-07-03T16:14:11.846Z"}
{"level":"info","message":"⌛ Validating menu.wlk","timeElapsed":263,"timestamp":"2025-07-03T16:14:12.115Z"}
{"level":"info","message":"⌛ Validating mana.wlk","timeElapsed":245,"timestamp":"2025-07-03T16:14:12.375Z"}
{"level":"info","message":"⌛ Validating mago.wlk","timeElapsed":294,"timestamp":"2025-07-03T16:14:12.676Z"}
{"level":"info","message":"⌛ Validating enemigos.wlk","timeElapsed":301,"timestamp":"2025-07-03T16:14:13.009Z"}
{"level":"info","message":"⌛ Validating bastion.wlk","timeElapsed":305,"timestamp":"2025-07-03T16:14:13.319Z"}
{"level":"info","message":"⌛ Validating arcaneBastion.wlk","timeElapsed":249,"timestamp":"2025-07-03T16:14:13.573Z"}
{"level":"info","message":"⌛ Validating adminProyectiles.wlk","timeElapsed":276,"timestamp":"2025-07-03T16:14:13.862Z"}
{"level":"info","message":"⌛ Validating administradorDeOleadas.wlk","timeElapsed":264,"timestamp":"2025-07-03T16:14:14.143Z"}
{"level":"info","message":"⌛ Validating administradorDeHechizos.wlk","timeElapsed":246,"timestamp":"2025-07-03T16:14:14.396Z"}
{"level":"info","message":"⌛ Validating administradorDeEnemigos.wlk","timeElapsed":256,"timestamp":"2025-07-03T16:14:14.656Z"}
{"level":"info","message":"⌛ Validating main.wpgm","timeElapsed":329,"timestamp":"2025-07-03T16:14:15.227Z"}
{"level":"info","message":"🚀 Program executed \u001b[3m\u001b[34mmain.ArcaneBastion\u001b[39m\u001b[23m on \u001b[3m\u001b[34mc:\\Users\\LUZ RAMIREZ\\Documents\\TPGameIntegrador-wollokers-group\u001b[39m\u001b[23m","ok":true,"timeElapsed":3166,"timestamp":"2025-07-03T16:28:42.307Z"}
{"exitCode":"SIGHUP","level":"info","message":"👾 Game executed main.ArcaneBastion on c:\\Users\\LUZ RAMIREZ\\Documents\\TPGameIntegrador-wollokers-group","timeElapsed":368487,"timestamp":"2025-07-03T16:34:47.630Z"}
{"level":"info","message":"🚀 Program executed \u001b[3m\u001b[34mmain.ArcaneBastion\u001b[39m\u001b[23m on \u001b[3m\u001b[34mc:\\Users\\LUZ RAMIREZ\\Documents\\TPGameIntegrador-wollokers-group\u001b[39m\u001b[23m","ok":true,"timeElapsed":4828,"timestamp":"2025-07-03T16:35:04.119Z"}
{"exitCode":"SIGHUP","level":"info","message":"👾 Game executed main.ArcaneBastion on c:\\Users\\LUZ RAMIREZ\\Documents\\TPGameIntegrador-wollokers-group","timeElapsed":423704,"timestamp":"2025-07-03T16:42:02.987Z"}
{"level":"info","message":"🚀 Program executed \u001b[3m\u001b[34mmain.ArcaneBastion\u001b[39m\u001b[23m on \u001b[3m\u001b[34mc:\\Users\\LUZ RAMIREZ\\Documents\\TPGameIntegrador-wollokers-group\u001b[39m\u001b[23m","ok":true,"timeElapsed":3041,"timestamp":"2025-07-03T16:42:19.306Z"}
{"exitCode":"SIGHUP","level":"info","message":"👾 Game executed main.ArcaneBastion on c:\\Users\\LUZ RAMIREZ\\Documents\\TPGameIntegrador-wollokers-group","timeElapsed":128494,"timestamp":"2025-07-03T16:44:24.756Z"}
{"level":"info","message":"🚀 Program executed \u001b[3m\u001b[34mmain.ArcaneBastion\u001b[39m\u001b[23m on \u001b[3m\u001b[34mc:\\Users\\LUZ RAMIREZ\\Documents\\TPGameIntegrador-wollokers-group\u001b[39m\u001b[23m","ok":true,"timeElapsed":2785,"timestamp":"2025-07-03T16:44:40.153Z"}
{"level":"info","message":"⌛ Building environment","timeElapsed":1815,"timestamp":"2025-07-03T16:48:34.594Z"}
{"level":"info","message":"⌛ Validating enemigos.wlk","timeElapsed":870,"timestamp":"2025-07-03T16:48:36.023Z"}
{"level":"info","message":"⌛ Building environment","timeElapsed":666,"timestamp":"2025-07-03T16:51:45.842Z"}
{"level":"info","message":"⌛ Building environment","timeElapsed":830,"timestamp":"2025-07-03T16:51:46.696Z"}
{"level":"info","message":"⌛ Validating enemigos.wlk","timeElapsed":489,"timestamp":"2025-07-03T16:51:47.384Z"}
{"level":"info","message":"⌛ Validating enemigos.wlk","timeElapsed":519,"timestamp":"2025-07-03T16:51:47.922Z"}
{"level":"info","message":"⌛ Building environment","timeElapsed":481,"timestamp":"2025-07-03T16:51:51.939Z"}
{"level":"info","message":"⌛ Building environment","timeElapsed":457,"timestamp":"2025-07-03T16:51:52.444Z"}
{"level":"info","message":"⌛ Validating enemigos.wlk","timeElapsed":571,"timestamp":"2025-07-03T16:51:53.229Z"}
{"level":"info","message":"⌛ Validating enemigos.wlk","timeElapsed":455,"timestamp":"2025-07-03T16:51:53.688Z"}
{"level":"info","message":"⌛ Building environment","timeElapsed":710,"timestamp":"2025-07-03T16:54:45.591Z"}
{"level":"info","message":"⌛ Building environment","timeElapsed":742,"timestamp":"2025-07-03T16:54:46.497Z"}
{"level":"info","message":"⌛ Validating enemigos.wlk","timeElapsed":736,"timestamp":"2025-07-03T16:54:47.319Z"}
{"level":"info","message":"⌛ Validating enemigos.wlk","timeElapsed":732,"timestamp":"2025-07-03T16:54:48.058Z"}
{"level":"info","message":"⌛ Building environment","timeElapsed":694,"timestamp":"2025-07-03T16:55:06.189Z"}
{"level":"info","message":"⌛ Building environment","timeElapsed":989,"timestamp":"2025-07-03T16:55:07.182Z"}
{"level":"info","message":"⌛ Validating enemigos.wlk","timeElapsed":974,"timestamp":"2025-07-03T16:55:08.270Z"}
{"level":"info","message":"⌛ Building environment","timeElapsed":509,"timestamp":"2025-07-03T16:55:08.788Z"}
{"level":"info","message":"⌛ Building environment","timeElapsed":413,"timestamp":"2025-07-03T16:55:09.232Z"}
{"level":"info","message":"⌛ Autocomplete - Class","timeElapsed":123,"timestamp":"2025-07-03T16:55:09.363Z"}
{"level":"info","message":"⌛ Building environment","timeElapsed":869,"timestamp":"2025-07-03T16:55:10.248Z"}
{"level":"info","message":"⌛ Building environment","timeElapsed":1257,"timestamp":"2025-07-03T16:55:11.560Z"}
{"level":"info","message":"⌛ Building environment","timeElapsed":815,"timestamp":"2025-07-03T16:55:12.377Z"}
{"level":"info","message":"⌛ Validating enemigos.wlk","timeElapsed":956,"timestamp":"2025-07-03T16:55:13.408Z"}
{"level":"info","message":"⌛ Building environment","timeElapsed":655,"timestamp":"2025-07-03T16:55:14.064Z"}
{"level":"error","message":"✘ Failed to rebuild document Failed to parse enemigos.wlk: \n-- PARSING FAILED --------------------------------------------------\n\n  23 |                 position.goLeft(1)\n  24 |             }\n> 25 |         }\n     |         ^\n  26 |     }\n  27 |     method moverDerecha() {\n\nExpected one of the following: \n\n'@', 'class', 'const', 'describe', 'mixin', 'object', 'only', 'package', 'program', 'test', 'var', '{', EOF, comment, not \"}\r\n    \", whitespace\n","stack":"Error: Failed to parse enemigos.wlk: \n-- PARSING FAILED --------------------------------------------------\n\n  23 |                 position.goLeft(1)\n  24 |             }\n> 25 |         }\n     |         ^\n  26 |     }\n  27 |     method moverDerecha() {\n\nExpected one of the following: \n\n'@', 'class', 'const', 'describe', 'mixin', 'object', 'only', 'package', 'program', 'test', 'var', '{', EOF, comment, not \"}\r\n    \", whitespace\n\n    at c:\\Users\\LUZ RAMIREZ\\.vscode\\extensions\\uqbar.wollok-lsp-ide-0.5.2\\out\\server\\src\\server.js:2326:13026\n    at Array.map (<anonymous>)\n    at D1n (c:\\Users\\LUZ RAMIREZ\\.vscode\\extensions\\uqbar.wollok-lsp-ide-0.5.2\\out\\server\\src\\server.js:2326:12950)\n    at W2.buildEnvironmentFrom (c:\\Users\\LUZ RAMIREZ\\.vscode\\extensions\\uqbar.wollok-lsp-ide-0.5.2\\out\\server\\src\\server.js:2371:5254)\n    at W2.updateEnvironmentWith (c:\\Users\\LUZ RAMIREZ\\.vscode\\extensions\\uqbar.wollok-lsp-ide-0.5.2\\out\\server\\src\\server.js:2371:4989)\n    at GF (c:\\Users\\LUZ RAMIREZ\\.vscode\\extensions\\uqbar.wollok-lsp-ide-0.5.2\\out\\server\\src\\server.js:2371:7383)\n    at L3.invoke (c:\\Users\\LUZ RAMIREZ\\.vscode\\extensions\\uqbar.wollok-lsp-ide-0.5.2\\out\\server\\src\\server.js:3:157326)\n    at o.fire (c:\\Users\\LUZ RAMIREZ\\.vscode\\extensions\\uqbar.wollok-lsp-ide-0.5.2\\out\\server\\src\\server.js:3:158096)\n    at c:\\Users\\LUZ RAMIREZ\\.vscode\\extensions\\uqbar.wollok-lsp-ide-0.5.2\\out\\server\\src\\server.js:37:57871\n    at Kr (c:\\Users\\LUZ RAMIREZ\\.vscode\\extensions\\uqbar.wollok-lsp-ide-0.5.2\\out\\server\\src\\server.js:8:1561)","timestamp":"2025-07-03T16:55:14.174Z"}
{"level":"error","message":"✘ Failed to rebuild document Failed to parse enemigos.wlk: \n-- PARSING FAILED --------------------------------------------------\n\n  23 |                 position.goLeft(1)\n  24 |             }\n> 25 |         }\n     |         ^\n  26 |     }\n  27 |     method moverDerecha() {\n\nExpected one of the following: \n\n'@', 'class', 'const', 'describe', 'mixin', 'object', 'only', 'package', 'program', 'test', 'var', '{', EOF, comment, not \"}\r\n    \", whitespace\n","stack":"Error: Failed to parse enemigos.wlk: \n-- PARSING FAILED --------------------------------------------------\n\n  23 |                 position.goLeft(1)\n  24 |             }\n> 25 |         }\n     |         ^\n  26 |     }\n  27 |     method moverDerecha() {\n\nExpected one of the following: \n\n'@', 'class', 'const', 'describe', 'mixin', 'object', 'only', 'package', 'program', 'test', 'var', '{', EOF, comment, not \"}\r\n    \", whitespace\n\n    at c:\\Users\\LUZ RAMIREZ\\.vscode\\extensions\\uqbar.wollok-lsp-ide-0.5.2\\out\\server\\src\\server.js:2326:13026\n    at Array.map (<anonymous>)\n    at D1n (c:\\Users\\LUZ RAMIREZ\\.vscode\\extensions\\uqbar.wollok-lsp-ide-0.5.2\\out\\server\\src\\server.js:2326:12950)\n    at W2.buildEnvironmentFrom (c:\\Users\\LUZ RAMIREZ\\.vscode\\extensions\\uqbar.wollok-lsp-ide-0.5.2\\out\\server\\src\\server.js:2371:5254)\n    at W2.updateEnvironmentWith (c:\\Users\\LUZ RAMIREZ\\.vscode\\extensions\\uqbar.wollok-lsp-ide-0.5.2\\out\\server\\src\\server.js:2371:4989)\n    at GF (c:\\Users\\LUZ RAMIREZ\\.vscode\\extensions\\uqbar.wollok-lsp-ide-0.5.2\\out\\server\\src\\server.js:2371:7383)\n    at L3.invoke (c:\\Users\\LUZ RAMIREZ\\.vscode\\extensions\\uqbar.wollok-lsp-ide-0.5.2\\out\\server\\src\\server.js:3:157326)\n    at o.fire (c:\\Users\\LUZ RAMIREZ\\.vscode\\extensions\\uqbar.wollok-lsp-ide-0.5.2\\out\\server\\src\\server.js:3:158096)\n    at c:\\Users\\LUZ RAMIREZ\\.vscode\\extensions\\uqbar.wollok-lsp-ide-0.5.2\\out\\server\\src\\server.js:37:57871\n    at Kr (c:\\Users\\LUZ RAMIREZ\\.vscode\\extensions\\uqbar.wollok-lsp-ide-0.5.2\\out\\server\\src\\server.js:8:1561)","timestamp":"2025-07-03T16:55:14.295Z"}
{"level":"info","message":"⌛ Building environment","timeElapsed":436,"timestamp":"2025-07-03T16:55:14.792Z"}
{"level":"info","message":"⌛ Validating enemigos.wlk","timeElapsed":500,"timestamp":"2025-07-03T16:55:15.339Z"}
{"level":"info","message":"⌛ Validating enemigos.wlk","timeElapsed":519,"timestamp":"2025-07-03T16:55:15.868Z"}
{"level":"info","message":"⌛ Building environment","timeElapsed":579,"timestamp":"2025-07-03T16:55:16.476Z"}
{"level":"info","message":"⌛ Building environment","timeElapsed":378,"timestamp":"2025-07-03T16:55:16.861Z"}
{"level":"info","message":"⌛ Building environment","timeElapsed":631,"timestamp":"2025-07-03T16:55:17.669Z"}
{"level":"info","message":"⌛ Building environment","timeElapsed":429,"timestamp":"2025-07-03T16:55:18.102Z"}
{"level":"info","message":"⌛ Building environment","timeElapsed":389,"timestamp":"2025-07-03T16:55:18.525Z"}
{"level":"info","message":"⌛ Building environment","timeElapsed":594,"timestamp":"2025-07-03T16:55:19.122Z"}
{"level":"info","message":"⌛ Building environment","timeElapsed":761,"timestamp":"2025-07-03T16:55:20.012Z"}
{"level":"info","message":"⌛ Validating enemigos.wlk","timeElapsed":1090,"timestamp":"2025-07-03T16:55:21.221Z"}
{"level":"info","message":"⌛ Building environment","timeElapsed":807,"timestamp":"2025-07-03T16:55:22.039Z"}
{"level":"info","message":"⌛ Building environment","timeElapsed":448,"timestamp":"2025-07-03T16:55:22.492Z"}
{"level":"info","message":"⌛ Building environment","timeElapsed":450,"timestamp":"2025-07-03T16:55:22.944Z"}
{"level":"info","message":"⌛ Building environment","timeElapsed":545,"timestamp":"2025-07-03T16:55:23.495Z"}
{"level":"info","message":"⌛ Building environment","timeElapsed":465,"timestamp":"2025-07-03T16:55:23.980Z"}
{"level":"info","message":"⌛ Building environment","timeElapsed":466,"timestamp":"2025-07-03T16:55:24.546Z"}
{"level":"info","message":"⌛ Validating enemigos.wlk","timeElapsed":957,"timestamp":"2025-07-03T16:55:25.508Z"}
{"level":"info","message":"⌛ Building environment","timeElapsed":706,"timestamp":"2025-07-03T16:55:26.279Z"}
{"level":"info","message":"⌛ Building environment","timeElapsed":476,"timestamp":"2025-07-03T16:55:26.778Z"}
{"level":"info","message":"⌛ Building environment","timeElapsed":529,"timestamp":"2025-07-03T16:55:27.313Z"}
{"level":"info","message":"⌛ Validating enemigos.wlk","timeElapsed":538,"timestamp":"2025-07-03T16:55:27.912Z"}
{"level":"info","message":"⌛ Building environment","timeElapsed":533,"timestamp":"2025-07-03T16:55:28.506Z"}
{"level":"info","message":"⌛ Building environment","timeElapsed":495,"timestamp":"2025-07-03T16:55:29.104Z"}
{"level":"info","message":"⌛ Building environment","timeElapsed":620,"timestamp":"2025-07-03T16:55:29.727Z"}
{"level":"info","message":"⌛ Building environment","timeElapsed":624,"timestamp":"2025-07-03T16:55:30.358Z"}
{"level":"info","message":"⌛ Validating enemigos.wlk","timeElapsed":523,"timestamp":"2025-07-03T16:55:30.973Z"}
{"level":"info","message":"⌛ Validating enemigos.wlk","timeElapsed":669,"timestamp":"2025-07-03T16:55:32.155Z"}
{"level":"info","message":"⌛ Validating enemigos.wlk","timeElapsed":492,"timestamp":"2025-07-03T16:55:32.692Z"}
{"level":"info","message":"⌛ Validating enemigos.wlk","timeElapsed":414,"timestamp":"2025-07-03T16:55:33.110Z"}
{"level":"info","message":"⌛ Validating enemigos.wlk","timeElapsed":543,"timestamp":"2025-07-03T16:55:33.655Z"}
{"level":"info","message":"⌛ Validating enemigos.wlk","timeElapsed":701,"timestamp":"2025-07-03T16:55:34.357Z"}
{"level":"info","message":"⌛ Validating enemigos.wlk","timeElapsed":667,"timestamp":"2025-07-03T16:55:35.025Z"}
{"level":"info","message":"⌛ Building environment","timeElapsed":854,"timestamp":"2025-07-03T16:55:35.885Z"}
{"level":"info","message":"⌛ Building environment","timeElapsed":772,"timestamp":"2025-07-03T16:55:36.785Z"}
{"level":"info","message":"⌛ Building environment","timeElapsed":695,"timestamp":"2025-07-03T16:55:37.484Z"}
{"level":"info","message":"⌛ Validating enemigos.wlk","timeElapsed":547,"timestamp":"2025-07-03T16:55:38.098Z"}
{"level":"info","message":"⌛ Building environment","timeElapsed":569,"timestamp":"2025-07-03T16:55:38.671Z"}
{"level":"info","message":"⌛ Building environment","timeElapsed":571,"timestamp":"2025-07-03T16:55:39.257Z"}
{"level":"info","message":"⌛ Building environment","timeElapsed":365,"timestamp":"2025-07-03T16:55:39.709Z"}
{"level":"info","message":"⌛ Building environment","timeElapsed":569,"timestamp":"2025-07-03T16:55:40.305Z"}
{"level":"info","message":"⌛ Validating enemigos.wlk","timeElapsed":668,"timestamp":"2025-07-03T16:55:41.106Z"}
{"level":"info","message":"⌛ Building environment","timeElapsed":723,"timestamp":"2025-07-03T16:55:41.839Z"}
{"level":"info","message":"⌛ Validating enemigos.wlk","timeElapsed":714,"timestamp":"2025-07-03T16:55:42.851Z"}
{"level":"info","message":"⌛ Validating enemigos.wlk","timeElapsed":571,"timestamp":"2025-07-03T16:55:43.423Z"}
{"level":"info","message":"⌛ Validating enemigos.wlk","timeElapsed":783,"timestamp":"2025-07-03T16:55:44.226Z"}
{"level":"info","message":"⌛ Validating enemigos.wlk","timeElapsed":1085,"timestamp":"2025-07-03T16:55:45.312Z"}
{"level":"info","message":"⌛ Validating enemigos.wlk","timeElapsed":770,"timestamp":"2025-07-03T16:55:46.088Z"}
{"level":"info","message":"⌛ Validating enemigos.wlk","timeElapsed":740,"timestamp":"2025-07-03T16:55:46.829Z"}
{"level":"info","message":"⌛ Validating enemigos.wlk","timeElapsed":490,"timestamp":"2025-07-03T16:55:47.337Z"}
{"level":"info","message":"⌛ Validating enemigos.wlk","timeElapsed":585,"timestamp":"2025-07-03T16:55:47.922Z"}
{"level":"info","message":"⌛ Validating enemigos.wlk","timeElapsed":555,"timestamp":"2025-07-03T16:55:48.482Z"}
{"level":"info","message":"⌛ Validating enemigos.wlk","timeElapsed":941,"timestamp":"2025-07-03T16:55:49.436Z"}
{"level":"info","message":"⌛ Validating enemigos.wlk","timeElapsed":551,"timestamp":"2025-07-03T16:55:49.990Z"}
{"level":"info","message":"⌛ Validating enemigos.wlk","timeElapsed":694,"timestamp":"2025-07-03T16:55:50.697Z"}
{"level":"info","message":"⌛ Validating enemigos.wlk","timeElapsed":953,"timestamp":"2025-07-03T16:55:51.651Z"}
{"level":"info","message":"⌛ Building environment","timeElapsed":436,"timestamp":"2025-07-03T16:55:52.107Z"}
{"level":"info","message":"⌛ Building environment","timeElapsed":698,"timestamp":"2025-07-03T16:55:52.839Z"}
{"level":"info","message":"⌛ Building environment","timeElapsed":594,"timestamp":"2025-07-03T16:55:53.477Z"}
{"level":"info","message":"⌛ Validating enemigos.wlk","timeElapsed":641,"timestamp":"2025-07-03T16:55:55.317Z"}
{"level":"info","message":"⌛ Building environment","timeElapsed":758,"timestamp":"2025-07-03T16:55:56.079Z"}
{"level":"info","message":"⌛ Validating enemigos.wlk","timeElapsed":467,"timestamp":"2025-07-03T16:55:56.549Z"}
{"level":"info","message":"⌛ Building environment","timeElapsed":395,"timestamp":"2025-07-03T16:55:56.978Z"}
{"level":"info","message":"⌛ Building environment","timeElapsed":360,"timestamp":"2025-07-03T16:55:57.369Z"}
{"level":"info","message":"⌛ Building environment","timeElapsed":385,"timestamp":"2025-07-03T16:55:57.760Z"}
{"level":"info","message":"⌛ Validating enemigos.wlk","timeElapsed":540,"timestamp":"2025-07-03T16:55:58.446Z"}
{"level":"info","message":"⌛ Building environment","timeElapsed":469,"timestamp":"2025-07-03T16:55:58.961Z"}
{"level":"info","message":"⌛ Autocomplete - Class","timeElapsed":103,"timestamp":"2025-07-03T16:55:59.072Z"}
{"level":"info","message":"⌛ Building environment","timeElapsed":409,"timestamp":"2025-07-03T16:55:59.503Z"}
{"level":"info","message":"⌛ Validating enemigos.wlk","timeElapsed":442,"timestamp":"2025-07-03T16:55:59.948Z"}
{"level":"info","message":"⌛ Building environment","timeElapsed":343,"timestamp":"2025-07-03T16:56:00.292Z"}
{"level":"info","message":"⌛ Validating enemigos.wlk","timeElapsed":432,"timestamp":"2025-07-03T16:56:00.873Z"}
{"level":"info","message":"⌛ Building environment","timeElapsed":349,"timestamp":"2025-07-03T16:56:01.227Z"}
{"level":"info","message":"⌛ Building environment","timeElapsed":397,"timestamp":"2025-07-03T16:56:01.633Z"}
{"level":"info","message":"⌛ Validating enemigos.wlk","timeElapsed":456,"timestamp":"2025-07-03T16:56:02.091Z"}
{"level":"info","message":"⌛ Building environment","timeElapsed":351,"timestamp":"2025-07-03T16:56:02.478Z"}
{"level":"info","message":"⌛ Building environment","timeElapsed":490,"timestamp":"2025-07-03T16:56:03.007Z"}
{"level":"info","message":"⌛ Validating enemigos.wlk","timeElapsed":395,"timestamp":"2025-07-03T16:56:03.448Z"}
{"level":"info","message":"⌛ Building environment","timeElapsed":1866,"timestamp":"2025-07-03T16:56:05.378Z"}
{"level":"info","message":"⌛ Building environment","timeElapsed":440,"timestamp":"2025-07-03T16:56:05.826Z"}
{"level":"info","message":"⌛ Building environment","timeElapsed":399,"timestamp":"2025-07-03T16:56:06.270Z"}
{"level":"info","message":"⌛ Building environment","timeElapsed":369,"timestamp":"2025-07-03T16:56:06.657Z"}
{"level":"info","message":"⌛ Building environment","timeElapsed":372,"timestamp":"2025-07-03T16:56:07.031Z"}
{"level":"info","message":"⌛ Building environment","timeElapsed":371,"timestamp":"2025-07-03T16:56:07.487Z"}
{"level":"info","message":"⌛ Building environment","timeElapsed":349,"timestamp":"2025-07-03T16:56:07.874Z"}
{"level":"info","message":"⌛ Building environment","timeElapsed":355,"timestamp":"2025-07-03T16:56:08.236Z"}
{"level":"info","message":"⌛ Building environment","timeElapsed":757,"timestamp":"2025-07-03T16:56:09.074Z"}
{"level":"info","message":"⌛ Building environment","timeElapsed":403,"timestamp":"2025-07-03T16:56:09.482Z"}
{"level":"info","message":"⌛ Validating enemigos.wlk","timeElapsed":487,"timestamp":"2025-07-03T16:56:09.971Z"}
{"level":"info","message":"⌛ Building environment","timeElapsed":344,"timestamp":"2025-07-03T16:56:10.343Z"}
{"level":"info","message":"⌛ Building environment","timeElapsed":364,"timestamp":"2025-07-03T16:56:10.725Z"}
{"level":"info","message":"⌛ Building environment","timeElapsed":417,"timestamp":"2025-07-03T16:56:11.338Z"}
{"level":"info","message":"⌛ Building environment","timeElapsed":369,"timestamp":"2025-07-03T16:56:11.723Z"}
{"level":"info","message":"⌛ Building environment","timeElapsed":385,"timestamp":"2025-07-03T16:56:12.116Z"}
{"level":"info","message":"⌛ Building environment","timeElapsed":459,"timestamp":"2025-07-03T16:56:12.669Z"}
{"level":"info","message":"⌛ Building environment","timeElapsed":1604,"timestamp":"2025-07-03T16:56:15.009Z"}
{"level":"info","message":"⌛ Building environment","timeElapsed":391,"timestamp":"2025-07-03T16:56:15.453Z"}
{"level":"info","message":"⌛ Building environment","timeElapsed":401,"timestamp":"2025-07-03T16:56:15.860Z"}
{"level":"info","message":"⌛ Building environment","timeElapsed":370,"timestamp":"2025-07-03T16:56:16.238Z"}
{"level":"info","message":"⌛ Building environment","timeElapsed":392,"timestamp":"2025-07-03T16:56:16.635Z"}
{"level":"info","message":"⌛ Building environment","timeElapsed":418,"timestamp":"2025-07-03T16:56:17.106Z"}
{"level":"info","message":"⌛ Building environment","timeElapsed":408,"timestamp":"2025-07-03T16:56:17.517Z"}
{"level":"info","message":"⌛ Building environment","timeElapsed":389,"timestamp":"2025-07-03T16:56:17.908Z"}
