{"level":"info","message":"⌛ Building environment","timeElapsed":381,"timestamp":"2025-07-03T16:56:18.305Z"}
{"level":"info","message":"⌛ Building environment","timeElapsed":456,"timestamp":"2025-07-03T16:56:18.785Z"}
{"level":"info","message":"⌛ Building environment","timeElapsed":374,"timestamp":"2025-07-03T16:56:19.224Z"}
{"level":"info","message":"⌛ Building environment","timeElapsed":402,"timestamp":"2025-07-03T16:56:19.633Z"}
{"level":"info","message":"⌛ Building environment","timeElapsed":1320,"timestamp":"2025-07-03T16:56:20.960Z"}
{"level":"info","message":"⌛ Building environment","timeElapsed":427,"timestamp":"2025-07-03T16:56:21.399Z"}
{"level":"info","message":"⌛ Building environment","timeElapsed":416,"timestamp":"2025-07-03T16:56:21.820Z"}
{"level":"info","message":"⌛ Building environment","timeElapsed":554,"timestamp":"2025-07-03T16:56:22.449Z"}
{"level":"info","message":"⌛ Building environment","timeElapsed":623,"timestamp":"2025-07-03T16:56:23.105Z"}
{"level":"info","message":"⌛ Building environment","timeElapsed":445,"timestamp":"2025-07-03T16:56:23.557Z"}
{"level":"info","message":"⌛ Building environment","timeElapsed":437,"timestamp":"2025-07-03T16:56:24.006Z"}
{"level":"info","message":"⌛ Building environment","timeElapsed":401,"timestamp":"2025-07-03T16:56:24.409Z"}
{"level":"info","message":"⌛ Building environment","timeElapsed":417,"timestamp":"2025-07-03T16:56:24.937Z"}
{"level":"info","message":"⌛ Building environment","timeElapsed":409,"timestamp":"2025-07-03T16:56:25.370Z"}
{"level":"info","message":"⌛ Building environment","timeElapsed":481,"timestamp":"2025-07-03T16:56:25.892Z"}
{"level":"error","message":"✘ Failed to rebuild document Failed to parse enemigos.wlk: \n-- PARSING FAILED --------------------------------------------------\n\n  23 |                 position.goLeft(1)\n  24 |             }\n> 25 |         }\n     |         ^\n  26 |     }\n  27 |     method moverDerecha() {\n\nExpected one of the following: \n\n'@', 'class', 'const', 'describe', 'mixin', 'object', 'only', 'package', 'program', 'test', 'var', '{', EOF, comment, not \"}\r\n    \", whitespace\n","stack":"Error: Failed to parse enemigos.wlk: \n-- PARSING FAILED --------------------------------------------------\n\n  23 |                 position.goLeft(1)\n  24 |             }\n> 25 |         }\n     |         ^\n  26 |     }\n  27 |     method moverDerecha() {\n\nExpected one of the following: \n\n'@', 'class', 'const', 'describe', 'mixin', 'object', 'only', 'package', 'program', 'test', 'var', '{', EOF, comment, not \"}\r\n    \", whitespace\n\n    at c:\\Users\\LUZ RAMIREZ\\.vscode\\extensions\\uqbar.wollok-lsp-ide-0.5.2\\out\\server\\src\\server.js:2326:13026\n    at Array.map (<anonymous>)\n    at D1n (c:\\Users\\LUZ RAMIREZ\\.vscode\\extensions\\uqbar.wollok-lsp-ide-0.5.2\\out\\server\\src\\server.js:2326:12950)\n    at W2.buildEnvironmentFrom (c:\\Users\\LUZ RAMIREZ\\.vscode\\extensions\\uqbar.wollok-lsp-ide-0.5.2\\out\\server\\src\\server.js:2371:5254)\n    at W2.updateEnvironmentWith (c:\\Users\\LUZ RAMIREZ\\.vscode\\extensions\\uqbar.wollok-lsp-ide-0.5.2\\out\\server\\src\\server.js:2371:4989)\n    at GF (c:\\Users\\LUZ RAMIREZ\\.vscode\\extensions\\uqbar.wollok-lsp-ide-0.5.2\\out\\server\\src\\server.js:2371:7383)\n    at L3.invoke (c:\\Users\\LUZ RAMIREZ\\.vscode\\extensions\\uqbar.wollok-lsp-ide-0.5.2\\out\\server\\src\\server.js:3:157326)\n    at o.fire (c:\\Users\\LUZ RAMIREZ\\.vscode\\extensions\\uqbar.wollok-lsp-ide-0.5.2\\out\\server\\src\\server.js:3:158096)\n    at c:\\Users\\LUZ RAMIREZ\\.vscode\\extensions\\uqbar.wollok-lsp-ide-0.5.2\\out\\server\\src\\server.js:37:57871\n    at Kr (c:\\Users\\LUZ RAMIREZ\\.vscode\\extensions\\uqbar.wollok-lsp-ide-0.5.2\\out\\server\\src\\server.js:8:1561)","timestamp":"2025-07-03T16:56:26.011Z"}
{"level":"error","message":"✘ Failed to rebuild document Failed to parse enemigos.wlk: \n-- PARSING FAILED --------------------------------------------------\n\n  23 |                 position.goLeft(1)\n  24 |             }\n> 25 |         }\n     |         ^\n  26 |     }\n  27 |     method moverDerecha() {\n\nExpected one of the following: \n\n'@', 'class', 'const', 'describe', 'mixin', 'object', 'only', 'package', 'program', 'test', 'var', '{', EOF, comment, not \"}\r\n    \", whitespace\n","stack":"Error: Failed to parse enemigos.wlk: \n-- PARSING FAILED --------------------------------------------------\n\n  23 |                 position.goLeft(1)\n  24 |             }\n> 25 |         }\n     |         ^\n  26 |     }\n  27 |     method moverDerecha() {\n\nExpected one of the following: \n\n'@', 'class', 'const', 'describe', 'mixin', 'object', 'only', 'package', 'program', 'test', 'var', '{', EOF, comment, not \"}\r\n    \", whitespace\n\n    at c:\\Users\\LUZ RAMIREZ\\.vscode\\extensions\\uqbar.wollok-lsp-ide-0.5.2\\out\\server\\src\\server.js:2326:13026\n    at Array.map (<anonymous>)\n    at D1n (c:\\Users\\LUZ RAMIREZ\\.vscode\\extensions\\uqbar.wollok-lsp-ide-0.5.2\\out\\server\\src\\server.js:2326:12950)\n    at W2.buildEnvironmentFrom (c:\\Users\\LUZ RAMIREZ\\.vscode\\extensions\\uqbar.wollok-lsp-ide-0.5.2\\out\\server\\src\\server.js:2371:5254)\n    at W2.updateEnvironmentWith (c:\\Users\\LUZ RAMIREZ\\.vscode\\extensions\\uqbar.wollok-lsp-ide-0.5.2\\out\\server\\src\\server.js:2371:4989)\n    at GF (c:\\Users\\LUZ RAMIREZ\\.vscode\\extensions\\uqbar.wollok-lsp-ide-0.5.2\\out\\server\\src\\server.js:2371:7383)\n    at L3.invoke (c:\\Users\\LUZ RAMIREZ\\.vscode\\extensions\\uqbar.wollok-lsp-ide-0.5.2\\out\\server\\src\\server.js:3:157326)\n    at o.fire (c:\\Users\\LUZ RAMIREZ\\.vscode\\extensions\\uqbar.wollok-lsp-ide-0.5.2\\out\\server\\src\\server.js:3:158096)\n    at c:\\Users\\LUZ RAMIREZ\\.vscode\\extensions\\uqbar.wollok-lsp-ide-0.5.2\\out\\server\\src\\server.js:37:57871\n    at Kr (c:\\Users\\LUZ RAMIREZ\\.vscode\\extensions\\uqbar.wollok-lsp-ide-0.5.2\\out\\server\\src\\server.js:8:1561)","timestamp":"2025-07-03T16:56:26.166Z"}
{"level":"info","message":"⌛ Building environment","timeElapsed":402,"timestamp":"2025-07-03T16:56:26.572Z"}
{"level":"error","message":"✘ Completions for node Return (undefined - enemigos.wlk) failed: Error: [Return]{da6720} at enemigos.wlk:-- exhausted all cases without a match [Return]{da6720} at enemigos.wlk:-- exhausted all cases without a match","stack":"Error: [Return]{da6720} at enemigos.wlk:-- exhausted all cases without a match\n    at c:\\Users\\LUZ RAMIREZ\\.vscode\\extensions\\uqbar.wollok-lsp-ide-0.5.2\\out\\server\\src\\server.js:38:6142\n    at C2 (c:\\Users\\LUZ RAMIREZ\\.vscode\\extensions\\uqbar.wollok-lsp-ide-0.5.2\\out\\server\\src\\server.js:2362:42)\n    at Gh (c:\\Users\\LUZ RAMIREZ\\.vscode\\extensions\\uqbar.wollok-lsp-ide-0.5.2\\out\\server\\src\\server.js:2362:1092)\n    at l8n (c:\\Users\\LUZ RAMIREZ\\.vscode\\extensions\\uqbar.wollok-lsp-ide-0.5.2\\out\\server\\src\\server.js:2362:1248)\n    at c:\\Users\\LUZ RAMIREZ\\.vscode\\extensions\\uqbar.wollok-lsp-ide-0.5.2\\out\\server\\src\\server.js:38:6131\n    at C2 (c:\\Users\\LUZ RAMIREZ\\.vscode\\extensions\\uqbar.wollok-lsp-ide-0.5.2\\out\\server\\src\\server.js:2362:42)\n    at c:\\Users\\LUZ RAMIREZ\\.vscode\\extensions\\uqbar.wollok-lsp-ide-0.5.2\\out\\server\\src\\server.js:2362:2988\n    at c:\\Users\\LUZ RAMIREZ\\.vscode\\extensions\\uqbar.wollok-lsp-ide-0.5.2\\out\\server\\src\\server.js:2371:8440\n    at c:\\Users\\LUZ RAMIREZ\\.vscode\\extensions\\uqbar.wollok-lsp-ide-0.5.2\\out\\server\\src\\server.js:37:74872\n    at Ye (c:\\Users\\LUZ RAMIREZ\\.vscode\\extensions\\uqbar.wollok-lsp-ide-0.5.2\\out\\server\\src\\server.js:7:8527)","timestamp":"2025-07-03T16:56:26.687Z"}
{"level":"info","message":"⌛ Autocomplete - Reference","timeElapsed":103,"timestamp":"2025-07-03T16:56:26.714Z"}
{"level":"info","message":"⌛ Building environment","timeElapsed":388,"timestamp":"2025-07-03T16:56:27.126Z"}
{"level":"info","message":"⌛ Building environment","timeElapsed":375,"timestamp":"2025-07-03T16:56:27.586Z"}
{"level":"info","message":"⌛ Building environment","timeElapsed":379,"timestamp":"2025-07-03T16:56:27.988Z"}
{"level":"info","message":"⌛ Building environment","timeElapsed":382,"timestamp":"2025-07-03T16:56:28.389Z"}
{"level":"info","message":"⌛ Building environment","timeElapsed":367,"timestamp":"2025-07-03T16:56:28.789Z"}
{"level":"info","message":"⌛ Building environment","timeElapsed":383,"timestamp":"2025-07-03T16:56:29.255Z"}
{"level":"info","message":"⌛ Building environment","timeElapsed":386,"timestamp":"2025-07-03T16:56:29.681Z"}
{"level":"info","message":"⌛ Building environment","timeElapsed":381,"timestamp":"2025-07-03T16:56:30.072Z"}
{"level":"info","message":"⌛ Building environment","timeElapsed":458,"timestamp":"2025-07-03T16:56:30.533Z"}
{"level":"info","message":"⌛ Building environment","timeElapsed":2877,"timestamp":"2025-07-03T16:56:33.471Z"}
{"level":"info","message":"⌛ Building environment","timeElapsed":546,"timestamp":"2025-07-03T16:56:34.021Z"}
{"level":"info","message":"⌛ Building environment","timeElapsed":411,"timestamp":"2025-07-03T16:56:34.534Z"}
{"level":"info","message":"⌛ Building environment","timeElapsed":519,"timestamp":"2025-07-03T16:56:35.071Z"}
{"level":"info","message":"⌛ Building environment","timeElapsed":383,"timestamp":"2025-07-03T16:56:35.489Z"}
{"level":"info","message":"⌛ Building environment","timeElapsed":429,"timestamp":"2025-07-03T16:56:35.930Z"}
{"level":"info","message":"⌛ Validating enemigos.wlk","timeElapsed":531,"timestamp":"2025-07-03T16:56:36.561Z"}
{"level":"info","message":"⌛ Building environment","timeElapsed":433,"timestamp":"2025-07-03T16:56:36.998Z"}
{"level":"info","message":"⌛ Building environment","timeElapsed":387,"timestamp":"2025-07-03T16:56:37.400Z"}
{"level":"info","message":"⌛ Building environment","timeElapsed":373,"timestamp":"2025-07-03T16:56:37.813Z"}
{"level":"info","message":"⌛ Validating enemigos.wlk","timeElapsed":444,"timestamp":"2025-07-03T16:56:38.322Z"}
{"level":"info","message":"⌛ Building environment","timeElapsed":415,"timestamp":"2025-07-03T16:56:38.738Z"}
{"level":"info","message":"⌛ Validating enemigos.wlk","timeElapsed":443,"timestamp":"2025-07-03T16:56:39.223Z"}
{"level":"info","message":"⌛ Building environment","timeElapsed":407,"timestamp":"2025-07-03T16:56:39.633Z"}
{"level":"info","message":"⌛ Building environment","timeElapsed":378,"timestamp":"2025-07-03T16:56:40.016Z"}
{"level":"info","message":"⌛ Building environment","timeElapsed":400,"timestamp":"2025-07-03T16:56:40.420Z"}
{"level":"info","message":"⌛ Building environment","timeElapsed":508,"timestamp":"2025-07-03T16:56:40.987Z"}
{"level":"info","message":"⌛ Building environment","timeElapsed":428,"timestamp":"2025-07-03T16:56:41.421Z"}
{"level":"info","message":"⌛ Building environment","timeElapsed":396,"timestamp":"2025-07-03T16:56:41.824Z"}
{"level":"info","message":"⌛ Building environment","timeElapsed":371,"timestamp":"2025-07-03T16:56:42.213Z"}
{"level":"info","message":"⌛ Building environment","timeElapsed":428,"timestamp":"2025-07-03T16:56:42.650Z"}
{"level":"info","message":"⌛ Building environment","timeElapsed":538,"timestamp":"2025-07-03T16:56:43.285Z"}
{"level":"info","message":"⌛ Building environment","timeElapsed":526,"timestamp":"2025-07-03T16:56:43.821Z"}
{"level":"info","message":"⌛ Building environment","timeElapsed":397,"timestamp":"2025-07-03T16:56:44.224Z"}
{"level":"info","message":"⌛ Building environment","timeElapsed":501,"timestamp":"2025-07-03T16:56:44.732Z"}
{"level":"info","message":"⌛ Building environment","timeElapsed":461,"timestamp":"2025-07-03T16:56:45.196Z"}
{"level":"info","message":"⌛ Building environment","timeElapsed":898,"timestamp":"2025-07-03T16:56:46.174Z"}
{"level":"info","message":"⌛ Building environment","timeElapsed":522,"timestamp":"2025-07-03T16:56:46.715Z"}
{"level":"error","message":"✘ Failed to rebuild document Failed to parse enemigos.wlk: \n-- PARSING FAILED --------------------------------------------------\n\n  23 |                 position.goLeft(1)\n  24 |             }\n> 25 |         }\n     |         ^\n  26 |     }\n  27 |     method moverDerecha() {\n\nExpected one of the following: \n\n'@', 'class', 'const', 'describe', 'mixin', 'object', 'only', 'package', 'program', 'test', 'var', '{', EOF, comment, not \"}\r\n    \", whitespace\n","stack":"Error: Failed to parse enemigos.wlk: \n-- PARSING FAILED --------------------------------------------------\n\n  23 |                 position.goLeft(1)\n  24 |             }\n> 25 |         }\n     |         ^\n  26 |     }\n  27 |     method moverDerecha() {\n\nExpected one of the following: \n\n'@', 'class', 'const', 'describe', 'mixin', 'object', 'only', 'package', 'program', 'test', 'var', '{', EOF, comment, not \"}\r\n    \", whitespace\n\n    at c:\\Users\\LUZ RAMIREZ\\.vscode\\extensions\\uqbar.wollok-lsp-ide-0.5.2\\out\\server\\src\\server.js:2326:13026\n    at Array.map (<anonymous>)\n    at D1n (c:\\Users\\LUZ RAMIREZ\\.vscode\\extensions\\uqbar.wollok-lsp-ide-0.5.2\\out\\server\\src\\server.js:2326:12950)\n    at W2.buildEnvironmentFrom (c:\\Users\\LUZ RAMIREZ\\.vscode\\extensions\\uqbar.wollok-lsp-ide-0.5.2\\out\\server\\src\\server.js:2371:5254)\n    at W2.updateEnvironmentWith (c:\\Users\\LUZ RAMIREZ\\.vscode\\extensions\\uqbar.wollok-lsp-ide-0.5.2\\out\\server\\src\\server.js:2371:4989)\n    at GF (c:\\Users\\LUZ RAMIREZ\\.vscode\\extensions\\uqbar.wollok-lsp-ide-0.5.2\\out\\server\\src\\server.js:2371:7383)\n    at L3.invoke (c:\\Users\\LUZ RAMIREZ\\.vscode\\extensions\\uqbar.wollok-lsp-ide-0.5.2\\out\\server\\src\\server.js:3:157326)\n    at o.fire (c:\\Users\\LUZ RAMIREZ\\.vscode\\extensions\\uqbar.wollok-lsp-ide-0.5.2\\out\\server\\src\\server.js:3:158096)\n    at c:\\Users\\LUZ RAMIREZ\\.vscode\\extensions\\uqbar.wollok-lsp-ide-0.5.2\\out\\server\\src\\server.js:37:57871\n    at Kr (c:\\Users\\LUZ RAMIREZ\\.vscode\\extensions\\uqbar.wollok-lsp-ide-0.5.2\\out\\server\\src\\server.js:8:1561)","timestamp":"2025-07-03T16:56:46.751Z"}
{"level":"error","message":"✘ Failed to rebuild document Failed to parse enemigos.wlk: \n-- PARSING FAILED --------------------------------------------------\n\n  23 |                 position.goLeft(1)\n  24 |             }\n> 25 |         }\n     |         ^\n  26 |     }\n  27 |     method moverDerecha() {\n\nExpected one of the following: \n\n'@', 'class', 'const', 'describe', 'mixin', 'object', 'only', 'package', 'program', 'test', 'var', '{', EOF, comment, not \"}\r\n    \", whitespace\n","stack":"Error: Failed to parse enemigos.wlk: \n-- PARSING FAILED --------------------------------------------------\n\n  23 |                 position.goLeft(1)\n  24 |             }\n> 25 |         }\n     |         ^\n  26 |     }\n  27 |     method moverDerecha() {\n\nExpected one of the following: \n\n'@', 'class', 'const', 'describe', 'mixin', 'object', 'only', 'package', 'program', 'test', 'var', '{', EOF, comment, not \"}\r\n    \", whitespace\n\n    at c:\\Users\\LUZ RAMIREZ\\.vscode\\extensions\\uqbar.wollok-lsp-ide-0.5.2\\out\\server\\src\\server.js:2326:13026\n    at Array.map (<anonymous>)\n    at D1n (c:\\Users\\LUZ RAMIREZ\\.vscode\\extensions\\uqbar.wollok-lsp-ide-0.5.2\\out\\server\\src\\server.js:2326:12950)\n    at W2.buildEnvironmentFrom (c:\\Users\\LUZ RAMIREZ\\.vscode\\extensions\\uqbar.wollok-lsp-ide-0.5.2\\out\\server\\src\\server.js:2371:5254)\n    at W2.updateEnvironmentWith (c:\\Users\\LUZ RAMIREZ\\.vscode\\extensions\\uqbar.wollok-lsp-ide-0.5.2\\out\\server\\src\\server.js:2371:4989)\n    at GF (c:\\Users\\LUZ RAMIREZ\\.vscode\\extensions\\uqbar.wollok-lsp-ide-0.5.2\\out\\server\\src\\server.js:2371:7383)\n    at L3.invoke (c:\\Users\\LUZ RAMIREZ\\.vscode\\extensions\\uqbar.wollok-lsp-ide-0.5.2\\out\\server\\src\\server.js:3:157326)\n    at o.fire (c:\\Users\\LUZ RAMIREZ\\.vscode\\extensions\\uqbar.wollok-lsp-ide-0.5.2\\out\\server\\src\\server.js:3:158096)\n    at c:\\Users\\LUZ RAMIREZ\\.vscode\\extensions\\uqbar.wollok-lsp-ide-0.5.2\\out\\server\\src\\server.js:37:57871\n    at Kr (c:\\Users\\LUZ RAMIREZ\\.vscode\\extensions\\uqbar.wollok-lsp-ide-0.5.2\\out\\server\\src\\server.js:8:1561)","timestamp":"2025-07-03T16:56:46.780Z"}
{"level":"error","message":"✘ Failed to rebuild document Failed to parse enemigos.wlk: \n-- PARSING FAILED --------------------------------------------------\n\n  23 |                 position.goLeft(1)\n  24 |             }\n> 25 |         }\n     |         ^\n  26 |     }\n  27 |     method moverDerecha() {\n\nExpected one of the following: \n\n'@', 'class', 'const', 'describe', 'mixin', 'object', 'only', 'package', 'program', 'test', 'var', '{', EOF, comment, not \"}\r\n    \", whitespace\n","stack":"Error: Failed to parse enemigos.wlk: \n-- PARSING FAILED --------------------------------------------------\n\n  23 |                 position.goLeft(1)\n  24 |             }\n> 25 |         }\n     |         ^\n  26 |     }\n  27 |     method moverDerecha() {\n\nExpected one of the following: \n\n'@', 'class', 'const', 'describe', 'mixin', 'object', 'only', 'package', 'program', 'test', 'var', '{', EOF, comment, not \"}\r\n    \", whitespace\n\n    at c:\\Users\\LUZ RAMIREZ\\.vscode\\extensions\\uqbar.wollok-lsp-ide-0.5.2\\out\\server\\src\\server.js:2326:13026\n    at Array.map (<anonymous>)\n    at D1n (c:\\Users\\LUZ RAMIREZ\\.vscode\\extensions\\uqbar.wollok-lsp-ide-0.5.2\\out\\server\\src\\server.js:2326:12950)\n    at W2.buildEnvironmentFrom (c:\\Users\\LUZ RAMIREZ\\.vscode\\extensions\\uqbar.wollok-lsp-ide-0.5.2\\out\\server\\src\\server.js:2371:5254)\n    at W2.updateEnvironmentWith (c:\\Users\\LUZ RAMIREZ\\.vscode\\extensions\\uqbar.wollok-lsp-ide-0.5.2\\out\\server\\src\\server.js:2371:4989)\n    at GF (c:\\Users\\LUZ RAMIREZ\\.vscode\\extensions\\uqbar.wollok-lsp-ide-0.5.2\\out\\server\\src\\server.js:2371:7383)\n    at L3.invoke (c:\\Users\\LUZ RAMIREZ\\.vscode\\extensions\\uqbar.wollok-lsp-ide-0.5.2\\out\\server\\src\\server.js:3:157326)\n    at o.fire (c:\\Users\\LUZ RAMIREZ\\.vscode\\extensions\\uqbar.wollok-lsp-ide-0.5.2\\out\\server\\src\\server.js:3:158096)\n    at c:\\Users\\LUZ RAMIREZ\\.vscode\\extensions\\uqbar.wollok-lsp-ide-0.5.2\\out\\server\\src\\server.js:37:57871\n    at Kr (c:\\Users\\LUZ RAMIREZ\\.vscode\\extensions\\uqbar.wollok-lsp-ide-0.5.2\\out\\server\\src\\server.js:8:1561)","timestamp":"2025-07-03T16:56:47.027Z"}
{"level":"info","message":"⌛ Validating enemigos.wlk","timeElapsed":524,"timestamp":"2025-07-03T16:56:47.559Z"}
{"level":"info","message":"⌛ Validating enemigos.wlk","timeElapsed":501,"timestamp":"2025-07-03T16:56:48.061Z"}
{"level":"info","message":"⌛ Validating enemigos.wlk","timeElapsed":535,"timestamp":"2025-07-03T16:56:48.599Z"}
{"level":"info","message":"⌛ Validating enemigos.wlk","timeElapsed":578,"timestamp":"2025-07-03T16:56:49.181Z"}
{"level":"info","message":"⌛ Building environment","timeElapsed":437,"timestamp":"2025-07-03T16:56:49.619Z"}
{"level":"info","message":"⌛ Building environment","timeElapsed":541,"timestamp":"2025-07-03T16:56:50.163Z"}
{"level":"info","message":"⌛ Building environment","timeElapsed":767,"timestamp":"2025-07-03T16:56:51.068Z"}
{"level":"error","message":"✘ Failed to rebuild document Failed to parse enemigos.wlk: \n-- PARSING FAILED --------------------------------------------------\n\n  23 |                 position.goLeft(1)\n  24 |             }\n> 25 |         }\n     |         ^\n  26 |     }\n  27 |     method moverDerecha() {\n\nExpected one of the following: \n\n'@', 'class', 'const', 'describe', 'mixin', 'object', 'only', 'package', 'program', 'test', 'var', '{', EOF, comment, not \"}\r\n    \", whitespace\n","stack":"Error: Failed to parse enemigos.wlk: \n-- PARSING FAILED --------------------------------------------------\n\n  23 |                 position.goLeft(1)\n  24 |             }\n> 25 |         }\n     |         ^\n  26 |     }\n  27 |     method moverDerecha() {\n\nExpected one of the following: \n\n'@', 'class', 'const', 'describe', 'mixin', 'object', 'only', 'package', 'program', 'test', 'var', '{', EOF, comment, not \"}\r\n    \", whitespace\n\n    at c:\\Users\\LUZ RAMIREZ\\.vscode\\extensions\\uqbar.wollok-lsp-ide-0.5.2\\out\\server\\src\\server.js:2326:13026\n    at Array.map (<anonymous>)\n    at D1n (c:\\Users\\LUZ RAMIREZ\\.vscode\\extensions\\uqbar.wollok-lsp-ide-0.5.2\\out\\server\\src\\server.js:2326:12950)\n    at W2.buildEnvironmentFrom (c:\\Users\\LUZ RAMIREZ\\.vscode\\extensions\\uqbar.wollok-lsp-ide-0.5.2\\out\\server\\src\\server.js:2371:5254)\n    at W2.updateEnvironmentWith (c:\\Users\\LUZ RAMIREZ\\.vscode\\extensions\\uqbar.wollok-lsp-ide-0.5.2\\out\\server\\src\\server.js:2371:4989)\n    at GF (c:\\Users\\LUZ RAMIREZ\\.vscode\\extensions\\uqbar.wollok-lsp-ide-0.5.2\\out\\server\\src\\server.js:2371:7383)\n    at L3.invoke (c:\\Users\\LUZ RAMIREZ\\.vscode\\extensions\\uqbar.wollok-lsp-ide-0.5.2\\out\\server\\src\\server.js:3:157326)\n    at o.fire (c:\\Users\\LUZ RAMIREZ\\.vscode\\extensions\\uqbar.wollok-lsp-ide-0.5.2\\out\\server\\src\\server.js:3:158096)\n    at c:\\Users\\LUZ RAMIREZ\\.vscode\\extensions\\uqbar.wollok-lsp-ide-0.5.2\\out\\server\\src\\server.js:37:57871\n    at Kr (c:\\Users\\LUZ RAMIREZ\\.vscode\\extensions\\uqbar.wollok-lsp-ide-0.5.2\\out\\server\\src\\server.js:8:1561)","timestamp":"2025-07-03T16:56:51.286Z"}
{"level":"info","message":"⌛ Validating enemigos.wlk","timeElapsed":576,"timestamp":"2025-07-03T16:56:51.866Z"}
{"level":"info","message":"⌛ Validating enemigos.wlk","timeElapsed":543,"timestamp":"2025-07-03T16:56:52.438Z"}
{"level":"info","message":"⌛ Validating enemigos.wlk","timeElapsed":515,"timestamp":"2025-07-03T16:56:52.959Z"}
{"level":"info","message":"⌛ Validating enemigos.wlk","timeElapsed":587,"timestamp":"2025-07-03T16:56:53.547Z"}
{"level":"info","message":"⌛ Validating enemigos.wlk","timeElapsed":498,"timestamp":"2025-07-03T16:56:54.047Z"}
{"level":"info","message":"⌛ Validating enemigos.wlk","timeElapsed":618,"timestamp":"2025-07-03T16:56:54.667Z"}
{"level":"info","message":"⌛ Validating enemigos.wlk","timeElapsed":614,"timestamp":"2025-07-03T16:56:55.283Z"}
{"level":"info","message":"⌛ Validating enemigos.wlk","timeElapsed":572,"timestamp":"2025-07-03T16:56:55.897Z"}
{"level":"info","message":"⌛ Validating enemigos.wlk","timeElapsed":508,"timestamp":"2025-07-03T16:56:56.415Z"}
{"level":"info","message":"⌛ Validating enemigos.wlk","timeElapsed":532,"timestamp":"2025-07-03T16:56:56.949Z"}
{"level":"info","message":"⌛ Validating enemigos.wlk","timeElapsed":492,"timestamp":"2025-07-03T16:56:57.446Z"}
{"level":"info","message":"⌛ Validating enemigos.wlk","timeElapsed":508,"timestamp":"2025-07-03T16:56:57.955Z"}
{"level":"info","message":"⌛ Validating enemigos.wlk","timeElapsed":543,"timestamp":"2025-07-03T16:56:58.504Z"}
{"level":"info","message":"⌛ Validating enemigos.wlk","timeElapsed":538,"timestamp":"2025-07-03T16:56:59.044Z"}
{"level":"info","message":"⌛ Validating enemigos.wlk","timeElapsed":528,"timestamp":"2025-07-03T16:56:59.577Z"}
{"level":"info","message":"⌛ Validating enemigos.wlk","timeElapsed":502,"timestamp":"2025-07-03T16:57:00.083Z"}
{"level":"info","message":"⌛ Validating enemigos.wlk","timeElapsed":547,"timestamp":"2025-07-03T16:57:00.631Z"}
{"level":"info","message":"⌛ Validating enemigos.wlk","timeElapsed":561,"timestamp":"2025-07-03T16:57:01.192Z"}
{"level":"info","message":"⌛ Validating enemigos.wlk","timeElapsed":620,"timestamp":"2025-07-03T16:57:01.813Z"}
{"level":"info","message":"⌛ Validating enemigos.wlk","timeElapsed":461,"timestamp":"2025-07-03T16:57:02.275Z"}
{"level":"info","message":"⌛ Validating enemigos.wlk","timeElapsed":438,"timestamp":"2025-07-03T16:57:02.714Z"}
{"level":"info","message":"⌛ Validating enemigos.wlk","timeElapsed":405,"timestamp":"2025-07-03T16:57:03.139Z"}
{"level":"info","message":"⌛ Validating enemigos.wlk","timeElapsed":470,"timestamp":"2025-07-03T16:57:03.610Z"}
{"level":"info","message":"⌛ Validating enemigos.wlk","timeElapsed":442,"timestamp":"2025-07-03T16:57:04.056Z"}
{"level":"info","message":"⌛ Validating enemigos.wlk","timeElapsed":420,"timestamp":"2025-07-03T16:57:04.477Z"}
{"level":"info","message":"⌛ Validating enemigos.wlk","timeElapsed":441,"timestamp":"2025-07-03T16:57:04.926Z"}
{"level":"info","message":"⌛ Validating enemigos.wlk","timeElapsed":459,"timestamp":"2025-07-03T16:57:05.386Z"}
{"level":"info","message":"⌛ Validating enemigos.wlk","timeElapsed":551,"timestamp":"2025-07-03T16:57:05.938Z"}
{"level":"info","message":"⌛ Validating enemigos.wlk","timeElapsed":554,"timestamp":"2025-07-03T16:57:06.504Z"}
{"level":"info","message":"⌛ Validating enemigos.wlk","timeElapsed":420,"timestamp":"2025-07-03T16:57:06.948Z"}
{"level":"info","message":"⌛ Validating enemigos.wlk","timeElapsed":422,"timestamp":"2025-07-03T16:57:07.371Z"}
{"level":"info","message":"⌛ Validating enemigos.wlk","timeElapsed":571,"timestamp":"2025-07-03T16:57:07.943Z"}
{"level":"info","message":"⌛ Validating enemigos.wlk","timeElapsed":633,"timestamp":"2025-07-03T16:57:08.577Z"}
{"level":"info","message":"⌛ Validating enemigos.wlk","timeElapsed":428,"timestamp":"2025-07-03T16:57:09.017Z"}
{"level":"info","message":"⌛ Validating enemigos.wlk","timeElapsed":438,"timestamp":"2025-07-03T16:57:09.458Z"}
{"level":"info","message":"⌛ Validating enemigos.wlk","timeElapsed":430,"timestamp":"2025-07-03T16:57:09.889Z"}
{"level":"info","message":"⌛ Validating enemigos.wlk","timeElapsed":411,"timestamp":"2025-07-03T16:57:10.302Z"}
{"level":"info","message":"⌛ Validating enemigos.wlk","timeElapsed":448,"timestamp":"2025-07-03T16:57:10.752Z"}
{"level":"info","message":"⌛ Validating enemigos.wlk","timeElapsed":424,"timestamp":"2025-07-03T16:57:11.176Z"}
{"level":"info","message":"⌛ Validating enemigos.wlk","timeElapsed":427,"timestamp":"2025-07-03T16:57:11.604Z"}
{"level":"info","message":"⌛ Validating enemigos.wlk","timeElapsed":417,"timestamp":"2025-07-03T16:57:12.022Z"}
{"level":"info","message":"⌛ Validating enemigos.wlk","timeElapsed":411,"timestamp":"2025-07-03T16:57:12.446Z"}
{"level":"info","message":"⌛ Validating enemigos.wlk","timeElapsed":414,"timestamp":"2025-07-03T16:57:12.862Z"}
{"level":"info","message":"⌛ Validating enemigos.wlk","timeElapsed":416,"timestamp":"2025-07-03T16:57:13.280Z"}
{"level":"info","message":"⌛ Validating enemigos.wlk","timeElapsed":582,"timestamp":"2025-07-03T16:57:13.875Z"}
{"level":"info","message":"⌛ Validating enemigos.wlk","timeElapsed":1822,"timestamp":"2025-07-03T16:57:15.760Z"}
{"level":"info","message":"⌛ Validating enemigos.wlk","timeElapsed":736,"timestamp":"2025-07-03T16:57:16.599Z"}
{"level":"info","message":"⌛ Validating enemigos.wlk","timeElapsed":437,"timestamp":"2025-07-03T16:57:17.037Z"}
{"level":"info","message":"⌛ Validating enemigos.wlk","timeElapsed":479,"timestamp":"2025-07-03T16:57:17.518Z"}
{"level":"info","message":"⌛ Validating enemigos.wlk","timeElapsed":442,"timestamp":"2025-07-03T16:57:17.961Z"}
{"level":"info","message":"⌛ Validating enemigos.wlk","timeElapsed":392,"timestamp":"2025-07-03T16:57:18.354Z"}
{"level":"info","message":"⌛ Validating enemigos.wlk","timeElapsed":406,"timestamp":"2025-07-03T16:57:18.765Z"}
{"level":"info","message":"⌛ Validating enemigos.wlk","timeElapsed":441,"timestamp":"2025-07-03T16:57:19.208Z"}
{"level":"info","message":"⌛ Validating enemigos.wlk","timeElapsed":433,"timestamp":"2025-07-03T16:57:19.643Z"}
{"level":"info","message":"⌛ Validating enemigos.wlk","timeElapsed":392,"timestamp":"2025-07-03T16:57:20.037Z"}
{"level":"info","message":"⌛ Validating enemigos.wlk","timeElapsed":404,"timestamp":"2025-07-03T16:57:20.442Z"}
{"level":"info","message":"⌛ Validating enemigos.wlk","timeElapsed":410,"timestamp":"2025-07-03T16:57:20.854Z"}
{"level":"info","message":"⌛ Validating enemigos.wlk","timeElapsed":399,"timestamp":"2025-07-03T16:57:21.256Z"}
{"level":"info","message":"⌛ Validating enemigos.wlk","timeElapsed":425,"timestamp":"2025-07-03T16:57:21.684Z"}
{"level":"info","message":"⌛ Validating enemigos.wlk","timeElapsed":415,"timestamp":"2025-07-03T16:57:22.100Z"}
{"level":"info","message":"⌛ Validating enemigos.wlk","timeElapsed":399,"timestamp":"2025-07-03T16:57:22.501Z"}
{"level":"info","message":"⌛ Validating enemigos.wlk","timeElapsed":624,"timestamp":"2025-07-03T16:57:23.143Z"}
{"level":"info","message":"⌛ Validating enemigos.wlk","timeElapsed":622,"timestamp":"2025-07-03T16:57:23.776Z"}
{"level":"info","message":"⌛ Validating enemigos.wlk","timeElapsed":615,"timestamp":"2025-07-03T16:57:24.392Z"}
{"level":"info","message":"⌛ Validating enemigos.wlk","timeElapsed":417,"timestamp":"2025-07-03T16:57:24.810Z"}
{"level":"info","message":"⌛ Validating enemigos.wlk","timeElapsed":418,"timestamp":"2025-07-03T16:57:25.243Z"}
{"level":"info","message":"⌛ Validating enemigos.wlk","timeElapsed":426,"timestamp":"2025-07-03T16:57:25.670Z"}
{"level":"info","message":"⌛ Validating enemigos.wlk","timeElapsed":422,"timestamp":"2025-07-03T16:57:26.093Z"}
{"level":"info","message":"⌛ Validating enemigos.wlk","timeElapsed":378,"timestamp":"2025-07-03T16:57:26.485Z"}
{"level":"info","message":"⌛ Validating enemigos.wlk","timeElapsed":399,"timestamp":"2025-07-03T16:57:26.886Z"}
{"level":"info","message":"⌛ Validating enemigos.wlk","timeElapsed":464,"timestamp":"2025-07-03T16:57:27.351Z"}
{"level":"info","message":"⌛ Validating enemigos.wlk","timeElapsed":439,"timestamp":"2025-07-03T16:57:27.791Z"}
{"level":"info","message":"⌛ Validating enemigos.wlk","timeElapsed":412,"timestamp":"2025-07-03T16:57:28.204Z"}
{"level":"info","message":"⌛ Validating enemigos.wlk","timeElapsed":572,"timestamp":"2025-07-03T16:57:28.779Z"}
{"level":"info","message":"⌛ Validating enemigos.wlk","timeElapsed":394,"timestamp":"2025-07-03T16:57:29.174Z"}
{"level":"info","message":"⌛ Validating enemigos.wlk","timeElapsed":403,"timestamp":"2025-07-03T16:57:29.578Z"}
{"level":"info","message":"⌛ Validating enemigos.wlk","timeElapsed":424,"timestamp":"2025-07-03T16:57:30.007Z"}
{"level":"info","message":"⌛ Validating enemigos.wlk","timeElapsed":394,"timestamp":"2025-07-03T16:57:30.402Z"}
{"level":"info","message":"⌛ Validating enemigos.wlk","timeElapsed":421,"timestamp":"2025-07-03T16:57:30.827Z"}
{"level":"info","message":"⌛ Validating enemigos.wlk","timeElapsed":387,"timestamp":"2025-07-03T16:57:31.426Z"}
{"level":"info","message":"⌛ Validating enemigos.wlk","timeElapsed":419,"timestamp":"2025-07-03T16:57:31.885Z"}
{"level":"info","message":"⌛ Validating enemigos.wlk","timeElapsed":403,"timestamp":"2025-07-03T16:57:32.357Z"}
{"level":"info","message":"⌛ Validating enemigos.wlk","timeElapsed":377,"timestamp":"2025-07-03T16:57:32.887Z"}
{"level":"info","message":"⌛ Validating enemigos.wlk","timeElapsed":417,"timestamp":"2025-07-03T16:57:33.328Z"}
{"level":"error","message":"✘ Failed to rebuild document Failed to parse enemigos.wlk: \n-- PARSING FAILED --------------------------------------------------\n\n  23 |                 position.goLeft(1)\n  24 |             }\n> 25 |         }\n     |         ^\n  26 |     }\n  27 |     method moverDerecha() {\n\nExpected one of the following: \n\n'@', 'class', 'const', 'describe', 'mixin', 'object', 'only', 'package', 'program', 'test', 'var', '{', EOF, comment, not \"}\r\n    \", whitespace\n","stack":"Error: Failed to parse enemigos.wlk: \n-- PARSING FAILED --------------------------------------------------\n\n  23 |                 position.goLeft(1)\n  24 |             }\n> 25 |         }\n     |         ^\n  26 |     }\n  27 |     method moverDerecha() {\n\nExpected one of the following: \n\n'@', 'class', 'const', 'describe', 'mixin', 'object', 'only', 'package', 'program', 'test', 'var', '{', EOF, comment, not \"}\r\n    \", whitespace\n\n    at c:\\Users\\LUZ RAMIREZ\\.vscode\\extensions\\uqbar.wollok-lsp-ide-0.5.2\\out\\server\\src\\server.js:2326:13026\n    at Array.map (<anonymous>)\n    at D1n (c:\\Users\\LUZ RAMIREZ\\.vscode\\extensions\\uqbar.wollok-lsp-ide-0.5.2\\out\\server\\src\\server.js:2326:12950)\n    at W2.buildEnvironmentFrom (c:\\Users\\LUZ RAMIREZ\\.vscode\\extensions\\uqbar.wollok-lsp-ide-0.5.2\\out\\server\\src\\server.js:2371:5254)\n    at W2.updateEnvironmentWith (c:\\Users\\LUZ RAMIREZ\\.vscode\\extensions\\uqbar.wollok-lsp-ide-0.5.2\\out\\server\\src\\server.js:2371:4989)\n    at GF (c:\\Users\\LUZ RAMIREZ\\.vscode\\extensions\\uqbar.wollok-lsp-ide-0.5.2\\out\\server\\src\\server.js:2371:7383)\n    at L3.invoke (c:\\Users\\LUZ RAMIREZ\\.vscode\\extensions\\uqbar.wollok-lsp-ide-0.5.2\\out\\server\\src\\server.js:3:157326)\n    at o.fire (c:\\Users\\LUZ RAMIREZ\\.vscode\\extensions\\uqbar.wollok-lsp-ide-0.5.2\\out\\server\\src\\server.js:3:158096)\n    at c:\\Users\\LUZ RAMIREZ\\.vscode\\extensions\\uqbar.wollok-lsp-ide-0.5.2\\out\\server\\src\\server.js:37:57871\n    at Kr (c:\\Users\\LUZ RAMIREZ\\.vscode\\extensions\\uqbar.wollok-lsp-ide-0.5.2\\out\\server\\src\\server.js:8:1561)","timestamp":"2025-07-03T16:57:34.576Z"}
{"level":"info","message":"⌛ Building environment","timeElapsed":710,"timestamp":"2025-07-03T16:57:35.311Z"}
{"level":"info","message":"⌛ Building environment","timeElapsed":570,"timestamp":"2025-07-03T16:57:35.901Z"}
{"level":"info","message":"⌛ Building environment","timeElapsed":457,"timestamp":"2025-07-03T16:57:37.409Z"}
{"level":"info","message":"⌛ Building environment","timeElapsed":357,"timestamp":"2025-07-03T16:57:37.951Z"}
{"level":"info","message":"⌛ Building environment","timeElapsed":360,"timestamp":"2025-07-03T16:57:38.344Z"}
{"level":"info","message":"⌛ Building environment","timeElapsed":399,"timestamp":"2025-07-03T16:57:38.747Z"}
{"level":"info","message":"⌛ Building environment","timeElapsed":411,"timestamp":"2025-07-03T16:57:39.164Z"}
{"level":"info","message":"⌛ Validating enemigos.wlk","timeElapsed":403,"timestamp":"2025-07-03T16:57:40.356Z"}
{"level":"info","message":"⌛ Validating enemigos.wlk","timeElapsed":465,"timestamp":"2025-07-03T16:57:40.822Z"}
{"level":"info","message":"⌛ Validating enemigos.wlk","timeElapsed":494,"timestamp":"2025-07-03T16:57:41.322Z"}
{"level":"info","message":"⌛ Validating enemigos.wlk","timeElapsed":485,"timestamp":"2025-07-03T16:57:41.808Z"}
{"level":"info","message":"⌛ Validating enemigos.wlk","timeElapsed":407,"timestamp":"2025-07-03T16:57:42.218Z"}
{"level":"info","message":"⌛ Validating enemigos.wlk","timeElapsed":702,"timestamp":"2025-07-03T16:57:42.965Z"}
{"level":"info","message":"⌛ Validating enemigos.wlk","timeElapsed":419,"timestamp":"2025-07-03T16:57:43.398Z"}
{"level":"info","message":"⌛ Building environment","timeElapsed":1088,"timestamp":"2025-07-03T18:01:50.930Z"}
{"level":"info","message":"⌛ Building environment","timeElapsed":1050,"timestamp":"2025-07-03T18:01:52.075Z"}
{"level":"info","message":"⌛ Building environment","timeElapsed":512,"timestamp":"2025-07-03T18:01:52.711Z"}
{"level":"info","message":"⌛ Building environment","timeElapsed":648,"timestamp":"2025-07-03T18:01:53.392Z"}
{"level":"info","message":"⌛ Building environment","timeElapsed":720,"timestamp":"2025-07-03T18:01:54.116Z"}
{"level":"info","message":"⌛ Building environment","timeElapsed":461,"timestamp":"2025-07-03T18:01:54.583Z"}
{"level":"info","message":"⌛ Building environment","timeElapsed":426,"timestamp":"2025-07-03T18:01:55.015Z"}
{"level":"info","message":"⌛ Building environment","timeElapsed":1273,"timestamp":"2025-07-03T18:01:56.290Z"}
{"level":"info","message":"⌛ Building environment","timeElapsed":763,"timestamp":"2025-07-03T18:01:57.063Z"}
{"level":"info","message":"⌛ Building environment","timeElapsed":608,"timestamp":"2025-07-03T18:01:57.675Z"}
{"level":"info","message":"⌛ Building environment","timeElapsed":735,"timestamp":"2025-07-03T18:01:58.462Z"}
{"level":"info","message":"⌛ Building environment","timeElapsed":1232,"timestamp":"2025-07-03T18:01:59.756Z"}
{"level":"info","message":"⌛ Building environment","timeElapsed":898,"timestamp":"2025-07-03T18:02:00.658Z"}
{"level":"info","message":"⌛ Building environment","timeElapsed":1032,"timestamp":"2025-07-03T18:02:01.696Z"}
{"level":"info","message":"⌛ Building environment","timeElapsed":579,"timestamp":"2025-07-03T18:02:02.282Z"}
{"level":"info","message":"⌛ Validating enemigos.wlk","timeElapsed":692,"timestamp":"2025-07-03T18:02:03.064Z"}
{"level":"info","message":"⌛ Building environment","timeElapsed":1082,"timestamp":"2025-07-03T18:02:04.148Z"}
{"level":"info","message":"⌛ Validating sonidos.wlk","timeElapsed":476,"timestamp":"2025-07-03T18:02:04.741Z"}
{"level":"info","message":"⌛ Validating personajes.wlk","timeElapsed":445,"timestamp":"2025-07-03T18:02:05.189Z"}
{"level":"info","message":"⌛ Validating niveles.wlk","timeElapsed":481,"timestamp":"2025-07-03T18:02:05.678Z"}
{"level":"info","message":"⌛ Validating menu.wlk","timeElapsed":840,"timestamp":"2025-07-03T18:02:06.595Z"}
{"level":"info","message":"⌛ Validating mana.wlk","timeElapsed":418,"timestamp":"2025-07-03T18:02:07.047Z"}
{"level":"info","message":"⌛ Validating main.wpgm","timeElapsed":374,"timestamp":"2025-07-03T18:02:07.422Z"}
{"level":"info","message":"⌛ Validating mago.wlk","timeElapsed":421,"timestamp":"2025-07-03T18:02:07.844Z"}
{"level":"info","message":"⌛ Validating bastion.wlk","timeElapsed":414,"timestamp":"2025-07-03T18:02:08.260Z"}
{"level":"info","message":"⌛ Validating arcaneBastion.wlk","timeElapsed":650,"timestamp":"2025-07-03T18:02:08.936Z"}
{"level":"info","message":"⌛ Validating adminProyectiles.wlk","timeElapsed":549,"timestamp":"2025-07-03T18:02:09.571Z"}
{"level":"info","message":"⌛ Validating administradorDeOleadas.wlk","timeElapsed":579,"timestamp":"2025-07-03T18:02:10.163Z"}
{"level":"info","message":"⌛ Validating administradorDeHechizos.wlk","timeElapsed":497,"timestamp":"2025-07-03T18:02:10.688Z"}
{"level":"info","message":"⌛ Validating administradorDeEnemigos.wlk","timeElapsed":382,"timestamp":"2025-07-03T18:02:11.096Z"}
{"level":"info","message":"⌛ Validating enemigos.wlk","timeElapsed":947,"timestamp":"2025-07-03T18:02:12.275Z"}
{"level":"info","message":"⌛ Validating sonidos.wlk","timeElapsed":472,"timestamp":"2025-07-03T18:02:12.751Z"}
{"level":"info","message":"⌛ Validating personajes.wlk","timeElapsed":296,"timestamp":"2025-07-03T18:02:13.059Z"}
{"level":"info","message":"⌛ Validating niveles.wlk","timeElapsed":334,"timestamp":"2025-07-03T18:02:13.396Z"}
{"level":"info","message":"⌛ Validating menu.wlk","timeElapsed":508,"timestamp":"2025-07-03T18:02:13.917Z"}
{"level":"info","message":"⌛ Validating mana.wlk","timeElapsed":389,"timestamp":"2025-07-03T18:02:14.309Z"}
{"level":"info","message":"⌛ Validating main.wpgm","timeElapsed":398,"timestamp":"2025-07-03T18:02:14.719Z"}
{"level":"info","message":"⌛ Validating mago.wlk","timeElapsed":460,"timestamp":"2025-07-03T18:02:15.181Z"}
{"level":"info","message":"⌛ Validating bastion.wlk","timeElapsed":286,"timestamp":"2025-07-03T18:02:15.472Z"}
{"level":"info","message":"⌛ Validating arcaneBastion.wlk","timeElapsed":314,"timestamp":"2025-07-03T18:02:15.788Z"}
{"level":"info","message":"⌛ Validating adminProyectiles.wlk","timeElapsed":494,"timestamp":"2025-07-03T18:02:16.292Z"}
{"level":"info","message":"⌛ Validating administradorDeOleadas.wlk","timeElapsed":282,"timestamp":"2025-07-03T18:02:16.598Z"}
{"level":"info","message":"⌛ Validating administradorDeHechizos.wlk","timeElapsed":338,"timestamp":"2025-07-03T18:02:16.938Z"}
{"level":"info","message":"⌛ Validating administradorDeEnemigos.wlk","timeElapsed":278,"timestamp":"2025-07-03T18:02:17.223Z"}
{"level":"info","message":"⌛ Building environment","timeElapsed":378,"timestamp":"2025-07-03T18:02:17.644Z"}
{"level":"info","message":"⌛ Validating enemigos.wlk","timeElapsed":428,"timestamp":"2025-07-03T18:02:18.278Z"}
{"level":"info","message":"⌛ Building environment","timeElapsed":861,"timestamp":"2025-07-03T18:05:34.313Z"}
{"level":"info","message":"⌛ Validating mago.wlk","timeElapsed":610,"timestamp":"2025-07-03T18:05:35.289Z"}
{"level":"info","message":"⌛ Building environment","timeElapsed":730,"timestamp":"2025-07-03T18:06:40.717Z"}
{"level":"info","message":"⌛ Autocomplete - Package","timeElapsed":145,"timestamp":"2025-07-03T18:06:40.997Z"}
{"level":"info","message":"⌛ Building environment","timeElapsed":489,"timestamp":"2025-07-03T18:06:41.514Z"}
{"level":"info","message":"⌛ Validating mago.wlk","timeElapsed":626,"timestamp":"2025-07-03T18:06:42.142Z"}
{"level":"info","message":"⌛ Building environment","timeElapsed":433,"timestamp":"2025-07-03T18:06:42.629Z"}
{"level":"info","message":"⌛ Building environment","timeElapsed":356,"timestamp":"2025-07-03T18:06:43.039Z"}
{"level":"info","message":"⌛ Building environment","timeElapsed":510,"timestamp":"2025-07-03T18:06:43.689Z"}
{"level":"info","message":"⌛ Building environment","timeElapsed":379,"timestamp":"2025-07-03T18:06:44.187Z"}
{"level":"info","message":"⌛ Validating mago.wlk","timeElapsed":440,"timestamp":"2025-07-03T18:06:44.633Z"}
{"level":"info","message":"⌛ Building environment","timeElapsed":365,"timestamp":"2025-07-03T18:06:45.003Z"}
{"level":"info","message":"⌛ Building environment","timeElapsed":451,"timestamp":"2025-07-03T18:06:45.456Z"}
{"level":"info","message":"⌛ Building environment","timeElapsed":351,"timestamp":"2025-07-03T18:06:45.809Z"}
{"level":"info","message":"⌛ Building environment","timeElapsed":842,"timestamp":"2025-07-03T18:06:46.823Z"}
{"level":"info","message":"⌛ Building environment","timeElapsed":437,"timestamp":"2025-07-03T18:06:47.266Z"}
{"level":"info","message":"⌛ Validating mago.wlk","timeElapsed":388,"timestamp":"2025-07-03T18:06:47.660Z"}
{"level":"info","message":"⌛ Building environment","timeElapsed":659,"timestamp":"2025-07-03T18:06:48.544Z"}
{"level":"info","message":"⌛ Validating mago.wlk","timeElapsed":385,"timestamp":"2025-07-03T18:06:48.960Z"}
{"level":"info","message":"⌛ Validating mago.wlk","timeElapsed":373,"timestamp":"2025-07-03T18:06:49.364Z"}
{"level":"info","message":"⌛ Validating mago.wlk","timeElapsed":355,"timestamp":"2025-07-03T18:06:49.722Z"}
{"level":"info","message":"⌛ Building environment","timeElapsed":287,"timestamp":"2025-07-03T18:06:50.029Z"}
{"level":"info","message":"⌛ Building environment","timeElapsed":330,"timestamp":"2025-07-03T18:06:50.377Z"}
{"level":"info","message":"⌛ Validating mago.wlk","timeElapsed":477,"timestamp":"2025-07-03T18:06:50.872Z"}
{"level":"info","message":"⌛ Validating mago.wlk","timeElapsed":503,"timestamp":"2025-07-03T18:06:51.406Z"}
{"level":"info","message":"⌛ Building environment","timeElapsed":422,"timestamp":"2025-07-03T18:06:51.829Z"}
{"level":"info","message":"⌛ Validating mago.wlk","timeElapsed":486,"timestamp":"2025-07-03T18:06:52.331Z"}
{"level":"info","message":"⌛ Building environment","timeElapsed":436,"timestamp":"2025-07-03T18:06:52.775Z"}
{"level":"info","message":"⌛ Building environment","timeElapsed":445,"timestamp":"2025-07-03T18:06:53.263Z"}
{"level":"info","message":"⌛ Building environment","timeElapsed":349,"timestamp":"2025-07-03T18:06:53.621Z"}
{"level":"info","message":"⌛ Building environment","timeElapsed":365,"timestamp":"2025-07-03T18:06:53.991Z"}
{"level":"info","message":"⌛ Validating mago.wlk","timeElapsed":396,"timestamp":"2025-07-03T18:06:54.445Z"}
{"level":"info","message":"⌛ Building environment","timeElapsed":1011,"timestamp":"2025-07-03T18:06:55.461Z"}
{"level":"info","message":"⌛ Validating mago.wlk","timeElapsed":369,"timestamp":"2025-07-03T18:06:55.905Z"}
{"level":"info","message":"⌛ Building environment","timeElapsed":297,"timestamp":"2025-07-03T18:06:56.212Z"}
{"level":"info","message":"⌛ Validating mago.wlk","timeElapsed":478,"timestamp":"2025-07-03T18:06:56.718Z"}
{"level":"info","message":"⌛ Validating mago.wlk","timeElapsed":342,"timestamp":"2025-07-03T18:06:57.065Z"}
{"level":"info","message":"⌛ Building environment","timeElapsed":322,"timestamp":"2025-07-03T18:06:57.388Z"}
{"level":"info","message":"⌛ Validating mago.wlk","timeElapsed":366,"timestamp":"2025-07-03T18:06:57.933Z"}
{"level":"info","message":"⌛ Building environment","timeElapsed":464,"timestamp":"2025-07-03T18:06:58.431Z"}
{"level":"info","message":"⌛ Building environment","timeElapsed":314,"timestamp":"2025-07-03T18:06:58.771Z"}
{"level":"info","message":"⌛ Autocomplete - Singleton","timeElapsed":121,"timestamp":"2025-07-03T18:06:58.898Z"}
{"level":"info","message":"⌛ Building environment","timeElapsed":452,"timestamp":"2025-07-03T18:06:59.355Z"}
{"level":"info","message":"⌛ Building environment","timeElapsed":302,"timestamp":"2025-07-03T18:06:59.661Z"}
{"level":"info","message":"⌛ Building environment","timeElapsed":377,"timestamp":"2025-07-03T18:07:00.041Z"}
{"level":"info","message":"⌛ Building environment","timeElapsed":369,"timestamp":"2025-07-03T18:07:00.496Z"}
{"level":"info","message":"⌛ Building environment","timeElapsed":321,"timestamp":"2025-07-03T18:07:00.819Z"}
{"level":"info","message":"⌛ Validating mago.wlk","timeElapsed":443,"timestamp":"2025-07-03T18:07:01.269Z"}
{"level":"info","message":"⌛ Building environment","timeElapsed":370,"timestamp":"2025-07-03T18:07:01.645Z"}
{"level":"info","message":"⌛ Building environment","timeElapsed":288,"timestamp":"2025-07-03T18:07:01.964Z"}
{"level":"info","message":"⌛ Building environment","timeElapsed":334,"timestamp":"2025-07-03T18:07:02.342Z"}
{"level":"info","message":"⌛ Building environment","timeElapsed":375,"timestamp":"2025-07-03T18:07:02.722Z"}
{"level":"info","message":"⌛ Building environment","timeElapsed":449,"timestamp":"2025-07-03T18:07:03.174Z"}
{"level":"info","message":"⌛ Building environment","timeElapsed":513,"timestamp":"2025-07-03T18:07:03.689Z"}
{"level":"info","message":"⌛ Validating mago.wlk","timeElapsed":421,"timestamp":"2025-07-03T18:07:04.116Z"}
{"level":"info","message":"⌛ Building environment","timeElapsed":294,"timestamp":"2025-07-03T18:07:04.429Z"}
{"level":"info","message":"⌛ Building environment","timeElapsed":332,"timestamp":"2025-07-03T18:07:04.763Z"}
{"level":"info","message":"⌛ Building environment","timeElapsed":304,"timestamp":"2025-07-03T18:07:05.074Z"}
{"level":"info","message":"⌛ Validating mago.wlk","timeElapsed":1317,"timestamp":"2025-07-03T18:07:06.450Z"}
{"level":"info","message":"⌛ Validating mago.wlk","timeElapsed":398,"timestamp":"2025-07-03T18:07:06.891Z"}
{"level":"info","message":"⌛ Validating mago.wlk","timeElapsed":334,"timestamp":"2025-07-03T18:07:07.226Z"}
{"level":"info","message":"⌛ Validating mago.wlk","timeElapsed":346,"timestamp":"2025-07-03T18:07:07.605Z"}
{"level":"info","message":"⌛ Validating mago.wlk","timeElapsed":333,"timestamp":"2025-07-03T18:07:07.988Z"}
{"level":"info","message":"⌛ Building environment","timeElapsed":1069,"timestamp":"2025-07-03T18:07:09.064Z"}
{"level":"info","message":"⌛ Validating mago.wlk","timeElapsed":345,"timestamp":"2025-07-03T18:07:09.433Z"}
{"level":"info","message":"⌛ Validating mago.wlk","timeElapsed":339,"timestamp":"2025-07-03T18:07:09.776Z"}
{"level":"info","message":"⌛ Validating mago.wlk","timeElapsed":341,"timestamp":"2025-07-03T18:07:10.119Z"}
{"level":"info","message":"⌛ Building environment","timeElapsed":299,"timestamp":"2025-07-03T18:07:10.424Z"}
{"level":"info","message":"⌛ Building environment","timeElapsed":298,"timestamp":"2025-07-03T18:07:10.724Z"}
{"level":"info","message":"⌛ Validating mago.wlk","timeElapsed":352,"timestamp":"2025-07-03T18:07:11.138Z"}
{"level":"info","message":"⌛ Validating mago.wlk","timeElapsed":623,"timestamp":"2025-07-03T18:07:11.767Z"}
{"level":"info","message":"⌛ Building environment","timeElapsed":292,"timestamp":"2025-07-03T18:07:12.068Z"}
{"level":"info","message":"⌛ Validating mago.wlk","timeElapsed":347,"timestamp":"2025-07-03T18:07:12.500Z"}
{"level":"info","message":"⌛ Validating mago.wlk","timeElapsed":334,"timestamp":"2025-07-03T18:07:12.856Z"}
{"level":"info","message":"⌛ Validating mago.wlk","timeElapsed":327,"timestamp":"2025-07-03T18:07:13.184Z"}
{"level":"info","message":"⌛ Building environment","timeElapsed":285,"timestamp":"2025-07-03T18:07:13.472Z"}
{"level":"info","message":"⌛ Building environment","timeElapsed":301,"timestamp":"2025-07-03T18:07:13.777Z"}
{"level":"info","message":"⌛ Validating mago.wlk","timeElapsed":323,"timestamp":"2025-07-03T18:07:14.170Z"}
{"level":"info","message":"⌛ Validating mago.wlk","timeElapsed":336,"timestamp":"2025-07-03T18:07:14.507Z"}
{"level":"info","message":"⌛ Validating mago.wlk","timeElapsed":324,"timestamp":"2025-07-03T18:07:14.850Z"}
{"level":"info","message":"⌛ Building environment","timeElapsed":290,"timestamp":"2025-07-03T18:07:15.142Z"}
{"level":"info","message":"⌛ Building environment","timeElapsed":283,"timestamp":"2025-07-03T18:07:15.509Z"}
{"level":"info","message":"⌛ Validating mago.wlk","timeElapsed":350,"timestamp":"2025-07-03T18:07:15.862Z"}
{"level":"info","message":"⌛ Building environment","timeElapsed":270,"timestamp":"2025-07-03T18:07:16.164Z"}
{"level":"info","message":"⌛ Building environment","timeElapsed":295,"timestamp":"2025-07-03T18:07:16.496Z"}
{"level":"info","message":"⌛ Validating mago.wlk","timeElapsed":391,"timestamp":"2025-07-03T18:07:16.892Z"}
{"level":"info","message":"⌛ Building environment","timeElapsed":290,"timestamp":"2025-07-03T18:07:17.206Z"}
{"level":"info","message":"⌛ Validating mago.wlk","timeElapsed":372,"timestamp":"2025-07-03T18:07:17.662Z"}
{"level":"info","message":"⌛ Validating mago.wlk","timeElapsed":316,"timestamp":"2025-07-03T18:07:18.027Z"}
{"level":"info","message":"⌛ Validating mago.wlk","timeElapsed":349,"timestamp":"2025-07-03T18:07:18.377Z"}
{"level":"info","message":"⌛ Validating mago.wlk","timeElapsed":338,"timestamp":"2025-07-03T18:07:18.720Z"}
{"level":"info","message":"⌛ Building environment","timeElapsed":296,"timestamp":"2025-07-03T18:07:19.018Z"}
{"level":"info","message":"⌛ Building environment","timeElapsed":352,"timestamp":"2025-07-03T18:07:19.371Z"}
{"level":"info","message":"⌛ Building environment","timeElapsed":1008,"timestamp":"2025-07-03T18:07:20.462Z"}
{"level":"info","message":"⌛ Building environment","timeElapsed":313,"timestamp":"2025-07-03T18:07:20.857Z"}
{"level":"info","message":"⌛ Building environment","timeElapsed":298,"timestamp":"2025-07-03T18:07:21.160Z"}
{"level":"info","message":"⌛ Building environment","timeElapsed":293,"timestamp":"2025-07-03T18:07:21.455Z"}
{"level":"info","message":"⌛ Validating mago.wlk","timeElapsed":363,"timestamp":"2025-07-03T18:07:21.936Z"}
{"level":"info","message":"⌛ Validating mago.wlk","timeElapsed":341,"timestamp":"2025-07-03T18:07:22.320Z"}
{"level":"info","message":"⌛ Validating mago.wlk","timeElapsed":336,"timestamp":"2025-07-03T18:07:22.660Z"}
{"level":"info","message":"⌛ Building environment","timeElapsed":291,"timestamp":"2025-07-03T18:07:22.979Z"}
{"level":"info","message":"⌛ Validating mago.wlk","timeElapsed":372,"timestamp":"2025-07-03T18:07:23.398Z"}
{"level":"info","message":"⌛ Validating mago.wlk","timeElapsed":340,"timestamp":"2025-07-03T18:07:23.783Z"}
{"level":"info","message":"⌛ Validating mago.wlk","timeElapsed":349,"timestamp":"2025-07-03T18:07:24.134Z"}
{"level":"info","message":"⌛ Validating mago.wlk","timeElapsed":329,"timestamp":"2025-07-03T18:07:24.516Z"}
{"level":"info","message":"⌛ Validating mago.wlk","timeElapsed":373,"timestamp":"2025-07-03T18:07:24.891Z"}
{"level":"info","message":"⌛ Validating mago.wlk","timeElapsed":333,"timestamp":"2025-07-03T18:07:25.247Z"}
{"level":"info","message":"⌛ Validating mago.wlk","timeElapsed":318,"timestamp":"2025-07-03T18:07:25.569Z"}
{"level":"info","message":"⌛ Validating mago.wlk","timeElapsed":324,"timestamp":"2025-07-03T18:07:25.915Z"}
{"level":"info","message":"⌛ Validating mago.wlk","timeElapsed":320,"timestamp":"2025-07-03T18:07:26.307Z"}
{"level":"info","message":"⌛ Validating mago.wlk","timeElapsed":313,"timestamp":"2025-07-03T18:07:26.623Z"}
{"level":"info","message":"⌛ Validating mago.wlk","timeElapsed":325,"timestamp":"2025-07-03T18:07:26.952Z"}
{"level":"info","message":"⌛ Validating mago.wlk","timeElapsed":331,"timestamp":"2025-07-03T18:07:27.286Z"}
{"level":"info","message":"⌛ Validating mago.wlk","timeElapsed":316,"timestamp":"2025-07-03T18:07:27.605Z"}
{"level":"info","message":"⌛ Validating mago.wlk","timeElapsed":341,"timestamp":"2025-07-03T18:07:27.949Z"}
{"level":"info","message":"⌛ Validating mago.wlk","timeElapsed":314,"timestamp":"2025-07-03T18:07:28.317Z"}
{"level":"info","message":"⌛ Building environment","timeElapsed":370,"timestamp":"2025-07-03T18:08:48.859Z"}
{"level":"info","message":"⌛ Building environment","timeElapsed":426,"timestamp":"2025-07-03T18:08:49.286Z"}
{"level":"info","message":"⌛ Validating mago.wlk","timeElapsed":502,"timestamp":"2025-07-03T18:08:49.852Z"}
{"level":"info","message":"⌛ Building environment","timeElapsed":361,"timestamp":"2025-07-03T18:08:50.240Z"}
{"level":"info","message":"⌛ Building environment","timeElapsed":359,"timestamp":"2025-07-03T18:08:50.645Z"}
{"level":"info","message":"⌛ Validating mago.wlk","timeElapsed":403,"timestamp":"2025-07-03T18:08:51.052Z"}
{"level":"info","message":"⌛ Validating mago.wlk","timeElapsed":391,"timestamp":"2025-07-03T18:08:51.456Z"}
{"level":"info","message":"⌛ Validating mago.wlk","timeElapsed":346,"timestamp":"2025-07-03T18:08:51.806Z"}
{"level":"info","message":"⌛ Building environment","timeElapsed":366,"timestamp":"2025-07-03T18:08:56.322Z"}
{"level":"info","message":"⌛ Validating mago.wlk","timeElapsed":481,"timestamp":"2025-07-03T18:08:56.849Z"}
{"level":"info","message":"⌛ Building environment","timeElapsed":326,"timestamp":"2025-07-03T18:08:58.440Z"}
{"level":"info","message":"⌛ Validating mago.wlk","timeElapsed":926,"timestamp":"2025-07-03T18:08:59.497Z"}
{"level":"info","message":"⌛ Building environment","timeElapsed":507,"timestamp":"2025-07-03T18:09:00.058Z"}
{"level":"info","message":"⌛ Building environment","timeElapsed":400,"timestamp":"2025-07-03T18:09:00.525Z"}
{"level":"info","message":"⌛ Building environment","timeElapsed":392,"timestamp":"2025-07-03T18:09:00.953Z"}
{"level":"info","message":"⌛ Building environment","timeElapsed":396,"timestamp":"2025-07-03T18:09:01.352Z"}
{"level":"info","message":"⌛ Building environment","timeElapsed":369,"timestamp":"2025-07-03T18:09:01.723Z"}
{"level":"info","message":"⌛ Validating mago.wlk","timeElapsed":416,"timestamp":"2025-07-03T18:09:02.245Z"}
{"level":"info","message":"⌛ Building environment","timeElapsed":455,"timestamp":"2025-07-03T18:09:02.701Z"}
{"level":"info","message":"⌛ Validating mago.wlk","timeElapsed":353,"timestamp":"2025-07-03T18:09:03.071Z"}
{"level":"info","message":"⌛ Building environment","timeElapsed":520,"timestamp":"2025-07-03T18:09:03.654Z"}
{"level":"info","message":"⌛ Validating mago.wlk","timeElapsed":365,"timestamp":"2025-07-03T18:09:04.134Z"}
{"level":"info","message":"⌛ Building environment","timeElapsed":318,"timestamp":"2025-07-03T18:09:04.453Z"}
{"level":"info","message":"⌛ Validating mago.wlk","timeElapsed":345,"timestamp":"2025-07-03T18:09:04.828Z"}
{"level":"info","message":"⌛ Building environment","timeElapsed":276,"timestamp":"2025-07-03T18:09:05.105Z"}
{"level":"info","message":"⌛ Building environment","timeElapsed":290,"timestamp":"2025-07-03T18:09:05.398Z"}
{"level":"info","message":"⌛ Validating mago.wlk","timeElapsed":323,"timestamp":"2025-07-03T18:09:05.775Z"}
{"level":"error","message":"✘ Failed to rebuild document Failed to parse mago.wlk: \n-- PARSING FAILED --------------------------------------------------\n\n  30 |   }\n  31 | }\n> 32 | class {\n     |       ^\n  33 |   \n  34 | }\n\nExpected one of the following: \n\nidentifier, whitespace\n","stack":"Error: Failed to parse mago.wlk: \n-- PARSING FAILED --------------------------------------------------\n\n  30 |   }\n  31 | }\n> 32 | class {\n     |       ^\n  33 |   \n  34 | }\n\nExpected one of the following: \n\nidentifier, whitespace\n\n    at c:\\Users\\LUZ RAMIREZ\\.vscode\\extensions\\uqbar.wollok-lsp-ide-0.5.2\\out\\server\\src\\server.js:2326:13026\n    at Array.map (<anonymous>)\n    at D1n (c:\\Users\\LUZ RAMIREZ\\.vscode\\extensions\\uqbar.wollok-lsp-ide-0.5.2\\out\\server\\src\\server.js:2326:12950)\n    at W2.buildEnvironmentFrom (c:\\Users\\LUZ RAMIREZ\\.vscode\\extensions\\uqbar.wollok-lsp-ide-0.5.2\\out\\server\\src\\server.js:2371:5254)\n    at W2.updateEnvironmentWith (c:\\Users\\LUZ RAMIREZ\\.vscode\\extensions\\uqbar.wollok-lsp-ide-0.5.2\\out\\server\\src\\server.js:2371:4989)\n    at GF (c:\\Users\\LUZ RAMIREZ\\.vscode\\extensions\\uqbar.wollok-lsp-ide-0.5.2\\out\\server\\src\\server.js:2371:7383)\n    at L3.invoke (c:\\Users\\LUZ RAMIREZ\\.vscode\\extensions\\uqbar.wollok-lsp-ide-0.5.2\\out\\server\\src\\server.js:3:157326)\n    at o.fire (c:\\Users\\LUZ RAMIREZ\\.vscode\\extensions\\uqbar.wollok-lsp-ide-0.5.2\\out\\server\\src\\server.js:3:158096)\n    at c:\\Users\\LUZ RAMIREZ\\.vscode\\extensions\\uqbar.wollok-lsp-ide-0.5.2\\out\\server\\src\\server.js:37:57871\n    at Kr (c:\\Users\\LUZ RAMIREZ\\.vscode\\extensions\\uqbar.wollok-lsp-ide-0.5.2\\out\\server\\src\\server.js:8:1561)","timestamp":"2025-07-03T18:09:05.928Z"}
{"level":"error","message":"✘ Failed to rebuild document Failed to parse mago.wlk: \n-- PARSING FAILED --------------------------------------------------\n\n  30 |   }\n  31 | }\n> 32 | class  {\n     |        ^\n  33 |   \n  34 | }\n\nExpected one of the following: \n\nidentifier, whitespace\n","stack":"Error: Failed to parse mago.wlk: \n-- PARSING FAILED --------------------------------------------------\n\n  30 |   }\n  31 | }\n> 32 | class  {\n     |        ^\n  33 |   \n  34 | }\n\nExpected one of the following: \n\nidentifier, whitespace\n\n    at c:\\Users\\LUZ RAMIREZ\\.vscode\\extensions\\uqbar.wollok-lsp-ide-0.5.2\\out\\server\\src\\server.js:2326:13026\n    at Array.map (<anonymous>)\n    at D1n (c:\\Users\\LUZ RAMIREZ\\.vscode\\extensions\\uqbar.wollok-lsp-ide-0.5.2\\out\\server\\src\\server.js:2326:12950)\n    at W2.buildEnvironmentFrom (c:\\Users\\LUZ RAMIREZ\\.vscode\\extensions\\uqbar.wollok-lsp-ide-0.5.2\\out\\server\\src\\server.js:2371:5254)\n    at W2.updateEnvironmentWith (c:\\Users\\LUZ RAMIREZ\\.vscode\\extensions\\uqbar.wollok-lsp-ide-0.5.2\\out\\server\\src\\server.js:2371:4989)\n    at GF (c:\\Users\\LUZ RAMIREZ\\.vscode\\extensions\\uqbar.wollok-lsp-ide-0.5.2\\out\\server\\src\\server.js:2371:7383)\n    at L3.invoke (c:\\Users\\LUZ RAMIREZ\\.vscode\\extensions\\uqbar.wollok-lsp-ide-0.5.2\\out\\server\\src\\server.js:3:157326)\n    at o.fire (c:\\Users\\LUZ RAMIREZ\\.vscode\\extensions\\uqbar.wollok-lsp-ide-0.5.2\\out\\server\\src\\server.js:3:158096)\n    at c:\\Users\\LUZ RAMIREZ\\.vscode\\extensions\\uqbar.wollok-lsp-ide-0.5.2\\out\\server\\src\\server.js:37:57871\n    at Kr (c:\\Users\\LUZ RAMIREZ\\.vscode\\extensions\\uqbar.wollok-lsp-ide-0.5.2\\out\\server\\src\\server.js:8:1561)","timestamp":"2025-07-03T18:09:06.014Z"}
{"level":"info","message":"⌛ Validating mago.wlk","timeElapsed":361,"timestamp":"2025-07-03T18:09:06.377Z"}
{"level":"info","message":"⌛ Validating mago.wlk","timeElapsed":387,"timestamp":"2025-07-03T18:09:06.766Z"}
{"level":"info","message":"⌛ Validating mago.wlk","timeElapsed":333,"timestamp":"2025-07-03T18:09:07.102Z"}
{"level":"info","message":"⌛ Validating mago.wlk","timeElapsed":341,"timestamp":"2025-07-03T18:09:07.453Z"}
{"level":"info","message":"⌛ Validating mago.wlk","timeElapsed":310,"timestamp":"2025-07-03T18:09:07.764Z"}
{"level":"info","message":"⌛ Building environment","timeElapsed":549,"timestamp":"2025-07-03T18:09:17.067Z"}
{"level":"info","message":"⌛ Building environment","timeElapsed":478,"timestamp":"2025-07-03T18:09:17.634Z"}
{"level":"info","message":"⌛ Building environment","timeElapsed":449,"timestamp":"2025-07-03T18:09:18.120Z"}
{"level":"info","message":"⌛ Validating mago.wlk","timeElapsed":542,"timestamp":"2025-07-03T18:09:18.665Z"}
{"level":"info","message":"⌛ Building environment","timeElapsed":329,"timestamp":"2025-07-03T18:09:19.019Z"}
{"level":"info","message":"⌛ Building environment","timeElapsed":438,"timestamp":"2025-07-03T18:09:19.521Z"}
{"level":"info","message":"⌛ Autocomplete - Class","timeElapsed":115,"timestamp":"2025-07-03T18:09:19.638Z"}
{"level":"info","message":"⌛ Validating mago.wlk","timeElapsed":460,"timestamp":"2025-07-03T18:09:20.101Z"}
{"level":"info","message":"⌛ Building environment","timeElapsed":468,"timestamp":"2025-07-03T18:09:20.601Z"}
{"level":"info","message":"⌛ Building environment","timeElapsed":367,"timestamp":"2025-07-03T18:09:21.064Z"}
{"level":"info","message":"⌛ Autocomplete - Class","timeElapsed":261,"timestamp":"2025-07-03T18:09:21.439Z"}
{"level":"info","message":"⌛ Validating mago.wlk","timeElapsed":491,"timestamp":"2025-07-03T18:09:21.931Z"}
{"level":"info","message":"⌛ Building environment","timeElapsed":745,"timestamp":"2025-07-03T18:09:22.678Z"}
{"level":"info","message":"⌛ Autocomplete - Class","timeElapsed":184,"timestamp":"2025-07-03T18:09:22.867Z"}
{"level":"info","message":"⌛ Building environment","timeElapsed":350,"timestamp":"2025-07-03T18:09:23.219Z"}
{"level":"error","message":"✘ Failed to rebuild document Failed to parse mago.wlk: \n-- PARSING FAILED --------------------------------------------------\n\n  30 |   }\n  31 | }\n> 32 | class  {\n     |        ^\n  33 |   \n  34 | }\n\nExpected one of the following: \n\nidentifier, whitespace\n","stack":"Error: Failed to parse mago.wlk: \n-- PARSING FAILED --------------------------------------------------\n\n  30 |   }\n  31 | }\n> 32 | class  {\n     |        ^\n  33 |   \n  34 | }\n\nExpected one of the following: \n\nidentifier, whitespace\n\n    at c:\\Users\\LUZ RAMIREZ\\.vscode\\extensions\\uqbar.wollok-lsp-ide-0.5.2\\out\\server\\src\\server.js:2326:13026\n    at Array.map (<anonymous>)\n    at D1n (c:\\Users\\LUZ RAMIREZ\\.vscode\\extensions\\uqbar.wollok-lsp-ide-0.5.2\\out\\server\\src\\server.js:2326:12950)\n    at W2.buildEnvironmentFrom (c:\\Users\\LUZ RAMIREZ\\.vscode\\extensions\\uqbar.wollok-lsp-ide-0.5.2\\out\\server\\src\\server.js:2371:5254)\n    at W2.updateEnvironmentWith (c:\\Users\\LUZ RAMIREZ\\.vscode\\extensions\\uqbar.wollok-lsp-ide-0.5.2\\out\\server\\src\\server.js:2371:4989)\n    at GF (c:\\Users\\LUZ RAMIREZ\\.vscode\\extensions\\uqbar.wollok-lsp-ide-0.5.2\\out\\server\\src\\server.js:2371:7383)\n    at L3.invoke (c:\\Users\\LUZ RAMIREZ\\.vscode\\extensions\\uqbar.wollok-lsp-ide-0.5.2\\out\\server\\src\\server.js:3:157326)\n    at o.fire (c:\\Users\\LUZ RAMIREZ\\.vscode\\extensions\\uqbar.wollok-lsp-ide-0.5.2\\out\\server\\src\\server.js:3:158096)\n    at c:\\Users\\LUZ RAMIREZ\\.vscode\\extensions\\uqbar.wollok-lsp-ide-0.5.2\\out\\server\\src\\server.js:37:57871\n    at Kr (c:\\Users\\LUZ RAMIREZ\\.vscode\\extensions\\uqbar.wollok-lsp-ide-0.5.2\\out\\server\\src\\server.js:8:1561)","timestamp":"2025-07-03T18:09:23.320Z"}
{"level":"info","message":"⌛ Building environment","timeElapsed":340,"timestamp":"2025-07-03T18:09:23.714Z"}
{"level":"info","message":"⌛ Autocomplete - Class","timeElapsed":133,"timestamp":"2025-07-03T18:09:23.850Z"}
{"level":"info","message":"⌛ Validating mago.wlk","timeElapsed":349,"timestamp":"2025-07-03T18:09:24.200Z"}
{"level":"info","message":"⌛ Building environment","timeElapsed":308,"timestamp":"2025-07-03T18:09:24.514Z"}
{"level":"info","message":"⌛ Building environment","timeElapsed":334,"timestamp":"2025-07-03T18:09:24.849Z"}
{"level":"info","message":"⌛ Building environment","timeElapsed":483,"timestamp":"2025-07-03T18:09:25.333Z"}
{"level":"info","message":"⌛ Validating mago.wlk","timeElapsed":368,"timestamp":"2025-07-03T18:09:25.704Z"}
{"level":"info","message":"⌛ Building environment","timeElapsed":290,"timestamp":"2025-07-03T18:09:26.014Z"}
{"level":"info","message":"⌛ Building environment","timeElapsed":304,"timestamp":"2025-07-03T18:09:26.319Z"}
{"level":"info","message":"⌛ Building environment","timeElapsed":299,"timestamp":"2025-07-03T18:09:26.623Z"}
{"level":"info","message":"⌛ Building environment","timeElapsed":943,"timestamp":"2025-07-03T18:09:27.636Z"}
{"level":"info","message":"⌛ Building environment","timeElapsed":310,"timestamp":"2025-07-03T18:09:27.948Z"}
{"level":"info","message":"⌛ Building environment","timeElapsed":294,"timestamp":"2025-07-03T18:09:28.314Z"}
{"level":"info","message":"⌛ Validating mago.wlk","timeElapsed":377,"timestamp":"2025-07-03T18:09:28.693Z"}
{"level":"info","message":"⌛ Building environment","timeElapsed":284,"timestamp":"2025-07-03T18:09:28.983Z"}
{"level":"info","message":"⌛ Building environment","timeElapsed":294,"timestamp":"2025-07-03T18:09:29.280Z"}
{"level":"info","message":"⌛ Validating mago.wlk","timeElapsed":447,"timestamp":"2025-07-03T18:09:29.729Z"}
{"level":"info","message":"⌛ Building environment","timeElapsed":292,"timestamp":"2025-07-03T18:09:30.062Z"}
{"level":"info","message":"⌛ Building environment","timeElapsed":346,"timestamp":"2025-07-03T18:09:30.437Z"}
{"level":"info","message":"⌛ Building environment","timeElapsed":309,"timestamp":"2025-07-03T18:09:30.749Z"}
{"level":"info","message":"⌛ Building environment","timeElapsed":332,"timestamp":"2025-07-03T18:09:31.116Z"}
{"level":"info","message":"⌛ Building environment","timeElapsed":301,"timestamp":"2025-07-03T18:09:31.423Z"}
{"level":"info","message":"⌛ Validating mago.wlk","timeElapsed":395,"timestamp":"2025-07-03T18:09:31.870Z"}
{"level":"info","message":"⌛ Validating mago.wlk","timeElapsed":362,"timestamp":"2025-07-03T18:09:32.275Z"}
{"level":"info","message":"⌛ Validating mago.wlk","timeElapsed":350,"timestamp":"2025-07-03T18:09:32.644Z"}
{"level":"info","message":"⌛ Validating mago.wlk","timeElapsed":371,"timestamp":"2025-07-03T18:09:33.045Z"}
{"level":"info","message":"⌛ Validating mago.wlk","timeElapsed":372,"timestamp":"2025-07-03T18:09:33.419Z"}
{"level":"info","message":"⌛ Validating mago.wlk","timeElapsed":407,"timestamp":"2025-07-03T18:09:33.836Z"}
{"level":"info","message":"⌛ Validating mago.wlk","timeElapsed":330,"timestamp":"2025-07-03T18:09:34.169Z"}
{"level":"info","message":"⌛ Validating mago.wlk","timeElapsed":416,"timestamp":"2025-07-03T18:09:34.585Z"}
{"level":"info","message":"⌛ Validating mago.wlk","timeElapsed":479,"timestamp":"2025-07-03T18:09:35.065Z"}
{"level":"info","message":"⌛ Validating mago.wlk","timeElapsed":848,"timestamp":"2025-07-03T18:09:35.980Z"}
{"level":"info","message":"⌛ Validating mago.wlk","timeElapsed":460,"timestamp":"2025-07-03T18:09:36.446Z"}
{"level":"info","message":"⌛ Validating mago.wlk","timeElapsed":359,"timestamp":"2025-07-03T18:09:36.810Z"}
{"level":"info","message":"⌛ Validating mago.wlk","timeElapsed":376,"timestamp":"2025-07-03T18:09:37.213Z"}
{"level":"info","message":"⌛ Validating mago.wlk","timeElapsed":642,"timestamp":"2025-07-03T18:09:37.856Z"}
{"level":"info","message":"⌛ Validating mago.wlk","timeElapsed":594,"timestamp":"2025-07-03T18:09:38.969Z"}
{"level":"info","message":"⌛ Validating mago.wlk","timeElapsed":365,"timestamp":"2025-07-03T18:09:39.337Z"}
{"level":"info","message":"⌛ Validating mago.wlk","timeElapsed":400,"timestamp":"2025-07-03T18:09:39.752Z"}
{"level":"info","message":"⌛ Validating mago.wlk","timeElapsed":387,"timestamp":"2025-07-03T18:09:40.220Z"}
{"level":"info","message":"⌛ Validating mago.wlk","timeElapsed":362,"timestamp":"2025-07-03T18:09:40.583Z"}
{"level":"info","message":"⌛ Building environment","timeElapsed":530,"timestamp":"2025-07-03T18:09:41.495Z"}
{"level":"info","message":"⌛ Validating administradorDeHechizos.wlk","timeElapsed":369,"timestamp":"2025-07-03T18:09:42.141Z"}
{"level":"info","message":"⌛ Building environment","timeElapsed":395,"timestamp":"2025-07-03T18:09:58.218Z"}
{"level":"info","message":"⌛ Validating administradorDeHechizos.wlk","timeElapsed":377,"timestamp":"2025-07-03T18:09:58.611Z"}
{"level":"info","message":"⌛ Building environment","timeElapsed":408,"timestamp":"2025-07-03T18:09:59.020Z"}
{"level":"error","message":"✘ Completions for node Send ([30:35, 33:10] - administradorDeHechizos.wlk) failed: Error: [Send]{c5867f} at administradorDeHechizos.wlk:30 exhausted all cases without a match [Send]{c5867f} at administradorDeHechizos.wlk:30 exhausted all cases without a match","stack":"Error: [Send]{c5867f} at administradorDeHechizos.wlk:30 exhausted all cases without a match\n    at c:\\Users\\LUZ RAMIREZ\\.vscode\\extensions\\uqbar.wollok-lsp-ide-0.5.2\\out\\server\\src\\server.js:38:6142\n    at C2 (c:\\Users\\LUZ RAMIREZ\\.vscode\\extensions\\uqbar.wollok-lsp-ide-0.5.2\\out\\server\\src\\server.js:2362:42)\n    at c:\\Users\\LUZ RAMIREZ\\.vscode\\extensions\\uqbar.wollok-lsp-ide-0.5.2\\out\\server\\src\\server.js:2362:2988\n    at c:\\Users\\LUZ RAMIREZ\\.vscode\\extensions\\uqbar.wollok-lsp-ide-0.5.2\\out\\server\\src\\server.js:2371:8440\n    at c:\\Users\\LUZ RAMIREZ\\.vscode\\extensions\\uqbar.wollok-lsp-ide-0.5.2\\out\\server\\src\\server.js:37:74872\n    at Ye (c:\\Users\\LUZ RAMIREZ\\.vscode\\extensions\\uqbar.wollok-lsp-ide-0.5.2\\out\\server\\src\\server.js:7:8527)\n    at Dt (c:\\Users\\LUZ RAMIREZ\\.vscode\\extensions\\uqbar.wollok-lsp-ide-0.5.2\\out\\server\\src\\server.js:7:6189)\n    at Zi (c:\\Users\\LUZ RAMIREZ\\.vscode\\extensions\\uqbar.wollok-lsp-ide-0.5.2\\out\\server\\src\\server.js:7:6378)\n    at Immediate._onImmediate (c:\\Users\\LUZ RAMIREZ\\.vscode\\extensions\\uqbar.wollok-lsp-ide-0.5.2\\out\\server\\src\\server.js:7:6142)\n    at process.processImmediate (node:internal/timers:485:21)","timestamp":"2025-07-03T18:09:59.133Z"}
{"level":"error","message":"✘ Completions for node Send ([30:9, 33:11] - administradorDeHechizos.wlk) failed: Error: [Send]{443ba4} at administradorDeHechizos.wlk:30 exhausted all cases without a match [Send]{443ba4} at administradorDeHechizos.wlk:30 exhausted all cases without a match","stack":"Error: [Send]{443ba4} at administradorDeHechizos.wlk:30 exhausted all cases without a match\n    at c:\\Users\\LUZ RAMIREZ\\.vscode\\extensions\\uqbar.wollok-lsp-ide-0.5.2\\out\\server\\src\\server.js:38:6142\n    at C2 (c:\\Users\\LUZ RAMIREZ\\.vscode\\extensions\\uqbar.wollok-lsp-ide-0.5.2\\out\\server\\src\\server.js:2362:42)\n    at Gh (c:\\Users\\LUZ RAMIREZ\\.vscode\\extensions\\uqbar.wollok-lsp-ide-0.5.2\\out\\server\\src\\server.js:2362:1092)\n    at C2 (c:\\Users\\LUZ RAMIREZ\\.vscode\\extensions\\uqbar.wollok-lsp-ide-0.5.2\\out\\server\\src\\server.js:2362:544)\n    at c:\\Users\\LUZ RAMIREZ\\.vscode\\extensions\\uqbar.wollok-lsp-ide-0.5.2\\out\\server\\src\\server.js:2362:2988\n    at c:\\Users\\LUZ RAMIREZ\\.vscode\\extensions\\uqbar.wollok-lsp-ide-0.5.2\\out\\server\\src\\server.js:2371:8440\n    at c:\\Users\\LUZ RAMIREZ\\.vscode\\extensions\\uqbar.wollok-lsp-ide-0.5.2\\out\\server\\src\\server.js:37:74872\n    at Ye (c:\\Users\\LUZ RAMIREZ\\.vscode\\extensions\\uqbar.wollok-lsp-ide-0.5.2\\out\\server\\src\\server.js:7:8527)\n    at Dt (c:\\Users\\LUZ RAMIREZ\\.vscode\\extensions\\uqbar.wollok-lsp-ide-0.5.2\\out\\server\\src\\server.js:7:6189)\n    at Zi (c:\\Users\\LUZ RAMIREZ\\.vscode\\extensions\\uqbar.wollok-lsp-ide-0.5.2\\out\\server\\src\\server.js:7:6378)","timestamp":"2025-07-03T18:09:59.133Z"}
{"level":"info","message":"⌛ Autocomplete - Send","timeElapsed":108,"timestamp":"2025-07-03T18:09:59.178Z"}
{"level":"info","message":"⌛ Building environment","timeElapsed":379,"timestamp":"2025-07-03T18:09:59.560Z"}
{"level":"info","message":"⌛ Building environment","timeElapsed":388,"timestamp":"2025-07-03T18:09:59.961Z"}
{"level":"info","message":"⌛ Building environment","timeElapsed":352,"timestamp":"2025-07-03T18:10:00.319Z"}
{"level":"info","message":"⌛ Validating administradorDeHechizos.wlk","timeElapsed":529,"timestamp":"2025-07-03T18:10:00.850Z"}
{"level":"info","message":"⌛ Building environment","timeElapsed":350,"timestamp":"2025-07-03T18:10:01.204Z"}
{"level":"info","message":"⌛ Building environment","timeElapsed":767,"timestamp":"2025-07-03T18:10:01.974Z"}
{"level":"info","message":"⌛ Building environment","timeElapsed":632,"timestamp":"2025-07-03T18:10:02.682Z"}
{"level":"info","message":"⌛ Validating administradorDeHechizos.wlk","timeElapsed":408,"timestamp":"2025-07-03T18:10:03.094Z"}
{"level":"info","message":"⌛ Building environment","timeElapsed":273,"timestamp":"2025-07-03T18:10:03.410Z"}
{"level":"info","message":"⌛ Validating administradorDeHechizos.wlk","timeElapsed":373,"timestamp":"2025-07-03T18:10:03.838Z"}
{"level":"info","message":"⌛ Building environment","timeElapsed":327,"timestamp":"2025-07-03T18:10:04.171Z"}
{"level":"info","message":"⌛ Validating administradorDeHechizos.wlk","timeElapsed":340,"timestamp":"2025-07-03T18:10:04.538Z"}
{"level":"info","message":"⌛ Building environment","timeElapsed":285,"timestamp":"2025-07-03T18:10:04.824Z"}
{"level":"error","message":"✘ Completions for node Send ([30:35, 33:10] - administradorDeHechizos.wlk) failed: Error: [Send]{66a168} at administradorDeHechizos.wlk:30 exhausted all cases without a match [Send]{66a168} at administradorDeHechizos.wlk:30 exhausted all cases without a match","stack":"Error: [Send]{66a168} at administradorDeHechizos.wlk:30 exhausted all cases without a match\n    at c:\\Users\\LUZ RAMIREZ\\.vscode\\extensions\\uqbar.wollok-lsp-ide-0.5.2\\out\\server\\src\\server.js:38:6142\n    at C2 (c:\\Users\\LUZ RAMIREZ\\.vscode\\extensions\\uqbar.wollok-lsp-ide-0.5.2\\out\\server\\src\\server.js:2362:42)\n    at c:\\Users\\LUZ RAMIREZ\\.vscode\\extensions\\uqbar.wollok-lsp-ide-0.5.2\\out\\server\\src\\server.js:2362:2988\n    at c:\\Users\\LUZ RAMIREZ\\.vscode\\extensions\\uqbar.wollok-lsp-ide-0.5.2\\out\\server\\src\\server.js:2371:8440\n    at c:\\Users\\LUZ RAMIREZ\\.vscode\\extensions\\uqbar.wollok-lsp-ide-0.5.2\\out\\server\\src\\server.js:37:74872\n    at Ye (c:\\Users\\LUZ RAMIREZ\\.vscode\\extensions\\uqbar.wollok-lsp-ide-0.5.2\\out\\server\\src\\server.js:7:8527)\n    at Dt (c:\\Users\\LUZ RAMIREZ\\.vscode\\extensions\\uqbar.wollok-lsp-ide-0.5.2\\out\\server\\src\\server.js:7:6189)\n    at Zi (c:\\Users\\LUZ RAMIREZ\\.vscode\\extensions\\uqbar.wollok-lsp-ide-0.5.2\\out\\server\\src\\server.js:7:6378)\n    at Immediate._onImmediate (c:\\Users\\LUZ RAMIREZ\\.vscode\\extensions\\uqbar.wollok-lsp-ide-0.5.2\\out\\server\\src\\server.js:7:6142)\n    at process.processImmediate (node:internal/timers:485:21)","timestamp":"2025-07-03T18:10:04.906Z"}
{"level":"error","message":"✘ Completions for node Send ([30:9, 33:11] - administradorDeHechizos.wlk) failed: Error: [Send]{144b04} at administradorDeHechizos.wlk:30 exhausted all cases without a match [Send]{144b04} at administradorDeHechizos.wlk:30 exhausted all cases without a match","stack":"Error: [Send]{144b04} at administradorDeHechizos.wlk:30 exhausted all cases without a match\n    at c:\\Users\\LUZ RAMIREZ\\.vscode\\extensions\\uqbar.wollok-lsp-ide-0.5.2\\out\\server\\src\\server.js:38:6142\n    at C2 (c:\\Users\\LUZ RAMIREZ\\.vscode\\extensions\\uqbar.wollok-lsp-ide-0.5.2\\out\\server\\src\\server.js:2362:42)\n    at Gh (c:\\Users\\LUZ RAMIREZ\\.vscode\\extensions\\uqbar.wollok-lsp-ide-0.5.2\\out\\server\\src\\server.js:2362:1092)\n    at C2 (c:\\Users\\LUZ RAMIREZ\\.vscode\\extensions\\uqbar.wollok-lsp-ide-0.5.2\\out\\server\\src\\server.js:2362:544)\n    at c:\\Users\\LUZ RAMIREZ\\.vscode\\extensions\\uqbar.wollok-lsp-ide-0.5.2\\out\\server\\src\\server.js:2362:2988\n    at c:\\Users\\LUZ RAMIREZ\\.vscode\\extensions\\uqbar.wollok-lsp-ide-0.5.2\\out\\server\\src\\server.js:2371:8440\n    at c:\\Users\\LUZ RAMIREZ\\.vscode\\extensions\\uqbar.wollok-lsp-ide-0.5.2\\out\\server\\src\\server.js:37:74872\n    at Ye (c:\\Users\\LUZ RAMIREZ\\.vscode\\extensions\\uqbar.wollok-lsp-ide-0.5.2\\out\\server\\src\\server.js:7:8527)\n    at Dt (c:\\Users\\LUZ RAMIREZ\\.vscode\\extensions\\uqbar.wollok-lsp-ide-0.5.2\\out\\server\\src\\server.js:7:6189)\n    at Zi (c:\\Users\\LUZ RAMIREZ\\.vscode\\extensions\\uqbar.wollok-lsp-ide-0.5.2\\out\\server\\src\\server.js:7:6378)","timestamp":"2025-07-03T18:10:04.906Z"}
{"level":"info","message":"⌛ Building environment","timeElapsed":304,"timestamp":"2025-07-03T18:10:05.220Z"}
{"level":"info","message":"⌛ Building environment","timeElapsed":518,"timestamp":"2025-07-03T18:10:05.741Z"}
{"level":"info","message":"⌛ Building environment","timeElapsed":338,"timestamp":"2025-07-03T18:10:06.083Z"}
{"level":"info","message":"⌛ Validating administradorDeHechizos.wlk","timeElapsed":383,"timestamp":"2025-07-03T18:10:06.489Z"}
{"level":"info","message":"⌛ Building environment","timeElapsed":307,"timestamp":"2025-07-03T18:10:06.803Z"}
{"level":"info","message":"⌛ Building environment","timeElapsed":283,"timestamp":"2025-07-03T18:10:07.102Z"}
{"level":"info","message":"⌛ Building environment","timeElapsed":975,"timestamp":"2025-07-03T18:10:08.133Z"}
{"level":"info","message":"⌛ Building environment","timeElapsed":288,"timestamp":"2025-07-03T18:10:08.425Z"}
{"level":"info","message":"⌛ Validating administradorDeHechizos.wlk","timeElapsed":398,"timestamp":"2025-07-03T18:10:08.824Z"}
{"level":"info","message":"⌛ Validating administradorDeHechizos.wlk","timeElapsed":344,"timestamp":"2025-07-03T18:10:09.202Z"}
{"level":"info","message":"⌛ Validating administradorDeHechizos.wlk","timeElapsed":334,"timestamp":"2025-07-03T18:10:09.558Z"}
{"level":"info","message":"⌛ Validating administradorDeHechizos.wlk","timeElapsed":346,"timestamp":"2025-07-03T18:10:09.910Z"}
{"level":"info","message":"⌛ Validating administradorDeHechizos.wlk","timeElapsed":314,"timestamp":"2025-07-03T18:10:10.241Z"}
{"level":"info","message":"⌛ Validating administradorDeHechizos.wlk","timeElapsed":372,"timestamp":"2025-07-03T18:10:10.619Z"}
{"level":"info","message":"⌛ Validating administradorDeHechizos.wlk","timeElapsed":371,"timestamp":"2025-07-03T18:10:10.996Z"}
{"level":"info","message":"⌛ Validating administradorDeHechizos.wlk","timeElapsed":391,"timestamp":"2025-07-03T18:10:11.391Z"}
{"level":"info","message":"⌛ Validating administradorDeHechizos.wlk","timeElapsed":557,"timestamp":"2025-07-03T18:10:11.959Z"}
{"level":"info","message":"⌛ Validating administradorDeHechizos.wlk","timeElapsed":367,"timestamp":"2025-07-03T18:10:12.420Z"}
{"level":"info","message":"⌛ Validating administradorDeHechizos.wlk","timeElapsed":448,"timestamp":"2025-07-03T18:10:12.899Z"}
{"level":"info","message":"⌛ Validating administradorDeHechizos.wlk","timeElapsed":407,"timestamp":"2025-07-03T18:10:13.309Z"}
{"level":"info","message":"⌛ Building environment","timeElapsed":279,"timestamp":"2025-07-03T18:10:13.638Z"}
{"level":"info","message":"⌛ Building environment","timeElapsed":294,"timestamp":"2025-07-03T18:10:13.966Z"}
{"level":"info","message":"⌛ Building environment","timeElapsed":320,"timestamp":"2025-07-03T18:10:14.311Z"}
{"level":"info","message":"⌛ Building environment","timeElapsed":323,"timestamp":"2025-07-03T18:10:14.641Z"}
{"level":"info","message":"⌛ Building environment","timeElapsed":341,"timestamp":"2025-07-03T18:10:14.990Z"}
{"level":"info","message":"⌛ Building environment","timeElapsed":301,"timestamp":"2025-07-03T18:10:15.293Z"}
{"level":"info","message":"⌛ Building environment","timeElapsed":298,"timestamp":"2025-07-03T18:10:15.600Z"}
{"level":"info","message":"⌛ Building environment","timeElapsed":323,"timestamp":"2025-07-03T18:10:15.926Z"}
{"level":"info","message":"⌛ Building environment","timeElapsed":1057,"timestamp":"2025-07-03T18:10:17.073Z"}
{"level":"info","message":"⌛ Building environment","timeElapsed":317,"timestamp":"2025-07-03T18:10:17.421Z"}
{"level":"info","message":"⌛ Building environment","timeElapsed":325,"timestamp":"2025-07-03T18:10:17.748Z"}
{"level":"info","message":"⌛ Building environment","timeElapsed":317,"timestamp":"2025-07-03T18:10:18.067Z"}
{"level":"info","message":"⌛ Building environment","timeElapsed":862,"timestamp":"2025-07-03T18:10:18.933Z"}
{"level":"info","message":"⌛ Building environment","timeElapsed":436,"timestamp":"2025-07-03T18:10:19.374Z"}
{"level":"info","message":"⌛ Validating administradorDeHechizos.wlk","timeElapsed":487,"timestamp":"2025-07-03T18:10:19.889Z"}
{"level":"info","message":"⌛ Validating administradorDeHechizos.wlk","timeElapsed":409,"timestamp":"2025-07-03T18:10:20.305Z"}
{"level":"info","message":"⌛ Building environment","timeElapsed":636,"timestamp":"2025-07-03T18:10:20.944Z"}
{"level":"info","message":"⌛ Validating administradorDeHechizos.wlk","timeElapsed":437,"timestamp":"2025-07-03T18:10:21.463Z"}
{"level":"info","message":"⌛ Building environment","timeElapsed":394,"timestamp":"2025-07-03T18:10:21.885Z"}
{"level":"info","message":"⌛ Validating administradorDeHechizos.wlk","timeElapsed":497,"timestamp":"2025-07-03T18:10:22.384Z"}
{"level":"info","message":"⌛ Validating administradorDeHechizos.wlk","timeElapsed":439,"timestamp":"2025-07-03T18:10:22.864Z"}
{"level":"info","message":"⌛ Validating administradorDeHechizos.wlk","timeElapsed":434,"timestamp":"2025-07-03T18:10:23.301Z"}
{"level":"info","message":"⌛ Validating administradorDeHechizos.wlk","timeElapsed":404,"timestamp":"2025-07-03T18:10:23.706Z"}
{"level":"info","message":"⌛ Building environment","timeElapsed":829,"timestamp":"2025-07-03T18:10:24.538Z"}
{"level":"info","message":"⌛ Validating administradorDeHechizos.wlk","timeElapsed":984,"timestamp":"2025-07-03T18:10:25.526Z"}
{"level":"info","message":"⌛ Building environment","timeElapsed":1461,"timestamp":"2025-07-03T18:10:27.001Z"}
{"level":"error","message":"✘ Completions for node Send ([30:35, 33:10] - administradorDeHechizos.wlk) failed: Error: [Send]{d092b5} at administradorDeHechizos.wlk:30 exhausted all cases without a match [Send]{d092b5} at administradorDeHechizos.wlk:30 exhausted all cases without a match","stack":"Error: [Send]{d092b5} at administradorDeHechizos.wlk:30 exhausted all cases without a match\n    at c:\\Users\\LUZ RAMIREZ\\.vscode\\extensions\\uqbar.wollok-lsp-ide-0.5.2\\out\\server\\src\\server.js:38:6142\n    at C2 (c:\\Users\\LUZ RAMIREZ\\.vscode\\extensions\\uqbar.wollok-lsp-ide-0.5.2\\out\\server\\src\\server.js:2362:42)\n    at c:\\Users\\LUZ RAMIREZ\\.vscode\\extensions\\uqbar.wollok-lsp-ide-0.5.2\\out\\server\\src\\server.js:2362:2988\n    at c:\\Users\\LUZ RAMIREZ\\.vscode\\extensions\\uqbar.wollok-lsp-ide-0.5.2\\out\\server\\src\\server.js:2371:8440\n    at c:\\Users\\LUZ RAMIREZ\\.vscode\\extensions\\uqbar.wollok-lsp-ide-0.5.2\\out\\server\\src\\server.js:37:74872\n    at Ye (c:\\Users\\LUZ RAMIREZ\\.vscode\\extensions\\uqbar.wollok-lsp-ide-0.5.2\\out\\server\\src\\server.js:7:8527)\n    at Dt (c:\\Users\\LUZ RAMIREZ\\.vscode\\extensions\\uqbar.wollok-lsp-ide-0.5.2\\out\\server\\src\\server.js:7:6189)\n    at Zi (c:\\Users\\LUZ RAMIREZ\\.vscode\\extensions\\uqbar.wollok-lsp-ide-0.5.2\\out\\server\\src\\server.js:7:6378)\n    at Immediate._onImmediate (c:\\Users\\LUZ RAMIREZ\\.vscode\\extensions\\uqbar.wollok-lsp-ide-0.5.2\\out\\server\\src\\server.js:7:6142)\n    at process.processImmediate (node:internal/timers:485:21)","timestamp":"2025-07-03T18:10:27.140Z"}
{"level":"error","message":"✘ Completions for node Send ([30:9, 33:11] - administradorDeHechizos.wlk) failed: Error: [Send]{321d43} at administradorDeHechizos.wlk:30 exhausted all cases without a match [Send]{321d43} at administradorDeHechizos.wlk:30 exhausted all cases without a match","stack":"Error: [Send]{321d43} at administradorDeHechizos.wlk:30 exhausted all cases without a match\n    at c:\\Users\\LUZ RAMIREZ\\.vscode\\extensions\\uqbar.wollok-lsp-ide-0.5.2\\out\\server\\src\\server.js:38:6142\n    at C2 (c:\\Users\\LUZ RAMIREZ\\.vscode\\extensions\\uqbar.wollok-lsp-ide-0.5.2\\out\\server\\src\\server.js:2362:42)\n    at Gh (c:\\Users\\LUZ RAMIREZ\\.vscode\\extensions\\uqbar.wollok-lsp-ide-0.5.2\\out\\server\\src\\server.js:2362:1092)\n    at C2 (c:\\Users\\LUZ RAMIREZ\\.vscode\\extensions\\uqbar.wollok-lsp-ide-0.5.2\\out\\server\\src\\server.js:2362:544)\n    at c:\\Users\\LUZ RAMIREZ\\.vscode\\extensions\\uqbar.wollok-lsp-ide-0.5.2\\out\\server\\src\\server.js:2362:2988\n    at c:\\Users\\LUZ RAMIREZ\\.vscode\\extensions\\uqbar.wollok-lsp-ide-0.5.2\\out\\server\\src\\server.js:2371:8440\n    at c:\\Users\\LUZ RAMIREZ\\.vscode\\extensions\\uqbar.wollok-lsp-ide-0.5.2\\out\\server\\src\\server.js:37:74872\n    at Ye (c:\\Users\\LUZ RAMIREZ\\.vscode\\extensions\\uqbar.wollok-lsp-ide-0.5.2\\out\\server\\src\\server.js:7:8527)\n    at Dt (c:\\Users\\LUZ RAMIREZ\\.vscode\\extensions\\uqbar.wollok-lsp-ide-0.5.2\\out\\server\\src\\server.js:7:6189)\n    at Zi (c:\\Users\\LUZ RAMIREZ\\.vscode\\extensions\\uqbar.wollok-lsp-ide-0.5.2\\out\\server\\src\\server.js:7:6378)","timestamp":"2025-07-03T18:10:27.142Z"}
{"level":"info","message":"⌛ Autocomplete - Send","timeElapsed":138,"timestamp":"2025-07-03T18:10:27.152Z"}
{"level":"info","message":"⌛ Building environment","timeElapsed":483,"timestamp":"2025-07-03T18:10:27.666Z"}
{"level":"info","message":"⌛ Building environment","timeElapsed":505,"timestamp":"2025-07-03T18:10:28.225Z"}
{"level":"info","message":"⌛ Building environment","timeElapsed":316,"timestamp":"2025-07-03T18:10:28.599Z"}
{"level":"info","message":"⌛ Building environment","timeElapsed":269,"timestamp":"2025-07-03T18:10:28.926Z"}
{"level":"info","message":"⌛ Building environment","timeElapsed":280,"timestamp":"2025-07-03T18:10:29.273Z"}
{"level":"info","message":"⌛ Building environment","timeElapsed":285,"timestamp":"2025-07-03T18:10:29.642Z"}
{"level":"info","message":"⌛ Validating administradorDeHechizos.wlk","timeElapsed":382,"timestamp":"2025-07-03T18:10:30.072Z"}
{"level":"info","message":"⌛ Validating administradorDeHechizos.wlk","timeElapsed":333,"timestamp":"2025-07-03T18:10:30.430Z"}
{"level":"error","message":"✘ Failed to rebuild document Failed to parse administradorDeHechizos.wlk: \n-- PARSING FAILED --------------------------------------------------\n\n  59 |         nombreHechizo = 0\n  60 |         hechizos = []\n> 61 |     }\n     |     ^\n  62 | }\n  63 | \n\nExpected one of the following: \n\n'@', 'class', 'const', 'describe', 'mixin', 'object', 'only', 'package', 'program', 'test', 'var', '{', EOF, comment, not \"}\r\n\", whitespace\n","stack":"Error: Failed to parse administradorDeHechizos.wlk: \n-- PARSING FAILED --------------------------------------------------\n\n  59 |         nombreHechizo = 0\n  60 |         hechizos = []\n> 61 |     }\n     |     ^\n  62 | }\n  63 | \n\nExpected one of the following: \n\n'@', 'class', 'const', 'describe', 'mixin', 'object', 'only', 'package', 'program', 'test', 'var', '{', EOF, comment, not \"}\r\n\", whitespace\n\n    at c:\\Users\\LUZ RAMIREZ\\.vscode\\extensions\\uqbar.wollok-lsp-ide-0.5.2\\out\\server\\src\\server.js:2326:13026\n    at Array.map (<anonymous>)\n    at D1n (c:\\Users\\LUZ RAMIREZ\\.vscode\\extensions\\uqbar.wollok-lsp-ide-0.5.2\\out\\server\\src\\server.js:2326:12950)\n    at W2.buildEnvironmentFrom (c:\\Users\\LUZ RAMIREZ\\.vscode\\extensions\\uqbar.wollok-lsp-ide-0.5.2\\out\\server\\src\\server.js:2371:5254)\n    at W2.updateEnvironmentWith (c:\\Users\\LUZ RAMIREZ\\.vscode\\extensions\\uqbar.wollok-lsp-ide-0.5.2\\out\\server\\src\\server.js:2371:4989)\n    at GF (c:\\Users\\LUZ RAMIREZ\\.vscode\\extensions\\uqbar.wollok-lsp-ide-0.5.2\\out\\server\\src\\server.js:2371:7383)\n    at L3.invoke (c:\\Users\\LUZ RAMIREZ\\.vscode\\extensions\\uqbar.wollok-lsp-ide-0.5.2\\out\\server\\src\\server.js:3:157326)\n    at o.fire (c:\\Users\\LUZ RAMIREZ\\.vscode\\extensions\\uqbar.wollok-lsp-ide-0.5.2\\out\\server\\src\\server.js:3:158096)\n    at c:\\Users\\LUZ RAMIREZ\\.vscode\\extensions\\uqbar.wollok-lsp-ide-0.5.2\\out\\server\\src\\server.js:37:57871\n    at Kr (c:\\Users\\LUZ RAMIREZ\\.vscode\\extensions\\uqbar.wollok-lsp-ide-0.5.2\\out\\server\\src\\server.js:8:1561)","timestamp":"2025-07-03T18:10:30.474Z"}
{"level":"info","message":"⌛ Validating administradorDeHechizos.wlk","timeElapsed":352,"timestamp":"2025-07-03T18:10:30.972Z"}
{"level":"info","message":"⌛ Validating administradorDeHechizos.wlk","timeElapsed":396,"timestamp":"2025-07-03T18:10:31.397Z"}
{"level":"info","message":"⌛ Building environment","timeElapsed":360,"timestamp":"2025-07-03T18:10:31.757Z"}
{"level":"info","message":"⌛ Building environment","timeElapsed":412,"timestamp":"2025-07-03T18:10:32.202Z"}
{"level":"info","message":"⌛ Building environment","timeElapsed":3042,"timestamp":"2025-07-03T18:10:35.317Z"}
{"level":"info","message":"⌛ Building environment","timeElapsed":393,"timestamp":"2025-07-03T18:10:35.774Z"}
{"level":"info","message":"⌛ Building environment","timeElapsed":284,"timestamp":"2025-07-03T18:10:36.114Z"}
{"level":"info","message":"⌛ Building environment","timeElapsed":302,"timestamp":"2025-07-03T18:10:36.468Z"}
{"level":"info","message":"⌛ Validating administradorDeHechizos.wlk","timeElapsed":451,"timestamp":"2025-07-03T18:10:36.968Z"}
{"level":"info","message":"⌛ Building environment","timeElapsed":1648,"timestamp":"2025-07-03T18:10:38.681Z"}
{"level":"info","message":"⌛ Validating administradorDeHechizos.wlk","timeElapsed":546,"timestamp":"2025-07-03T18:10:39.229Z"}
{"level":"info","message":"⌛ Building environment","timeElapsed":357,"timestamp":"2025-07-03T18:10:39.600Z"}
{"level":"info","message":"⌛ Building environment","timeElapsed":373,"timestamp":"2025-07-03T18:10:40.057Z"}
{"level":"info","message":"⌛ Building environment","timeElapsed":392,"timestamp":"2025-07-03T18:10:40.458Z"}
{"level":"info","message":"⌛ Building environment","timeElapsed":351,"timestamp":"2025-07-03T18:10:40.814Z"}
{"level":"info","message":"⌛ Building environment","timeElapsed":343,"timestamp":"2025-07-03T18:10:41.158Z"}
{"level":"info","message":"⌛ Building environment","timeElapsed":838,"timestamp":"2025-07-03T18:10:42.002Z"}
{"level":"info","message":"⌛ Building environment","timeElapsed":372,"timestamp":"2025-07-03T18:10:42.375Z"}
{"level":"info","message":"⌛ Validating administradorDeHechizos.wlk","timeElapsed":511,"timestamp":"2025-07-03T18:10:42.911Z"}
{"level":"info","message":"⌛ Building environment","timeElapsed":378,"timestamp":"2025-07-03T18:10:43.291Z"}
{"level":"error","message":"✘ Failed to rebuild document Failed to parse administradorDeHechizos.wlk: \n-- PARSING FAILED --------------------------------------------------\n\n  59 |         nombreHechizo = 0\n  60 |         hechizos = []\n> 61 |     }\n     |     ^\n  62 | }\n  63 | \n\nExpected one of the following: \n\n'@', 'class', 'const', 'describe', 'mixin', 'object', 'only', 'package', 'program', 'test', 'var', '{', EOF, comment, not \"}\r\n\", whitespace\n","stack":"Error: Failed to parse administradorDeHechizos.wlk: \n-- PARSING FAILED --------------------------------------------------\n\n  59 |         nombreHechizo = 0\n  60 |         hechizos = []\n> 61 |     }\n     |     ^\n  62 | }\n  63 | \n\nExpected one of the following: \n\n'@', 'class', 'const', 'describe', 'mixin', 'object', 'only', 'package', 'program', 'test', 'var', '{', EOF, comment, not \"}\r\n\", whitespace\n\n    at c:\\Users\\LUZ RAMIREZ\\.vscode\\extensions\\uqbar.wollok-lsp-ide-0.5.2\\out\\server\\src\\server.js:2326:13026\n    at Array.map (<anonymous>)\n    at D1n (c:\\Users\\LUZ RAMIREZ\\.vscode\\extensions\\uqbar.wollok-lsp-ide-0.5.2\\out\\server\\src\\server.js:2326:12950)\n    at W2.buildEnvironmentFrom (c:\\Users\\LUZ RAMIREZ\\.vscode\\extensions\\uqbar.wollok-lsp-ide-0.5.2\\out\\server\\src\\server.js:2371:5254)\n    at W2.updateEnvironmentWith (c:\\Users\\LUZ RAMIREZ\\.vscode\\extensions\\uqbar.wollok-lsp-ide-0.5.2\\out\\server\\src\\server.js:2371:4989)\n    at GF (c:\\Users\\LUZ RAMIREZ\\.vscode\\extensions\\uqbar.wollok-lsp-ide-0.5.2\\out\\server\\src\\server.js:2371:7383)\n    at L3.invoke (c:\\Users\\LUZ RAMIREZ\\.vscode\\extensions\\uqbar.wollok-lsp-ide-0.5.2\\out\\server\\src\\server.js:3:157326)\n    at o.fire (c:\\Users\\LUZ RAMIREZ\\.vscode\\extensions\\uqbar.wollok-lsp-ide-0.5.2\\out\\server\\src\\server.js:3:158096)\n    at c:\\Users\\LUZ RAMIREZ\\.vscode\\extensions\\uqbar.wollok-lsp-ide-0.5.2\\out\\server\\src\\server.js:37:57871\n    at Kr (c:\\Users\\LUZ RAMIREZ\\.vscode\\extensions\\uqbar.wollok-lsp-ide-0.5.2\\out\\server\\src\\server.js:8:1561)","timestamp":"2025-07-03T18:10:43.337Z"}
{"level":"info","message":"⌛ Building environment","timeElapsed":444,"timestamp":"2025-07-03T18:10:43.787Z"}
{"level":"info","message":"⌛ Building environment","timeElapsed":494,"timestamp":"2025-07-03T18:10:44.283Z"}
{"level":"info","message":"⌛ Building environment","timeElapsed":616,"timestamp":"2025-07-03T18:10:44.900Z"}
{"level":"info","message":"⌛ Validating administradorDeHechizos.wlk","timeElapsed":659,"timestamp":"2025-07-03T18:10:45.562Z"}
{"level":"info","message":"⌛ Building environment","timeElapsed":566,"timestamp":"2025-07-03T18:10:46.131Z"}
{"level":"info","message":"⌛ Building environment","timeElapsed":539,"timestamp":"2025-07-03T18:10:46.673Z"}
{"level":"info","message":"⌛ Building environment","timeElapsed":411,"timestamp":"2025-07-03T18:10:47.099Z"}
{"level":"info","message":"⌛ Building environment","timeElapsed":298,"timestamp":"2025-07-03T18:10:47.429Z"}
{"level":"info","message":"⌛ Building environment","timeElapsed":362,"timestamp":"2025-07-03T18:10:47.799Z"}
{"level":"info","message":"⌛ Building environment","timeElapsed":812,"timestamp":"2025-07-03T18:10:48.646Z"}
{"level":"info","message":"⌛ Building environment","timeElapsed":870,"timestamp":"2025-07-03T18:10:49.547Z"}
{"level":"info","message":"⌛ Building environment","timeElapsed":351,"timestamp":"2025-07-03T18:10:49.981Z"}
{"level":"info","message":"⌛ Building environment","timeElapsed":349,"timestamp":"2025-07-03T18:10:50.371Z"}
{"level":"info","message":"⌛ Building environment","timeElapsed":1587,"timestamp":"2025-07-03T18:10:52.030Z"}
{"level":"info","message":"⌛ Validating administradorDeHechizos.wlk","timeElapsed":591,"timestamp":"2025-07-03T18:10:52.622Z"}
{"level":"info","message":"⌛ Validating administradorDeHechizos.wlk","timeElapsed":504,"timestamp":"2025-07-03T18:10:53.230Z"}
{"level":"info","message":"⌛ Validating administradorDeHechizos.wlk","timeElapsed":548,"timestamp":"2025-07-03T18:10:53.779Z"}
{"level":"info","message":"⌛ Validating administradorDeHechizos.wlk","timeElapsed":470,"timestamp":"2025-07-03T18:10:54.252Z"}
{"level":"info","message":"⌛ Validating administradorDeHechizos.wlk","timeElapsed":328,"timestamp":"2025-07-03T18:10:54.601Z"}
{"level":"info","message":"⌛ Validating administradorDeHechizos.wlk","timeElapsed":313,"timestamp":"2025-07-03T18:10:54.934Z"}
{"level":"info","message":"⌛ Validating administradorDeHechizos.wlk","timeElapsed":327,"timestamp":"2025-07-03T18:10:55.261Z"}
{"level":"info","message":"⌛ Validating administradorDeHechizos.wlk","timeElapsed":317,"timestamp":"2025-07-03T18:10:55.599Z"}
{"level":"info","message":"⌛ Building environment","timeElapsed":274,"timestamp":"2025-07-03T18:10:55.891Z"}
{"level":"info","message":"⌛ Building environment","timeElapsed":329,"timestamp":"2025-07-03T18:10:56.237Z"}
{"level":"info","message":"⌛ Autocomplete - Class","timeElapsed":101,"timestamp":"2025-07-03T18:10:56.389Z"}
{"level":"info","message":"⌛ Building environment","timeElapsed":367,"timestamp":"2025-07-03T18:10:56.757Z"}
{"level":"info","message":"⌛ Building environment","timeElapsed":298,"timestamp":"2025-07-03T18:10:57.065Z"}
{"level":"info","message":"⌛ Building environment","timeElapsed":304,"timestamp":"2025-07-03T18:10:57.370Z"}
{"level":"info","message":"⌛ Validating administradorDeHechizos.wlk","timeElapsed":373,"timestamp":"2025-07-03T18:10:57.747Z"}
{"level":"info","message":"⌛ Building environment","timeElapsed":276,"timestamp":"2025-07-03T18:10:58.025Z"}
{"level":"info","message":"⌛ Building environment","timeElapsed":307,"timestamp":"2025-07-03T18:10:58.367Z"}
{"level":"info","message":"⌛ Validating administradorDeHechizos.wlk","timeElapsed":364,"timestamp":"2025-07-03T18:10:58.732Z"}
{"level":"info","message":"⌛ Building environment","timeElapsed":321,"timestamp":"2025-07-03T18:10:59.057Z"}
{"level":"info","message":"⌛ Building environment","timeElapsed":340,"timestamp":"2025-07-03T18:10:59.407Z"}
{"level":"info","message":"⌛ Building environment","timeElapsed":350,"timestamp":"2025-07-03T18:10:59.762Z"}
{"level":"info","message":"⌛ Building environment","timeElapsed":329,"timestamp":"2025-07-03T18:11:00.204Z"}
{"level":"info","message":"⌛ Building environment","timeElapsed":364,"timestamp":"2025-07-03T18:11:00.571Z"}
{"level":"info","message":"⌛ Building environment","timeElapsed":324,"timestamp":"2025-07-03T18:11:00.898Z"}
{"level":"info","message":"⌛ Building environment","timeElapsed":332,"timestamp":"2025-07-03T18:11:01.233Z"}
{"level":"info","message":"⌛ Building environment","timeElapsed":472,"timestamp":"2025-07-03T18:11:01.708Z"}
{"level":"info","message":"⌛ Building environment","timeElapsed":312,"timestamp":"2025-07-03T18:11:02.080Z"}
{"level":"info","message":"⌛ Building environment","timeElapsed":296,"timestamp":"2025-07-03T18:11:02.380Z"}
{"level":"info","message":"⌛ Building environment","timeElapsed":300,"timestamp":"2025-07-03T18:11:02.682Z"}
{"level":"info","message":"⌛ Building environment","timeElapsed":294,"timestamp":"2025-07-03T18:11:02.978Z"}
{"level":"info","message":"⌛ Building environment","timeElapsed":290,"timestamp":"2025-07-03T18:11:03.296Z"}
{"level":"info","message":"⌛ Building environment","timeElapsed":298,"timestamp":"2025-07-03T18:11:03.668Z"}
{"level":"info","message":"⌛ Building environment","timeElapsed":287,"timestamp":"2025-07-03T18:11:03.987Z"}
{"level":"info","message":"⌛ Validating administradorDeHechizos.wlk","timeElapsed":358,"timestamp":"2025-07-03T18:11:04.348Z"}
{"level":"info","message":"⌛ Building environment","timeElapsed":273,"timestamp":"2025-07-03T18:11:04.624Z"}
{"level":"info","message":"⌛ Building environment","timeElapsed":379,"timestamp":"2025-07-03T18:11:05.007Z"}
{"level":"info","message":"⌛ Building environment","timeElapsed":301,"timestamp":"2025-07-03T18:11:05.366Z"}
{"level":"info","message":"⌛ Building environment","timeElapsed":353,"timestamp":"2025-07-03T18:11:05.721Z"}
{"level":"info","message":"⌛ Validating administradorDeHechizos.wlk","timeElapsed":362,"timestamp":"2025-07-03T18:11:06.086Z"}
{"level":"info","message":"⌛ Building environment","timeElapsed":264,"timestamp":"2025-07-03T18:11:06.357Z"}
{"level":"info","message":"⌛ Building environment","timeElapsed":289,"timestamp":"2025-07-03T18:11:06.655Z"}
{"level":"info","message":"⌛ Validating administradorDeHechizos.wlk","timeElapsed":374,"timestamp":"2025-07-03T18:11:07.036Z"}
{"level":"info","message":"⌛ Building environment","timeElapsed":4203,"timestamp":"2025-07-03T18:11:11.273Z"}
{"level":"info","message":"⌛ Building environment","timeElapsed":348,"timestamp":"2025-07-03T18:11:11.669Z"}
{"level":"info","message":"⌛ Validating administradorDeHechizos.wlk","timeElapsed":439,"timestamp":"2025-07-03T18:11:12.112Z"}
{"level":"info","message":"⌛ Building environment","timeElapsed":291,"timestamp":"2025-07-03T18:11:12.404Z"}
{"level":"info","message":"⌛ Building environment","timeElapsed":288,"timestamp":"2025-07-03T18:11:12.696Z"}
{"level":"info","message":"⌛ Building environment","timeElapsed":305,"timestamp":"2025-07-03T18:11:13.003Z"}
{"level":"info","message":"⌛ Building environment","timeElapsed":323,"timestamp":"2025-07-03T18:11:13.372Z"}
{"level":"info","message":"⌛ Building environment","timeElapsed":296,"timestamp":"2025-07-03T18:11:13.673Z"}
{"level":"info","message":"⌛ Building environment","timeElapsed":290,"timestamp":"2025-07-03T18:11:13.970Z"}
{"level":"info","message":"⌛ Building environment","timeElapsed":310,"timestamp":"2025-07-03T18:11:14.284Z"}
{"level":"info","message":"⌛ Building environment","timeElapsed":409,"timestamp":"2025-07-03T18:11:14.698Z"}
{"level":"info","message":"⌛ Building environment","timeElapsed":324,"timestamp":"2025-07-03T18:11:15.072Z"}
{"level":"info","message":"⌛ Building environment","timeElapsed":308,"timestamp":"2025-07-03T18:11:15.485Z"}
{"level":"info","message":"⌛ Building environment","timeElapsed":301,"timestamp":"2025-07-03T18:11:15.814Z"}
{"level":"info","message":"⌛ Building environment","timeElapsed":395,"timestamp":"2025-07-03T18:11:16.214Z"}
{"level":"info","message":"⌛ Validating administradorDeHechizos.wlk","timeElapsed":347,"timestamp":"2025-07-03T18:11:16.612Z"}
{"level":"info","message":"⌛ Building environment","timeElapsed":288,"timestamp":"2025-07-03T18:11:16.902Z"}
{"level":"info","message":"⌛ Building environment","timeElapsed":296,"timestamp":"2025-07-03T18:11:17.201Z"}
{"level":"info","message":"⌛ Building environment","timeElapsed":955,"timestamp":"2025-07-03T18:11:18.237Z"}
{"level":"info","message":"⌛ Building environment","timeElapsed":296,"timestamp":"2025-07-03T18:11:18.536Z"}
{"level":"info","message":"⌛ Building environment","timeElapsed":301,"timestamp":"2025-07-03T18:11:18.853Z"}
{"level":"info","message":"⌛ Building environment","timeElapsed":295,"timestamp":"2025-07-03T18:11:19.195Z"}
{"level":"info","message":"⌛ Validating administradorDeHechizos.wlk","timeElapsed":344,"timestamp":"2025-07-03T18:11:19.551Z"}
{"level":"info","message":"⌛ Building environment","timeElapsed":301,"timestamp":"2025-07-03T18:11:19.853Z"}
{"level":"info","message":"⌛ Building environment","timeElapsed":290,"timestamp":"2025-07-03T18:11:20.146Z"}
{"level":"info","message":"⌛ Building environment","timeElapsed":308,"timestamp":"2025-07-03T18:11:20.462Z"}
{"level":"info","message":"⌛ Validating administradorDeHechizos.wlk","timeElapsed":370,"timestamp":"2025-07-03T18:11:20.832Z"}
{"level":"info","message":"⌛ Building environment","timeElapsed":307,"timestamp":"2025-07-03T18:11:21.161Z"}
{"level":"info","message":"⌛ Building environment","timeElapsed":309,"timestamp":"2025-07-03T18:11:21.473Z"}
{"level":"info","message":"⌛ Building environment","timeElapsed":416,"timestamp":"2025-07-03T18:11:21.896Z"}
{"level":"info","message":"⌛ Validating administradorDeHechizos.wlk","timeElapsed":359,"timestamp":"2025-07-03T18:11:22.259Z"}
{"level":"info","message":"⌛ Building environment","timeElapsed":271,"timestamp":"2025-07-03T18:11:22.534Z"}
{"level":"info","message":"⌛ Building environment","timeElapsed":298,"timestamp":"2025-07-03T18:11:22.835Z"}
{"level":"info","message":"⌛ Validating administradorDeHechizos.wlk","timeElapsed":365,"timestamp":"2025-07-03T18:11:23.205Z"}
{"level":"info","message":"⌛ Building environment","timeElapsed":289,"timestamp":"2025-07-03T18:11:23.528Z"}
{"level":"info","message":"⌛ Validating administradorDeHechizos.wlk","timeElapsed":359,"timestamp":"2025-07-03T18:11:23.889Z"}
{"level":"info","message":"⌛ Building environment","timeElapsed":277,"timestamp":"2025-07-03T18:11:24.168Z"}
{"level":"info","message":"⌛ Building environment","timeElapsed":318,"timestamp":"2025-07-03T18:11:24.488Z"}
{"level":"info","message":"⌛ Building environment","timeElapsed":310,"timestamp":"2025-07-03T18:11:24.805Z"}
{"level":"info","message":"⌛ Building environment","timeElapsed":303,"timestamp":"2025-07-03T18:11:25.119Z"}
{"level":"info","message":"⌛ Validating administradorDeHechizos.wlk","timeElapsed":351,"timestamp":"2025-07-03T18:11:25.519Z"}
{"level":"info","message":"⌛ Building environment","timeElapsed":296,"timestamp":"2025-07-03T18:11:25.816Z"}
{"level":"info","message":"⌛ Building environment","timeElapsed":343,"timestamp":"2025-07-03T18:11:26.163Z"}
{"level":"info","message":"⌛ Validating administradorDeHechizos.wlk","timeElapsed":355,"timestamp":"2025-07-03T18:11:26.520Z"}
{"level":"info","message":"⌛ Validating administradorDeHechizos.wlk","timeElapsed":321,"timestamp":"2025-07-03T18:11:26.854Z"}
{"level":"info","message":"⌛ Building environment","timeElapsed":264,"timestamp":"2025-07-03T18:11:27.128Z"}
{"level":"info","message":"⌛ Validating administradorDeHechizos.wlk","timeElapsed":349,"timestamp":"2025-07-03T18:11:27.510Z"}
{"level":"info","message":"⌛ Building environment","timeElapsed":294,"timestamp":"2025-07-03T18:11:27.815Z"}
{"level":"info","message":"⌛ Building environment","timeElapsed":309,"timestamp":"2025-07-03T18:11:28.128Z"}
{"level":"info","message":"⌛ Validating administradorDeHechizos.wlk","timeElapsed":346,"timestamp":"2025-07-03T18:11:28.476Z"}
{"level":"info","message":"⌛ Building environment","timeElapsed":274,"timestamp":"2025-07-03T18:11:28.756Z"}
{"level":"info","message":"⌛ Building environment","timeElapsed":298,"timestamp":"2025-07-03T18:11:29.062Z"}
{"level":"info","message":"⌛ Building environment","timeElapsed":4019,"timestamp":"2025-07-03T18:11:33.148Z"}
{"level":"info","message":"⌛ Building environment","timeElapsed":327,"timestamp":"2025-07-03T18:11:33.477Z"}
{"level":"info","message":"⌛ Building environment","timeElapsed":296,"timestamp":"2025-07-03T18:11:33.831Z"}
{"level":"info","message":"⌛ Validating administradorDeHechizos.wlk","timeElapsed":372,"timestamp":"2025-07-03T18:11:34.206Z"}
{"level":"info","message":"⌛ Building environment","timeElapsed":1040,"timestamp":"2025-07-03T18:11:35.271Z"}
{"level":"info","message":"⌛ Building environment","timeElapsed":302,"timestamp":"2025-07-03T18:11:35.583Z"}
{"level":"info","message":"⌛ Building environment","timeElapsed":304,"timestamp":"2025-07-03T18:11:35.960Z"}
{"level":"info","message":"⌛ Building environment","timeElapsed":374,"timestamp":"2025-07-03T18:11:36.368Z"}
{"level":"info","message":"⌛ Validating administradorDeHechizos.wlk","timeElapsed":355,"timestamp":"2025-07-03T18:11:36.725Z"}
{"level":"info","message":"⌛ Building environment","timeElapsed":299,"timestamp":"2025-07-03T18:11:37.054Z"}
{"level":"info","message":"⌛ Validating administradorDeHechizos.wlk","timeElapsed":368,"timestamp":"2025-07-03T18:11:37.485Z"}
{"level":"info","message":"⌛ Validating administradorDeHechizos.wlk","timeElapsed":453,"timestamp":"2025-07-03T18:11:37.942Z"}
{"level":"info","message":"⌛ Validating administradorDeHechizos.wlk","timeElapsed":332,"timestamp":"2025-07-03T18:11:38.276Z"}
{"level":"info","message":"⌛ Validating administradorDeHechizos.wlk","timeElapsed":333,"timestamp":"2025-07-03T18:11:38.612Z"}
{"level":"info","message":"⌛ Validating administradorDeHechizos.wlk","timeElapsed":309,"timestamp":"2025-07-03T18:11:38.940Z"}
{"level":"info","message":"⌛ Building environment","timeElapsed":364,"timestamp":"2025-07-03T18:11:39.310Z"}
{"level":"info","message":"⌛ Validating administradorDeHechizos.wlk","timeElapsed":348,"timestamp":"2025-07-03T18:11:39.660Z"}
{"level":"info","message":"⌛ Building environment","timeElapsed":273,"timestamp":"2025-07-03T18:11:39.944Z"}
{"level":"info","message":"⌛ Validating administradorDeHechizos.wlk","timeElapsed":324,"timestamp":"2025-07-03T18:11:40.320Z"}
{"level":"info","message":"⌛ Validating administradorDeHechizos.wlk","timeElapsed":315,"timestamp":"2025-07-03T18:11:40.635Z"}
{"level":"info","message":"⌛ Building environment","timeElapsed":285,"timestamp":"2025-07-03T18:11:40.927Z"}
{"level":"info","message":"⌛ Building environment","timeElapsed":281,"timestamp":"2025-07-03T18:11:41.321Z"}
{"level":"info","message":"⌛ Building environment","timeElapsed":286,"timestamp":"2025-07-03T18:11:41.643Z"}
{"level":"info","message":"⌛ Validating administradorDeHechizos.wlk","timeElapsed":340,"timestamp":"2025-07-03T18:11:42.055Z"}
{"level":"info","message":"⌛ Building environment","timeElapsed":318,"timestamp":"2025-07-03T18:11:42.401Z"}
{"level":"info","message":"⌛ Validating mago.wlk","timeElapsed":346,"timestamp":"2025-07-03T18:11:42.765Z"}
{"level":"info","message":"⌛ Building environment","timeElapsed":264,"timestamp":"2025-07-03T18:11:43.035Z"}
{"level":"info","message":"⌛ Validating mago.wlk","timeElapsed":369,"timestamp":"2025-07-03T18:11:43.406Z"}
{"level":"info","message":"⌛ Building environment","timeElapsed":285,"timestamp":"2025-07-03T18:11:43.710Z"}
{"level":"info","message":"⌛ Building environment","timeElapsed":324,"timestamp":"2025-07-03T18:11:44.037Z"}
{"level":"info","message":"⌛ Validating mago.wlk","timeElapsed":349,"timestamp":"2025-07-03T18:11:44.421Z"}
{"level":"info","message":"⌛ Validating mago.wlk","timeElapsed":308,"timestamp":"2025-07-03T18:11:44.736Z"}
{"level":"info","message":"⌛ Validating mago.wlk","timeElapsed":319,"timestamp":"2025-07-03T18:11:45.055Z"}
{"level":"info","message":"⌛ Validating mago.wlk","timeElapsed":323,"timestamp":"2025-07-03T18:11:45.394Z"}
{"level":"info","message":"⌛ Validating mago.wlk","timeElapsed":314,"timestamp":"2025-07-03T18:11:45.716Z"}
{"level":"info","message":"⌛ Validating mago.wlk","timeElapsed":319,"timestamp":"2025-07-03T18:11:46.050Z"}
{"level":"info","message":"⌛ Validating mago.wlk","timeElapsed":318,"timestamp":"2025-07-03T18:11:46.370Z"}
{"level":"info","message":"⌛ Validating mago.wlk","timeElapsed":326,"timestamp":"2025-07-03T18:11:46.701Z"}
{"level":"info","message":"⌛ Validating mago.wlk","timeElapsed":346,"timestamp":"2025-07-03T18:11:47.050Z"}
{"level":"info","message":"⌛ Validating mago.wlk","timeElapsed":316,"timestamp":"2025-07-03T18:11:47.370Z"}
{"level":"info","message":"⌛ Validating mago.wlk","timeElapsed":312,"timestamp":"2025-07-03T18:11:47.693Z"}
{"level":"info","message":"⌛ Validating mago.wlk","timeElapsed":316,"timestamp":"2025-07-03T18:11:48.009Z"}
{"level":"info","message":"⌛ Validating mago.wlk","timeElapsed":314,"timestamp":"2025-07-03T18:11:48.328Z"}
{"level":"info","message":"⌛ Validating mago.wlk","timeElapsed":330,"timestamp":"2025-07-03T18:11:48.659Z"}
{"level":"info","message":"⌛ Validating mago.wlk","timeElapsed":322,"timestamp":"2025-07-03T18:11:48.982Z"}
{"level":"info","message":"⌛ Validating mago.wlk","timeElapsed":313,"timestamp":"2025-07-03T18:11:49.298Z"}
{"level":"info","message":"⌛ Validating mago.wlk","timeElapsed":330,"timestamp":"2025-07-03T18:11:49.632Z"}
{"level":"info","message":"⌛ Validating mago.wlk","timeElapsed":318,"timestamp":"2025-07-03T18:11:49.951Z"}
{"level":"info","message":"⌛ Validating mago.wlk","timeElapsed":315,"timestamp":"2025-07-03T18:11:50.270Z"}
{"level":"info","message":"⌛ Validating mago.wlk","timeElapsed":321,"timestamp":"2025-07-03T18:11:50.595Z"}
{"level":"info","message":"⌛ Validating mago.wlk","timeElapsed":325,"timestamp":"2025-07-03T18:11:50.936Z"}
{"level":"info","message":"⌛ Validating mago.wlk","timeElapsed":317,"timestamp":"2025-07-03T18:11:51.255Z"}
{"level":"info","message":"⌛ Validating mago.wlk","timeElapsed":320,"timestamp":"2025-07-03T18:11:51.577Z"}
{"level":"info","message":"⌛ Validating mago.wlk","timeElapsed":325,"timestamp":"2025-07-03T18:11:51.903Z"}
{"level":"info","message":"⌛ Validating mago.wlk","timeElapsed":307,"timestamp":"2025-07-03T18:11:52.227Z"}
{"level":"info","message":"⌛ Validating mago.wlk","timeElapsed":317,"timestamp":"2025-07-03T18:11:52.546Z"}
{"level":"info","message":"⌛ Validating mago.wlk","timeElapsed":583,"timestamp":"2025-07-03T18:11:53.164Z"}
{"level":"info","message":"⌛ Validating mago.wlk","timeElapsed":337,"timestamp":"2025-07-03T18:11:53.505Z"}
{"level":"info","message":"⌛ Validating mago.wlk","timeElapsed":313,"timestamp":"2025-07-03T18:11:53.822Z"}
{"level":"info","message":"⌛ Validating mago.wlk","timeElapsed":321,"timestamp":"2025-07-03T18:11:54.145Z"}
{"level":"info","message":"⌛ Validating mago.wlk","timeElapsed":324,"timestamp":"2025-07-03T18:11:54.473Z"}
{"level":"info","message":"⌛ Validating mago.wlk","timeElapsed":314,"timestamp":"2025-07-03T18:11:54.789Z"}
{"level":"info","message":"⌛ Validating mago.wlk","timeElapsed":320,"timestamp":"2025-07-03T18:11:55.114Z"}
{"level":"info","message":"⌛ Validating mago.wlk","timeElapsed":317,"timestamp":"2025-07-03T18:11:55.432Z"}
{"level":"info","message":"⌛ Validating mago.wlk","timeElapsed":314,"timestamp":"2025-07-03T18:11:55.748Z"}
{"level":"info","message":"⌛ Validating mago.wlk","timeElapsed":339,"timestamp":"2025-07-03T18:11:56.088Z"}
{"level":"info","message":"⌛ Validating mago.wlk","timeElapsed":317,"timestamp":"2025-07-03T18:11:56.406Z"}
{"level":"info","message":"⌛ Validating mago.wlk","timeElapsed":322,"timestamp":"2025-07-03T18:11:56.730Z"}
{"level":"info","message":"⌛ Validating mago.wlk","timeElapsed":316,"timestamp":"2025-07-03T18:11:57.050Z"}
{"level":"info","message":"⌛ Validating mago.wlk","timeElapsed":317,"timestamp":"2025-07-03T18:11:57.373Z"}
{"level":"info","message":"⌛ Validating mago.wlk","timeElapsed":328,"timestamp":"2025-07-03T18:11:57.706Z"}
{"level":"info","message":"⌛ Validating mago.wlk","timeElapsed":315,"timestamp":"2025-07-03T18:11:58.033Z"}
{"level":"info","message":"⌛ Validating mago.wlk","timeElapsed":336,"timestamp":"2025-07-03T18:11:58.373Z"}
{"level":"info","message":"⌛ Validating mago.wlk","timeElapsed":314,"timestamp":"2025-07-03T18:11:58.694Z"}
{"level":"info","message":"⌛ Validating mago.wlk","timeElapsed":349,"timestamp":"2025-07-03T18:11:59.044Z"}
{"level":"info","message":"⌛ Validating mago.wlk","timeElapsed":332,"timestamp":"2025-07-03T18:11:59.377Z"}
{"level":"info","message":"⌛ Validating mago.wlk","timeElapsed":336,"timestamp":"2025-07-03T18:11:59.714Z"}
{"level":"info","message":"⌛ Validating mago.wlk","timeElapsed":338,"timestamp":"2025-07-03T18:12:00.058Z"}
{"level":"info","message":"⌛ Validating mago.wlk","timeElapsed":330,"timestamp":"2025-07-03T18:12:00.391Z"}
{"level":"info","message":"⌛ Validating mago.wlk","timeElapsed":327,"timestamp":"2025-07-03T18:12:00.724Z"}
{"level":"info","message":"⌛ Validating mago.wlk","timeElapsed":337,"timestamp":"2025-07-03T18:12:01.063Z"}
{"level":"info","message":"⌛ Validating mago.wlk","timeElapsed":332,"timestamp":"2025-07-03T18:12:01.397Z"}
{"level":"info","message":"⌛ Validating mago.wlk","timeElapsed":319,"timestamp":"2025-07-03T18:12:01.722Z"}
{"level":"info","message":"⌛ Validating mago.wlk","timeElapsed":324,"timestamp":"2025-07-03T18:12:02.047Z"}
{"level":"info","message":"⌛ Validating mago.wlk","timeElapsed":330,"timestamp":"2025-07-03T18:12:02.383Z"}
{"level":"info","message":"⌛ Validating mago.wlk","timeElapsed":328,"timestamp":"2025-07-03T18:12:02.711Z"}
{"level":"info","message":"⌛ Validating mago.wlk","timeElapsed":347,"timestamp":"2025-07-03T18:12:03.061Z"}
{"level":"info","message":"⌛ Validating mago.wlk","timeElapsed":331,"timestamp":"2025-07-03T18:12:03.393Z"}
{"level":"info","message":"⌛ Validating mago.wlk","timeElapsed":326,"timestamp":"2025-07-03T18:12:03.720Z"}
{"level":"info","message":"⌛ Validating mago.wlk","timeElapsed":333,"timestamp":"2025-07-03T18:12:04.054Z"}
{"level":"info","message":"⌛ Validating mago.wlk","timeElapsed":353,"timestamp":"2025-07-03T18:12:04.408Z"}
{"level":"info","message":"⌛ Validating mago.wlk","timeElapsed":310,"timestamp":"2025-07-03T18:12:04.720Z"}
{"level":"info","message":"⌛ Validating mago.wlk","timeElapsed":336,"timestamp":"2025-07-03T18:12:05.059Z"}
{"level":"info","message":"⌛ Validating mago.wlk","timeElapsed":333,"timestamp":"2025-07-03T18:12:05.394Z"}
{"level":"info","message":"⌛ Validating mago.wlk","timeElapsed":328,"timestamp":"2025-07-03T18:12:05.725Z"}
{"level":"info","message":"⌛ Validating mago.wlk","timeElapsed":313,"timestamp":"2025-07-03T18:12:06.041Z"}
{"level":"info","message":"⌛ Validating mago.wlk","timeElapsed":325,"timestamp":"2025-07-03T18:12:06.379Z"}
{"level":"info","message":"⌛ Validating mago.wlk","timeElapsed":317,"timestamp":"2025-07-03T18:12:06.700Z"}
{"level":"info","message":"⌛ Validating mago.wlk","timeElapsed":318,"timestamp":"2025-07-03T18:12:07.020Z"}
{"level":"info","message":"⌛ Validating mago.wlk","timeElapsed":313,"timestamp":"2025-07-03T18:12:07.334Z"}
{"level":"info","message":"⌛ Validating mago.wlk","timeElapsed":316,"timestamp":"2025-07-03T18:12:07.655Z"}
{"level":"info","message":"⌛ Validating mago.wlk","timeElapsed":338,"timestamp":"2025-07-03T18:12:07.997Z"}
{"level":"info","message":"⌛ Validating mago.wlk","timeElapsed":324,"timestamp":"2025-07-03T18:12:08.325Z"}
{"level":"info","message":"⌛ Validating mago.wlk","timeElapsed":325,"timestamp":"2025-07-03T18:12:08.654Z"}
{"level":"info","message":"⌛ Validating mago.wlk","timeElapsed":345,"timestamp":"2025-07-03T18:12:09.002Z"}
{"level":"info","message":"⌛ Validating mago.wlk","timeElapsed":344,"timestamp":"2025-07-03T18:12:09.347Z"}
{"level":"info","message":"⌛ Validating mago.wlk","timeElapsed":352,"timestamp":"2025-07-03T18:12:09.701Z"}
{"level":"info","message":"⌛ Validating mago.wlk","timeElapsed":334,"timestamp":"2025-07-03T18:12:10.036Z"}
{"level":"info","message":"⌛ Validating mago.wlk","timeElapsed":340,"timestamp":"2025-07-03T18:12:10.378Z"}
{"level":"info","message":"⌛ Validating mago.wlk","timeElapsed":410,"timestamp":"2025-07-03T18:12:10.802Z"}
{"level":"info","message":"⌛ Validating mago.wlk","timeElapsed":424,"timestamp":"2025-07-03T18:12:11.227Z"}
{"level":"info","message":"⌛ Validating mago.wlk","timeElapsed":391,"timestamp":"2025-07-03T18:12:11.621Z"}
{"level":"info","message":"⌛ Validating mago.wlk","timeElapsed":363,"timestamp":"2025-07-03T18:12:11.985Z"}
{"level":"info","message":"⌛ Building environment","timeElapsed":394,"timestamp":"2025-07-03T18:12:12.635Z"}
{"level":"info","message":"⌛ Building environment","timeElapsed":730,"timestamp":"2025-07-03T18:12:13.393Z"}
{"level":"info","message":"⌛ Building environment","timeElapsed":1149,"timestamp":"2025-07-03T18:12:14.663Z"}
{"level":"info","message":"⌛ Building environment","timeElapsed":323,"timestamp":"2025-07-03T18:12:14.989Z"}
{"level":"info","message":"⌛ Building environment","timeElapsed":326,"timestamp":"2025-07-03T18:12:15.321Z"}
{"level":"info","message":"⌛ Building environment","timeElapsed":305,"timestamp":"2025-07-03T18:12:15.629Z"}
{"level":"info","message":"⌛ Building environment","timeElapsed":275,"timestamp":"2025-07-03T18:12:15.976Z"}
{"level":"info","message":"⌛ Building environment","timeElapsed":239,"timestamp":"2025-07-03T18:12:16.217Z"}
{"level":"info","message":"⌛ Building environment","timeElapsed":333,"timestamp":"2025-07-03T18:12:16.599Z"}
{"level":"info","message":"⌛ Building environment","timeElapsed":230,"timestamp":"2025-07-03T18:12:16.876Z"}
{"level":"info","message":"⌛ Building environment","timeElapsed":254,"timestamp":"2025-07-03T18:12:17.177Z"}
{"level":"info","message":"⌛ Building environment","timeElapsed":239,"timestamp":"2025-07-03T18:12:17.464Z"}
{"level":"error","message":"✘ Failed to rebuild document Failed to parse administradorDeHechizos.wlk: \n-- PARSING FAILED --------------------------------------------------\n\n  59 |         nombreHechizo = 0\n  60 |         hechizos = []\n> 61 |     }\n     |     ^\n  62 | }\n  63 | \n\nExpected one of the following: \n\n'@', 'class', 'const', 'describe', 'mixin', 'object', 'only', 'package', 'program', 'test', 'var', '{', EOF, comment, not \"}\r\n\", whitespace\n","stack":"Error: Failed to parse administradorDeHechizos.wlk: \n-- PARSING FAILED --------------------------------------------------\n\n  59 |         nombreHechizo = 0\n  60 |         hechizos = []\n> 61 |     }\n     |     ^\n  62 | }\n  63 | \n\nExpected one of the following: \n\n'@', 'class', 'const', 'describe', 'mixin', 'object', 'only', 'package', 'program', 'test', 'var', '{', EOF, comment, not \"}\r\n\", whitespace\n\n    at c:\\Users\\LUZ RAMIREZ\\.vscode\\extensions\\uqbar.wollok-lsp-ide-0.5.2\\out\\server\\src\\server.js:2326:13026\n    at Array.map (<anonymous>)\n    at D1n (c:\\Users\\LUZ RAMIREZ\\.vscode\\extensions\\uqbar.wollok-lsp-ide-0.5.2\\out\\server\\src\\server.js:2326:12950)\n    at W2.buildEnvironmentFrom (c:\\Users\\LUZ RAMIREZ\\.vscode\\extensions\\uqbar.wollok-lsp-ide-0.5.2\\out\\server\\src\\server.js:2371:5254)\n    at W2.updateEnvironmentWith (c:\\Users\\LUZ RAMIREZ\\.vscode\\extensions\\uqbar.wollok-lsp-ide-0.5.2\\out\\server\\src\\server.js:2371:4989)\n    at GF (c:\\Users\\LUZ RAMIREZ\\.vscode\\extensions\\uqbar.wollok-lsp-ide-0.5.2\\out\\server\\src\\server.js:2371:7383)\n    at L3.invoke (c:\\Users\\LUZ RAMIREZ\\.vscode\\extensions\\uqbar.wollok-lsp-ide-0.5.2\\out\\server\\src\\server.js:3:157326)\n    at o.fire (c:\\Users\\LUZ RAMIREZ\\.vscode\\extensions\\uqbar.wollok-lsp-ide-0.5.2\\out\\server\\src\\server.js:3:158096)\n    at c:\\Users\\LUZ RAMIREZ\\.vscode\\extensions\\uqbar.wollok-lsp-ide-0.5.2\\out\\server\\src\\server.js:37:57871\n    at Kr (c:\\Users\\LUZ RAMIREZ\\.vscode\\extensions\\uqbar.wollok-lsp-ide-0.5.2\\out\\server\\src\\server.js:8:1561)","timestamp":"2025-07-03T18:12:17.728Z"}
{"level":"info","message":"⌛ Building environment","timeElapsed":610,"timestamp":"2025-07-03T18:12:18.340Z"}
{"level":"info","message":"⌛ Validating administradorDeHechizos.wlk","timeElapsed":399,"timestamp":"2025-07-03T18:12:18.740Z"}
{"level":"info","message":"⌛ Building environment","timeElapsed":270,"timestamp":"2025-07-03T18:12:19.030Z"}
{"level":"info","message":"⌛ Building environment","timeElapsed":250,"timestamp":"2025-07-03T18:12:19.313Z"}
{"level":"info","message":"⌛ Building environment","timeElapsed":239,"timestamp":"2025-07-03T18:12:19.605Z"}
{"level":"info","message":"⌛ Building environment","timeElapsed":489,"timestamp":"2025-07-03T18:12:20.143Z"}
{"level":"info","message":"⌛ Validating administradorDeHechizos.wlk","timeElapsed":336,"timestamp":"2025-07-03T18:12:20.529Z"}
{"level":"info","message":"⌛ Building environment","timeElapsed":276,"timestamp":"2025-07-03T18:12:20.807Z"}
{"level":"info","message":"⌛ Building environment","timeElapsed":288,"timestamp":"2025-07-03T18:12:21.099Z"}
{"level":"info","message":"⌛ Building environment","timeElapsed":290,"timestamp":"2025-07-03T18:12:21.394Z"}
{"level":"info","message":"⌛ Building environment","timeElapsed":324,"timestamp":"2025-07-03T18:12:21.720Z"}
{"level":"info","message":"⌛ Building environment","timeElapsed":278,"timestamp":"2025-07-03T18:12:22.027Z"}
{"level":"info","message":"⌛ Validating administradorDeHechizos.wlk","timeElapsed":343,"timestamp":"2025-07-03T18:12:22.373Z"}
{"level":"info","message":"⌛ Validating administradorDeHechizos.wlk","timeElapsed":329,"timestamp":"2025-07-03T18:12:22.720Z"}
{"level":"info","message":"⌛ Validating administradorDeHechizos.wlk","timeElapsed":319,"timestamp":"2025-07-03T18:12:23.041Z"}
{"level":"info","message":"⌛ Validating administradorDeHechizos.wlk","timeElapsed":312,"timestamp":"2025-07-03T18:12:23.356Z"}
{"level":"info","message":"⌛ Validating administradorDeHechizos.wlk","timeElapsed":318,"timestamp":"2025-07-03T18:12:23.675Z"}
{"level":"info","message":"⌛ Validating administradorDeHechizos.wlk","timeElapsed":321,"timestamp":"2025-07-03T18:12:23.999Z"}
{"level":"info","message":"⌛ Validating administradorDeHechizos.wlk","timeElapsed":336,"timestamp":"2025-07-03T18:12:24.336Z"}
{"level":"info","message":"⌛ Validating administradorDeHechizos.wlk","timeElapsed":309,"timestamp":"2025-07-03T18:12:24.648Z"}
{"level":"info","message":"⌛ Validating administradorDeHechizos.wlk","timeElapsed":305,"timestamp":"2025-07-03T18:12:24.955Z"}
{"level":"info","message":"⌛ Validating administradorDeHechizos.wlk","timeElapsed":340,"timestamp":"2025-07-03T18:12:25.297Z"}
{"level":"info","message":"⌛ Validating administradorDeHechizos.wlk","timeElapsed":311,"timestamp":"2025-07-03T18:12:25.619Z"}
{"level":"info","message":"⌛ Validating administradorDeHechizos.wlk","timeElapsed":320,"timestamp":"2025-07-03T18:12:25.970Z"}
{"level":"info","message":"⌛ Validating administradorDeHechizos.wlk","timeElapsed":552,"timestamp":"2025-07-03T18:12:26.587Z"}
{"level":"info","message":"⌛ Validating administradorDeHechizos.wlk","timeElapsed":330,"timestamp":"2025-07-03T18:12:26.939Z"}
{"level":"info","message":"⌛ Validating administradorDeHechizos.wlk","timeElapsed":338,"timestamp":"2025-07-03T18:12:27.277Z"}
{"level":"info","message":"⌛ Validating administradorDeHechizos.wlk","timeElapsed":333,"timestamp":"2025-07-03T18:12:27.612Z"}
{"level":"info","message":"⌛ Validating administradorDeHechizos.wlk","timeElapsed":334,"timestamp":"2025-07-03T18:12:27.948Z"}
{"level":"info","message":"⌛ Validating administradorDeHechizos.wlk","timeElapsed":322,"timestamp":"2025-07-03T18:12:28.275Z"}
{"level":"info","message":"⌛ Validating administradorDeHechizos.wlk","timeElapsed":336,"timestamp":"2025-07-03T18:12:28.612Z"}
{"level":"info","message":"⌛ Validating administradorDeHechizos.wlk","timeElapsed":312,"timestamp":"2025-07-03T18:12:28.927Z"}
{"level":"info","message":"⌛ Building environment","timeElapsed":556,"timestamp":"2025-07-03T18:14:26.736Z"}
{"level":"info","message":"⌛ Building environment","timeElapsed":338,"timestamp":"2025-07-03T18:14:27.229Z"}
{"level":"info","message":"⌛ Validating administradorDeHechizos.wlk","timeElapsed":765,"timestamp":"2025-07-03T18:14:27.997Z"}
{"level":"info","message":"⌛ Validating administradorDeHechizos.wlk","timeElapsed":489,"timestamp":"2025-07-03T18:14:28.736Z"}
{"level":"info","message":"⌛ Building environment","timeElapsed":416,"timestamp":"2025-07-03T18:14:29.153Z"}
{"level":"info","message":"⌛ Autocomplete - Reference","timeElapsed":167,"timestamp":"2025-07-03T18:14:29.401Z"}
{"level":"info","message":"⌛ Building environment","timeElapsed":479,"timestamp":"2025-07-03T18:14:29.884Z"}
{"level":"info","message":"⌛ Building environment","timeElapsed":437,"timestamp":"2025-07-03T18:14:30.353Z"}
{"level":"info","message":"⌛ Building environment","timeElapsed":321,"timestamp":"2025-07-03T18:14:30.752Z"}
{"level":"info","message":"⌛ Building environment","timeElapsed":429,"timestamp":"2025-07-03T18:14:31.328Z"}
{"level":"info","message":"⌛ Building environment","timeElapsed":395,"timestamp":"2025-07-03T18:14:32.054Z"}
{"level":"info","message":"⌛ Validating administradorDeHechizos.wlk","timeElapsed":541,"timestamp":"2025-07-03T18:14:32.661Z"}
{"level":"info","message":"⌛ Building environment","timeElapsed":373,"timestamp":"2025-07-03T18:14:33.043Z"}
{"level":"info","message":"⌛ Building environment","timeElapsed":397,"timestamp":"2025-07-03T18:14:33.444Z"}
{"level":"info","message":"⌛ Building environment","timeElapsed":548,"timestamp":"2025-07-03T18:14:33.995Z"}
{"level":"info","message":"⌛ Building environment","timeElapsed":809,"timestamp":"2025-07-03T18:14:34.859Z"}
{"level":"info","message":"⌛ Building environment","timeElapsed":724,"timestamp":"2025-07-03T18:14:35.588Z"}
{"level":"info","message":"⌛ Validating administradorDeHechizos.wlk","timeElapsed":638,"timestamp":"2025-07-03T18:14:36.235Z"}
{"level":"info","message":"⌛ Building environment","timeElapsed":314,"timestamp":"2025-07-03T18:14:36.553Z"}
{"level":"info","message":"⌛ Building environment","timeElapsed":327,"timestamp":"2025-07-03T18:14:36.882Z"}
{"level":"info","message":"⌛ Building environment","timeElapsed":370,"timestamp":"2025-07-03T18:14:37.255Z"}
{"level":"info","message":"⌛ Autocomplete - Reference","timeElapsed":102,"timestamp":"2025-07-03T18:14:37.385Z"}
{"level":"info","message":"⌛ Validating administradorDeHechizos.wlk","timeElapsed":848,"timestamp":"2025-07-03T18:14:38.285Z"}
{"level":"info","message":"⌛ Validating administradorDeHechizos.wlk","timeElapsed":480,"timestamp":"2025-07-03T18:14:38.781Z"}
{"level":"info","message":"⌛ Building environment","timeElapsed":354,"timestamp":"2025-07-03T18:14:39.141Z"}
{"level":"info","message":"⌛ Building environment","timeElapsed":491,"timestamp":"2025-07-03T18:14:39.634Z"}
{"level":"info","message":"⌛ Building environment","timeElapsed":333,"timestamp":"2025-07-03T18:14:39.975Z"}
{"level":"info","message":"⌛ Building environment","timeElapsed":292,"timestamp":"2025-07-03T18:14:40.270Z"}
{"level":"info","message":"⌛ Validating administradorDeHechizos.wlk","timeElapsed":342,"timestamp":"2025-07-03T18:14:40.617Z"}
{"level":"info","message":"⌛ Building environment","timeElapsed":290,"timestamp":"2025-07-03T18:14:40.913Z"}
{"level":"info","message":"⌛ Building environment","timeElapsed":292,"timestamp":"2025-07-03T18:14:41.210Z"}
{"level":"info","message":"⌛ Building environment","timeElapsed":281,"timestamp":"2025-07-03T18:14:41.516Z"}
{"level":"info","message":"⌛ Building environment","timeElapsed":285,"timestamp":"2025-07-03T18:14:41.804Z"}
{"level":"info","message":"⌛ Building environment","timeElapsed":289,"timestamp":"2025-07-03T18:14:42.099Z"}
{"level":"info","message":"⌛ Validating administradorDeHechizos.wlk","timeElapsed":786,"timestamp":"2025-07-03T18:14:42.946Z"}
{"level":"info","message":"⌛ Building environment","timeElapsed":636,"timestamp":"2025-07-03T18:14:43.585Z"}
{"level":"info","message":"⌛ Building environment","timeElapsed":366,"timestamp":"2025-07-03T18:14:43.953Z"}
{"level":"info","message":"⌛ Building environment","timeElapsed":420,"timestamp":"2025-07-03T18:14:44.379Z"}
{"level":"info","message":"⌛ Building environment","timeElapsed":611,"timestamp":"2025-07-03T18:14:44.993Z"}
{"level":"info","message":"⌛ Building environment","timeElapsed":318,"timestamp":"2025-07-03T18:14:45.314Z"}
{"level":"info","message":"⌛ Building environment","timeElapsed":351,"timestamp":"2025-07-03T18:14:45.669Z"}
{"level":"info","message":"⌛ Validating administradorDeHechizos.wlk","timeElapsed":367,"timestamp":"2025-07-03T18:14:46.042Z"}
{"level":"info","message":"⌛ Building environment","timeElapsed":257,"timestamp":"2025-07-03T18:14:46.303Z"}
{"level":"info","message":"⌛ Building environment","timeElapsed":341,"timestamp":"2025-07-03T18:14:46.650Z"}
{"level":"info","message":"⌛ Building environment","timeElapsed":340,"timestamp":"2025-07-03T18:14:46.994Z"}
{"level":"info","message":"⌛ Validating administradorDeHechizos.wlk","timeElapsed":500,"timestamp":"2025-07-03T18:14:47.498Z"}
{"level":"info","message":"⌛ Building environment","timeElapsed":317,"timestamp":"2025-07-03T18:14:47.842Z"}
{"level":"info","message":"⌛ Building environment","timeElapsed":300,"timestamp":"2025-07-03T18:14:48.146Z"}
{"level":"info","message":"⌛ Building environment","timeElapsed":294,"timestamp":"2025-07-03T18:14:48.443Z"}
{"level":"info","message":"⌛ Building environment","timeElapsed":301,"timestamp":"2025-07-03T18:14:48.748Z"}
{"level":"info","message":"⌛ Validating administradorDeHechizos.wlk","timeElapsed":425,"timestamp":"2025-07-03T18:14:49.178Z"}
{"level":"info","message":"⌛ Building environment","timeElapsed":321,"timestamp":"2025-07-03T18:14:49.531Z"}
{"level":"info","message":"⌛ Building environment","timeElapsed":294,"timestamp":"2025-07-03T18:14:50.001Z"}
{"level":"info","message":"⌛ Building environment","timeElapsed":284,"timestamp":"2025-07-03T18:14:50.292Z"}
{"level":"info","message":"⌛ Building environment","timeElapsed":289,"timestamp":"2025-07-03T18:14:50.584Z"}
{"level":"info","message":"⌛ Validating administradorDeHechizos.wlk","timeElapsed":363,"timestamp":"2025-07-03T18:14:50.948Z"}
{"level":"info","message":"⌛ Validating administradorDeHechizos.wlk","timeElapsed":350,"timestamp":"2025-07-03T18:14:51.319Z"}
{"level":"info","message":"⌛ Validating administradorDeHechizos.wlk","timeElapsed":344,"timestamp":"2025-07-03T18:14:51.674Z"}
{"level":"info","message":"⌛ Validating administradorDeHechizos.wlk","timeElapsed":322,"timestamp":"2025-07-03T18:14:51.997Z"}
{"level":"info","message":"⌛ Validating administradorDeHechizos.wlk","timeElapsed":359,"timestamp":"2025-07-03T18:14:52.358Z"}
{"level":"info","message":"⌛ Validating administradorDeHechizos.wlk","timeElapsed":404,"timestamp":"2025-07-03T18:14:52.785Z"}
{"level":"info","message":"⌛ Validating administradorDeHechizos.wlk","timeElapsed":311,"timestamp":"2025-07-03T18:14:53.101Z"}
{"level":"info","message":"⌛ Validating administradorDeHechizos.wlk","timeElapsed":384,"timestamp":"2025-07-03T18:14:53.490Z"}
{"level":"info","message":"⌛ Validating administradorDeHechizos.wlk","timeElapsed":430,"timestamp":"2025-07-03T18:14:54.519Z"}
{"level":"info","message":"⌛ Validating administradorDeHechizos.wlk","timeElapsed":340,"timestamp":"2025-07-03T18:14:54.860Z"}
{"level":"info","message":"⌛ Validating administradorDeHechizos.wlk","timeElapsed":322,"timestamp":"2025-07-03T18:14:55.187Z"}
{"level":"info","message":"⌛ Validating administradorDeHechizos.wlk","timeElapsed":459,"timestamp":"2025-07-03T18:14:55.649Z"}
{"level":"info","message":"⌛ Validating administradorDeHechizos.wlk","timeElapsed":419,"timestamp":"2025-07-03T18:14:56.069Z"}
{"level":"info","message":"⌛ Validating administradorDeHechizos.wlk","timeElapsed":429,"timestamp":"2025-07-03T18:14:56.505Z"}
{"level":"info","message":"⌛ Validating administradorDeHechizos.wlk","timeElapsed":370,"timestamp":"2025-07-03T18:14:56.940Z"}
{"level":"info","message":"⌛ Validating administradorDeHechizos.wlk","timeElapsed":743,"timestamp":"2025-07-03T18:14:57.688Z"}
{"level":"info","message":"⌛ Validating administradorDeHechizos.wlk","timeElapsed":404,"timestamp":"2025-07-03T18:14:58.165Z"}
{"level":"info","message":"⌛ Validating administradorDeHechizos.wlk","timeElapsed":343,"timestamp":"2025-07-03T18:14:58.687Z"}
{"level":"info","message":"⌛ Validating administradorDeHechizos.wlk","timeElapsed":354,"timestamp":"2025-07-03T18:14:59.042Z"}
{"level":"info","message":"⌛ Validating administradorDeHechizos.wlk","timeElapsed":410,"timestamp":"2025-07-03T18:14:59.455Z"}
{"level":"info","message":"⌛ Validating administradorDeHechizos.wlk","timeElapsed":363,"timestamp":"2025-07-03T18:14:59.885Z"}
{"level":"info","message":"⌛ Validating administradorDeHechizos.wlk","timeElapsed":320,"timestamp":"2025-07-03T18:15:00.206Z"}
{"level":"info","message":"⌛ Validating administradorDeHechizos.wlk","timeElapsed":377,"timestamp":"2025-07-03T18:15:00.586Z"}
{"level":"info","message":"⌛ Validating administradorDeHechizos.wlk","timeElapsed":327,"timestamp":"2025-07-03T18:15:00.916Z"}
{"level":"info","message":"⌛ Validating administradorDeHechizos.wlk","timeElapsed":321,"timestamp":"2025-07-03T18:15:01.241Z"}
{"level":"info","message":"⌛ Validating administradorDeHechizos.wlk","timeElapsed":313,"timestamp":"2025-07-03T18:15:01.557Z"}
{"level":"info","message":"⌛ Validating administradorDeHechizos.wlk","timeElapsed":311,"timestamp":"2025-07-03T18:15:01.874Z"}
{"level":"info","message":"⌛ Validating administradorDeHechizos.wlk","timeElapsed":311,"timestamp":"2025-07-03T18:15:02.186Z"}
{"level":"info","message":"⌛ Validating administradorDeHechizos.wlk","timeElapsed":325,"timestamp":"2025-07-03T18:15:02.530Z"}
{"level":"info","message":"⌛ Validating administradorDeHechizos.wlk","timeElapsed":369,"timestamp":"2025-07-03T18:15:02.900Z"}
{"level":"info","message":"⌛ Validating administradorDeHechizos.wlk","timeElapsed":343,"timestamp":"2025-07-03T18:15:03.245Z"}
{"level":"error","message":"✘ Failed to rebuild document Failed to parse enemigos.wlk: \n-- PARSING FAILED --------------------------------------------------\n\n  41 |             self.eliminar()\n  42 |         }\n> 43 |     }\n     |     ^\n  44 | \n  45 |     method lanzarAtaque() {\n\nExpected one of the following: \n\n'@', 'class', 'const', 'describe', 'mixin', 'object', 'only', 'package', 'program', 'test', 'var', '{', EOF, comment, not \"}\r\n\r\n    \", whitespace\n","stack":"Error: Failed to parse enemigos.wlk: \n-- PARSING FAILED --------------------------------------------------\n\n  41 |             self.eliminar()\n  42 |         }\n> 43 |     }\n     |     ^\n  44 | \n  45 |     method lanzarAtaque() {\n\nExpected one of the following: \n\n'@', 'class', 'const', 'describe', 'mixin', 'object', 'only', 'package', 'program', 'test', 'var', '{', EOF, comment, not \"}\r\n\r\n    \", whitespace\n\n    at c:\\Users\\LUZ RAMIREZ\\.vscode\\extensions\\uqbar.wollok-lsp-ide-0.5.2\\out\\server\\src\\server.js:2326:13026\n    at Array.map (<anonymous>)\n    at D1n (c:\\Users\\LUZ RAMIREZ\\.vscode\\extensions\\uqbar.wollok-lsp-ide-0.5.2\\out\\server\\src\\server.js:2326:12950)\n    at W2.buildEnvironmentFrom (c:\\Users\\LUZ RAMIREZ\\.vscode\\extensions\\uqbar.wollok-lsp-ide-0.5.2\\out\\server\\src\\server.js:2371:5254)\n    at W2.updateEnvironmentWith (c:\\Users\\LUZ RAMIREZ\\.vscode\\extensions\\uqbar.wollok-lsp-ide-0.5.2\\out\\server\\src\\server.js:2371:4989)\n    at GF (c:\\Users\\LUZ RAMIREZ\\.vscode\\extensions\\uqbar.wollok-lsp-ide-0.5.2\\out\\server\\src\\server.js:2371:7383)\n    at L3.invoke (c:\\Users\\LUZ RAMIREZ\\.vscode\\extensions\\uqbar.wollok-lsp-ide-0.5.2\\out\\server\\src\\server.js:3:157326)\n    at o.fire (c:\\Users\\LUZ RAMIREZ\\.vscode\\extensions\\uqbar.wollok-lsp-ide-0.5.2\\out\\server\\src\\server.js:3:158096)\n    at c:\\Users\\LUZ RAMIREZ\\.vscode\\extensions\\uqbar.wollok-lsp-ide-0.5.2\\out\\server\\src\\server.js:37:57871\n    at Kr (c:\\Users\\LUZ RAMIREZ\\.vscode\\extensions\\uqbar.wollok-lsp-ide-0.5.2\\out\\server\\src\\server.js:8:1561)","timestamp":"2025-07-03T18:15:03.825Z"}
{"level":"info","message":"⌛ Building environment","timeElapsed":460,"timestamp":"2025-07-03T18:15:04.298Z"}
{"level":"error","message":"✘ Completions for node Send ([19:17, 19:25] - enemigos.wlk) failed: Error: [Send]{69aabd} at enemigos.wlk:19 exhausted all cases without a match [Send]{69aabd} at enemigos.wlk:19 exhausted all cases without a match","stack":"Error: [Send]{69aabd} at enemigos.wlk:19 exhausted all cases without a match\n    at c:\\Users\\LUZ RAMIREZ\\.vscode\\extensions\\uqbar.wollok-lsp-ide-0.5.2\\out\\server\\src\\server.js:38:6142\n    at C2 (c:\\Users\\LUZ RAMIREZ\\.vscode\\extensions\\uqbar.wollok-lsp-ide-0.5.2\\out\\server\\src\\server.js:2362:42)\n    at c:\\Users\\LUZ RAMIREZ\\.vscode\\extensions\\uqbar.wollok-lsp-ide-0.5.2\\out\\server\\src\\server.js:2362:2988\n    at c:\\Users\\LUZ RAMIREZ\\.vscode\\extensions\\uqbar.wollok-lsp-ide-0.5.2\\out\\server\\src\\server.js:2371:8440\n    at c:\\Users\\LUZ RAMIREZ\\.vscode\\extensions\\uqbar.wollok-lsp-ide-0.5.2\\out\\server\\src\\server.js:37:74872\n    at Ye (c:\\Users\\LUZ RAMIREZ\\.vscode\\extensions\\uqbar.wollok-lsp-ide-0.5.2\\out\\server\\src\\server.js:7:8527)\n    at Dt (c:\\Users\\LUZ RAMIREZ\\.vscode\\extensions\\uqbar.wollok-lsp-ide-0.5.2\\out\\server\\src\\server.js:7:6189)\n    at Zi (c:\\Users\\LUZ RAMIREZ\\.vscode\\extensions\\uqbar.wollok-lsp-ide-0.5.2\\out\\server\\src\\server.js:7:6378)\n    at Immediate._onImmediate (c:\\Users\\LUZ RAMIREZ\\.vscode\\extensions\\uqbar.wollok-lsp-ide-0.5.2\\out\\server\\src\\server.js:7:6142)\n    at process.processImmediate (node:internal/timers:485:21)","timestamp":"2025-07-03T18:15:04.382Z"}
{"level":"error","message":"✘ Completions for node Send ([19:13, 19:25] - enemigos.wlk) failed: Error: [Send]{798d45} at enemigos.wlk:19 exhausted all cases without a match [Send]{798d45} at enemigos.wlk:19 exhausted all cases without a match","stack":"Error: [Send]{798d45} at enemigos.wlk:19 exhausted all cases without a match\n    at c:\\Users\\LUZ RAMIREZ\\.vscode\\extensions\\uqbar.wollok-lsp-ide-0.5.2\\out\\server\\src\\server.js:38:6142\n    at C2 (c:\\Users\\LUZ RAMIREZ\\.vscode\\extensions\\uqbar.wollok-lsp-ide-0.5.2\\out\\server\\src\\server.js:2362:42)\n    at Gh (c:\\Users\\LUZ RAMIREZ\\.vscode\\extensions\\uqbar.wollok-lsp-ide-0.5.2\\out\\server\\src\\server.js:2362:1092)\n    at C2 (c:\\Users\\LUZ RAMIREZ\\.vscode\\extensions\\uqbar.wollok-lsp-ide-0.5.2\\out\\server\\src\\server.js:2362:544)\n    at c:\\Users\\LUZ RAMIREZ\\.vscode\\extensions\\uqbar.wollok-lsp-ide-0.5.2\\out\\server\\src\\server.js:2362:2988\n    at c:\\Users\\LUZ RAMIREZ\\.vscode\\extensions\\uqbar.wollok-lsp-ide-0.5.2\\out\\server\\src\\server.js:2371:8440\n    at c:\\Users\\LUZ RAMIREZ\\.vscode\\extensions\\uqbar.wollok-lsp-ide-0.5.2\\out\\server\\src\\server.js:37:74872\n    at Ye (c:\\Users\\LUZ RAMIREZ\\.vscode\\extensions\\uqbar.wollok-lsp-ide-0.5.2\\out\\server\\src\\server.js:7:8527)\n    at Dt (c:\\Users\\LUZ RAMIREZ\\.vscode\\extensions\\uqbar.wollok-lsp-ide-0.5.2\\out\\server\\src\\server.js:7:6189)\n    at Zi (c:\\Users\\LUZ RAMIREZ\\.vscode\\extensions\\uqbar.wollok-lsp-ide-0.5.2\\out\\server\\src\\server.js:7:6378)","timestamp":"2025-07-03T18:15:04.383Z"}
{"level":"error","message":"✘ Completions for node If ([19:9, 27:10] - enemigos.wlk) failed: Error: [If]{058a86} at enemigos.wlk:19 exhausted all cases without a match [If]{058a86} at enemigos.wlk:19 exhausted all cases without a match","stack":"Error: [If]{058a86} at enemigos.wlk:19 exhausted all cases without a match\n    at c:\\Users\\LUZ RAMIREZ\\.vscode\\extensions\\uqbar.wollok-lsp-ide-0.5.2\\out\\server\\src\\server.js:38:6142\n    at C2 (c:\\Users\\LUZ RAMIREZ\\.vscode\\extensions\\uqbar.wollok-lsp-ide-0.5.2\\out\\server\\src\\server.js:2362:42)\n    at Gh (c:\\Users\\LUZ RAMIREZ\\.vscode\\extensions\\uqbar.wollok-lsp-ide-0.5.2\\out\\server\\src\\server.js:2362:1092)\n    at C2 (c:\\Users\\LUZ RAMIREZ\\.vscode\\extensions\\uqbar.wollok-lsp-ide-0.5.2\\out\\server\\src\\server.js:2362:544)\n    at Gh (c:\\Users\\LUZ RAMIREZ\\.vscode\\extensions\\uqbar.wollok-lsp-ide-0.5.2\\out\\server\\src\\server.js:2362:1092)\n    at C2 (c:\\Users\\LUZ RAMIREZ\\.vscode\\extensions\\uqbar.wollok-lsp-ide-0.5.2\\out\\server\\src\\server.js:2362:544)\n    at c:\\Users\\LUZ RAMIREZ\\.vscode\\extensions\\uqbar.wollok-lsp-ide-0.5.2\\out\\server\\src\\server.js:2362:2988\n    at c:\\Users\\LUZ RAMIREZ\\.vscode\\extensions\\uqbar.wollok-lsp-ide-0.5.2\\out\\server\\src\\server.js:2371:8440\n    at c:\\Users\\LUZ RAMIREZ\\.vscode\\extensions\\uqbar.wollok-lsp-ide-0.5.2\\out\\server\\src\\server.js:37:74872\n    at Ye (c:\\Users\\LUZ RAMIREZ\\.vscode\\extensions\\uqbar.wollok-lsp-ide-0.5.2\\out\\server\\src\\server.js:7:8527)","timestamp":"2025-07-03T18:15:04.384Z"}
{"level":"error","message":"✘ Failed to rebuild document Failed to parse enemigos.wlk: \n-- PARSING FAILED --------------------------------------------------\n\n  41 |             self.eliminar()\n  42 |         }\n> 43 |     }\n     |     ^\n  44 | \n  45 |     method lanzarAtaque() {\n\nExpected one of the following: \n\n'@', 'class', 'const', 'describe', 'mixin', 'object', 'only', 'package', 'program', 'test', 'var', '{', EOF, comment, not \"}\r\n\r\n    \", whitespace\n","stack":"Error: Failed to parse enemigos.wlk: \n-- PARSING FAILED --------------------------------------------------\n\n  41 |             self.eliminar()\n  42 |         }\n> 43 |     }\n     |     ^\n  44 | \n  45 |     method lanzarAtaque() {\n\nExpected one of the following: \n\n'@', 'class', 'const', 'describe', 'mixin', 'object', 'only', 'package', 'program', 'test', 'var', '{', EOF, comment, not \"}\r\n\r\n    \", whitespace\n\n    at c:\\Users\\LUZ RAMIREZ\\.vscode\\extensions\\uqbar.wollok-lsp-ide-0.5.2\\out\\server\\src\\server.js:2326:13026\n    at Array.map (<anonymous>)\n    at D1n (c:\\Users\\LUZ RAMIREZ\\.vscode\\extensions\\uqbar.wollok-lsp-ide-0.5.2\\out\\server\\src\\server.js:2326:12950)\n    at W2.buildEnvironmentFrom (c:\\Users\\LUZ RAMIREZ\\.vscode\\extensions\\uqbar.wollok-lsp-ide-0.5.2\\out\\server\\src\\server.js:2371:5254)\n    at W2.updateEnvironmentWith (c:\\Users\\LUZ RAMIREZ\\.vscode\\extensions\\uqbar.wollok-lsp-ide-0.5.2\\out\\server\\src\\server.js:2371:4989)\n    at GF (c:\\Users\\LUZ RAMIREZ\\.vscode\\extensions\\uqbar.wollok-lsp-ide-0.5.2\\out\\server\\src\\server.js:2371:7383)\n    at L3.invoke (c:\\Users\\LUZ RAMIREZ\\.vscode\\extensions\\uqbar.wollok-lsp-ide-0.5.2\\out\\server\\src\\server.js:3:157326)\n    at o.fire (c:\\Users\\LUZ RAMIREZ\\.vscode\\extensions\\uqbar.wollok-lsp-ide-0.5.2\\out\\server\\src\\server.js:3:158096)\n    at c:\\Users\\LUZ RAMIREZ\\.vscode\\extensions\\uqbar.wollok-lsp-ide-0.5.2\\out\\server\\src\\server.js:37:57871\n    at Kr (c:\\Users\\LUZ RAMIREZ\\.vscode\\extensions\\uqbar.wollok-lsp-ide-0.5.2\\out\\server\\src\\server.js:8:1561)","timestamp":"2025-07-03T18:15:04.478Z"}
{"level":"info","message":"⌛ Building environment","timeElapsed":351,"timestamp":"2025-07-03T18:15:04.867Z"}
{"level":"error","message":"✘ Completions for node Send ([19:17, 19:25] - enemigos.wlk) failed: Error: [Send]{ca61f1} at enemigos.wlk:19 exhausted all cases without a match [Send]{ca61f1} at enemigos.wlk:19 exhausted all cases without a match","stack":"Error: [Send]{ca61f1} at enemigos.wlk:19 exhausted all cases without a match\n    at c:\\Users\\LUZ RAMIREZ\\.vscode\\extensions\\uqbar.wollok-lsp-ide-0.5.2\\out\\server\\src\\server.js:38:6142\n    at C2 (c:\\Users\\LUZ RAMIREZ\\.vscode\\extensions\\uqbar.wollok-lsp-ide-0.5.2\\out\\server\\src\\server.js:2362:42)\n    at c:\\Users\\LUZ RAMIREZ\\.vscode\\extensions\\uqbar.wollok-lsp-ide-0.5.2\\out\\server\\src\\server.js:2362:2988\n    at c:\\Users\\LUZ RAMIREZ\\.vscode\\extensions\\uqbar.wollok-lsp-ide-0.5.2\\out\\server\\src\\server.js:2371:8440\n    at c:\\Users\\LUZ RAMIREZ\\.vscode\\extensions\\uqbar.wollok-lsp-ide-0.5.2\\out\\server\\src\\server.js:37:74872\n    at Ye (c:\\Users\\LUZ RAMIREZ\\.vscode\\extensions\\uqbar.wollok-lsp-ide-0.5.2\\out\\server\\src\\server.js:7:8527)\n    at Dt (c:\\Users\\LUZ RAMIREZ\\.vscode\\extensions\\uqbar.wollok-lsp-ide-0.5.2\\out\\server\\src\\server.js:7:6189)\n    at Zi (c:\\Users\\LUZ RAMIREZ\\.vscode\\extensions\\uqbar.wollok-lsp-ide-0.5.2\\out\\server\\src\\server.js:7:6378)\n    at Immediate._onImmediate (c:\\Users\\LUZ RAMIREZ\\.vscode\\extensions\\uqbar.wollok-lsp-ide-0.5.2\\out\\server\\src\\server.js:7:6142)\n    at process.processImmediate (node:internal/timers:485:21)","timestamp":"2025-07-03T18:15:04.994Z"}
{"level":"error","message":"✘ Completions for node Send ([19:13, 19:25] - enemigos.wlk) failed: Error: [Send]{5e3a31} at enemigos.wlk:19 exhausted all cases without a match [Send]{5e3a31} at enemigos.wlk:19 exhausted all cases without a match","stack":"Error: [Send]{5e3a31} at enemigos.wlk:19 exhausted all cases without a match\n    at c:\\Users\\LUZ RAMIREZ\\.vscode\\extensions\\uqbar.wollok-lsp-ide-0.5.2\\out\\server\\src\\server.js:38:6142\n    at C2 (c:\\Users\\LUZ RAMIREZ\\.vscode\\extensions\\uqbar.wollok-lsp-ide-0.5.2\\out\\server\\src\\server.js:2362:42)\n    at Gh (c:\\Users\\LUZ RAMIREZ\\.vscode\\extensions\\uqbar.wollok-lsp-ide-0.5.2\\out\\server\\src\\server.js:2362:1092)\n    at C2 (c:\\Users\\LUZ RAMIREZ\\.vscode\\extensions\\uqbar.wollok-lsp-ide-0.5.2\\out\\server\\src\\server.js:2362:544)\n    at c:\\Users\\LUZ RAMIREZ\\.vscode\\extensions\\uqbar.wollok-lsp-ide-0.5.2\\out\\server\\src\\server.js:2362:2988\n    at c:\\Users\\LUZ RAMIREZ\\.vscode\\extensions\\uqbar.wollok-lsp-ide-0.5.2\\out\\server\\src\\server.js:2371:8440\n    at c:\\Users\\LUZ RAMIREZ\\.vscode\\extensions\\uqbar.wollok-lsp-ide-0.5.2\\out\\server\\src\\server.js:37:74872\n    at Ye (c:\\Users\\LUZ RAMIREZ\\.vscode\\extensions\\uqbar.wollok-lsp-ide-0.5.2\\out\\server\\src\\server.js:7:8527)\n    at Dt (c:\\Users\\LUZ RAMIREZ\\.vscode\\extensions\\uqbar.wollok-lsp-ide-0.5.2\\out\\server\\src\\server.js:7:6189)\n    at Zi (c:\\Users\\LUZ RAMIREZ\\.vscode\\extensions\\uqbar.wollok-lsp-ide-0.5.2\\out\\server\\src\\server.js:7:6378)","timestamp":"2025-07-03T18:15:04.995Z"}
{"level":"error","message":"✘ Completions for node If ([19:9, 27:10] - enemigos.wlk) failed: Error: [If]{d88f68} at enemigos.wlk:19 exhausted all cases without a match [If]{d88f68} at enemigos.wlk:19 exhausted all cases without a match","stack":"Error: [If]{d88f68} at enemigos.wlk:19 exhausted all cases without a match\n    at c:\\Users\\LUZ RAMIREZ\\.vscode\\extensions\\uqbar.wollok-lsp-ide-0.5.2\\out\\server\\src\\server.js:38:6142\n    at C2 (c:\\Users\\LUZ RAMIREZ\\.vscode\\extensions\\uqbar.wollok-lsp-ide-0.5.2\\out\\server\\src\\server.js:2362:42)\n    at Gh (c:\\Users\\LUZ RAMIREZ\\.vscode\\extensions\\uqbar.wollok-lsp-ide-0.5.2\\out\\server\\src\\server.js:2362:1092)\n    at C2 (c:\\Users\\LUZ RAMIREZ\\.vscode\\extensions\\uqbar.wollok-lsp-ide-0.5.2\\out\\server\\src\\server.js:2362:544)\n    at Gh (c:\\Users\\LUZ RAMIREZ\\.vscode\\extensions\\uqbar.wollok-lsp-ide-0.5.2\\out\\server\\src\\server.js:2362:1092)\n    at C2 (c:\\Users\\LUZ RAMIREZ\\.vscode\\extensions\\uqbar.wollok-lsp-ide-0.5.2\\out\\server\\src\\server.js:2362:544)\n    at c:\\Users\\LUZ RAMIREZ\\.vscode\\extensions\\uqbar.wollok-lsp-ide-0.5.2\\out\\server\\src\\server.js:2362:2988\n    at c:\\Users\\LUZ RAMIREZ\\.vscode\\extensions\\uqbar.wollok-lsp-ide-0.5.2\\out\\server\\src\\server.js:2371:8440\n    at c:\\Users\\LUZ RAMIREZ\\.vscode\\extensions\\uqbar.wollok-lsp-ide-0.5.2\\out\\server\\src\\server.js:37:74872\n    at Ye (c:\\Users\\LUZ RAMIREZ\\.vscode\\extensions\\uqbar.wollok-lsp-ide-0.5.2\\out\\server\\src\\server.js:7:8527)","timestamp":"2025-07-03T18:15:04.996Z"}
{"level":"info","message":"⌛ Autocomplete - Send","timeElapsed":125,"timestamp":"2025-07-03T18:15:05.005Z"}
{"level":"info","message":"⌛ Building environment","timeElapsed":324,"timestamp":"2025-07-03T18:15:05.333Z"}
{"level":"info","message":"⌛ Building environment","timeElapsed":295,"timestamp":"2025-07-03T18:15:05.675Z"}
{"level":"info","message":"⌛ Building environment","timeElapsed":295,"timestamp":"2025-07-03T18:15:05.974Z"}
{"level":"info","message":"⌛ Building environment","timeElapsed":298,"timestamp":"2025-07-03T18:15:06.278Z"}
{"level":"info","message":"⌛ Building environment","timeElapsed":327,"timestamp":"2025-07-03T18:15:06.634Z"}
{"level":"info","message":"⌛ Building environment","timeElapsed":302,"timestamp":"2025-07-03T18:15:06.982Z"}
{"level":"info","message":"⌛ Building environment","timeElapsed":1445,"timestamp":"2025-07-03T18:15:08.431Z"}
{"level":"info","message":"⌛ Building environment","timeElapsed":336,"timestamp":"2025-07-03T18:15:08.780Z"}
{"level":"info","message":"⌛ Building environment","timeElapsed":379,"timestamp":"2025-07-03T18:15:09.191Z"}
{"level":"info","message":"⌛ Building environment","timeElapsed":472,"timestamp":"2025-07-03T18:15:09.727Z"}
{"level":"info","message":"⌛ Building environment","timeElapsed":386,"timestamp":"2025-07-03T18:15:10.115Z"}
{"level":"info","message":"⌛ Building environment","timeElapsed":336,"timestamp":"2025-07-03T18:15:10.483Z"}
{"level":"info","message":"⌛ Building environment","timeElapsed":357,"timestamp":"2025-07-03T18:15:10.849Z"}
{"level":"info","message":"⌛ Building environment","timeElapsed":383,"timestamp":"2025-07-03T18:15:11.307Z"}
{"level":"info","message":"⌛ Building environment","timeElapsed":1726,"timestamp":"2025-07-03T18:15:13.127Z"}
{"level":"info","message":"⌛ Validating enemigos.wlk","timeElapsed":518,"timestamp":"2025-07-03T18:15:13.763Z"}
{"level":"info","message":"⌛ Validating enemigos.wlk","timeElapsed":497,"timestamp":"2025-07-03T18:15:14.274Z"}
{"level":"info","message":"⌛ Validating enemigos.wlk","timeElapsed":340,"timestamp":"2025-07-03T18:15:14.630Z"}
{"level":"info","message":"⌛ Validating enemigos.wlk","timeElapsed":340,"timestamp":"2025-07-03T18:15:14.982Z"}
{"level":"info","message":"⌛ Validating enemigos.wlk","timeElapsed":331,"timestamp":"2025-07-03T18:15:15.322Z"}
{"level":"info","message":"⌛ Validating enemigos.wlk","timeElapsed":328,"timestamp":"2025-07-03T18:15:15.653Z"}
{"level":"info","message":"⌛ Validating enemigos.wlk","timeElapsed":328,"timestamp":"2025-07-03T18:15:15.983Z"}
{"level":"info","message":"⌛ Validating enemigos.wlk","timeElapsed":383,"timestamp":"2025-07-03T18:15:16.382Z"}
{"level":"info","message":"⌛ Validating enemigos.wlk","timeElapsed":322,"timestamp":"2025-07-03T18:15:16.715Z"}
{"level":"info","message":"⌛ Validating enemigos.wlk","timeElapsed":316,"timestamp":"2025-07-03T18:15:17.032Z"}
{"level":"info","message":"⌛ Validating enemigos.wlk","timeElapsed":341,"timestamp":"2025-07-03T18:15:17.375Z"}
{"level":"info","message":"⌛ Building environment","timeElapsed":349,"timestamp":"2025-07-03T18:15:17.731Z"}
{"level":"info","message":"⌛ Validating enemigos.wlk","timeElapsed":415,"timestamp":"2025-07-03T18:15:18.185Z"}
{"level":"info","message":"⌛ Validating enemigos.wlk","timeElapsed":410,"timestamp":"2025-07-03T18:15:18.598Z"}
{"level":"info","message":"⌛ Validating enemigos.wlk","timeElapsed":381,"timestamp":"2025-07-03T18:15:18.986Z"}
{"level":"info","message":"⌛ Building environment","timeElapsed":336,"timestamp":"2025-07-03T18:15:19.326Z"}
{"level":"info","message":"⌛ Validating enemigos.wlk","timeElapsed":406,"timestamp":"2025-07-03T18:15:19.735Z"}
{"level":"info","message":"⌛ Validating enemigos.wlk","timeElapsed":396,"timestamp":"2025-07-03T18:15:20.157Z"}
{"level":"info","message":"⌛ Building environment","timeElapsed":372,"timestamp":"2025-07-03T18:15:20.534Z"}
{"level":"info","message":"⌛ Building environment","timeElapsed":346,"timestamp":"2025-07-03T18:15:20.928Z"}
{"level":"error","message":"✘ Failed to rebuild document Failed to parse enemigos.wlk: \n-- PARSING FAILED --------------------------------------------------\n\n  41 |             self.eliminar()\n  42 |         }\n> 43 |     }\n     |     ^\n  44 | \n  45 |     method lanzarAtaque() {\n\nExpected one of the following: \n\n'@', 'class', 'const', 'describe', 'mixin', 'object', 'only', 'package', 'program', 'test', 'var', '{', EOF, comment, not \"}\r\n\r\n    \", whitespace\n","stack":"Error: Failed to parse enemigos.wlk: \n-- PARSING FAILED --------------------------------------------------\n\n  41 |             self.eliminar()\n  42 |         }\n> 43 |     }\n     |     ^\n  44 | \n  45 |     method lanzarAtaque() {\n\nExpected one of the following: \n\n'@', 'class', 'const', 'describe', 'mixin', 'object', 'only', 'package', 'program', 'test', 'var', '{', EOF, comment, not \"}\r\n\r\n    \", whitespace\n\n    at c:\\Users\\LUZ RAMIREZ\\.vscode\\extensions\\uqbar.wollok-lsp-ide-0.5.2\\out\\server\\src\\server.js:2326:13026\n    at Array.map (<anonymous>)\n    at D1n (c:\\Users\\LUZ RAMIREZ\\.vscode\\extensions\\uqbar.wollok-lsp-ide-0.5.2\\out\\server\\src\\server.js:2326:12950)\n    at W2.buildEnvironmentFrom (c:\\Users\\LUZ RAMIREZ\\.vscode\\extensions\\uqbar.wollok-lsp-ide-0.5.2\\out\\server\\src\\server.js:2371:5254)\n    at W2.updateEnvironmentWith (c:\\Users\\LUZ RAMIREZ\\.vscode\\extensions\\uqbar.wollok-lsp-ide-0.5.2\\out\\server\\src\\server.js:2371:4989)\n    at GF (c:\\Users\\LUZ RAMIREZ\\.vscode\\extensions\\uqbar.wollok-lsp-ide-0.5.2\\out\\server\\src\\server.js:2371:7383)\n    at L3.invoke (c:\\Users\\LUZ RAMIREZ\\.vscode\\extensions\\uqbar.wollok-lsp-ide-0.5.2\\out\\server\\src\\server.js:3:157326)\n    at o.fire (c:\\Users\\LUZ RAMIREZ\\.vscode\\extensions\\uqbar.wollok-lsp-ide-0.5.2\\out\\server\\src\\server.js:3:158096)\n    at c:\\Users\\LUZ RAMIREZ\\.vscode\\extensions\\uqbar.wollok-lsp-ide-0.5.2\\out\\server\\src\\server.js:37:57871\n    at Kr (c:\\Users\\LUZ RAMIREZ\\.vscode\\extensions\\uqbar.wollok-lsp-ide-0.5.2\\out\\server\\src\\server.js:8:1561)","timestamp":"2025-07-03T18:15:21.042Z"}
{"level":"info","message":"⌛ Building environment","timeElapsed":457,"timestamp":"2025-07-03T18:15:21.526Z"}
{"level":"info","message":"⌛ Validating enemigos.wlk","timeElapsed":375,"timestamp":"2025-07-03T18:15:21.946Z"}
{"level":"error","message":"✘ Failed to rebuild document Failed to parse enemigos.wlk: \n-- PARSING FAILED --------------------------------------------------\n\n  41 |             self.eliminar()\n  42 |         }\n> 43 |     }\n     |     ^\n  44 | \n  45 |     method lanzarAtaque() {\n\nExpected one of the following: \n\n'@', 'class', 'const', 'describe', 'mixin', 'object', 'only', 'package', 'program', 'test', 'var', '{', EOF, comment, not \"}\r\n\r\n    \", whitespace\n","stack":"Error: Failed to parse enemigos.wlk: \n-- PARSING FAILED --------------------------------------------------\n\n  41 |             self.eliminar()\n  42 |         }\n> 43 |     }\n     |     ^\n  44 | \n  45 |     method lanzarAtaque() {\n\nExpected one of the following: \n\n'@', 'class', 'const', 'describe', 'mixin', 'object', 'only', 'package', 'program', 'test', 'var', '{', EOF, comment, not \"}\r\n\r\n    \", whitespace\n\n    at c:\\Users\\LUZ RAMIREZ\\.vscode\\extensions\\uqbar.wollok-lsp-ide-0.5.2\\out\\server\\src\\server.js:2326:13026\n    at Array.map (<anonymous>)\n    at D1n (c:\\Users\\LUZ RAMIREZ\\.vscode\\extensions\\uqbar.wollok-lsp-ide-0.5.2\\out\\server\\src\\server.js:2326:12950)\n    at W2.buildEnvironmentFrom (c:\\Users\\LUZ RAMIREZ\\.vscode\\extensions\\uqbar.wollok-lsp-ide-0.5.2\\out\\server\\src\\server.js:2371:5254)\n    at W2.updateEnvironmentWith (c:\\Users\\LUZ RAMIREZ\\.vscode\\extensions\\uqbar.wollok-lsp-ide-0.5.2\\out\\server\\src\\server.js:2371:4989)\n    at GF (c:\\Users\\LUZ RAMIREZ\\.vscode\\extensions\\uqbar.wollok-lsp-ide-0.5.2\\out\\server\\src\\server.js:2371:7383)\n    at L3.invoke (c:\\Users\\LUZ RAMIREZ\\.vscode\\extensions\\uqbar.wollok-lsp-ide-0.5.2\\out\\server\\src\\server.js:3:157326)\n    at o.fire (c:\\Users\\LUZ RAMIREZ\\.vscode\\extensions\\uqbar.wollok-lsp-ide-0.5.2\\out\\server\\src\\server.js:3:158096)\n    at c:\\Users\\LUZ RAMIREZ\\.vscode\\extensions\\uqbar.wollok-lsp-ide-0.5.2\\out\\server\\src\\server.js:37:57871\n    at Kr (c:\\Users\\LUZ RAMIREZ\\.vscode\\extensions\\uqbar.wollok-lsp-ide-0.5.2\\out\\server\\src\\server.js:8:1561)","timestamp":"2025-07-03T18:15:21.997Z"}
{"level":"info","message":"⌛ Building environment","timeElapsed":337,"timestamp":"2025-07-03T18:15:22.350Z"}
{"level":"info","message":"⌛ Validating enemigos.wlk","timeElapsed":372,"timestamp":"2025-07-03T18:15:22.775Z"}
{"level":"info","message":"⌛ Validating enemigos.wlk","timeElapsed":611,"timestamp":"2025-07-03T18:15:23.387Z"}
{"level":"info","message":"⌛ Validating enemigos.wlk","timeElapsed":428,"timestamp":"2025-07-03T18:15:23.822Z"}
{"level":"info","message":"⌛ Validating enemigos.wlk","timeElapsed":366,"timestamp":"2025-07-03T18:15:24.189Z"}
{"level":"info","message":"⌛ Validating enemigos.wlk","timeElapsed":349,"timestamp":"2025-07-03T18:15:24.540Z"}
{"level":"info","message":"⌛ Validating enemigos.wlk","timeElapsed":318,"timestamp":"2025-07-03T18:15:24.860Z"}
{"level":"info","message":"⌛ Building environment","timeElapsed":821,"timestamp":"2025-07-03T18:15:38.947Z"}
{"level":"error","message":"✘ Completions for node Send ([19:17, 19:25] - enemigos.wlk) failed: Error: [Send]{c7442e} at enemigos.wlk:19 exhausted all cases without a match [Send]{c7442e} at enemigos.wlk:19 exhausted all cases without a match","stack":"Error: [Send]{c7442e} at enemigos.wlk:19 exhausted all cases without a match\n    at c:\\Users\\LUZ RAMIREZ\\.vscode\\extensions\\uqbar.wollok-lsp-ide-0.5.2\\out\\server\\src\\server.js:38:6142\n    at C2 (c:\\Users\\LUZ RAMIREZ\\.vscode\\extensions\\uqbar.wollok-lsp-ide-0.5.2\\out\\server\\src\\server.js:2362:42)\n    at c:\\Users\\LUZ RAMIREZ\\.vscode\\extensions\\uqbar.wollok-lsp-ide-0.5.2\\out\\server\\src\\server.js:2362:2988\n    at c:\\Users\\LUZ RAMIREZ\\.vscode\\extensions\\uqbar.wollok-lsp-ide-0.5.2\\out\\server\\src\\server.js:2371:8440\n    at c:\\Users\\LUZ RAMIREZ\\.vscode\\extensions\\uqbar.wollok-lsp-ide-0.5.2\\out\\server\\src\\server.js:37:74872\n    at Ye (c:\\Users\\LUZ RAMIREZ\\.vscode\\extensions\\uqbar.wollok-lsp-ide-0.5.2\\out\\server\\src\\server.js:7:8527)\n    at Dt (c:\\Users\\LUZ RAMIREZ\\.vscode\\extensions\\uqbar.wollok-lsp-ide-0.5.2\\out\\server\\src\\server.js:7:6189)\n    at Zi (c:\\Users\\LUZ RAMIREZ\\.vscode\\extensions\\uqbar.wollok-lsp-ide-0.5.2\\out\\server\\src\\server.js:7:6378)\n    at Immediate._onImmediate (c:\\Users\\LUZ RAMIREZ\\.vscode\\extensions\\uqbar.wollok-lsp-ide-0.5.2\\out\\server\\src\\server.js:7:6142)\n    at process.processImmediate (node:internal/timers:485:21)","timestamp":"2025-07-03T18:15:39.107Z"}
{"level":"error","message":"✘ Completions for node Send ([19:13, 19:25] - enemigos.wlk) failed: Error: [Send]{89a69e} at enemigos.wlk:19 exhausted all cases without a match [Send]{89a69e} at enemigos.wlk:19 exhausted all cases without a match","stack":"Error: [Send]{89a69e} at enemigos.wlk:19 exhausted all cases without a match\n    at c:\\Users\\LUZ RAMIREZ\\.vscode\\extensions\\uqbar.wollok-lsp-ide-0.5.2\\out\\server\\src\\server.js:38:6142\n    at C2 (c:\\Users\\LUZ RAMIREZ\\.vscode\\extensions\\uqbar.wollok-lsp-ide-0.5.2\\out\\server\\src\\server.js:2362:42)\n    at Gh (c:\\Users\\LUZ RAMIREZ\\.vscode\\extensions\\uqbar.wollok-lsp-ide-0.5.2\\out\\server\\src\\server.js:2362:1092)\n    at C2 (c:\\Users\\LUZ RAMIREZ\\.vscode\\extensions\\uqbar.wollok-lsp-ide-0.5.2\\out\\server\\src\\server.js:2362:544)\n    at c:\\Users\\LUZ RAMIREZ\\.vscode\\extensions\\uqbar.wollok-lsp-ide-0.5.2\\out\\server\\src\\server.js:2362:2988\n    at c:\\Users\\LUZ RAMIREZ\\.vscode\\extensions\\uqbar.wollok-lsp-ide-0.5.2\\out\\server\\src\\server.js:2371:8440\n    at c:\\Users\\LUZ RAMIREZ\\.vscode\\extensions\\uqbar.wollok-lsp-ide-0.5.2\\out\\server\\src\\server.js:37:74872\n    at Ye (c:\\Users\\LUZ RAMIREZ\\.vscode\\extensions\\uqbar.wollok-lsp-ide-0.5.2\\out\\server\\src\\server.js:7:8527)\n    at Dt (c:\\Users\\LUZ RAMIREZ\\.vscode\\extensions\\uqbar.wollok-lsp-ide-0.5.2\\out\\server\\src\\server.js:7:6189)\n    at Zi (c:\\Users\\LUZ RAMIREZ\\.vscode\\extensions\\uqbar.wollok-lsp-ide-0.5.2\\out\\server\\src\\server.js:7:6378)","timestamp":"2025-07-03T18:15:39.108Z"}
{"level":"error","message":"✘ Completions for node If ([19:9, 27:10] - enemigos.wlk) failed: Error: [If]{7e015c} at enemigos.wlk:19 exhausted all cases without a match [If]{7e015c} at enemigos.wlk:19 exhausted all cases without a match","stack":"Error: [If]{7e015c} at enemigos.wlk:19 exhausted all cases without a match\n    at c:\\Users\\LUZ RAMIREZ\\.vscode\\extensions\\uqbar.wollok-lsp-ide-0.5.2\\out\\server\\src\\server.js:38:6142\n    at C2 (c:\\Users\\LUZ RAMIREZ\\.vscode\\extensions\\uqbar.wollok-lsp-ide-0.5.2\\out\\server\\src\\server.js:2362:42)\n    at Gh (c:\\Users\\LUZ RAMIREZ\\.vscode\\extensions\\uqbar.wollok-lsp-ide-0.5.2\\out\\server\\src\\server.js:2362:1092)\n    at C2 (c:\\Users\\LUZ RAMIREZ\\.vscode\\extensions\\uqbar.wollok-lsp-ide-0.5.2\\out\\server\\src\\server.js:2362:544)\n    at Gh (c:\\Users\\LUZ RAMIREZ\\.vscode\\extensions\\uqbar.wollok-lsp-ide-0.5.2\\out\\server\\src\\server.js:2362:1092)\n    at C2 (c:\\Users\\LUZ RAMIREZ\\.vscode\\extensions\\uqbar.wollok-lsp-ide-0.5.2\\out\\server\\src\\server.js:2362:544)\n    at c:\\Users\\LUZ RAMIREZ\\.vscode\\extensions\\uqbar.wollok-lsp-ide-0.5.2\\out\\server\\src\\server.js:2362:2988\n    at c:\\Users\\LUZ RAMIREZ\\.vscode\\extensions\\uqbar.wollok-lsp-ide-0.5.2\\out\\server\\src\\server.js:2371:8440\n    at c:\\Users\\LUZ RAMIREZ\\.vscode\\extensions\\uqbar.wollok-lsp-ide-0.5.2\\out\\server\\src\\server.js:37:74872\n    at Ye (c:\\Users\\LUZ RAMIREZ\\.vscode\\extensions\\uqbar.wollok-lsp-ide-0.5.2\\out\\server\\src\\server.js:7:8527)","timestamp":"2025-07-03T18:15:39.109Z"}
{"level":"info","message":"⌛ Autocomplete - Send","timeElapsed":158,"timestamp":"2025-07-03T18:15:39.124Z"}
{"level":"info","message":"⌛ Building environment","timeElapsed":365,"timestamp":"2025-07-03T18:15:39.490Z"}
{"level":"info","message":"⌛ Building environment","timeElapsed":420,"timestamp":"2025-07-03T18:15:39.997Z"}
{"level":"info","message":"⌛ Building environment","timeElapsed":382,"timestamp":"2025-07-03T18:15:40.398Z"}
{"level":"info","message":"⌛ Validating enemigos.wlk","timeElapsed":362,"timestamp":"2025-07-03T18:15:40.789Z"}
{"level":"info","message":"⌛ Building environment","timeElapsed":298,"timestamp":"2025-07-03T18:15:41.099Z"}
{"level":"error","message":"✘ Completions for node Send ([19:17, 19:29] - enemigos.wlk) failed: Error: [Send]{8a16cb} at enemigos.wlk:19 exhausted all cases without a match [Send]{8a16cb} at enemigos.wlk:19 exhausted all cases without a match","stack":"Error: [Send]{8a16cb} at enemigos.wlk:19 exhausted all cases without a match\n    at c:\\Users\\LUZ RAMIREZ\\.vscode\\extensions\\uqbar.wollok-lsp-ide-0.5.2\\out\\server\\src\\server.js:38:6142\n    at C2 (c:\\Users\\LUZ RAMIREZ\\.vscode\\extensions\\uqbar.wollok-lsp-ide-0.5.2\\out\\server\\src\\server.js:2362:42)\n    at c:\\Users\\LUZ RAMIREZ\\.vscode\\extensions\\uqbar.wollok-lsp-ide-0.5.2\\out\\server\\src\\server.js:2362:2988\n    at c:\\Users\\LUZ RAMIREZ\\.vscode\\extensions\\uqbar.wollok-lsp-ide-0.5.2\\out\\server\\src\\server.js:2371:8440\n    at c:\\Users\\LUZ RAMIREZ\\.vscode\\extensions\\uqbar.wollok-lsp-ide-0.5.2\\out\\server\\src\\server.js:37:74872\n    at Ye (c:\\Users\\LUZ RAMIREZ\\.vscode\\extensions\\uqbar.wollok-lsp-ide-0.5.2\\out\\server\\src\\server.js:7:8527)\n    at Dt (c:\\Users\\LUZ RAMIREZ\\.vscode\\extensions\\uqbar.wollok-lsp-ide-0.5.2\\out\\server\\src\\server.js:7:6189)\n    at Zi (c:\\Users\\LUZ RAMIREZ\\.vscode\\extensions\\uqbar.wollok-lsp-ide-0.5.2\\out\\server\\src\\server.js:7:6378)\n    at Immediate._onImmediate (c:\\Users\\LUZ RAMIREZ\\.vscode\\extensions\\uqbar.wollok-lsp-ide-0.5.2\\out\\server\\src\\server.js:7:6142)\n    at process.processImmediate (node:internal/timers:485:21)","timestamp":"2025-07-03T18:15:41.177Z"}
{"level":"error","message":"✘ Completions for node Send ([19:13, 19:29] - enemigos.wlk) failed: Error: [Send]{cfc67e} at enemigos.wlk:19 exhausted all cases without a match [Send]{cfc67e} at enemigos.wlk:19 exhausted all cases without a match","stack":"Error: [Send]{cfc67e} at enemigos.wlk:19 exhausted all cases without a match\n    at c:\\Users\\LUZ RAMIREZ\\.vscode\\extensions\\uqbar.wollok-lsp-ide-0.5.2\\out\\server\\src\\server.js:38:6142\n    at C2 (c:\\Users\\LUZ RAMIREZ\\.vscode\\extensions\\uqbar.wollok-lsp-ide-0.5.2\\out\\server\\src\\server.js:2362:42)\n    at Gh (c:\\Users\\LUZ RAMIREZ\\.vscode\\extensions\\uqbar.wollok-lsp-ide-0.5.2\\out\\server\\src\\server.js:2362:1092)\n    at C2 (c:\\Users\\LUZ RAMIREZ\\.vscode\\extensions\\uqbar.wollok-lsp-ide-0.5.2\\out\\server\\src\\server.js:2362:544)\n    at c:\\Users\\LUZ RAMIREZ\\.vscode\\extensions\\uqbar.wollok-lsp-ide-0.5.2\\out\\server\\src\\server.js:2362:2988\n    at c:\\Users\\LUZ RAMIREZ\\.vscode\\extensions\\uqbar.wollok-lsp-ide-0.5.2\\out\\server\\src\\server.js:2371:8440\n    at c:\\Users\\LUZ RAMIREZ\\.vscode\\extensions\\uqbar.wollok-lsp-ide-0.5.2\\out\\server\\src\\server.js:37:74872\n    at Ye (c:\\Users\\LUZ RAMIREZ\\.vscode\\extensions\\uqbar.wollok-lsp-ide-0.5.2\\out\\server\\src\\server.js:7:8527)\n    at Dt (c:\\Users\\LUZ RAMIREZ\\.vscode\\extensions\\uqbar.wollok-lsp-ide-0.5.2\\out\\server\\src\\server.js:7:6189)\n    at Zi (c:\\Users\\LUZ RAMIREZ\\.vscode\\extensions\\uqbar.wollok-lsp-ide-0.5.2\\out\\server\\src\\server.js:7:6378)","timestamp":"2025-07-03T18:15:41.178Z"}
{"level":"error","message":"✘ Completions for node If ([19:9, 27:10] - enemigos.wlk) failed: Error: [If]{036783} at enemigos.wlk:19 exhausted all cases without a match [If]{036783} at enemigos.wlk:19 exhausted all cases without a match","stack":"Error: [If]{036783} at enemigos.wlk:19 exhausted all cases without a match\n    at c:\\Users\\LUZ RAMIREZ\\.vscode\\extensions\\uqbar.wollok-lsp-ide-0.5.2\\out\\server\\src\\server.js:38:6142\n    at C2 (c:\\Users\\LUZ RAMIREZ\\.vscode\\extensions\\uqbar.wollok-lsp-ide-0.5.2\\out\\server\\src\\server.js:2362:42)\n    at Gh (c:\\Users\\LUZ RAMIREZ\\.vscode\\extensions\\uqbar.wollok-lsp-ide-0.5.2\\out\\server\\src\\server.js:2362:1092)\n    at C2 (c:\\Users\\LUZ RAMIREZ\\.vscode\\extensions\\uqbar.wollok-lsp-ide-0.5.2\\out\\server\\src\\server.js:2362:544)\n    at Gh (c:\\Users\\LUZ RAMIREZ\\.vscode\\extensions\\uqbar.wollok-lsp-ide-0.5.2\\out\\server\\src\\server.js:2362:1092)\n    at C2 (c:\\Users\\LUZ RAMIREZ\\.vscode\\extensions\\uqbar.wollok-lsp-ide-0.5.2\\out\\server\\src\\server.js:2362:544)\n    at c:\\Users\\LUZ RAMIREZ\\.vscode\\extensions\\uqbar.wollok-lsp-ide-0.5.2\\out\\server\\src\\server.js:2362:2988\n    at c:\\Users\\LUZ RAMIREZ\\.vscode\\extensions\\uqbar.wollok-lsp-ide-0.5.2\\out\\server\\src\\server.js:2371:8440\n    at c:\\Users\\LUZ RAMIREZ\\.vscode\\extensions\\uqbar.wollok-lsp-ide-0.5.2\\out\\server\\src\\server.js:37:74872\n    at Ye (c:\\Users\\LUZ RAMIREZ\\.vscode\\extensions\\uqbar.wollok-lsp-ide-0.5.2\\out\\server\\src\\server.js:7:8527)","timestamp":"2025-07-03T18:15:41.178Z"}
{"level":"info","message":"⌛ Validating enemigos.wlk","timeElapsed":346,"timestamp":"2025-07-03T18:15:41.536Z"}
{"level":"info","message":"⌛ Building environment","timeElapsed":278,"timestamp":"2025-07-03T18:15:41.820Z"}
{"level":"info","message":"⌛ Building environment","timeElapsed":292,"timestamp":"2025-07-03T18:15:42.117Z"}
{"level":"info","message":"⌛ Building environment","timeElapsed":407,"timestamp":"2025-07-03T18:15:42.531Z"}
{"level":"info","message":"⌛ Validating enemigos.wlk","timeElapsed":410,"timestamp":"2025-07-03T18:15:42.945Z"}
{"level":"info","message":"⌛ Validating enemigos.wlk","timeElapsed":419,"timestamp":"2025-07-03T18:15:43.506Z"}
{"level":"info","message":"⌛ Validating enemigos.wlk","timeElapsed":324,"timestamp":"2025-07-03T18:15:43.846Z"}
{"level":"info","message":"⌛ Validating enemigos.wlk","timeElapsed":948,"timestamp":"2025-07-03T18:15:44.795Z"}
{"level":"info","message":"⌛ Validating enemigos.wlk","timeElapsed":750,"timestamp":"2025-07-03T18:15:45.546Z"}
{"level":"info","message":"⌛ Validating enemigos.wlk","timeElapsed":334,"timestamp":"2025-07-03T18:15:45.888Z"}
{"level":"error","message":"✘ Failed to rebuild document Failed to parse enemigos.wlk: \n-- PARSING FAILED --------------------------------------------------\n\n  53 |         administradorDeEnemigos.eliminarEnemigo(self)\n  54 |     }\n> 55 | }\n     | ^\n  56 | \n  57 | // ===============================\n\nExpected one of the following: \n\n' ', '@', 'class', 'const', 'describe', 'mixin', 'object', 'only', 'package', 'program', 'test', 'var', '{', EOF, comment, not \"}\r\n\r\n\", whitespace\n","stack":"Error: Failed to parse enemigos.wlk: \n-- PARSING FAILED --------------------------------------------------\n\n  53 |         administradorDeEnemigos.eliminarEnemigo(self)\n  54 |     }\n> 55 | }\n     | ^\n  56 | \n  57 | // ===============================\n\nExpected one of the following: \n\n' ', '@', 'class', 'const', 'describe', 'mixin', 'object', 'only', 'package', 'program', 'test', 'var', '{', EOF, comment, not \"}\r\n\r\n\", whitespace\n\n    at c:\\Users\\LUZ RAMIREZ\\.vscode\\extensions\\uqbar.wollok-lsp-ide-0.5.2\\out\\server\\src\\server.js:2326:13026\n    at Array.map (<anonymous>)\n    at D1n (c:\\Users\\LUZ RAMIREZ\\.vscode\\extensions\\uqbar.wollok-lsp-ide-0.5.2\\out\\server\\src\\server.js:2326:12950)\n    at W2.buildEnvironmentFrom (c:\\Users\\LUZ RAMIREZ\\.vscode\\extensions\\uqbar.wollok-lsp-ide-0.5.2\\out\\server\\src\\server.js:2371:5254)\n    at W2.updateEnvironmentWith (c:\\Users\\LUZ RAMIREZ\\.vscode\\extensions\\uqbar.wollok-lsp-ide-0.5.2\\out\\server\\src\\server.js:2371:4989)\n    at GF (c:\\Users\\LUZ RAMIREZ\\.vscode\\extensions\\uqbar.wollok-lsp-ide-0.5.2\\out\\server\\src\\server.js:2371:7383)\n    at L3.invoke (c:\\Users\\LUZ RAMIREZ\\.vscode\\extensions\\uqbar.wollok-lsp-ide-0.5.2\\out\\server\\src\\server.js:3:157326)\n    at o.fire (c:\\Users\\LUZ RAMIREZ\\.vscode\\extensions\\uqbar.wollok-lsp-ide-0.5.2\\out\\server\\src\\server.js:3:158096)\n    at c:\\Users\\LUZ RAMIREZ\\.vscode\\extensions\\uqbar.wollok-lsp-ide-0.5.2\\out\\server\\src\\server.js:37:57871\n    at Kr (c:\\Users\\LUZ RAMIREZ\\.vscode\\extensions\\uqbar.wollok-lsp-ide-0.5.2\\out\\server\\src\\server.js:8:1561)","timestamp":"2025-07-03T18:16:22.188Z"}
{"level":"error","message":"✘ Failed to rebuild document Failed to parse enemigos.wlk: \n-- PARSING FAILED --------------------------------------------------\n\n  53 |         administradorDeEnemigos.eliminarEnemigo(self)\n  54 |     }\n> 55 | }\n     | ^\n  56 | \n  57 | // ===============================\n\nExpected one of the following: \n\n' ', '@', 'class', 'const', 'describe', 'mixin', 'object', 'only', 'package', 'program', 'test', 'var', '{', EOF, comment, not \"}\r\n\r\n\", whitespace\n","stack":"Error: Failed to parse enemigos.wlk: \n-- PARSING FAILED --------------------------------------------------\n\n  53 |         administradorDeEnemigos.eliminarEnemigo(self)\n  54 |     }\n> 55 | }\n     | ^\n  56 | \n  57 | // ===============================\n\nExpected one of the following: \n\n' ', '@', 'class', 'const', 'describe', 'mixin', 'object', 'only', 'package', 'program', 'test', 'var', '{', EOF, comment, not \"}\r\n\r\n\", whitespace\n\n    at c:\\Users\\LUZ RAMIREZ\\.vscode\\extensions\\uqbar.wollok-lsp-ide-0.5.2\\out\\server\\src\\server.js:2326:13026\n    at Array.map (<anonymous>)\n    at D1n (c:\\Users\\LUZ RAMIREZ\\.vscode\\extensions\\uqbar.wollok-lsp-ide-0.5.2\\out\\server\\src\\server.js:2326:12950)\n    at W2.buildEnvironmentFrom (c:\\Users\\LUZ RAMIREZ\\.vscode\\extensions\\uqbar.wollok-lsp-ide-0.5.2\\out\\server\\src\\server.js:2371:5254)\n    at W2.updateEnvironmentWith (c:\\Users\\LUZ RAMIREZ\\.vscode\\extensions\\uqbar.wollok-lsp-ide-0.5.2\\out\\server\\src\\server.js:2371:4989)\n    at GF (c:\\Users\\LUZ RAMIREZ\\.vscode\\extensions\\uqbar.wollok-lsp-ide-0.5.2\\out\\server\\src\\server.js:2371:7383)\n    at L3.invoke (c:\\Users\\LUZ RAMIREZ\\.vscode\\extensions\\uqbar.wollok-lsp-ide-0.5.2\\out\\server\\src\\server.js:3:157326)\n    at o.fire (c:\\Users\\LUZ RAMIREZ\\.vscode\\extensions\\uqbar.wollok-lsp-ide-0.5.2\\out\\server\\src\\server.js:3:158096)\n    at c:\\Users\\LUZ RAMIREZ\\.vscode\\extensions\\uqbar.wollok-lsp-ide-0.5.2\\out\\server\\src\\server.js:37:57871\n    at Kr (c:\\Users\\LUZ RAMIREZ\\.vscode\\extensions\\uqbar.wollok-lsp-ide-0.5.2\\out\\server\\src\\server.js:8:1561)","timestamp":"2025-07-03T18:16:22.349Z"}
{"level":"error","message":"✘ Failed to rebuild document Failed to parse enemigos.wlk: \n-- PARSING FAILED --------------------------------------------------\n\n  53 |         administradorDeEnemigos.eliminarEnemigo(self)\n  54 |     }\n> 55 | }\n     | ^\n  56 | \n  57 | // ===============================\n\nExpected one of the following: \n\n' ', '@', 'class', 'const', 'describe', 'mixin', 'object', 'only', 'package', 'program', 'test', 'var', '{', EOF, comment, not \"}\r\n\r\n\", whitespace\n","stack":"Error: Failed to parse enemigos.wlk: \n-- PARSING FAILED --------------------------------------------------\n\n  53 |         administradorDeEnemigos.eliminarEnemigo(self)\n  54 |     }\n> 55 | }\n     | ^\n  56 | \n  57 | // ===============================\n\nExpected one of the following: \n\n' ', '@', 'class', 'const', 'describe', 'mixin', 'object', 'only', 'package', 'program', 'test', 'var', '{', EOF, comment, not \"}\r\n\r\n\", whitespace\n\n    at c:\\Users\\LUZ RAMIREZ\\.vscode\\extensions\\uqbar.wollok-lsp-ide-0.5.2\\out\\server\\src\\server.js:2326:13026\n    at Array.map (<anonymous>)\n    at D1n (c:\\Users\\LUZ RAMIREZ\\.vscode\\extensions\\uqbar.wollok-lsp-ide-0.5.2\\out\\server\\src\\server.js:2326:12950)\n    at W2.buildEnvironmentFrom (c:\\Users\\LUZ RAMIREZ\\.vscode\\extensions\\uqbar.wollok-lsp-ide-0.5.2\\out\\server\\src\\server.js:2371:5254)\n    at W2.updateEnvironmentWith (c:\\Users\\LUZ RAMIREZ\\.vscode\\extensions\\uqbar.wollok-lsp-ide-0.5.2\\out\\server\\src\\server.js:2371:4989)\n    at GF (c:\\Users\\LUZ RAMIREZ\\.vscode\\extensions\\uqbar.wollok-lsp-ide-0.5.2\\out\\server\\src\\server.js:2371:7383)\n    at L3.invoke (c:\\Users\\LUZ RAMIREZ\\.vscode\\extensions\\uqbar.wollok-lsp-ide-0.5.2\\out\\server\\src\\server.js:3:157326)\n    at o.fire (c:\\Users\\LUZ RAMIREZ\\.vscode\\extensions\\uqbar.wollok-lsp-ide-0.5.2\\out\\server\\src\\server.js:3:158096)\n    at c:\\Users\\LUZ RAMIREZ\\.vscode\\extensions\\uqbar.wollok-lsp-ide-0.5.2\\out\\server\\src\\server.js:37:57871\n    at Kr (c:\\Users\\LUZ RAMIREZ\\.vscode\\extensions\\uqbar.wollok-lsp-ide-0.5.2\\out\\server\\src\\server.js:8:1561)","timestamp":"2025-07-03T18:16:22.451Z"}
{"level":"info","message":"⌛ Building environment","timeElapsed":396,"timestamp":"2025-07-03T18:16:23.290Z"}
{"level":"info","message":"⌛ Validating enemigos.wlk","timeElapsed":339,"timestamp":"2025-07-03T18:16:23.644Z"}
{"level":"info","message":"⌛ Building environment","timeElapsed":367,"timestamp":"2025-07-03T18:16:25.459Z"}
{"level":"info","message":"⌛ Validating enemigos.wlk","timeElapsed":344,"timestamp":"2025-07-03T18:16:25.849Z"}
{"level":"error","message":"✘ Failed to rebuild document Failed to parse enemigos.wlk: \n-- PARSING FAILED --------------------------------------------------\n\n  53 |         administradorDeEnemigos.eliminarEnemigo(self)\n  54 |     }\n> 55 | }\n     | ^\n  56 | \n  57 | // ===============================\n\nExpected one of the following: \n\n' ', '@', 'class', 'const', 'describe', 'mixin', 'object', 'only', 'package', 'program', 'test', 'var', '{', EOF, comment, not \"}\r\n\r\n\", whitespace\n","stack":"Error: Failed to parse enemigos.wlk: \n-- PARSING FAILED --------------------------------------------------\n\n  53 |         administradorDeEnemigos.eliminarEnemigo(self)\n  54 |     }\n> 55 | }\n     | ^\n  56 | \n  57 | // ===============================\n\nExpected one of the following: \n\n' ', '@', 'class', 'const', 'describe', 'mixin', 'object', 'only', 'package', 'program', 'test', 'var', '{', EOF, comment, not \"}\r\n\r\n\", whitespace\n\n    at c:\\Users\\LUZ RAMIREZ\\.vscode\\extensions\\uqbar.wollok-lsp-ide-0.5.2\\out\\server\\src\\server.js:2326:13026\n    at Array.map (<anonymous>)\n    at D1n (c:\\Users\\LUZ RAMIREZ\\.vscode\\extensions\\uqbar.wollok-lsp-ide-0.5.2\\out\\server\\src\\server.js:2326:12950)\n    at W2.buildEnvironmentFrom (c:\\Users\\LUZ RAMIREZ\\.vscode\\extensions\\uqbar.wollok-lsp-ide-0.5.2\\out\\server\\src\\server.js:2371:5254)\n    at W2.updateEnvironmentWith (c:\\Users\\LUZ RAMIREZ\\.vscode\\extensions\\uqbar.wollok-lsp-ide-0.5.2\\out\\server\\src\\server.js:2371:4989)\n    at GF (c:\\Users\\LUZ RAMIREZ\\.vscode\\extensions\\uqbar.wollok-lsp-ide-0.5.2\\out\\server\\src\\server.js:2371:7383)\n    at L3.invoke (c:\\Users\\LUZ RAMIREZ\\.vscode\\extensions\\uqbar.wollok-lsp-ide-0.5.2\\out\\server\\src\\server.js:3:157326)\n    at o.fire (c:\\Users\\LUZ RAMIREZ\\.vscode\\extensions\\uqbar.wollok-lsp-ide-0.5.2\\out\\server\\src\\server.js:3:158096)\n    at c:\\Users\\LUZ RAMIREZ\\.vscode\\extensions\\uqbar.wollok-lsp-ide-0.5.2\\out\\server\\src\\server.js:37:57871\n    at Kr (c:\\Users\\LUZ RAMIREZ\\.vscode\\extensions\\uqbar.wollok-lsp-ide-0.5.2\\out\\server\\src\\server.js:8:1561)","timestamp":"2025-07-03T18:17:51.638Z"}
{"level":"error","message":"✘ Failed to rebuild document Failed to parse enemigos.wlk: \n-- PARSING FAILED --------------------------------------------------\n\n  53 |         administradorDeEnemigos.eliminarEnemigo(self)\n  54 |     }\n> 55 | }\n     | ^\n  56 | \n  57 | // ===============================\n\nExpected one of the following: \n\n' ', '@', 'class', 'const', 'describe', 'mixin', 'object', 'only', 'package', 'program', 'test', 'var', '{', EOF, comment, not \"}\r\n\r\n\", whitespace\n","stack":"Error: Failed to parse enemigos.wlk: \n-- PARSING FAILED --------------------------------------------------\n\n  53 |         administradorDeEnemigos.eliminarEnemigo(self)\n  54 |     }\n> 55 | }\n     | ^\n  56 | \n  57 | // ===============================\n\nExpected one of the following: \n\n' ', '@', 'class', 'const', 'describe', 'mixin', 'object', 'only', 'package', 'program', 'test', 'var', '{', EOF, comment, not \"}\r\n\r\n\", whitespace\n\n    at c:\\Users\\LUZ RAMIREZ\\.vscode\\extensions\\uqbar.wollok-lsp-ide-0.5.2\\out\\server\\src\\server.js:2326:13026\n    at Array.map (<anonymous>)\n    at D1n (c:\\Users\\LUZ RAMIREZ\\.vscode\\extensions\\uqbar.wollok-lsp-ide-0.5.2\\out\\server\\src\\server.js:2326:12950)\n    at W2.buildEnvironmentFrom (c:\\Users\\LUZ RAMIREZ\\.vscode\\extensions\\uqbar.wollok-lsp-ide-0.5.2\\out\\server\\src\\server.js:2371:5254)\n    at W2.updateEnvironmentWith (c:\\Users\\LUZ RAMIREZ\\.vscode\\extensions\\uqbar.wollok-lsp-ide-0.5.2\\out\\server\\src\\server.js:2371:4989)\n    at GF (c:\\Users\\LUZ RAMIREZ\\.vscode\\extensions\\uqbar.wollok-lsp-ide-0.5.2\\out\\server\\src\\server.js:2371:7383)\n    at L3.invoke (c:\\Users\\LUZ RAMIREZ\\.vscode\\extensions\\uqbar.wollok-lsp-ide-0.5.2\\out\\server\\src\\server.js:3:157326)\n    at o.fire (c:\\Users\\LUZ RAMIREZ\\.vscode\\extensions\\uqbar.wollok-lsp-ide-0.5.2\\out\\server\\src\\server.js:3:158096)\n    at c:\\Users\\LUZ RAMIREZ\\.vscode\\extensions\\uqbar.wollok-lsp-ide-0.5.2\\out\\server\\src\\server.js:37:57871\n    at Kr (c:\\Users\\LUZ RAMIREZ\\.vscode\\extensions\\uqbar.wollok-lsp-ide-0.5.2\\out\\server\\src\\server.js:8:1561)","timestamp":"2025-07-03T18:17:51.814Z"}
{"level":"error","message":"✘ Failed to rebuild document Failed to parse enemigos.wlk: \n-- PARSING FAILED --------------------------------------------------\n\n  53 |         administradorDeEnemigos.eliminarEnemigo(self)\n  54 |     }\n> 55 | }\n     | ^\n  56 | \n  57 | // ===============================\n\nExpected one of the following: \n\n' ', '@', 'class', 'const', 'describe', 'mixin', 'object', 'only', 'package', 'program', 'test', 'var', '{', EOF, comment, not \"}\r\n\r\n\", whitespace\n","stack":"Error: Failed to parse enemigos.wlk: \n-- PARSING FAILED --------------------------------------------------\n\n  53 |         administradorDeEnemigos.eliminarEnemigo(self)\n  54 |     }\n> 55 | }\n     | ^\n  56 | \n  57 | // ===============================\n\nExpected one of the following: \n\n' ', '@', 'class', 'const', 'describe', 'mixin', 'object', 'only', 'package', 'program', 'test', 'var', '{', EOF, comment, not \"}\r\n\r\n\", whitespace\n\n    at c:\\Users\\LUZ RAMIREZ\\.vscode\\extensions\\uqbar.wollok-lsp-ide-0.5.2\\out\\server\\src\\server.js:2326:13026\n    at Array.map (<anonymous>)\n    at D1n (c:\\Users\\LUZ RAMIREZ\\.vscode\\extensions\\uqbar.wollok-lsp-ide-0.5.2\\out\\server\\src\\server.js:2326:12950)\n    at W2.buildEnvironmentFrom (c:\\Users\\LUZ RAMIREZ\\.vscode\\extensions\\uqbar.wollok-lsp-ide-0.5.2\\out\\server\\src\\server.js:2371:5254)\n    at W2.updateEnvironmentWith (c:\\Users\\LUZ RAMIREZ\\.vscode\\extensions\\uqbar.wollok-lsp-ide-0.5.2\\out\\server\\src\\server.js:2371:4989)\n    at GF (c:\\Users\\LUZ RAMIREZ\\.vscode\\extensions\\uqbar.wollok-lsp-ide-0.5.2\\out\\server\\src\\server.js:2371:7383)\n    at L3.invoke (c:\\Users\\LUZ RAMIREZ\\.vscode\\extensions\\uqbar.wollok-lsp-ide-0.5.2\\out\\server\\src\\server.js:3:157326)\n    at o.fire (c:\\Users\\LUZ RAMIREZ\\.vscode\\extensions\\uqbar.wollok-lsp-ide-0.5.2\\out\\server\\src\\server.js:3:158096)\n    at c:\\Users\\LUZ RAMIREZ\\.vscode\\extensions\\uqbar.wollok-lsp-ide-0.5.2\\out\\server\\src\\server.js:37:57871\n    at Kr (c:\\Users\\LUZ RAMIREZ\\.vscode\\extensions\\uqbar.wollok-lsp-ide-0.5.2\\out\\server\\src\\server.js:8:1561)","timestamp":"2025-07-03T18:17:51.946Z"}
{"level":"info","message":"⌛ Building environment","timeElapsed":595,"timestamp":"2025-07-03T18:17:52.679Z"}
{"level":"error","message":"✘ Failed to rebuild document Failed to parse enemigos.wlk: \n-- PARSING FAILED --------------------------------------------------\n\n  53 |         administradorDeEnemigos.eliminarEnemigo(self)\n  54 |     }\n> 55 | }\n     | ^\n  56 | \n  57 | // ===============================\n\nExpected one of the following: \n\n' ', '@', 'class', 'const', 'describe', 'mixin', 'object', 'only', 'package', 'program', 'test', 'var', '{', EOF, comment, not \"}\r\n\r\n\", whitespace\n","stack":"Error: Failed to parse enemigos.wlk: \n-- PARSING FAILED --------------------------------------------------\n\n  53 |         administradorDeEnemigos.eliminarEnemigo(self)\n  54 |     }\n> 55 | }\n     | ^\n  56 | \n  57 | // ===============================\n\nExpected one of the following: \n\n' ', '@', 'class', 'const', 'describe', 'mixin', 'object', 'only', 'package', 'program', 'test', 'var', '{', EOF, comment, not \"}\r\n\r\n\", whitespace\n\n    at c:\\Users\\LUZ RAMIREZ\\.vscode\\extensions\\uqbar.wollok-lsp-ide-0.5.2\\out\\server\\src\\server.js:2326:13026\n    at Array.map (<anonymous>)\n    at D1n (c:\\Users\\LUZ RAMIREZ\\.vscode\\extensions\\uqbar.wollok-lsp-ide-0.5.2\\out\\server\\src\\server.js:2326:12950)\n    at W2.buildEnvironmentFrom (c:\\Users\\LUZ RAMIREZ\\.vscode\\extensions\\uqbar.wollok-lsp-ide-0.5.2\\out\\server\\src\\server.js:2371:5254)\n    at W2.updateEnvironmentWith (c:\\Users\\LUZ RAMIREZ\\.vscode\\extensions\\uqbar.wollok-lsp-ide-0.5.2\\out\\server\\src\\server.js:2371:4989)\n    at GF (c:\\Users\\LUZ RAMIREZ\\.vscode\\extensions\\uqbar.wollok-lsp-ide-0.5.2\\out\\server\\src\\server.js:2371:7383)\n    at L3.invoke (c:\\Users\\LUZ RAMIREZ\\.vscode\\extensions\\uqbar.wollok-lsp-ide-0.5.2\\out\\server\\src\\server.js:3:157326)\n    at o.fire (c:\\Users\\LUZ RAMIREZ\\.vscode\\extensions\\uqbar.wollok-lsp-ide-0.5.2\\out\\server\\src\\server.js:3:158096)\n    at c:\\Users\\LUZ RAMIREZ\\.vscode\\extensions\\uqbar.wollok-lsp-ide-0.5.2\\out\\server\\src\\server.js:37:57871\n    at Kr (c:\\Users\\LUZ RAMIREZ\\.vscode\\extensions\\uqbar.wollok-lsp-ide-0.5.2\\out\\server\\src\\server.js:8:1561)","timestamp":"2025-07-03T18:17:52.882Z"}
{"level":"info","message":"⌛ Validating enemigos.wlk","timeElapsed":400,"timestamp":"2025-07-03T18:17:53.327Z"}
{"level":"error","message":"✘ Failed to rebuild document Failed to parse enemigos.wlk: \n-- PARSING FAILED --------------------------------------------------\n\n  53 |         administradorDeEnemigos.eliminarEnemigo(self)\n  54 |     }\n> 55 | }\n     | ^\n  56 | \n  57 | // ===============================\n\nExpected one of the following: \n\n' ', '@', 'class', 'const', 'describe', 'mixin', 'object', 'only', 'package', 'program', 'test', 'var', '{', EOF, comment, not \"}\r\n\r\n\", whitespace\n","stack":"Error: Failed to parse enemigos.wlk: \n-- PARSING FAILED --------------------------------------------------\n\n  53 |         administradorDeEnemigos.eliminarEnemigo(self)\n  54 |     }\n> 55 | }\n     | ^\n  56 | \n  57 | // ===============================\n\nExpected one of the following: \n\n' ', '@', 'class', 'const', 'describe', 'mixin', 'object', 'only', 'package', 'program', 'test', 'var', '{', EOF, comment, not \"}\r\n\r\n\", whitespace\n\n    at c:\\Users\\LUZ RAMIREZ\\.vscode\\extensions\\uqbar.wollok-lsp-ide-0.5.2\\out\\server\\src\\server.js:2326:13026\n    at Array.map (<anonymous>)\n    at D1n (c:\\Users\\LUZ RAMIREZ\\.vscode\\extensions\\uqbar.wollok-lsp-ide-0.5.2\\out\\server\\src\\server.js:2326:12950)\n    at W2.buildEnvironmentFrom (c:\\Users\\LUZ RAMIREZ\\.vscode\\extensions\\uqbar.wollok-lsp-ide-0.5.2\\out\\server\\src\\server.js:2371:5254)\n    at W2.updateEnvironmentWith (c:\\Users\\LUZ RAMIREZ\\.vscode\\extensions\\uqbar.wollok-lsp-ide-0.5.2\\out\\server\\src\\server.js:2371:4989)\n    at GF (c:\\Users\\LUZ RAMIREZ\\.vscode\\extensions\\uqbar.wollok-lsp-ide-0.5.2\\out\\server\\src\\server.js:2371:7383)\n    at L3.invoke (c:\\Users\\LUZ RAMIREZ\\.vscode\\extensions\\uqbar.wollok-lsp-ide-0.5.2\\out\\server\\src\\server.js:3:157326)\n    at o.fire (c:\\Users\\LUZ RAMIREZ\\.vscode\\extensions\\uqbar.wollok-lsp-ide-0.5.2\\out\\server\\src\\server.js:3:158096)\n    at c:\\Users\\LUZ RAMIREZ\\.vscode\\extensions\\uqbar.wollok-lsp-ide-0.5.2\\out\\server\\src\\server.js:37:57871\n    at Kr (c:\\Users\\LUZ RAMIREZ\\.vscode\\extensions\\uqbar.wollok-lsp-ide-0.5.2\\out\\server\\src\\server.js:8:1561)","timestamp":"2025-07-03T18:17:53.531Z"}
{"level":"error","message":"✘ Failed to rebuild document Failed to parse enemigos.wlk: \n-- PARSING FAILED --------------------------------------------------\n\n  53 |         administradorDeEnemigos.eliminarEnemigo(self)\n  54 |     }\n> 55 | }\n     | ^\n  56 | \n  57 | // ===============================\n\nExpected one of the following: \n\n' ', '@', 'class', 'const', 'describe', 'mixin', 'object', 'only', 'package', 'program', 'test', 'var', '{', EOF, comment, not \"}\r\n\r\n\", whitespace\n","stack":"Error: Failed to parse enemigos.wlk: \n-- PARSING FAILED --------------------------------------------------\n\n  53 |         administradorDeEnemigos.eliminarEnemigo(self)\n  54 |     }\n> 55 | }\n     | ^\n  56 | \n  57 | // ===============================\n\nExpected one of the following: \n\n' ', '@', 'class', 'const', 'describe', 'mixin', 'object', 'only', 'package', 'program', 'test', 'var', '{', EOF, comment, not \"}\r\n\r\n\", whitespace\n\n    at c:\\Users\\LUZ RAMIREZ\\.vscode\\extensions\\uqbar.wollok-lsp-ide-0.5.2\\out\\server\\src\\server.js:2326:13026\n    at Array.map (<anonymous>)\n    at D1n (c:\\Users\\LUZ RAMIREZ\\.vscode\\extensions\\uqbar.wollok-lsp-ide-0.5.2\\out\\server\\src\\server.js:2326:12950)\n    at W2.buildEnvironmentFrom (c:\\Users\\LUZ RAMIREZ\\.vscode\\extensions\\uqbar.wollok-lsp-ide-0.5.2\\out\\server\\src\\server.js:2371:5254)\n    at W2.updateEnvironmentWith (c:\\Users\\LUZ RAMIREZ\\.vscode\\extensions\\uqbar.wollok-lsp-ide-0.5.2\\out\\server\\src\\server.js:2371:4989)\n    at GF (c:\\Users\\LUZ RAMIREZ\\.vscode\\extensions\\uqbar.wollok-lsp-ide-0.5.2\\out\\server\\src\\server.js:2371:7383)\n    at L3.invoke (c:\\Users\\LUZ RAMIREZ\\.vscode\\extensions\\uqbar.wollok-lsp-ide-0.5.2\\out\\server\\src\\server.js:3:157326)\n    at o.fire (c:\\Users\\LUZ RAMIREZ\\.vscode\\extensions\\uqbar.wollok-lsp-ide-0.5.2\\out\\server\\src\\server.js:3:158096)\n    at c:\\Users\\LUZ RAMIREZ\\.vscode\\extensions\\uqbar.wollok-lsp-ide-0.5.2\\out\\server\\src\\server.js:37:57871\n    at Kr (c:\\Users\\LUZ RAMIREZ\\.vscode\\extensions\\uqbar.wollok-lsp-ide-0.5.2\\out\\server\\src\\server.js:8:1561)","timestamp":"2025-07-03T18:17:53.779Z"}
{"level":"info","message":"⌛ Building environment","timeElapsed":528,"timestamp":"2025-07-03T18:17:54.770Z"}
{"level":"info","message":"⌛ Validating enemigos.wlk","timeElapsed":538,"timestamp":"2025-07-03T18:17:55.347Z"}
{"level":"info","message":"⌛ Building environment","timeElapsed":406,"timestamp":"2025-07-03T18:18:22.291Z"}
{"level":"info","message":"⌛ Validating enemigos.wlk","timeElapsed":447,"timestamp":"2025-07-03T18:18:22.874Z"}
{"level":"info","message":"⌛ Building environment","timeElapsed":492,"timestamp":"2025-07-03T18:18:23.376Z"}
{"level":"info","message":"⌛ Building environment","timeElapsed":389,"timestamp":"2025-07-03T18:18:23.905Z"}
{"level":"info","message":"⌛ Validating enemigos.wlk","timeElapsed":463,"timestamp":"2025-07-03T18:18:24.626Z"}
{"level":"info","message":"⌛ Building environment","timeElapsed":640,"timestamp":"2025-07-03T18:18:25.279Z"}
{"level":"info","message":"⌛ Building environment","timeElapsed":381,"timestamp":"2025-07-03T18:18:25.679Z"}
{"level":"info","message":"⌛ Validating enemigos.wlk","timeElapsed":499,"timestamp":"2025-07-03T18:18:26.180Z"}
{"level":"info","message":"⌛ Building environment","timeElapsed":619,"timestamp":"2025-07-03T18:18:26.847Z"}
{"level":"info","message":"⌛ Building environment","timeElapsed":381,"timestamp":"2025-07-03T18:18:27.275Z"}
{"level":"info","message":"⌛ Building environment","timeElapsed":316,"timestamp":"2025-07-03T18:18:27.624Z"}
{"level":"info","message":"⌛ Building environment","timeElapsed":297,"timestamp":"2025-07-03T18:18:27.924Z"}
{"level":"info","message":"⌛ Building environment","timeElapsed":621,"timestamp":"2025-07-03T18:18:28.548Z"}
{"level":"info","message":"⌛ Validating enemigos.wlk","timeElapsed":543,"timestamp":"2025-07-03T18:18:29.326Z"}
{"level":"info","message":"⌛ Building environment","timeElapsed":831,"timestamp":"2025-07-03T18:18:30.216Z"}
{"level":"info","message":"⌛ Validating enemigos.wlk","timeElapsed":497,"timestamp":"2025-07-03T18:18:30.839Z"}
{"level":"info","message":"⌛ Building environment","timeElapsed":423,"timestamp":"2025-07-03T18:18:31.265Z"}
{"level":"info","message":"⌛ Building environment","timeElapsed":422,"timestamp":"2025-07-03T18:18:31.694Z"}
{"level":"error","message":"✘ Completions for node If ([38:9, 39:45] - enemigos.wlk) failed: Error: [If]{73ce21} at enemigos.wlk:38 exhausted all cases without a match [If]{73ce21} at enemigos.wlk:38 exhausted all cases without a match","stack":"Error: [If]{73ce21} at enemigos.wlk:38 exhausted all cases without a match\n    at c:\\Users\\LUZ RAMIREZ\\.vscode\\extensions\\uqbar.wollok-lsp-ide-0.5.2\\out\\server\\src\\server.js:38:6142\n    at C2 (c:\\Users\\LUZ RAMIREZ\\.vscode\\extensions\\uqbar.wollok-lsp-ide-0.5.2\\out\\server\\src\\server.js:2362:42)\n    at Gh (c:\\Users\\LUZ RAMIREZ\\.vscode\\extensions\\uqbar.wollok-lsp-ide-0.5.2\\out\\server\\src\\server.js:2362:1092)\n    at l8n (c:\\Users\\LUZ RAMIREZ\\.vscode\\extensions\\uqbar.wollok-lsp-ide-0.5.2\\out\\server\\src\\server.js:2362:1248)\n    at c:\\Users\\LUZ RAMIREZ\\.vscode\\extensions\\uqbar.wollok-lsp-ide-0.5.2\\out\\server\\src\\server.js:38:6131\n    at C2 (c:\\Users\\LUZ RAMIREZ\\.vscode\\extensions\\uqbar.wollok-lsp-ide-0.5.2\\out\\server\\src\\server.js:2362:42)\n    at c:\\Users\\LUZ RAMIREZ\\.vscode\\extensions\\uqbar.wollok-lsp-ide-0.5.2\\out\\server\\src\\server.js:2362:2988\n    at c:\\Users\\LUZ RAMIREZ\\.vscode\\extensions\\uqbar.wollok-lsp-ide-0.5.2\\out\\server\\src\\server.js:2371:8440\n    at c:\\Users\\LUZ RAMIREZ\\.vscode\\extensions\\uqbar.wollok-lsp-ide-0.5.2\\out\\server\\src\\server.js:37:74872\n    at Ye (c:\\Users\\LUZ RAMIREZ\\.vscode\\extensions\\uqbar.wollok-lsp-ide-0.5.2\\out\\server\\src\\server.js:7:8527)","timestamp":"2025-07-03T18:18:31.787Z"}
{"level":"info","message":"⌛ Building environment","timeElapsed":363,"timestamp":"2025-07-03T18:18:32.162Z"}
{"level":"info","message":"⌛ Building environment","timeElapsed":408,"timestamp":"2025-07-03T18:18:32.617Z"}
{"level":"info","message":"⌛ Building environment","timeElapsed":399,"timestamp":"2025-07-03T18:18:33.018Z"}
{"level":"info","message":"⌛ Building environment","timeElapsed":570,"timestamp":"2025-07-03T18:18:33.595Z"}
{"level":"info","message":"⌛ Building environment","timeElapsed":571,"timestamp":"2025-07-03T18:18:34.166Z"}
{"level":"info","message":"⌛ Validating enemigos.wlk","timeElapsed":407,"timestamp":"2025-07-03T18:18:34.577Z"}
{"level":"info","message":"⌛ Building environment","timeElapsed":299,"timestamp":"2025-07-03T18:18:34.890Z"}
{"level":"info","message":"⌛ Building environment","timeElapsed":338,"timestamp":"2025-07-03T18:18:35.229Z"}
{"level":"info","message":"⌛ Validating enemigos.wlk","timeElapsed":442,"timestamp":"2025-07-03T18:18:35.674Z"}
{"level":"info","message":"⌛ Validating enemigos.wlk","timeElapsed":381,"timestamp":"2025-07-03T18:18:36.094Z"}
{"level":"info","message":"⌛ Validating enemigos.wlk","timeElapsed":363,"timestamp":"2025-07-03T18:18:36.465Z"}
{"level":"info","message":"⌛ Building environment","timeElapsed":897,"timestamp":"2025-07-03T18:18:37.367Z"}
{"level":"info","message":"⌛ Building environment","timeElapsed":301,"timestamp":"2025-07-03T18:18:37.679Z"}
{"level":"info","message":"⌛ Validating enemigos.wlk","timeElapsed":374,"timestamp":"2025-07-03T18:18:38.164Z"}
{"level":"info","message":"⌛ Building environment","timeElapsed":350,"timestamp":"2025-07-03T18:18:38.532Z"}
{"level":"info","message":"⌛ Building environment","timeElapsed":332,"timestamp":"2025-07-03T18:18:38.890Z"}
{"level":"info","message":"⌛ Building environment","timeElapsed":314,"timestamp":"2025-07-03T18:18:39.207Z"}
{"level":"info","message":"⌛ Building environment","timeElapsed":297,"timestamp":"2025-07-03T18:18:39.561Z"}
{"level":"info","message":"⌛ Building environment","timeElapsed":296,"timestamp":"2025-07-03T18:18:39.859Z"}
{"level":"info","message":"⌛ Building environment","timeElapsed":289,"timestamp":"2025-07-03T18:18:40.179Z"}
{"level":"info","message":"⌛ Building environment","timeElapsed":299,"timestamp":"2025-07-03T18:18:40.482Z"}
{"level":"info","message":"⌛ Building environment","timeElapsed":298,"timestamp":"2025-07-03T18:18:40.831Z"}
{"level":"info","message":"⌛ Validating enemigos.wlk","timeElapsed":361,"timestamp":"2025-07-03T18:18:41.195Z"}
{"level":"info","message":"⌛ Building environment","timeElapsed":664,"timestamp":"2025-07-03T18:18:41.876Z"}
{"level":"info","message":"⌛ Building environment","timeElapsed":279,"timestamp":"2025-07-03T18:18:42.192Z"}
{"level":"info","message":"⌛ Building environment","timeElapsed":313,"timestamp":"2025-07-03T18:18:42.511Z"}
{"level":"info","message":"⌛ Building environment","timeElapsed":300,"timestamp":"2025-07-03T18:18:42.957Z"}
{"level":"info","message":"⌛ Building environment","timeElapsed":293,"timestamp":"2025-07-03T18:18:43.256Z"}
{"level":"info","message":"⌛ Validating enemigos.wlk","timeElapsed":371,"timestamp":"2025-07-03T18:18:43.630Z"}
{"level":"info","message":"⌛ Building environment","timeElapsed":285,"timestamp":"2025-07-03T18:18:43.916Z"}
{"level":"info","message":"⌛ Building environment","timeElapsed":316,"timestamp":"2025-07-03T18:18:44.285Z"}
{"level":"info","message":"⌛ Validating enemigos.wlk","timeElapsed":1097,"timestamp":"2025-07-03T18:18:45.407Z"}
{"level":"info","message":"⌛ Building environment","timeElapsed":400,"timestamp":"2025-07-03T18:18:45.851Z"}
{"level":"info","message":"⌛ Validating enemigos.wlk","timeElapsed":437,"timestamp":"2025-07-03T18:18:46.295Z"}
{"level":"info","message":"⌛ Building environment","timeElapsed":375,"timestamp":"2025-07-03T18:18:46.674Z"}
{"level":"info","message":"⌛ Building environment","timeElapsed":360,"timestamp":"2025-07-03T18:18:47.041Z"}
{"level":"info","message":"⌛ Validating enemigos.wlk","timeElapsed":363,"timestamp":"2025-07-03T18:18:47.404Z"}
{"level":"info","message":"⌛ Building environment","timeElapsed":290,"timestamp":"2025-07-03T18:18:47.701Z"}
{"level":"info","message":"⌛ Validating enemigos.wlk","timeElapsed":347,"timestamp":"2025-07-03T18:18:48.106Z"}
{"level":"info","message":"⌛ Building environment","timeElapsed":526,"timestamp":"2025-07-03T18:18:48.641Z"}
{"level":"info","message":"⌛ Validating enemigos.wlk","timeElapsed":378,"timestamp":"2025-07-03T18:18:49.056Z"}
{"level":"info","message":"⌛ Validating enemigos.wlk","timeElapsed":663,"timestamp":"2025-07-03T18:18:49.731Z"}
{"level":"info","message":"⌛ Validating enemigos.wlk","timeElapsed":386,"timestamp":"2025-07-03T18:18:50.142Z"}
{"level":"info","message":"⌛ Validating enemigos.wlk","timeElapsed":397,"timestamp":"2025-07-03T18:18:50.543Z"}
{"level":"info","message":"⌛ Validating enemigos.wlk","timeElapsed":394,"timestamp":"2025-07-03T18:18:51.005Z"}
{"level":"info","message":"⌛ Validating enemigos.wlk","timeElapsed":342,"timestamp":"2025-07-03T18:18:51.348Z"}
{"level":"info","message":"⌛ Validating enemigos.wlk","timeElapsed":374,"timestamp":"2025-07-03T18:18:51.760Z"}
{"level":"info","message":"⌛ Validating enemigos.wlk","timeElapsed":576,"timestamp":"2025-07-03T18:18:52.341Z"}
{"level":"info","message":"⌛ Validating enemigos.wlk","timeElapsed":533,"timestamp":"2025-07-03T18:18:52.891Z"}
{"level":"info","message":"⌛ Validating enemigos.wlk","timeElapsed":407,"timestamp":"2025-07-03T18:18:53.303Z"}
{"level":"info","message":"⌛ Validating enemigos.wlk","timeElapsed":477,"timestamp":"2025-07-03T18:18:53.781Z"}
{"level":"info","message":"⌛ Validating enemigos.wlk","timeElapsed":635,"timestamp":"2025-07-03T18:18:54.417Z"}
{"level":"info","message":"⌛ Validating enemigos.wlk","timeElapsed":368,"timestamp":"2025-07-03T18:18:54.789Z"}
{"level":"info","message":"⌛ Validating enemigos.wlk","timeElapsed":647,"timestamp":"2025-07-03T18:18:55.437Z"}
{"level":"info","message":"⌛ Validating enemigos.wlk","timeElapsed":347,"timestamp":"2025-07-03T18:18:55.814Z"}
{"level":"info","message":"⌛ Validating enemigos.wlk","timeElapsed":433,"timestamp":"2025-07-03T18:18:56.248Z"}
{"level":"info","message":"⌛ Validating enemigos.wlk","timeElapsed":358,"timestamp":"2025-07-03T18:18:56.606Z"}
{"level":"info","message":"⌛ Validating enemigos.wlk","timeElapsed":405,"timestamp":"2025-07-03T18:18:57.016Z"}
{"level":"info","message":"⌛ Validating enemigos.wlk","timeElapsed":356,"timestamp":"2025-07-03T18:18:57.377Z"}
{"level":"info","message":"⌛ Validating enemigos.wlk","timeElapsed":326,"timestamp":"2025-07-03T18:18:57.719Z"}
{"level":"info","message":"⌛ Validating enemigos.wlk","timeElapsed":348,"timestamp":"2025-07-03T18:18:58.067Z"}
{"level":"info","message":"⌛ Building environment","timeElapsed":569,"timestamp":"2025-07-03T18:18:58.645Z"}
{"level":"info","message":"⌛ Building environment","timeElapsed":344,"timestamp":"2025-07-03T18:18:58.994Z"}
{"level":"info","message":"⌛ Building environment","timeElapsed":835,"timestamp":"2025-07-03T18:19:00.012Z"}
{"level":"info","message":"⌛ Building environment","timeElapsed":291,"timestamp":"2025-07-03T18:19:00.348Z"}
{"level":"info","message":"⌛ Validating enemigos.wlk","timeElapsed":384,"timestamp":"2025-07-03T18:19:00.767Z"}
{"level":"info","message":"⌛ Building environment","timeElapsed":301,"timestamp":"2025-07-03T18:19:01.088Z"}
{"level":"info","message":"⌛ Building environment","timeElapsed":337,"timestamp":"2025-07-03T18:19:01.429Z"}
{"level":"info","message":"⌛ Building environment","timeElapsed":282,"timestamp":"2025-07-03T18:19:01.744Z"}
{"level":"info","message":"⌛ Building environment","timeElapsed":298,"timestamp":"2025-07-03T18:19:02.045Z"}
{"level":"info","message":"⌛ Validating enemigos.wlk","timeElapsed":332,"timestamp":"2025-07-03T18:19:02.441Z"}
{"level":"info","message":"⌛ Validating enemigos.wlk","timeElapsed":341,"timestamp":"2025-07-03T18:19:02.801Z"}
{"level":"info","message":"⌛ Validating enemigos.wlk","timeElapsed":472,"timestamp":"2025-07-03T18:19:03.493Z"}
{"level":"error","message":"✘ Failed to rebuild document Failed to parse enemigos.wlk: \n-- PARSING FAILED --------------------------------------------------\n\n  53 |         game.removeVisual(self)\n  54 |         administradorDeEnemigos.eliminarEnemigo(self)\n> 55 |     }\n     |     ^\n  56 | }\n  57 | \n\nExpected one of the following: \n\n'@', 'class', 'const', 'describe', 'mixin', 'object', 'only', 'package', 'program', 'test', 'var', '{', EOF, comment, not \"}\r\n\", whitespace\n","stack":"Error: Failed to parse enemigos.wlk: \n-- PARSING FAILED --------------------------------------------------\n\n  53 |         game.removeVisual(self)\n  54 |         administradorDeEnemigos.eliminarEnemigo(self)\n> 55 |     }\n     |     ^\n  56 | }\n  57 | \n\nExpected one of the following: \n\n'@', 'class', 'const', 'describe', 'mixin', 'object', 'only', 'package', 'program', 'test', 'var', '{', EOF, comment, not \"}\r\n\", whitespace\n\n    at c:\\Users\\LUZ RAMIREZ\\.vscode\\extensions\\uqbar.wollok-lsp-ide-0.5.2\\out\\server\\src\\server.js:2326:13026\n    at Array.map (<anonymous>)\n    at D1n (c:\\Users\\LUZ RAMIREZ\\.vscode\\extensions\\uqbar.wollok-lsp-ide-0.5.2\\out\\server\\src\\server.js:2326:12950)\n    at W2.buildEnvironmentFrom (c:\\Users\\LUZ RAMIREZ\\.vscode\\extensions\\uqbar.wollok-lsp-ide-0.5.2\\out\\server\\src\\server.js:2371:5254)\n    at W2.updateEnvironmentWith (c:\\Users\\LUZ RAMIREZ\\.vscode\\extensions\\uqbar.wollok-lsp-ide-0.5.2\\out\\server\\src\\server.js:2371:4989)\n    at GF (c:\\Users\\LUZ RAMIREZ\\.vscode\\extensions\\uqbar.wollok-lsp-ide-0.5.2\\out\\server\\src\\server.js:2371:7383)\n    at L3.invoke (c:\\Users\\LUZ RAMIREZ\\.vscode\\extensions\\uqbar.wollok-lsp-ide-0.5.2\\out\\server\\src\\server.js:3:157326)\n    at o.fire (c:\\Users\\LUZ RAMIREZ\\.vscode\\extensions\\uqbar.wollok-lsp-ide-0.5.2\\out\\server\\src\\server.js:3:158096)\n    at c:\\Users\\LUZ RAMIREZ\\.vscode\\extensions\\uqbar.wollok-lsp-ide-0.5.2\\out\\server\\src\\server.js:37:57871\n    at Kr (c:\\Users\\LUZ RAMIREZ\\.vscode\\extensions\\uqbar.wollok-lsp-ide-0.5.2\\out\\server\\src\\server.js:8:1561)","timestamp":"2025-07-03T18:19:03.710Z"}
{"level":"error","message":"✘ Failed to rebuild document Failed to parse enemigos.wlk: \n-- PARSING FAILED --------------------------------------------------\n\n  53 |         game.removeVisual(self)\n  54 |         administradorDeEnemigos.eliminarEnemigo(self)\n> 55 |     }\n     |     ^\n  56 | }\n  57 | \n\nExpected one of the following: \n\n'@', 'class', 'const', 'describe', 'mixin', 'object', 'only', 'package', 'program', 'test', 'var', '{', EOF, comment, not \"}\r\n\", whitespace\n","stack":"Error: Failed to parse enemigos.wlk: \n-- PARSING FAILED --------------------------------------------------\n\n  53 |         game.removeVisual(self)\n  54 |         administradorDeEnemigos.eliminarEnemigo(self)\n> 55 |     }\n     |     ^\n  56 | }\n  57 | \n\nExpected one of the following: \n\n'@', 'class', 'const', 'describe', 'mixin', 'object', 'only', 'package', 'program', 'test', 'var', '{', EOF, comment, not \"}\r\n\", whitespace\n\n    at c:\\Users\\LUZ RAMIREZ\\.vscode\\extensions\\uqbar.wollok-lsp-ide-0.5.2\\out\\server\\src\\server.js:2326:13026\n    at Array.map (<anonymous>)\n    at D1n (c:\\Users\\LUZ RAMIREZ\\.vscode\\extensions\\uqbar.wollok-lsp-ide-0.5.2\\out\\server\\src\\server.js:2326:12950)\n    at W2.buildEnvironmentFrom (c:\\Users\\LUZ RAMIREZ\\.vscode\\extensions\\uqbar.wollok-lsp-ide-0.5.2\\out\\server\\src\\server.js:2371:5254)\n    at W2.updateEnvironmentWith (c:\\Users\\LUZ RAMIREZ\\.vscode\\extensions\\uqbar.wollok-lsp-ide-0.5.2\\out\\server\\src\\server.js:2371:4989)\n    at GF (c:\\Users\\LUZ RAMIREZ\\.vscode\\extensions\\uqbar.wollok-lsp-ide-0.5.2\\out\\server\\src\\server.js:2371:7383)\n    at L3.invoke (c:\\Users\\LUZ RAMIREZ\\.vscode\\extensions\\uqbar.wollok-lsp-ide-0.5.2\\out\\server\\src\\server.js:3:157326)\n    at o.fire (c:\\Users\\LUZ RAMIREZ\\.vscode\\extensions\\uqbar.wollok-lsp-ide-0.5.2\\out\\server\\src\\server.js:3:158096)\n    at c:\\Users\\LUZ RAMIREZ\\.vscode\\extensions\\uqbar.wollok-lsp-ide-0.5.2\\out\\server\\src\\server.js:37:57871\n    at Kr (c:\\Users\\LUZ RAMIREZ\\.vscode\\extensions\\uqbar.wollok-lsp-ide-0.5.2\\out\\server\\src\\server.js:8:1561)","timestamp":"2025-07-03T18:19:03.771Z"}
{"level":"info","message":"⌛ Validating enemigos.wlk","timeElapsed":346,"timestamp":"2025-07-03T18:19:04.126Z"}
{"level":"error","message":"✘ Failed to rebuild document Failed to parse enemigos.wlk: \n-- PARSING FAILED --------------------------------------------------\n\n  53 |         game.removeVisual(self)\n  54 |         administradorDeEnemigos.eliminarEnemigo(self)\n> 55 |     }\n     |     ^\n  56 | }\n  57 | \n\nExpected one of the following: \n\n'@', 'class', 'const', 'describe', 'mixin', 'object', 'only', 'package', 'program', 'test', 'var', '{', EOF, comment, not \"}\r\n\", whitespace\n","stack":"Error: Failed to parse enemigos.wlk: \n-- PARSING FAILED --------------------------------------------------\n\n  53 |         game.removeVisual(self)\n  54 |         administradorDeEnemigos.eliminarEnemigo(self)\n> 55 |     }\n     |     ^\n  56 | }\n  57 | \n\nExpected one of the following: \n\n'@', 'class', 'const', 'describe', 'mixin', 'object', 'only', 'package', 'program', 'test', 'var', '{', EOF, comment, not \"}\r\n\", whitespace\n\n    at c:\\Users\\LUZ RAMIREZ\\.vscode\\extensions\\uqbar.wollok-lsp-ide-0.5.2\\out\\server\\src\\server.js:2326:13026\n    at Array.map (<anonymous>)\n    at D1n (c:\\Users\\LUZ RAMIREZ\\.vscode\\extensions\\uqbar.wollok-lsp-ide-0.5.2\\out\\server\\src\\server.js:2326:12950)\n    at W2.buildEnvironmentFrom (c:\\Users\\LUZ RAMIREZ\\.vscode\\extensions\\uqbar.wollok-lsp-ide-0.5.2\\out\\server\\src\\server.js:2371:5254)\n    at W2.updateEnvironmentWith (c:\\Users\\LUZ RAMIREZ\\.vscode\\extensions\\uqbar.wollok-lsp-ide-0.5.2\\out\\server\\src\\server.js:2371:4989)\n    at GF (c:\\Users\\LUZ RAMIREZ\\.vscode\\extensions\\uqbar.wollok-lsp-ide-0.5.2\\out\\server\\src\\server.js:2371:7383)\n    at L3.invoke (c:\\Users\\LUZ RAMIREZ\\.vscode\\extensions\\uqbar.wollok-lsp-ide-0.5.2\\out\\server\\src\\server.js:3:157326)\n    at o.fire (c:\\Users\\LUZ RAMIREZ\\.vscode\\extensions\\uqbar.wollok-lsp-ide-0.5.2\\out\\server\\src\\server.js:3:158096)\n    at c:\\Users\\LUZ RAMIREZ\\.vscode\\extensions\\uqbar.wollok-lsp-ide-0.5.2\\out\\server\\src\\server.js:37:57871\n    at Kr (c:\\Users\\LUZ RAMIREZ\\.vscode\\extensions\\uqbar.wollok-lsp-ide-0.5.2\\out\\server\\src\\server.js:8:1561)","timestamp":"2025-07-03T18:19:04.186Z"}
{"level":"error","message":"✘ Failed to rebuild document Failed to parse enemigos.wlk: \n-- PARSING FAILED --------------------------------------------------\n\n  53 |         game.removeVisual(self)\n  54 |         administradorDeEnemigos.eliminarEnemigo(self)\n> 55 |     }\n     |     ^\n  56 | }\n  57 | \n\nExpected one of the following: \n\n'@', 'class', 'const', 'describe', 'mixin', 'object', 'only', 'package', 'program', 'test', 'var', '{', EOF, comment, not \"}\r\n\", whitespace\n","stack":"Error: Failed to parse enemigos.wlk: \n-- PARSING FAILED --------------------------------------------------\n\n  53 |         game.removeVisual(self)\n  54 |         administradorDeEnemigos.eliminarEnemigo(self)\n> 55 |     }\n     |     ^\n  56 | }\n  57 | \n\nExpected one of the following: \n\n'@', 'class', 'const', 'describe', 'mixin', 'object', 'only', 'package', 'program', 'test', 'var', '{', EOF, comment, not \"}\r\n\", whitespace\n\n    at c:\\Users\\LUZ RAMIREZ\\.vscode\\extensions\\uqbar.wollok-lsp-ide-0.5.2\\out\\server\\src\\server.js:2326:13026\n    at Array.map (<anonymous>)\n    at D1n (c:\\Users\\LUZ RAMIREZ\\.vscode\\extensions\\uqbar.wollok-lsp-ide-0.5.2\\out\\server\\src\\server.js:2326:12950)\n    at W2.buildEnvironmentFrom (c:\\Users\\LUZ RAMIREZ\\.vscode\\extensions\\uqbar.wollok-lsp-ide-0.5.2\\out\\server\\src\\server.js:2371:5254)\n    at W2.updateEnvironmentWith (c:\\Users\\LUZ RAMIREZ\\.vscode\\extensions\\uqbar.wollok-lsp-ide-0.5.2\\out\\server\\src\\server.js:2371:4989)\n    at GF (c:\\Users\\LUZ RAMIREZ\\.vscode\\extensions\\uqbar.wollok-lsp-ide-0.5.2\\out\\server\\src\\server.js:2371:7383)\n    at L3.invoke (c:\\Users\\LUZ RAMIREZ\\.vscode\\extensions\\uqbar.wollok-lsp-ide-0.5.2\\out\\server\\src\\server.js:3:157326)\n    at o.fire (c:\\Users\\LUZ RAMIREZ\\.vscode\\extensions\\uqbar.wollok-lsp-ide-0.5.2\\out\\server\\src\\server.js:3:158096)\n    at c:\\Users\\LUZ RAMIREZ\\.vscode\\extensions\\uqbar.wollok-lsp-ide-0.5.2\\out\\server\\src\\server.js:37:57871\n    at Kr (c:\\Users\\LUZ RAMIREZ\\.vscode\\extensions\\uqbar.wollok-lsp-ide-0.5.2\\out\\server\\src\\server.js:8:1561)","timestamp":"2025-07-03T18:19:04.274Z"}
{"level":"error","message":"✘ Failed to rebuild document Failed to parse enemigos.wlk: \n-- PARSING FAILED --------------------------------------------------\n\n  53 |         game.removeVisual(self)\n  54 |         administradorDeEnemigos.eliminarEnemigo(self)\n> 55 |     }\n     |     ^\n  56 | }\n  57 | \n\nExpected one of the following: \n\n'@', 'class', 'const', 'describe', 'mixin', 'object', 'only', 'package', 'program', 'test', 'var', '{', EOF, comment, not \"}\r\n\", whitespace\n","stack":"Error: Failed to parse enemigos.wlk: \n-- PARSING FAILED --------------------------------------------------\n\n  53 |         game.removeVisual(self)\n  54 |         administradorDeEnemigos.eliminarEnemigo(self)\n> 55 |     }\n     |     ^\n  56 | }\n  57 | \n\nExpected one of the following: \n\n'@', 'class', 'const', 'describe', 'mixin', 'object', 'only', 'package', 'program', 'test', 'var', '{', EOF, comment, not \"}\r\n\", whitespace\n\n    at c:\\Users\\LUZ RAMIREZ\\.vscode\\extensions\\uqbar.wollok-lsp-ide-0.5.2\\out\\server\\src\\server.js:2326:13026\n    at Array.map (<anonymous>)\n    at D1n (c:\\Users\\LUZ RAMIREZ\\.vscode\\extensions\\uqbar.wollok-lsp-ide-0.5.2\\out\\server\\src\\server.js:2326:12950)\n    at W2.buildEnvironmentFrom (c:\\Users\\LUZ RAMIREZ\\.vscode\\extensions\\uqbar.wollok-lsp-ide-0.5.2\\out\\server\\src\\server.js:2371:5254)\n    at W2.updateEnvironmentWith (c:\\Users\\LUZ RAMIREZ\\.vscode\\extensions\\uqbar.wollok-lsp-ide-0.5.2\\out\\server\\src\\server.js:2371:4989)\n    at GF (c:\\Users\\LUZ RAMIREZ\\.vscode\\extensions\\uqbar.wollok-lsp-ide-0.5.2\\out\\server\\src\\server.js:2371:7383)\n    at L3.invoke (c:\\Users\\LUZ RAMIREZ\\.vscode\\extensions\\uqbar.wollok-lsp-ide-0.5.2\\out\\server\\src\\server.js:3:157326)\n    at o.fire (c:\\Users\\LUZ RAMIREZ\\.vscode\\extensions\\uqbar.wollok-lsp-ide-0.5.2\\out\\server\\src\\server.js:3:158096)\n    at c:\\Users\\LUZ RAMIREZ\\.vscode\\extensions\\uqbar.wollok-lsp-ide-0.5.2\\out\\server\\src\\server.js:37:57871\n    at Kr (c:\\Users\\LUZ RAMIREZ\\.vscode\\extensions\\uqbar.wollok-lsp-ide-0.5.2\\out\\server\\src\\server.js:8:1561)","timestamp":"2025-07-03T18:19:04.340Z"}
{"level":"error","message":"✘ Failed to rebuild document Failed to parse enemigos.wlk: \n-- PARSING FAILED --------------------------------------------------\n\n  53 |         game.removeVisual(self)\n  54 |         administradorDeEnemigos.eliminarEnemigo(self)\n> 55 |     }\n     |     ^\n  56 | }\n  57 | \n\nExpected one of the following: \n\n'@', 'class', 'const', 'describe', 'mixin', 'object', 'only', 'package', 'program', 'test', 'var', '{', EOF, comment, not \"}\r\n\", whitespace\n","stack":"Error: Failed to parse enemigos.wlk: \n-- PARSING FAILED --------------------------------------------------\n\n  53 |         game.removeVisual(self)\n  54 |         administradorDeEnemigos.eliminarEnemigo(self)\n> 55 |     }\n     |     ^\n  56 | }\n  57 | \n\nExpected one of the following: \n\n'@', 'class', 'const', 'describe', 'mixin', 'object', 'only', 'package', 'program', 'test', 'var', '{', EOF, comment, not \"}\r\n\", whitespace\n\n    at c:\\Users\\LUZ RAMIREZ\\.vscode\\extensions\\uqbar.wollok-lsp-ide-0.5.2\\out\\server\\src\\server.js:2326:13026\n    at Array.map (<anonymous>)\n    at D1n (c:\\Users\\LUZ RAMIREZ\\.vscode\\extensions\\uqbar.wollok-lsp-ide-0.5.2\\out\\server\\src\\server.js:2326:12950)\n    at W2.buildEnvironmentFrom (c:\\Users\\LUZ RAMIREZ\\.vscode\\extensions\\uqbar.wollok-lsp-ide-0.5.2\\out\\server\\src\\server.js:2371:5254)\n    at W2.updateEnvironmentWith (c:\\Users\\LUZ RAMIREZ\\.vscode\\extensions\\uqbar.wollok-lsp-ide-0.5.2\\out\\server\\src\\server.js:2371:4989)\n    at GF (c:\\Users\\LUZ RAMIREZ\\.vscode\\extensions\\uqbar.wollok-lsp-ide-0.5.2\\out\\server\\src\\server.js:2371:7383)\n    at L3.invoke (c:\\Users\\LUZ RAMIREZ\\.vscode\\extensions\\uqbar.wollok-lsp-ide-0.5.2\\out\\server\\src\\server.js:3:157326)\n    at o.fire (c:\\Users\\LUZ RAMIREZ\\.vscode\\extensions\\uqbar.wollok-lsp-ide-0.5.2\\out\\server\\src\\server.js:3:158096)\n    at c:\\Users\\LUZ RAMIREZ\\.vscode\\extensions\\uqbar.wollok-lsp-ide-0.5.2\\out\\server\\src\\server.js:37:57871\n    at Kr (c:\\Users\\LUZ RAMIREZ\\.vscode\\extensions\\uqbar.wollok-lsp-ide-0.5.2\\out\\server\\src\\server.js:8:1561)","timestamp":"2025-07-03T18:19:04.400Z"}
{"level":"error","message":"✘ Failed to rebuild document Failed to parse enemigos.wlk: \n-- PARSING FAILED --------------------------------------------------\n\n  53 |         game.removeVisual(self)\n  54 |         administradorDeEnemigos.eliminarEnemigo(self)\n> 55 |     }\n     |     ^\n  56 | }\n  57 | \n\nExpected one of the following: \n\n'@', 'class', 'const', 'describe', 'mixin', 'object', 'only', 'package', 'program', 'test', 'var', '{', EOF, comment, not \"}\r\n\", whitespace\n","stack":"Error: Failed to parse enemigos.wlk: \n-- PARSING FAILED --------------------------------------------------\n\n  53 |         game.removeVisual(self)\n  54 |         administradorDeEnemigos.eliminarEnemigo(self)\n> 55 |     }\n     |     ^\n  56 | }\n  57 | \n\nExpected one of the following: \n\n'@', 'class', 'const', 'describe', 'mixin', 'object', 'only', 'package', 'program', 'test', 'var', '{', EOF, comment, not \"}\r\n\", whitespace\n\n    at c:\\Users\\LUZ RAMIREZ\\.vscode\\extensions\\uqbar.wollok-lsp-ide-0.5.2\\out\\server\\src\\server.js:2326:13026\n    at Array.map (<anonymous>)\n    at D1n (c:\\Users\\LUZ RAMIREZ\\.vscode\\extensions\\uqbar.wollok-lsp-ide-0.5.2\\out\\server\\src\\server.js:2326:12950)\n    at W2.buildEnvironmentFrom (c:\\Users\\LUZ RAMIREZ\\.vscode\\extensions\\uqbar.wollok-lsp-ide-0.5.2\\out\\server\\src\\server.js:2371:5254)\n    at W2.updateEnvironmentWith (c:\\Users\\LUZ RAMIREZ\\.vscode\\extensions\\uqbar.wollok-lsp-ide-0.5.2\\out\\server\\src\\server.js:2371:4989)\n    at GF (c:\\Users\\LUZ RAMIREZ\\.vscode\\extensions\\uqbar.wollok-lsp-ide-0.5.2\\out\\server\\src\\server.js:2371:7383)\n    at L3.invoke (c:\\Users\\LUZ RAMIREZ\\.vscode\\extensions\\uqbar.wollok-lsp-ide-0.5.2\\out\\server\\src\\server.js:3:157326)\n    at o.fire (c:\\Users\\LUZ RAMIREZ\\.vscode\\extensions\\uqbar.wollok-lsp-ide-0.5.2\\out\\server\\src\\server.js:3:158096)\n    at c:\\Users\\LUZ RAMIREZ\\.vscode\\extensions\\uqbar.wollok-lsp-ide-0.5.2\\out\\server\\src\\server.js:37:57871\n    at Kr (c:\\Users\\LUZ RAMIREZ\\.vscode\\extensions\\uqbar.wollok-lsp-ide-0.5.2\\out\\server\\src\\server.js:8:1561)","timestamp":"2025-07-03T18:19:04.490Z"}
{"level":"error","message":"✘ Failed to rebuild document Failed to parse enemigos.wlk: \n-- PARSING FAILED --------------------------------------------------\n\n  53 |         game.removeVisual(self)\n  54 |         administradorDeEnemigos.eliminarEnemigo(self)\n> 55 |     }\n     |     ^\n  56 | }\n  57 | \n\nExpected one of the following: \n\n'@', 'class', 'const', 'describe', 'mixin', 'object', 'only', 'package', 'program', 'test', 'var', '{', EOF, comment, not \"}\r\n\", whitespace\n","stack":"Error: Failed to parse enemigos.wlk: \n-- PARSING FAILED --------------------------------------------------\n\n  53 |         game.removeVisual(self)\n  54 |         administradorDeEnemigos.eliminarEnemigo(self)\n> 55 |     }\n     |     ^\n  56 | }\n  57 | \n\nExpected one of the following: \n\n'@', 'class', 'const', 'describe', 'mixin', 'object', 'only', 'package', 'program', 'test', 'var', '{', EOF, comment, not \"}\r\n\", whitespace\n\n    at c:\\Users\\LUZ RAMIREZ\\.vscode\\extensions\\uqbar.wollok-lsp-ide-0.5.2\\out\\server\\src\\server.js:2326:13026\n    at Array.map (<anonymous>)\n    at D1n (c:\\Users\\LUZ RAMIREZ\\.vscode\\extensions\\uqbar.wollok-lsp-ide-0.5.2\\out\\server\\src\\server.js:2326:12950)\n    at W2.buildEnvironmentFrom (c:\\Users\\LUZ RAMIREZ\\.vscode\\extensions\\uqbar.wollok-lsp-ide-0.5.2\\out\\server\\src\\server.js:2371:5254)\n    at W2.updateEnvironmentWith (c:\\Users\\LUZ RAMIREZ\\.vscode\\extensions\\uqbar.wollok-lsp-ide-0.5.2\\out\\server\\src\\server.js:2371:4989)\n    at GF (c:\\Users\\LUZ RAMIREZ\\.vscode\\extensions\\uqbar.wollok-lsp-ide-0.5.2\\out\\server\\src\\server.js:2371:7383)\n    at L3.invoke (c:\\Users\\LUZ RAMIREZ\\.vscode\\extensions\\uqbar.wollok-lsp-ide-0.5.2\\out\\server\\src\\server.js:3:157326)\n    at o.fire (c:\\Users\\LUZ RAMIREZ\\.vscode\\extensions\\uqbar.wollok-lsp-ide-0.5.2\\out\\server\\src\\server.js:3:158096)\n    at c:\\Users\\LUZ RAMIREZ\\.vscode\\extensions\\uqbar.wollok-lsp-ide-0.5.2\\out\\server\\src\\server.js:37:57871\n    at Kr (c:\\Users\\LUZ RAMIREZ\\.vscode\\extensions\\uqbar.wollok-lsp-ide-0.5.2\\out\\server\\src\\server.js:8:1561)","timestamp":"2025-07-03T18:19:04.540Z"}
{"level":"error","message":"✘ Failed to rebuild document Failed to parse enemigos.wlk: \n-- PARSING FAILED --------------------------------------------------\n\n  53 |         game.removeVisual(self)\n  54 |         administradorDeEnemigos.eliminarEnemigo(self)\n> 55 |     }\n     |     ^\n  56 | }\n  57 | \n\nExpected one of the following: \n\n'@', 'class', 'const', 'describe', 'mixin', 'object', 'only', 'package', 'program', 'test', 'var', '{', EOF, comment, not \"}\r\n\", whitespace\n","stack":"Error: Failed to parse enemigos.wlk: \n-- PARSING FAILED --------------------------------------------------\n\n  53 |         game.removeVisual(self)\n  54 |         administradorDeEnemigos.eliminarEnemigo(self)\n> 55 |     }\n     |     ^\n  56 | }\n  57 | \n\nExpected one of the following: \n\n'@', 'class', 'const', 'describe', 'mixin', 'object', 'only', 'package', 'program', 'test', 'var', '{', EOF, comment, not \"}\r\n\", whitespace\n\n    at c:\\Users\\LUZ RAMIREZ\\.vscode\\extensions\\uqbar.wollok-lsp-ide-0.5.2\\out\\server\\src\\server.js:2326:13026\n    at Array.map (<anonymous>)\n    at D1n (c:\\Users\\LUZ RAMIREZ\\.vscode\\extensions\\uqbar.wollok-lsp-ide-0.5.2\\out\\server\\src\\server.js:2326:12950)\n    at W2.buildEnvironmentFrom (c:\\Users\\LUZ RAMIREZ\\.vscode\\extensions\\uqbar.wollok-lsp-ide-0.5.2\\out\\server\\src\\server.js:2371:5254)\n    at W2.updateEnvironmentWith (c:\\Users\\LUZ RAMIREZ\\.vscode\\extensions\\uqbar.wollok-lsp-ide-0.5.2\\out\\server\\src\\server.js:2371:4989)\n    at GF (c:\\Users\\LUZ RAMIREZ\\.vscode\\extensions\\uqbar.wollok-lsp-ide-0.5.2\\out\\server\\src\\server.js:2371:7383)\n    at L3.invoke (c:\\Users\\LUZ RAMIREZ\\.vscode\\extensions\\uqbar.wollok-lsp-ide-0.5.2\\out\\server\\src\\server.js:3:157326)\n    at o.fire (c:\\Users\\LUZ RAMIREZ\\.vscode\\extensions\\uqbar.wollok-lsp-ide-0.5.2\\out\\server\\src\\server.js:3:158096)\n    at c:\\Users\\LUZ RAMIREZ\\.vscode\\extensions\\uqbar.wollok-lsp-ide-0.5.2\\out\\server\\src\\server.js:37:57871\n    at Kr (c:\\Users\\LUZ RAMIREZ\\.vscode\\extensions\\uqbar.wollok-lsp-ide-0.5.2\\out\\server\\src\\server.js:8:1561)","timestamp":"2025-07-03T18:19:04.582Z"}
{"level":"error","message":"✘ Failed to rebuild document Failed to parse enemigos.wlk: \n-- PARSING FAILED --------------------------------------------------\n\n  53 |         game.removeVisual(self)\n  54 |         administradorDeEnemigos.eliminarEnemigo(self)\n> 55 |     }\n     |     ^\n  56 | }\n  57 | \n\nExpected one of the following: \n\n'@', 'class', 'const', 'describe', 'mixin', 'object', 'only', 'package', 'program', 'test', 'var', '{', EOF, comment, not \"}\r\n\", whitespace\n","stack":"Error: Failed to parse enemigos.wlk: \n-- PARSING FAILED --------------------------------------------------\n\n  53 |         game.removeVisual(self)\n  54 |         administradorDeEnemigos.eliminarEnemigo(self)\n> 55 |     }\n     |     ^\n  56 | }\n  57 | \n\nExpected one of the following: \n\n'@', 'class', 'const', 'describe', 'mixin', 'object', 'only', 'package', 'program', 'test', 'var', '{', EOF, comment, not \"}\r\n\", whitespace\n\n    at c:\\Users\\LUZ RAMIREZ\\.vscode\\extensions\\uqbar.wollok-lsp-ide-0.5.2\\out\\server\\src\\server.js:2326:13026\n    at Array.map (<anonymous>)\n    at D1n (c:\\Users\\LUZ RAMIREZ\\.vscode\\extensions\\uqbar.wollok-lsp-ide-0.5.2\\out\\server\\src\\server.js:2326:12950)\n    at W2.buildEnvironmentFrom (c:\\Users\\LUZ RAMIREZ\\.vscode\\extensions\\uqbar.wollok-lsp-ide-0.5.2\\out\\server\\src\\server.js:2371:5254)\n    at W2.updateEnvironmentWith (c:\\Users\\LUZ RAMIREZ\\.vscode\\extensions\\uqbar.wollok-lsp-ide-0.5.2\\out\\server\\src\\server.js:2371:4989)\n    at GF (c:\\Users\\LUZ RAMIREZ\\.vscode\\extensions\\uqbar.wollok-lsp-ide-0.5.2\\out\\server\\src\\server.js:2371:7383)\n    at L3.invoke (c:\\Users\\LUZ RAMIREZ\\.vscode\\extensions\\uqbar.wollok-lsp-ide-0.5.2\\out\\server\\src\\server.js:3:157326)\n    at o.fire (c:\\Users\\LUZ RAMIREZ\\.vscode\\extensions\\uqbar.wollok-lsp-ide-0.5.2\\out\\server\\src\\server.js:3:158096)\n    at c:\\Users\\LUZ RAMIREZ\\.vscode\\extensions\\uqbar.wollok-lsp-ide-0.5.2\\out\\server\\src\\server.js:37:57871\n    at Kr (c:\\Users\\LUZ RAMIREZ\\.vscode\\extensions\\uqbar.wollok-lsp-ide-0.5.2\\out\\server\\src\\server.js:8:1561)","timestamp":"2025-07-03T18:19:04.643Z"}
{"level":"error","message":"✘ Failed to rebuild document Failed to parse enemigos.wlk: \n-- PARSING FAILED --------------------------------------------------\n\n  53 |         game.removeVisual(self)\n  54 |         administradorDeEnemigos.eliminarEnemigo(self)\n> 55 |     }\n     |     ^\n  56 | }\n  57 | \n\nExpected one of the following: \n\n'@', 'class', 'const', 'describe', 'mixin', 'object', 'only', 'package', 'program', 'test', 'var', '{', EOF, comment, not \"}\r\n\", whitespace\n","stack":"Error: Failed to parse enemigos.wlk: \n-- PARSING FAILED --------------------------------------------------\n\n  53 |         game.removeVisual(self)\n  54 |         administradorDeEnemigos.eliminarEnemigo(self)\n> 55 |     }\n     |     ^\n  56 | }\n  57 | \n\nExpected one of the following: \n\n'@', 'class', 'const', 'describe', 'mixin', 'object', 'only', 'package', 'program', 'test', 'var', '{', EOF, comment, not \"}\r\n\", whitespace\n\n    at c:\\Users\\LUZ RAMIREZ\\.vscode\\extensions\\uqbar.wollok-lsp-ide-0.5.2\\out\\server\\src\\server.js:2326:13026\n    at Array.map (<anonymous>)\n    at D1n (c:\\Users\\LUZ RAMIREZ\\.vscode\\extensions\\uqbar.wollok-lsp-ide-0.5.2\\out\\server\\src\\server.js:2326:12950)\n    at W2.buildEnvironmentFrom (c:\\Users\\LUZ RAMIREZ\\.vscode\\extensions\\uqbar.wollok-lsp-ide-0.5.2\\out\\server\\src\\server.js:2371:5254)\n    at W2.updateEnvironmentWith (c:\\Users\\LUZ RAMIREZ\\.vscode\\extensions\\uqbar.wollok-lsp-ide-0.5.2\\out\\server\\src\\server.js:2371:4989)\n    at GF (c:\\Users\\LUZ RAMIREZ\\.vscode\\extensions\\uqbar.wollok-lsp-ide-0.5.2\\out\\server\\src\\server.js:2371:7383)\n    at L3.invoke (c:\\Users\\LUZ RAMIREZ\\.vscode\\extensions\\uqbar.wollok-lsp-ide-0.5.2\\out\\server\\src\\server.js:3:157326)\n    at o.fire (c:\\Users\\LUZ RAMIREZ\\.vscode\\extensions\\uqbar.wollok-lsp-ide-0.5.2\\out\\server\\src\\server.js:3:158096)\n    at c:\\Users\\LUZ RAMIREZ\\.vscode\\extensions\\uqbar.wollok-lsp-ide-0.5.2\\out\\server\\src\\server.js:37:57871\n    at Kr (c:\\Users\\LUZ RAMIREZ\\.vscode\\extensions\\uqbar.wollok-lsp-ide-0.5.2\\out\\server\\src\\server.js:8:1561)","timestamp":"2025-07-03T18:19:04.681Z"}
{"level":"info","message":"⌛ Building environment","timeElapsed":347,"timestamp":"2025-07-03T18:19:05.031Z"}
{"level":"info","message":"⌛ Building environment","timeElapsed":338,"timestamp":"2025-07-03T18:19:05.374Z"}
{"level":"info","message":"⌛ Building environment","timeElapsed":306,"timestamp":"2025-07-03T18:19:05.682Z"}
{"level":"info","message":"⌛ Building environment","timeElapsed":312,"timestamp":"2025-07-03T18:19:05.998Z"}
{"level":"info","message":"⌛ Building environment","timeElapsed":299,"timestamp":"2025-07-03T18:19:06.349Z"}
{"level":"info","message":"⌛ Building environment","timeElapsed":304,"timestamp":"2025-07-03T18:19:06.693Z"}
{"level":"info","message":"⌛ Building environment","timeElapsed":313,"timestamp":"2025-07-03T18:19:07.026Z"}
{"level":"info","message":"⌛ Building environment","timeElapsed":302,"timestamp":"2025-07-03T18:19:07.391Z"}
{"level":"info","message":"⌛ Building environment","timeElapsed":531,"timestamp":"2025-07-03T18:19:08.029Z"}
{"level":"info","message":"⌛ Building environment","timeElapsed":511,"timestamp":"2025-07-03T18:19:08.576Z"}
{"level":"error","message":"✘ Completions for node If ([38:9, 38:29] - enemigos.wlk) failed: Error: [If]{3c4640} at enemigos.wlk:38 exhausted all cases without a match [If]{3c4640} at enemigos.wlk:38 exhausted all cases without a match","stack":"Error: [If]{3c4640} at enemigos.wlk:38 exhausted all cases without a match\n    at c:\\Users\\LUZ RAMIREZ\\.vscode\\extensions\\uqbar.wollok-lsp-ide-0.5.2\\out\\server\\src\\server.js:38:6142\n    at C2 (c:\\Users\\LUZ RAMIREZ\\.vscode\\extensions\\uqbar.wollok-lsp-ide-0.5.2\\out\\server\\src\\server.js:2362:42)\n    at Gh (c:\\Users\\LUZ RAMIREZ\\.vscode\\extensions\\uqbar.wollok-lsp-ide-0.5.2\\out\\server\\src\\server.js:2362:1092)\n    at p8n (c:\\Users\\LUZ RAMIREZ\\.vscode\\extensions\\uqbar.wollok-lsp-ide-0.5.2\\out\\server\\src\\server.js:2362:818)\n    at c:\\Users\\LUZ RAMIREZ\\.vscode\\extensions\\uqbar.wollok-lsp-ide-0.5.2\\out\\server\\src\\server.js:38:6131\n    at C2 (c:\\Users\\LUZ RAMIREZ\\.vscode\\extensions\\uqbar.wollok-lsp-ide-0.5.2\\out\\server\\src\\server.js:2362:42)\n    at Gh (c:\\Users\\LUZ RAMIREZ\\.vscode\\extensions\\uqbar.wollok-lsp-ide-0.5.2\\out\\server\\src\\server.js:2362:1092)\n    at l8n (c:\\Users\\LUZ RAMIREZ\\.vscode\\extensions\\uqbar.wollok-lsp-ide-0.5.2\\out\\server\\src\\server.js:2362:1248)\n    at c:\\Users\\LUZ RAMIREZ\\.vscode\\extensions\\uqbar.wollok-lsp-ide-0.5.2\\out\\server\\src\\server.js:38:6131\n    at C2 (c:\\Users\\LUZ RAMIREZ\\.vscode\\extensions\\uqbar.wollok-lsp-ide-0.5.2\\out\\server\\src\\server.js:2362:42)","timestamp":"2025-07-03T18:19:08.719Z"}
{"level":"info","message":"⌛ Building environment","timeElapsed":476,"timestamp":"2025-07-03T18:19:09.228Z"}
{"level":"info","message":"⌛ Validating enemigos.wlk","timeElapsed":369,"timestamp":"2025-07-03T18:19:09.683Z"}
{"level":"info","message":"⌛ Validating enemigos.wlk","timeElapsed":359,"timestamp":"2025-07-03T18:19:10.047Z"}
{"level":"info","message":"⌛ Building environment","timeElapsed":576,"timestamp":"2025-07-03T18:19:10.671Z"}
{"level":"info","message":"⌛ Building environment","timeElapsed":331,"timestamp":"2025-07-03T18:19:11.028Z"}
{"level":"info","message":"⌛ Validating enemigos.wlk","timeElapsed":387,"timestamp":"2025-07-03T18:19:11.451Z"}
{"level":"info","message":"⌛ Validating enemigos.wlk","timeElapsed":655,"timestamp":"2025-07-03T18:19:12.138Z"}
{"level":"info","message":"⌛ Validating enemigos.wlk","timeElapsed":851,"timestamp":"2025-07-03T18:19:13.060Z"}
{"level":"info","message":"⌛ Validating enemigos.wlk","timeElapsed":450,"timestamp":"2025-07-03T18:19:13.511Z"}
{"level":"info","message":"⌛ Validating enemigos.wlk","timeElapsed":372,"timestamp":"2025-07-03T18:19:13.898Z"}
{"level":"info","message":"⌛ Validating enemigos.wlk","timeElapsed":335,"timestamp":"2025-07-03T18:19:14.239Z"}
{"level":"info","message":"⌛ Validating enemigos.wlk","timeElapsed":380,"timestamp":"2025-07-03T18:19:14.663Z"}
{"level":"info","message":"⌛ Validating enemigos.wlk","timeElapsed":455,"timestamp":"2025-07-03T18:19:15.141Z"}
{"level":"info","message":"⌛ Validating enemigos.wlk","timeElapsed":358,"timestamp":"2025-07-03T18:19:15.515Z"}
{"level":"info","message":"⌛ Validating enemigos.wlk","timeElapsed":329,"timestamp":"2025-07-03T18:19:15.844Z"}
{"level":"info","message":"⌛ Validating enemigos.wlk","timeElapsed":411,"timestamp":"2025-07-03T18:19:16.257Z"}
{"level":"info","message":"⌛ Validating enemigos.wlk","timeElapsed":426,"timestamp":"2025-07-03T18:19:16.706Z"}
{"level":"info","message":"⌛ Validating enemigos.wlk","timeElapsed":365,"timestamp":"2025-07-03T18:19:17.096Z"}
{"level":"info","message":"⌛ Validating enemigos.wlk","timeElapsed":377,"timestamp":"2025-07-03T18:19:17.474Z"}
{"level":"info","message":"⌛ Building environment","timeElapsed":709,"timestamp":"2025-07-03T18:19:18.191Z"}
{"level":"info","message":"⌛ Validating enemigos.wlk","timeElapsed":457,"timestamp":"2025-07-03T18:19:18.678Z"}
{"level":"info","message":"⌛ Validating enemigos.wlk","timeElapsed":398,"timestamp":"2025-07-03T18:19:19.080Z"}
{"level":"info","message":"⌛ Validating enemigos.wlk","timeElapsed":362,"timestamp":"2025-07-03T18:19:19.442Z"}
{"level":"info","message":"⌛ Validating enemigos.wlk","timeElapsed":336,"timestamp":"2025-07-03T18:19:19.932Z"}
{"level":"info","message":"⌛ Validating enemigos.wlk","timeElapsed":382,"timestamp":"2025-07-03T18:19:20.388Z"}
{"level":"info","message":"⌛ Building environment","timeElapsed":322,"timestamp":"2025-07-03T18:19:21.049Z"}
{"level":"info","message":"⌛ Validating enemigos.wlk","timeElapsed":348,"timestamp":"2025-07-03T18:19:21.403Z"}
{"level":"info","message":"⌛ Building environment","timeElapsed":269,"timestamp":"2025-07-03T18:19:22.005Z"}
{"level":"info","message":"⌛ Building environment","timeElapsed":338,"timestamp":"2025-07-03T18:19:22.347Z"}
{"level":"info","message":"⌛ Building environment","timeElapsed":318,"timestamp":"2025-07-03T18:19:22.725Z"}
{"level":"info","message":"⌛ Validating enemigos.wlk","timeElapsed":395,"timestamp":"2025-07-03T18:19:23.150Z"}
{"level":"info","message":"⌛ Validating enemigos.wlk","timeElapsed":392,"timestamp":"2025-07-03T18:19:23.566Z"}
{"level":"info","message":"⌛ Validating enemigos.wlk","timeElapsed":353,"timestamp":"2025-07-03T18:19:23.926Z"}
{"level":"info","message":"⌛ Validating enemigos.wlk","timeElapsed":317,"timestamp":"2025-07-03T18:19:24.246Z"}
{"level":"info","message":"⌛ Building environment","timeElapsed":614,"timestamp":"2025-07-03T18:19:24.874Z"}
{"level":"info","message":"⌛ Validating enemigos.wlk","timeElapsed":314,"timestamp":"2025-07-03T18:19:25.304Z"}
{"level":"info","message":"⌛ Building environment","timeElapsed":417,"timestamp":"2025-07-03T18:19:30.825Z"}
{"level":"info","message":"⌛ Validating enemigos.wlk","timeElapsed":474,"timestamp":"2025-07-03T18:19:31.315Z"}
{"level":"info","message":"⌛ Building environment","timeElapsed":299,"timestamp":"2025-07-03T18:19:31.617Z"}
{"level":"info","message":"⌛ Validating enemigos.wlk","timeElapsed":464,"timestamp":"2025-07-03T18:19:32.112Z"}
{"level":"error","message":"✘ Failed to rebuild document Failed to parse enemigos.wlk: \n-- PARSING FAILED --------------------------------------------------\n\n  43 |             self.eliminar()\n  44 |         }\n> 45 |     }\n     |     ^\n  46 | \n  47 |     method lanzarAtaque() {\n\nExpected one of the following: \n\n'@', 'class', 'const', 'describe', 'mixin', 'object', 'only', 'package', 'program', 'test', 'var', '{', EOF, comment, not \"}\r\n\r\n    \", whitespace\n","stack":"Error: Failed to parse enemigos.wlk: \n-- PARSING FAILED --------------------------------------------------\n\n  43 |             self.eliminar()\n  44 |         }\n> 45 |     }\n     |     ^\n  46 | \n  47 |     method lanzarAtaque() {\n\nExpected one of the following: \n\n'@', 'class', 'const', 'describe', 'mixin', 'object', 'only', 'package', 'program', 'test', 'var', '{', EOF, comment, not \"}\r\n\r\n    \", whitespace\n\n    at c:\\Users\\LUZ RAMIREZ\\.vscode\\extensions\\uqbar.wollok-lsp-ide-0.5.2\\out\\server\\src\\server.js:2326:13026\n    at Array.map (<anonymous>)\n    at D1n (c:\\Users\\LUZ RAMIREZ\\.vscode\\extensions\\uqbar.wollok-lsp-ide-0.5.2\\out\\server\\src\\server.js:2326:12950)\n    at W2.buildEnvironmentFrom (c:\\Users\\LUZ RAMIREZ\\.vscode\\extensions\\uqbar.wollok-lsp-ide-0.5.2\\out\\server\\src\\server.js:2371:5254)\n    at W2.updateEnvironmentWith (c:\\Users\\LUZ RAMIREZ\\.vscode\\extensions\\uqbar.wollok-lsp-ide-0.5.2\\out\\server\\src\\server.js:2371:4989)\n    at GF (c:\\Users\\LUZ RAMIREZ\\.vscode\\extensions\\uqbar.wollok-lsp-ide-0.5.2\\out\\server\\src\\server.js:2371:7383)\n    at L3.invoke (c:\\Users\\LUZ RAMIREZ\\.vscode\\extensions\\uqbar.wollok-lsp-ide-0.5.2\\out\\server\\src\\server.js:3:157326)\n    at o.fire (c:\\Users\\LUZ RAMIREZ\\.vscode\\extensions\\uqbar.wollok-lsp-ide-0.5.2\\out\\server\\src\\server.js:3:158096)\n    at c:\\Users\\LUZ RAMIREZ\\.vscode\\extensions\\uqbar.wollok-lsp-ide-0.5.2\\out\\server\\src\\server.js:37:57871\n    at Kr (c:\\Users\\LUZ RAMIREZ\\.vscode\\extensions\\uqbar.wollok-lsp-ide-0.5.2\\out\\server\\src\\server.js:8:1561)","timestamp":"2025-07-03T18:19:42.246Z"}
{"level":"info","message":"⌛ Building environment","timeElapsed":396,"timestamp":"2025-07-03T18:19:42.813Z"}
{"level":"error","message":"✘ Failed to rebuild document Failed to parse enemigos.wlk: \n-- PARSING FAILED --------------------------------------------------\n\n  43 |             self.eliminar()\n  44 |         }\n> 45 |     }\n     |     ^\n  46 | \n  47 |     method lanzarAtaque() {\n\nExpected one of the following: \n\n'@', 'class', 'const', 'describe', 'mixin', 'object', 'only', 'package', 'program', 'test', 'var', '{', EOF, comment, not \"}\r\n\r\n    \", whitespace\n","stack":"Error: Failed to parse enemigos.wlk: \n-- PARSING FAILED --------------------------------------------------\n\n  43 |             self.eliminar()\n  44 |         }\n> 45 |     }\n     |     ^\n  46 | \n  47 |     method lanzarAtaque() {\n\nExpected one of the following: \n\n'@', 'class', 'const', 'describe', 'mixin', 'object', 'only', 'package', 'program', 'test', 'var', '{', EOF, comment, not \"}\r\n\r\n    \", whitespace\n\n    at c:\\Users\\LUZ RAMIREZ\\.vscode\\extensions\\uqbar.wollok-lsp-ide-0.5.2\\out\\server\\src\\server.js:2326:13026\n    at Array.map (<anonymous>)\n    at D1n (c:\\Users\\LUZ RAMIREZ\\.vscode\\extensions\\uqbar.wollok-lsp-ide-0.5.2\\out\\server\\src\\server.js:2326:12950)\n    at W2.buildEnvironmentFrom (c:\\Users\\LUZ RAMIREZ\\.vscode\\extensions\\uqbar.wollok-lsp-ide-0.5.2\\out\\server\\src\\server.js:2371:5254)\n    at W2.updateEnvironmentWith (c:\\Users\\LUZ RAMIREZ\\.vscode\\extensions\\uqbar.wollok-lsp-ide-0.5.2\\out\\server\\src\\server.js:2371:4989)\n    at GF (c:\\Users\\LUZ RAMIREZ\\.vscode\\extensions\\uqbar.wollok-lsp-ide-0.5.2\\out\\server\\src\\server.js:2371:7383)\n    at L3.invoke (c:\\Users\\LUZ RAMIREZ\\.vscode\\extensions\\uqbar.wollok-lsp-ide-0.5.2\\out\\server\\src\\server.js:3:157326)\n    at o.fire (c:\\Users\\LUZ RAMIREZ\\.vscode\\extensions\\uqbar.wollok-lsp-ide-0.5.2\\out\\server\\src\\server.js:3:158096)\n    at c:\\Users\\LUZ RAMIREZ\\.vscode\\extensions\\uqbar.wollok-lsp-ide-0.5.2\\out\\server\\src\\server.js:37:57871\n    at Kr (c:\\Users\\LUZ RAMIREZ\\.vscode\\extensions\\uqbar.wollok-lsp-ide-0.5.2\\out\\server\\src\\server.js:8:1561)","timestamp":"2025-07-03T18:19:42.963Z"}
{"level":"error","message":"✘ Failed to rebuild document Failed to parse enemigos.wlk: \n-- PARSING FAILED --------------------------------------------------\n\n  43 |             self.eliminar()\n  44 |         }\n> 45 |     }\n     |     ^\n  46 | \n  47 |     method lanzarAtaque() {\n\nExpected one of the following: \n\n'@', 'class', 'const', 'describe', 'mixin', 'object', 'only', 'package', 'program', 'test', 'var', '{', EOF, comment, not \"}\r\n\r\n    \", whitespace\n","stack":"Error: Failed to parse enemigos.wlk: \n-- PARSING FAILED --------------------------------------------------\n\n  43 |             self.eliminar()\n  44 |         }\n> 45 |     }\n     |     ^\n  46 | \n  47 |     method lanzarAtaque() {\n\nExpected one of the following: \n\n'@', 'class', 'const', 'describe', 'mixin', 'object', 'only', 'package', 'program', 'test', 'var', '{', EOF, comment, not \"}\r\n\r\n    \", whitespace\n\n    at c:\\Users\\LUZ RAMIREZ\\.vscode\\extensions\\uqbar.wollok-lsp-ide-0.5.2\\out\\server\\src\\server.js:2326:13026\n    at Array.map (<anonymous>)\n    at D1n (c:\\Users\\LUZ RAMIREZ\\.vscode\\extensions\\uqbar.wollok-lsp-ide-0.5.2\\out\\server\\src\\server.js:2326:12950)\n    at W2.buildEnvironmentFrom (c:\\Users\\LUZ RAMIREZ\\.vscode\\extensions\\uqbar.wollok-lsp-ide-0.5.2\\out\\server\\src\\server.js:2371:5254)\n    at W2.updateEnvironmentWith (c:\\Users\\LUZ RAMIREZ\\.vscode\\extensions\\uqbar.wollok-lsp-ide-0.5.2\\out\\server\\src\\server.js:2371:4989)\n    at GF (c:\\Users\\LUZ RAMIREZ\\.vscode\\extensions\\uqbar.wollok-lsp-ide-0.5.2\\out\\server\\src\\server.js:2371:7383)\n    at L3.invoke (c:\\Users\\LUZ RAMIREZ\\.vscode\\extensions\\uqbar.wollok-lsp-ide-0.5.2\\out\\server\\src\\server.js:3:157326)\n    at o.fire (c:\\Users\\LUZ RAMIREZ\\.vscode\\extensions\\uqbar.wollok-lsp-ide-0.5.2\\out\\server\\src\\server.js:3:158096)\n    at c:\\Users\\LUZ RAMIREZ\\.vscode\\extensions\\uqbar.wollok-lsp-ide-0.5.2\\out\\server\\src\\server.js:37:57871\n    at Kr (c:\\Users\\LUZ RAMIREZ\\.vscode\\extensions\\uqbar.wollok-lsp-ide-0.5.2\\out\\server\\src\\server.js:8:1561)","timestamp":"2025-07-03T18:19:43.115Z"}
{"level":"error","message":"✘ Failed to rebuild document Failed to parse enemigos.wlk: \n-- PARSING FAILED --------------------------------------------------\n\n  43 |             self.eliminar()\n  44 |         }\n> 45 |     }\n     |     ^\n  46 | \n  47 |     method lanzarAtaque() {\n\nExpected one of the following: \n\n'@', 'class', 'const', 'describe', 'mixin', 'object', 'only', 'package', 'program', 'test', 'var', '{', EOF, comment, not \"}\r\n\r\n    \", whitespace\n","stack":"Error: Failed to parse enemigos.wlk: \n-- PARSING FAILED --------------------------------------------------\n\n  43 |             self.eliminar()\n  44 |         }\n> 45 |     }\n     |     ^\n  46 | \n  47 |     method lanzarAtaque() {\n\nExpected one of the following: \n\n'@', 'class', 'const', 'describe', 'mixin', 'object', 'only', 'package', 'program', 'test', 'var', '{', EOF, comment, not \"}\r\n\r\n    \", whitespace\n\n    at c:\\Users\\LUZ RAMIREZ\\.vscode\\extensions\\uqbar.wollok-lsp-ide-0.5.2\\out\\server\\src\\server.js:2326:13026\n    at Array.map (<anonymous>)\n    at D1n (c:\\Users\\LUZ RAMIREZ\\.vscode\\extensions\\uqbar.wollok-lsp-ide-0.5.2\\out\\server\\src\\server.js:2326:12950)\n    at W2.buildEnvironmentFrom (c:\\Users\\LUZ RAMIREZ\\.vscode\\extensions\\uqbar.wollok-lsp-ide-0.5.2\\out\\server\\src\\server.js:2371:5254)\n    at W2.updateEnvironmentWith (c:\\Users\\LUZ RAMIREZ\\.vscode\\extensions\\uqbar.wollok-lsp-ide-0.5.2\\out\\server\\src\\server.js:2371:4989)\n    at GF (c:\\Users\\LUZ RAMIREZ\\.vscode\\extensions\\uqbar.wollok-lsp-ide-0.5.2\\out\\server\\src\\server.js:2371:7383)\n    at L3.invoke (c:\\Users\\LUZ RAMIREZ\\.vscode\\extensions\\uqbar.wollok-lsp-ide-0.5.2\\out\\server\\src\\server.js:3:157326)\n    at o.fire (c:\\Users\\LUZ RAMIREZ\\.vscode\\extensions\\uqbar.wollok-lsp-ide-0.5.2\\out\\server\\src\\server.js:3:158096)\n    at c:\\Users\\LUZ RAMIREZ\\.vscode\\extensions\\uqbar.wollok-lsp-ide-0.5.2\\out\\server\\src\\server.js:37:57871\n    at Kr (c:\\Users\\LUZ RAMIREZ\\.vscode\\extensions\\uqbar.wollok-lsp-ide-0.5.2\\out\\server\\src\\server.js:8:1561)","timestamp":"2025-07-03T18:19:43.183Z"}
{"level":"error","message":"✘ Failed to rebuild document Failed to parse enemigos.wlk: \n-- PARSING FAILED --------------------------------------------------\n\n  43 |             self.eliminar()\n  44 |         }\n> 45 |     }\n     |     ^\n  46 | \n  47 |     method lanzarAtaque() {\n\nExpected one of the following: \n\n'@', 'class', 'const', 'describe', 'mixin', 'object', 'only', 'package', 'program', 'test', 'var', '{', EOF, comment, not \"}\r\n\r\n    \", whitespace\n","stack":"Error: Failed to parse enemigos.wlk: \n-- PARSING FAILED --------------------------------------------------\n\n  43 |             self.eliminar()\n  44 |         }\n> 45 |     }\n     |     ^\n  46 | \n  47 |     method lanzarAtaque() {\n\nExpected one of the following: \n\n'@', 'class', 'const', 'describe', 'mixin', 'object', 'only', 'package', 'program', 'test', 'var', '{', EOF, comment, not \"}\r\n\r\n    \", whitespace\n\n    at c:\\Users\\LUZ RAMIREZ\\.vscode\\extensions\\uqbar.wollok-lsp-ide-0.5.2\\out\\server\\src\\server.js:2326:13026\n    at Array.map (<anonymous>)\n    at D1n (c:\\Users\\LUZ RAMIREZ\\.vscode\\extensions\\uqbar.wollok-lsp-ide-0.5.2\\out\\server\\src\\server.js:2326:12950)\n    at W2.buildEnvironmentFrom (c:\\Users\\LUZ RAMIREZ\\.vscode\\extensions\\uqbar.wollok-lsp-ide-0.5.2\\out\\server\\src\\server.js:2371:5254)\n    at W2.updateEnvironmentWith (c:\\Users\\LUZ RAMIREZ\\.vscode\\extensions\\uqbar.wollok-lsp-ide-0.5.2\\out\\server\\src\\server.js:2371:4989)\n    at GF (c:\\Users\\LUZ RAMIREZ\\.vscode\\extensions\\uqbar.wollok-lsp-ide-0.5.2\\out\\server\\src\\server.js:2371:7383)\n    at L3.invoke (c:\\Users\\LUZ RAMIREZ\\.vscode\\extensions\\uqbar.wollok-lsp-ide-0.5.2\\out\\server\\src\\server.js:3:157326)\n    at o.fire (c:\\Users\\LUZ RAMIREZ\\.vscode\\extensions\\uqbar.wollok-lsp-ide-0.5.2\\out\\server\\src\\server.js:3:158096)\n    at c:\\Users\\LUZ RAMIREZ\\.vscode\\extensions\\uqbar.wollok-lsp-ide-0.5.2\\out\\server\\src\\server.js:37:57871\n    at Kr (c:\\Users\\LUZ RAMIREZ\\.vscode\\extensions\\uqbar.wollok-lsp-ide-0.5.2\\out\\server\\src\\server.js:8:1561)","timestamp":"2025-07-03T18:19:43.231Z"}
{"level":"info","message":"⌛ Validating enemigos.wlk","timeElapsed":400,"timestamp":"2025-07-03T18:19:43.638Z"}
{"level":"error","message":"✘ Failed to rebuild document Failed to parse enemigos.wlk: \n-- PARSING FAILED --------------------------------------------------\n\n  43 |             self.eliminar()\n  44 |         }\n> 45 |     }\n     |     ^\n  46 | \n  47 |     method lanzarAtaque() {\n\nExpected one of the following: \n\n'@', 'class', 'const', 'describe', 'mixin', 'object', 'only', 'package', 'program', 'test', 'var', '{', EOF, comment, not \"}\r\n\r\n    \", whitespace\n","stack":"Error: Failed to parse enemigos.wlk: \n-- PARSING FAILED --------------------------------------------------\n\n  43 |             self.eliminar()\n  44 |         }\n> 45 |     }\n     |     ^\n  46 | \n  47 |     method lanzarAtaque() {\n\nExpected one of the following: \n\n'@', 'class', 'const', 'describe', 'mixin', 'object', 'only', 'package', 'program', 'test', 'var', '{', EOF, comment, not \"}\r\n\r\n    \", whitespace\n\n    at c:\\Users\\LUZ RAMIREZ\\.vscode\\extensions\\uqbar.wollok-lsp-ide-0.5.2\\out\\server\\src\\server.js:2326:13026\n    at Array.map (<anonymous>)\n    at D1n (c:\\Users\\LUZ RAMIREZ\\.vscode\\extensions\\uqbar.wollok-lsp-ide-0.5.2\\out\\server\\src\\server.js:2326:12950)\n    at W2.buildEnvironmentFrom (c:\\Users\\LUZ RAMIREZ\\.vscode\\extensions\\uqbar.wollok-lsp-ide-0.5.2\\out\\server\\src\\server.js:2371:5254)\n    at W2.updateEnvironmentWith (c:\\Users\\LUZ RAMIREZ\\.vscode\\extensions\\uqbar.wollok-lsp-ide-0.5.2\\out\\server\\src\\server.js:2371:4989)\n    at GF (c:\\Users\\LUZ RAMIREZ\\.vscode\\extensions\\uqbar.wollok-lsp-ide-0.5.2\\out\\server\\src\\server.js:2371:7383)\n    at L3.invoke (c:\\Users\\LUZ RAMIREZ\\.vscode\\extensions\\uqbar.wollok-lsp-ide-0.5.2\\out\\server\\src\\server.js:3:157326)\n    at o.fire (c:\\Users\\LUZ RAMIREZ\\.vscode\\extensions\\uqbar.wollok-lsp-ide-0.5.2\\out\\server\\src\\server.js:3:158096)\n    at c:\\Users\\LUZ RAMIREZ\\.vscode\\extensions\\uqbar.wollok-lsp-ide-0.5.2\\out\\server\\src\\server.js:37:57871\n    at Kr (c:\\Users\\LUZ RAMIREZ\\.vscode\\extensions\\uqbar.wollok-lsp-ide-0.5.2\\out\\server\\src\\server.js:8:1561)","timestamp":"2025-07-03T18:19:43.713Z"}
{"level":"error","message":"✘ Failed to rebuild document Failed to parse enemigos.wlk: \n-- PARSING FAILED --------------------------------------------------\n\n  43 |             self.eliminar()\n  44 |         }\n> 45 |     }\n     |     ^\n  46 | \n  47 |     method lanzarAtaque() {\n\nExpected one of the following: \n\n'@', 'class', 'const', 'describe', 'mixin', 'object', 'only', 'package', 'program', 'test', 'var', '{', EOF, comment, not \"}\r\n\r\n    \", whitespace\n","stack":"Error: Failed to parse enemigos.wlk: \n-- PARSING FAILED --------------------------------------------------\n\n  43 |             self.eliminar()\n  44 |         }\n> 45 |     }\n     |     ^\n  46 | \n  47 |     method lanzarAtaque() {\n\nExpected one of the following: \n\n'@', 'class', 'const', 'describe', 'mixin', 'object', 'only', 'package', 'program', 'test', 'var', '{', EOF, comment, not \"}\r\n\r\n    \", whitespace\n\n    at c:\\Users\\LUZ RAMIREZ\\.vscode\\extensions\\uqbar.wollok-lsp-ide-0.5.2\\out\\server\\src\\server.js:2326:13026\n    at Array.map (<anonymous>)\n    at D1n (c:\\Users\\LUZ RAMIREZ\\.vscode\\extensions\\uqbar.wollok-lsp-ide-0.5.2\\out\\server\\src\\server.js:2326:12950)\n    at W2.buildEnvironmentFrom (c:\\Users\\LUZ RAMIREZ\\.vscode\\extensions\\uqbar.wollok-lsp-ide-0.5.2\\out\\server\\src\\server.js:2371:5254)\n    at W2.updateEnvironmentWith (c:\\Users\\LUZ RAMIREZ\\.vscode\\extensions\\uqbar.wollok-lsp-ide-0.5.2\\out\\server\\src\\server.js:2371:4989)\n    at GF (c:\\Users\\LUZ RAMIREZ\\.vscode\\extensions\\uqbar.wollok-lsp-ide-0.5.2\\out\\server\\src\\server.js:2371:7383)\n    at L3.invoke (c:\\Users\\LUZ RAMIREZ\\.vscode\\extensions\\uqbar.wollok-lsp-ide-0.5.2\\out\\server\\src\\server.js:3:157326)\n    at o.fire (c:\\Users\\LUZ RAMIREZ\\.vscode\\extensions\\uqbar.wollok-lsp-ide-0.5.2\\out\\server\\src\\server.js:3:158096)\n    at c:\\Users\\LUZ RAMIREZ\\.vscode\\extensions\\uqbar.wollok-lsp-ide-0.5.2\\out\\server\\src\\server.js:37:57871\n    at Kr (c:\\Users\\LUZ RAMIREZ\\.vscode\\extensions\\uqbar.wollok-lsp-ide-0.5.2\\out\\server\\src\\server.js:8:1561)","timestamp":"2025-07-03T18:19:43.773Z"}
{"level":"error","message":"✘ Failed to rebuild document Failed to parse enemigos.wlk: \n-- PARSING FAILED --------------------------------------------------\n\n  43 |             self.eliminar()\n  44 |         }\n> 45 |     }\n     |     ^\n  46 | \n  47 |     method lanzarAtaque() {\n\nExpected one of the following: \n\n'@', 'class', 'const', 'describe', 'mixin', 'object', 'only', 'package', 'program', 'test', 'var', '{', EOF, comment, not \"}\r\n\r\n    \", whitespace\n","stack":"Error: Failed to parse enemigos.wlk: \n-- PARSING FAILED --------------------------------------------------\n\n  43 |             self.eliminar()\n  44 |         }\n> 45 |     }\n     |     ^\n  46 | \n  47 |     method lanzarAtaque() {\n\nExpected one of the following: \n\n'@', 'class', 'const', 'describe', 'mixin', 'object', 'only', 'package', 'program', 'test', 'var', '{', EOF, comment, not \"}\r\n\r\n    \", whitespace\n\n    at c:\\Users\\LUZ RAMIREZ\\.vscode\\extensions\\uqbar.wollok-lsp-ide-0.5.2\\out\\server\\src\\server.js:2326:13026\n    at Array.map (<anonymous>)\n    at D1n (c:\\Users\\LUZ RAMIREZ\\.vscode\\extensions\\uqbar.wollok-lsp-ide-0.5.2\\out\\server\\src\\server.js:2326:12950)\n    at W2.buildEnvironmentFrom (c:\\Users\\LUZ RAMIREZ\\.vscode\\extensions\\uqbar.wollok-lsp-ide-0.5.2\\out\\server\\src\\server.js:2371:5254)\n    at W2.updateEnvironmentWith (c:\\Users\\LUZ RAMIREZ\\.vscode\\extensions\\uqbar.wollok-lsp-ide-0.5.2\\out\\server\\src\\server.js:2371:4989)\n    at GF (c:\\Users\\LUZ RAMIREZ\\.vscode\\extensions\\uqbar.wollok-lsp-ide-0.5.2\\out\\server\\src\\server.js:2371:7383)\n    at L3.invoke (c:\\Users\\LUZ RAMIREZ\\.vscode\\extensions\\uqbar.wollok-lsp-ide-0.5.2\\out\\server\\src\\server.js:3:157326)\n    at o.fire (c:\\Users\\LUZ RAMIREZ\\.vscode\\extensions\\uqbar.wollok-lsp-ide-0.5.2\\out\\server\\src\\server.js:3:158096)\n    at c:\\Users\\LUZ RAMIREZ\\.vscode\\extensions\\uqbar.wollok-lsp-ide-0.5.2\\out\\server\\src\\server.js:37:57871\n    at Kr (c:\\Users\\LUZ RAMIREZ\\.vscode\\extensions\\uqbar.wollok-lsp-ide-0.5.2\\out\\server\\src\\server.js:8:1561)","timestamp":"2025-07-03T18:19:44.549Z"}
{"level":"error","message":"✘ Failed to rebuild document Failed to parse enemigos.wlk: \n-- PARSING FAILED --------------------------------------------------\n\n  43 |             self.eliminar()\n  44 |         }\n> 45 |     }\n     |     ^\n  46 | \n  47 |     method lanzarAtaque() {\n\nExpected one of the following: \n\n'@', 'class', 'const', 'describe', 'mixin', 'object', 'only', 'package', 'program', 'test', 'var', '{', EOF, comment, not \"}\r\n\r\n    \", whitespace\n","stack":"Error: Failed to parse enemigos.wlk: \n-- PARSING FAILED --------------------------------------------------\n\n  43 |             self.eliminar()\n  44 |         }\n> 45 |     }\n     |     ^\n  46 | \n  47 |     method lanzarAtaque() {\n\nExpected one of the following: \n\n'@', 'class', 'const', 'describe', 'mixin', 'object', 'only', 'package', 'program', 'test', 'var', '{', EOF, comment, not \"}\r\n\r\n    \", whitespace\n\n    at c:\\Users\\LUZ RAMIREZ\\.vscode\\extensions\\uqbar.wollok-lsp-ide-0.5.2\\out\\server\\src\\server.js:2326:13026\n    at Array.map (<anonymous>)\n    at D1n (c:\\Users\\LUZ RAMIREZ\\.vscode\\extensions\\uqbar.wollok-lsp-ide-0.5.2\\out\\server\\src\\server.js:2326:12950)\n    at W2.buildEnvironmentFrom (c:\\Users\\LUZ RAMIREZ\\.vscode\\extensions\\uqbar.wollok-lsp-ide-0.5.2\\out\\server\\src\\server.js:2371:5254)\n    at W2.updateEnvironmentWith (c:\\Users\\LUZ RAMIREZ\\.vscode\\extensions\\uqbar.wollok-lsp-ide-0.5.2\\out\\server\\src\\server.js:2371:4989)\n    at GF (c:\\Users\\LUZ RAMIREZ\\.vscode\\extensions\\uqbar.wollok-lsp-ide-0.5.2\\out\\server\\src\\server.js:2371:7383)\n    at L3.invoke (c:\\Users\\LUZ RAMIREZ\\.vscode\\extensions\\uqbar.wollok-lsp-ide-0.5.2\\out\\server\\src\\server.js:3:157326)\n    at o.fire (c:\\Users\\LUZ RAMIREZ\\.vscode\\extensions\\uqbar.wollok-lsp-ide-0.5.2\\out\\server\\src\\server.js:3:158096)\n    at c:\\Users\\LUZ RAMIREZ\\.vscode\\extensions\\uqbar.wollok-lsp-ide-0.5.2\\out\\server\\src\\server.js:37:57871\n    at Kr (c:\\Users\\LUZ RAMIREZ\\.vscode\\extensions\\uqbar.wollok-lsp-ide-0.5.2\\out\\server\\src\\server.js:8:1561)","timestamp":"2025-07-03T18:19:44.730Z"}
{"level":"error","message":"✘ Completions for node Self ([42:11, 42:15] - enemigos.wlk) failed: Error: [Self]{86e4b9} at enemigos.wlk:42 exhausted all cases without a match [Self]{86e4b9} at enemigos.wlk:42 exhausted all cases without a match","stack":"Error: [Self]{86e4b9} at enemigos.wlk:42 exhausted all cases without a match\n    at c:\\Users\\LUZ RAMIREZ\\.vscode\\extensions\\uqbar.wollok-lsp-ide-0.5.2\\out\\server\\src\\server.js:38:6142\n    at C2 (c:\\Users\\LUZ RAMIREZ\\.vscode\\extensions\\uqbar.wollok-lsp-ide-0.5.2\\out\\server\\src\\server.js:2362:42)\n    at c:\\Users\\LUZ RAMIREZ\\.vscode\\extensions\\uqbar.wollok-lsp-ide-0.5.2\\out\\server\\src\\server.js:2362:2988\n    at c:\\Users\\LUZ RAMIREZ\\.vscode\\extensions\\uqbar.wollok-lsp-ide-0.5.2\\out\\server\\src\\server.js:2371:8440\n    at c:\\Users\\LUZ RAMIREZ\\.vscode\\extensions\\uqbar.wollok-lsp-ide-0.5.2\\out\\server\\src\\server.js:37:74872\n    at Ye (c:\\Users\\LUZ RAMIREZ\\.vscode\\extensions\\uqbar.wollok-lsp-ide-0.5.2\\out\\server\\src\\server.js:7:8527)\n    at Dt (c:\\Users\\LUZ RAMIREZ\\.vscode\\extensions\\uqbar.wollok-lsp-ide-0.5.2\\out\\server\\src\\server.js:7:6189)\n    at Zi (c:\\Users\\LUZ RAMIREZ\\.vscode\\extensions\\uqbar.wollok-lsp-ide-0.5.2\\out\\server\\src\\server.js:7:6378)\n    at Immediate._onImmediate (c:\\Users\\LUZ RAMIREZ\\.vscode\\extensions\\uqbar.wollok-lsp-ide-0.5.2\\out\\server\\src\\server.js:7:6142)\n    at process.processImmediate (node:internal/timers:485:21)","timestamp":"2025-07-03T18:19:44.861Z"}
{"level":"error","message":"✘ Completions for node Send ([42:11, 42:26] - enemigos.wlk) failed: Error: [Send]{6d48a2} at enemigos.wlk:42 exhausted all cases without a match [Send]{6d48a2} at enemigos.wlk:42 exhausted all cases without a match","stack":"Error: [Send]{6d48a2} at enemigos.wlk:42 exhausted all cases without a match\n    at c:\\Users\\LUZ RAMIREZ\\.vscode\\extensions\\uqbar.wollok-lsp-ide-0.5.2\\out\\server\\src\\server.js:38:6142\n    at C2 (c:\\Users\\LUZ RAMIREZ\\.vscode\\extensions\\uqbar.wollok-lsp-ide-0.5.2\\out\\server\\src\\server.js:2362:42)\n    at Gh (c:\\Users\\LUZ RAMIREZ\\.vscode\\extensions\\uqbar.wollok-lsp-ide-0.5.2\\out\\server\\src\\server.js:2362:1092)\n    at C2 (c:\\Users\\LUZ RAMIREZ\\.vscode\\extensions\\uqbar.wollok-lsp-ide-0.5.2\\out\\server\\src\\server.js:2362:544)\n    at c:\\Users\\LUZ RAMIREZ\\.vscode\\extensions\\uqbar.wollok-lsp-ide-0.5.2\\out\\server\\src\\server.js:2362:2988\n    at c:\\Users\\LUZ RAMIREZ\\.vscode\\extensions\\uqbar.wollok-lsp-ide-0.5.2\\out\\server\\src\\server.js:2371:8440\n    at c:\\Users\\LUZ RAMIREZ\\.vscode\\extensions\\uqbar.wollok-lsp-ide-0.5.2\\out\\server\\src\\server.js:37:74872\n    at Ye (c:\\Users\\LUZ RAMIREZ\\.vscode\\extensions\\uqbar.wollok-lsp-ide-0.5.2\\out\\server\\src\\server.js:7:8527)\n    at Dt (c:\\Users\\LUZ RAMIREZ\\.vscode\\extensions\\uqbar.wollok-lsp-ide-0.5.2\\out\\server\\src\\server.js:7:6189)\n    at Zi (c:\\Users\\LUZ RAMIREZ\\.vscode\\extensions\\uqbar.wollok-lsp-ide-0.5.2\\out\\server\\src\\server.js:7:6378)","timestamp":"2025-07-03T18:19:44.862Z"}
{"level":"info","message":"⌛ Autocomplete - Self","timeElapsed":121,"timestamp":"2025-07-03T18:19:44.910Z"}
{"level":"error","message":"✘ Failed to rebuild document Failed to parse enemigos.wlk: \n-- PARSING FAILED --------------------------------------------------\n\n  43 |             self.eliminar()\n  44 |         }\n> 45 |     }\n     |     ^\n  46 | \n  47 |     method lanzarAtaque() {\n\nExpected one of the following: \n\n'@', 'class', 'const', 'describe', 'mixin', 'object', 'only', 'package', 'program', 'test', 'var', '{', EOF, comment, not \"}\r\n\r\n    \", whitespace\n","stack":"Error: Failed to parse enemigos.wlk: \n-- PARSING FAILED --------------------------------------------------\n\n  43 |             self.eliminar()\n  44 |         }\n> 45 |     }\n     |     ^\n  46 | \n  47 |     method lanzarAtaque() {\n\nExpected one of the following: \n\n'@', 'class', 'const', 'describe', 'mixin', 'object', 'only', 'package', 'program', 'test', 'var', '{', EOF, comment, not \"}\r\n\r\n    \", whitespace\n\n    at c:\\Users\\LUZ RAMIREZ\\.vscode\\extensions\\uqbar.wollok-lsp-ide-0.5.2\\out\\server\\src\\server.js:2326:13026\n    at Array.map (<anonymous>)\n    at D1n (c:\\Users\\LUZ RAMIREZ\\.vscode\\extensions\\uqbar.wollok-lsp-ide-0.5.2\\out\\server\\src\\server.js:2326:12950)\n    at W2.buildEnvironmentFrom (c:\\Users\\LUZ RAMIREZ\\.vscode\\extensions\\uqbar.wollok-lsp-ide-0.5.2\\out\\server\\src\\server.js:2371:5254)\n    at W2.updateEnvironmentWith (c:\\Users\\LUZ RAMIREZ\\.vscode\\extensions\\uqbar.wollok-lsp-ide-0.5.2\\out\\server\\src\\server.js:2371:4989)\n    at GF (c:\\Users\\LUZ RAMIREZ\\.vscode\\extensions\\uqbar.wollok-lsp-ide-0.5.2\\out\\server\\src\\server.js:2371:7383)\n    at L3.invoke (c:\\Users\\LUZ RAMIREZ\\.vscode\\extensions\\uqbar.wollok-lsp-ide-0.5.2\\out\\server\\src\\server.js:3:157326)\n    at o.fire (c:\\Users\\LUZ RAMIREZ\\.vscode\\extensions\\uqbar.wollok-lsp-ide-0.5.2\\out\\server\\src\\server.js:3:158096)\n    at c:\\Users\\LUZ RAMIREZ\\.vscode\\extensions\\uqbar.wollok-lsp-ide-0.5.2\\out\\server\\src\\server.js:37:57871\n    at Kr (c:\\Users\\LUZ RAMIREZ\\.vscode\\extensions\\uqbar.wollok-lsp-ide-0.5.2\\out\\server\\src\\server.js:8:1561)","timestamp":"2025-07-03T18:19:44.951Z"}
{"level":"info","message":"⌛ Building environment","timeElapsed":348,"timestamp":"2025-07-03T18:19:45.308Z"}
{"level":"info","message":"⌛ Validating enemigos.wlk","timeElapsed":361,"timestamp":"2025-07-03T18:19:45.705Z"}
{"level":"error","message":"✘ Failed to rebuild document Failed to parse enemigos.wlk: \n-- PARSING FAILED --------------------------------------------------\n\n  43 |             self.eliminar()\n  44 |         }\n> 45 |     }\n     |     ^\n  46 | \n  47 |     method lanzarAtaque() {\n\nExpected one of the following: \n\n'@', 'class', 'const', 'describe', 'mixin', 'object', 'only', 'package', 'program', 'test', 'var', '{', EOF, comment, not \"}\r\n\r\n    \", whitespace\n","stack":"Error: Failed to parse enemigos.wlk: \n-- PARSING FAILED --------------------------------------------------\n\n  43 |             self.eliminar()\n  44 |         }\n> 45 |     }\n     |     ^\n  46 | \n  47 |     method lanzarAtaque() {\n\nExpected one of the following: \n\n'@', 'class', 'const', 'describe', 'mixin', 'object', 'only', 'package', 'program', 'test', 'var', '{', EOF, comment, not \"}\r\n\r\n    \", whitespace\n\n    at c:\\Users\\LUZ RAMIREZ\\.vscode\\extensions\\uqbar.wollok-lsp-ide-0.5.2\\out\\server\\src\\server.js:2326:13026\n    at Array.map (<anonymous>)\n    at D1n (c:\\Users\\LUZ RAMIREZ\\.vscode\\extensions\\uqbar.wollok-lsp-ide-0.5.2\\out\\server\\src\\server.js:2326:12950)\n    at W2.buildEnvironmentFrom (c:\\Users\\LUZ RAMIREZ\\.vscode\\extensions\\uqbar.wollok-lsp-ide-0.5.2\\out\\server\\src\\server.js:2371:5254)\n    at W2.updateEnvironmentWith (c:\\Users\\LUZ RAMIREZ\\.vscode\\extensions\\uqbar.wollok-lsp-ide-0.5.2\\out\\server\\src\\server.js:2371:4989)\n    at GF (c:\\Users\\LUZ RAMIREZ\\.vscode\\extensions\\uqbar.wollok-lsp-ide-0.5.2\\out\\server\\src\\server.js:2371:7383)\n    at L3.invoke (c:\\Users\\LUZ RAMIREZ\\.vscode\\extensions\\uqbar.wollok-lsp-ide-0.5.2\\out\\server\\src\\server.js:3:157326)\n    at o.fire (c:\\Users\\LUZ RAMIREZ\\.vscode\\extensions\\uqbar.wollok-lsp-ide-0.5.2\\out\\server\\src\\server.js:3:158096)\n    at c:\\Users\\LUZ RAMIREZ\\.vscode\\extensions\\uqbar.wollok-lsp-ide-0.5.2\\out\\server\\src\\server.js:37:57871\n    at Kr (c:\\Users\\LUZ RAMIREZ\\.vscode\\extensions\\uqbar.wollok-lsp-ide-0.5.2\\out\\server\\src\\server.js:8:1561)","timestamp":"2025-07-03T18:19:56.512Z"}
{"level":"error","message":"✘ Failed to rebuild document Failed to parse enemigos.wlk: \n-- PARSING FAILED --------------------------------------------------\n\n  43 |             self.eliminar()\n  44 |         }\n> 45 |     }\n     |     ^\n  46 | \n  47 |     method lanzarAtaque() {\n\nExpected one of the following: \n\n'@', 'class', 'const', 'describe', 'mixin', 'object', 'only', 'package', 'program', 'test', 'var', '{', EOF, comment, not \"}\r\n\r\n    \", whitespace\n","stack":"Error: Failed to parse enemigos.wlk: \n-- PARSING FAILED --------------------------------------------------\n\n  43 |             self.eliminar()\n  44 |         }\n> 45 |     }\n     |     ^\n  46 | \n  47 |     method lanzarAtaque() {\n\nExpected one of the following: \n\n'@', 'class', 'const', 'describe', 'mixin', 'object', 'only', 'package', 'program', 'test', 'var', '{', EOF, comment, not \"}\r\n\r\n    \", whitespace\n\n    at c:\\Users\\LUZ RAMIREZ\\.vscode\\extensions\\uqbar.wollok-lsp-ide-0.5.2\\out\\server\\src\\server.js:2326:13026\n    at Array.map (<anonymous>)\n    at D1n (c:\\Users\\LUZ RAMIREZ\\.vscode\\extensions\\uqbar.wollok-lsp-ide-0.5.2\\out\\server\\src\\server.js:2326:12950)\n    at W2.buildEnvironmentFrom (c:\\Users\\LUZ RAMIREZ\\.vscode\\extensions\\uqbar.wollok-lsp-ide-0.5.2\\out\\server\\src\\server.js:2371:5254)\n    at W2.updateEnvironmentWith (c:\\Users\\LUZ RAMIREZ\\.vscode\\extensions\\uqbar.wollok-lsp-ide-0.5.2\\out\\server\\src\\server.js:2371:4989)\n    at GF (c:\\Users\\LUZ RAMIREZ\\.vscode\\extensions\\uqbar.wollok-lsp-ide-0.5.2\\out\\server\\src\\server.js:2371:7383)\n    at L3.invoke (c:\\Users\\LUZ RAMIREZ\\.vscode\\extensions\\uqbar.wollok-lsp-ide-0.5.2\\out\\server\\src\\server.js:3:157326)\n    at o.fire (c:\\Users\\LUZ RAMIREZ\\.vscode\\extensions\\uqbar.wollok-lsp-ide-0.5.2\\out\\server\\src\\server.js:3:158096)\n    at c:\\Users\\LUZ RAMIREZ\\.vscode\\extensions\\uqbar.wollok-lsp-ide-0.5.2\\out\\server\\src\\server.js:37:57871\n    at Kr (c:\\Users\\LUZ RAMIREZ\\.vscode\\extensions\\uqbar.wollok-lsp-ide-0.5.2\\out\\server\\src\\server.js:8:1561)","timestamp":"2025-07-03T18:19:56.765Z"}
{"level":"info","message":"⌛ Building environment","timeElapsed":319,"timestamp":"2025-07-03T18:19:57.360Z"}
{"level":"info","message":"⌛ Building environment","timeElapsed":474,"timestamp":"2025-07-03T18:19:57.951Z"}
{"level":"info","message":"⌛ Validating enemigos.wlk","timeElapsed":505,"timestamp":"2025-07-03T18:19:58.476Z"}
{"level":"info","message":"⌛ Building environment","timeElapsed":442,"timestamp":"2025-07-03T18:19:58.946Z"}
{"level":"info","message":"⌛ Validating enemigos.wlk","timeElapsed":545,"timestamp":"2025-07-03T18:19:59.492Z"}
{"level":"info","message":"⌛ Building environment","timeElapsed":441,"timestamp":"2025-07-03T18:19:59.934Z"}
{"level":"info","message":"⌛ Building environment","timeElapsed":627,"timestamp":"2025-07-03T18:20:00.605Z"}
{"level":"info","message":"⌛ Validating enemigos.wlk","timeElapsed":669,"timestamp":"2025-07-03T18:20:01.529Z"}
{"level":"info","message":"⌛ Building environment","timeElapsed":618,"timestamp":"2025-07-03T18:20:02.162Z"}
{"level":"info","message":"⌛ Building environment","timeElapsed":462,"timestamp":"2025-07-03T18:20:02.665Z"}
{"level":"info","message":"⌛ Building environment","timeElapsed":402,"timestamp":"2025-07-03T18:20:03.097Z"}
{"level":"info","message":"⌛ Validating enemigos.wlk","timeElapsed":891,"timestamp":"2025-07-03T18:20:04.022Z"}
{"level":"info","message":"⌛ Building environment","timeElapsed":465,"timestamp":"2025-07-03T18:20:04.507Z"}
{"level":"info","message":"⌛ Building environment","timeElapsed":390,"timestamp":"2025-07-03T18:20:04.925Z"}
{"level":"info","message":"⌛ Validating enemigos.wlk","timeElapsed":454,"timestamp":"2025-07-03T18:20:05.384Z"}
{"level":"info","message":"⌛ Building environment","timeElapsed":409,"timestamp":"2025-07-03T18:20:05.864Z"}
{"level":"info","message":"⌛ Building environment","timeElapsed":382,"timestamp":"2025-07-03T18:20:06.280Z"}
{"level":"info","message":"⌛ Building environment","timeElapsed":389,"timestamp":"2025-07-03T18:20:06.743Z"}
{"level":"error","message":"✘ Failed to rebuild document Failed to parse enemigos.wlk: \n-- PARSING FAILED --------------------------------------------------\n\n  53 |         game.removeVisual(self)\n  54 |         administradorDeEnemigos.eliminarEnemigo(self)\n> 55 |     }\n     |     ^\n  56 | }\n  57 | \n\nExpected one of the following: \n\n'@', 'class', 'const', 'describe', 'mixin', 'object', 'only', 'package', 'program', 'test', 'var', '{', EOF, comment, not \"}\r\n\", whitespace\n","stack":"Error: Failed to parse enemigos.wlk: \n-- PARSING FAILED --------------------------------------------------\n\n  53 |         game.removeVisual(self)\n  54 |         administradorDeEnemigos.eliminarEnemigo(self)\n> 55 |     }\n     |     ^\n  56 | }\n  57 | \n\nExpected one of the following: \n\n'@', 'class', 'const', 'describe', 'mixin', 'object', 'only', 'package', 'program', 'test', 'var', '{', EOF, comment, not \"}\r\n\", whitespace\n\n    at c:\\Users\\LUZ RAMIREZ\\.vscode\\extensions\\uqbar.wollok-lsp-ide-0.5.2\\out\\server\\src\\server.js:2326:13026\n    at Array.map (<anonymous>)\n    at D1n (c:\\Users\\LUZ RAMIREZ\\.vscode\\extensions\\uqbar.wollok-lsp-ide-0.5.2\\out\\server\\src\\server.js:2326:12950)\n    at W2.buildEnvironmentFrom (c:\\Users\\LUZ RAMIREZ\\.vscode\\extensions\\uqbar.wollok-lsp-ide-0.5.2\\out\\server\\src\\server.js:2371:5254)\n    at W2.updateEnvironmentWith (c:\\Users\\LUZ RAMIREZ\\.vscode\\extensions\\uqbar.wollok-lsp-ide-0.5.2\\out\\server\\src\\server.js:2371:4989)\n    at GF (c:\\Users\\LUZ RAMIREZ\\.vscode\\extensions\\uqbar.wollok-lsp-ide-0.5.2\\out\\server\\src\\server.js:2371:7383)\n    at L3.invoke (c:\\Users\\LUZ RAMIREZ\\.vscode\\extensions\\uqbar.wollok-lsp-ide-0.5.2\\out\\server\\src\\server.js:3:157326)\n    at o.fire (c:\\Users\\LUZ RAMIREZ\\.vscode\\extensions\\uqbar.wollok-lsp-ide-0.5.2\\out\\server\\src\\server.js:3:158096)\n    at c:\\Users\\LUZ RAMIREZ\\.vscode\\extensions\\uqbar.wollok-lsp-ide-0.5.2\\out\\server\\src\\server.js:37:57871\n    at Kr (c:\\Users\\LUZ RAMIREZ\\.vscode\\extensions\\uqbar.wollok-lsp-ide-0.5.2\\out\\server\\src\\server.js:8:1561)","timestamp":"2025-07-03T18:20:06.783Z"}
{"level":"error","message":"✘ Failed to rebuild document Failed to parse enemigos.wlk: \n-- PARSING FAILED --------------------------------------------------\n\n  53 |         game.removeVisual(self)\n  54 |         administradorDeEnemigos.eliminarEnemigo(self)\n> 55 |     }\n     |     ^\n  56 | }\n  57 | \n\nExpected one of the following: \n\n'@', 'class', 'const', 'describe', 'mixin', 'object', 'only', 'package', 'program', 'test', 'var', '{', EOF, comment, not \"}\r\n\", whitespace\n","stack":"Error: Failed to parse enemigos.wlk: \n-- PARSING FAILED --------------------------------------------------\n\n  53 |         game.removeVisual(self)\n  54 |         administradorDeEnemigos.eliminarEnemigo(self)\n> 55 |     }\n     |     ^\n  56 | }\n  57 | \n\nExpected one of the following: \n\n'@', 'class', 'const', 'describe', 'mixin', 'object', 'only', 'package', 'program', 'test', 'var', '{', EOF, comment, not \"}\r\n\", whitespace\n\n    at c:\\Users\\LUZ RAMIREZ\\.vscode\\extensions\\uqbar.wollok-lsp-ide-0.5.2\\out\\server\\src\\server.js:2326:13026\n    at Array.map (<anonymous>)\n    at D1n (c:\\Users\\LUZ RAMIREZ\\.vscode\\extensions\\uqbar.wollok-lsp-ide-0.5.2\\out\\server\\src\\server.js:2326:12950)\n    at W2.buildEnvironmentFrom (c:\\Users\\LUZ RAMIREZ\\.vscode\\extensions\\uqbar.wollok-lsp-ide-0.5.2\\out\\server\\src\\server.js:2371:5254)\n    at W2.updateEnvironmentWith (c:\\Users\\LUZ RAMIREZ\\.vscode\\extensions\\uqbar.wollok-lsp-ide-0.5.2\\out\\server\\src\\server.js:2371:4989)\n    at GF (c:\\Users\\LUZ RAMIREZ\\.vscode\\extensions\\uqbar.wollok-lsp-ide-0.5.2\\out\\server\\src\\server.js:2371:7383)\n    at L3.invoke (c:\\Users\\LUZ RAMIREZ\\.vscode\\extensions\\uqbar.wollok-lsp-ide-0.5.2\\out\\server\\src\\server.js:3:157326)\n    at o.fire (c:\\Users\\LUZ RAMIREZ\\.vscode\\extensions\\uqbar.wollok-lsp-ide-0.5.2\\out\\server\\src\\server.js:3:158096)\n    at c:\\Users\\LUZ RAMIREZ\\.vscode\\extensions\\uqbar.wollok-lsp-ide-0.5.2\\out\\server\\src\\server.js:37:57871\n    at Kr (c:\\Users\\LUZ RAMIREZ\\.vscode\\extensions\\uqbar.wollok-lsp-ide-0.5.2\\out\\server\\src\\server.js:8:1561)","timestamp":"2025-07-03T18:20:06.872Z"}
{"level":"info","message":"⌛ Validating enemigos.wlk","timeElapsed":402,"timestamp":"2025-07-03T18:20:07.339Z"}
{"level":"error","message":"✘ Failed to rebuild document Failed to parse enemigos.wlk: \n-- PARSING FAILED --------------------------------------------------\n\n  53 |         game.removeVisual(self)\n  54 |         administradorDeEnemigos.eliminarEnemigo(self)\n> 55 |     }\n     |     ^\n  56 | }\n  57 | \n\nExpected one of the following: \n\n'@', 'class', 'const', 'describe', 'mixin', 'object', 'only', 'package', 'program', 'test', 'var', '{', EOF, comment, not \"}\r\n\", whitespace\n","stack":"Error: Failed to parse enemigos.wlk: \n-- PARSING FAILED --------------------------------------------------\n\n  53 |         game.removeVisual(self)\n  54 |         administradorDeEnemigos.eliminarEnemigo(self)\n> 55 |     }\n     |     ^\n  56 | }\n  57 | \n\nExpected one of the following: \n\n'@', 'class', 'const', 'describe', 'mixin', 'object', 'only', 'package', 'program', 'test', 'var', '{', EOF, comment, not \"}\r\n\", whitespace\n\n    at c:\\Users\\LUZ RAMIREZ\\.vscode\\extensions\\uqbar.wollok-lsp-ide-0.5.2\\out\\server\\src\\server.js:2326:13026\n    at Array.map (<anonymous>)\n    at D1n (c:\\Users\\LUZ RAMIREZ\\.vscode\\extensions\\uqbar.wollok-lsp-ide-0.5.2\\out\\server\\src\\server.js:2326:12950)\n    at W2.buildEnvironmentFrom (c:\\Users\\LUZ RAMIREZ\\.vscode\\extensions\\uqbar.wollok-lsp-ide-0.5.2\\out\\server\\src\\server.js:2371:5254)\n    at W2.updateEnvironmentWith (c:\\Users\\LUZ RAMIREZ\\.vscode\\extensions\\uqbar.wollok-lsp-ide-0.5.2\\out\\server\\src\\server.js:2371:4989)\n    at GF (c:\\Users\\LUZ RAMIREZ\\.vscode\\extensions\\uqbar.wollok-lsp-ide-0.5.2\\out\\server\\src\\server.js:2371:7383)\n    at L3.invoke (c:\\Users\\LUZ RAMIREZ\\.vscode\\extensions\\uqbar.wollok-lsp-ide-0.5.2\\out\\server\\src\\server.js:3:157326)\n    at o.fire (c:\\Users\\LUZ RAMIREZ\\.vscode\\extensions\\uqbar.wollok-lsp-ide-0.5.2\\out\\server\\src\\server.js:3:158096)\n    at c:\\Users\\LUZ RAMIREZ\\.vscode\\extensions\\uqbar.wollok-lsp-ide-0.5.2\\out\\server\\src\\server.js:37:57871\n    at Kr (c:\\Users\\LUZ RAMIREZ\\.vscode\\extensions\\uqbar.wollok-lsp-ide-0.5.2\\out\\server\\src\\server.js:8:1561)","timestamp":"2025-07-03T18:20:07.676Z"}
{"level":"error","message":"✘ Failed to rebuild document Failed to parse enemigos.wlk: \n-- PARSING FAILED --------------------------------------------------\n\n  53 |         game.removeVisual(self)\n  54 |         administradorDeEnemigos.eliminarEnemigo(self)\n> 55 |     }\n     |     ^\n  56 | }\n  57 | \n\nExpected one of the following: \n\n'@', 'class', 'const', 'describe', 'mixin', 'object', 'only', 'package', 'program', 'test', 'var', '{', EOF, comment, not \"}\r\n\", whitespace\n","stack":"Error: Failed to parse enemigos.wlk: \n-- PARSING FAILED --------------------------------------------------\n\n  53 |         game.removeVisual(self)\n  54 |         administradorDeEnemigos.eliminarEnemigo(self)\n> 55 |     }\n     |     ^\n  56 | }\n  57 | \n\nExpected one of the following: \n\n'@', 'class', 'const', 'describe', 'mixin', 'object', 'only', 'package', 'program', 'test', 'var', '{', EOF, comment, not \"}\r\n\", whitespace\n\n    at c:\\Users\\LUZ RAMIREZ\\.vscode\\extensions\\uqbar.wollok-lsp-ide-0.5.2\\out\\server\\src\\server.js:2326:13026\n    at Array.map (<anonymous>)\n    at D1n (c:\\Users\\LUZ RAMIREZ\\.vscode\\extensions\\uqbar.wollok-lsp-ide-0.5.2\\out\\server\\src\\server.js:2326:12950)\n    at W2.buildEnvironmentFrom (c:\\Users\\LUZ RAMIREZ\\.vscode\\extensions\\uqbar.wollok-lsp-ide-0.5.2\\out\\server\\src\\server.js:2371:5254)\n    at W2.updateEnvironmentWith (c:\\Users\\LUZ RAMIREZ\\.vscode\\extensions\\uqbar.wollok-lsp-ide-0.5.2\\out\\server\\src\\server.js:2371:4989)\n    at GF (c:\\Users\\LUZ RAMIREZ\\.vscode\\extensions\\uqbar.wollok-lsp-ide-0.5.2\\out\\server\\src\\server.js:2371:7383)\n    at L3.invoke (c:\\Users\\LUZ RAMIREZ\\.vscode\\extensions\\uqbar.wollok-lsp-ide-0.5.2\\out\\server\\src\\server.js:3:157326)\n    at o.fire (c:\\Users\\LUZ RAMIREZ\\.vscode\\extensions\\uqbar.wollok-lsp-ide-0.5.2\\out\\server\\src\\server.js:3:158096)\n    at c:\\Users\\LUZ RAMIREZ\\.vscode\\extensions\\uqbar.wollok-lsp-ide-0.5.2\\out\\server\\src\\server.js:37:57871\n    at Kr (c:\\Users\\LUZ RAMIREZ\\.vscode\\extensions\\uqbar.wollok-lsp-ide-0.5.2\\out\\server\\src\\server.js:8:1561)","timestamp":"2025-07-03T18:20:08.081Z"}
{"level":"info","message":"⌛ Validating enemigos.wlk","timeElapsed":461,"timestamp":"2025-07-03T18:20:08.545Z"}
{"level":"info","message":"⌛ Building environment","timeElapsed":481,"timestamp":"2025-07-03T18:20:09.026Z"}
{"level":"info","message":"⌛ Building environment","timeElapsed":363,"timestamp":"2025-07-03T18:20:09.392Z"}
{"level":"info","message":"⌛ Validating enemigos.wlk","timeElapsed":498,"timestamp":"2025-07-03T18:20:09.893Z"}
{"level":"info","message":"⌛ Building environment","timeElapsed":415,"timestamp":"2025-07-03T18:20:10.366Z"}
{"level":"info","message":"⌛ Building environment","timeElapsed":403,"timestamp":"2025-07-03T18:20:10.815Z"}
{"level":"info","message":"⌛ Building environment","timeElapsed":421,"timestamp":"2025-07-03T18:20:11.265Z"}
{"level":"info","message":"⌛ Building environment","timeElapsed":311,"timestamp":"2025-07-03T18:20:11.664Z"}
{"level":"info","message":"⌛ Validating enemigos.wlk","timeElapsed":374,"timestamp":"2025-07-03T18:20:12.066Z"}
{"level":"info","message":"⌛ Building environment","timeElapsed":332,"timestamp":"2025-07-03T18:20:12.399Z"}
{"level":"info","message":"⌛ Building environment","timeElapsed":717,"timestamp":"2025-07-03T18:20:13.137Z"}
{"level":"info","message":"⌛ Validating enemigos.wlk","timeElapsed":438,"timestamp":"2025-07-03T18:20:13.577Z"}
{"level":"info","message":"⌛ Building environment","timeElapsed":316,"timestamp":"2025-07-03T18:20:13.931Z"}
{"level":"info","message":"⌛ Building environment","timeElapsed":293,"timestamp":"2025-07-03T18:20:14.258Z"}
{"level":"info","message":"⌛ Building environment","timeElapsed":394,"timestamp":"2025-07-03T18:20:14.683Z"}
{"level":"info","message":"⌛ Validating enemigos.wlk","timeElapsed":506,"timestamp":"2025-07-03T18:20:15.212Z"}
{"level":"info","message":"⌛ Building environment","timeElapsed":1508,"timestamp":"2025-07-03T18:20:16.949Z"}
{"level":"info","message":"⌛ Validating enemigos.wlk","timeElapsed":382,"timestamp":"2025-07-03T18:20:17.374Z"}
{"level":"info","message":"⌛ Building environment","timeElapsed":316,"timestamp":"2025-07-03T18:20:17.691Z"}
{"level":"info","message":"⌛ Validating enemigos.wlk","timeElapsed":416,"timestamp":"2025-07-03T18:20:18.142Z"}
{"level":"info","message":"⌛ Building environment","timeElapsed":298,"timestamp":"2025-07-03T18:20:18.454Z"}
{"level":"info","message":"⌛ Building environment","timeElapsed":352,"timestamp":"2025-07-03T18:20:18.828Z"}
{"level":"info","message":"⌛ Building environment","timeElapsed":329,"timestamp":"2025-07-03T18:20:19.230Z"}
{"level":"info","message":"⌛ Validating enemigos.wlk","timeElapsed":346,"timestamp":"2025-07-03T18:20:19.624Z"}
{"level":"info","message":"⌛ Validating enemigos.wlk","timeElapsed":408,"timestamp":"2025-07-03T18:20:20.033Z"}
{"level":"info","message":"⌛ Validating enemigos.wlk","timeElapsed":339,"timestamp":"2025-07-03T18:20:20.399Z"}
{"level":"info","message":"⌛ Validating enemigos.wlk","timeElapsed":398,"timestamp":"2025-07-03T18:20:20.799Z"}
{"level":"info","message":"⌛ Validating enemigos.wlk","timeElapsed":348,"timestamp":"2025-07-03T18:20:21.163Z"}
{"level":"info","message":"⌛ Validating enemigos.wlk","timeElapsed":381,"timestamp":"2025-07-03T18:20:21.574Z"}
{"level":"info","message":"⌛ Validating enemigos.wlk","timeElapsed":431,"timestamp":"2025-07-03T18:20:22.060Z"}
{"level":"info","message":"⌛ Validating enemigos.wlk","timeElapsed":330,"timestamp":"2025-07-03T18:20:22.393Z"}
{"level":"info","message":"⌛ Validating enemigos.wlk","timeElapsed":519,"timestamp":"2025-07-03T18:20:22.930Z"}
{"level":"info","message":"⌛ Validating enemigos.wlk","timeElapsed":332,"timestamp":"2025-07-03T18:20:23.278Z"}
{"level":"info","message":"⌛ Building environment","timeElapsed":268,"timestamp":"2025-07-03T18:20:23.549Z"}
{"level":"info","message":"⌛ Building environment","timeElapsed":317,"timestamp":"2025-07-03T18:20:23.872Z"}
{"level":"error","message":"✘ Completions for node Send ([40:14, 40:30] - enemigos.wlk) failed: Error: [Send]{8ac0ff} at enemigos.wlk:40 exhausted all cases without a match [Send]{8ac0ff} at enemigos.wlk:40 exhausted all cases without a match","stack":"Error: [Send]{8ac0ff} at enemigos.wlk:40 exhausted all cases without a match\n    at c:\\Users\\LUZ RAMIREZ\\.vscode\\extensions\\uqbar.wollok-lsp-ide-0.5.2\\out\\server\\src\\server.js:38:6142\n    at C2 (c:\\Users\\LUZ RAMIREZ\\.vscode\\extensions\\uqbar.wollok-lsp-ide-0.5.2\\out\\server\\src\\server.js:2362:42)\n    at Gh (c:\\Users\\LUZ RAMIREZ\\.vscode\\extensions\\uqbar.wollok-lsp-ide-0.5.2\\out\\server\\src\\server.js:2362:1092)\n    at l8n (c:\\Users\\LUZ RAMIREZ\\.vscode\\extensions\\uqbar.wollok-lsp-ide-0.5.2\\out\\server\\src\\server.js:2362:1248)\n    at c:\\Users\\LUZ RAMIREZ\\.vscode\\extensions\\uqbar.wollok-lsp-ide-0.5.2\\out\\server\\src\\server.js:38:6131\n    at C2 (c:\\Users\\LUZ RAMIREZ\\.vscode\\extensions\\uqbar.wollok-lsp-ide-0.5.2\\out\\server\\src\\server.js:2362:42)\n    at c:\\Users\\LUZ RAMIREZ\\.vscode\\extensions\\uqbar.wollok-lsp-ide-0.5.2\\out\\server\\src\\server.js:2362:2988\n    at c:\\Users\\LUZ RAMIREZ\\.vscode\\extensions\\uqbar.wollok-lsp-ide-0.5.2\\out\\server\\src\\server.js:2371:8440\n    at c:\\Users\\LUZ RAMIREZ\\.vscode\\extensions\\uqbar.wollok-lsp-ide-0.5.2\\out\\server\\src\\server.js:37:74872\n    at Ye (c:\\Users\\LUZ RAMIREZ\\.vscode\\extensions\\uqbar.wollok-lsp-ide-0.5.2\\out\\server\\src\\server.js:7:8527)","timestamp":"2025-07-03T18:20:24.008Z"}
{"level":"error","message":"✘ Completions for node If ([40:9, 42:10] - enemigos.wlk) failed: Error: [If]{190db2} at enemigos.wlk:40 exhausted all cases without a match [If]{190db2} at enemigos.wlk:40 exhausted all cases without a match","stack":"Error: [If]{190db2} at enemigos.wlk:40 exhausted all cases without a match\n    at c:\\Users\\LUZ RAMIREZ\\.vscode\\extensions\\uqbar.wollok-lsp-ide-0.5.2\\out\\server\\src\\server.js:38:6142\n    at C2 (c:\\Users\\LUZ RAMIREZ\\.vscode\\extensions\\uqbar.wollok-lsp-ide-0.5.2\\out\\server\\src\\server.js:2362:42)\n    at Gh (c:\\Users\\LUZ RAMIREZ\\.vscode\\extensions\\uqbar.wollok-lsp-ide-0.5.2\\out\\server\\src\\server.js:2362:1092)\n    at C2 (c:\\Users\\LUZ RAMIREZ\\.vscode\\extensions\\uqbar.wollok-lsp-ide-0.5.2\\out\\server\\src\\server.js:2362:544)\n    at Gh (c:\\Users\\LUZ RAMIREZ\\.vscode\\extensions\\uqbar.wollok-lsp-ide-0.5.2\\out\\server\\src\\server.js:2362:1092)\n    at l8n (c:\\Users\\LUZ RAMIREZ\\.vscode\\extensions\\uqbar.wollok-lsp-ide-0.5.2\\out\\server\\src\\server.js:2362:1248)\n    at c:\\Users\\LUZ RAMIREZ\\.vscode\\extensions\\uqbar.wollok-lsp-ide-0.5.2\\out\\server\\src\\server.js:38:6131\n    at C2 (c:\\Users\\LUZ RAMIREZ\\.vscode\\extensions\\uqbar.wollok-lsp-ide-0.5.2\\out\\server\\src\\server.js:2362:42)\n    at c:\\Users\\LUZ RAMIREZ\\.vscode\\extensions\\uqbar.wollok-lsp-ide-0.5.2\\out\\server\\src\\server.js:2362:2988\n    at c:\\Users\\LUZ RAMIREZ\\.vscode\\extensions\\uqbar.wollok-lsp-ide-0.5.2\\out\\server\\src\\server.js:2371:8440","timestamp":"2025-07-03T18:20:24.009Z"}
{"level":"info","message":"⌛ Validating enemigos.wlk","timeElapsed":331,"timestamp":"2025-07-03T18:20:24.356Z"}
{"level":"info","message":"⌛ Building environment","timeElapsed":284,"timestamp":"2025-07-03T18:20:24.642Z"}
{"level":"info","message":"⌛ Building environment","timeElapsed":296,"timestamp":"2025-07-03T18:20:24.940Z"}
{"level":"info","message":"⌛ Building environment","timeElapsed":322,"timestamp":"2025-07-03T18:20:25.270Z"}
{"level":"error","message":"✘ Completions for node Send ([40:13, 40:29] - enemigos.wlk) failed: Error: [Send]{cca6c1} at enemigos.wlk:40 exhausted all cases without a match [Send]{cca6c1} at enemigos.wlk:40 exhausted all cases without a match","stack":"Error: [Send]{cca6c1} at enemigos.wlk:40 exhausted all cases without a match\n    at c:\\Users\\LUZ RAMIREZ\\.vscode\\extensions\\uqbar.wollok-lsp-ide-0.5.2\\out\\server\\src\\server.js:38:6142\n    at C2 (c:\\Users\\LUZ RAMIREZ\\.vscode\\extensions\\uqbar.wollok-lsp-ide-0.5.2\\out\\server\\src\\server.js:2362:42)\n    at Gh (c:\\Users\\LUZ RAMIREZ\\.vscode\\extensions\\uqbar.wollok-lsp-ide-0.5.2\\out\\server\\src\\server.js:2362:1092)\n    at l8n (c:\\Users\\LUZ RAMIREZ\\.vscode\\extensions\\uqbar.wollok-lsp-ide-0.5.2\\out\\server\\src\\server.js:2362:1248)\n    at c:\\Users\\LUZ RAMIREZ\\.vscode\\extensions\\uqbar.wollok-lsp-ide-0.5.2\\out\\server\\src\\server.js:38:6131\n    at C2 (c:\\Users\\LUZ RAMIREZ\\.vscode\\extensions\\uqbar.wollok-lsp-ide-0.5.2\\out\\server\\src\\server.js:2362:42)\n    at c:\\Users\\LUZ RAMIREZ\\.vscode\\extensions\\uqbar.wollok-lsp-ide-0.5.2\\out\\server\\src\\server.js:2362:2988\n    at c:\\Users\\LUZ RAMIREZ\\.vscode\\extensions\\uqbar.wollok-lsp-ide-0.5.2\\out\\server\\src\\server.js:2371:8440\n    at c:\\Users\\LUZ RAMIREZ\\.vscode\\extensions\\uqbar.wollok-lsp-ide-0.5.2\\out\\server\\src\\server.js:37:74872\n    at Ye (c:\\Users\\LUZ RAMIREZ\\.vscode\\extensions\\uqbar.wollok-lsp-ide-0.5.2\\out\\server\\src\\server.js:7:8527)","timestamp":"2025-07-03T18:20:25.369Z"}
{"level":"error","message":"✘ Completions for node If ([40:9, 42:10] - enemigos.wlk) failed: Error: [If]{aa01d5} at enemigos.wlk:40 exhausted all cases without a match [If]{aa01d5} at enemigos.wlk:40 exhausted all cases without a match","stack":"Error: [If]{aa01d5} at enemigos.wlk:40 exhausted all cases without a match\n    at c:\\Users\\LUZ RAMIREZ\\.vscode\\extensions\\uqbar.wollok-lsp-ide-0.5.2\\out\\server\\src\\server.js:38:6142\n    at C2 (c:\\Users\\LUZ RAMIREZ\\.vscode\\extensions\\uqbar.wollok-lsp-ide-0.5.2\\out\\server\\src\\server.js:2362:42)\n    at Gh (c:\\Users\\LUZ RAMIREZ\\.vscode\\extensions\\uqbar.wollok-lsp-ide-0.5.2\\out\\server\\src\\server.js:2362:1092)\n    at C2 (c:\\Users\\LUZ RAMIREZ\\.vscode\\extensions\\uqbar.wollok-lsp-ide-0.5.2\\out\\server\\src\\server.js:2362:544)\n    at Gh (c:\\Users\\LUZ RAMIREZ\\.vscode\\extensions\\uqbar.wollok-lsp-ide-0.5.2\\out\\server\\src\\server.js:2362:1092)\n    at l8n (c:\\Users\\LUZ RAMIREZ\\.vscode\\extensions\\uqbar.wollok-lsp-ide-0.5.2\\out\\server\\src\\server.js:2362:1248)\n    at c:\\Users\\LUZ RAMIREZ\\.vscode\\extensions\\uqbar.wollok-lsp-ide-0.5.2\\out\\server\\src\\server.js:38:6131\n    at C2 (c:\\Users\\LUZ RAMIREZ\\.vscode\\extensions\\uqbar.wollok-lsp-ide-0.5.2\\out\\server\\src\\server.js:2362:42)\n    at c:\\Users\\LUZ RAMIREZ\\.vscode\\extensions\\uqbar.wollok-lsp-ide-0.5.2\\out\\server\\src\\server.js:2362:2988\n    at c:\\Users\\LUZ RAMIREZ\\.vscode\\extensions\\uqbar.wollok-lsp-ide-0.5.2\\out\\server\\src\\server.js:2371:8440","timestamp":"2025-07-03T18:20:25.370Z"}
{"level":"info","message":"⌛ Building environment","timeElapsed":319,"timestamp":"2025-07-03T18:20:25.737Z"}
{"level":"info","message":"⌛ Building environment","timeElapsed":581,"timestamp":"2025-07-03T18:20:26.321Z"}
{"level":"info","message":"⌛ Building environment","timeElapsed":579,"timestamp":"2025-07-03T18:20:26.931Z"}
{"level":"info","message":"⌛ Building environment","timeElapsed":709,"timestamp":"2025-07-03T18:20:28.113Z"}
{"level":"info","message":"⌛ Building environment","timeElapsed":1132,"timestamp":"2025-07-03T18:20:29.247Z"}
{"level":"info","message":"⌛ Validating enemigos.wlk","timeElapsed":416,"timestamp":"2025-07-03T18:20:29.722Z"}
{"level":"info","message":"⌛ Validating enemigos.wlk","timeElapsed":334,"timestamp":"2025-07-03T18:20:30.070Z"}
{"level":"info","message":"⌛ Validating enemigos.wlk","timeElapsed":394,"timestamp":"2025-07-03T18:20:30.493Z"}
{"level":"info","message":"⌛ Validating enemigos.wlk","timeElapsed":365,"timestamp":"2025-07-03T18:20:30.943Z"}
{"level":"info","message":"⌛ Validating enemigos.wlk","timeElapsed":345,"timestamp":"2025-07-03T18:20:31.297Z"}
{"level":"info","message":"⌛ Validating enemigos.wlk","timeElapsed":380,"timestamp":"2025-07-03T18:20:31.819Z"}
{"level":"info","message":"⌛ Validating enemigos.wlk","timeElapsed":389,"timestamp":"2025-07-03T18:20:32.210Z"}
{"level":"info","message":"⌛ Validating enemigos.wlk","timeElapsed":615,"timestamp":"2025-07-03T18:20:32.828Z"}
{"level":"info","message":"⌛ Validating enemigos.wlk","timeElapsed":392,"timestamp":"2025-07-03T18:20:33.224Z"}
{"level":"info","message":"⌛ Validating enemigos.wlk","timeElapsed":445,"timestamp":"2025-07-03T18:20:33.692Z"}
{"level":"info","message":"⌛ Validating enemigos.wlk","timeElapsed":1057,"timestamp":"2025-07-03T18:20:34.749Z"}
{"level":"info","message":"⌛ Validating enemigos.wlk","timeElapsed":331,"timestamp":"2025-07-03T18:20:35.092Z"}
{"level":"info","message":"⌛ Validating enemigos.wlk","timeElapsed":322,"timestamp":"2025-07-03T18:20:35.416Z"}
{"level":"info","message":"⌛ Validating enemigos.wlk","timeElapsed":335,"timestamp":"2025-07-03T18:20:35.777Z"}
{"level":"info","message":"⌛ Validating enemigos.wlk","timeElapsed":323,"timestamp":"2025-07-03T18:20:36.111Z"}
{"level":"info","message":"⌛ Building environment","timeElapsed":375,"timestamp":"2025-07-03T18:20:49.855Z"}
{"level":"info","message":"⌛ Building environment","timeElapsed":367,"timestamp":"2025-07-03T18:20:50.226Z"}
{"level":"info","message":"⌛ Validating enemigos.wlk","timeElapsed":398,"timestamp":"2025-07-03T18:20:50.631Z"}
{"level":"info","message":"⌛ Building environment","timeElapsed":328,"timestamp":"2025-07-03T18:20:51.006Z"}
{"level":"info","message":"⌛ Validating enemigos.wlk","timeElapsed":350,"timestamp":"2025-07-03T18:20:51.358Z"}
{"level":"info","message":"⌛ Building environment","timeElapsed":299,"timestamp":"2025-07-03T18:20:51.692Z"}
{"level":"info","message":"⌛ Validating enemigos.wlk","timeElapsed":375,"timestamp":"2025-07-03T18:20:52.095Z"}
{"level":"info","message":"⌛ Validating enemigos.wlk","timeElapsed":419,"timestamp":"2025-07-03T18:20:52.523Z"}
{"level":"info","message":"⌛ Building environment","timeElapsed":406,"timestamp":"2025-07-03T18:21:47.468Z"}
{"level":"info","message":"⌛ Validating enemigos.wlk","timeElapsed":495,"timestamp":"2025-07-03T18:21:48.059Z"}
{"level":"info","message":"⌛ Building environment","timeElapsed":499,"timestamp":"2025-07-03T18:22:00.377Z"}
{"level":"info","message":"⌛ Validating enemigos.wlk","timeElapsed":380,"timestamp":"2025-07-03T18:22:00.795Z"}
{"level":"info","message":"⌛ Building environment","timeElapsed":380,"timestamp":"2025-07-03T18:22:01.690Z"}
{"level":"info","message":"⌛ Validating enemigos.wlk","timeElapsed":380,"timestamp":"2025-07-03T18:22:02.133Z"}
{"level":"info","message":"⌛ Building environment","timeElapsed":335,"timestamp":"2025-07-03T18:22:05.054Z"}
{"level":"info","message":"⌛ Validating enemigos.wlk","timeElapsed":357,"timestamp":"2025-07-03T18:22:05.461Z"}
{"level":"info","message":"⌛ Building environment","timeElapsed":385,"timestamp":"2025-07-03T18:22:07.065Z"}
{"level":"info","message":"⌛ Validating enemigos.wlk","timeElapsed":340,"timestamp":"2025-07-03T18:22:07.447Z"}
{"level":"info","message":"⌛ Building environment","timeElapsed":323,"timestamp":"2025-07-03T18:22:09.012Z"}
{"level":"info","message":"⌛ Validating enemigos.wlk","timeElapsed":485,"timestamp":"2025-07-03T18:22:09.559Z"}
{"level":"info","message":"⌛ Building environment","timeElapsed":354,"timestamp":"2025-07-03T18:22:13.588Z"}
{"level":"info","message":"⌛ Validating enemigos.wlk","timeElapsed":374,"timestamp":"2025-07-03T18:22:13.981Z"}
{"level":"info","message":"⌛ Building environment","timeElapsed":482,"timestamp":"2025-07-03T18:22:16.709Z"}
{"level":"info","message":"⌛ Validating enemigos.wlk","timeElapsed":369,"timestamp":"2025-07-03T18:22:17.127Z"}
{"level":"info","message":"⌛ Building environment","timeElapsed":401,"timestamp":"2025-07-03T18:22:22.531Z"}
{"level":"info","message":"⌛ Validating enemigos.wlk","timeElapsed":367,"timestamp":"2025-07-03T18:22:22.910Z"}
{"level":"info","message":"⌛ Building environment","timeElapsed":350,"timestamp":"2025-07-03T18:22:27.244Z"}
{"level":"info","message":"⌛ Validating enemigos.wlk","timeElapsed":348,"timestamp":"2025-07-03T18:22:27.619Z"}
{"level":"error","message":"✘ Failed to rebuild document Failed to parse mago.wlk: \n-- PARSING FAILED --------------------------------------------------\n\n  31 | }\n  32 | \n> 33 | }\n     | ^\n  34 | class Hechizo inherits CosaAnimada{\n  35 |   const property tipo\n\nExpected one of the following: \n\n' ', '@', 'class', 'const', 'describe', 'mixin', 'object', 'only', 'package', 'program', 'test', 'var', '{', EOF, comment, not \"}\r\n\", whitespace\n","stack":"Error: Failed to parse mago.wlk: \n-- PARSING FAILED --------------------------------------------------\n\n  31 | }\n  32 | \n> 33 | }\n     | ^\n  34 | class Hechizo inherits CosaAnimada{\n  35 |   const property tipo\n\nExpected one of the following: \n\n' ', '@', 'class', 'const', 'describe', 'mixin', 'object', 'only', 'package', 'program', 'test', 'var', '{', EOF, comment, not \"}\r\n\", whitespace\n\n    at c:\\Users\\LUZ RAMIREZ\\.vscode\\extensions\\uqbar.wollok-lsp-ide-0.5.2\\out\\server\\src\\server.js:2326:13026\n    at Array.map (<anonymous>)\n    at D1n (c:\\Users\\LUZ RAMIREZ\\.vscode\\extensions\\uqbar.wollok-lsp-ide-0.5.2\\out\\server\\src\\server.js:2326:12950)\n    at W2.buildEnvironmentFrom (c:\\Users\\LUZ RAMIREZ\\.vscode\\extensions\\uqbar.wollok-lsp-ide-0.5.2\\out\\server\\src\\server.js:2371:5254)\n    at W2.updateEnvironmentWith (c:\\Users\\LUZ RAMIREZ\\.vscode\\extensions\\uqbar.wollok-lsp-ide-0.5.2\\out\\server\\src\\server.js:2371:4989)\n    at GF (c:\\Users\\LUZ RAMIREZ\\.vscode\\extensions\\uqbar.wollok-lsp-ide-0.5.2\\out\\server\\src\\server.js:2371:7383)\n    at L3.invoke (c:\\Users\\LUZ RAMIREZ\\.vscode\\extensions\\uqbar.wollok-lsp-ide-0.5.2\\out\\server\\src\\server.js:3:157326)\n    at o.fire (c:\\Users\\LUZ RAMIREZ\\.vscode\\extensions\\uqbar.wollok-lsp-ide-0.5.2\\out\\server\\src\\server.js:3:158096)\n    at c:\\Users\\LUZ RAMIREZ\\.vscode\\extensions\\uqbar.wollok-lsp-ide-0.5.2\\out\\server\\src\\server.js:37:57871\n    at Kr (c:\\Users\\LUZ RAMIREZ\\.vscode\\extensions\\uqbar.wollok-lsp-ide-0.5.2\\out\\server\\src\\server.js:8:1561)","timestamp":"2025-07-03T18:23:05.869Z"}
{"level":"info","message":"⌛ Building environment","timeElapsed":348,"timestamp":"2025-07-03T18:23:07.422Z"}
{"level":"info","message":"⌛ Validating mago.wlk","timeElapsed":357,"timestamp":"2025-07-03T18:23:07.796Z"}
{"level":"info","message":"⌛ Building environment","timeElapsed":343,"timestamp":"2025-07-03T18:23:08.178Z"}
{"level":"info","message":"⌛ Validating mago.wlk","timeElapsed":339,"timestamp":"2025-07-03T18:23:08.534Z"}
{"errors":{"errors":[null,["/*\r","Hace que colisionen con el pixel actual o el siguiente.\r","ya que parece que como el dragon va restando y el hechizo sumando en el eje x\r","estos se omiten\r"]]},"level":"error","message":"✘ Failed to get type description: Error: {\n  \"errors\": [\n    null,\n    [\n      \"/*\\r\",\n      \"Hace que colisionen con el pixel actual o el siguiente.\\r\",\n      \"ya que parece que como el dragon va restando y el hechizo sumando en el eje x\\r\",\n      \"estos se omiten\\r\"\n    ]\n  ]\n} {\n  \"errors\": [\n    null,\n    [\n      \"/*\\r\",\n      \"Hace que colisionen con el pixel actual o el siguiente.\\r\",\n      \"ya que parece que como el dragon va restando y el hechizo sumando en el eje x\\r\",\n      \"estos se omiten\\r\"\n    ]\n  ]\n}","stack":"Error: {\n  \"errors\": [\n    null,\n    [\n      \"/*\\r\",\n      \"Hace que colisionen con el pixel actual o el siguiente.\\r\",\n      \"ya que parece que como el dragon va restando y el hechizo sumando en el eje x\\r\",\n      \"estos se omiten\\r\"\n    ]\n  ]\n}\n    at pS (c:\\Users\\LUZ RAMIREZ\\.vscode\\extensions\\uqbar.wollok-lsp-ide-0.5.2\\out\\server\\src\\server.js:64:34609)\n    at G1 (c:\\Users\\LUZ RAMIREZ\\.vscode\\extensions\\uqbar.wollok-lsp-ide-0.5.2\\out\\server\\src\\server.js:64:34682)\n    at c:\\Users\\LUZ RAMIREZ\\.vscode\\extensions\\uqbar.wollok-lsp-ide-0.5.2\\out\\server\\src\\server.js:64:37949\n    at o.v1 (c:\\Users\\LUZ RAMIREZ\\.vscode\\extensions\\uqbar.wollok-lsp-ide-0.5.2\\out\\server\\src\\server.js:57:57694)\n    at c:\\Users\\LUZ RAMIREZ\\.vscode\\extensions\\uqbar.wollok-lsp-ide-0.5.2\\out\\server\\src\\server.js:64:37918\n    at c:\\Users\\LUZ RAMIREZ\\.vscode\\extensions\\uqbar.wollok-lsp-ide-0.5.2\\out\\server\\src\\server.js:57:55734\n    at Ofn (c:\\Users\\LUZ RAMIREZ\\.vscode\\extensions\\uqbar.wollok-lsp-ide-0.5.2\\out\\server\\src\\server.js:68:11324)\n    at c:\\Users\\LUZ RAMIREZ\\.vscode\\extensions\\uqbar.wollok-lsp-ide-0.5.2\\out\\server\\src\\server.js:68:3629\n    at jbn (c:\\Users\\LUZ RAMIREZ\\.vscode\\extensions\\uqbar.wollok-lsp-ide-0.5.2\\out\\server\\src\\server.js:68:3396)\n    at c:\\Users\\LUZ RAMIREZ\\.vscode\\extensions\\uqbar.wollok-lsp-ide-0.5.2\\out\\server\\src\\server.js:2371:847","timestamp":"2025-07-03T18:23:12.069Z"}
{"errors":{"errors":[null,["/*\r","Hace que colisionen con el pixel actual o el siguiente.\r","ya que parece que como el dragon va restando y el hechizo sumando en el eje x\r","estos se omiten\r"]]},"level":"error","message":"✘ Failed to get type description: Error: {\n  \"errors\": [\n    null,\n    [\n      \"/*\\r\",\n      \"Hace que colisionen con el pixel actual o el siguiente.\\r\",\n      \"ya que parece que como el dragon va restando y el hechizo sumando en el eje x\\r\",\n      \"estos se omiten\\r\"\n    ]\n  ]\n} {\n  \"errors\": [\n    null,\n    [\n      \"/*\\r\",\n      \"Hace que colisionen con el pixel actual o el siguiente.\\r\",\n      \"ya que parece que como el dragon va restando y el hechizo sumando en el eje x\\r\",\n      \"estos se omiten\\r\"\n    ]\n  ]\n}","stack":"Error: {\n  \"errors\": [\n    null,\n    [\n      \"/*\\r\",\n      \"Hace que colisionen con el pixel actual o el siguiente.\\r\",\n      \"ya que parece que como el dragon va restando y el hechizo sumando en el eje x\\r\",\n      \"estos se omiten\\r\"\n    ]\n  ]\n}\n    at pS (c:\\Users\\LUZ RAMIREZ\\.vscode\\extensions\\uqbar.wollok-lsp-ide-0.5.2\\out\\server\\src\\server.js:64:34609)\n    at G1 (c:\\Users\\LUZ RAMIREZ\\.vscode\\extensions\\uqbar.wollok-lsp-ide-0.5.2\\out\\server\\src\\server.js:64:34682)\n    at c:\\Users\\LUZ RAMIREZ\\.vscode\\extensions\\uqbar.wollok-lsp-ide-0.5.2\\out\\server\\src\\server.js:64:37949\n    at o.v1 (c:\\Users\\LUZ RAMIREZ\\.vscode\\extensions\\uqbar.wollok-lsp-ide-0.5.2\\out\\server\\src\\server.js:57:57694)\n    at c:\\Users\\LUZ RAMIREZ\\.vscode\\extensions\\uqbar.wollok-lsp-ide-0.5.2\\out\\server\\src\\server.js:64:37918\n    at c:\\Users\\LUZ RAMIREZ\\.vscode\\extensions\\uqbar.wollok-lsp-ide-0.5.2\\out\\server\\src\\server.js:57:55734\n    at Ofn (c:\\Users\\LUZ RAMIREZ\\.vscode\\extensions\\uqbar.wollok-lsp-ide-0.5.2\\out\\server\\src\\server.js:68:11324)\n    at c:\\Users\\LUZ RAMIREZ\\.vscode\\extensions\\uqbar.wollok-lsp-ide-0.5.2\\out\\server\\src\\server.js:68:3629\n    at jbn (c:\\Users\\LUZ RAMIREZ\\.vscode\\extensions\\uqbar.wollok-lsp-ide-0.5.2\\out\\server\\src\\server.js:68:3396)\n    at c:\\Users\\LUZ RAMIREZ\\.vscode\\extensions\\uqbar.wollok-lsp-ide-0.5.2\\out\\server\\src\\server.js:2371:847","timestamp":"2025-07-03T18:23:14.843Z"}
{"errors":{"errors":[null,["/*\r","Hace que colisionen con el pixel actual o el siguiente.\r","ya que parece que como el dragon va restando y el hechizo sumando en el eje x\r","estos se omiten\r"]]},"level":"error","message":"✘ Failed to get type description: Error: {\n  \"errors\": [\n    null,\n    [\n      \"/*\\r\",\n      \"Hace que colisionen con el pixel actual o el siguiente.\\r\",\n      \"ya que parece que como el dragon va restando y el hechizo sumando en el eje x\\r\",\n      \"estos se omiten\\r\"\n    ]\n  ]\n} {\n  \"errors\": [\n    null,\n    [\n      \"/*\\r\",\n      \"Hace que colisionen con el pixel actual o el siguiente.\\r\",\n      \"ya que parece que como el dragon va restando y el hechizo sumando en el eje x\\r\",\n      \"estos se omiten\\r\"\n    ]\n  ]\n}","stack":"Error: {\n  \"errors\": [\n    null,\n    [\n      \"/*\\r\",\n      \"Hace que colisionen con el pixel actual o el siguiente.\\r\",\n      \"ya que parece que como el dragon va restando y el hechizo sumando en el eje x\\r\",\n      \"estos se omiten\\r\"\n    ]\n  ]\n}\n    at pS (c:\\Users\\LUZ RAMIREZ\\.vscode\\extensions\\uqbar.wollok-lsp-ide-0.5.2\\out\\server\\src\\server.js:64:34609)\n    at G1 (c:\\Users\\LUZ RAMIREZ\\.vscode\\extensions\\uqbar.wollok-lsp-ide-0.5.2\\out\\server\\src\\server.js:64:34682)\n    at c:\\Users\\LUZ RAMIREZ\\.vscode\\extensions\\uqbar.wollok-lsp-ide-0.5.2\\out\\server\\src\\server.js:64:37949\n    at o.v1 (c:\\Users\\LUZ RAMIREZ\\.vscode\\extensions\\uqbar.wollok-lsp-ide-0.5.2\\out\\server\\src\\server.js:57:57694)\n    at c:\\Users\\LUZ RAMIREZ\\.vscode\\extensions\\uqbar.wollok-lsp-ide-0.5.2\\out\\server\\src\\server.js:64:37918\n    at c:\\Users\\LUZ RAMIREZ\\.vscode\\extensions\\uqbar.wollok-lsp-ide-0.5.2\\out\\server\\src\\server.js:57:55734\n    at Ofn (c:\\Users\\LUZ RAMIREZ\\.vscode\\extensions\\uqbar.wollok-lsp-ide-0.5.2\\out\\server\\src\\server.js:68:11324)\n    at c:\\Users\\LUZ RAMIREZ\\.vscode\\extensions\\uqbar.wollok-lsp-ide-0.5.2\\out\\server\\src\\server.js:68:3629\n    at jbn (c:\\Users\\LUZ RAMIREZ\\.vscode\\extensions\\uqbar.wollok-lsp-ide-0.5.2\\out\\server\\src\\server.js:68:3396)\n    at c:\\Users\\LUZ RAMIREZ\\.vscode\\extensions\\uqbar.wollok-lsp-ide-0.5.2\\out\\server\\src\\server.js:2371:847","timestamp":"2025-07-03T18:23:15.338Z"}
{"errors":{"errors":[null,["/*\r","Hace que colisionen con el pixel actual o el siguiente.\r","ya que parece que como el dragon va restando y el hechizo sumando en el eje x\r","estos se omiten\r"]]},"level":"error","message":"✘ Failed to get type description: Error: {\n  \"errors\": [\n    null,\n    [\n      \"/*\\r\",\n      \"Hace que colisionen con el pixel actual o el siguiente.\\r\",\n      \"ya que parece que como el dragon va restando y el hechizo sumando en el eje x\\r\",\n      \"estos se omiten\\r\"\n    ]\n  ]\n} {\n  \"errors\": [\n    null,\n    [\n      \"/*\\r\",\n      \"Hace que colisionen con el pixel actual o el siguiente.\\r\",\n      \"ya que parece que como el dragon va restando y el hechizo sumando en el eje x\\r\",\n      \"estos se omiten\\r\"\n    ]\n  ]\n}","stack":"Error: {\n  \"errors\": [\n    null,\n    [\n      \"/*\\r\",\n      \"Hace que colisionen con el pixel actual o el siguiente.\\r\",\n      \"ya que parece que como el dragon va restando y el hechizo sumando en el eje x\\r\",\n      \"estos se omiten\\r\"\n    ]\n  ]\n}\n    at pS (c:\\Users\\LUZ RAMIREZ\\.vscode\\extensions\\uqbar.wollok-lsp-ide-0.5.2\\out\\server\\src\\server.js:64:34609)\n    at G1 (c:\\Users\\LUZ RAMIREZ\\.vscode\\extensions\\uqbar.wollok-lsp-ide-0.5.2\\out\\server\\src\\server.js:64:34682)\n    at c:\\Users\\LUZ RAMIREZ\\.vscode\\extensions\\uqbar.wollok-lsp-ide-0.5.2\\out\\server\\src\\server.js:64:37949\n    at o.v1 (c:\\Users\\LUZ RAMIREZ\\.vscode\\extensions\\uqbar.wollok-lsp-ide-0.5.2\\out\\server\\src\\server.js:57:57694)\n    at c:\\Users\\LUZ RAMIREZ\\.vscode\\extensions\\uqbar.wollok-lsp-ide-0.5.2\\out\\server\\src\\server.js:64:37918\n    at c:\\Users\\LUZ RAMIREZ\\.vscode\\extensions\\uqbar.wollok-lsp-ide-0.5.2\\out\\server\\src\\server.js:57:55734\n    at Ofn (c:\\Users\\LUZ RAMIREZ\\.vscode\\extensions\\uqbar.wollok-lsp-ide-0.5.2\\out\\server\\src\\server.js:68:11324)\n    at c:\\Users\\LUZ RAMIREZ\\.vscode\\extensions\\uqbar.wollok-lsp-ide-0.5.2\\out\\server\\src\\server.js:68:3629\n    at jbn (c:\\Users\\LUZ RAMIREZ\\.vscode\\extensions\\uqbar.wollok-lsp-ide-0.5.2\\out\\server\\src\\server.js:68:3396)\n    at c:\\Users\\LUZ RAMIREZ\\.vscode\\extensions\\uqbar.wollok-lsp-ide-0.5.2\\out\\server\\src\\server.js:2371:847","timestamp":"2025-07-03T18:23:15.751Z"}
{"level":"info","message":"⌛ Building environment","timeElapsed":477,"timestamp":"2025-07-03T18:24:19.806Z"}
{"level":"info","message":"⌛ Validating administradorDeHechizos.wlk","timeElapsed":503,"timestamp":"2025-07-03T18:24:20.696Z"}
{"level":"info","message":"⌛ Building environment","timeElapsed":739,"timestamp":"2025-07-03T18:24:21.435Z"}
{"level":"info","message":"⌛ Building environment","timeElapsed":524,"timestamp":"2025-07-03T18:24:22.006Z"}
{"level":"info","message":"⌛ Building environment","timeElapsed":353,"timestamp":"2025-07-03T18:24:22.362Z"}
{"level":"info","message":"⌛ Building environment","timeElapsed":568,"timestamp":"2025-07-03T18:24:22.981Z"}
{"level":"info","message":"⌛ Building environment","timeElapsed":334,"timestamp":"2025-07-03T18:24:23.335Z"}
{"level":"info","message":"⌛ Building environment","timeElapsed":356,"timestamp":"2025-07-03T18:24:23.697Z"}
{"level":"info","message":"⌛ Building environment","timeElapsed":472,"timestamp":"2025-07-03T18:24:24.176Z"}
{"level":"info","message":"⌛ Building environment","timeElapsed":378,"timestamp":"2025-07-03T18:24:24.557Z"}
{"level":"info","message":"⌛ Building environment","timeElapsed":698,"timestamp":"2025-07-03T18:24:25.356Z"}
{"level":"info","message":"⌛ Building environment","timeElapsed":395,"timestamp":"2025-07-03T18:24:25.752Z"}
{"level":"info","message":"⌛ Building environment","timeElapsed":339,"timestamp":"2025-07-03T18:24:26.093Z"}
{"level":"info","message":"⌛ Building environment","timeElapsed":507,"timestamp":"2025-07-03T18:24:26.605Z"}
{"level":"info","message":"⌛ Building environment","timeElapsed":334,"timestamp":"2025-07-03T18:24:27.042Z"}
{"level":"info","message":"⌛ Validating administradorDeHechizos.wlk","timeElapsed":542,"timestamp":"2025-07-03T18:24:27.588Z"}
{"level":"info","message":"⌛ Building environment","timeElapsed":792,"timestamp":"2025-07-03T18:24:28.725Z"}
{"level":"info","message":"⌛ Validating administradorDeHechizos.wlk","timeElapsed":461,"timestamp":"2025-07-03T18:24:29.250Z"}
{"level":"info","message":"⌛ Building environment","timeElapsed":282,"timestamp":"2025-07-03T18:24:29.557Z"}
{"level":"info","message":"⌛ Validating administradorDeHechizos.wlk","timeElapsed":380,"timestamp":"2025-07-03T18:24:29.938Z"}
{"level":"info","message":"⌛ Validating administradorDeHechizos.wlk","timeElapsed":330,"timestamp":"2025-07-03T18:24:30.293Z"}
{"level":"info","message":"⌛ Validating administradorDeHechizos.wlk","timeElapsed":404,"timestamp":"2025-07-03T18:24:30.701Z"}
{"level":"info","message":"⌛ Building environment","timeElapsed":293,"timestamp":"2025-07-03T18:24:30.996Z"}
{"level":"error","message":"✘ Completions for node If ([31:13, 32:51] - administradorDeHechizos.wlk) failed: Error: [If]{82d232} at administradorDeHechizos.wlk:31 exhausted all cases without a match [If]{82d232} at administradorDeHechizos.wlk:31 exhausted all cases without a match","stack":"Error: [If]{82d232} at administradorDeHechizos.wlk:31 exhausted all cases without a match\n    at c:\\Users\\LUZ RAMIREZ\\.vscode\\extensions\\uqbar.wollok-lsp-ide-0.5.2\\out\\server\\src\\server.js:38:6142\n    at C2 (c:\\Users\\LUZ RAMIREZ\\.vscode\\extensions\\uqbar.wollok-lsp-ide-0.5.2\\out\\server\\src\\server.js:2362:42)\n    at Gh (c:\\Users\\LUZ RAMIREZ\\.vscode\\extensions\\uqbar.wollok-lsp-ide-0.5.2\\out\\server\\src\\server.js:2362:1092)\n    at l8n (c:\\Users\\LUZ RAMIREZ\\.vscode\\extensions\\uqbar.wollok-lsp-ide-0.5.2\\out\\server\\src\\server.js:2362:1248)\n    at c:\\Users\\LUZ RAMIREZ\\.vscode\\extensions\\uqbar.wollok-lsp-ide-0.5.2\\out\\server\\src\\server.js:38:6131\n    at C2 (c:\\Users\\LUZ RAMIREZ\\.vscode\\extensions\\uqbar.wollok-lsp-ide-0.5.2\\out\\server\\src\\server.js:2362:42)\n    at c:\\Users\\LUZ RAMIREZ\\.vscode\\extensions\\uqbar.wollok-lsp-ide-0.5.2\\out\\server\\src\\server.js:2362:2988\n    at c:\\Users\\LUZ RAMIREZ\\.vscode\\extensions\\uqbar.wollok-lsp-ide-0.5.2\\out\\server\\src\\server.js:2371:8440\n    at c:\\Users\\LUZ RAMIREZ\\.vscode\\extensions\\uqbar.wollok-lsp-ide-0.5.2\\out\\server\\src\\server.js:37:74872\n    at Ye (c:\\Users\\LUZ RAMIREZ\\.vscode\\extensions\\uqbar.wollok-lsp-ide-0.5.2\\out\\server\\src\\server.js:7:8527)","timestamp":"2025-07-03T18:24:31.323Z"}
{"level":"info","message":"⌛ Autocomplete - Reference","timeElapsed":314,"timestamp":"2025-07-03T18:24:31.333Z"}
{"level":"info","message":"⌛ Validating administradorDeHechizos.wlk","timeElapsed":568,"timestamp":"2025-07-03T18:24:31.902Z"}
{"level":"info","message":"⌛ Building environment","timeElapsed":267,"timestamp":"2025-07-03T18:24:32.203Z"}
{"level":"info","message":"⌛ Building environment","timeElapsed":339,"timestamp":"2025-07-03T18:24:32.594Z"}
{"level":"info","message":"⌛ Validating administradorDeHechizos.wlk","timeElapsed":367,"timestamp":"2025-07-03T18:24:32.963Z"}
{"level":"info","message":"⌛ Building environment","timeElapsed":308,"timestamp":"2025-07-03T18:24:33.275Z"}
{"level":"info","message":"⌛ Building environment","timeElapsed":304,"timestamp":"2025-07-03T18:24:33.581Z"}
{"level":"info","message":"⌛ Validating administradorDeHechizos.wlk","timeElapsed":346,"timestamp":"2025-07-03T18:24:33.933Z"}
{"level":"info","message":"⌛ Building environment","timeElapsed":343,"timestamp":"2025-07-03T18:24:34.281Z"}
{"level":"info","message":"⌛ Building environment","timeElapsed":318,"timestamp":"2025-07-03T18:24:34.604Z"}
{"level":"error","message":"✘ Failed to rebuild document Failed to parse administradorDeHechizos.wlk: \n-- PARSING FAILED --------------------------------------------------\n\n  33 |             hechizo.eliminar()\n  34 |         })\n> 35 |     }\n     |     ^\n  36 | \n  37 |     // Mueve cada hechizo en la lista\n\nExpected one of the following: \n\n'@', 'class', 'const', 'describe', 'mixin', 'object', 'only', 'package', 'program', 'test', 'var', '{', EOF, comment, not \"}\r\n\r\n    \", whitespace\n","stack":"Error: Failed to parse administradorDeHechizos.wlk: \n-- PARSING FAILED --------------------------------------------------\n\n  33 |             hechizo.eliminar()\n  34 |         })\n> 35 |     }\n     |     ^\n  36 | \n  37 |     // Mueve cada hechizo en la lista\n\nExpected one of the following: \n\n'@', 'class', 'const', 'describe', 'mixin', 'object', 'only', 'package', 'program', 'test', 'var', '{', EOF, comment, not \"}\r\n\r\n    \", whitespace\n\n    at c:\\Users\\LUZ RAMIREZ\\.vscode\\extensions\\uqbar.wollok-lsp-ide-0.5.2\\out\\server\\src\\server.js:2326:13026\n    at Array.map (<anonymous>)\n    at D1n (c:\\Users\\LUZ RAMIREZ\\.vscode\\extensions\\uqbar.wollok-lsp-ide-0.5.2\\out\\server\\src\\server.js:2326:12950)\n    at W2.buildEnvironmentFrom (c:\\Users\\LUZ RAMIREZ\\.vscode\\extensions\\uqbar.wollok-lsp-ide-0.5.2\\out\\server\\src\\server.js:2371:5254)\n    at W2.updateEnvironmentWith (c:\\Users\\LUZ RAMIREZ\\.vscode\\extensions\\uqbar.wollok-lsp-ide-0.5.2\\out\\server\\src\\server.js:2371:4989)\n    at GF (c:\\Users\\LUZ RAMIREZ\\.vscode\\extensions\\uqbar.wollok-lsp-ide-0.5.2\\out\\server\\src\\server.js:2371:7383)\n    at L3.invoke (c:\\Users\\LUZ RAMIREZ\\.vscode\\extensions\\uqbar.wollok-lsp-ide-0.5.2\\out\\server\\src\\server.js:3:157326)\n    at o.fire (c:\\Users\\LUZ RAMIREZ\\.vscode\\extensions\\uqbar.wollok-lsp-ide-0.5.2\\out\\server\\src\\server.js:3:158096)\n    at c:\\Users\\LUZ RAMIREZ\\.vscode\\extensions\\uqbar.wollok-lsp-ide-0.5.2\\out\\server\\src\\server.js:37:57871\n    at Kr (c:\\Users\\LUZ RAMIREZ\\.vscode\\extensions\\uqbar.wollok-lsp-ide-0.5.2\\out\\server\\src\\server.js:8:1561)","timestamp":"2025-07-03T18:24:34.660Z"}
{"level":"info","message":"⌛ Validating administradorDeHechizos.wlk","timeElapsed":395,"timestamp":"2025-07-03T18:24:35.059Z"}
{"level":"info","message":"⌛ Building environment","timeElapsed":409,"timestamp":"2025-07-03T18:24:35.474Z"}
{"level":"info","message":"⌛ Building environment","timeElapsed":331,"timestamp":"2025-07-03T18:24:35.809Z"}
{"level":"info","message":"⌛ Validating administradorDeHechizos.wlk","timeElapsed":390,"timestamp":"2025-07-03T18:24:36.201Z"}
{"level":"info","message":"⌛ Validating administradorDeHechizos.wlk","timeElapsed":326,"timestamp":"2025-07-03T18:24:36.556Z"}
{"level":"info","message":"⌛ Building environment","timeElapsed":281,"timestamp":"2025-07-03T18:24:36.839Z"}
{"level":"info","message":"⌛ Building environment","timeElapsed":695,"timestamp":"2025-07-03T18:24:37.539Z"}
{"level":"info","message":"⌛ Building environment","timeElapsed":312,"timestamp":"2025-07-03T18:24:37.854Z"}
{"level":"info","message":"⌛ Validating administradorDeHechizos.wlk","timeElapsed":963,"timestamp":"2025-07-03T18:24:38.828Z"}
{"level":"error","message":"✘ Failed to rebuild document Failed to parse administradorDeHechizos.wlk: \n-- PARSING FAILED --------------------------------------------------\n\n  33 |             hechizo.eliminar()\n  34 |         })\n> 35 |     }\n     |     ^\n  36 | \n  37 |     // Mueve cada hechizo en la lista\n\nExpected one of the following: \n\n'@', 'class', 'const', 'describe', 'mixin', 'object', 'only', 'package', 'program', 'test', 'var', '{', EOF, comment, not \"}\r\n\r\n    \", whitespace\n","stack":"Error: Failed to parse administradorDeHechizos.wlk: \n-- PARSING FAILED --------------------------------------------------\n\n  33 |             hechizo.eliminar()\n  34 |         })\n> 35 |     }\n     |     ^\n  36 | \n  37 |     // Mueve cada hechizo en la lista\n\nExpected one of the following: \n\n'@', 'class', 'const', 'describe', 'mixin', 'object', 'only', 'package', 'program', 'test', 'var', '{', EOF, comment, not \"}\r\n\r\n    \", whitespace\n\n    at c:\\Users\\LUZ RAMIREZ\\.vscode\\extensions\\uqbar.wollok-lsp-ide-0.5.2\\out\\server\\src\\server.js:2326:13026\n    at Array.map (<anonymous>)\n    at D1n (c:\\Users\\LUZ RAMIREZ\\.vscode\\extensions\\uqbar.wollok-lsp-ide-0.5.2\\out\\server\\src\\server.js:2326:12950)\n    at W2.buildEnvironmentFrom (c:\\Users\\LUZ RAMIREZ\\.vscode\\extensions\\uqbar.wollok-lsp-ide-0.5.2\\out\\server\\src\\server.js:2371:5254)\n    at W2.updateEnvironmentWith (c:\\Users\\LUZ RAMIREZ\\.vscode\\extensions\\uqbar.wollok-lsp-ide-0.5.2\\out\\server\\src\\server.js:2371:4989)\n    at GF (c:\\Users\\LUZ RAMIREZ\\.vscode\\extensions\\uqbar.wollok-lsp-ide-0.5.2\\out\\server\\src\\server.js:2371:7383)\n    at L3.invoke (c:\\Users\\LUZ RAMIREZ\\.vscode\\extensions\\uqbar.wollok-lsp-ide-0.5.2\\out\\server\\src\\server.js:3:157326)\n    at o.fire (c:\\Users\\LUZ RAMIREZ\\.vscode\\extensions\\uqbar.wollok-lsp-ide-0.5.2\\out\\server\\src\\server.js:3:158096)\n    at c:\\Users\\LUZ RAMIREZ\\.vscode\\extensions\\uqbar.wollok-lsp-ide-0.5.2\\out\\server\\src\\server.js:37:57871\n    at Kr (c:\\Users\\LUZ RAMIREZ\\.vscode\\extensions\\uqbar.wollok-lsp-ide-0.5.2\\out\\server\\src\\server.js:8:1561)","timestamp":"2025-07-03T18:24:39.119Z"}
{"level":"info","message":"⌛ Building environment","timeElapsed":357,"timestamp":"2025-07-03T18:24:39.485Z"}
{"level":"info","message":"⌛ Validating administradorDeHechizos.wlk","timeElapsed":371,"timestamp":"2025-07-03T18:24:39.858Z"}
{"level":"error","message":"✘ Failed to rebuild document Failed to parse administradorDeHechizos.wlk: \n-- PARSING FAILED --------------------------------------------------\n\n  33 |             hechizo.eliminar()\n  34 |         })\n> 35 |     }\n     |     ^\n  36 | \n  37 |     // Mueve cada hechizo en la lista\n\nExpected one of the following: \n\n'@', 'class', 'const', 'describe', 'mixin', 'object', 'only', 'package', 'program', 'test', 'var', '{', EOF, comment, not \"}\r\n\r\n    \", whitespace\n","stack":"Error: Failed to parse administradorDeHechizos.wlk: \n-- PARSING FAILED --------------------------------------------------\n\n  33 |             hechizo.eliminar()\n  34 |         })\n> 35 |     }\n     |     ^\n  36 | \n  37 |     // Mueve cada hechizo en la lista\n\nExpected one of the following: \n\n'@', 'class', 'const', 'describe', 'mixin', 'object', 'only', 'package', 'program', 'test', 'var', '{', EOF, comment, not \"}\r\n\r\n    \", whitespace\n\n    at c:\\Users\\LUZ RAMIREZ\\.vscode\\extensions\\uqbar.wollok-lsp-ide-0.5.2\\out\\server\\src\\server.js:2326:13026\n    at Array.map (<anonymous>)\n    at D1n (c:\\Users\\LUZ RAMIREZ\\.vscode\\extensions\\uqbar.wollok-lsp-ide-0.5.2\\out\\server\\src\\server.js:2326:12950)\n    at W2.buildEnvironmentFrom (c:\\Users\\LUZ RAMIREZ\\.vscode\\extensions\\uqbar.wollok-lsp-ide-0.5.2\\out\\server\\src\\server.js:2371:5254)\n    at W2.updateEnvironmentWith (c:\\Users\\LUZ RAMIREZ\\.vscode\\extensions\\uqbar.wollok-lsp-ide-0.5.2\\out\\server\\src\\server.js:2371:4989)\n    at GF (c:\\Users\\LUZ RAMIREZ\\.vscode\\extensions\\uqbar.wollok-lsp-ide-0.5.2\\out\\server\\src\\server.js:2371:7383)\n    at L3.invoke (c:\\Users\\LUZ RAMIREZ\\.vscode\\extensions\\uqbar.wollok-lsp-ide-0.5.2\\out\\server\\src\\server.js:3:157326)\n    at o.fire (c:\\Users\\LUZ RAMIREZ\\.vscode\\extensions\\uqbar.wollok-lsp-ide-0.5.2\\out\\server\\src\\server.js:3:158096)\n    at c:\\Users\\LUZ RAMIREZ\\.vscode\\extensions\\uqbar.wollok-lsp-ide-0.5.2\\out\\server\\src\\server.js:37:57871\n    at Kr (c:\\Users\\LUZ RAMIREZ\\.vscode\\extensions\\uqbar.wollok-lsp-ide-0.5.2\\out\\server\\src\\server.js:8:1561)","timestamp":"2025-07-03T18:24:39.906Z"}
{"level":"info","message":"⌛ Building environment","timeElapsed":250,"timestamp":"2025-07-03T18:24:40.280Z"}
{"level":"info","message":"⌛ Building environment","timeElapsed":286,"timestamp":"2025-07-03T18:24:40.572Z"}
{"level":"info","message":"⌛ Building environment","timeElapsed":290,"timestamp":"2025-07-03T18:24:40.887Z"}
{"level":"info","message":"⌛ Building environment","timeElapsed":292,"timestamp":"2025-07-03T18:24:41.185Z"}
{"level":"info","message":"⌛ Building environment","timeElapsed":295,"timestamp":"2025-07-03T18:24:41.485Z"}
{"level":"info","message":"⌛ Building environment","timeElapsed":290,"timestamp":"2025-07-03T18:24:41.778Z"}
{"level":"info","message":"⌛ Validating administradorDeHechizos.wlk","timeElapsed":356,"timestamp":"2025-07-03T18:24:42.157Z"}
{"level":"info","message":"⌛ Building environment","timeElapsed":286,"timestamp":"2025-07-03T18:24:42.468Z"}
{"level":"info","message":"⌛ Validating administradorDeHechizos.wlk","timeElapsed":330,"timestamp":"2025-07-03T18:24:42.855Z"}
{"level":"info","message":"⌛ Validating administradorDeHechizos.wlk","timeElapsed":319,"timestamp":"2025-07-03T18:24:43.191Z"}
{"level":"info","message":"⌛ Building environment","timeElapsed":266,"timestamp":"2025-07-03T18:24:43.461Z"}
{"level":"info","message":"⌛ Building environment","timeElapsed":291,"timestamp":"2025-07-03T18:24:43.757Z"}
{"level":"info","message":"⌛ Validating administradorDeHechizos.wlk","timeElapsed":328,"timestamp":"2025-07-03T18:24:44.103Z"}
{"level":"info","message":"⌛ Validating administradorDeHechizos.wlk","timeElapsed":327,"timestamp":"2025-07-03T18:24:44.432Z"}
{"level":"info","message":"⌛ Validating administradorDeHechizos.wlk","timeElapsed":320,"timestamp":"2025-07-03T18:24:44.769Z"}
{"level":"info","message":"⌛ Validating administradorDeHechizos.wlk","timeElapsed":326,"timestamp":"2025-07-03T18:24:45.110Z"}
{"level":"info","message":"⌛ Building environment","timeElapsed":264,"timestamp":"2025-07-03T18:24:45.384Z"}
{"level":"info","message":"⌛ Validating administradorDeHechizos.wlk","timeElapsed":362,"timestamp":"2025-07-03T18:24:45.748Z"}
{"level":"info","message":"⌛ Validating administradorDeHechizos.wlk","timeElapsed":312,"timestamp":"2025-07-03T18:24:46.077Z"}
{"level":"info","message":"⌛ Validating administradorDeHechizos.wlk","timeElapsed":333,"timestamp":"2025-07-03T18:24:46.419Z"}
{"level":"info","message":"⌛ Building environment","timeElapsed":246,"timestamp":"2025-07-03T18:24:46.686Z"}
{"level":"info","message":"⌛ Validating administradorDeHechizos.wlk","timeElapsed":331,"timestamp":"2025-07-03T18:24:47.054Z"}
{"level":"info","message":"⌛ Validating administradorDeHechizos.wlk","timeElapsed":379,"timestamp":"2025-07-03T18:24:47.479Z"}
{"level":"info","message":"⌛ Building environment","timeElapsed":285,"timestamp":"2025-07-03T18:24:47.771Z"}
{"level":"info","message":"⌛ Validating administradorDeHechizos.wlk","timeElapsed":340,"timestamp":"2025-07-03T18:24:48.134Z"}
{"level":"info","message":"⌛ Validating administradorDeHechizos.wlk","timeElapsed":656,"timestamp":"2025-07-03T18:24:48.844Z"}
{"level":"info","message":"⌛ Validating administradorDeHechizos.wlk","timeElapsed":336,"timestamp":"2025-07-03T18:24:49.183Z"}
{"level":"info","message":"⌛ Validating administradorDeHechizos.wlk","timeElapsed":333,"timestamp":"2025-07-03T18:24:49.519Z"}
{"level":"info","message":"⌛ Validating administradorDeHechizos.wlk","timeElapsed":354,"timestamp":"2025-07-03T18:24:49.898Z"}
{"level":"info","message":"⌛ Validating administradorDeHechizos.wlk","timeElapsed":334,"timestamp":"2025-07-03T18:24:50.235Z"}
{"level":"info","message":"⌛ Validating administradorDeHechizos.wlk","timeElapsed":319,"timestamp":"2025-07-03T18:24:50.558Z"}
{"level":"info","message":"⌛ Validating administradorDeHechizos.wlk","timeElapsed":320,"timestamp":"2025-07-03T18:24:50.881Z"}
{"level":"info","message":"⌛ Validating administradorDeHechizos.wlk","timeElapsed":321,"timestamp":"2025-07-03T18:24:51.205Z"}
{"level":"info","message":"⌛ Validating administradorDeHechizos.wlk","timeElapsed":319,"timestamp":"2025-07-03T18:24:51.527Z"}
{"level":"info","message":"⌛ Validating administradorDeHechizos.wlk","timeElapsed":337,"timestamp":"2025-07-03T18:24:51.868Z"}
{"level":"info","message":"⌛ Validating administradorDeHechizos.wlk","timeElapsed":321,"timestamp":"2025-07-03T18:24:52.192Z"}
{"level":"info","message":"⌛ Validating administradorDeHechizos.wlk","timeElapsed":318,"timestamp":"2025-07-03T18:24:52.517Z"}
{"level":"info","message":"⌛ Validating administradorDeHechizos.wlk","timeElapsed":325,"timestamp":"2025-07-03T18:24:52.848Z"}
{"level":"info","message":"⌛ Validating administradorDeHechizos.wlk","timeElapsed":344,"timestamp":"2025-07-03T18:24:53.195Z"}
{"level":"info","message":"⌛ Building environment","timeElapsed":586,"timestamp":"2025-07-03T18:25:15.957Z"}
{"level":"info","message":"⌛ Validating administradorDeHechizos.wlk","timeElapsed":525,"timestamp":"2025-07-03T18:25:16.531Z"}
{"level":"info","message":"⌛ Building environment","timeElapsed":342,"timestamp":"2025-07-03T18:25:19.312Z"}
{"level":"info","message":"⌛ Validating administradorDeHechizos.wlk","timeElapsed":346,"timestamp":"2025-07-03T18:25:19.676Z"}
{"level":"info","message":"⌛ Building environment","timeElapsed":358,"timestamp":"2025-07-03T18:25:20.572Z"}
{"level":"info","message":"⌛ Validating administradorDeHechizos.wlk","timeElapsed":327,"timestamp":"2025-07-03T18:25:20.938Z"}
{"level":"info","message":"⌛ Building environment","timeElapsed":299,"timestamp":"2025-07-03T18:25:24.524Z"}
{"level":"info","message":"⌛ Validating administradorDeHechizos.wlk","timeElapsed":378,"timestamp":"2025-07-03T18:25:24.977Z"}
{"level":"info","message":"⌛ Building environment","timeElapsed":321,"timestamp":"2025-07-03T18:25:25.306Z"}
{"level":"info","message":"⌛ Building environment","timeElapsed":299,"timestamp":"2025-07-03T18:25:25.606Z"}
{"level":"info","message":"⌛ Validating administradorDeHechizos.wlk","timeElapsed":325,"timestamp":"2025-07-03T18:25:25.956Z"}
{"level":"info","message":"⌛ Validating administradorDeHechizos.wlk","timeElapsed":339,"timestamp":"2025-07-03T18:25:26.305Z"}
{"level":"info","message":"⌛ Building environment","timeElapsed":382,"timestamp":"2025-07-03T18:25:27.967Z"}
{"level":"info","message":"⌛ Validating administradorDeHechizos.wlk","timeElapsed":379,"timestamp":"2025-07-03T18:25:28.362Z"}
{"level":"info","message":"⌛ Building environment","timeElapsed":302,"timestamp":"2025-07-03T18:25:29.241Z"}
{"level":"info","message":"⌛ Validating administradorDeHechizos.wlk","timeElapsed":351,"timestamp":"2025-07-03T18:25:29.631Z"}
{"level":"info","message":"⌛ Building environment","timeElapsed":560,"timestamp":"2025-07-03T18:26:17.190Z"}
{"level":"info","message":"⌛ Building environment","timeElapsed":386,"timestamp":"2025-07-03T18:26:17.579Z"}
{"level":"info","message":"⌛ Building environment","timeElapsed":557,"timestamp":"2025-07-03T18:26:18.141Z"}
{"level":"info","message":"⌛ Validating administradorDeHechizos.wlk","timeElapsed":482,"timestamp":"2025-07-03T18:26:18.624Z"}
{"level":"info","message":"⌛ Building environment","timeElapsed":769,"timestamp":"2025-07-03T18:26:19.398Z"}
{"level":"info","message":"⌛ Building environment","timeElapsed":405,"timestamp":"2025-07-03T18:26:19.805Z"}
{"level":"info","message":"⌛ Validating administradorDeHechizos.wlk","timeElapsed":492,"timestamp":"2025-07-03T18:26:20.298Z"}
{"level":"info","message":"⌛ Building environment","timeElapsed":395,"timestamp":"2025-07-03T18:26:20.693Z"}
{"level":"info","message":"⌛ Building environment","timeElapsed":340,"timestamp":"2025-07-03T18:26:21.071Z"}
{"level":"info","message":"⌛ Validating administradorDeHechizos.wlk","timeElapsed":447,"timestamp":"2025-07-03T18:26:21.520Z"}
{"level":"info","message":"⌛ Building environment","timeElapsed":470,"timestamp":"2025-07-03T18:26:22.213Z"}
{"level":"info","message":"⌛ Building environment","timeElapsed":310,"timestamp":"2025-07-03T18:26:22.531Z"}
{"level":"info","message":"⌛ Building environment","timeElapsed":331,"timestamp":"2025-07-03T18:26:22.944Z"}
{"level":"info","message":"⌛ Building environment","timeElapsed":372,"timestamp":"2025-07-03T18:26:23.320Z"}
{"level":"info","message":"⌛ Validating administradorDeHechizos.wlk","timeElapsed":404,"timestamp":"2025-07-03T18:26:23.728Z"}
{"level":"info","message":"⌛ Building environment","timeElapsed":470,"timestamp":"2025-07-03T18:26:24.231Z"}
{"level":"info","message":"⌛ Building environment","timeElapsed":357,"timestamp":"2025-07-03T18:26:24.595Z"}
{"level":"info","message":"⌛ Validating administradorDeHechizos.wlk","timeElapsed":448,"timestamp":"2025-07-03T18:26:25.049Z"}
{"level":"info","message":"⌛ Building environment","timeElapsed":311,"timestamp":"2025-07-03T18:26:25.361Z"}
{"level":"info","message":"⌛ Building environment","timeElapsed":315,"timestamp":"2025-07-03T18:26:25.678Z"}
{"level":"info","message":"⌛ Building environment","timeElapsed":744,"timestamp":"2025-07-03T18:26:26.426Z"}
{"level":"info","message":"⌛ Validating administradorDeHechizos.wlk","timeElapsed":362,"timestamp":"2025-07-03T18:26:26.810Z"}
{"level":"info","message":"⌛ Building environment","timeElapsed":269,"timestamp":"2025-07-03T18:26:27.082Z"}
{"level":"info","message":"⌛ Validating administradorDeHechizos.wlk","timeElapsed":576,"timestamp":"2025-07-03T18:26:27.837Z"}
{"level":"info","message":"⌛ Building environment","timeElapsed":565,"timestamp":"2025-07-03T18:26:28.407Z"}
{"level":"info","message":"⌛ Building environment","timeElapsed":280,"timestamp":"2025-07-03T18:26:28.729Z"}
{"level":"info","message":"⌛ Building environment","timeElapsed":265,"timestamp":"2025-07-03T18:26:29.228Z"}
{"level":"info","message":"⌛ Validating administradorDeHechizos.wlk","timeElapsed":408,"timestamp":"2025-07-03T18:26:29.697Z"}
{"level":"info","message":"⌛ Building environment","timeElapsed":372,"timestamp":"2025-07-03T18:26:30.078Z"}
{"level":"info","message":"⌛ Validating administradorDeHechizos.wlk","timeElapsed":414,"timestamp":"2025-07-03T18:26:30.493Z"}
{"level":"info","message":"⌛ Building environment","timeElapsed":269,"timestamp":"2025-07-03T18:26:30.792Z"}
{"level":"info","message":"⌛ Validating administradorDeHechizos.wlk","timeElapsed":353,"timestamp":"2025-07-03T18:26:31.148Z"}
{"level":"info","message":"⌛ Building environment","timeElapsed":295,"timestamp":"2025-07-03T18:26:31.471Z"}
{"level":"info","message":"⌛ Validating administradorDeHechizos.wlk","timeElapsed":400,"timestamp":"2025-07-03T18:26:31.894Z"}
{"level":"info","message":"⌛ Building environment","timeElapsed":495,"timestamp":"2025-07-03T18:26:32.391Z"}
{"level":"info","message":"⌛ Building environment","timeElapsed":348,"timestamp":"2025-07-03T18:26:32.763Z"}
{"level":"info","message":"⌛ Validating administradorDeHechizos.wlk","timeElapsed":439,"timestamp":"2025-07-03T18:26:33.219Z"}
{"level":"info","message":"⌛ Building environment","timeElapsed":333,"timestamp":"2025-07-03T18:26:33.579Z"}
{"level":"info","message":"⌛ Validating administradorDeHechizos.wlk","timeElapsed":442,"timestamp":"2025-07-03T18:26:34.024Z"}
{"level":"info","message":"⌛ Building environment","timeElapsed":327,"timestamp":"2025-07-03T18:26:34.361Z"}
{"level":"info","message":"⌛ Building environment","timeElapsed":316,"timestamp":"2025-07-03T18:26:34.723Z"}
{"level":"info","message":"⌛ Validating administradorDeHechizos.wlk","timeElapsed":387,"timestamp":"2025-07-03T18:26:35.193Z"}
{"level":"info","message":"⌛ Building environment","timeElapsed":718,"timestamp":"2025-07-03T18:26:35.913Z"}
{"level":"info","message":"⌛ Validating administradorDeHechizos.wlk","timeElapsed":330,"timestamp":"2025-07-03T18:26:36.249Z"}
{"level":"info","message":"⌛ Building environment","timeElapsed":279,"timestamp":"2025-07-03T18:26:36.549Z"}
{"level":"info","message":"⌛ Building environment","timeElapsed":284,"timestamp":"2025-07-03T18:26:36.865Z"}
{"level":"info","message":"⌛ Validating administradorDeHechizos.wlk","timeElapsed":611,"timestamp":"2025-07-03T18:26:37.640Z"}
{"level":"info","message":"⌛ Validating administradorDeHechizos.wlk","timeElapsed":343,"timestamp":"2025-07-03T18:26:38.025Z"}
{"level":"info","message":"⌛ Building environment","timeElapsed":827,"timestamp":"2025-07-03T18:26:38.853Z"}
{"level":"info","message":"⌛ Building environment","timeElapsed":291,"timestamp":"2025-07-03T18:26:39.198Z"}
{"level":"info","message":"⌛ Validating administradorDeHechizos.wlk","timeElapsed":333,"timestamp":"2025-07-03T18:26:39.560Z"}
{"level":"info","message":"⌛ Validating administradorDeHechizos.wlk","timeElapsed":331,"timestamp":"2025-07-03T18:26:39.893Z"}
{"level":"error","message":"✘ Failed to rebuild document Failed to parse administradorDeHechizos.wlk: \n-- PARSING FAILED --------------------------------------------------\n\n  59 |         nombreHechizo = 0\n  60 |         hechizos = []\n> 61 |     }\n     |     ^\n  62 | }\n  63 | \n\nExpected one of the following: \n\n'@', 'class', 'const', 'describe', 'mixin', 'object', 'only', 'package', 'program', 'test', 'var', '{', EOF, comment, not \"}\r\n\", whitespace\n","stack":"Error: Failed to parse administradorDeHechizos.wlk: \n-- PARSING FAILED --------------------------------------------------\n\n  59 |         nombreHechizo = 0\n  60 |         hechizos = []\n> 61 |     }\n     |     ^\n  62 | }\n  63 | \n\nExpected one of the following: \n\n'@', 'class', 'const', 'describe', 'mixin', 'object', 'only', 'package', 'program', 'test', 'var', '{', EOF, comment, not \"}\r\n\", whitespace\n\n    at c:\\Users\\LUZ RAMIREZ\\.vscode\\extensions\\uqbar.wollok-lsp-ide-0.5.2\\out\\server\\src\\server.js:2326:13026\n    at Array.map (<anonymous>)\n    at D1n (c:\\Users\\LUZ RAMIREZ\\.vscode\\extensions\\uqbar.wollok-lsp-ide-0.5.2\\out\\server\\src\\server.js:2326:12950)\n    at W2.buildEnvironmentFrom (c:\\Users\\LUZ RAMIREZ\\.vscode\\extensions\\uqbar.wollok-lsp-ide-0.5.2\\out\\server\\src\\server.js:2371:5254)\n    at W2.updateEnvironmentWith (c:\\Users\\LUZ RAMIREZ\\.vscode\\extensions\\uqbar.wollok-lsp-ide-0.5.2\\out\\server\\src\\server.js:2371:4989)\n    at GF (c:\\Users\\LUZ RAMIREZ\\.vscode\\extensions\\uqbar.wollok-lsp-ide-0.5.2\\out\\server\\src\\server.js:2371:7383)\n    at L3.invoke (c:\\Users\\LUZ RAMIREZ\\.vscode\\extensions\\uqbar.wollok-lsp-ide-0.5.2\\out\\server\\src\\server.js:3:157326)\n    at o.fire (c:\\Users\\LUZ RAMIREZ\\.vscode\\extensions\\uqbar.wollok-lsp-ide-0.5.2\\out\\server\\src\\server.js:3:158096)\n    at c:\\Users\\LUZ RAMIREZ\\.vscode\\extensions\\uqbar.wollok-lsp-ide-0.5.2\\out\\server\\src\\server.js:37:57871\n    at Kr (c:\\Users\\LUZ RAMIREZ\\.vscode\\extensions\\uqbar.wollok-lsp-ide-0.5.2\\out\\server\\src\\server.js:8:1561)","timestamp":"2025-07-03T18:26:39.943Z"}
{"level":"info","message":"⌛ Validating administradorDeHechizos.wlk","timeElapsed":361,"timestamp":"2025-07-03T18:26:40.313Z"}
{"level":"info","message":"⌛ Building environment","timeElapsed":275,"timestamp":"2025-07-03T18:26:40.607Z"}
{"level":"info","message":"⌛ Building environment","timeElapsed":289,"timestamp":"2025-07-03T18:26:40.898Z"}
{"level":"info","message":"⌛ Building environment","timeElapsed":298,"timestamp":"2025-07-03T18:26:41.211Z"}
{"level":"info","message":"⌛ Validating administradorDeHechizos.wlk","timeElapsed":350,"timestamp":"2025-07-03T18:26:41.564Z"}
{"level":"info","message":"⌛ Validating administradorDeHechizos.wlk","timeElapsed":322,"timestamp":"2025-07-03T18:26:41.929Z"}
{"level":"info","message":"⌛ Building environment","timeElapsed":248,"timestamp":"2025-07-03T18:26:42.179Z"}
{"level":"info","message":"⌛ Validating administradorDeHechizos.wlk","timeElapsed":331,"timestamp":"2025-07-03T18:26:42.548Z"}
{"level":"info","message":"⌛ Building environment","timeElapsed":271,"timestamp":"2025-07-03T18:26:42.853Z"}
{"level":"info","message":"⌛ Building environment","timeElapsed":294,"timestamp":"2025-07-03T18:26:43.151Z"}
{"level":"info","message":"⌛ Building environment","timeElapsed":288,"timestamp":"2025-07-03T18:26:43.441Z"}
{"level":"info","message":"⌛ Building environment","timeElapsed":281,"timestamp":"2025-07-03T18:26:43.725Z"}
{"level":"info","message":"⌛ Validating administradorDeHechizos.wlk","timeElapsed":342,"timestamp":"2025-07-03T18:26:44.069Z"}
{"level":"info","message":"⌛ Building environment","timeElapsed":276,"timestamp":"2025-07-03T18:26:44.348Z"}
{"level":"info","message":"⌛ Validating administradorDeHechizos.wlk","timeElapsed":324,"timestamp":"2025-07-03T18:26:44.678Z"}
{"level":"info","message":"⌛ Building environment","timeElapsed":291,"timestamp":"2025-07-03T18:26:44.972Z"}
{"level":"info","message":"⌛ Building environment","timeElapsed":301,"timestamp":"2025-07-03T18:26:45.280Z"}
{"level":"info","message":"⌛ Building environment","timeElapsed":279,"timestamp":"2025-07-03T18:26:45.569Z"}
{"level":"info","message":"⌛ Building environment","timeElapsed":283,"timestamp":"2025-07-03T18:26:45.853Z"}
{"level":"info","message":"⌛ Validating administradorDeHechizos.wlk","timeElapsed":328,"timestamp":"2025-07-03T18:26:46.183Z"}
{"level":"info","message":"⌛ Building environment","timeElapsed":635,"timestamp":"2025-07-03T18:26:46.822Z"}
{"level":"info","message":"⌛ Building environment","timeElapsed":749,"timestamp":"2025-07-03T18:26:47.576Z"}
{"level":"info","message":"⌛ Building environment","timeElapsed":1032,"timestamp":"2025-07-03T18:26:48.660Z"}
{"level":"info","message":"⌛ Building environment","timeElapsed":364,"timestamp":"2025-07-03T18:26:49.025Z"}
{"level":"info","message":"⌛ Validating administradorDeHechizos.wlk","timeElapsed":411,"timestamp":"2025-07-03T18:26:49.438Z"}
{"level":"info","message":"⌛ Building environment","timeElapsed":266,"timestamp":"2025-07-03T18:26:49.727Z"}
{"level":"info","message":"⌛ Building environment","timeElapsed":248,"timestamp":"2025-07-03T18:26:50.011Z"}
{"level":"info","message":"⌛ Validating administradorDeHechizos.wlk","timeElapsed":346,"timestamp":"2025-07-03T18:26:50.408Z"}
{"level":"info","message":"⌛ Building environment","timeElapsed":278,"timestamp":"2025-07-03T18:26:50.690Z"}
{"level":"info","message":"⌛ Validating administradorDeHechizos.wlk","timeElapsed":340,"timestamp":"2025-07-03T18:26:51.069Z"}
{"level":"info","message":"⌛ Validating administradorDeHechizos.wlk","timeElapsed":326,"timestamp":"2025-07-03T18:26:51.406Z"}
{"level":"info","message":"⌛ Validating administradorDeHechizos.wlk","timeElapsed":332,"timestamp":"2025-07-03T18:26:51.739Z"}
{"level":"info","message":"⌛ Validating administradorDeHechizos.wlk","timeElapsed":336,"timestamp":"2025-07-03T18:26:52.099Z"}
{"level":"info","message":"⌛ Validating administradorDeHechizos.wlk","timeElapsed":335,"timestamp":"2025-07-03T18:26:52.435Z"}
{"level":"info","message":"⌛ Validating administradorDeHechizos.wlk","timeElapsed":326,"timestamp":"2025-07-03T18:26:52.794Z"}
{"level":"info","message":"⌛ Validating administradorDeHechizos.wlk","timeElapsed":326,"timestamp":"2025-07-03T18:26:53.125Z"}
{"level":"info","message":"⌛ Validating administradorDeHechizos.wlk","timeElapsed":318,"timestamp":"2025-07-03T18:26:53.444Z"}
{"level":"info","message":"⌛ Validating administradorDeHechizos.wlk","timeElapsed":317,"timestamp":"2025-07-03T18:26:53.789Z"}
{"level":"info","message":"⌛ Validating administradorDeHechizos.wlk","timeElapsed":333,"timestamp":"2025-07-03T18:26:54.139Z"}
{"level":"info","message":"⌛ Validating administradorDeHechizos.wlk","timeElapsed":343,"timestamp":"2025-07-03T18:26:54.485Z"}
{"level":"info","message":"⌛ Validating administradorDeHechizos.wlk","timeElapsed":328,"timestamp":"2025-07-03T18:26:54.814Z"}
{"level":"info","message":"⌛ Validating administradorDeHechizos.wlk","timeElapsed":330,"timestamp":"2025-07-03T18:26:55.151Z"}
{"level":"info","message":"⌛ Validating administradorDeHechizos.wlk","timeElapsed":334,"timestamp":"2025-07-03T18:26:55.513Z"}
{"level":"info","message":"⌛ Validating administradorDeHechizos.wlk","timeElapsed":337,"timestamp":"2025-07-03T18:26:55.873Z"}
{"level":"info","message":"⌛ Validating administradorDeHechizos.wlk","timeElapsed":325,"timestamp":"2025-07-03T18:26:56.199Z"}
{"level":"info","message":"⌛ Validating administradorDeHechizos.wlk","timeElapsed":334,"timestamp":"2025-07-03T18:26:56.539Z"}
{"level":"info","message":"⌛ Validating administradorDeHechizos.wlk","timeElapsed":335,"timestamp":"2025-07-03T18:26:56.877Z"}
{"level":"info","message":"⌛ Validating administradorDeHechizos.wlk","timeElapsed":319,"timestamp":"2025-07-03T18:26:57.212Z"}
{"level":"info","message":"⌛ Validating administradorDeHechizos.wlk","timeElapsed":325,"timestamp":"2025-07-03T18:26:57.542Z"}
{"level":"info","message":"⌛ Validating administradorDeHechizos.wlk","timeElapsed":338,"timestamp":"2025-07-03T18:26:57.884Z"}
{"level":"info","message":"⌛ Validating administradorDeHechizos.wlk","timeElapsed":334,"timestamp":"2025-07-03T18:26:58.224Z"}
{"level":"info","message":"⌛ Validating administradorDeHechizos.wlk","timeElapsed":327,"timestamp":"2025-07-03T18:26:58.570Z"}
{"level":"info","message":"⌛ Validating administradorDeHechizos.wlk","timeElapsed":346,"timestamp":"2025-07-03T18:26:58.919Z"}
{"level":"info","message":"⌛ Validating administradorDeHechizos.wlk","timeElapsed":315,"timestamp":"2025-07-03T18:26:59.243Z"}
{"level":"info","message":"⌛ Building environment","timeElapsed":712,"timestamp":"2025-07-03T18:27:13.261Z"}
{"level":"info","message":"⌛ Building environment","timeElapsed":360,"timestamp":"2025-07-03T18:27:13.643Z"}
{"level":"info","message":"⌛ Validating administradorDeHechizos.wlk","timeElapsed":450,"timestamp":"2025-07-03T18:27:14.118Z"}
{"level":"info","message":"⌛ Building environment","timeElapsed":457,"timestamp":"2025-07-03T18:27:14.585Z"}
{"level":"info","message":"⌛ Building environment","timeElapsed":567,"timestamp":"2025-07-03T18:27:15.157Z"}
{"level":"info","message":"⌛ Validating administradorDeHechizos.wlk","timeElapsed":344,"timestamp":"2025-07-03T18:27:15.504Z"}
{"level":"info","message":"⌛ Building environment","timeElapsed":280,"timestamp":"2025-07-03T18:27:15.790Z"}
{"level":"info","message":"⌛ Validating administradorDeHechizos.wlk","timeElapsed":349,"timestamp":"2025-07-03T18:27:16.176Z"}
{"level":"info","message":"⌛ Validating administradorDeHechizos.wlk","timeElapsed":336,"timestamp":"2025-07-03T18:27:16.515Z"}
{"level":"info","message":"⌛ Validating administradorDeHechizos.wlk","timeElapsed":332,"timestamp":"2025-07-03T18:27:16.858Z"}
{"level":"info","message":"⌛ Building environment","timeElapsed":330,"timestamp":"2025-07-03T18:27:18.656Z"}
{"level":"info","message":"⌛ Validating administradorDeHechizos.wlk","timeElapsed":336,"timestamp":"2025-07-03T18:27:19.061Z"}
{"level":"info","message":"⌛ Building environment","timeElapsed":331,"timestamp":"2025-07-03T18:27:21.027Z"}
{"level":"info","message":"⌛ Validating administradorDeHechizos.wlk","timeElapsed":355,"timestamp":"2025-07-03T18:27:21.599Z"}
{"level":"info","message":"⌛ Building environment","timeElapsed":442,"timestamp":"2025-07-03T18:27:25.779Z"}
{"level":"info","message":"⌛ Validating administradorDeHechizos.wlk","timeElapsed":346,"timestamp":"2025-07-03T18:27:26.139Z"}
{"level":"info","message":"⌛ Building environment","timeElapsed":313,"timestamp":"2025-07-03T18:27:27.402Z"}
{"level":"info","message":"⌛ Validating administradorDeHechizos.wlk","timeElapsed":347,"timestamp":"2025-07-03T18:27:27.778Z"}
{"level":"info","message":"⌛ Building environment","timeElapsed":321,"timestamp":"2025-07-03T18:27:32.281Z"}
{"level":"info","message":"⌛ Validating administradorDeHechizos.wlk","timeElapsed":369,"timestamp":"2025-07-03T18:27:32.687Z"}
{"level":"info","message":"⌛ Building environment","timeElapsed":349,"timestamp":"2025-07-03T18:27:33.056Z"}
{"level":"info","message":"⌛ Validating administradorDeHechizos.wlk","timeElapsed":355,"timestamp":"2025-07-03T18:27:33.429Z"}
{"level":"info","message":"⌛ Building environment","timeElapsed":285,"timestamp":"2025-07-03T18:27:48.381Z"}
{"level":"info","message":"⌛ Building environment","timeElapsed":333,"timestamp":"2025-07-03T18:27:48.862Z"}
{"level":"info","message":"⌛ Validating administradorDeHechizos.wlk","timeElapsed":621,"timestamp":"2025-07-03T18:27:49.487Z"}
{"level":"info","message":"⌛ Building environment","timeElapsed":381,"timestamp":"2025-07-03T18:27:49.912Z"}
{"level":"info","message":"⌛ Building environment","timeElapsed":332,"timestamp":"2025-07-03T18:27:50.321Z"}
{"level":"info","message":"⌛ Validating administradorDeHechizos.wlk","timeElapsed":433,"timestamp":"2025-07-03T18:27:50.755Z"}
{"level":"info","message":"⌛ Building environment","timeElapsed":349,"timestamp":"2025-07-03T18:27:51.108Z"}
{"level":"info","message":"⌛ Building environment","timeElapsed":312,"timestamp":"2025-07-03T18:27:51.422Z"}
{"level":"info","message":"⌛ Building environment","timeElapsed":342,"timestamp":"2025-07-03T18:27:51.768Z"}
{"level":"info","message":"⌛ Building environment","timeElapsed":318,"timestamp":"2025-07-03T18:27:52.193Z"}
{"level":"info","message":"⌛ Validating administradorDeHechizos.wlk","timeElapsed":434,"timestamp":"2025-07-03T18:27:52.630Z"}
{"level":"info","message":"⌛ Building environment","timeElapsed":473,"timestamp":"2025-07-03T18:27:53.156Z"}
{"level":"info","message":"⌛ Validating administradorDeHechizos.wlk","timeElapsed":822,"timestamp":"2025-07-03T18:27:53.981Z"}
{"level":"info","message":"⌛ Building environment","timeElapsed":597,"timestamp":"2025-07-03T18:27:54.758Z"}
{"level":"info","message":"⌛ Validating administradorDeHechizos.wlk","timeElapsed":437,"timestamp":"2025-07-03T18:27:55.227Z"}
{"level":"info","message":"⌛ Building environment","timeElapsed":372,"timestamp":"2025-07-03T18:27:55.611Z"}
{"level":"info","message":"⌛ Validating administradorDeHechizos.wlk","timeElapsed":450,"timestamp":"2025-07-03T18:27:56.104Z"}
{"level":"info","message":"⌛ Validating administradorDeHechizos.wlk","timeElapsed":369,"timestamp":"2025-07-03T18:27:56.567Z"}
{"level":"info","message":"⌛ Building environment","timeElapsed":290,"timestamp":"2025-07-03T18:27:56.860Z"}
{"level":"error","message":"✘ Completions for node If ([31:13, 32:51] - administradorDeHechizos.wlk) failed: Error: [If]{f2e74b} at administradorDeHechizos.wlk:31 exhausted all cases without a match [If]{f2e74b} at administradorDeHechizos.wlk:31 exhausted all cases without a match","stack":"Error: [If]{f2e74b} at administradorDeHechizos.wlk:31 exhausted all cases without a match\n    at c:\\Users\\LUZ RAMIREZ\\.vscode\\extensions\\uqbar.wollok-lsp-ide-0.5.2\\out\\server\\src\\server.js:38:6142\n    at C2 (c:\\Users\\LUZ RAMIREZ\\.vscode\\extensions\\uqbar.wollok-lsp-ide-0.5.2\\out\\server\\src\\server.js:2362:42)\n    at Gh (c:\\Users\\LUZ RAMIREZ\\.vscode\\extensions\\uqbar.wollok-lsp-ide-0.5.2\\out\\server\\src\\server.js:2362:1092)\n    at l8n (c:\\Users\\LUZ RAMIREZ\\.vscode\\extensions\\uqbar.wollok-lsp-ide-0.5.2\\out\\server\\src\\server.js:2362:1248)\n    at c:\\Users\\LUZ RAMIREZ\\.vscode\\extensions\\uqbar.wollok-lsp-ide-0.5.2\\out\\server\\src\\server.js:38:6131\n    at C2 (c:\\Users\\LUZ RAMIREZ\\.vscode\\extensions\\uqbar.wollok-lsp-ide-0.5.2\\out\\server\\src\\server.js:2362:42)\n    at c:\\Users\\LUZ RAMIREZ\\.vscode\\extensions\\uqbar.wollok-lsp-ide-0.5.2\\out\\server\\src\\server.js:2362:2988\n    at c:\\Users\\LUZ RAMIREZ\\.vscode\\extensions\\uqbar.wollok-lsp-ide-0.5.2\\out\\server\\src\\server.js:2371:8440\n    at c:\\Users\\LUZ RAMIREZ\\.vscode\\extensions\\uqbar.wollok-lsp-ide-0.5.2\\out\\server\\src\\server.js:37:74872\n    at Ye (c:\\Users\\LUZ RAMIREZ\\.vscode\\extensions\\uqbar.wollok-lsp-ide-0.5.2\\out\\server\\src\\server.js:7:8527)","timestamp":"2025-07-03T18:27:56.953Z"}
{"level":"info","message":"⌛ Validating administradorDeHechizos.wlk","timeElapsed":336,"timestamp":"2025-07-03T18:27:57.306Z"}
{"level":"info","message":"⌛ Building environment","timeElapsed":279,"timestamp":"2025-07-03T18:27:57.587Z"}
{"level":"info","message":"⌛ Building environment","timeElapsed":288,"timestamp":"2025-07-03T18:27:57.877Z"}
{"level":"info","message":"⌛ Building environment","timeElapsed":433,"timestamp":"2025-07-03T18:27:58.312Z"}
{"level":"error","message":"✘ Completions for node If ([31:13, 32:51] - administradorDeHechizos.wlk) failed: Error: [If]{a4af80} at administradorDeHechizos.wlk:31 exhausted all cases without a match [If]{a4af80} at administradorDeHechizos.wlk:31 exhausted all cases without a match","stack":"Error: [If]{a4af80} at administradorDeHechizos.wlk:31 exhausted all cases without a match\n    at c:\\Users\\LUZ RAMIREZ\\.vscode\\extensions\\uqbar.wollok-lsp-ide-0.5.2\\out\\server\\src\\server.js:38:6142\n    at C2 (c:\\Users\\LUZ RAMIREZ\\.vscode\\extensions\\uqbar.wollok-lsp-ide-0.5.2\\out\\server\\src\\server.js:2362:42)\n    at Gh (c:\\Users\\LUZ RAMIREZ\\.vscode\\extensions\\uqbar.wollok-lsp-ide-0.5.2\\out\\server\\src\\server.js:2362:1092)\n    at l8n (c:\\Users\\LUZ RAMIREZ\\.vscode\\extensions\\uqbar.wollok-lsp-ide-0.5.2\\out\\server\\src\\server.js:2362:1248)\n    at c:\\Users\\LUZ RAMIREZ\\.vscode\\extensions\\uqbar.wollok-lsp-ide-0.5.2\\out\\server\\src\\server.js:38:6131\n    at C2 (c:\\Users\\LUZ RAMIREZ\\.vscode\\extensions\\uqbar.wollok-lsp-ide-0.5.2\\out\\server\\src\\server.js:2362:42)\n    at c:\\Users\\LUZ RAMIREZ\\.vscode\\extensions\\uqbar.wollok-lsp-ide-0.5.2\\out\\server\\src\\server.js:2362:2988\n    at c:\\Users\\LUZ RAMIREZ\\.vscode\\extensions\\uqbar.wollok-lsp-ide-0.5.2\\out\\server\\src\\server.js:2371:8440\n    at c:\\Users\\LUZ RAMIREZ\\.vscode\\extensions\\uqbar.wollok-lsp-ide-0.5.2\\out\\server\\src\\server.js:37:74872\n    at Ye (c:\\Users\\LUZ RAMIREZ\\.vscode\\extensions\\uqbar.wollok-lsp-ide-0.5.2\\out\\server\\src\\server.js:7:8527)","timestamp":"2025-07-03T18:27:58.401Z"}
{"level":"info","message":"⌛ Building environment","timeElapsed":280,"timestamp":"2025-07-03T18:27:58.695Z"}
{"level":"info","message":"⌛ Building environment","timeElapsed":282,"timestamp":"2025-07-03T18:27:58.979Z"}
{"level":"info","message":"⌛ Building environment","timeElapsed":289,"timestamp":"2025-07-03T18:27:59.270Z"}
{"level":"info","message":"⌛ Validating administradorDeHechizos.wlk","timeElapsed":388,"timestamp":"2025-07-03T18:27:59.662Z"}
{"level":"info","message":"⌛ Building environment","timeElapsed":258,"timestamp":"2025-07-03T18:27:59.921Z"}
{"level":"info","message":"⌛ Building environment","timeElapsed":814,"timestamp":"2025-07-03T18:28:00.780Z"}
{"level":"info","message":"⌛ Building environment","timeElapsed":363,"timestamp":"2025-07-03T18:28:01.147Z"}
{"level":"error","message":"✘ Failed to rebuild document Failed to parse administradorDeHechizos.wlk: \n-- PARSING FAILED --------------------------------------------------\n\n  33 |             hechizo.eliminar()\n  34 |         })\n> 35 |     }\n     |     ^\n  36 | \n  37 |     // Mueve cada hechizo en la lista\n\nExpected one of the following: \n\n'@', 'class', 'const', 'describe', 'mixin', 'object', 'only', 'package', 'program', 'test', 'var', '{', EOF, comment, not \"}\r\n\r\n    \", whitespace\n","stack":"Error: Failed to parse administradorDeHechizos.wlk: \n-- PARSING FAILED --------------------------------------------------\n\n  33 |             hechizo.eliminar()\n  34 |         })\n> 35 |     }\n     |     ^\n  36 | \n  37 |     // Mueve cada hechizo en la lista\n\nExpected one of the following: \n\n'@', 'class', 'const', 'describe', 'mixin', 'object', 'only', 'package', 'program', 'test', 'var', '{', EOF, comment, not \"}\r\n\r\n    \", whitespace\n\n    at c:\\Users\\LUZ RAMIREZ\\.vscode\\extensions\\uqbar.wollok-lsp-ide-0.5.2\\out\\server\\src\\server.js:2326:13026\n    at Array.map (<anonymous>)\n    at D1n (c:\\Users\\LUZ RAMIREZ\\.vscode\\extensions\\uqbar.wollok-lsp-ide-0.5.2\\out\\server\\src\\server.js:2326:12950)\n    at W2.buildEnvironmentFrom (c:\\Users\\LUZ RAMIREZ\\.vscode\\extensions\\uqbar.wollok-lsp-ide-0.5.2\\out\\server\\src\\server.js:2371:5254)\n    at W2.updateEnvironmentWith (c:\\Users\\LUZ RAMIREZ\\.vscode\\extensions\\uqbar.wollok-lsp-ide-0.5.2\\out\\server\\src\\server.js:2371:4989)\n    at GF (c:\\Users\\LUZ RAMIREZ\\.vscode\\extensions\\uqbar.wollok-lsp-ide-0.5.2\\out\\server\\src\\server.js:2371:7383)\n    at L3.invoke (c:\\Users\\LUZ RAMIREZ\\.vscode\\extensions\\uqbar.wollok-lsp-ide-0.5.2\\out\\server\\src\\server.js:3:157326)\n    at o.fire (c:\\Users\\LUZ RAMIREZ\\.vscode\\extensions\\uqbar.wollok-lsp-ide-0.5.2\\out\\server\\src\\server.js:3:158096)\n    at c:\\Users\\LUZ RAMIREZ\\.vscode\\extensions\\uqbar.wollok-lsp-ide-0.5.2\\out\\server\\src\\server.js:37:57871\n    at Kr (c:\\Users\\LUZ RAMIREZ\\.vscode\\extensions\\uqbar.wollok-lsp-ide-0.5.2\\out\\server\\src\\server.js:8:1561)","timestamp":"2025-07-03T18:28:01.208Z"}
{"level":"info","message":"⌛ Building environment","timeElapsed":338,"timestamp":"2025-07-03T18:28:01.731Z"}
{"level":"info","message":"⌛ Building environment","timeElapsed":324,"timestamp":"2025-07-03T18:28:02.063Z"}
{"level":"info","message":"⌛ Building environment","timeElapsed":293,"timestamp":"2025-07-03T18:28:02.358Z"}
{"level":"info","message":"⌛ Validating administradorDeHechizos.wlk","timeElapsed":381,"timestamp":"2025-07-03T18:28:02.768Z"}
{"level":"info","message":"⌛ Building environment","timeElapsed":311,"timestamp":"2025-07-03T18:28:03.084Z"}
{"level":"info","message":"⌛ Building environment","timeElapsed":345,"timestamp":"2025-07-03T18:28:03.473Z"}
{"level":"info","message":"⌛ Building environment","timeElapsed":292,"timestamp":"2025-07-03T18:28:03.769Z"}
{"level":"info","message":"⌛ Validating administradorDeHechizos.wlk","timeElapsed":397,"timestamp":"2025-07-03T18:28:04.168Z"}
{"level":"info","message":"⌛ Building environment","timeElapsed":295,"timestamp":"2025-07-03T18:28:04.464Z"}
{"level":"info","message":"⌛ Building environment","timeElapsed":319,"timestamp":"2025-07-03T18:28:04.787Z"}
{"level":"info","message":"⌛ Building environment","timeElapsed":477,"timestamp":"2025-07-03T18:28:05.287Z"}
{"level":"info","message":"⌛ Validating administradorDeHechizos.wlk","timeElapsed":340,"timestamp":"2025-07-03T18:28:05.661Z"}
{"level":"info","message":"⌛ Validating administradorDeHechizos.wlk","timeElapsed":339,"timestamp":"2025-07-03T18:28:06.016Z"}
{"level":"info","message":"⌛ Validating administradorDeHechizos.wlk","timeElapsed":331,"timestamp":"2025-07-03T18:28:06.348Z"}
{"level":"info","message":"⌛ Validating administradorDeHechizos.wlk","timeElapsed":318,"timestamp":"2025-07-03T18:28:06.672Z"}
{"level":"info","message":"⌛ Validating administradorDeHechizos.wlk","timeElapsed":328,"timestamp":"2025-07-03T18:28:07.003Z"}
{"level":"info","message":"⌛ Validating administradorDeHechizos.wlk","timeElapsed":343,"timestamp":"2025-07-03T18:28:07.354Z"}
{"level":"info","message":"⌛ Validating administradorDeHechizos.wlk","timeElapsed":578,"timestamp":"2025-07-03T18:28:07.933Z"}
{"level":"info","message":"⌛ Validating administradorDeHechizos.wlk","timeElapsed":363,"timestamp":"2025-07-03T18:28:08.312Z"}
{"level":"info","message":"⌛ Validating administradorDeHechizos.wlk","timeElapsed":622,"timestamp":"2025-07-03T18:28:09.012Z"}
{"level":"info","message":"⌛ Building environment","timeElapsed":571,"timestamp":"2025-07-03T18:28:09.588Z"}
{"level":"info","message":"⌛ Validating administradorDeHechizos.wlk","timeElapsed":371,"timestamp":"2025-07-03T18:28:09.961Z"}
{"level":"error","message":"✘ Failed to rebuild document Failed to parse administradorDeHechizos.wlk: \n-- PARSING FAILED --------------------------------------------------\n\n  33 |             hechizo.eliminar()\n  34 |         })\n> 35 |     }\n     |     ^\n  36 | \n  37 |     // Mueve cada hechizo en la lista\n\nExpected one of the following: \n\n'@', 'class', 'const', 'describe', 'mixin', 'object', 'only', 'package', 'program', 'test', 'var', '{', EOF, comment, not \"}\r\n\r\n    \", whitespace\n","stack":"Error: Failed to parse administradorDeHechizos.wlk: \n-- PARSING FAILED --------------------------------------------------\n\n  33 |             hechizo.eliminar()\n  34 |         })\n> 35 |     }\n     |     ^\n  36 | \n  37 |     // Mueve cada hechizo en la lista\n\nExpected one of the following: \n\n'@', 'class', 'const', 'describe', 'mixin', 'object', 'only', 'package', 'program', 'test', 'var', '{', EOF, comment, not \"}\r\n\r\n    \", whitespace\n\n    at c:\\Users\\LUZ RAMIREZ\\.vscode\\extensions\\uqbar.wollok-lsp-ide-0.5.2\\out\\server\\src\\server.js:2326:13026\n    at Array.map (<anonymous>)\n    at D1n (c:\\Users\\LUZ RAMIREZ\\.vscode\\extensions\\uqbar.wollok-lsp-ide-0.5.2\\out\\server\\src\\server.js:2326:12950)\n    at W2.buildEnvironmentFrom (c:\\Users\\LUZ RAMIREZ\\.vscode\\extensions\\uqbar.wollok-lsp-ide-0.5.2\\out\\server\\src\\server.js:2371:5254)\n    at W2.updateEnvironmentWith (c:\\Users\\LUZ RAMIREZ\\.vscode\\extensions\\uqbar.wollok-lsp-ide-0.5.2\\out\\server\\src\\server.js:2371:4989)\n    at GF (c:\\Users\\LUZ RAMIREZ\\.vscode\\extensions\\uqbar.wollok-lsp-ide-0.5.2\\out\\server\\src\\server.js:2371:7383)\n    at L3.invoke (c:\\Users\\LUZ RAMIREZ\\.vscode\\extensions\\uqbar.wollok-lsp-ide-0.5.2\\out\\server\\src\\server.js:3:157326)\n    at o.fire (c:\\Users\\LUZ RAMIREZ\\.vscode\\extensions\\uqbar.wollok-lsp-ide-0.5.2\\out\\server\\src\\server.js:3:158096)\n    at c:\\Users\\LUZ RAMIREZ\\.vscode\\extensions\\uqbar.wollok-lsp-ide-0.5.2\\out\\server\\src\\server.js:37:57871\n    at Kr (c:\\Users\\LUZ RAMIREZ\\.vscode\\extensions\\uqbar.wollok-lsp-ide-0.5.2\\out\\server\\src\\server.js:8:1561)","timestamp":"2025-07-03T18:28:10.022Z"}
{"level":"error","message":"✘ Failed to rebuild document Failed to parse administradorDeHechizos.wlk: \n-- PARSING FAILED --------------------------------------------------\n\n  33 |             hechizo.eliminar()\n  34 |         })\n> 35 |     }\n     |     ^\n  36 | \n  37 |     // Mueve cada hechizo en la lista\n\nExpected one of the following: \n\n'@', 'class', 'const', 'describe', 'mixin', 'object', 'only', 'package', 'program', 'test', 'var', '{', EOF, comment, not \"}\r\n\r\n    \", whitespace\n","stack":"Error: Failed to parse administradorDeHechizos.wlk: \n-- PARSING FAILED --------------------------------------------------\n\n  33 |             hechizo.eliminar()\n  34 |         })\n> 35 |     }\n     |     ^\n  36 | \n  37 |     // Mueve cada hechizo en la lista\n\nExpected one of the following: \n\n'@', 'class', 'const', 'describe', 'mixin', 'object', 'only', 'package', 'program', 'test', 'var', '{', EOF, comment, not \"}\r\n\r\n    \", whitespace\n\n    at c:\\Users\\LUZ RAMIREZ\\.vscode\\extensions\\uqbar.wollok-lsp-ide-0.5.2\\out\\server\\src\\server.js:2326:13026\n    at Array.map (<anonymous>)\n    at D1n (c:\\Users\\LUZ RAMIREZ\\.vscode\\extensions\\uqbar.wollok-lsp-ide-0.5.2\\out\\server\\src\\server.js:2326:12950)\n    at W2.buildEnvironmentFrom (c:\\Users\\LUZ RAMIREZ\\.vscode\\extensions\\uqbar.wollok-lsp-ide-0.5.2\\out\\server\\src\\server.js:2371:5254)\n    at W2.updateEnvironmentWith (c:\\Users\\LUZ RAMIREZ\\.vscode\\extensions\\uqbar.wollok-lsp-ide-0.5.2\\out\\server\\src\\server.js:2371:4989)\n    at GF (c:\\Users\\LUZ RAMIREZ\\.vscode\\extensions\\uqbar.wollok-lsp-ide-0.5.2\\out\\server\\src\\server.js:2371:7383)\n    at L3.invoke (c:\\Users\\LUZ RAMIREZ\\.vscode\\extensions\\uqbar.wollok-lsp-ide-0.5.2\\out\\server\\src\\server.js:3:157326)\n    at o.fire (c:\\Users\\LUZ RAMIREZ\\.vscode\\extensions\\uqbar.wollok-lsp-ide-0.5.2\\out\\server\\src\\server.js:3:158096)\n    at c:\\Users\\LUZ RAMIREZ\\.vscode\\extensions\\uqbar.wollok-lsp-ide-0.5.2\\out\\server\\src\\server.js:37:57871\n    at Kr (c:\\Users\\LUZ RAMIREZ\\.vscode\\extensions\\uqbar.wollok-lsp-ide-0.5.2\\out\\server\\src\\server.js:8:1561)","timestamp":"2025-07-03T18:28:10.075Z"}
{"level":"error","message":"✘ Completions for node If ([31:13, 32:51] - administradorDeHechizos.wlk) failed: Error: [If]{ac8649} at administradorDeHechizos.wlk:31 exhausted all cases without a match [If]{ac8649} at administradorDeHechizos.wlk:31 exhausted all cases without a match","stack":"Error: [If]{ac8649} at administradorDeHechizos.wlk:31 exhausted all cases without a match\n    at c:\\Users\\LUZ RAMIREZ\\.vscode\\extensions\\uqbar.wollok-lsp-ide-0.5.2\\out\\server\\src\\server.js:38:6142\n    at C2 (c:\\Users\\LUZ RAMIREZ\\.vscode\\extensions\\uqbar.wollok-lsp-ide-0.5.2\\out\\server\\src\\server.js:2362:42)\n    at c:\\Users\\LUZ RAMIREZ\\.vscode\\extensions\\uqbar.wollok-lsp-ide-0.5.2\\out\\server\\src\\server.js:2362:2988\n    at c:\\Users\\LUZ RAMIREZ\\.vscode\\extensions\\uqbar.wollok-lsp-ide-0.5.2\\out\\server\\src\\server.js:2371:8440\n    at c:\\Users\\LUZ RAMIREZ\\.vscode\\extensions\\uqbar.wollok-lsp-ide-0.5.2\\out\\server\\src\\server.js:37:74872\n    at Ye (c:\\Users\\LUZ RAMIREZ\\.vscode\\extensions\\uqbar.wollok-lsp-ide-0.5.2\\out\\server\\src\\server.js:7:8527)\n    at Dt (c:\\Users\\LUZ RAMIREZ\\.vscode\\extensions\\uqbar.wollok-lsp-ide-0.5.2\\out\\server\\src\\server.js:7:6189)\n    at Zi (c:\\Users\\LUZ RAMIREZ\\.vscode\\extensions\\uqbar.wollok-lsp-ide-0.5.2\\out\\server\\src\\server.js:7:6378)\n    at Immediate._onImmediate (c:\\Users\\LUZ RAMIREZ\\.vscode\\extensions\\uqbar.wollok-lsp-ide-0.5.2\\out\\server\\src\\server.js:7:6142)\n    at process.processImmediate (node:internal/timers:485:21)","timestamp":"2025-07-03T18:28:10.199Z"}
{"level":"info","message":"⌛ Autocomplete - If","timeElapsed":122,"timestamp":"2025-07-03T18:28:10.207Z"}
{"level":"info","message":"⌛ Validating administradorDeHechizos.wlk","timeElapsed":312,"timestamp":"2025-07-03T18:28:10.520Z"}
{"level":"info","message":"⌛ Validating administradorDeHechizos.wlk","timeElapsed":335,"timestamp":"2025-07-03T18:28:10.871Z"}
{"level":"info","message":"⌛ Validating administradorDeHechizos.wlk","timeElapsed":369,"timestamp":"2025-07-03T18:28:11.259Z"}
{"level":"error","message":"✘ Failed to rebuild document Failed to parse administradorDeHechizos.wlk: \n-- PARSING FAILED --------------------------------------------------\n\n  33 |             hechizo.eliminar()\n  34 |         })\n> 35 |     }\n     |     ^\n  36 | \n  37 |     // Mueve cada hechizo en la lista\n\nExpected one of the following: \n\n'@', 'class', 'const', 'describe', 'mixin', 'object', 'only', 'package', 'program', 'test', 'var', '{', EOF, comment, not \"}\r\n\r\n    \", whitespace\n","stack":"Error: Failed to parse administradorDeHechizos.wlk: \n-- PARSING FAILED --------------------------------------------------\n\n  33 |             hechizo.eliminar()\n  34 |         })\n> 35 |     }\n     |     ^\n  36 | \n  37 |     // Mueve cada hechizo en la lista\n\nExpected one of the following: \n\n'@', 'class', 'const', 'describe', 'mixin', 'object', 'only', 'package', 'program', 'test', 'var', '{', EOF, comment, not \"}\r\n\r\n    \", whitespace\n\n    at c:\\Users\\LUZ RAMIREZ\\.vscode\\extensions\\uqbar.wollok-lsp-ide-0.5.2\\out\\server\\src\\server.js:2326:13026\n    at Array.map (<anonymous>)\n    at D1n (c:\\Users\\LUZ RAMIREZ\\.vscode\\extensions\\uqbar.wollok-lsp-ide-0.5.2\\out\\server\\src\\server.js:2326:12950)\n    at W2.buildEnvironmentFrom (c:\\Users\\LUZ RAMIREZ\\.vscode\\extensions\\uqbar.wollok-lsp-ide-0.5.2\\out\\server\\src\\server.js:2371:5254)\n    at W2.updateEnvironmentWith (c:\\Users\\LUZ RAMIREZ\\.vscode\\extensions\\uqbar.wollok-lsp-ide-0.5.2\\out\\server\\src\\server.js:2371:4989)\n    at GF (c:\\Users\\LUZ RAMIREZ\\.vscode\\extensions\\uqbar.wollok-lsp-ide-0.5.2\\out\\server\\src\\server.js:2371:7383)\n    at L3.invoke (c:\\Users\\LUZ RAMIREZ\\.vscode\\extensions\\uqbar.wollok-lsp-ide-0.5.2\\out\\server\\src\\server.js:3:157326)\n    at o.fire (c:\\Users\\LUZ RAMIREZ\\.vscode\\extensions\\uqbar.wollok-lsp-ide-0.5.2\\out\\server\\src\\server.js:3:158096)\n    at c:\\Users\\LUZ RAMIREZ\\.vscode\\extensions\\uqbar.wollok-lsp-ide-0.5.2\\out\\server\\src\\server.js:37:57871\n    at Kr (c:\\Users\\LUZ RAMIREZ\\.vscode\\extensions\\uqbar.wollok-lsp-ide-0.5.2\\out\\server\\src\\server.js:8:1561)","timestamp":"2025-07-03T18:28:11.322Z"}
{"level":"error","message":"✘ Completions for node If ([31:13, 32:51] - administradorDeHechizos.wlk) failed: Error: [If]{ac8649} at administradorDeHechizos.wlk:31 exhausted all cases without a match [If]{ac8649} at administradorDeHechizos.wlk:31 exhausted all cases without a match","stack":"Error: [If]{ac8649} at administradorDeHechizos.wlk:31 exhausted all cases without a match\n    at c:\\Users\\LUZ RAMIREZ\\.vscode\\extensions\\uqbar.wollok-lsp-ide-0.5.2\\out\\server\\src\\server.js:38:6142\n    at C2 (c:\\Users\\LUZ RAMIREZ\\.vscode\\extensions\\uqbar.wollok-lsp-ide-0.5.2\\out\\server\\src\\server.js:2362:42)\n    at c:\\Users\\LUZ RAMIREZ\\.vscode\\extensions\\uqbar.wollok-lsp-ide-0.5.2\\out\\server\\src\\server.js:2362:2988\n    at c:\\Users\\LUZ RAMIREZ\\.vscode\\extensions\\uqbar.wollok-lsp-ide-0.5.2\\out\\server\\src\\server.js:2371:8440\n    at c:\\Users\\LUZ RAMIREZ\\.vscode\\extensions\\uqbar.wollok-lsp-ide-0.5.2\\out\\server\\src\\server.js:37:74872\n    at Ye (c:\\Users\\LUZ RAMIREZ\\.vscode\\extensions\\uqbar.wollok-lsp-ide-0.5.2\\out\\server\\src\\server.js:7:8527)\n    at Dt (c:\\Users\\LUZ RAMIREZ\\.vscode\\extensions\\uqbar.wollok-lsp-ide-0.5.2\\out\\server\\src\\server.js:7:6189)\n    at Zi (c:\\Users\\LUZ RAMIREZ\\.vscode\\extensions\\uqbar.wollok-lsp-ide-0.5.2\\out\\server\\src\\server.js:7:6378)\n    at Immediate._onImmediate (c:\\Users\\LUZ RAMIREZ\\.vscode\\extensions\\uqbar.wollok-lsp-ide-0.5.2\\out\\server\\src\\server.js:7:6142)\n    at process.processImmediate (node:internal/timers:485:21)","timestamp":"2025-07-03T18:28:11.404Z"}
{"level":"info","message":"⌛ Validating administradorDeHechizos.wlk","timeElapsed":367,"timestamp":"2025-07-03T18:28:11.780Z"}
{"level":"info","message":"⌛ Building environment","timeElapsed":278,"timestamp":"2025-07-03T18:28:12.073Z"}
{"level":"info","message":"⌛ Validating administradorDeHechizos.wlk","timeElapsed":382,"timestamp":"2025-07-03T18:28:12.455Z"}
{"level":"info","message":"⌛ Validating administradorDeHechizos.wlk","timeElapsed":390,"timestamp":"2025-07-03T18:28:12.866Z"}
{"level":"info","message":"⌛ Building environment","timeElapsed":511,"timestamp":"2025-07-03T18:28:13.379Z"}
{"level":"error","message":"✘ Completions for node If ([31:13, 31:38] - administradorDeHechizos.wlk) failed: Error: [If]{fd148b} at administradorDeHechizos.wlk:31 exhausted all cases without a match [If]{fd148b} at administradorDeHechizos.wlk:31 exhausted all cases without a match","stack":"Error: [If]{fd148b} at administradorDeHechizos.wlk:31 exhausted all cases without a match\n    at c:\\Users\\LUZ RAMIREZ\\.vscode\\extensions\\uqbar.wollok-lsp-ide-0.5.2\\out\\server\\src\\server.js:38:6142\n    at C2 (c:\\Users\\LUZ RAMIREZ\\.vscode\\extensions\\uqbar.wollok-lsp-ide-0.5.2\\out\\server\\src\\server.js:2362:42)\n    at Gh (c:\\Users\\LUZ RAMIREZ\\.vscode\\extensions\\uqbar.wollok-lsp-ide-0.5.2\\out\\server\\src\\server.js:2362:1092)\n    at p8n (c:\\Users\\LUZ RAMIREZ\\.vscode\\extensions\\uqbar.wollok-lsp-ide-0.5.2\\out\\server\\src\\server.js:2362:818)\n    at c:\\Users\\LUZ RAMIREZ\\.vscode\\extensions\\uqbar.wollok-lsp-ide-0.5.2\\out\\server\\src\\server.js:38:6131\n    at C2 (c:\\Users\\LUZ RAMIREZ\\.vscode\\extensions\\uqbar.wollok-lsp-ide-0.5.2\\out\\server\\src\\server.js:2362:42)\n    at Gh (c:\\Users\\LUZ RAMIREZ\\.vscode\\extensions\\uqbar.wollok-lsp-ide-0.5.2\\out\\server\\src\\server.js:2362:1092)\n    at l8n (c:\\Users\\LUZ RAMIREZ\\.vscode\\extensions\\uqbar.wollok-lsp-ide-0.5.2\\out\\server\\src\\server.js:2362:1248)\n    at c:\\Users\\LUZ RAMIREZ\\.vscode\\extensions\\uqbar.wollok-lsp-ide-0.5.2\\out\\server\\src\\server.js:38:6131\n    at C2 (c:\\Users\\LUZ RAMIREZ\\.vscode\\extensions\\uqbar.wollok-lsp-ide-0.5.2\\out\\server\\src\\server.js:2362:42)","timestamp":"2025-07-03T18:28:13.469Z"}
{"level":"info","message":"⌛ Validating administradorDeHechizos.wlk","timeElapsed":377,"timestamp":"2025-07-03T18:28:13.870Z"}
{"level":"info","message":"⌛ Building environment","timeElapsed":255,"timestamp":"2025-07-03T18:28:14.142Z"}
{"level":"info","message":"⌛ Validating administradorDeHechizos.wlk","timeElapsed":328,"timestamp":"2025-07-03T18:28:14.505Z"}
{"level":"info","message":"⌛ Validating administradorDeHechizos.wlk","timeElapsed":317,"timestamp":"2025-07-03T18:28:14.841Z"}
{"level":"info","message":"⌛ Building environment","timeElapsed":326,"timestamp":"2025-07-03T18:28:15.172Z"}
{"level":"info","message":"⌛ Building environment","timeElapsed":298,"timestamp":"2025-07-03T18:28:15.506Z"}
{"level":"info","message":"⌛ Validating administradorDeHechizos.wlk","timeElapsed":400,"timestamp":"2025-07-03T18:28:15.927Z"}
{"level":"info","message":"⌛ Validating administradorDeHechizos.wlk","timeElapsed":384,"timestamp":"2025-07-03T18:28:16.313Z"}
{"level":"info","message":"⌛ Validating administradorDeHechizos.wlk","timeElapsed":344,"timestamp":"2025-07-03T18:28:16.674Z"}
{"level":"info","message":"⌛ Validating administradorDeHechizos.wlk","timeElapsed":376,"timestamp":"2025-07-03T18:28:17.066Z"}
{"level":"info","message":"⌛ Validating administradorDeHechizos.wlk","timeElapsed":445,"timestamp":"2025-07-03T18:28:17.636Z"}
{"level":"info","message":"⌛ Validating administradorDeHechizos.wlk","timeElapsed":354,"timestamp":"2025-07-03T18:28:18.069Z"}
{"level":"info","message":"⌛ Building environment","timeElapsed":310,"timestamp":"2025-07-03T18:28:20.109Z"}
{"level":"info","message":"⌛ Validating administradorDeHechizos.wlk","timeElapsed":386,"timestamp":"2025-07-03T18:28:20.525Z"}
{"level":"info","message":"⌛ Building environment","timeElapsed":444,"timestamp":"2025-07-03T18:28:22.113Z"}
{"level":"info","message":"⌛ Building environment","timeElapsed":326,"timestamp":"2025-07-03T18:28:22.478Z"}
{"level":"info","message":"⌛ Validating administradorDeHechizos.wlk","timeElapsed":772,"timestamp":"2025-07-03T18:28:23.306Z"}
{"level":"info","message":"⌛ Building environment","timeElapsed":386,"timestamp":"2025-07-03T18:28:23.706Z"}
{"level":"info","message":"⌛ Validating administradorDeHechizos.wlk","timeElapsed":414,"timestamp":"2025-07-03T18:28:24.121Z"}
{"level":"info","message":"⌛ Building environment","timeElapsed":428,"timestamp":"2025-07-03T18:28:24.556Z"}
{"level":"info","message":"⌛ Building environment","timeElapsed":320,"timestamp":"2025-07-03T18:28:24.877Z"}
{"level":"info","message":"⌛ Building environment","timeElapsed":296,"timestamp":"2025-07-03T18:28:25.175Z"}
{"level":"info","message":"⌛ Building environment","timeElapsed":345,"timestamp":"2025-07-03T18:28:25.539Z"}
{"level":"info","message":"⌛ Validating administradorDeHechizos.wlk","timeElapsed":352,"timestamp":"2025-07-03T18:28:25.892Z"}
{"level":"info","message":"⌛ Building environment","timeElapsed":690,"timestamp":"2025-07-03T18:28:26.623Z"}
{"level":"info","message":"⌛ Building environment","timeElapsed":362,"timestamp":"2025-07-03T18:28:27.040Z"}
{"level":"info","message":"⌛ Validating administradorDeHechizos.wlk","timeElapsed":481,"timestamp":"2025-07-03T18:28:27.521Z"}
{"level":"info","message":"⌛ Validating administradorDeHechizos.wlk","timeElapsed":411,"timestamp":"2025-07-03T18:28:27.953Z"}
{"level":"info","message":"⌛ Validating administradorDeHechizos.wlk","timeElapsed":349,"timestamp":"2025-07-03T18:28:28.305Z"}
{"level":"info","message":"⌛ Validating administradorDeHechizos.wlk","timeElapsed":417,"timestamp":"2025-07-03T18:28:28.725Z"}
{"level":"info","message":"⌛ Building environment","timeElapsed":305,"timestamp":"2025-07-03T18:28:29.043Z"}
{"level":"info","message":"⌛ Building environment","timeElapsed":314,"timestamp":"2025-07-03T18:28:29.361Z"}
{"level":"info","message":"⌛ Building environment","timeElapsed":426,"timestamp":"2025-07-03T18:28:29.793Z"}
{"level":"info","message":"⌛ Validating administradorDeHechizos.wlk","timeElapsed":443,"timestamp":"2025-07-03T18:28:30.239Z"}
{"level":"info","message":"⌛ Building environment","timeElapsed":474,"timestamp":"2025-07-03T18:28:30.740Z"}
{"level":"info","message":"⌛ Validating administradorDeHechizos.wlk","timeElapsed":352,"timestamp":"2025-07-03T18:28:31.111Z"}
{"level":"info","message":"⌛ Building environment","timeElapsed":266,"timestamp":"2025-07-03T18:28:31.391Z"}
{"level":"info","message":"⌛ Validating administradorDeHechizos.wlk","timeElapsed":346,"timestamp":"2025-07-03T18:28:31.770Z"}
{"level":"info","message":"⌛ Validating administradorDeHechizos.wlk","timeElapsed":518,"timestamp":"2025-07-03T18:28:32.362Z"}
{"level":"info","message":"⌛ Validating administradorDeHechizos.wlk","timeElapsed":336,"timestamp":"2025-07-03T18:28:32.710Z"}
{"level":"info","message":"⌛ Building environment","timeElapsed":337,"timestamp":"2025-07-03T18:28:33.058Z"}
{"level":"info","message":"⌛ Validating administradorDeHechizos.wlk","timeElapsed":324,"timestamp":"2025-07-03T18:28:33.440Z"}
{"level":"info","message":"⌛ Validating administradorDeHechizos.wlk","timeElapsed":324,"timestamp":"2025-07-03T18:28:33.766Z"}
{"level":"info","message":"⌛ Building environment","timeElapsed":274,"timestamp":"2025-07-03T18:28:34.045Z"}
{"level":"info","message":"⌛ Validating administradorDeHechizos.wlk","timeElapsed":337,"timestamp":"2025-07-03T18:28:34.407Z"}
{"level":"info","message":"⌛ Validating administradorDeHechizos.wlk","timeElapsed":323,"timestamp":"2025-07-03T18:28:34.734Z"}
{"level":"info","message":"⌛ Building environment","timeElapsed":571,"timestamp":"2025-07-03T18:31:10.805Z"}
{"level":"info","message":"⌛ Autocomplete - Package","timeElapsed":256,"timestamp":"2025-07-03T18:31:11.070Z"}
{"level":"info","message":"⌛ Building environment","timeElapsed":462,"timestamp":"2025-07-03T18:31:11.568Z"}
{"level":"info","message":"⌛ Building environment","timeElapsed":372,"timestamp":"2025-07-03T18:31:11.958Z"}
{"level":"info","message":"⌛ Building environment","timeElapsed":480,"timestamp":"2025-07-03T18:31:12.441Z"}
{"level":"info","message":"⌛ Validating mago.wlk","timeElapsed":487,"timestamp":"2025-07-03T18:31:12.934Z"}
{"level":"error","message":"✘ Failed to rebuild document Failed to parse mago.wlk: \n-- PARSING FAILED --------------------------------------------------\n\n  31 | }\n  32 | class\n> 33 | class Hechizo inherits CosaAnimada{\n     |       ^\n  34 |   const property tipo\n  35 |   var property danio = tipo.danio()\n\nExpected one of the following: \n\n'inherits', '{', whitespace\n","stack":"Error: Failed to parse mago.wlk: \n-- PARSING FAILED --------------------------------------------------\n\n  31 | }\n  32 | class\n> 33 | class Hechizo inherits CosaAnimada{\n     |       ^\n  34 |   const property tipo\n  35 |   var property danio = tipo.danio()\n\nExpected one of the following: \n\n'inherits', '{', whitespace\n\n    at c:\\Users\\LUZ RAMIREZ\\.vscode\\extensions\\uqbar.wollok-lsp-ide-0.5.2\\out\\server\\src\\server.js:2326:13026\n    at Array.map (<anonymous>)\n    at D1n (c:\\Users\\LUZ RAMIREZ\\.vscode\\extensions\\uqbar.wollok-lsp-ide-0.5.2\\out\\server\\src\\server.js:2326:12950)\n    at W2.buildEnvironmentFrom (c:\\Users\\LUZ RAMIREZ\\.vscode\\extensions\\uqbar.wollok-lsp-ide-0.5.2\\out\\server\\src\\server.js:2371:5254)\n    at W2.updateEnvironmentWith (c:\\Users\\LUZ RAMIREZ\\.vscode\\extensions\\uqbar.wollok-lsp-ide-0.5.2\\out\\server\\src\\server.js:2371:4989)\n    at GF (c:\\Users\\LUZ RAMIREZ\\.vscode\\extensions\\uqbar.wollok-lsp-ide-0.5.2\\out\\server\\src\\server.js:2371:7383)\n    at L3.invoke (c:\\Users\\LUZ RAMIREZ\\.vscode\\extensions\\uqbar.wollok-lsp-ide-0.5.2\\out\\server\\src\\server.js:3:157326)\n    at o.fire (c:\\Users\\LUZ RAMIREZ\\.vscode\\extensions\\uqbar.wollok-lsp-ide-0.5.2\\out\\server\\src\\server.js:3:158096)\n    at c:\\Users\\LUZ RAMIREZ\\.vscode\\extensions\\uqbar.wollok-lsp-ide-0.5.2\\out\\server\\src\\server.js:37:57871\n    at Kr (c:\\Users\\LUZ RAMIREZ\\.vscode\\extensions\\uqbar.wollok-lsp-ide-0.5.2\\out\\server\\src\\server.js:8:1561)","timestamp":"2025-07-03T18:31:13.152Z"}
{"level":"error","message":"✘ Failed to rebuild document Failed to parse mago.wlk: \n-- PARSING FAILED --------------------------------------------------\n\n  31 | }\n  32 | class \n> 33 | class Hechizo inherits CosaAnimada{\n     |       ^\n  34 |   const property tipo\n  35 |   var property danio = tipo.danio()\n\nExpected one of the following: \n\n'inherits', '{', whitespace\n","stack":"Error: Failed to parse mago.wlk: \n-- PARSING FAILED --------------------------------------------------\n\n  31 | }\n  32 | class \n> 33 | class Hechizo inherits CosaAnimada{\n     |       ^\n  34 |   const property tipo\n  35 |   var property danio = tipo.danio()\n\nExpected one of the following: \n\n'inherits', '{', whitespace\n\n    at c:\\Users\\LUZ RAMIREZ\\.vscode\\extensions\\uqbar.wollok-lsp-ide-0.5.2\\out\\server\\src\\server.js:2326:13026\n    at Array.map (<anonymous>)\n    at D1n (c:\\Users\\LUZ RAMIREZ\\.vscode\\extensions\\uqbar.wollok-lsp-ide-0.5.2\\out\\server\\src\\server.js:2326:12950)\n    at W2.buildEnvironmentFrom (c:\\Users\\LUZ RAMIREZ\\.vscode\\extensions\\uqbar.wollok-lsp-ide-0.5.2\\out\\server\\src\\server.js:2371:5254)\n    at W2.updateEnvironmentWith (c:\\Users\\LUZ RAMIREZ\\.vscode\\extensions\\uqbar.wollok-lsp-ide-0.5.2\\out\\server\\src\\server.js:2371:4989)\n    at GF (c:\\Users\\LUZ RAMIREZ\\.vscode\\extensions\\uqbar.wollok-lsp-ide-0.5.2\\out\\server\\src\\server.js:2371:7383)\n    at L3.invoke (c:\\Users\\LUZ RAMIREZ\\.vscode\\extensions\\uqbar.wollok-lsp-ide-0.5.2\\out\\server\\src\\server.js:3:157326)\n    at o.fire (c:\\Users\\LUZ RAMIREZ\\.vscode\\extensions\\uqbar.wollok-lsp-ide-0.5.2\\out\\server\\src\\server.js:3:158096)\n    at c:\\Users\\LUZ RAMIREZ\\.vscode\\extensions\\uqbar.wollok-lsp-ide-0.5.2\\out\\server\\src\\server.js:37:57871\n    at Kr (c:\\Users\\LUZ RAMIREZ\\.vscode\\extensions\\uqbar.wollok-lsp-ide-0.5.2\\out\\server\\src\\server.js:8:1561)","timestamp":"2025-07-03T18:31:13.368Z"}
{"level":"error","message":"✘ Failed to rebuild document Failed to parse mago.wlk: \n-- PARSING FAILED --------------------------------------------------\n\n  31 | }\n  32 | class c\n> 33 | class Hechizo inherits CosaAnimada{\n     | ^\n  34 |   const property tipo\n  35 |   var property danio = tipo.danio()\n\nExpected one of the following: \n\n'inherits', '{', whitespace\n","stack":"Error: Failed to parse mago.wlk: \n-- PARSING FAILED --------------------------------------------------\n\n  31 | }\n  32 | class c\n> 33 | class Hechizo inherits CosaAnimada{\n     | ^\n  34 |   const property tipo\n  35 |   var property danio = tipo.danio()\n\nExpected one of the following: \n\n'inherits', '{', whitespace\n\n    at c:\\Users\\LUZ RAMIREZ\\.vscode\\extensions\\uqbar.wollok-lsp-ide-0.5.2\\out\\server\\src\\server.js:2326:13026\n    at Array.map (<anonymous>)\n    at D1n (c:\\Users\\LUZ RAMIREZ\\.vscode\\extensions\\uqbar.wollok-lsp-ide-0.5.2\\out\\server\\src\\server.js:2326:12950)\n    at W2.buildEnvironmentFrom (c:\\Users\\LUZ RAMIREZ\\.vscode\\extensions\\uqbar.wollok-lsp-ide-0.5.2\\out\\server\\src\\server.js:2371:5254)\n    at W2.updateEnvironmentWith (c:\\Users\\LUZ RAMIREZ\\.vscode\\extensions\\uqbar.wollok-lsp-ide-0.5.2\\out\\server\\src\\server.js:2371:4989)\n    at GF (c:\\Users\\LUZ RAMIREZ\\.vscode\\extensions\\uqbar.wollok-lsp-ide-0.5.2\\out\\server\\src\\server.js:2371:7383)\n    at L3.invoke (c:\\Users\\LUZ RAMIREZ\\.vscode\\extensions\\uqbar.wollok-lsp-ide-0.5.2\\out\\server\\src\\server.js:3:157326)\n    at o.fire (c:\\Users\\LUZ RAMIREZ\\.vscode\\extensions\\uqbar.wollok-lsp-ide-0.5.2\\out\\server\\src\\server.js:3:158096)\n    at c:\\Users\\LUZ RAMIREZ\\.vscode\\extensions\\uqbar.wollok-lsp-ide-0.5.2\\out\\server\\src\\server.js:37:57871\n    at Kr (c:\\Users\\LUZ RAMIREZ\\.vscode\\extensions\\uqbar.wollok-lsp-ide-0.5.2\\out\\server\\src\\server.js:8:1561)","timestamp":"2025-07-03T18:31:13.424Z"}
{"level":"info","message":"⌛ Validating mago.wlk","timeElapsed":464,"timestamp":"2025-07-03T18:31:13.984Z"}
{"level":"error","message":"✘ Failed to rebuild document Failed to parse mago.wlk: \n-- PARSING FAILED --------------------------------------------------\n\n  31 | }\n  32 | class co\n> 33 | class Hechizo inherits CosaAnimada{\n     | ^\n  34 |   const property tipo\n  35 |   var property danio = tipo.danio()\n\nExpected one of the following: \n\n'inherits', '{', whitespace\n","stack":"Error: Failed to parse mago.wlk: \n-- PARSING FAILED --------------------------------------------------\n\n  31 | }\n  32 | class co\n> 33 | class Hechizo inherits CosaAnimada{\n     | ^\n  34 |   const property tipo\n  35 |   var property danio = tipo.danio()\n\nExpected one of the following: \n\n'inherits', '{', whitespace\n\n    at c:\\Users\\LUZ RAMIREZ\\.vscode\\extensions\\uqbar.wollok-lsp-ide-0.5.2\\out\\server\\src\\server.js:2326:13026\n    at Array.map (<anonymous>)\n    at D1n (c:\\Users\\LUZ RAMIREZ\\.vscode\\extensions\\uqbar.wollok-lsp-ide-0.5.2\\out\\server\\src\\server.js:2326:12950)\n    at W2.buildEnvironmentFrom (c:\\Users\\LUZ RAMIREZ\\.vscode\\extensions\\uqbar.wollok-lsp-ide-0.5.2\\out\\server\\src\\server.js:2371:5254)\n    at W2.updateEnvironmentWith (c:\\Users\\LUZ RAMIREZ\\.vscode\\extensions\\uqbar.wollok-lsp-ide-0.5.2\\out\\server\\src\\server.js:2371:4989)\n    at GF (c:\\Users\\LUZ RAMIREZ\\.vscode\\extensions\\uqbar.wollok-lsp-ide-0.5.2\\out\\server\\src\\server.js:2371:7383)\n    at L3.invoke (c:\\Users\\LUZ RAMIREZ\\.vscode\\extensions\\uqbar.wollok-lsp-ide-0.5.2\\out\\server\\src\\server.js:3:157326)\n    at o.fire (c:\\Users\\LUZ RAMIREZ\\.vscode\\extensions\\uqbar.wollok-lsp-ide-0.5.2\\out\\server\\src\\server.js:3:158096)\n    at c:\\Users\\LUZ RAMIREZ\\.vscode\\extensions\\uqbar.wollok-lsp-ide-0.5.2\\out\\server\\src\\server.js:37:57871\n    at Kr (c:\\Users\\LUZ RAMIREZ\\.vscode\\extensions\\uqbar.wollok-lsp-ide-0.5.2\\out\\server\\src\\server.js:8:1561)","timestamp":"2025-07-03T18:31:14.014Z"}
{"level":"error","message":"✘ Failed to rebuild document Failed to parse mago.wlk: \n-- PARSING FAILED --------------------------------------------------\n\n  31 | }\n  32 | class col\n> 33 | class Hechizo inherits CosaAnimada{\n     | ^\n  34 |   const property tipo\n  35 |   var property danio = tipo.danio()\n\nExpected one of the following: \n\n'inherits', '{', whitespace\n","stack":"Error: Failed to parse mago.wlk: \n-- PARSING FAILED --------------------------------------------------\n\n  31 | }\n  32 | class col\n> 33 | class Hechizo inherits CosaAnimada{\n     | ^\n  34 |   const property tipo\n  35 |   var property danio = tipo.danio()\n\nExpected one of the following: \n\n'inherits', '{', whitespace\n\n    at c:\\Users\\LUZ RAMIREZ\\.vscode\\extensions\\uqbar.wollok-lsp-ide-0.5.2\\out\\server\\src\\server.js:2326:13026\n    at Array.map (<anonymous>)\n    at D1n (c:\\Users\\LUZ RAMIREZ\\.vscode\\extensions\\uqbar.wollok-lsp-ide-0.5.2\\out\\server\\src\\server.js:2326:12950)\n    at W2.buildEnvironmentFrom (c:\\Users\\LUZ RAMIREZ\\.vscode\\extensions\\uqbar.wollok-lsp-ide-0.5.2\\out\\server\\src\\server.js:2371:5254)\n    at W2.updateEnvironmentWith (c:\\Users\\LUZ RAMIREZ\\.vscode\\extensions\\uqbar.wollok-lsp-ide-0.5.2\\out\\server\\src\\server.js:2371:4989)\n    at GF (c:\\Users\\LUZ RAMIREZ\\.vscode\\extensions\\uqbar.wollok-lsp-ide-0.5.2\\out\\server\\src\\server.js:2371:7383)\n    at L3.invoke (c:\\Users\\LUZ RAMIREZ\\.vscode\\extensions\\uqbar.wollok-lsp-ide-0.5.2\\out\\server\\src\\server.js:3:157326)\n    at o.fire (c:\\Users\\LUZ RAMIREZ\\.vscode\\extensions\\uqbar.wollok-lsp-ide-0.5.2\\out\\server\\src\\server.js:3:158096)\n    at c:\\Users\\LUZ RAMIREZ\\.vscode\\extensions\\uqbar.wollok-lsp-ide-0.5.2\\out\\server\\src\\server.js:37:57871\n    at Kr (c:\\Users\\LUZ RAMIREZ\\.vscode\\extensions\\uqbar.wollok-lsp-ide-0.5.2\\out\\server\\src\\server.js:8:1561)","timestamp":"2025-07-03T18:31:14.122Z"}
{"level":"error","message":"✘ Failed to rebuild document Failed to parse mago.wlk: \n-- PARSING FAILED --------------------------------------------------\n\n  31 | }\n  32 | class coli\n> 33 | class Hechizo inherits CosaAnimada{\n     | ^\n  34 |   const property tipo\n  35 |   var property danio = tipo.danio()\n\nExpected one of the following: \n\n'inherits', '{', whitespace\n","stack":"Error: Failed to parse mago.wlk: \n-- PARSING FAILED --------------------------------------------------\n\n  31 | }\n  32 | class coli\n> 33 | class Hechizo inherits CosaAnimada{\n     | ^\n  34 |   const property tipo\n  35 |   var property danio = tipo.danio()\n\nExpected one of the following: \n\n'inherits', '{', whitespace\n\n    at c:\\Users\\LUZ RAMIREZ\\.vscode\\extensions\\uqbar.wollok-lsp-ide-0.5.2\\out\\server\\src\\server.js:2326:13026\n    at Array.map (<anonymous>)\n    at D1n (c:\\Users\\LUZ RAMIREZ\\.vscode\\extensions\\uqbar.wollok-lsp-ide-0.5.2\\out\\server\\src\\server.js:2326:12950)\n    at W2.buildEnvironmentFrom (c:\\Users\\LUZ RAMIREZ\\.vscode\\extensions\\uqbar.wollok-lsp-ide-0.5.2\\out\\server\\src\\server.js:2371:5254)\n    at W2.updateEnvironmentWith (c:\\Users\\LUZ RAMIREZ\\.vscode\\extensions\\uqbar.wollok-lsp-ide-0.5.2\\out\\server\\src\\server.js:2371:4989)\n    at GF (c:\\Users\\LUZ RAMIREZ\\.vscode\\extensions\\uqbar.wollok-lsp-ide-0.5.2\\out\\server\\src\\server.js:2371:7383)\n    at L3.invoke (c:\\Users\\LUZ RAMIREZ\\.vscode\\extensions\\uqbar.wollok-lsp-ide-0.5.2\\out\\server\\src\\server.js:3:157326)\n    at o.fire (c:\\Users\\LUZ RAMIREZ\\.vscode\\extensions\\uqbar.wollok-lsp-ide-0.5.2\\out\\server\\src\\server.js:3:158096)\n    at c:\\Users\\LUZ RAMIREZ\\.vscode\\extensions\\uqbar.wollok-lsp-ide-0.5.2\\out\\server\\src\\server.js:37:57871\n    at Kr (c:\\Users\\LUZ RAMIREZ\\.vscode\\extensions\\uqbar.wollok-lsp-ide-0.5.2\\out\\server\\src\\server.js:8:1561)","timestamp":"2025-07-03T18:31:14.168Z"}
{"level":"info","message":"⌛ Validating mago.wlk","timeElapsed":402,"timestamp":"2025-07-03T18:31:14.574Z"}
{"level":"error","message":"✘ Failed to rebuild document Failed to parse mago.wlk: \n-- PARSING FAILED --------------------------------------------------\n\n  31 | }\n  32 | class colis\n> 33 | class Hechizo inherits CosaAnimada{\n     | ^\n  34 |   const property tipo\n  35 |   var property danio = tipo.danio()\n\nExpected one of the following: \n\n'inherits', '{', whitespace\n","stack":"Error: Failed to parse mago.wlk: \n-- PARSING FAILED --------------------------------------------------\n\n  31 | }\n  32 | class colis\n> 33 | class Hechizo inherits CosaAnimada{\n     | ^\n  34 |   const property tipo\n  35 |   var property danio = tipo.danio()\n\nExpected one of the following: \n\n'inherits', '{', whitespace\n\n    at c:\\Users\\LUZ RAMIREZ\\.vscode\\extensions\\uqbar.wollok-lsp-ide-0.5.2\\out\\server\\src\\server.js:2326:13026\n    at Array.map (<anonymous>)\n    at D1n (c:\\Users\\LUZ RAMIREZ\\.vscode\\extensions\\uqbar.wollok-lsp-ide-0.5.2\\out\\server\\src\\server.js:2326:12950)\n    at W2.buildEnvironmentFrom (c:\\Users\\LUZ RAMIREZ\\.vscode\\extensions\\uqbar.wollok-lsp-ide-0.5.2\\out\\server\\src\\server.js:2371:5254)\n    at W2.updateEnvironmentWith (c:\\Users\\LUZ RAMIREZ\\.vscode\\extensions\\uqbar.wollok-lsp-ide-0.5.2\\out\\server\\src\\server.js:2371:4989)\n    at GF (c:\\Users\\LUZ RAMIREZ\\.vscode\\extensions\\uqbar.wollok-lsp-ide-0.5.2\\out\\server\\src\\server.js:2371:7383)\n    at L3.invoke (c:\\Users\\LUZ RAMIREZ\\.vscode\\extensions\\uqbar.wollok-lsp-ide-0.5.2\\out\\server\\src\\server.js:3:157326)\n    at o.fire (c:\\Users\\LUZ RAMIREZ\\.vscode\\extensions\\uqbar.wollok-lsp-ide-0.5.2\\out\\server\\src\\server.js:3:158096)\n    at c:\\Users\\LUZ RAMIREZ\\.vscode\\extensions\\uqbar.wollok-lsp-ide-0.5.2\\out\\server\\src\\server.js:37:57871\n    at Kr (c:\\Users\\LUZ RAMIREZ\\.vscode\\extensions\\uqbar.wollok-lsp-ide-0.5.2\\out\\server\\src\\server.js:8:1561)","timestamp":"2025-07-03T18:31:14.598Z"}
{"level":"error","message":"✘ Failed to rebuild document Failed to parse mago.wlk: \n-- PARSING FAILED --------------------------------------------------\n\n  31 | }\n  32 | class colisi\n> 33 | class Hechizo inherits CosaAnimada{\n     | ^\n  34 |   const property tipo\n  35 |   var property danio = tipo.danio()\n\nExpected one of the following: \n\n'inherits', '{', whitespace\n","stack":"Error: Failed to parse mago.wlk: \n-- PARSING FAILED --------------------------------------------------\n\n  31 | }\n  32 | class colisi\n> 33 | class Hechizo inherits CosaAnimada{\n     | ^\n  34 |   const property tipo\n  35 |   var property danio = tipo.danio()\n\nExpected one of the following: \n\n'inherits', '{', whitespace\n\n    at c:\\Users\\LUZ RAMIREZ\\.vscode\\extensions\\uqbar.wollok-lsp-ide-0.5.2\\out\\server\\src\\server.js:2326:13026\n    at Array.map (<anonymous>)\n    at D1n (c:\\Users\\LUZ RAMIREZ\\.vscode\\extensions\\uqbar.wollok-lsp-ide-0.5.2\\out\\server\\src\\server.js:2326:12950)\n    at W2.buildEnvironmentFrom (c:\\Users\\LUZ RAMIREZ\\.vscode\\extensions\\uqbar.wollok-lsp-ide-0.5.2\\out\\server\\src\\server.js:2371:5254)\n    at W2.updateEnvironmentWith (c:\\Users\\LUZ RAMIREZ\\.vscode\\extensions\\uqbar.wollok-lsp-ide-0.5.2\\out\\server\\src\\server.js:2371:4989)\n    at GF (c:\\Users\\LUZ RAMIREZ\\.vscode\\extensions\\uqbar.wollok-lsp-ide-0.5.2\\out\\server\\src\\server.js:2371:7383)\n    at L3.invoke (c:\\Users\\LUZ RAMIREZ\\.vscode\\extensions\\uqbar.wollok-lsp-ide-0.5.2\\out\\server\\src\\server.js:3:157326)\n    at o.fire (c:\\Users\\LUZ RAMIREZ\\.vscode\\extensions\\uqbar.wollok-lsp-ide-0.5.2\\out\\server\\src\\server.js:3:158096)\n    at c:\\Users\\LUZ RAMIREZ\\.vscode\\extensions\\uqbar.wollok-lsp-ide-0.5.2\\out\\server\\src\\server.js:37:57871\n    at Kr (c:\\Users\\LUZ RAMIREZ\\.vscode\\extensions\\uqbar.wollok-lsp-ide-0.5.2\\out\\server\\src\\server.js:8:1561)","timestamp":"2025-07-03T18:31:14.646Z"}
{"level":"error","message":"✘ Failed to rebuild document Failed to parse mago.wlk: \n-- PARSING FAILED --------------------------------------------------\n\n  31 | }\n  32 | class colisio\n> 33 | class Hechizo inherits CosaAnimada{\n     | ^\n  34 |   const property tipo\n  35 |   var property danio = tipo.danio()\n\nExpected one of the following: \n\n'inherits', '{', whitespace\n","stack":"Error: Failed to parse mago.wlk: \n-- PARSING FAILED --------------------------------------------------\n\n  31 | }\n  32 | class colisio\n> 33 | class Hechizo inherits CosaAnimada{\n     | ^\n  34 |   const property tipo\n  35 |   var property danio = tipo.danio()\n\nExpected one of the following: \n\n'inherits', '{', whitespace\n\n    at c:\\Users\\LUZ RAMIREZ\\.vscode\\extensions\\uqbar.wollok-lsp-ide-0.5.2\\out\\server\\src\\server.js:2326:13026\n    at Array.map (<anonymous>)\n    at D1n (c:\\Users\\LUZ RAMIREZ\\.vscode\\extensions\\uqbar.wollok-lsp-ide-0.5.2\\out\\server\\src\\server.js:2326:12950)\n    at W2.buildEnvironmentFrom (c:\\Users\\LUZ RAMIREZ\\.vscode\\extensions\\uqbar.wollok-lsp-ide-0.5.2\\out\\server\\src\\server.js:2371:5254)\n    at W2.updateEnvironmentWith (c:\\Users\\LUZ RAMIREZ\\.vscode\\extensions\\uqbar.wollok-lsp-ide-0.5.2\\out\\server\\src\\server.js:2371:4989)\n    at GF (c:\\Users\\LUZ RAMIREZ\\.vscode\\extensions\\uqbar.wollok-lsp-ide-0.5.2\\out\\server\\src\\server.js:2371:7383)\n    at L3.invoke (c:\\Users\\LUZ RAMIREZ\\.vscode\\extensions\\uqbar.wollok-lsp-ide-0.5.2\\out\\server\\src\\server.js:3:157326)\n    at o.fire (c:\\Users\\LUZ RAMIREZ\\.vscode\\extensions\\uqbar.wollok-lsp-ide-0.5.2\\out\\server\\src\\server.js:3:158096)\n    at c:\\Users\\LUZ RAMIREZ\\.vscode\\extensions\\uqbar.wollok-lsp-ide-0.5.2\\out\\server\\src\\server.js:37:57871\n    at Kr (c:\\Users\\LUZ RAMIREZ\\.vscode\\extensions\\uqbar.wollok-lsp-ide-0.5.2\\out\\server\\src\\server.js:8:1561)","timestamp":"2025-07-03T18:31:14.707Z"}
{"level":"info","message":"⌛ Validating mago.wlk","timeElapsed":359,"timestamp":"2025-07-03T18:31:15.074Z"}
{"level":"error","message":"✘ Failed to rebuild document Failed to parse mago.wlk: \n-- PARSING FAILED --------------------------------------------------\n\n  31 | }\n  32 | class colision\n> 33 | class Hechizo inherits CosaAnimada{\n     | ^\n  34 |   const property tipo\n  35 |   var property danio = tipo.danio()\n\nExpected one of the following: \n\n'inherits', '{', whitespace\n","stack":"Error: Failed to parse mago.wlk: \n-- PARSING FAILED --------------------------------------------------\n\n  31 | }\n  32 | class colision\n> 33 | class Hechizo inherits CosaAnimada{\n     | ^\n  34 |   const property tipo\n  35 |   var property danio = tipo.danio()\n\nExpected one of the following: \n\n'inherits', '{', whitespace\n\n    at c:\\Users\\LUZ RAMIREZ\\.vscode\\extensions\\uqbar.wollok-lsp-ide-0.5.2\\out\\server\\src\\server.js:2326:13026\n    at Array.map (<anonymous>)\n    at D1n (c:\\Users\\LUZ RAMIREZ\\.vscode\\extensions\\uqbar.wollok-lsp-ide-0.5.2\\out\\server\\src\\server.js:2326:12950)\n    at W2.buildEnvironmentFrom (c:\\Users\\LUZ RAMIREZ\\.vscode\\extensions\\uqbar.wollok-lsp-ide-0.5.2\\out\\server\\src\\server.js:2371:5254)\n    at W2.updateEnvironmentWith (c:\\Users\\LUZ RAMIREZ\\.vscode\\extensions\\uqbar.wollok-lsp-ide-0.5.2\\out\\server\\src\\server.js:2371:4989)\n    at GF (c:\\Users\\LUZ RAMIREZ\\.vscode\\extensions\\uqbar.wollok-lsp-ide-0.5.2\\out\\server\\src\\server.js:2371:7383)\n    at L3.invoke (c:\\Users\\LUZ RAMIREZ\\.vscode\\extensions\\uqbar.wollok-lsp-ide-0.5.2\\out\\server\\src\\server.js:3:157326)\n    at o.fire (c:\\Users\\LUZ RAMIREZ\\.vscode\\extensions\\uqbar.wollok-lsp-ide-0.5.2\\out\\server\\src\\server.js:3:158096)\n    at c:\\Users\\LUZ RAMIREZ\\.vscode\\extensions\\uqbar.wollok-lsp-ide-0.5.2\\out\\server\\src\\server.js:37:57871\n    at Kr (c:\\Users\\LUZ RAMIREZ\\.vscode\\extensions\\uqbar.wollok-lsp-ide-0.5.2\\out\\server\\src\\server.js:8:1561)","timestamp":"2025-07-03T18:31:15.126Z"}
{"level":"error","message":"✘ Failed to rebuild document Failed to parse mago.wlk: \n-- PARSING FAILED --------------------------------------------------\n\n  31 | }\n  32 | class colisionE\n> 33 | class Hechizo inherits CosaAnimada{\n     | ^\n  34 |   const property tipo\n  35 |   var property danio = tipo.danio()\n\nExpected one of the following: \n\n'inherits', '{', whitespace\n","stack":"Error: Failed to parse mago.wlk: \n-- PARSING FAILED --------------------------------------------------\n\n  31 | }\n  32 | class colisionE\n> 33 | class Hechizo inherits CosaAnimada{\n     | ^\n  34 |   const property tipo\n  35 |   var property danio = tipo.danio()\n\nExpected one of the following: \n\n'inherits', '{', whitespace\n\n    at c:\\Users\\LUZ RAMIREZ\\.vscode\\extensions\\uqbar.wollok-lsp-ide-0.5.2\\out\\server\\src\\server.js:2326:13026\n    at Array.map (<anonymous>)\n    at D1n (c:\\Users\\LUZ RAMIREZ\\.vscode\\extensions\\uqbar.wollok-lsp-ide-0.5.2\\out\\server\\src\\server.js:2326:12950)\n    at W2.buildEnvironmentFrom (c:\\Users\\LUZ RAMIREZ\\.vscode\\extensions\\uqbar.wollok-lsp-ide-0.5.2\\out\\server\\src\\server.js:2371:5254)\n    at W2.updateEnvironmentWith (c:\\Users\\LUZ RAMIREZ\\.vscode\\extensions\\uqbar.wollok-lsp-ide-0.5.2\\out\\server\\src\\server.js:2371:4989)\n    at GF (c:\\Users\\LUZ RAMIREZ\\.vscode\\extensions\\uqbar.wollok-lsp-ide-0.5.2\\out\\server\\src\\server.js:2371:7383)\n    at L3.invoke (c:\\Users\\LUZ RAMIREZ\\.vscode\\extensions\\uqbar.wollok-lsp-ide-0.5.2\\out\\server\\src\\server.js:3:157326)\n    at o.fire (c:\\Users\\LUZ RAMIREZ\\.vscode\\extensions\\uqbar.wollok-lsp-ide-0.5.2\\out\\server\\src\\server.js:3:158096)\n    at c:\\Users\\LUZ RAMIREZ\\.vscode\\extensions\\uqbar.wollok-lsp-ide-0.5.2\\out\\server\\src\\server.js:37:57871\n    at Kr (c:\\Users\\LUZ RAMIREZ\\.vscode\\extensions\\uqbar.wollok-lsp-ide-0.5.2\\out\\server\\src\\server.js:8:1561)","timestamp":"2025-07-03T18:31:15.198Z"}
{"level":"error","message":"✘ Failed to rebuild document Failed to parse mago.wlk: \n-- PARSING FAILED --------------------------------------------------\n\n  31 | }\n  32 | class colisionEx\n> 33 | class Hechizo inherits CosaAnimada{\n     | ^\n  34 |   const property tipo\n  35 |   var property danio = tipo.danio()\n\nExpected one of the following: \n\n'inherits', '{', whitespace\n","stack":"Error: Failed to parse mago.wlk: \n-- PARSING FAILED --------------------------------------------------\n\n  31 | }\n  32 | class colisionEx\n> 33 | class Hechizo inherits CosaAnimada{\n     | ^\n  34 |   const property tipo\n  35 |   var property danio = tipo.danio()\n\nExpected one of the following: \n\n'inherits', '{', whitespace\n\n    at c:\\Users\\LUZ RAMIREZ\\.vscode\\extensions\\uqbar.wollok-lsp-ide-0.5.2\\out\\server\\src\\server.js:2326:13026\n    at Array.map (<anonymous>)\n    at D1n (c:\\Users\\LUZ RAMIREZ\\.vscode\\extensions\\uqbar.wollok-lsp-ide-0.5.2\\out\\server\\src\\server.js:2326:12950)\n    at W2.buildEnvironmentFrom (c:\\Users\\LUZ RAMIREZ\\.vscode\\extensions\\uqbar.wollok-lsp-ide-0.5.2\\out\\server\\src\\server.js:2371:5254)\n    at W2.updateEnvironmentWith (c:\\Users\\LUZ RAMIREZ\\.vscode\\extensions\\uqbar.wollok-lsp-ide-0.5.2\\out\\server\\src\\server.js:2371:4989)\n    at GF (c:\\Users\\LUZ RAMIREZ\\.vscode\\extensions\\uqbar.wollok-lsp-ide-0.5.2\\out\\server\\src\\server.js:2371:7383)\n    at L3.invoke (c:\\Users\\LUZ RAMIREZ\\.vscode\\extensions\\uqbar.wollok-lsp-ide-0.5.2\\out\\server\\src\\server.js:3:157326)\n    at o.fire (c:\\Users\\LUZ RAMIREZ\\.vscode\\extensions\\uqbar.wollok-lsp-ide-0.5.2\\out\\server\\src\\server.js:3:158096)\n    at c:\\Users\\LUZ RAMIREZ\\.vscode\\extensions\\uqbar.wollok-lsp-ide-0.5.2\\out\\server\\src\\server.js:37:57871\n    at Kr (c:\\Users\\LUZ RAMIREZ\\.vscode\\extensions\\uqbar.wollok-lsp-ide-0.5.2\\out\\server\\src\\server.js:8:1561)","timestamp":"2025-07-03T18:31:15.239Z"}
{"level":"error","message":"✘ Failed to rebuild document Failed to parse mago.wlk: \n-- PARSING FAILED --------------------------------------------------\n\n  31 | }\n  32 | class colisionExt\n> 33 | class Hechizo inherits CosaAnimada{\n     | ^\n  34 |   const property tipo\n  35 |   var property danio = tipo.danio()\n\nExpected one of the following: \n\n'inherits', '{', whitespace\n","stack":"Error: Failed to parse mago.wlk: \n-- PARSING FAILED --------------------------------------------------\n\n  31 | }\n  32 | class colisionExt\n> 33 | class Hechizo inherits CosaAnimada{\n     | ^\n  34 |   const property tipo\n  35 |   var property danio = tipo.danio()\n\nExpected one of the following: \n\n'inherits', '{', whitespace\n\n    at c:\\Users\\LUZ RAMIREZ\\.vscode\\extensions\\uqbar.wollok-lsp-ide-0.5.2\\out\\server\\src\\server.js:2326:13026\n    at Array.map (<anonymous>)\n    at D1n (c:\\Users\\LUZ RAMIREZ\\.vscode\\extensions\\uqbar.wollok-lsp-ide-0.5.2\\out\\server\\src\\server.js:2326:12950)\n    at W2.buildEnvironmentFrom (c:\\Users\\LUZ RAMIREZ\\.vscode\\extensions\\uqbar.wollok-lsp-ide-0.5.2\\out\\server\\src\\server.js:2371:5254)\n    at W2.updateEnvironmentWith (c:\\Users\\LUZ RAMIREZ\\.vscode\\extensions\\uqbar.wollok-lsp-ide-0.5.2\\out\\server\\src\\server.js:2371:4989)\n    at GF (c:\\Users\\LUZ RAMIREZ\\.vscode\\extensions\\uqbar.wollok-lsp-ide-0.5.2\\out\\server\\src\\server.js:2371:7383)\n    at L3.invoke (c:\\Users\\LUZ RAMIREZ\\.vscode\\extensions\\uqbar.wollok-lsp-ide-0.5.2\\out\\server\\src\\server.js:3:157326)\n    at o.fire (c:\\Users\\LUZ RAMIREZ\\.vscode\\extensions\\uqbar.wollok-lsp-ide-0.5.2\\out\\server\\src\\server.js:3:158096)\n    at c:\\Users\\LUZ RAMIREZ\\.vscode\\extensions\\uqbar.wollok-lsp-ide-0.5.2\\out\\server\\src\\server.js:37:57871\n    at Kr (c:\\Users\\LUZ RAMIREZ\\.vscode\\extensions\\uqbar.wollok-lsp-ide-0.5.2\\out\\server\\src\\server.js:8:1561)","timestamp":"2025-07-03T18:31:15.282Z"}
{"level":"error","message":"✘ Failed to rebuild document Failed to parse mago.wlk: \n-- PARSING FAILED --------------------------------------------------\n\n  31 | }\n  32 | class colisionExtr\n> 33 | class Hechizo inherits CosaAnimada{\n     | ^\n  34 |   const property tipo\n  35 |   var property danio = tipo.danio()\n\nExpected one of the following: \n\n'inherits', '{', whitespace\n","stack":"Error: Failed to parse mago.wlk: \n-- PARSING FAILED --------------------------------------------------\n\n  31 | }\n  32 | class colisionExtr\n> 33 | class Hechizo inherits CosaAnimada{\n     | ^\n  34 |   const property tipo\n  35 |   var property danio = tipo.danio()\n\nExpected one of the following: \n\n'inherits', '{', whitespace\n\n    at c:\\Users\\LUZ RAMIREZ\\.vscode\\extensions\\uqbar.wollok-lsp-ide-0.5.2\\out\\server\\src\\server.js:2326:13026\n    at Array.map (<anonymous>)\n    at D1n (c:\\Users\\LUZ RAMIREZ\\.vscode\\extensions\\uqbar.wollok-lsp-ide-0.5.2\\out\\server\\src\\server.js:2326:12950)\n    at W2.buildEnvironmentFrom (c:\\Users\\LUZ RAMIREZ\\.vscode\\extensions\\uqbar.wollok-lsp-ide-0.5.2\\out\\server\\src\\server.js:2371:5254)\n    at W2.updateEnvironmentWith (c:\\Users\\LUZ RAMIREZ\\.vscode\\extensions\\uqbar.wollok-lsp-ide-0.5.2\\out\\server\\src\\server.js:2371:4989)\n    at GF (c:\\Users\\LUZ RAMIREZ\\.vscode\\extensions\\uqbar.wollok-lsp-ide-0.5.2\\out\\server\\src\\server.js:2371:7383)\n    at L3.invoke (c:\\Users\\LUZ RAMIREZ\\.vscode\\extensions\\uqbar.wollok-lsp-ide-0.5.2\\out\\server\\src\\server.js:3:157326)\n    at o.fire (c:\\Users\\LUZ RAMIREZ\\.vscode\\extensions\\uqbar.wollok-lsp-ide-0.5.2\\out\\server\\src\\server.js:3:158096)\n    at c:\\Users\\LUZ RAMIREZ\\.vscode\\extensions\\uqbar.wollok-lsp-ide-0.5.2\\out\\server\\src\\server.js:37:57871\n    at Kr (c:\\Users\\LUZ RAMIREZ\\.vscode\\extensions\\uqbar.wollok-lsp-ide-0.5.2\\out\\server\\src\\server.js:8:1561)","timestamp":"2025-07-03T18:31:15.419Z"}
{"level":"error","message":"✘ Failed to rebuild document Failed to parse mago.wlk: \n-- PARSING FAILED --------------------------------------------------\n\n  31 | }\n  32 | class colisionExtra\n> 33 | class Hechizo inherits CosaAnimada{\n     | ^\n  34 |   const property tipo\n  35 |   var property danio = tipo.danio()\n\nExpected one of the following: \n\n'inherits', '{', whitespace\n","stack":"Error: Failed to parse mago.wlk: \n-- PARSING FAILED --------------------------------------------------\n\n  31 | }\n  32 | class colisionExtra\n> 33 | class Hechizo inherits CosaAnimada{\n     | ^\n  34 |   const property tipo\n  35 |   var property danio = tipo.danio()\n\nExpected one of the following: \n\n'inherits', '{', whitespace\n\n    at c:\\Users\\LUZ RAMIREZ\\.vscode\\extensions\\uqbar.wollok-lsp-ide-0.5.2\\out\\server\\src\\server.js:2326:13026\n    at Array.map (<anonymous>)\n    at D1n (c:\\Users\\LUZ RAMIREZ\\.vscode\\extensions\\uqbar.wollok-lsp-ide-0.5.2\\out\\server\\src\\server.js:2326:12950)\n    at W2.buildEnvironmentFrom (c:\\Users\\LUZ RAMIREZ\\.vscode\\extensions\\uqbar.wollok-lsp-ide-0.5.2\\out\\server\\src\\server.js:2371:5254)\n    at W2.updateEnvironmentWith (c:\\Users\\LUZ RAMIREZ\\.vscode\\extensions\\uqbar.wollok-lsp-ide-0.5.2\\out\\server\\src\\server.js:2371:4989)\n    at GF (c:\\Users\\LUZ RAMIREZ\\.vscode\\extensions\\uqbar.wollok-lsp-ide-0.5.2\\out\\server\\src\\server.js:2371:7383)\n    at L3.invoke (c:\\Users\\LUZ RAMIREZ\\.vscode\\extensions\\uqbar.wollok-lsp-ide-0.5.2\\out\\server\\src\\server.js:3:157326)\n    at o.fire (c:\\Users\\LUZ RAMIREZ\\.vscode\\extensions\\uqbar.wollok-lsp-ide-0.5.2\\out\\server\\src\\server.js:3:158096)\n    at c:\\Users\\LUZ RAMIREZ\\.vscode\\extensions\\uqbar.wollok-lsp-ide-0.5.2\\out\\server\\src\\server.js:37:57871\n    at Kr (c:\\Users\\LUZ RAMIREZ\\.vscode\\extensions\\uqbar.wollok-lsp-ide-0.5.2\\out\\server\\src\\server.js:8:1561)","timestamp":"2025-07-03T18:31:15.457Z"}
{"level":"error","message":"✘ Failed to rebuild document Failed to parse mago.wlk: \n-- PARSING FAILED --------------------------------------------------\n\n  31 | }\n  32 | class colisionExtra \n> 33 | class Hechizo inherits CosaAnimada{\n     | ^\n  34 |   const property tipo\n  35 |   var property danio = tipo.danio()\n\nExpected one of the following: \n\n'inherits', '{', whitespace\n","stack":"Error: Failed to parse mago.wlk: \n-- PARSING FAILED --------------------------------------------------\n\n  31 | }\n  32 | class colisionExtra \n> 33 | class Hechizo inherits CosaAnimada{\n     | ^\n  34 |   const property tipo\n  35 |   var property danio = tipo.danio()\n\nExpected one of the following: \n\n'inherits', '{', whitespace\n\n    at c:\\Users\\LUZ RAMIREZ\\.vscode\\extensions\\uqbar.wollok-lsp-ide-0.5.2\\out\\server\\src\\server.js:2326:13026\n    at Array.map (<anonymous>)\n    at D1n (c:\\Users\\LUZ RAMIREZ\\.vscode\\extensions\\uqbar.wollok-lsp-ide-0.5.2\\out\\server\\src\\server.js:2326:12950)\n    at W2.buildEnvironmentFrom (c:\\Users\\LUZ RAMIREZ\\.vscode\\extensions\\uqbar.wollok-lsp-ide-0.5.2\\out\\server\\src\\server.js:2371:5254)\n    at W2.updateEnvironmentWith (c:\\Users\\LUZ RAMIREZ\\.vscode\\extensions\\uqbar.wollok-lsp-ide-0.5.2\\out\\server\\src\\server.js:2371:4989)\n    at GF (c:\\Users\\LUZ RAMIREZ\\.vscode\\extensions\\uqbar.wollok-lsp-ide-0.5.2\\out\\server\\src\\server.js:2371:7383)\n    at L3.invoke (c:\\Users\\LUZ RAMIREZ\\.vscode\\extensions\\uqbar.wollok-lsp-ide-0.5.2\\out\\server\\src\\server.js:3:157326)\n    at o.fire (c:\\Users\\LUZ RAMIREZ\\.vscode\\extensions\\uqbar.wollok-lsp-ide-0.5.2\\out\\server\\src\\server.js:3:158096)\n    at c:\\Users\\LUZ RAMIREZ\\.vscode\\extensions\\uqbar.wollok-lsp-ide-0.5.2\\out\\server\\src\\server.js:37:57871\n    at Kr (c:\\Users\\LUZ RAMIREZ\\.vscode\\extensions\\uqbar.wollok-lsp-ide-0.5.2\\out\\server\\src\\server.js:8:1561)","timestamp":"2025-07-03T18:31:15.500Z"}
{"level":"error","message":"✘ Failed to rebuild document Failed to parse mago.wlk: \n-- PARSING FAILED --------------------------------------------------\n\n  31 | }\n  32 | class colisionExtra\n> 33 | class Hechizo inherits CosaAnimada{\n     | ^\n  34 |   const property tipo\n  35 |   var property danio = tipo.danio()\n\nExpected one of the following: \n\n'inherits', '{', whitespace\n","stack":"Error: Failed to parse mago.wlk: \n-- PARSING FAILED --------------------------------------------------\n\n  31 | }\n  32 | class colisionExtra\n> 33 | class Hechizo inherits CosaAnimada{\n     | ^\n  34 |   const property tipo\n  35 |   var property danio = tipo.danio()\n\nExpected one of the following: \n\n'inherits', '{', whitespace\n\n    at c:\\Users\\LUZ RAMIREZ\\.vscode\\extensions\\uqbar.wollok-lsp-ide-0.5.2\\out\\server\\src\\server.js:2326:13026\n    at Array.map (<anonymous>)\n    at D1n (c:\\Users\\LUZ RAMIREZ\\.vscode\\extensions\\uqbar.wollok-lsp-ide-0.5.2\\out\\server\\src\\server.js:2326:12950)\n    at W2.buildEnvironmentFrom (c:\\Users\\LUZ RAMIREZ\\.vscode\\extensions\\uqbar.wollok-lsp-ide-0.5.2\\out\\server\\src\\server.js:2371:5254)\n    at W2.updateEnvironmentWith (c:\\Users\\LUZ RAMIREZ\\.vscode\\extensions\\uqbar.wollok-lsp-ide-0.5.2\\out\\server\\src\\server.js:2371:4989)\n    at GF (c:\\Users\\LUZ RAMIREZ\\.vscode\\extensions\\uqbar.wollok-lsp-ide-0.5.2\\out\\server\\src\\server.js:2371:7383)\n    at L3.invoke (c:\\Users\\LUZ RAMIREZ\\.vscode\\extensions\\uqbar.wollok-lsp-ide-0.5.2\\out\\server\\src\\server.js:3:157326)\n    at o.fire (c:\\Users\\LUZ RAMIREZ\\.vscode\\extensions\\uqbar.wollok-lsp-ide-0.5.2\\out\\server\\src\\server.js:3:158096)\n    at c:\\Users\\LUZ RAMIREZ\\.vscode\\extensions\\uqbar.wollok-lsp-ide-0.5.2\\out\\server\\src\\server.js:37:57871\n    at Kr (c:\\Users\\LUZ RAMIREZ\\.vscode\\extensions\\uqbar.wollok-lsp-ide-0.5.2\\out\\server\\src\\server.js:8:1561)","timestamp":"2025-07-03T18:31:15.723Z"}
{"level":"error","message":"✘ Failed to rebuild document Failed to parse mago.wlk: \n-- PARSING FAILED --------------------------------------------------\n\n  30 |   }\n  31 | }\n> 32 | class colisionExtra()\n     |                    ^\n  33 | class Hechizo inherits CosaAnimada{\n  34 |   const property tipo\n\nExpected one of the following: \n\n'inherits', '{', whitespace\n","stack":"Error: Failed to parse mago.wlk: \n-- PARSING FAILED --------------------------------------------------\n\n  30 |   }\n  31 | }\n> 32 | class colisionExtra()\n     |                    ^\n  33 | class Hechizo inherits CosaAnimada{\n  34 |   const property tipo\n\nExpected one of the following: \n\n'inherits', '{', whitespace\n\n    at c:\\Users\\LUZ RAMIREZ\\.vscode\\extensions\\uqbar.wollok-lsp-ide-0.5.2\\out\\server\\src\\server.js:2326:13026\n    at Array.map (<anonymous>)\n    at D1n (c:\\Users\\LUZ RAMIREZ\\.vscode\\extensions\\uqbar.wollok-lsp-ide-0.5.2\\out\\server\\src\\server.js:2326:12950)\n    at W2.buildEnvironmentFrom (c:\\Users\\LUZ RAMIREZ\\.vscode\\extensions\\uqbar.wollok-lsp-ide-0.5.2\\out\\server\\src\\server.js:2371:5254)\n    at W2.updateEnvironmentWith (c:\\Users\\LUZ RAMIREZ\\.vscode\\extensions\\uqbar.wollok-lsp-ide-0.5.2\\out\\server\\src\\server.js:2371:4989)\n    at GF (c:\\Users\\LUZ RAMIREZ\\.vscode\\extensions\\uqbar.wollok-lsp-ide-0.5.2\\out\\server\\src\\server.js:2371:7383)\n    at L3.invoke (c:\\Users\\LUZ RAMIREZ\\.vscode\\extensions\\uqbar.wollok-lsp-ide-0.5.2\\out\\server\\src\\server.js:3:157326)\n    at o.fire (c:\\Users\\LUZ RAMIREZ\\.vscode\\extensions\\uqbar.wollok-lsp-ide-0.5.2\\out\\server\\src\\server.js:3:158096)\n    at c:\\Users\\LUZ RAMIREZ\\.vscode\\extensions\\uqbar.wollok-lsp-ide-0.5.2\\out\\server\\src\\server.js:37:57871\n    at Kr (c:\\Users\\LUZ RAMIREZ\\.vscode\\extensions\\uqbar.wollok-lsp-ide-0.5.2\\out\\server\\src\\server.js:8:1561)","timestamp":"2025-07-03T18:31:15.945Z"}
{"level":"error","message":"✘ Failed to rebuild document Failed to parse mago.wlk: \n-- PARSING FAILED --------------------------------------------------\n\n  31 | }\n  32 | class colisionExtra\n> 33 | class Hechizo inherits CosaAnimada{\n     | ^\n  34 |   const property tipo\n  35 |   var property danio = tipo.danio()\n\nExpected one of the following: \n\n'inherits', '{', whitespace\n","stack":"Error: Failed to parse mago.wlk: \n-- PARSING FAILED --------------------------------------------------\n\n  31 | }\n  32 | class colisionExtra\n> 33 | class Hechizo inherits CosaAnimada{\n     | ^\n  34 |   const property tipo\n  35 |   var property danio = tipo.danio()\n\nExpected one of the following: \n\n'inherits', '{', whitespace\n\n    at c:\\Users\\LUZ RAMIREZ\\.vscode\\extensions\\uqbar.wollok-lsp-ide-0.5.2\\out\\server\\src\\server.js:2326:13026\n    at Array.map (<anonymous>)\n    at D1n (c:\\Users\\LUZ RAMIREZ\\.vscode\\extensions\\uqbar.wollok-lsp-ide-0.5.2\\out\\server\\src\\server.js:2326:12950)\n    at W2.buildEnvironmentFrom (c:\\Users\\LUZ RAMIREZ\\.vscode\\extensions\\uqbar.wollok-lsp-ide-0.5.2\\out\\server\\src\\server.js:2371:5254)\n    at W2.updateEnvironmentWith (c:\\Users\\LUZ RAMIREZ\\.vscode\\extensions\\uqbar.wollok-lsp-ide-0.5.2\\out\\server\\src\\server.js:2371:4989)\n    at GF (c:\\Users\\LUZ RAMIREZ\\.vscode\\extensions\\uqbar.wollok-lsp-ide-0.5.2\\out\\server\\src\\server.js:2371:7383)\n    at L3.invoke (c:\\Users\\LUZ RAMIREZ\\.vscode\\extensions\\uqbar.wollok-lsp-ide-0.5.2\\out\\server\\src\\server.js:3:157326)\n    at o.fire (c:\\Users\\LUZ RAMIREZ\\.vscode\\extensions\\uqbar.wollok-lsp-ide-0.5.2\\out\\server\\src\\server.js:3:158096)\n    at c:\\Users\\LUZ RAMIREZ\\.vscode\\extensions\\uqbar.wollok-lsp-ide-0.5.2\\out\\server\\src\\server.js:37:57871\n    at Kr (c:\\Users\\LUZ RAMIREZ\\.vscode\\extensions\\uqbar.wollok-lsp-ide-0.5.2\\out\\server\\src\\server.js:8:1561)","timestamp":"2025-07-03T18:31:18.050Z"}
{"level":"error","message":"✘ Failed to rebuild document Failed to parse mago.wlk: \n-- PARSING FAILED --------------------------------------------------\n\n  31 | }\n  32 | class colisionExtra \n> 33 | class Hechizo inherits CosaAnimada{\n     | ^\n  34 |   const property tipo\n  35 |   var property danio = tipo.danio()\n\nExpected one of the following: \n\n'inherits', '{', whitespace\n","stack":"Error: Failed to parse mago.wlk: \n-- PARSING FAILED --------------------------------------------------\n\n  31 | }\n  32 | class colisionExtra \n> 33 | class Hechizo inherits CosaAnimada{\n     | ^\n  34 |   const property tipo\n  35 |   var property danio = tipo.danio()\n\nExpected one of the following: \n\n'inherits', '{', whitespace\n\n    at c:\\Users\\LUZ RAMIREZ\\.vscode\\extensions\\uqbar.wollok-lsp-ide-0.5.2\\out\\server\\src\\server.js:2326:13026\n    at Array.map (<anonymous>)\n    at D1n (c:\\Users\\LUZ RAMIREZ\\.vscode\\extensions\\uqbar.wollok-lsp-ide-0.5.2\\out\\server\\src\\server.js:2326:12950)\n    at W2.buildEnvironmentFrom (c:\\Users\\LUZ RAMIREZ\\.vscode\\extensions\\uqbar.wollok-lsp-ide-0.5.2\\out\\server\\src\\server.js:2371:5254)\n    at W2.updateEnvironmentWith (c:\\Users\\LUZ RAMIREZ\\.vscode\\extensions\\uqbar.wollok-lsp-ide-0.5.2\\out\\server\\src\\server.js:2371:4989)\n    at GF (c:\\Users\\LUZ RAMIREZ\\.vscode\\extensions\\uqbar.wollok-lsp-ide-0.5.2\\out\\server\\src\\server.js:2371:7383)\n    at L3.invoke (c:\\Users\\LUZ RAMIREZ\\.vscode\\extensions\\uqbar.wollok-lsp-ide-0.5.2\\out\\server\\src\\server.js:3:157326)\n    at o.fire (c:\\Users\\LUZ RAMIREZ\\.vscode\\extensions\\uqbar.wollok-lsp-ide-0.5.2\\out\\server\\src\\server.js:3:158096)\n    at c:\\Users\\LUZ RAMIREZ\\.vscode\\extensions\\uqbar.wollok-lsp-ide-0.5.2\\out\\server\\src\\server.js:37:57871\n    at Kr (c:\\Users\\LUZ RAMIREZ\\.vscode\\extensions\\uqbar.wollok-lsp-ide-0.5.2\\out\\server\\src\\server.js:8:1561)","timestamp":"2025-07-03T18:31:18.352Z"}
{"level":"error","message":"✘ Failed to rebuild document Failed to parse mago.wlk: \n-- PARSING FAILED --------------------------------------------------\n\n  31 | }\n  32 | class colisionExtra\n> 33 | class Hechizo inherits CosaAnimada{\n     | ^\n  34 |   const property tipo\n  35 |   var property danio = tipo.danio()\n\nExpected one of the following: \n\n'inherits', '{', whitespace\n","stack":"Error: Failed to parse mago.wlk: \n-- PARSING FAILED --------------------------------------------------\n\n  31 | }\n  32 | class colisionExtra\n> 33 | class Hechizo inherits CosaAnimada{\n     | ^\n  34 |   const property tipo\n  35 |   var property danio = tipo.danio()\n\nExpected one of the following: \n\n'inherits', '{', whitespace\n\n    at c:\\Users\\LUZ RAMIREZ\\.vscode\\extensions\\uqbar.wollok-lsp-ide-0.5.2\\out\\server\\src\\server.js:2326:13026\n    at Array.map (<anonymous>)\n    at D1n (c:\\Users\\LUZ RAMIREZ\\.vscode\\extensions\\uqbar.wollok-lsp-ide-0.5.2\\out\\server\\src\\server.js:2326:12950)\n    at W2.buildEnvironmentFrom (c:\\Users\\LUZ RAMIREZ\\.vscode\\extensions\\uqbar.wollok-lsp-ide-0.5.2\\out\\server\\src\\server.js:2371:5254)\n    at W2.updateEnvironmentWith (c:\\Users\\LUZ RAMIREZ\\.vscode\\extensions\\uqbar.wollok-lsp-ide-0.5.2\\out\\server\\src\\server.js:2371:4989)\n    at GF (c:\\Users\\LUZ RAMIREZ\\.vscode\\extensions\\uqbar.wollok-lsp-ide-0.5.2\\out\\server\\src\\server.js:2371:7383)\n    at L3.invoke (c:\\Users\\LUZ RAMIREZ\\.vscode\\extensions\\uqbar.wollok-lsp-ide-0.5.2\\out\\server\\src\\server.js:3:157326)\n    at o.fire (c:\\Users\\LUZ RAMIREZ\\.vscode\\extensions\\uqbar.wollok-lsp-ide-0.5.2\\out\\server\\src\\server.js:3:158096)\n    at c:\\Users\\LUZ RAMIREZ\\.vscode\\extensions\\uqbar.wollok-lsp-ide-0.5.2\\out\\server\\src\\server.js:37:57871\n    at Kr (c:\\Users\\LUZ RAMIREZ\\.vscode\\extensions\\uqbar.wollok-lsp-ide-0.5.2\\out\\server\\src\\server.js:8:1561)","timestamp":"2025-07-03T18:31:18.564Z"}
{"level":"error","message":"✘ Failed to rebuild document Failed to parse mago.wlk: \n-- PARSING FAILED --------------------------------------------------\n\n  30 |   }\n  31 | }\n> 32 | class colisionExtra:\n     |                    ^\n  33 | class Hechizo inherits CosaAnimada{\n  34 |   const property tipo\n\nExpected one of the following: \n\n'inherits', '{', whitespace\n","stack":"Error: Failed to parse mago.wlk: \n-- PARSING FAILED --------------------------------------------------\n\n  30 |   }\n  31 | }\n> 32 | class colisionExtra:\n     |                    ^\n  33 | class Hechizo inherits CosaAnimada{\n  34 |   const property tipo\n\nExpected one of the following: \n\n'inherits', '{', whitespace\n\n    at c:\\Users\\LUZ RAMIREZ\\.vscode\\extensions\\uqbar.wollok-lsp-ide-0.5.2\\out\\server\\src\\server.js:2326:13026\n    at Array.map (<anonymous>)\n    at D1n (c:\\Users\\LUZ RAMIREZ\\.vscode\\extensions\\uqbar.wollok-lsp-ide-0.5.2\\out\\server\\src\\server.js:2326:12950)\n    at W2.buildEnvironmentFrom (c:\\Users\\LUZ RAMIREZ\\.vscode\\extensions\\uqbar.wollok-lsp-ide-0.5.2\\out\\server\\src\\server.js:2371:5254)\n    at W2.updateEnvironmentWith (c:\\Users\\LUZ RAMIREZ\\.vscode\\extensions\\uqbar.wollok-lsp-ide-0.5.2\\out\\server\\src\\server.js:2371:4989)\n    at GF (c:\\Users\\LUZ RAMIREZ\\.vscode\\extensions\\uqbar.wollok-lsp-ide-0.5.2\\out\\server\\src\\server.js:2371:7383)\n    at L3.invoke (c:\\Users\\LUZ RAMIREZ\\.vscode\\extensions\\uqbar.wollok-lsp-ide-0.5.2\\out\\server\\src\\server.js:3:157326)\n    at o.fire (c:\\Users\\LUZ RAMIREZ\\.vscode\\extensions\\uqbar.wollok-lsp-ide-0.5.2\\out\\server\\src\\server.js:3:158096)\n    at c:\\Users\\LUZ RAMIREZ\\.vscode\\extensions\\uqbar.wollok-lsp-ide-0.5.2\\out\\server\\src\\server.js:37:57871\n    at Kr (c:\\Users\\LUZ RAMIREZ\\.vscode\\extensions\\uqbar.wollok-lsp-ide-0.5.2\\out\\server\\src\\server.js:8:1561)","timestamp":"2025-07-03T18:31:18.972Z"}
{"level":"error","message":"✘ Failed to rebuild document Failed to parse mago.wlk: \n-- PARSING FAILED --------------------------------------------------\n\n  31 | }\n  32 | class colisionExtra\n> 33 | class Hechizo inherits CosaAnimada{\n     | ^\n  34 |   const property tipo\n  35 |   var property danio = tipo.danio()\n\nExpected one of the following: \n\n'inherits', '{', whitespace\n","stack":"Error: Failed to parse mago.wlk: \n-- PARSING FAILED --------------------------------------------------\n\n  31 | }\n  32 | class colisionExtra\n> 33 | class Hechizo inherits CosaAnimada{\n     | ^\n  34 |   const property tipo\n  35 |   var property danio = tipo.danio()\n\nExpected one of the following: \n\n'inherits', '{', whitespace\n\n    at c:\\Users\\LUZ RAMIREZ\\.vscode\\extensions\\uqbar.wollok-lsp-ide-0.5.2\\out\\server\\src\\server.js:2326:13026\n    at Array.map (<anonymous>)\n    at D1n (c:\\Users\\LUZ RAMIREZ\\.vscode\\extensions\\uqbar.wollok-lsp-ide-0.5.2\\out\\server\\src\\server.js:2326:12950)\n    at W2.buildEnvironmentFrom (c:\\Users\\LUZ RAMIREZ\\.vscode\\extensions\\uqbar.wollok-lsp-ide-0.5.2\\out\\server\\src\\server.js:2371:5254)\n    at W2.updateEnvironmentWith (c:\\Users\\LUZ RAMIREZ\\.vscode\\extensions\\uqbar.wollok-lsp-ide-0.5.2\\out\\server\\src\\server.js:2371:4989)\n    at GF (c:\\Users\\LUZ RAMIREZ\\.vscode\\extensions\\uqbar.wollok-lsp-ide-0.5.2\\out\\server\\src\\server.js:2371:7383)\n    at L3.invoke (c:\\Users\\LUZ RAMIREZ\\.vscode\\extensions\\uqbar.wollok-lsp-ide-0.5.2\\out\\server\\src\\server.js:3:157326)\n    at o.fire (c:\\Users\\LUZ RAMIREZ\\.vscode\\extensions\\uqbar.wollok-lsp-ide-0.5.2\\out\\server\\src\\server.js:3:158096)\n    at c:\\Users\\LUZ RAMIREZ\\.vscode\\extensions\\uqbar.wollok-lsp-ide-0.5.2\\out\\server\\src\\server.js:37:57871\n    at Kr (c:\\Users\\LUZ RAMIREZ\\.vscode\\extensions\\uqbar.wollok-lsp-ide-0.5.2\\out\\server\\src\\server.js:8:1561)","timestamp":"2025-07-03T18:31:19.395Z"}
{"level":"error","message":"✘ Failed to rebuild document Failed to parse mago.wlk: \n-- PARSING FAILED --------------------------------------------------\n\n  31 | }\n  32 | class colisionExtr\n> 33 | class Hechizo inherits CosaAnimada{\n     | ^\n  34 |   const property tipo\n  35 |   var property danio = tipo.danio()\n\nExpected one of the following: \n\n'inherits', '{', whitespace\n","stack":"Error: Failed to parse mago.wlk: \n-- PARSING FAILED --------------------------------------------------\n\n  31 | }\n  32 | class colisionExtr\n> 33 | class Hechizo inherits CosaAnimada{\n     | ^\n  34 |   const property tipo\n  35 |   var property danio = tipo.danio()\n\nExpected one of the following: \n\n'inherits', '{', whitespace\n\n    at c:\\Users\\LUZ RAMIREZ\\.vscode\\extensions\\uqbar.wollok-lsp-ide-0.5.2\\out\\server\\src\\server.js:2326:13026\n    at Array.map (<anonymous>)\n    at D1n (c:\\Users\\LUZ RAMIREZ\\.vscode\\extensions\\uqbar.wollok-lsp-ide-0.5.2\\out\\server\\src\\server.js:2326:12950)\n    at W2.buildEnvironmentFrom (c:\\Users\\LUZ RAMIREZ\\.vscode\\extensions\\uqbar.wollok-lsp-ide-0.5.2\\out\\server\\src\\server.js:2371:5254)\n    at W2.updateEnvironmentWith (c:\\Users\\LUZ RAMIREZ\\.vscode\\extensions\\uqbar.wollok-lsp-ide-0.5.2\\out\\server\\src\\server.js:2371:4989)\n    at GF (c:\\Users\\LUZ RAMIREZ\\.vscode\\extensions\\uqbar.wollok-lsp-ide-0.5.2\\out\\server\\src\\server.js:2371:7383)\n    at L3.invoke (c:\\Users\\LUZ RAMIREZ\\.vscode\\extensions\\uqbar.wollok-lsp-ide-0.5.2\\out\\server\\src\\server.js:3:157326)\n    at o.fire (c:\\Users\\LUZ RAMIREZ\\.vscode\\extensions\\uqbar.wollok-lsp-ide-0.5.2\\out\\server\\src\\server.js:3:158096)\n    at c:\\Users\\LUZ RAMIREZ\\.vscode\\extensions\\uqbar.wollok-lsp-ide-0.5.2\\out\\server\\src\\server.js:37:57871\n    at Kr (c:\\Users\\LUZ RAMIREZ\\.vscode\\extensions\\uqbar.wollok-lsp-ide-0.5.2\\out\\server\\src\\server.js:8:1561)","timestamp":"2025-07-03T18:31:20.781Z"}
{"level":"error","message":"✘ Failed to rebuild document Failed to parse mago.wlk: \n-- PARSING FAILED --------------------------------------------------\n\n  31 | }\n  32 | class colisionExtra\n> 33 | class Hechizo inherits CosaAnimada{\n     | ^\n  34 |   const property tipo\n  35 |   var property danio = tipo.danio()\n\nExpected one of the following: \n\n'inherits', '{', whitespace\n","stack":"Error: Failed to parse mago.wlk: \n-- PARSING FAILED --------------------------------------------------\n\n  31 | }\n  32 | class colisionExtra\n> 33 | class Hechizo inherits CosaAnimada{\n     | ^\n  34 |   const property tipo\n  35 |   var property danio = tipo.danio()\n\nExpected one of the following: \n\n'inherits', '{', whitespace\n\n    at c:\\Users\\LUZ RAMIREZ\\.vscode\\extensions\\uqbar.wollok-lsp-ide-0.5.2\\out\\server\\src\\server.js:2326:13026\n    at Array.map (<anonymous>)\n    at D1n (c:\\Users\\LUZ RAMIREZ\\.vscode\\extensions\\uqbar.wollok-lsp-ide-0.5.2\\out\\server\\src\\server.js:2326:12950)\n    at W2.buildEnvironmentFrom (c:\\Users\\LUZ RAMIREZ\\.vscode\\extensions\\uqbar.wollok-lsp-ide-0.5.2\\out\\server\\src\\server.js:2371:5254)\n    at W2.updateEnvironmentWith (c:\\Users\\LUZ RAMIREZ\\.vscode\\extensions\\uqbar.wollok-lsp-ide-0.5.2\\out\\server\\src\\server.js:2371:4989)\n    at GF (c:\\Users\\LUZ RAMIREZ\\.vscode\\extensions\\uqbar.wollok-lsp-ide-0.5.2\\out\\server\\src\\server.js:2371:7383)\n    at L3.invoke (c:\\Users\\LUZ RAMIREZ\\.vscode\\extensions\\uqbar.wollok-lsp-ide-0.5.2\\out\\server\\src\\server.js:3:157326)\n    at o.fire (c:\\Users\\LUZ RAMIREZ\\.vscode\\extensions\\uqbar.wollok-lsp-ide-0.5.2\\out\\server\\src\\server.js:3:158096)\n    at c:\\Users\\LUZ RAMIREZ\\.vscode\\extensions\\uqbar.wollok-lsp-ide-0.5.2\\out\\server\\src\\server.js:37:57871\n    at Kr (c:\\Users\\LUZ RAMIREZ\\.vscode\\extensions\\uqbar.wollok-lsp-ide-0.5.2\\out\\server\\src\\server.js:8:1561)","timestamp":"2025-07-03T18:31:21.682Z"}
{"level":"info","message":"⌛ Building environment","timeElapsed":407,"timestamp":"2025-07-03T18:31:25.736Z"}
{"level":"info","message":"⌛ Building environment","timeElapsed":358,"timestamp":"2025-07-03T18:31:26.096Z"}
{"level":"info","message":"⌛ Validating mago.wlk","timeElapsed":381,"timestamp":"2025-07-03T18:31:26.479Z"}
{"level":"info","message":"⌛ Validating mago.wlk","timeElapsed":394,"timestamp":"2025-07-03T18:31:26.930Z"}
{"level":"info","message":"⌛ Building environment","timeElapsed":371,"timestamp":"2025-07-03T18:31:27.339Z"}
{"level":"info","message":"⌛ Validating mago.wlk","timeElapsed":363,"timestamp":"2025-07-03T18:31:27.728Z"}
{"level":"info","message":"⌛ Building environment","timeElapsed":672,"timestamp":"2025-07-03T18:31:28.682Z"}
{"level":"info","message":"⌛ Validating mago.wlk","timeElapsed":403,"timestamp":"2025-07-03T18:31:29.169Z"}
{"level":"info","message":"⌛ Building environment","timeElapsed":339,"timestamp":"2025-07-03T18:31:29.511Z"}
{"level":"info","message":"⌛ Validating mago.wlk","timeElapsed":360,"timestamp":"2025-07-03T18:31:29.890Z"}
{"level":"info","message":"⌛ Building environment","timeElapsed":385,"timestamp":"2025-07-03T18:31:39.030Z"}
{"level":"info","message":"⌛ Autocomplete - Class","timeElapsed":167,"timestamp":"2025-07-03T18:31:39.307Z"}
{"level":"info","message":"⌛ Building environment","timeElapsed":500,"timestamp":"2025-07-03T18:31:39.819Z"}
{"level":"info","message":"⌛ Building environment","timeElapsed":345,"timestamp":"2025-07-03T18:31:40.165Z"}
{"level":"info","message":"⌛ Validating mago.wlk","timeElapsed":481,"timestamp":"2025-07-03T18:31:40.647Z"}
{"level":"info","message":"⌛ Building environment","timeElapsed":384,"timestamp":"2025-07-03T18:31:41.033Z"}
{"level":"info","message":"⌛ Building environment","timeElapsed":302,"timestamp":"2025-07-03T18:31:41.337Z"}
{"level":"info","message":"⌛ Building environment","timeElapsed":304,"timestamp":"2025-07-03T18:31:41.686Z"}
{"level":"info","message":"⌛ Building environment","timeElapsed":406,"timestamp":"2025-07-03T18:31:42.099Z"}
{"level":"info","message":"⌛ Validating mago.wlk","timeElapsed":392,"timestamp":"2025-07-03T18:31:42.527Z"}
{"level":"info","message":"⌛ Validating mago.wlk","timeElapsed":340,"timestamp":"2025-07-03T18:31:42.873Z"}
{"level":"info","message":"⌛ Building environment","timeElapsed":356,"timestamp":"2025-07-03T18:31:43.232Z"}
{"level":"info","message":"⌛ Validating mago.wlk","timeElapsed":378,"timestamp":"2025-07-03T18:31:43.948Z"}
{"level":"info","message":"⌛ Validating mago.wlk","timeElapsed":365,"timestamp":"2025-07-03T18:31:44.314Z"}
{"level":"info","message":"⌛ Validating mago.wlk","timeElapsed":329,"timestamp":"2025-07-03T18:31:44.646Z"}
{"level":"info","message":"⌛ Building environment","timeElapsed":385,"timestamp":"2025-07-03T18:31:45.034Z"}
{"level":"info","message":"⌛ Validating mago.wlk","timeElapsed":392,"timestamp":"2025-07-03T18:31:45.428Z"}
{"level":"info","message":"⌛ Building environment","timeElapsed":446,"timestamp":"2025-07-03T18:31:45.966Z"}
{"level":"info","message":"⌛ Autocomplete - Class","timeElapsed":140,"timestamp":"2025-07-03T18:31:46.108Z"}
{"level":"info","message":"⌛ Validating mago.wlk","timeElapsed":715,"timestamp":"2025-07-03T18:31:46.824Z"}
{"level":"info","message":"⌛ Validating mago.wlk","timeElapsed":318,"timestamp":"2025-07-03T18:31:47.211Z"}
{"level":"info","message":"⌛ Building environment","timeElapsed":304,"timestamp":"2025-07-03T18:31:47.535Z"}
{"level":"info","message":"⌛ Building environment","timeElapsed":302,"timestamp":"2025-07-03T18:31:47.842Z"}
{"level":"info","message":"⌛ Building environment","timeElapsed":421,"timestamp":"2025-07-03T18:31:48.264Z"}
{"level":"info","message":"⌛ Building environment","timeElapsed":296,"timestamp":"2025-07-03T18:31:48.562Z"}
{"level":"info","message":"⌛ Building environment","timeElapsed":298,"timestamp":"2025-07-03T18:31:48.864Z"}
{"level":"info","message":"⌛ Validating mago.wlk","timeElapsed":371,"timestamp":"2025-07-03T18:31:49.241Z"}
{"level":"info","message":"⌛ Building environment","timeElapsed":301,"timestamp":"2025-07-03T18:31:49.561Z"}
{"level":"info","message":"⌛ Building environment","timeElapsed":662,"timestamp":"2025-07-03T18:31:50.230Z"}
{"level":"info","message":"⌛ Building environment","timeElapsed":289,"timestamp":"2025-07-03T18:31:50.612Z"}
{"level":"info","message":"⌛ Building environment","timeElapsed":303,"timestamp":"2025-07-03T18:31:50.966Z"}
{"level":"info","message":"⌛ Validating mago.wlk","timeElapsed":384,"timestamp":"2025-07-03T18:31:51.452Z"}
{"level":"info","message":"⌛ Validating mago.wlk","timeElapsed":393,"timestamp":"2025-07-03T18:31:51.864Z"}
{"level":"info","message":"⌛ Validating mago.wlk","timeElapsed":415,"timestamp":"2025-07-03T18:31:52.281Z"}
{"level":"info","message":"⌛ Validating mago.wlk","timeElapsed":471,"timestamp":"2025-07-03T18:31:52.753Z"}
{"level":"info","message":"⌛ Validating mago.wlk","timeElapsed":365,"timestamp":"2025-07-03T18:31:53.119Z"}
{"level":"info","message":"⌛ Validating mago.wlk","timeElapsed":381,"timestamp":"2025-07-03T18:31:53.532Z"}
{"level":"info","message":"⌛ Validating mago.wlk","timeElapsed":410,"timestamp":"2025-07-03T18:31:53.945Z"}
{"level":"info","message":"⌛ Validating mago.wlk","timeElapsed":348,"timestamp":"2025-07-03T18:31:54.295Z"}
{"level":"info","message":"⌛ Validating mago.wlk","timeElapsed":330,"timestamp":"2025-07-03T18:31:54.631Z"}
{"level":"info","message":"⌛ Building environment","timeElapsed":377,"timestamp":"2025-07-03T18:31:55.013Z"}
{"level":"info","message":"⌛ Building environment","timeElapsed":349,"timestamp":"2025-07-03T18:31:55.364Z"}
{"level":"info","message":"⌛ Building environment","timeElapsed":319,"timestamp":"2025-07-03T18:31:55.686Z"}
{"level":"info","message":"⌛ Building environment","timeElapsed":435,"timestamp":"2025-07-03T18:31:56.194Z"}
{"level":"info","message":"⌛ Building environment","timeElapsed":388,"timestamp":"2025-07-03T18:31:56.587Z"}
{"level":"info","message":"⌛ Building environment","timeElapsed":339,"timestamp":"2025-07-03T18:31:56.932Z"}
{"level":"info","message":"⌛ Building environment","timeElapsed":674,"timestamp":"2025-07-03T18:31:57.663Z"}
{"level":"info","message":"⌛ Building environment","timeElapsed":459,"timestamp":"2025-07-03T18:31:58.203Z"}
{"level":"info","message":"⌛ Building environment","timeElapsed":355,"timestamp":"2025-07-03T18:31:58.583Z"}
{"level":"info","message":"⌛ Building environment","timeElapsed":336,"timestamp":"2025-07-03T18:31:59.125Z"}
{"level":"info","message":"⌛ Building environment","timeElapsed":306,"timestamp":"2025-07-03T18:31:59.434Z"}
{"level":"info","message":"⌛ Validating mago.wlk","timeElapsed":384,"timestamp":"2025-07-03T18:31:59.901Z"}
{"level":"info","message":"⌛ Validating mago.wlk","timeElapsed":456,"timestamp":"2025-07-03T18:32:00.392Z"}
{"level":"info","message":"⌛ Building environment","timeElapsed":590,"timestamp":"2025-07-03T18:32:00.984Z"}
{"level":"info","message":"⌛ Validating mago.wlk","timeElapsed":465,"timestamp":"2025-07-03T18:32:01.451Z"}
{"level":"info","message":"⌛ Validating mago.wlk","timeElapsed":380,"timestamp":"2025-07-03T18:32:01.859Z"}
{"level":"info","message":"⌛ Validating mago.wlk","timeElapsed":503,"timestamp":"2025-07-03T18:32:02.363Z"}
{"level":"info","message":"⌛ Validating mago.wlk","timeElapsed":432,"timestamp":"2025-07-03T18:32:02.802Z"}
{"level":"info","message":"⌛ Building environment","timeElapsed":544,"timestamp":"2025-07-03T18:32:03.364Z"}
{"level":"info","message":"⌛ Validating mago.wlk","timeElapsed":445,"timestamp":"2025-07-03T18:32:03.889Z"}
{"level":"info","message":"⌛ Building environment","timeElapsed":418,"timestamp":"2025-07-03T18:32:04.366Z"}
{"level":"info","message":"⌛ Building environment","timeElapsed":330,"timestamp":"2025-07-03T18:32:04.700Z"}
{"level":"info","message":"⌛ Building environment","timeElapsed":372,"timestamp":"2025-07-03T18:32:05.180Z"}
{"level":"info","message":"⌛ Validating mago.wlk","timeElapsed":737,"timestamp":"2025-07-03T18:32:05.976Z"}
{"level":"info","message":"⌛ Building environment","timeElapsed":764,"timestamp":"2025-07-03T18:32:06.744Z"}
{"level":"info","message":"⌛ Validating mago.wlk","timeElapsed":513,"timestamp":"2025-07-03T18:32:07.433Z"}
{"level":"info","message":"⌛ Building environment","timeElapsed":376,"timestamp":"2025-07-03T18:32:07.817Z"}
{"level":"info","message":"⌛ Validating mago.wlk","timeElapsed":356,"timestamp":"2025-07-03T18:32:08.216Z"}
{"level":"info","message":"⌛ Validating mago.wlk","timeElapsed":459,"timestamp":"2025-07-03T18:32:08.677Z"}
{"level":"info","message":"⌛ Building environment","timeElapsed":343,"timestamp":"2025-07-03T18:32:09.029Z"}
{"level":"info","message":"⌛ Building environment","timeElapsed":319,"timestamp":"2025-07-03T18:32:09.439Z"}
{"level":"info","message":"⌛ Building environment","timeElapsed":334,"timestamp":"2025-07-03T18:32:09.829Z"}
{"level":"info","message":"⌛ Building environment","timeElapsed":352,"timestamp":"2025-07-03T18:32:10.184Z"}
{"level":"error","message":"✘ Failed to rebuild document Failed to parse mago.wlk: \n-- PARSING FAILED --------------------------------------------------\n\n  33 |   var property x\n  34 |   const\n> 35 | }\n     | ^\n  36 | class Hechizo inherits CosaAnimada{\n  37 |   const property tipo\n\nExpected one of the following: \n\n'property', identifier, whitespace\n","stack":"Error: Failed to parse mago.wlk: \n-- PARSING FAILED --------------------------------------------------\n\n  33 |   var property x\n  34 |   const\n> 35 | }\n     | ^\n  36 | class Hechizo inherits CosaAnimada{\n  37 |   const property tipo\n\nExpected one of the following: \n\n'property', identifier, whitespace\n\n    at c:\\Users\\LUZ RAMIREZ\\.vscode\\extensions\\uqbar.wollok-lsp-ide-0.5.2\\out\\server\\src\\server.js:2326:13026\n    at Array.map (<anonymous>)\n    at D1n (c:\\Users\\LUZ RAMIREZ\\.vscode\\extensions\\uqbar.wollok-lsp-ide-0.5.2\\out\\server\\src\\server.js:2326:12950)\n    at W2.buildEnvironmentFrom (c:\\Users\\LUZ RAMIREZ\\.vscode\\extensions\\uqbar.wollok-lsp-ide-0.5.2\\out\\server\\src\\server.js:2371:5254)\n    at W2.updateEnvironmentWith (c:\\Users\\LUZ RAMIREZ\\.vscode\\extensions\\uqbar.wollok-lsp-ide-0.5.2\\out\\server\\src\\server.js:2371:4989)\n    at GF (c:\\Users\\LUZ RAMIREZ\\.vscode\\extensions\\uqbar.wollok-lsp-ide-0.5.2\\out\\server\\src\\server.js:2371:7383)\n    at L3.invoke (c:\\Users\\LUZ RAMIREZ\\.vscode\\extensions\\uqbar.wollok-lsp-ide-0.5.2\\out\\server\\src\\server.js:3:157326)\n    at o.fire (c:\\Users\\LUZ RAMIREZ\\.vscode\\extensions\\uqbar.wollok-lsp-ide-0.5.2\\out\\server\\src\\server.js:3:158096)\n    at c:\\Users\\LUZ RAMIREZ\\.vscode\\extensions\\uqbar.wollok-lsp-ide-0.5.2\\out\\server\\src\\server.js:37:57871\n    at Kr (c:\\Users\\LUZ RAMIREZ\\.vscode\\extensions\\uqbar.wollok-lsp-ide-0.5.2\\out\\server\\src\\server.js:8:1561)","timestamp":"2025-07-03T18:32:10.230Z"}
{"level":"info","message":"⌛ Validating mago.wlk","timeElapsed":704,"timestamp":"2025-07-03T18:32:10.936Z"}
{"level":"error","message":"✘ Failed to rebuild document Failed to parse mago.wlk: \n-- PARSING FAILED --------------------------------------------------\n\n  33 |   var property x\n  34 |   const \n> 35 | }\n     | ^\n  36 | class Hechizo inherits CosaAnimada{\n  37 |   const property tipo\n\nExpected one of the following: \n\n'property', identifier, whitespace\n","stack":"Error: Failed to parse mago.wlk: \n-- PARSING FAILED --------------------------------------------------\n\n  33 |   var property x\n  34 |   const \n> 35 | }\n     | ^\n  36 | class Hechizo inherits CosaAnimada{\n  37 |   const property tipo\n\nExpected one of the following: \n\n'property', identifier, whitespace\n\n    at c:\\Users\\LUZ RAMIREZ\\.vscode\\extensions\\uqbar.wollok-lsp-ide-0.5.2\\out\\server\\src\\server.js:2326:13026\n    at Array.map (<anonymous>)\n    at D1n (c:\\Users\\LUZ RAMIREZ\\.vscode\\extensions\\uqbar.wollok-lsp-ide-0.5.2\\out\\server\\src\\server.js:2326:12950)\n    at W2.buildEnvironmentFrom (c:\\Users\\LUZ RAMIREZ\\.vscode\\extensions\\uqbar.wollok-lsp-ide-0.5.2\\out\\server\\src\\server.js:2371:5254)\n    at W2.updateEnvironmentWith (c:\\Users\\LUZ RAMIREZ\\.vscode\\extensions\\uqbar.wollok-lsp-ide-0.5.2\\out\\server\\src\\server.js:2371:4989)\n    at GF (c:\\Users\\LUZ RAMIREZ\\.vscode\\extensions\\uqbar.wollok-lsp-ide-0.5.2\\out\\server\\src\\server.js:2371:7383)\n    at L3.invoke (c:\\Users\\LUZ RAMIREZ\\.vscode\\extensions\\uqbar.wollok-lsp-ide-0.5.2\\out\\server\\src\\server.js:3:157326)\n    at o.fire (c:\\Users\\LUZ RAMIREZ\\.vscode\\extensions\\uqbar.wollok-lsp-ide-0.5.2\\out\\server\\src\\server.js:3:158096)\n    at c:\\Users\\LUZ RAMIREZ\\.vscode\\extensions\\uqbar.wollok-lsp-ide-0.5.2\\out\\server\\src\\server.js:37:57871\n    at Kr (c:\\Users\\LUZ RAMIREZ\\.vscode\\extensions\\uqbar.wollok-lsp-ide-0.5.2\\out\\server\\src\\server.js:8:1561)","timestamp":"2025-07-03T18:32:11.003Z"}
{"level":"info","message":"⌛ Building environment","timeElapsed":352,"timestamp":"2025-07-03T18:32:11.378Z"}
{"level":"info","message":"⌛ Building environment","timeElapsed":341,"timestamp":"2025-07-03T18:32:11.727Z"}
{"level":"info","message":"⌛ Building environment","timeElapsed":646,"timestamp":"2025-07-03T18:32:12.393Z"}
{"level":"error","message":"✘ Failed to rebuild document Failed to parse mago.wlk: \n-- PARSING FAILED --------------------------------------------------\n\n  33 |   var property x\n  34 |   const \n> 35 | }\n     | ^\n  36 | class Hechizo inherits CosaAnimada{\n  37 |   const property tipo\n\nExpected one of the following: \n\n'property', identifier, whitespace\n","stack":"Error: Failed to parse mago.wlk: \n-- PARSING FAILED --------------------------------------------------\n\n  33 |   var property x\n  34 |   const \n> 35 | }\n     | ^\n  36 | class Hechizo inherits CosaAnimada{\n  37 |   const property tipo\n\nExpected one of the following: \n\n'property', identifier, whitespace\n\n    at c:\\Users\\LUZ RAMIREZ\\.vscode\\extensions\\uqbar.wollok-lsp-ide-0.5.2\\out\\server\\src\\server.js:2326:13026\n    at Array.map (<anonymous>)\n    at D1n (c:\\Users\\LUZ RAMIREZ\\.vscode\\extensions\\uqbar.wollok-lsp-ide-0.5.2\\out\\server\\src\\server.js:2326:12950)\n    at W2.buildEnvironmentFrom (c:\\Users\\LUZ RAMIREZ\\.vscode\\extensions\\uqbar.wollok-lsp-ide-0.5.2\\out\\server\\src\\server.js:2371:5254)\n    at W2.updateEnvironmentWith (c:\\Users\\LUZ RAMIREZ\\.vscode\\extensions\\uqbar.wollok-lsp-ide-0.5.2\\out\\server\\src\\server.js:2371:4989)\n    at GF (c:\\Users\\LUZ RAMIREZ\\.vscode\\extensions\\uqbar.wollok-lsp-ide-0.5.2\\out\\server\\src\\server.js:2371:7383)\n    at L3.invoke (c:\\Users\\LUZ RAMIREZ\\.vscode\\extensions\\uqbar.wollok-lsp-ide-0.5.2\\out\\server\\src\\server.js:3:157326)\n    at o.fire (c:\\Users\\LUZ RAMIREZ\\.vscode\\extensions\\uqbar.wollok-lsp-ide-0.5.2\\out\\server\\src\\server.js:3:158096)\n    at c:\\Users\\LUZ RAMIREZ\\.vscode\\extensions\\uqbar.wollok-lsp-ide-0.5.2\\out\\server\\src\\server.js:37:57871\n    at Kr (c:\\Users\\LUZ RAMIREZ\\.vscode\\extensions\\uqbar.wollok-lsp-ide-0.5.2\\out\\server\\src\\server.js:8:1561)","timestamp":"2025-07-03T18:32:12.420Z"}
{"level":"info","message":"⌛ Building environment","timeElapsed":319,"timestamp":"2025-07-03T18:32:12.746Z"}
{"level":"info","message":"⌛ Building environment","timeElapsed":409,"timestamp":"2025-07-03T18:32:13.195Z"}
{"level":"info","message":"⌛ Building environment","timeElapsed":617,"timestamp":"2025-07-03T18:32:13.831Z"}
{"level":"info","message":"⌛ Building environment","timeElapsed":681,"timestamp":"2025-07-03T18:32:14.516Z"}
{"level":"info","message":"⌛ Building environment","timeElapsed":303,"timestamp":"2025-07-03T18:32:14.852Z"}
{"level":"info","message":"⌛ Validating mago.wlk","timeElapsed":762,"timestamp":"2025-07-03T18:32:15.867Z"}
{"level":"info","message":"⌛ Building environment","timeElapsed":731,"timestamp":"2025-07-03T18:32:16.645Z"}
{"level":"info","message":"⌛ Building environment","timeElapsed":354,"timestamp":"2025-07-03T18:32:17.019Z"}
{"level":"info","message":"⌛ Building environment","timeElapsed":304,"timestamp":"2025-07-03T18:32:17.329Z"}
{"level":"info","message":"⌛ Building environment","timeElapsed":297,"timestamp":"2025-07-03T18:32:17.630Z"}
{"level":"info","message":"⌛ Building environment","timeElapsed":311,"timestamp":"2025-07-03T18:32:17.943Z"}
{"level":"info","message":"⌛ Validating mago.wlk","timeElapsed":358,"timestamp":"2025-07-03T18:32:18.358Z"}
{"level":"info","message":"⌛ Validating mago.wlk","timeElapsed":331,"timestamp":"2025-07-03T18:32:18.724Z"}
{"level":"info","message":"⌛ Building environment","timeElapsed":292,"timestamp":"2025-07-03T18:32:19.018Z"}
{"level":"info","message":"⌛ Building environment","timeElapsed":285,"timestamp":"2025-07-03T18:32:19.341Z"}
{"level":"info","message":"⌛ Building environment","timeElapsed":302,"timestamp":"2025-07-03T18:32:19.659Z"}
{"level":"info","message":"⌛ Validating mago.wlk","timeElapsed":345,"timestamp":"2025-07-03T18:32:20.058Z"}
{"level":"error","message":"✘ Failed to rebuild document Failed to parse mago.wlk: \n-- PARSING FAILED --------------------------------------------------\n\n  33 |   var property x\n  34 |   const property\n> 35 | }\n     | ^\n  36 | class Hechizo inherits CosaAnimada{\n  37 |   const property tipo\n\nExpected one of the following: \n\nidentifier, whitespace\n","stack":"Error: Failed to parse mago.wlk: \n-- PARSING FAILED --------------------------------------------------\n\n  33 |   var property x\n  34 |   const property\n> 35 | }\n     | ^\n  36 | class Hechizo inherits CosaAnimada{\n  37 |   const property tipo\n\nExpected one of the following: \n\nidentifier, whitespace\n\n    at c:\\Users\\LUZ RAMIREZ\\.vscode\\extensions\\uqbar.wollok-lsp-ide-0.5.2\\out\\server\\src\\server.js:2326:13026\n    at Array.map (<anonymous>)\n    at D1n (c:\\Users\\LUZ RAMIREZ\\.vscode\\extensions\\uqbar.wollok-lsp-ide-0.5.2\\out\\server\\src\\server.js:2326:12950)\n    at W2.buildEnvironmentFrom (c:\\Users\\LUZ RAMIREZ\\.vscode\\extensions\\uqbar.wollok-lsp-ide-0.5.2\\out\\server\\src\\server.js:2371:5254)\n    at W2.updateEnvironmentWith (c:\\Users\\LUZ RAMIREZ\\.vscode\\extensions\\uqbar.wollok-lsp-ide-0.5.2\\out\\server\\src\\server.js:2371:4989)\n    at GF (c:\\Users\\LUZ RAMIREZ\\.vscode\\extensions\\uqbar.wollok-lsp-ide-0.5.2\\out\\server\\src\\server.js:2371:7383)\n    at L3.invoke (c:\\Users\\LUZ RAMIREZ\\.vscode\\extensions\\uqbar.wollok-lsp-ide-0.5.2\\out\\server\\src\\server.js:3:157326)\n    at o.fire (c:\\Users\\LUZ RAMIREZ\\.vscode\\extensions\\uqbar.wollok-lsp-ide-0.5.2\\out\\server\\src\\server.js:3:158096)\n    at c:\\Users\\LUZ RAMIREZ\\.vscode\\extensions\\uqbar.wollok-lsp-ide-0.5.2\\out\\server\\src\\server.js:37:57871\n    at Kr (c:\\Users\\LUZ RAMIREZ\\.vscode\\extensions\\uqbar.wollok-lsp-ide-0.5.2\\out\\server\\src\\server.js:8:1561)","timestamp":"2025-07-03T18:32:20.095Z"}
{"level":"error","message":"✘ Failed to rebuild document Failed to parse mago.wlk: \n-- PARSING FAILED --------------------------------------------------\n\n  33 |   var property x\n  34 |   const property \n> 35 | }\n     | ^\n  36 | class Hechizo inherits CosaAnimada{\n  37 |   const property tipo\n\nExpected one of the following: \n\nidentifier, whitespace\n","stack":"Error: Failed to parse mago.wlk: \n-- PARSING FAILED --------------------------------------------------\n\n  33 |   var property x\n  34 |   const property \n> 35 | }\n     | ^\n  36 | class Hechizo inherits CosaAnimada{\n  37 |   const property tipo\n\nExpected one of the following: \n\nidentifier, whitespace\n\n    at c:\\Users\\LUZ RAMIREZ\\.vscode\\extensions\\uqbar.wollok-lsp-ide-0.5.2\\out\\server\\src\\server.js:2326:13026\n    at Array.map (<anonymous>)\n    at D1n (c:\\Users\\LUZ RAMIREZ\\.vscode\\extensions\\uqbar.wollok-lsp-ide-0.5.2\\out\\server\\src\\server.js:2326:12950)\n    at W2.buildEnvironmentFrom (c:\\Users\\LUZ RAMIREZ\\.vscode\\extensions\\uqbar.wollok-lsp-ide-0.5.2\\out\\server\\src\\server.js:2371:5254)\n    at W2.updateEnvironmentWith (c:\\Users\\LUZ RAMIREZ\\.vscode\\extensions\\uqbar.wollok-lsp-ide-0.5.2\\out\\server\\src\\server.js:2371:4989)\n    at GF (c:\\Users\\LUZ RAMIREZ\\.vscode\\extensions\\uqbar.wollok-lsp-ide-0.5.2\\out\\server\\src\\server.js:2371:7383)\n    at L3.invoke (c:\\Users\\LUZ RAMIREZ\\.vscode\\extensions\\uqbar.wollok-lsp-ide-0.5.2\\out\\server\\src\\server.js:3:157326)\n    at o.fire (c:\\Users\\LUZ RAMIREZ\\.vscode\\extensions\\uqbar.wollok-lsp-ide-0.5.2\\out\\server\\src\\server.js:3:158096)\n    at c:\\Users\\LUZ RAMIREZ\\.vscode\\extensions\\uqbar.wollok-lsp-ide-0.5.2\\out\\server\\src\\server.js:37:57871\n    at Kr (c:\\Users\\LUZ RAMIREZ\\.vscode\\extensions\\uqbar.wollok-lsp-ide-0.5.2\\out\\server\\src\\server.js:8:1561)","timestamp":"2025-07-03T18:32:20.119Z"}
{"level":"info","message":"⌛ Building environment","timeElapsed":333,"timestamp":"2025-07-03T18:32:20.458Z"}
{"level":"info","message":"⌛ Building environment","timeElapsed":310,"timestamp":"2025-07-03T18:32:20.844Z"}
{"level":"info","message":"⌛ Validating mago.wlk","timeElapsed":342,"timestamp":"2025-07-03T18:32:21.204Z"}
{"level":"info","message":"⌛ Building environment","timeElapsed":306,"timestamp":"2025-07-03T18:32:21.510Z"}
{"level":"info","message":"⌛ Building environment","timeElapsed":281,"timestamp":"2025-07-03T18:32:21.878Z"}
{"level":"info","message":"⌛ Building environment","timeElapsed":306,"timestamp":"2025-07-03T18:32:22.186Z"}
{"level":"info","message":"⌛ Building environment","timeElapsed":357,"timestamp":"2025-07-03T18:32:22.599Z"}
{"level":"info","message":"⌛ Validating mago.wlk","timeElapsed":389,"timestamp":"2025-07-03T18:32:23.019Z"}
{"level":"info","message":"⌛ Validating mago.wlk","timeElapsed":379,"timestamp":"2025-07-03T18:32:23.408Z"}
{"level":"info","message":"⌛ Validating mago.wlk","timeElapsed":518,"timestamp":"2025-07-03T18:32:23.933Z"}
{"level":"info","message":"⌛ Validating mago.wlk","timeElapsed":411,"timestamp":"2025-07-03T18:32:24.346Z"}
{"level":"info","message":"⌛ Validating mago.wlk","timeElapsed":416,"timestamp":"2025-07-03T18:32:24.764Z"}
{"level":"info","message":"⌛ Validating mago.wlk","timeElapsed":451,"timestamp":"2025-07-03T18:32:25.216Z"}
{"level":"info","message":"⌛ Validating mago.wlk","timeElapsed":1141,"timestamp":"2025-07-03T18:32:26.361Z"}
{"level":"info","message":"⌛ Validating mago.wlk","timeElapsed":619,"timestamp":"2025-07-03T18:32:26.981Z"}
{"level":"info","message":"⌛ Validating mago.wlk","timeElapsed":332,"timestamp":"2025-07-03T18:32:27.317Z"}
{"level":"info","message":"⌛ Validating mago.wlk","timeElapsed":359,"timestamp":"2025-07-03T18:32:27.678Z"}
{"level":"info","message":"⌛ Validating mago.wlk","timeElapsed":317,"timestamp":"2025-07-03T18:32:28.007Z"}
{"level":"info","message":"⌛ Validating mago.wlk","timeElapsed":1232,"timestamp":"2025-07-03T18:32:29.249Z"}
{"level":"info","message":"⌛ Validating mago.wlk","timeElapsed":795,"timestamp":"2025-07-03T18:32:30.057Z"}
{"level":"info","message":"⌛ Validating mago.wlk","timeElapsed":640,"timestamp":"2025-07-03T18:32:31.093Z"}
{"level":"info","message":"⌛ Validating mago.wlk","timeElapsed":360,"timestamp":"2025-07-03T18:32:31.460Z"}
{"level":"info","message":"⌛ Validating mago.wlk","timeElapsed":325,"timestamp":"2025-07-03T18:32:31.851Z"}
{"level":"info","message":"⌛ Validating mago.wlk","timeElapsed":314,"timestamp":"2025-07-03T18:32:32.168Z"}
{"level":"info","message":"⌛ Validating mago.wlk","timeElapsed":375,"timestamp":"2025-07-03T18:32:32.545Z"}
{"level":"info","message":"⌛ Validating mago.wlk","timeElapsed":450,"timestamp":"2025-07-03T18:32:33.029Z"}
{"level":"info","message":"⌛ Validating mago.wlk","timeElapsed":466,"timestamp":"2025-07-03T18:32:33.497Z"}
{"level":"info","message":"⌛ Validating mago.wlk","timeElapsed":429,"timestamp":"2025-07-03T18:32:33.929Z"}
{"level":"info","message":"⌛ Validating mago.wlk","timeElapsed":862,"timestamp":"2025-07-03T18:32:34.811Z"}
{"level":"info","message":"⌛ Validating mago.wlk","timeElapsed":528,"timestamp":"2025-07-03T18:32:35.342Z"}
{"level":"info","message":"⌛ Validating mago.wlk","timeElapsed":315,"timestamp":"2025-07-03T18:32:35.671Z"}
{"level":"info","message":"⌛ Validating mago.wlk","timeElapsed":366,"timestamp":"2025-07-03T18:32:36.041Z"}
{"level":"info","message":"⌛ Validating mago.wlk","timeElapsed":656,"timestamp":"2025-07-03T18:32:36.700Z"}
{"level":"info","message":"⌛ Validating mago.wlk","timeElapsed":833,"timestamp":"2025-07-03T18:32:37.534Z"}
{"level":"info","message":"⌛ Building environment","timeElapsed":1327,"timestamp":"2025-07-03T18:32:53.309Z"}
{"level":"info","message":"⌛ Validating bastion.wlk","timeElapsed":394,"timestamp":"2025-07-03T18:32:53.733Z"}
{"level":"info","message":"⌛ Building environment","timeElapsed":528,"timestamp":"2025-07-03T18:33:59.569Z"}
{"level":"info","message":"⌛ Building environment","timeElapsed":374,"timestamp":"2025-07-03T18:33:59.971Z"}
{"level":"info","message":"⌛ Validating mago.wlk","timeElapsed":399,"timestamp":"2025-07-03T18:34:00.374Z"}
{"level":"info","message":"⌛ Validating mago.wlk","timeElapsed":438,"timestamp":"2025-07-03T18:34:00.858Z"}
{"level":"info","message":"⌛ Building environment","timeElapsed":341,"timestamp":"2025-07-03T18:34:04.053Z"}
{"level":"info","message":"⌛ Validating mago.wlk","timeElapsed":348,"timestamp":"2025-07-03T18:34:04.437Z"}
{"level":"info","message":"⌛ Building environment","timeElapsed":389,"timestamp":"2025-07-03T18:34:07.931Z"}
{"level":"info","message":"⌛ Building environment","timeElapsed":365,"timestamp":"2025-07-03T18:34:08.300Z"}
{"level":"error","message":"✘ Completions for node NamedArgument ([35:43, 35:48] - mago.wlk) failed: Error: [NamedArgument]{552783} at mago.wlk:35 exhausted all cases without a match [NamedArgument]{552783} at mago.wlk:35 exhausted all cases without a match","stack":"Error: [NamedArgument]{552783} at mago.wlk:35 exhausted all cases without a match\n    at c:\\Users\\LUZ RAMIREZ\\.vscode\\extensions\\uqbar.wollok-lsp-ide-0.5.2\\out\\server\\src\\server.js:38:6142\n    at C2 (c:\\Users\\LUZ RAMIREZ\\.vscode\\extensions\\uqbar.wollok-lsp-ide-0.5.2\\out\\server\\src\\server.js:2362:42)\n    at Gh (c:\\Users\\LUZ RAMIREZ\\.vscode\\extensions\\uqbar.wollok-lsp-ide-0.5.2\\out\\server\\src\\server.js:2362:1092)\n    at l8n (c:\\Users\\LUZ RAMIREZ\\.vscode\\extensions\\uqbar.wollok-lsp-ide-0.5.2\\out\\server\\src\\server.js:2362:1248)\n    at c:\\Users\\LUZ RAMIREZ\\.vscode\\extensions\\uqbar.wollok-lsp-ide-0.5.2\\out\\server\\src\\server.js:38:6131\n    at C2 (c:\\Users\\LUZ RAMIREZ\\.vscode\\extensions\\uqbar.wollok-lsp-ide-0.5.2\\out\\server\\src\\server.js:2362:42)\n    at c:\\Users\\LUZ RAMIREZ\\.vscode\\extensions\\uqbar.wollok-lsp-ide-0.5.2\\out\\server\\src\\server.js:2362:2988\n    at c:\\Users\\LUZ RAMIREZ\\.vscode\\extensions\\uqbar.wollok-lsp-ide-0.5.2\\out\\server\\src\\server.js:2371:8440\n    at c:\\Users\\LUZ RAMIREZ\\.vscode\\extensions\\uqbar.wollok-lsp-ide-0.5.2\\out\\server\\src\\server.js:37:74872\n    at Ye (c:\\Users\\LUZ RAMIREZ\\.vscode\\extensions\\uqbar.wollok-lsp-ide-0.5.2\\out\\server\\src\\server.js:7:8527)","timestamp":"2025-07-03T18:34:08.385Z"}
{"level":"info","message":"⌛ Validating mago.wlk","timeElapsed":356,"timestamp":"2025-07-03T18:34:08.766Z"}
{"level":"info","message":"⌛ Validating mago.wlk","timeElapsed":329,"timestamp":"2025-07-03T18:34:09.121Z"}
{"level":"info","message":"⌛ Building environment","timeElapsed":515,"timestamp":"2025-07-03T18:34:17.069Z"}
{"level":"info","message":"⌛ Building environment","timeElapsed":323,"timestamp":"2025-07-03T18:34:17.393Z"}
{"level":"error","message":"✘ Completions for node NamedArgument ([35:50, 35:55] - mago.wlk) failed: Error: [NamedArgument]{526e0f} at mago.wlk:35 exhausted all cases without a match [NamedArgument]{526e0f} at mago.wlk:35 exhausted all cases without a match","stack":"Error: [NamedArgument]{526e0f} at mago.wlk:35 exhausted all cases without a match\n    at c:\\Users\\LUZ RAMIREZ\\.vscode\\extensions\\uqbar.wollok-lsp-ide-0.5.2\\out\\server\\src\\server.js:38:6142\n    at C2 (c:\\Users\\LUZ RAMIREZ\\.vscode\\extensions\\uqbar.wollok-lsp-ide-0.5.2\\out\\server\\src\\server.js:2362:42)\n    at Gh (c:\\Users\\LUZ RAMIREZ\\.vscode\\extensions\\uqbar.wollok-lsp-ide-0.5.2\\out\\server\\src\\server.js:2362:1092)\n    at l8n (c:\\Users\\LUZ RAMIREZ\\.vscode\\extensions\\uqbar.wollok-lsp-ide-0.5.2\\out\\server\\src\\server.js:2362:1248)\n    at c:\\Users\\LUZ RAMIREZ\\.vscode\\extensions\\uqbar.wollok-lsp-ide-0.5.2\\out\\server\\src\\server.js:38:6131\n    at C2 (c:\\Users\\LUZ RAMIREZ\\.vscode\\extensions\\uqbar.wollok-lsp-ide-0.5.2\\out\\server\\src\\server.js:2362:42)\n    at c:\\Users\\LUZ RAMIREZ\\.vscode\\extensions\\uqbar.wollok-lsp-ide-0.5.2\\out\\server\\src\\server.js:2362:2988\n    at c:\\Users\\LUZ RAMIREZ\\.vscode\\extensions\\uqbar.wollok-lsp-ide-0.5.2\\out\\server\\src\\server.js:2371:8440\n    at c:\\Users\\LUZ RAMIREZ\\.vscode\\extensions\\uqbar.wollok-lsp-ide-0.5.2\\out\\server\\src\\server.js:37:74872\n    at Ye (c:\\Users\\LUZ RAMIREZ\\.vscode\\extensions\\uqbar.wollok-lsp-ide-0.5.2\\out\\server\\src\\server.js:7:8527)","timestamp":"2025-07-03T18:34:17.495Z"}
{"level":"info","message":"⌛ Validating mago.wlk","timeElapsed":490,"timestamp":"2025-07-03T18:34:18.019Z"}
{"level":"info","message":"⌛ Validating mago.wlk","timeElapsed":354,"timestamp":"2025-07-03T18:34:18.394Z"}
{"level":"info","message":"⌛ Building environment","timeElapsed":346,"timestamp":"2025-07-03T18:34:18.741Z"}
{"level":"info","message":"⌛ Building environment","timeElapsed":318,"timestamp":"2025-07-03T18:34:19.066Z"}
{"level":"info","message":"⌛ Validating mago.wlk","timeElapsed":365,"timestamp":"2025-07-03T18:34:19.510Z"}
{"level":"info","message":"⌛ Validating mago.wlk","timeElapsed":800,"timestamp":"2025-07-03T18:34:20.319Z"}
{"level":"info","message":"⌛ Building environment","timeElapsed":306,"timestamp":"2025-07-03T18:34:20.657Z"}
{"level":"info","message":"⌛ Building environment","timeElapsed":380,"timestamp":"2025-07-03T18:34:21.041Z"}
{"level":"error","message":"✘ Completions for node NamedArgument ([35:50, 35:55] - mago.wlk) failed: Error: [NamedArgument]{c535b0} at mago.wlk:35 exhausted all cases without a match [NamedArgument]{c535b0} at mago.wlk:35 exhausted all cases without a match","stack":"Error: [NamedArgument]{c535b0} at mago.wlk:35 exhausted all cases without a match\n    at c:\\Users\\LUZ RAMIREZ\\.vscode\\extensions\\uqbar.wollok-lsp-ide-0.5.2\\out\\server\\src\\server.js:38:6142\n    at C2 (c:\\Users\\LUZ RAMIREZ\\.vscode\\extensions\\uqbar.wollok-lsp-ide-0.5.2\\out\\server\\src\\server.js:2362:42)\n    at Gh (c:\\Users\\LUZ RAMIREZ\\.vscode\\extensions\\uqbar.wollok-lsp-ide-0.5.2\\out\\server\\src\\server.js:2362:1092)\n    at l8n (c:\\Users\\LUZ RAMIREZ\\.vscode\\extensions\\uqbar.wollok-lsp-ide-0.5.2\\out\\server\\src\\server.js:2362:1248)\n    at c:\\Users\\LUZ RAMIREZ\\.vscode\\extensions\\uqbar.wollok-lsp-ide-0.5.2\\out\\server\\src\\server.js:38:6131\n    at C2 (c:\\Users\\LUZ RAMIREZ\\.vscode\\extensions\\uqbar.wollok-lsp-ide-0.5.2\\out\\server\\src\\server.js:2362:42)\n    at c:\\Users\\LUZ RAMIREZ\\.vscode\\extensions\\uqbar.wollok-lsp-ide-0.5.2\\out\\server\\src\\server.js:2362:2988\n    at c:\\Users\\LUZ RAMIREZ\\.vscode\\extensions\\uqbar.wollok-lsp-ide-0.5.2\\out\\server\\src\\server.js:2371:8440\n    at c:\\Users\\LUZ RAMIREZ\\.vscode\\extensions\\uqbar.wollok-lsp-ide-0.5.2\\out\\server\\src\\server.js:37:74872\n    at Ye (c:\\Users\\LUZ RAMIREZ\\.vscode\\extensions\\uqbar.wollok-lsp-ide-0.5.2\\out\\server\\src\\server.js:7:8527)","timestamp":"2025-07-03T18:34:21.125Z"}
{"level":"info","message":"⌛ Building environment","timeElapsed":292,"timestamp":"2025-07-03T18:34:21.419Z"}
{"level":"info","message":"⌛ Building environment","timeElapsed":612,"timestamp":"2025-07-03T18:34:22.084Z"}
{"level":"info","message":"⌛ Building environment","timeElapsed":343,"timestamp":"2025-07-03T18:34:22.484Z"}
{"level":"info","message":"⌛ Building environment","timeElapsed":374,"timestamp":"2025-07-03T18:34:22.861Z"}
{"level":"info","message":"⌛ Validating mago.wlk","timeElapsed":396,"timestamp":"2025-07-03T18:34:23.419Z"}
{"level":"info","message":"⌛ Validating mago.wlk","timeElapsed":372,"timestamp":"2025-07-03T18:34:23.793Z"}
{"level":"info","message":"⌛ Validating mago.wlk","timeElapsed":517,"timestamp":"2025-07-03T18:34:24.330Z"}
{"level":"info","message":"⌛ Building environment","timeElapsed":492,"timestamp":"2025-07-03T18:34:24.826Z"}
{"level":"info","message":"⌛ Validating mago.wlk","timeElapsed":375,"timestamp":"2025-07-03T18:34:25.239Z"}
{"level":"info","message":"⌛ Building environment","timeElapsed":373,"timestamp":"2025-07-03T18:34:25.621Z"}
{"level":"info","message":"⌛ Validating mago.wlk","timeElapsed":476,"timestamp":"2025-07-03T18:34:26.100Z"}
{"level":"info","message":"⌛ Validating mago.wlk","timeElapsed":377,"timestamp":"2025-07-03T18:34:26.523Z"}
{"level":"info","message":"⌛ Validating mago.wlk","timeElapsed":372,"timestamp":"2025-07-03T18:34:26.921Z"}
{"level":"info","message":"⌛ Building environment","timeElapsed":331,"timestamp":"2025-07-03T18:34:27.267Z"}
{"level":"info","message":"⌛ Building environment","timeElapsed":355,"timestamp":"2025-07-03T18:34:27.623Z"}
{"level":"error","message":"✘ Completions for node NamedArgument ([35:43, 35:48] - mago.wlk) failed: Error: [NamedArgument]{30f512} at mago.wlk:35 exhausted all cases without a match [NamedArgument]{30f512} at mago.wlk:35 exhausted all cases without a match","stack":"Error: [NamedArgument]{30f512} at mago.wlk:35 exhausted all cases without a match\n    at c:\\Users\\LUZ RAMIREZ\\.vscode\\extensions\\uqbar.wollok-lsp-ide-0.5.2\\out\\server\\src\\server.js:38:6142\n    at C2 (c:\\Users\\LUZ RAMIREZ\\.vscode\\extensions\\uqbar.wollok-lsp-ide-0.5.2\\out\\server\\src\\server.js:2362:42)\n    at Gh (c:\\Users\\LUZ RAMIREZ\\.vscode\\extensions\\uqbar.wollok-lsp-ide-0.5.2\\out\\server\\src\\server.js:2362:1092)\n    at l8n (c:\\Users\\LUZ RAMIREZ\\.vscode\\extensions\\uqbar.wollok-lsp-ide-0.5.2\\out\\server\\src\\server.js:2362:1248)\n    at c:\\Users\\LUZ RAMIREZ\\.vscode\\extensions\\uqbar.wollok-lsp-ide-0.5.2\\out\\server\\src\\server.js:38:6131\n    at C2 (c:\\Users\\LUZ RAMIREZ\\.vscode\\extensions\\uqbar.wollok-lsp-ide-0.5.2\\out\\server\\src\\server.js:2362:42)\n    at c:\\Users\\LUZ RAMIREZ\\.vscode\\extensions\\uqbar.wollok-lsp-ide-0.5.2\\out\\server\\src\\server.js:2362:2988\n    at c:\\Users\\LUZ RAMIREZ\\.vscode\\extensions\\uqbar.wollok-lsp-ide-0.5.2\\out\\server\\src\\server.js:2371:8440\n    at c:\\Users\\LUZ RAMIREZ\\.vscode\\extensions\\uqbar.wollok-lsp-ide-0.5.2\\out\\server\\src\\server.js:37:74872\n    at Ye (c:\\Users\\LUZ RAMIREZ\\.vscode\\extensions\\uqbar.wollok-lsp-ide-0.5.2\\out\\server\\src\\server.js:7:8527)","timestamp":"2025-07-03T18:34:27.935Z"}
{"level":"info","message":"⌛ Autocomplete - Reference","timeElapsed":231,"timestamp":"2025-07-03T18:34:27.936Z"}
{"level":"info","message":"⌛ Building environment","timeElapsed":715,"timestamp":"2025-07-03T18:34:28.653Z"}
{"level":"info","message":"⌛ Validating mago.wlk","timeElapsed":380,"timestamp":"2025-07-03T18:34:29.035Z"}
{"level":"info","message":"⌛ Building environment","timeElapsed":304,"timestamp":"2025-07-03T18:34:29.354Z"}
{"level":"info","message":"⌛ Building environment","timeElapsed":285,"timestamp":"2025-07-03T18:34:29.650Z"}
{"level":"info","message":"⌛ Building environment","timeElapsed":389,"timestamp":"2025-07-03T18:34:30.042Z"}
{"level":"info","message":"⌛ Building environment","timeElapsed":313,"timestamp":"2025-07-03T18:34:30.588Z"}
{"level":"info","message":"⌛ Building environment","timeElapsed":287,"timestamp":"2025-07-03T18:34:30.908Z"}
{"level":"info","message":"⌛ Validating mago.wlk","timeElapsed":363,"timestamp":"2025-07-03T18:34:31.316Z"}
{"level":"info","message":"⌛ Validating mago.wlk","timeElapsed":337,"timestamp":"2025-07-03T18:34:31.689Z"}
{"level":"info","message":"⌛ Validating mago.wlk","timeElapsed":356,"timestamp":"2025-07-03T18:34:32.054Z"}
{"level":"info","message":"⌛ Validating mago.wlk","timeElapsed":326,"timestamp":"2025-07-03T18:34:32.406Z"}
{"level":"info","message":"⌛ Validating mago.wlk","timeElapsed":348,"timestamp":"2025-07-03T18:34:32.759Z"}
{"level":"info","message":"⌛ Validating mago.wlk","timeElapsed":408,"timestamp":"2025-07-03T18:34:33.233Z"}
{"level":"info","message":"⌛ Validating mago.wlk","timeElapsed":358,"timestamp":"2025-07-03T18:34:33.610Z"}
{"level":"info","message":"⌛ Validating mago.wlk","timeElapsed":327,"timestamp":"2025-07-03T18:34:33.950Z"}
{"level":"info","message":"⌛ Building environment","timeElapsed":749,"timestamp":"2025-07-03T18:34:50.750Z"}
{"level":"info","message":"⌛ Building environment","timeElapsed":358,"timestamp":"2025-07-03T18:34:51.223Z"}
{"level":"info","message":"⌛ Validating mago.wlk","timeElapsed":341,"timestamp":"2025-07-03T18:34:51.707Z"}
{"level":"info","message":"⌛ Building environment","timeElapsed":305,"timestamp":"2025-07-03T18:34:52.017Z"}
{"level":"info","message":"⌛ Validating mago.wlk","timeElapsed":358,"timestamp":"2025-07-03T18:34:52.379Z"}
{"level":"info","message":"⌛ Validating mago.wlk","timeElapsed":335,"timestamp":"2025-07-03T18:34:52.742Z"}
{"level":"info","message":"⌛ Building environment","timeElapsed":451,"timestamp":"2025-07-03T18:34:53.255Z"}
{"level":"info","message":"⌛ Building environment","timeElapsed":344,"timestamp":"2025-07-03T18:34:53.707Z"}
{"level":"info","message":"⌛ Building environment","timeElapsed":341,"timestamp":"2025-07-03T18:34:54.056Z"}
{"level":"info","message":"⌛ Validating mago.wlk","timeElapsed":395,"timestamp":"2025-07-03T18:34:54.458Z"}
{"level":"info","message":"⌛ Building environment","timeElapsed":624,"timestamp":"2025-07-03T18:34:55.318Z"}
{"level":"info","message":"⌛ Validating mago.wlk","timeElapsed":477,"timestamp":"2025-07-03T18:34:55.817Z"}
{"level":"info","message":"⌛ Validating mago.wlk","timeElapsed":421,"timestamp":"2025-07-03T18:34:56.248Z"}
{"level":"info","message":"⌛ Building environment","timeElapsed":384,"timestamp":"2025-07-03T18:34:56.633Z"}
{"level":"info","message":"⌛ Autocomplete - Class","timeElapsed":116,"timestamp":"2025-07-03T18:34:56.751Z"}
{"level":"info","message":"⌛ Building environment","timeElapsed":414,"timestamp":"2025-07-03T18:34:57.166Z"}
{"level":"info","message":"⌛ Building environment","timeElapsed":377,"timestamp":"2025-07-03T18:34:57.617Z"}
{"level":"info","message":"⌛ Building environment","timeElapsed":329,"timestamp":"2025-07-03T18:34:57.948Z"}
{"level":"info","message":"⌛ Building environment","timeElapsed":1036,"timestamp":"2025-07-03T18:34:58.986Z"}
{"level":"info","message":"⌛ Building environment","timeElapsed":549,"timestamp":"2025-07-03T18:34:59.537Z"}
{"level":"info","message":"⌛ Validating mago.wlk","timeElapsed":502,"timestamp":"2025-07-03T18:35:00.114Z"}
{"level":"info","message":"⌛ Building environment","timeElapsed":653,"timestamp":"2025-07-03T18:35:00.839Z"}
{"level":"info","message":"⌛ Building environment","timeElapsed":337,"timestamp":"2025-07-03T18:35:01.179Z"}
{"level":"info","message":"⌛ Building environment","timeElapsed":301,"timestamp":"2025-07-03T18:35:01.534Z"}
{"level":"info","message":"⌛ Building environment","timeElapsed":283,"timestamp":"2025-07-03T18:35:01.862Z"}
{"level":"info","message":"⌛ Building environment","timeElapsed":293,"timestamp":"2025-07-03T18:35:02.171Z"}
{"level":"info","message":"⌛ Building environment","timeElapsed":305,"timestamp":"2025-07-03T18:35:02.529Z"}
{"level":"info","message":"⌛ Validating mago.wlk","timeElapsed":367,"timestamp":"2025-07-03T18:35:02.896Z"}
{"level":"info","message":"⌛ Building environment","timeElapsed":493,"timestamp":"2025-07-03T18:35:03.391Z"}
{"level":"info","message":"⌛ Validating mago.wlk","timeElapsed":340,"timestamp":"2025-07-03T18:35:03.862Z"}
{"level":"info","message":"⌛ Building environment","timeElapsed":304,"timestamp":"2025-07-03T18:35:04.169Z"}
{"level":"info","message":"⌛ Building environment","timeElapsed":290,"timestamp":"2025-07-03T18:35:04.536Z"}
{"level":"info","message":"⌛ Validating mago.wlk","timeElapsed":353,"timestamp":"2025-07-03T18:35:04.967Z"}
{"level":"info","message":"⌛ Validating mago.wlk","timeElapsed":319,"timestamp":"2025-07-03T18:35:05.326Z"}
{"level":"info","message":"⌛ Building environment","timeElapsed":304,"timestamp":"2025-07-03T18:35:05.632Z"}
{"level":"info","message":"⌛ Building environment","timeElapsed":339,"timestamp":"2025-07-03T18:35:06.047Z"}
{"level":"info","message":"⌛ Building environment","timeElapsed":371,"timestamp":"2025-07-03T18:35:06.505Z"}
{"level":"info","message":"⌛ Autocomplete - Class","timeElapsed":449,"timestamp":"2025-07-03T18:35:07.017Z"}
{"level":"info","message":"⌛ Building environment","timeElapsed":747,"timestamp":"2025-07-03T18:35:07.766Z"}
{"level":"info","message":"⌛ Autocomplete - Class","timeElapsed":115,"timestamp":"2025-07-03T18:35:07.883Z"}
{"level":"info","message":"⌛ Building environment","timeElapsed":378,"timestamp":"2025-07-03T18:35:08.264Z"}
{"level":"info","message":"⌛ Building environment","timeElapsed":291,"timestamp":"2025-07-03T18:35:08.631Z"}
{"level":"info","message":"⌛ Building environment","timeElapsed":316,"timestamp":"2025-07-03T18:35:09.052Z"}
{"level":"info","message":"⌛ Building environment","timeElapsed":289,"timestamp":"2025-07-03T18:35:09.422Z"}
{"level":"info","message":"⌛ Building environment","timeElapsed":285,"timestamp":"2025-07-03T18:35:09.785Z"}
{"level":"info","message":"⌛ Building environment","timeElapsed":295,"timestamp":"2025-07-03T18:35:10.198Z"}
{"level":"info","message":"⌛ Building environment","timeElapsed":280,"timestamp":"2025-07-03T18:35:10.556Z"}
{"level":"info","message":"⌛ Building environment","timeElapsed":297,"timestamp":"2025-07-03T18:35:10.855Z"}
{"level":"info","message":"⌛ Building environment","timeElapsed":297,"timestamp":"2025-07-03T18:35:11.270Z"}
{"level":"info","message":"⌛ Validating mago.wlk","timeElapsed":382,"timestamp":"2025-07-03T18:35:11.655Z"}
{"level":"info","message":"⌛ Building environment","timeElapsed":284,"timestamp":"2025-07-03T18:35:11.947Z"}
{"level":"info","message":"⌛ Building environment","timeElapsed":298,"timestamp":"2025-07-03T18:35:12.246Z"}
{"level":"info","message":"⌛ Building environment","timeElapsed":307,"timestamp":"2025-07-03T18:35:12.606Z"}
{"level":"info","message":"⌛ Building environment","timeElapsed":716,"timestamp":"2025-07-03T18:35:13.330Z"}
{"level":"info","message":"⌛ Validating mago.wlk","timeElapsed":373,"timestamp":"2025-07-03T18:35:13.708Z"}
{"level":"info","message":"⌛ Building environment","timeElapsed":672,"timestamp":"2025-07-03T18:35:14.383Z"}
{"level":"info","message":"⌛ Building environment","timeElapsed":338,"timestamp":"2025-07-03T18:35:14.724Z"}
{"level":"info","message":"⌛ Validating mago.wlk","timeElapsed":359,"timestamp":"2025-07-03T18:35:15.190Z"}
{"level":"info","message":"⌛ Validating mago.wlk","timeElapsed":445,"timestamp":"2025-07-03T18:35:15.639Z"}
{"level":"info","message":"⌛ Validating mago.wlk","timeElapsed":496,"timestamp":"2025-07-03T18:35:16.137Z"}
{"level":"info","message":"⌛ Validating mago.wlk","timeElapsed":355,"timestamp":"2025-07-03T18:35:16.500Z"}
{"level":"info","message":"⌛ Validating mago.wlk","timeElapsed":485,"timestamp":"2025-07-03T18:35:16.986Z"}
{"level":"info","message":"⌛ Validating mago.wlk","timeElapsed":407,"timestamp":"2025-07-03T18:35:17.396Z"}
{"level":"info","message":"⌛ Validating mago.wlk","timeElapsed":1152,"timestamp":"2025-07-03T18:35:18.638Z"}
{"level":"info","message":"⌛ Validating mago.wlk","timeElapsed":467,"timestamp":"2025-07-03T18:35:19.144Z"}
{"level":"info","message":"⌛ Validating mago.wlk","timeElapsed":437,"timestamp":"2025-07-03T18:35:19.582Z"}
{"level":"info","message":"⌛ Validating mago.wlk","timeElapsed":373,"timestamp":"2025-07-03T18:35:19.987Z"}
{"level":"info","message":"⌛ Building environment","timeElapsed":710,"timestamp":"2025-07-03T18:35:20.700Z"}
{"level":"info","message":"⌛ Validating mago.wlk","timeElapsed":438,"timestamp":"2025-07-03T18:35:21.140Z"}
{"level":"info","message":"⌛ Building environment","timeElapsed":422,"timestamp":"2025-07-03T18:35:21.606Z"}
{"level":"info","message":"⌛ Building environment","timeElapsed":636,"timestamp":"2025-07-03T18:35:22.266Z"}
{"level":"info","message":"⌛ Validating mago.wlk","timeElapsed":377,"timestamp":"2025-07-03T18:35:22.645Z"}
{"level":"info","message":"⌛ Building environment","timeElapsed":323,"timestamp":"2025-07-03T18:35:23.024Z"}
{"level":"info","message":"⌛ Building environment","timeElapsed":308,"timestamp":"2025-07-03T18:35:23.348Z"}
{"level":"info","message":"⌛ Validating mago.wlk","timeElapsed":343,"timestamp":"2025-07-03T18:35:23.772Z"}
{"level":"info","message":"⌛ Building environment","timeElapsed":344,"timestamp":"2025-07-03T18:35:24.118Z"}
{"level":"info","message":"⌛ Validating mago.wlk","timeElapsed":423,"timestamp":"2025-07-03T18:35:24.579Z"}
{"level":"info","message":"⌛ Validating mago.wlk","timeElapsed":333,"timestamp":"2025-07-03T18:35:24.914Z"}
{"level":"info","message":"⌛ Validating mago.wlk","timeElapsed":725,"timestamp":"2025-07-03T18:35:25.645Z"}
{"level":"info","message":"⌛ Validating mago.wlk","timeElapsed":530,"timestamp":"2025-07-03T18:35:26.178Z"}
{"level":"info","message":"⌛ Validating mago.wlk","timeElapsed":403,"timestamp":"2025-07-03T18:35:26.604Z"}
{"level":"info","message":"⌛ Validating mago.wlk","timeElapsed":399,"timestamp":"2025-07-03T18:35:27.003Z"}
{"level":"info","message":"⌛ Validating mago.wlk","timeElapsed":330,"timestamp":"2025-07-03T18:35:27.335Z"}
{"level":"info","message":"⌛ Validating mago.wlk","timeElapsed":376,"timestamp":"2025-07-03T18:35:27.713Z"}
{"level":"info","message":"⌛ Validating mago.wlk","timeElapsed":486,"timestamp":"2025-07-03T18:35:28.203Z"}
{"level":"info","message":"⌛ Validating mago.wlk","timeElapsed":548,"timestamp":"2025-07-03T18:35:28.785Z"}
{"level":"info","message":"⌛ Validating mago.wlk","timeElapsed":398,"timestamp":"2025-07-03T18:35:29.186Z"}
{"level":"info","message":"⌛ Building environment","timeElapsed":294,"timestamp":"2025-07-03T18:35:29.482Z"}
{"level":"info","message":"⌛ Validating mago.wlk","timeElapsed":393,"timestamp":"2025-07-03T18:35:29.879Z"}
{"level":"info","message":"⌛ Building environment","timeElapsed":326,"timestamp":"2025-07-03T18:35:30.327Z"}
{"level":"info","message":"⌛ Validating mago.wlk","timeElapsed":461,"timestamp":"2025-07-03T18:35:30.831Z"}
{"level":"info","message":"⌛ Building environment","timeElapsed":347,"timestamp":"2025-07-03T18:35:31.180Z"}
{"level":"info","message":"⌛ Validating mago.wlk","timeElapsed":419,"timestamp":"2025-07-03T18:35:31.632Z"}
{"level":"info","message":"⌛ Building environment","timeElapsed":328,"timestamp":"2025-07-03T18:35:31.969Z"}
{"level":"info","message":"⌛ Validating mago.wlk","timeElapsed":375,"timestamp":"2025-07-03T18:35:32.383Z"}
{"level":"info","message":"⌛ Building environment","timeElapsed":315,"timestamp":"2025-07-03T18:35:32.767Z"}
{"level":"info","message":"⌛ Building environment","timeElapsed":320,"timestamp":"2025-07-03T18:35:33.099Z"}
{"level":"info","message":"⌛ Building environment","timeElapsed":949,"timestamp":"2025-07-03T18:35:34.050Z"}
{"level":"info","message":"⌛ Building environment","timeElapsed":339,"timestamp":"2025-07-03T18:35:34.461Z"}
{"level":"info","message":"⌛ Building environment","timeElapsed":303,"timestamp":"2025-07-03T18:35:34.767Z"}
{"level":"info","message":"⌛ Building environment","timeElapsed":1239,"timestamp":"2025-07-03T18:35:36.095Z"}
{"level":"info","message":"⌛ Building environment","timeElapsed":384,"timestamp":"2025-07-03T18:35:36.554Z"}
{"level":"info","message":"⌛ Building environment","timeElapsed":330,"timestamp":"2025-07-03T18:35:36.918Z"}
{"level":"info","message":"⌛ Building environment","timeElapsed":296,"timestamp":"2025-07-03T18:35:37.217Z"}
{"level":"info","message":"⌛ Building environment","timeElapsed":319,"timestamp":"2025-07-03T18:35:37.539Z"}
{"level":"info","message":"⌛ Building environment","timeElapsed":302,"timestamp":"2025-07-03T18:35:37.887Z"}
{"level":"info","message":"⌛ Building environment","timeElapsed":297,"timestamp":"2025-07-03T18:35:38.185Z"}
{"level":"info","message":"⌛ Building environment","timeElapsed":316,"timestamp":"2025-07-03T18:35:38.530Z"}
{"level":"info","message":"⌛ Building environment","timeElapsed":307,"timestamp":"2025-07-03T18:35:38.854Z"}
{"level":"info","message":"⌛ Building environment","timeElapsed":295,"timestamp":"2025-07-03T18:35:39.195Z"}
{"level":"info","message":"⌛ Building environment","timeElapsed":301,"timestamp":"2025-07-03T18:35:39.499Z"}
{"level":"info","message":"⌛ Building environment","timeElapsed":296,"timestamp":"2025-07-03T18:35:39.798Z"}
{"level":"info","message":"⌛ Building environment","timeElapsed":298,"timestamp":"2025-07-03T18:35:40.100Z"}
{"level":"info","message":"⌛ Building environment","timeElapsed":331,"timestamp":"2025-07-03T18:35:40.499Z"}
{"level":"info","message":"⌛ Building environment","timeElapsed":696,"timestamp":"2025-07-03T18:35:41.301Z"}
{"level":"info","message":"⌛ Building environment","timeElapsed":729,"timestamp":"2025-07-03T18:35:42.063Z"}
{"level":"info","message":"⌛ Building environment","timeElapsed":303,"timestamp":"2025-07-03T18:35:42.367Z"}
{"level":"info","message":"⌛ Validating mago.wlk","timeElapsed":362,"timestamp":"2025-07-03T18:35:42.732Z"}
{"level":"info","message":"⌛ Building environment","timeElapsed":373,"timestamp":"2025-07-03T18:35:43.151Z"}
{"level":"info","message":"⌛ Building environment","timeElapsed":368,"timestamp":"2025-07-03T18:35:43.522Z"}
{"level":"info","message":"⌛ Building environment","timeElapsed":366,"timestamp":"2025-07-03T18:35:43.963Z"}
{"level":"info","message":"⌛ Validating mago.wlk","timeElapsed":410,"timestamp":"2025-07-03T18:35:44.389Z"}
{"level":"info","message":"⌛ Building environment","timeElapsed":355,"timestamp":"2025-07-03T18:35:44.782Z"}
{"level":"info","message":"⌛ Validating mago.wlk","timeElapsed":401,"timestamp":"2025-07-03T18:35:45.184Z"}
{"level":"info","message":"⌛ Building environment","timeElapsed":378,"timestamp":"2025-07-03T18:35:46.426Z"}
{"level":"info","message":"⌛ Validating mago.wlk","timeElapsed":478,"timestamp":"2025-07-03T18:35:46.934Z"}
{"level":"info","message":"⌛ Validating mago.wlk","timeElapsed":411,"timestamp":"2025-07-03T18:35:47.353Z"}
{"level":"error","message":"✘ Validate text document error: TypeError: o.allFields is not iterable o.allFields is not iterable","stack":"TypeError: o.allFields is not iterable\n    at Zsn (c:\\Users\\LUZ RAMIREZ\\.vscode\\extensions\\uqbar.wollok-lsp-ide-0.5.2\\out\\server\\src\\server.js:57:11529)\n    at Jsn (c:\\Users\\LUZ RAMIREZ\\.vscode\\extensions\\uqbar.wollok-lsp-ide-0.5.2\\out\\server\\src\\server.js:57:11412)\n    at v.shouldPassValuesToAllAttributes.n (c:\\Users\\LUZ RAMIREZ\\.vscode\\extensions\\uqbar.wollok-lsp-ide-0.5.2\\out\\server\\src\\server.js:57:36397)\n    at c:\\Users\\LUZ RAMIREZ\\.vscode\\extensions\\uqbar.wollok-lsp-ide-0.5.2\\out\\server\\src\\server.js:57:32764\n    at c:\\Users\\LUZ RAMIREZ\\.vscode\\extensions\\uqbar.wollok-lsp-ide-0.5.2\\out\\server\\src\\server.js:57:54835\n    at Array.map (<anonymous>)\n    at c:\\Users\\LUZ RAMIREZ\\.vscode\\extensions\\uqbar.wollok-lsp-ide-0.5.2\\out\\server\\src\\server.js:57:54822\n    at c (c:\\Users\\LUZ RAMIREZ\\.vscode\\extensions\\uqbar.wollok-lsp-ide-0.5.2\\out\\server\\src\\server.js:38:13207)\n    at c:\\Users\\LUZ RAMIREZ\\.vscode\\extensions\\uqbar.wollok-lsp-ide-0.5.2\\out\\server\\src\\server.js:38:13198\n    at Array.reduce (<anonymous>)","timestamp":"2025-07-03T18:35:47.734Z"}
{"level":"info","message":"⌛ Validating mago.wlk","timeElapsed":379,"timestamp":"2025-07-03T18:35:47.735Z"}
{"level":"info","message":"⌛ Building environment","timeElapsed":415,"timestamp":"2025-07-03T18:35:48.181Z"}
{"level":"info","message":"⌛ Building environment","timeElapsed":443,"timestamp":"2025-07-03T18:35:48.694Z"}
{"level":"info","message":"⌛ Building environment","timeElapsed":369,"timestamp":"2025-07-03T18:35:49.067Z"}
{"level":"info","message":"⌛ Building environment","timeElapsed":342,"timestamp":"2025-07-03T18:35:49.451Z"}
{"level":"info","message":"⌛ Building environment","timeElapsed":462,"timestamp":"2025-07-03T18:35:49.918Z"}
{"level":"info","message":"⌛ Building environment","timeElapsed":434,"timestamp":"2025-07-03T18:35:50.575Z"}
{"level":"info","message":"⌛ Building environment","timeElapsed":333,"timestamp":"2025-07-03T18:35:50.966Z"}
{"level":"info","message":"⌛ Building environment","timeElapsed":348,"timestamp":"2025-07-03T18:35:51.317Z"}
{"level":"info","message":"⌛ Building environment","timeElapsed":394,"timestamp":"2025-07-03T18:35:51.762Z"}
{"level":"info","message":"⌛ Building environment","timeElapsed":604,"timestamp":"2025-07-03T18:35:52.368Z"}
{"level":"info","message":"⌛ Building environment","timeElapsed":897,"timestamp":"2025-07-03T18:35:53.267Z"}
{"level":"info","message":"⌛ Building environment","timeElapsed":407,"timestamp":"2025-07-03T18:35:53.678Z"}
{"level":"info","message":"⌛ Building environment","timeElapsed":417,"timestamp":"2025-07-03T18:35:54.185Z"}
{"level":"info","message":"⌛ Building environment","timeElapsed":1217,"timestamp":"2025-07-03T18:35:55.421Z"}
{"level":"info","message":"⌛ Validating mago.wlk","timeElapsed":480,"timestamp":"2025-07-03T18:35:55.951Z"}
{"level":"info","message":"⌛ Building environment","timeElapsed":370,"timestamp":"2025-07-03T18:35:56.334Z"}
{"level":"info","message":"⌛ Validating mago.wlk","timeElapsed":422,"timestamp":"2025-07-03T18:35:56.763Z"}
{"level":"info","message":"⌛ Building environment","timeElapsed":365,"timestamp":"2025-07-03T18:35:57.129Z"}
{"level":"info","message":"⌛ Building environment","timeElapsed":314,"timestamp":"2025-07-03T18:35:57.447Z"}
{"level":"info","message":"⌛ Autocomplete - Class","timeElapsed":106,"timestamp":"2025-07-03T18:35:57.585Z"}
{"level":"info","message":"⌛ Building environment","timeElapsed":303,"timestamp":"2025-07-03T18:35:57.899Z"}
{"level":"info","message":"⌛ Building environment","timeElapsed":374,"timestamp":"2025-07-03T18:35:58.327Z"}
{"level":"info","message":"⌛ Validating mago.wlk","timeElapsed":394,"timestamp":"2025-07-03T18:35:58.742Z"}
{"level":"info","message":"⌛ Building environment","timeElapsed":283,"timestamp":"2025-07-03T18:35:59.028Z"}
{"level":"info","message":"⌛ Building environment","timeElapsed":323,"timestamp":"2025-07-03T18:35:59.399Z"}
{"level":"info","message":"⌛ Validating mago.wlk","timeElapsed":344,"timestamp":"2025-07-03T18:35:59.795Z"}
{"level":"error","message":"✘ Validate text document error: TypeError: o.allFields is not iterable o.allFields is not iterable","stack":"TypeError: o.allFields is not iterable\n    at Zsn (c:\\Users\\LUZ RAMIREZ\\.vscode\\extensions\\uqbar.wollok-lsp-ide-0.5.2\\out\\server\\src\\server.js:57:11529)\n    at Jsn (c:\\Users\\LUZ RAMIREZ\\.vscode\\extensions\\uqbar.wollok-lsp-ide-0.5.2\\out\\server\\src\\server.js:57:11412)\n    at v.shouldPassValuesToAllAttributes.n (c:\\Users\\LUZ RAMIREZ\\.vscode\\extensions\\uqbar.wollok-lsp-ide-0.5.2\\out\\server\\src\\server.js:57:36397)\n    at c:\\Users\\LUZ RAMIREZ\\.vscode\\extensions\\uqbar.wollok-lsp-ide-0.5.2\\out\\server\\src\\server.js:57:32764\n    at c:\\Users\\LUZ RAMIREZ\\.vscode\\extensions\\uqbar.wollok-lsp-ide-0.5.2\\out\\server\\src\\server.js:57:54835\n    at Array.map (<anonymous>)\n    at c:\\Users\\LUZ RAMIREZ\\.vscode\\extensions\\uqbar.wollok-lsp-ide-0.5.2\\out\\server\\src\\server.js:57:54822\n    at c (c:\\Users\\LUZ RAMIREZ\\.vscode\\extensions\\uqbar.wollok-lsp-ide-0.5.2\\out\\server\\src\\server.js:38:13207)\n    at c:\\Users\\LUZ RAMIREZ\\.vscode\\extensions\\uqbar.wollok-lsp-ide-0.5.2\\out\\server\\src\\server.js:38:13198\n    at Array.reduce (<anonymous>)","timestamp":"2025-07-03T18:36:00.235Z"}
{"level":"info","message":"⌛ Validating mago.wlk","timeElapsed":409,"timestamp":"2025-07-03T18:36:00.236Z"}
{"level":"error","message":"✘ Validate text document error: TypeError: o.allFields is not iterable o.allFields is not iterable","stack":"TypeError: o.allFields is not iterable\n    at Zsn (c:\\Users\\LUZ RAMIREZ\\.vscode\\extensions\\uqbar.wollok-lsp-ide-0.5.2\\out\\server\\src\\server.js:57:11529)\n    at Jsn (c:\\Users\\LUZ RAMIREZ\\.vscode\\extensions\\uqbar.wollok-lsp-ide-0.5.2\\out\\server\\src\\server.js:57:11412)\n    at v.shouldPassValuesToAllAttributes.n (c:\\Users\\LUZ RAMIREZ\\.vscode\\extensions\\uqbar.wollok-lsp-ide-0.5.2\\out\\server\\src\\server.js:57:36397)\n    at c:\\Users\\LUZ RAMIREZ\\.vscode\\extensions\\uqbar.wollok-lsp-ide-0.5.2\\out\\server\\src\\server.js:57:32764\n    at c:\\Users\\LUZ RAMIREZ\\.vscode\\extensions\\uqbar.wollok-lsp-ide-0.5.2\\out\\server\\src\\server.js:57:54835\n    at Array.map (<anonymous>)\n    at c:\\Users\\LUZ RAMIREZ\\.vscode\\extensions\\uqbar.wollok-lsp-ide-0.5.2\\out\\server\\src\\server.js:57:54822\n    at c (c:\\Users\\LUZ RAMIREZ\\.vscode\\extensions\\uqbar.wollok-lsp-ide-0.5.2\\out\\server\\src\\server.js:38:13207)\n    at c:\\Users\\LUZ RAMIREZ\\.vscode\\extensions\\uqbar.wollok-lsp-ide-0.5.2\\out\\server\\src\\server.js:38:13198\n    at Array.reduce (<anonymous>)","timestamp":"2025-07-03T18:36:00.720Z"}
{"level":"info","message":"⌛ Validating mago.wlk","timeElapsed":470,"timestamp":"2025-07-03T18:36:00.721Z"}
{"level":"error","message":"✘ Completions for node Send ([42:63, 42:75] - mago.wlk) failed: Error: [Send]{297d45} at mago.wlk:42 exhausted all cases without a match [Send]{297d45} at mago.wlk:42 exhausted all cases without a match","stack":"Error: [Send]{297d45} at mago.wlk:42 exhausted all cases without a match\n    at c:\\Users\\LUZ RAMIREZ\\.vscode\\extensions\\uqbar.wollok-lsp-ide-0.5.2\\out\\server\\src\\server.js:38:6142\n    at C2 (c:\\Users\\LUZ RAMIREZ\\.vscode\\extensions\\uqbar.wollok-lsp-ide-0.5.2\\out\\server\\src\\server.js:2362:42)\n    at Gh (c:\\Users\\LUZ RAMIREZ\\.vscode\\extensions\\uqbar.wollok-lsp-ide-0.5.2\\out\\server\\src\\server.js:2362:1092)\n    at l8n (c:\\Users\\LUZ RAMIREZ\\.vscode\\extensions\\uqbar.wollok-lsp-ide-0.5.2\\out\\server\\src\\server.js:2362:1248)\n    at c:\\Users\\LUZ RAMIREZ\\.vscode\\extensions\\uqbar.wollok-lsp-ide-0.5.2\\out\\server\\src\\server.js:38:6131\n    at C2 (c:\\Users\\LUZ RAMIREZ\\.vscode\\extensions\\uqbar.wollok-lsp-ide-0.5.2\\out\\server\\src\\server.js:2362:42)\n    at c:\\Users\\LUZ RAMIREZ\\.vscode\\extensions\\uqbar.wollok-lsp-ide-0.5.2\\out\\server\\src\\server.js:2362:2988\n    at c:\\Users\\LUZ RAMIREZ\\.vscode\\extensions\\uqbar.wollok-lsp-ide-0.5.2\\out\\server\\src\\server.js:2371:8440\n    at c:\\Users\\LUZ RAMIREZ\\.vscode\\extensions\\uqbar.wollok-lsp-ide-0.5.2\\out\\server\\src\\server.js:37:74872\n    at Ye (c:\\Users\\LUZ RAMIREZ\\.vscode\\extensions\\uqbar.wollok-lsp-ide-0.5.2\\out\\server\\src\\server.js:7:8527)","timestamp":"2025-07-03T18:36:00.796Z"}
{"level":"error","message":"✘ Completions for node NamedArgument ([42:59, 42:75] - mago.wlk) failed: Error: [NamedArgument]{603060} at mago.wlk:42 exhausted all cases without a match [NamedArgument]{603060} at mago.wlk:42 exhausted all cases without a match","stack":"Error: [NamedArgument]{603060} at mago.wlk:42 exhausted all cases without a match\n    at c:\\Users\\LUZ RAMIREZ\\.vscode\\extensions\\uqbar.wollok-lsp-ide-0.5.2\\out\\server\\src\\server.js:38:6142\n    at C2 (c:\\Users\\LUZ RAMIREZ\\.vscode\\extensions\\uqbar.wollok-lsp-ide-0.5.2\\out\\server\\src\\server.js:2362:42)\n    at Gh (c:\\Users\\LUZ RAMIREZ\\.vscode\\extensions\\uqbar.wollok-lsp-ide-0.5.2\\out\\server\\src\\server.js:2362:1092)\n    at C2 (c:\\Users\\LUZ RAMIREZ\\.vscode\\extensions\\uqbar.wollok-lsp-ide-0.5.2\\out\\server\\src\\server.js:2362:544)\n    at Gh (c:\\Users\\LUZ RAMIREZ\\.vscode\\extensions\\uqbar.wollok-lsp-ide-0.5.2\\out\\server\\src\\server.js:2362:1092)\n    at l8n (c:\\Users\\LUZ RAMIREZ\\.vscode\\extensions\\uqbar.wollok-lsp-ide-0.5.2\\out\\server\\src\\server.js:2362:1248)\n    at c:\\Users\\LUZ RAMIREZ\\.vscode\\extensions\\uqbar.wollok-lsp-ide-0.5.2\\out\\server\\src\\server.js:38:6131\n    at C2 (c:\\Users\\LUZ RAMIREZ\\.vscode\\extensions\\uqbar.wollok-lsp-ide-0.5.2\\out\\server\\src\\server.js:2362:42)\n    at c:\\Users\\LUZ RAMIREZ\\.vscode\\extensions\\uqbar.wollok-lsp-ide-0.5.2\\out\\server\\src\\server.js:2362:2988\n    at c:\\Users\\LUZ RAMIREZ\\.vscode\\extensions\\uqbar.wollok-lsp-ide-0.5.2\\out\\server\\src\\server.js:2371:8440","timestamp":"2025-07-03T18:36:00.797Z"}
{"level":"error","message":"✘ Completions for node Send ([42:63, 42:75] - mago.wlk) failed: Error: [Send]{297d45} at mago.wlk:42 exhausted all cases without a match [Send]{297d45} at mago.wlk:42 exhausted all cases without a match","stack":"Error: [Send]{297d45} at mago.wlk:42 exhausted all cases without a match\n    at c:\\Users\\LUZ RAMIREZ\\.vscode\\extensions\\uqbar.wollok-lsp-ide-0.5.2\\out\\server\\src\\server.js:38:6142\n    at C2 (c:\\Users\\LUZ RAMIREZ\\.vscode\\extensions\\uqbar.wollok-lsp-ide-0.5.2\\out\\server\\src\\server.js:2362:42)\n    at Gh (c:\\Users\\LUZ RAMIREZ\\.vscode\\extensions\\uqbar.wollok-lsp-ide-0.5.2\\out\\server\\src\\server.js:2362:1092)\n    at l8n (c:\\Users\\LUZ RAMIREZ\\.vscode\\extensions\\uqbar.wollok-lsp-ide-0.5.2\\out\\server\\src\\server.js:2362:1248)\n    at c:\\Users\\LUZ RAMIREZ\\.vscode\\extensions\\uqbar.wollok-lsp-ide-0.5.2\\out\\server\\src\\server.js:38:6131\n    at C2 (c:\\Users\\LUZ RAMIREZ\\.vscode\\extensions\\uqbar.wollok-lsp-ide-0.5.2\\out\\server\\src\\server.js:2362:42)\n    at c:\\Users\\LUZ RAMIREZ\\.vscode\\extensions\\uqbar.wollok-lsp-ide-0.5.2\\out\\server\\src\\server.js:2362:2988\n    at c:\\Users\\LUZ RAMIREZ\\.vscode\\extensions\\uqbar.wollok-lsp-ide-0.5.2\\out\\server\\src\\server.js:2371:8440\n    at c:\\Users\\LUZ RAMIREZ\\.vscode\\extensions\\uqbar.wollok-lsp-ide-0.5.2\\out\\server\\src\\server.js:37:74872\n    at Ye (c:\\Users\\LUZ RAMIREZ\\.vscode\\extensions\\uqbar.wollok-lsp-ide-0.5.2\\out\\server\\src\\server.js:7:8527)","timestamp":"2025-07-03T18:36:00.864Z"}
{"level":"error","message":"✘ Completions for node NamedArgument ([42:59, 42:75] - mago.wlk) failed: Error: [NamedArgument]{603060} at mago.wlk:42 exhausted all cases without a match [NamedArgument]{603060} at mago.wlk:42 exhausted all cases without a match","stack":"Error: [NamedArgument]{603060} at mago.wlk:42 exhausted all cases without a match\n    at c:\\Users\\LUZ RAMIREZ\\.vscode\\extensions\\uqbar.wollok-lsp-ide-0.5.2\\out\\server\\src\\server.js:38:6142\n    at C2 (c:\\Users\\LUZ RAMIREZ\\.vscode\\extensions\\uqbar.wollok-lsp-ide-0.5.2\\out\\server\\src\\server.js:2362:42)\n    at Gh (c:\\Users\\LUZ RAMIREZ\\.vscode\\extensions\\uqbar.wollok-lsp-ide-0.5.2\\out\\server\\src\\server.js:2362:1092)\n    at C2 (c:\\Users\\LUZ RAMIREZ\\.vscode\\extensions\\uqbar.wollok-lsp-ide-0.5.2\\out\\server\\src\\server.js:2362:544)\n    at Gh (c:\\Users\\LUZ RAMIREZ\\.vscode\\extensions\\uqbar.wollok-lsp-ide-0.5.2\\out\\server\\src\\server.js:2362:1092)\n    at l8n (c:\\Users\\LUZ RAMIREZ\\.vscode\\extensions\\uqbar.wollok-lsp-ide-0.5.2\\out\\server\\src\\server.js:2362:1248)\n    at c:\\Users\\LUZ RAMIREZ\\.vscode\\extensions\\uqbar.wollok-lsp-ide-0.5.2\\out\\server\\src\\server.js:38:6131\n    at C2 (c:\\Users\\LUZ RAMIREZ\\.vscode\\extensions\\uqbar.wollok-lsp-ide-0.5.2\\out\\server\\src\\server.js:2362:42)\n    at c:\\Users\\LUZ RAMIREZ\\.vscode\\extensions\\uqbar.wollok-lsp-ide-0.5.2\\out\\server\\src\\server.js:2362:2988\n    at c:\\Users\\LUZ RAMIREZ\\.vscode\\extensions\\uqbar.wollok-lsp-ide-0.5.2\\out\\server\\src\\server.js:2371:8440","timestamp":"2025-07-03T18:36:00.865Z"}
{"level":"error","message":"✘ Completions for node Send ([42:63, 42:75] - mago.wlk) failed: Error: [Send]{297d45} at mago.wlk:42 exhausted all cases without a match [Send]{297d45} at mago.wlk:42 exhausted all cases without a match","stack":"Error: [Send]{297d45} at mago.wlk:42 exhausted all cases without a match\n    at c:\\Users\\LUZ RAMIREZ\\.vscode\\extensions\\uqbar.wollok-lsp-ide-0.5.2\\out\\server\\src\\server.js:38:6142\n    at C2 (c:\\Users\\LUZ RAMIREZ\\.vscode\\extensions\\uqbar.wollok-lsp-ide-0.5.2\\out\\server\\src\\server.js:2362:42)\n    at Gh (c:\\Users\\LUZ RAMIREZ\\.vscode\\extensions\\uqbar.wollok-lsp-ide-0.5.2\\out\\server\\src\\server.js:2362:1092)\n    at l8n (c:\\Users\\LUZ RAMIREZ\\.vscode\\extensions\\uqbar.wollok-lsp-ide-0.5.2\\out\\server\\src\\server.js:2362:1248)\n    at c:\\Users\\LUZ RAMIREZ\\.vscode\\extensions\\uqbar.wollok-lsp-ide-0.5.2\\out\\server\\src\\server.js:38:6131\n    at C2 (c:\\Users\\LUZ RAMIREZ\\.vscode\\extensions\\uqbar.wollok-lsp-ide-0.5.2\\out\\server\\src\\server.js:2362:42)\n    at c:\\Users\\LUZ RAMIREZ\\.vscode\\extensions\\uqbar.wollok-lsp-ide-0.5.2\\out\\server\\src\\server.js:2362:2988\n    at c:\\Users\\LUZ RAMIREZ\\.vscode\\extensions\\uqbar.wollok-lsp-ide-0.5.2\\out\\server\\src\\server.js:2371:8440\n    at c:\\Users\\LUZ RAMIREZ\\.vscode\\extensions\\uqbar.wollok-lsp-ide-0.5.2\\out\\server\\src\\server.js:37:74872\n    at Ye (c:\\Users\\LUZ RAMIREZ\\.vscode\\extensions\\uqbar.wollok-lsp-ide-0.5.2\\out\\server\\src\\server.js:7:8527)","timestamp":"2025-07-03T18:36:00.932Z"}
{"level":"error","message":"✘ Completions for node NamedArgument ([42:59, 42:75] - mago.wlk) failed: Error: [NamedArgument]{603060} at mago.wlk:42 exhausted all cases without a match [NamedArgument]{603060} at mago.wlk:42 exhausted all cases without a match","stack":"Error: [NamedArgument]{603060} at mago.wlk:42 exhausted all cases without a match\n    at c:\\Users\\LUZ RAMIREZ\\.vscode\\extensions\\uqbar.wollok-lsp-ide-0.5.2\\out\\server\\src\\server.js:38:6142\n    at C2 (c:\\Users\\LUZ RAMIREZ\\.vscode\\extensions\\uqbar.wollok-lsp-ide-0.5.2\\out\\server\\src\\server.js:2362:42)\n    at Gh (c:\\Users\\LUZ RAMIREZ\\.vscode\\extensions\\uqbar.wollok-lsp-ide-0.5.2\\out\\server\\src\\server.js:2362:1092)\n    at C2 (c:\\Users\\LUZ RAMIREZ\\.vscode\\extensions\\uqbar.wollok-lsp-ide-0.5.2\\out\\server\\src\\server.js:2362:544)\n    at Gh (c:\\Users\\LUZ RAMIREZ\\.vscode\\extensions\\uqbar.wollok-lsp-ide-0.5.2\\out\\server\\src\\server.js:2362:1092)\n    at l8n (c:\\Users\\LUZ RAMIREZ\\.vscode\\extensions\\uqbar.wollok-lsp-ide-0.5.2\\out\\server\\src\\server.js:2362:1248)\n    at c:\\Users\\LUZ RAMIREZ\\.vscode\\extensions\\uqbar.wollok-lsp-ide-0.5.2\\out\\server\\src\\server.js:38:6131\n    at C2 (c:\\Users\\LUZ RAMIREZ\\.vscode\\extensions\\uqbar.wollok-lsp-ide-0.5.2\\out\\server\\src\\server.js:2362:42)\n    at c:\\Users\\LUZ RAMIREZ\\.vscode\\extensions\\uqbar.wollok-lsp-ide-0.5.2\\out\\server\\src\\server.js:2362:2988\n    at c:\\Users\\LUZ RAMIREZ\\.vscode\\extensions\\uqbar.wollok-lsp-ide-0.5.2\\out\\server\\src\\server.js:2371:8440","timestamp":"2025-07-03T18:36:00.933Z"}
{"level":"error","message":"✘ Completions for node Send ([42:63, 42:75] - mago.wlk) failed: Error: [Send]{297d45} at mago.wlk:42 exhausted all cases without a match [Send]{297d45} at mago.wlk:42 exhausted all cases without a match","stack":"Error: [Send]{297d45} at mago.wlk:42 exhausted all cases without a match\n    at c:\\Users\\LUZ RAMIREZ\\.vscode\\extensions\\uqbar.wollok-lsp-ide-0.5.2\\out\\server\\src\\server.js:38:6142\n    at C2 (c:\\Users\\LUZ RAMIREZ\\.vscode\\extensions\\uqbar.wollok-lsp-ide-0.5.2\\out\\server\\src\\server.js:2362:42)\n    at Gh (c:\\Users\\LUZ RAMIREZ\\.vscode\\extensions\\uqbar.wollok-lsp-ide-0.5.2\\out\\server\\src\\server.js:2362:1092)\n    at l8n (c:\\Users\\LUZ RAMIREZ\\.vscode\\extensions\\uqbar.wollok-lsp-ide-0.5.2\\out\\server\\src\\server.js:2362:1248)\n    at c:\\Users\\LUZ RAMIREZ\\.vscode\\extensions\\uqbar.wollok-lsp-ide-0.5.2\\out\\server\\src\\server.js:38:6131\n    at C2 (c:\\Users\\LUZ RAMIREZ\\.vscode\\extensions\\uqbar.wollok-lsp-ide-0.5.2\\out\\server\\src\\server.js:2362:42)\n    at c:\\Users\\LUZ RAMIREZ\\.vscode\\extensions\\uqbar.wollok-lsp-ide-0.5.2\\out\\server\\src\\server.js:2362:2988\n    at c:\\Users\\LUZ RAMIREZ\\.vscode\\extensions\\uqbar.wollok-lsp-ide-0.5.2\\out\\server\\src\\server.js:2371:8440\n    at c:\\Users\\LUZ RAMIREZ\\.vscode\\extensions\\uqbar.wollok-lsp-ide-0.5.2\\out\\server\\src\\server.js:37:74872\n    at Ye (c:\\Users\\LUZ RAMIREZ\\.vscode\\extensions\\uqbar.wollok-lsp-ide-0.5.2\\out\\server\\src\\server.js:7:8527)","timestamp":"2025-07-03T18:36:01.000Z"}
{"level":"error","message":"✘ Completions for node NamedArgument ([42:59, 42:75] - mago.wlk) failed: Error: [NamedArgument]{603060} at mago.wlk:42 exhausted all cases without a match [NamedArgument]{603060} at mago.wlk:42 exhausted all cases without a match","stack":"Error: [NamedArgument]{603060} at mago.wlk:42 exhausted all cases without a match\n    at c:\\Users\\LUZ RAMIREZ\\.vscode\\extensions\\uqbar.wollok-lsp-ide-0.5.2\\out\\server\\src\\server.js:38:6142\n    at C2 (c:\\Users\\LUZ RAMIREZ\\.vscode\\extensions\\uqbar.wollok-lsp-ide-0.5.2\\out\\server\\src\\server.js:2362:42)\n    at Gh (c:\\Users\\LUZ RAMIREZ\\.vscode\\extensions\\uqbar.wollok-lsp-ide-0.5.2\\out\\server\\src\\server.js:2362:1092)\n    at C2 (c:\\Users\\LUZ RAMIREZ\\.vscode\\extensions\\uqbar.wollok-lsp-ide-0.5.2\\out\\server\\src\\server.js:2362:544)\n    at Gh (c:\\Users\\LUZ RAMIREZ\\.vscode\\extensions\\uqbar.wollok-lsp-ide-0.5.2\\out\\server\\src\\server.js:2362:1092)\n    at l8n (c:\\Users\\LUZ RAMIREZ\\.vscode\\extensions\\uqbar.wollok-lsp-ide-0.5.2\\out\\server\\src\\server.js:2362:1248)\n    at c:\\Users\\LUZ RAMIREZ\\.vscode\\extensions\\uqbar.wollok-lsp-ide-0.5.2\\out\\server\\src\\server.js:38:6131\n    at C2 (c:\\Users\\LUZ RAMIREZ\\.vscode\\extensions\\uqbar.wollok-lsp-ide-0.5.2\\out\\server\\src\\server.js:2362:42)\n    at c:\\Users\\LUZ RAMIREZ\\.vscode\\extensions\\uqbar.wollok-lsp-ide-0.5.2\\out\\server\\src\\server.js:2362:2988\n    at c:\\Users\\LUZ RAMIREZ\\.vscode\\extensions\\uqbar.wollok-lsp-ide-0.5.2\\out\\server\\src\\server.js:2371:8440","timestamp":"2025-07-03T18:36:01.001Z"}
{"level":"error","message":"✘ Completions for node Send ([42:63, 42:75] - mago.wlk) failed: Error: [Send]{297d45} at mago.wlk:42 exhausted all cases without a match [Send]{297d45} at mago.wlk:42 exhausted all cases without a match","stack":"Error: [Send]{297d45} at mago.wlk:42 exhausted all cases without a match\n    at c:\\Users\\LUZ RAMIREZ\\.vscode\\extensions\\uqbar.wollok-lsp-ide-0.5.2\\out\\server\\src\\server.js:38:6142\n    at C2 (c:\\Users\\LUZ RAMIREZ\\.vscode\\extensions\\uqbar.wollok-lsp-ide-0.5.2\\out\\server\\src\\server.js:2362:42)\n    at Gh (c:\\Users\\LUZ RAMIREZ\\.vscode\\extensions\\uqbar.wollok-lsp-ide-0.5.2\\out\\server\\src\\server.js:2362:1092)\n    at l8n (c:\\Users\\LUZ RAMIREZ\\.vscode\\extensions\\uqbar.wollok-lsp-ide-0.5.2\\out\\server\\src\\server.js:2362:1248)\n    at c:\\Users\\LUZ RAMIREZ\\.vscode\\extensions\\uqbar.wollok-lsp-ide-0.5.2\\out\\server\\src\\server.js:38:6131\n    at C2 (c:\\Users\\LUZ RAMIREZ\\.vscode\\extensions\\uqbar.wollok-lsp-ide-0.5.2\\out\\server\\src\\server.js:2362:42)\n    at c:\\Users\\LUZ RAMIREZ\\.vscode\\extensions\\uqbar.wollok-lsp-ide-0.5.2\\out\\server\\src\\server.js:2362:2988\n    at c:\\Users\\LUZ RAMIREZ\\.vscode\\extensions\\uqbar.wollok-lsp-ide-0.5.2\\out\\server\\src\\server.js:2371:8440\n    at c:\\Users\\LUZ RAMIREZ\\.vscode\\extensions\\uqbar.wollok-lsp-ide-0.5.2\\out\\server\\src\\server.js:37:74872\n    at Ye (c:\\Users\\LUZ RAMIREZ\\.vscode\\extensions\\uqbar.wollok-lsp-ide-0.5.2\\out\\server\\src\\server.js:7:8527)","timestamp":"2025-07-03T18:36:01.079Z"}
{"level":"error","message":"✘ Completions for node NamedArgument ([42:59, 42:75] - mago.wlk) failed: Error: [NamedArgument]{603060} at mago.wlk:42 exhausted all cases without a match [NamedArgument]{603060} at mago.wlk:42 exhausted all cases without a match","stack":"Error: [NamedArgument]{603060} at mago.wlk:42 exhausted all cases without a match\n    at c:\\Users\\LUZ RAMIREZ\\.vscode\\extensions\\uqbar.wollok-lsp-ide-0.5.2\\out\\server\\src\\server.js:38:6142\n    at C2 (c:\\Users\\LUZ RAMIREZ\\.vscode\\extensions\\uqbar.wollok-lsp-ide-0.5.2\\out\\server\\src\\server.js:2362:42)\n    at Gh (c:\\Users\\LUZ RAMIREZ\\.vscode\\extensions\\uqbar.wollok-lsp-ide-0.5.2\\out\\server\\src\\server.js:2362:1092)\n    at C2 (c:\\Users\\LUZ RAMIREZ\\.vscode\\extensions\\uqbar.wollok-lsp-ide-0.5.2\\out\\server\\src\\server.js:2362:544)\n    at Gh (c:\\Users\\LUZ RAMIREZ\\.vscode\\extensions\\uqbar.wollok-lsp-ide-0.5.2\\out\\server\\src\\server.js:2362:1092)\n    at l8n (c:\\Users\\LUZ RAMIREZ\\.vscode\\extensions\\uqbar.wollok-lsp-ide-0.5.2\\out\\server\\src\\server.js:2362:1248)\n    at c:\\Users\\LUZ RAMIREZ\\.vscode\\extensions\\uqbar.wollok-lsp-ide-0.5.2\\out\\server\\src\\server.js:38:6131\n    at C2 (c:\\Users\\LUZ RAMIREZ\\.vscode\\extensions\\uqbar.wollok-lsp-ide-0.5.2\\out\\server\\src\\server.js:2362:42)\n    at c:\\Users\\LUZ RAMIREZ\\.vscode\\extensions\\uqbar.wollok-lsp-ide-0.5.2\\out\\server\\src\\server.js:2362:2988\n    at c:\\Users\\LUZ RAMIREZ\\.vscode\\extensions\\uqbar.wollok-lsp-ide-0.5.2\\out\\server\\src\\server.js:2371:8440","timestamp":"2025-07-03T18:36:01.080Z"}
{"level":"error","message":"✘ Completions for node Send ([42:63, 42:75] - mago.wlk) failed: Error: [Send]{297d45} at mago.wlk:42 exhausted all cases without a match [Send]{297d45} at mago.wlk:42 exhausted all cases without a match","stack":"Error: [Send]{297d45} at mago.wlk:42 exhausted all cases without a match\n    at c:\\Users\\LUZ RAMIREZ\\.vscode\\extensions\\uqbar.wollok-lsp-ide-0.5.2\\out\\server\\src\\server.js:38:6142\n    at C2 (c:\\Users\\LUZ RAMIREZ\\.vscode\\extensions\\uqbar.wollok-lsp-ide-0.5.2\\out\\server\\src\\server.js:2362:42)\n    at Gh (c:\\Users\\LUZ RAMIREZ\\.vscode\\extensions\\uqbar.wollok-lsp-ide-0.5.2\\out\\server\\src\\server.js:2362:1092)\n    at l8n (c:\\Users\\LUZ RAMIREZ\\.vscode\\extensions\\uqbar.wollok-lsp-ide-0.5.2\\out\\server\\src\\server.js:2362:1248)\n    at c:\\Users\\LUZ RAMIREZ\\.vscode\\extensions\\uqbar.wollok-lsp-ide-0.5.2\\out\\server\\src\\server.js:38:6131\n    at C2 (c:\\Users\\LUZ RAMIREZ\\.vscode\\extensions\\uqbar.wollok-lsp-ide-0.5.2\\out\\server\\src\\server.js:2362:42)\n    at c:\\Users\\LUZ RAMIREZ\\.vscode\\extensions\\uqbar.wollok-lsp-ide-0.5.2\\out\\server\\src\\server.js:2362:2988\n    at c:\\Users\\LUZ RAMIREZ\\.vscode\\extensions\\uqbar.wollok-lsp-ide-0.5.2\\out\\server\\src\\server.js:2371:8440\n    at c:\\Users\\LUZ RAMIREZ\\.vscode\\extensions\\uqbar.wollok-lsp-ide-0.5.2\\out\\server\\src\\server.js:37:74872\n    at Ye (c:\\Users\\LUZ RAMIREZ\\.vscode\\extensions\\uqbar.wollok-lsp-ide-0.5.2\\out\\server\\src\\server.js:7:8527)","timestamp":"2025-07-03T18:36:01.145Z"}
{"level":"error","message":"✘ Completions for node NamedArgument ([42:59, 42:75] - mago.wlk) failed: Error: [NamedArgument]{603060} at mago.wlk:42 exhausted all cases without a match [NamedArgument]{603060} at mago.wlk:42 exhausted all cases without a match","stack":"Error: [NamedArgument]{603060} at mago.wlk:42 exhausted all cases without a match\n    at c:\\Users\\LUZ RAMIREZ\\.vscode\\extensions\\uqbar.wollok-lsp-ide-0.5.2\\out\\server\\src\\server.js:38:6142\n    at C2 (c:\\Users\\LUZ RAMIREZ\\.vscode\\extensions\\uqbar.wollok-lsp-ide-0.5.2\\out\\server\\src\\server.js:2362:42)\n    at Gh (c:\\Users\\LUZ RAMIREZ\\.vscode\\extensions\\uqbar.wollok-lsp-ide-0.5.2\\out\\server\\src\\server.js:2362:1092)\n    at C2 (c:\\Users\\LUZ RAMIREZ\\.vscode\\extensions\\uqbar.wollok-lsp-ide-0.5.2\\out\\server\\src\\server.js:2362:544)\n    at Gh (c:\\Users\\LUZ RAMIREZ\\.vscode\\extensions\\uqbar.wollok-lsp-ide-0.5.2\\out\\server\\src\\server.js:2362:1092)\n    at l8n (c:\\Users\\LUZ RAMIREZ\\.vscode\\extensions\\uqbar.wollok-lsp-ide-0.5.2\\out\\server\\src\\server.js:2362:1248)\n    at c:\\Users\\LUZ RAMIREZ\\.vscode\\extensions\\uqbar.wollok-lsp-ide-0.5.2\\out\\server\\src\\server.js:38:6131\n    at C2 (c:\\Users\\LUZ RAMIREZ\\.vscode\\extensions\\uqbar.wollok-lsp-ide-0.5.2\\out\\server\\src\\server.js:2362:42)\n    at c:\\Users\\LUZ RAMIREZ\\.vscode\\extensions\\uqbar.wollok-lsp-ide-0.5.2\\out\\server\\src\\server.js:2362:2988\n    at c:\\Users\\LUZ RAMIREZ\\.vscode\\extensions\\uqbar.wollok-lsp-ide-0.5.2\\out\\server\\src\\server.js:2371:8440","timestamp":"2025-07-03T18:36:01.146Z"}
{"level":"error","message":"✘ Completions for node Send ([42:63, 42:75] - mago.wlk) failed: Error: [Send]{297d45} at mago.wlk:42 exhausted all cases without a match [Send]{297d45} at mago.wlk:42 exhausted all cases without a match","stack":"Error: [Send]{297d45} at mago.wlk:42 exhausted all cases without a match\n    at c:\\Users\\LUZ RAMIREZ\\.vscode\\extensions\\uqbar.wollok-lsp-ide-0.5.2\\out\\server\\src\\server.js:38:6142\n    at C2 (c:\\Users\\LUZ RAMIREZ\\.vscode\\extensions\\uqbar.wollok-lsp-ide-0.5.2\\out\\server\\src\\server.js:2362:42)\n    at Gh (c:\\Users\\LUZ RAMIREZ\\.vscode\\extensions\\uqbar.wollok-lsp-ide-0.5.2\\out\\server\\src\\server.js:2362:1092)\n    at l8n (c:\\Users\\LUZ RAMIREZ\\.vscode\\extensions\\uqbar.wollok-lsp-ide-0.5.2\\out\\server\\src\\server.js:2362:1248)\n    at c:\\Users\\LUZ RAMIREZ\\.vscode\\extensions\\uqbar.wollok-lsp-ide-0.5.2\\out\\server\\src\\server.js:38:6131\n    at C2 (c:\\Users\\LUZ RAMIREZ\\.vscode\\extensions\\uqbar.wollok-lsp-ide-0.5.2\\out\\server\\src\\server.js:2362:42)\n    at c:\\Users\\LUZ RAMIREZ\\.vscode\\extensions\\uqbar.wollok-lsp-ide-0.5.2\\out\\server\\src\\server.js:2362:2988\n    at c:\\Users\\LUZ RAMIREZ\\.vscode\\extensions\\uqbar.wollok-lsp-ide-0.5.2\\out\\server\\src\\server.js:2371:8440\n    at c:\\Users\\LUZ RAMIREZ\\.vscode\\extensions\\uqbar.wollok-lsp-ide-0.5.2\\out\\server\\src\\server.js:37:74872\n    at Ye (c:\\Users\\LUZ RAMIREZ\\.vscode\\extensions\\uqbar.wollok-lsp-ide-0.5.2\\out\\server\\src\\server.js:7:8527)","timestamp":"2025-07-03T18:36:01.209Z"}
{"level":"error","message":"✘ Completions for node NamedArgument ([42:59, 42:75] - mago.wlk) failed: Error: [NamedArgument]{603060} at mago.wlk:42 exhausted all cases without a match [NamedArgument]{603060} at mago.wlk:42 exhausted all cases without a match","stack":"Error: [NamedArgument]{603060} at mago.wlk:42 exhausted all cases without a match\n    at c:\\Users\\LUZ RAMIREZ\\.vscode\\extensions\\uqbar.wollok-lsp-ide-0.5.2\\out\\server\\src\\server.js:38:6142\n    at C2 (c:\\Users\\LUZ RAMIREZ\\.vscode\\extensions\\uqbar.wollok-lsp-ide-0.5.2\\out\\server\\src\\server.js:2362:42)\n    at Gh (c:\\Users\\LUZ RAMIREZ\\.vscode\\extensions\\uqbar.wollok-lsp-ide-0.5.2\\out\\server\\src\\server.js:2362:1092)\n    at C2 (c:\\Users\\LUZ RAMIREZ\\.vscode\\extensions\\uqbar.wollok-lsp-ide-0.5.2\\out\\server\\src\\server.js:2362:544)\n    at Gh (c:\\Users\\LUZ RAMIREZ\\.vscode\\extensions\\uqbar.wollok-lsp-ide-0.5.2\\out\\server\\src\\server.js:2362:1092)\n    at l8n (c:\\Users\\LUZ RAMIREZ\\.vscode\\extensions\\uqbar.wollok-lsp-ide-0.5.2\\out\\server\\src\\server.js:2362:1248)\n    at c:\\Users\\LUZ RAMIREZ\\.vscode\\extensions\\uqbar.wollok-lsp-ide-0.5.2\\out\\server\\src\\server.js:38:6131\n    at C2 (c:\\Users\\LUZ RAMIREZ\\.vscode\\extensions\\uqbar.wollok-lsp-ide-0.5.2\\out\\server\\src\\server.js:2362:42)\n    at c:\\Users\\LUZ RAMIREZ\\.vscode\\extensions\\uqbar.wollok-lsp-ide-0.5.2\\out\\server\\src\\server.js:2362:2988\n    at c:\\Users\\LUZ RAMIREZ\\.vscode\\extensions\\uqbar.wollok-lsp-ide-0.5.2\\out\\server\\src\\server.js:2371:8440","timestamp":"2025-07-03T18:36:01.210Z"}
{"level":"error","message":"✘ Completions for node Send ([42:63, 42:75] - mago.wlk) failed: Error: [Send]{297d45} at mago.wlk:42 exhausted all cases without a match [Send]{297d45} at mago.wlk:42 exhausted all cases without a match","stack":"Error: [Send]{297d45} at mago.wlk:42 exhausted all cases without a match\n    at c:\\Users\\LUZ RAMIREZ\\.vscode\\extensions\\uqbar.wollok-lsp-ide-0.5.2\\out\\server\\src\\server.js:38:6142\n    at C2 (c:\\Users\\LUZ RAMIREZ\\.vscode\\extensions\\uqbar.wollok-lsp-ide-0.5.2\\out\\server\\src\\server.js:2362:42)\n    at Gh (c:\\Users\\LUZ RAMIREZ\\.vscode\\extensions\\uqbar.wollok-lsp-ide-0.5.2\\out\\server\\src\\server.js:2362:1092)\n    at l8n (c:\\Users\\LUZ RAMIREZ\\.vscode\\extensions\\uqbar.wollok-lsp-ide-0.5.2\\out\\server\\src\\server.js:2362:1248)\n    at c:\\Users\\LUZ RAMIREZ\\.vscode\\extensions\\uqbar.wollok-lsp-ide-0.5.2\\out\\server\\src\\server.js:38:6131\n    at C2 (c:\\Users\\LUZ RAMIREZ\\.vscode\\extensions\\uqbar.wollok-lsp-ide-0.5.2\\out\\server\\src\\server.js:2362:42)\n    at c:\\Users\\LUZ RAMIREZ\\.vscode\\extensions\\uqbar.wollok-lsp-ide-0.5.2\\out\\server\\src\\server.js:2362:2988\n    at c:\\Users\\LUZ RAMIREZ\\.vscode\\extensions\\uqbar.wollok-lsp-ide-0.5.2\\out\\server\\src\\server.js:2371:8440\n    at c:\\Users\\LUZ RAMIREZ\\.vscode\\extensions\\uqbar.wollok-lsp-ide-0.5.2\\out\\server\\src\\server.js:37:74872\n    at Ye (c:\\Users\\LUZ RAMIREZ\\.vscode\\extensions\\uqbar.wollok-lsp-ide-0.5.2\\out\\server\\src\\server.js:7:8527)","timestamp":"2025-07-03T18:36:01.274Z"}
{"level":"error","message":"✘ Completions for node NamedArgument ([42:59, 42:75] - mago.wlk) failed: Error: [NamedArgument]{603060} at mago.wlk:42 exhausted all cases without a match [NamedArgument]{603060} at mago.wlk:42 exhausted all cases without a match","stack":"Error: [NamedArgument]{603060} at mago.wlk:42 exhausted all cases without a match\n    at c:\\Users\\LUZ RAMIREZ\\.vscode\\extensions\\uqbar.wollok-lsp-ide-0.5.2\\out\\server\\src\\server.js:38:6142\n    at C2 (c:\\Users\\LUZ RAMIREZ\\.vscode\\extensions\\uqbar.wollok-lsp-ide-0.5.2\\out\\server\\src\\server.js:2362:42)\n    at Gh (c:\\Users\\LUZ RAMIREZ\\.vscode\\extensions\\uqbar.wollok-lsp-ide-0.5.2\\out\\server\\src\\server.js:2362:1092)\n    at C2 (c:\\Users\\LUZ RAMIREZ\\.vscode\\extensions\\uqbar.wollok-lsp-ide-0.5.2\\out\\server\\src\\server.js:2362:544)\n    at Gh (c:\\Users\\LUZ RAMIREZ\\.vscode\\extensions\\uqbar.wollok-lsp-ide-0.5.2\\out\\server\\src\\server.js:2362:1092)\n    at l8n (c:\\Users\\LUZ RAMIREZ\\.vscode\\extensions\\uqbar.wollok-lsp-ide-0.5.2\\out\\server\\src\\server.js:2362:1248)\n    at c:\\Users\\LUZ RAMIREZ\\.vscode\\extensions\\uqbar.wollok-lsp-ide-0.5.2\\out\\server\\src\\server.js:38:6131\n    at C2 (c:\\Users\\LUZ RAMIREZ\\.vscode\\extensions\\uqbar.wollok-lsp-ide-0.5.2\\out\\server\\src\\server.js:2362:42)\n    at c:\\Users\\LUZ RAMIREZ\\.vscode\\extensions\\uqbar.wollok-lsp-ide-0.5.2\\out\\server\\src\\server.js:2362:2988\n    at c:\\Users\\LUZ RAMIREZ\\.vscode\\extensions\\uqbar.wollok-lsp-ide-0.5.2\\out\\server\\src\\server.js:2371:8440","timestamp":"2025-07-03T18:36:01.274Z"}
{"level":"error","message":"✘ Validate text document error: TypeError: o.allFields is not iterable o.allFields is not iterable","stack":"TypeError: o.allFields is not iterable\n    at Zsn (c:\\Users\\LUZ RAMIREZ\\.vscode\\extensions\\uqbar.wollok-lsp-ide-0.5.2\\out\\server\\src\\server.js:57:11529)\n    at Jsn (c:\\Users\\LUZ RAMIREZ\\.vscode\\extensions\\uqbar.wollok-lsp-ide-0.5.2\\out\\server\\src\\server.js:57:11412)\n    at v.shouldPassValuesToAllAttributes.n (c:\\Users\\LUZ RAMIREZ\\.vscode\\extensions\\uqbar.wollok-lsp-ide-0.5.2\\out\\server\\src\\server.js:57:36397)\n    at c:\\Users\\LUZ RAMIREZ\\.vscode\\extensions\\uqbar.wollok-lsp-ide-0.5.2\\out\\server\\src\\server.js:57:32764\n    at c:\\Users\\LUZ RAMIREZ\\.vscode\\extensions\\uqbar.wollok-lsp-ide-0.5.2\\out\\server\\src\\server.js:57:54835\n    at Array.map (<anonymous>)\n    at c:\\Users\\LUZ RAMIREZ\\.vscode\\extensions\\uqbar.wollok-lsp-ide-0.5.2\\out\\server\\src\\server.js:57:54822\n    at c (c:\\Users\\LUZ RAMIREZ\\.vscode\\extensions\\uqbar.wollok-lsp-ide-0.5.2\\out\\server\\src\\server.js:38:13207)\n    at c:\\Users\\LUZ RAMIREZ\\.vscode\\extensions\\uqbar.wollok-lsp-ide-0.5.2\\out\\server\\src\\server.js:38:13198\n    at Array.reduce (<anonymous>)","timestamp":"2025-07-03T18:36:01.588Z"}
{"level":"info","message":"⌛ Validating mago.wlk","timeElapsed":312,"timestamp":"2025-07-03T18:36:01.590Z"}
{"level":"error","message":"✘ Validate text document error: TypeError: o.allFields is not iterable o.allFields is not iterable","stack":"TypeError: o.allFields is not iterable\n    at Zsn (c:\\Users\\LUZ RAMIREZ\\.vscode\\extensions\\uqbar.wollok-lsp-ide-0.5.2\\out\\server\\src\\server.js:57:11529)\n    at Jsn (c:\\Users\\LUZ RAMIREZ\\.vscode\\extensions\\uqbar.wollok-lsp-ide-0.5.2\\out\\server\\src\\server.js:57:11412)\n    at v.shouldPassValuesToAllAttributes.n (c:\\Users\\LUZ RAMIREZ\\.vscode\\extensions\\uqbar.wollok-lsp-ide-0.5.2\\out\\server\\src\\server.js:57:36397)\n    at c:\\Users\\LUZ RAMIREZ\\.vscode\\extensions\\uqbar.wollok-lsp-ide-0.5.2\\out\\server\\src\\server.js:57:32764\n    at c:\\Users\\LUZ RAMIREZ\\.vscode\\extensions\\uqbar.wollok-lsp-ide-0.5.2\\out\\server\\src\\server.js:57:54835\n    at Array.map (<anonymous>)\n    at c:\\Users\\LUZ RAMIREZ\\.vscode\\extensions\\uqbar.wollok-lsp-ide-0.5.2\\out\\server\\src\\server.js:57:54822\n    at c (c:\\Users\\LUZ RAMIREZ\\.vscode\\extensions\\uqbar.wollok-lsp-ide-0.5.2\\out\\server\\src\\server.js:38:13207)\n    at c:\\Users\\LUZ RAMIREZ\\.vscode\\extensions\\uqbar.wollok-lsp-ide-0.5.2\\out\\server\\src\\server.js:38:13198\n    at Array.reduce (<anonymous>)","timestamp":"2025-07-03T18:36:01.916Z"}
{"level":"info","message":"⌛ Validating mago.wlk","timeElapsed":325,"timestamp":"2025-07-03T18:36:01.916Z"}
{"level":"error","message":"✘ Validate text document error: TypeError: o.allFields is not iterable o.allFields is not iterable","stack":"TypeError: o.allFields is not iterable\n    at Zsn (c:\\Users\\LUZ RAMIREZ\\.vscode\\extensions\\uqbar.wollok-lsp-ide-0.5.2\\out\\server\\src\\server.js:57:11529)\n    at Jsn (c:\\Users\\LUZ RAMIREZ\\.vscode\\extensions\\uqbar.wollok-lsp-ide-0.5.2\\out\\server\\src\\server.js:57:11412)\n    at v.shouldPassValuesToAllAttributes.n (c:\\Users\\LUZ RAMIREZ\\.vscode\\extensions\\uqbar.wollok-lsp-ide-0.5.2\\out\\server\\src\\server.js:57:36397)\n    at c:\\Users\\LUZ RAMIREZ\\.vscode\\extensions\\uqbar.wollok-lsp-ide-0.5.2\\out\\server\\src\\server.js:57:32764\n    at c:\\Users\\LUZ RAMIREZ\\.vscode\\extensions\\uqbar.wollok-lsp-ide-0.5.2\\out\\server\\src\\server.js:57:54835\n    at Array.map (<anonymous>)\n    at c:\\Users\\LUZ RAMIREZ\\.vscode\\extensions\\uqbar.wollok-lsp-ide-0.5.2\\out\\server\\src\\server.js:57:54822\n    at c (c:\\Users\\LUZ RAMIREZ\\.vscode\\extensions\\uqbar.wollok-lsp-ide-0.5.2\\out\\server\\src\\server.js:38:13207)\n    at c:\\Users\\LUZ RAMIREZ\\.vscode\\extensions\\uqbar.wollok-lsp-ide-0.5.2\\out\\server\\src\\server.js:38:13198\n    at Array.reduce (<anonymous>)","timestamp":"2025-07-03T18:36:02.332Z"}
{"level":"info","message":"⌛ Validating mago.wlk","timeElapsed":402,"timestamp":"2025-07-03T18:36:02.332Z"}
{"level":"info","message":"⌛ Building environment","timeElapsed":281,"timestamp":"2025-07-03T18:36:02.614Z"}
{"level":"info","message":"⌛ Building environment","timeElapsed":319,"timestamp":"2025-07-03T18:36:02.964Z"}
{"level":"error","message":"✘ Validate text document error: TypeError: o.allFields is not iterable o.allFields is not iterable","stack":"TypeError: o.allFields is not iterable\n    at Zsn (c:\\Users\\LUZ RAMIREZ\\.vscode\\extensions\\uqbar.wollok-lsp-ide-0.5.2\\out\\server\\src\\server.js:57:11529)\n    at Jsn (c:\\Users\\LUZ RAMIREZ\\.vscode\\extensions\\uqbar.wollok-lsp-ide-0.5.2\\out\\server\\src\\server.js:57:11412)\n    at v.shouldPassValuesToAllAttributes.n (c:\\Users\\LUZ RAMIREZ\\.vscode\\extensions\\uqbar.wollok-lsp-ide-0.5.2\\out\\server\\src\\server.js:57:36397)\n    at c:\\Users\\LUZ RAMIREZ\\.vscode\\extensions\\uqbar.wollok-lsp-ide-0.5.2\\out\\server\\src\\server.js:57:32764\n    at c:\\Users\\LUZ RAMIREZ\\.vscode\\extensions\\uqbar.wollok-lsp-ide-0.5.2\\out\\server\\src\\server.js:57:54835\n    at Array.map (<anonymous>)\n    at c:\\Users\\LUZ RAMIREZ\\.vscode\\extensions\\uqbar.wollok-lsp-ide-0.5.2\\out\\server\\src\\server.js:57:54822\n    at c (c:\\Users\\LUZ RAMIREZ\\.vscode\\extensions\\uqbar.wollok-lsp-ide-0.5.2\\out\\server\\src\\server.js:38:13207)\n    at c:\\Users\\LUZ RAMIREZ\\.vscode\\extensions\\uqbar.wollok-lsp-ide-0.5.2\\out\\server\\src\\server.js:38:13198\n    at Array.reduce (<anonymous>)","timestamp":"2025-07-03T18:36:03.362Z"}
{"level":"info","message":"⌛ Validating mago.wlk","timeElapsed":344,"timestamp":"2025-07-03T18:36:03.363Z"}
{"level":"info","message":"⌛ Building environment","timeElapsed":301,"timestamp":"2025-07-03T18:36:03.667Z"}
{"level":"info","message":"⌛ Building environment","timeElapsed":317,"timestamp":"2025-07-03T18:36:03.986Z"}
{"level":"error","message":"✘ Validate text document error: TypeError: o.allFields is not iterable o.allFields is not iterable","stack":"TypeError: o.allFields is not iterable\n    at Zsn (c:\\Users\\LUZ RAMIREZ\\.vscode\\extensions\\uqbar.wollok-lsp-ide-0.5.2\\out\\server\\src\\server.js:57:11529)\n    at Jsn (c:\\Users\\LUZ RAMIREZ\\.vscode\\extensions\\uqbar.wollok-lsp-ide-0.5.2\\out\\server\\src\\server.js:57:11412)\n    at v.shouldPassValuesToAllAttributes.n (c:\\Users\\LUZ RAMIREZ\\.vscode\\extensions\\uqbar.wollok-lsp-ide-0.5.2\\out\\server\\src\\server.js:57:36397)\n    at c:\\Users\\LUZ RAMIREZ\\.vscode\\extensions\\uqbar.wollok-lsp-ide-0.5.2\\out\\server\\src\\server.js:57:32764\n    at c:\\Users\\LUZ RAMIREZ\\.vscode\\extensions\\uqbar.wollok-lsp-ide-0.5.2\\out\\server\\src\\server.js:57:54835\n    at Array.map (<anonymous>)\n    at c:\\Users\\LUZ RAMIREZ\\.vscode\\extensions\\uqbar.wollok-lsp-ide-0.5.2\\out\\server\\src\\server.js:57:54822\n    at c (c:\\Users\\LUZ RAMIREZ\\.vscode\\extensions\\uqbar.wollok-lsp-ide-0.5.2\\out\\server\\src\\server.js:38:13207)\n    at c:\\Users\\LUZ RAMIREZ\\.vscode\\extensions\\uqbar.wollok-lsp-ide-0.5.2\\out\\server\\src\\server.js:38:13198\n    at Array.reduce (<anonymous>)","timestamp":"2025-07-03T18:36:04.439Z"}
{"level":"info","message":"⌛ Validating mago.wlk","timeElapsed":424,"timestamp":"2025-07-03T18:36:04.440Z"}
{"level":"error","message":"✘ Validate text document error: TypeError: o.allFields is not iterable o.allFields is not iterable","stack":"TypeError: o.allFields is not iterable\n    at Zsn (c:\\Users\\LUZ RAMIREZ\\.vscode\\extensions\\uqbar.wollok-lsp-ide-0.5.2\\out\\server\\src\\server.js:57:11529)\n    at Jsn (c:\\Users\\LUZ RAMIREZ\\.vscode\\extensions\\uqbar.wollok-lsp-ide-0.5.2\\out\\server\\src\\server.js:57:11412)\n    at v.shouldPassValuesToAllAttributes.n (c:\\Users\\LUZ RAMIREZ\\.vscode\\extensions\\uqbar.wollok-lsp-ide-0.5.2\\out\\server\\src\\server.js:57:36397)\n    at c:\\Users\\LUZ RAMIREZ\\.vscode\\extensions\\uqbar.wollok-lsp-ide-0.5.2\\out\\server\\src\\server.js:57:32764\n    at c:\\Users\\LUZ RAMIREZ\\.vscode\\extensions\\uqbar.wollok-lsp-ide-0.5.2\\out\\server\\src\\server.js:57:54835\n    at Array.map (<anonymous>)\n    at c:\\Users\\LUZ RAMIREZ\\.vscode\\extensions\\uqbar.wollok-lsp-ide-0.5.2\\out\\server\\src\\server.js:57:54822\n    at c (c:\\Users\\LUZ RAMIREZ\\.vscode\\extensions\\uqbar.wollok-lsp-ide-0.5.2\\out\\server\\src\\server.js:38:13207)\n    at c:\\Users\\LUZ RAMIREZ\\.vscode\\extensions\\uqbar.wollok-lsp-ide-0.5.2\\out\\server\\src\\server.js:38:13198\n    at Array.reduce (<anonymous>)","timestamp":"2025-07-03T18:36:04.764Z"}
{"level":"info","message":"⌛ Validating mago.wlk","timeElapsed":321,"timestamp":"2025-07-03T18:36:04.765Z"}
{"level":"error","message":"✘ Validate text document error: TypeError: o.allFields is not iterable o.allFields is not iterable","stack":"TypeError: o.allFields is not iterable\n    at Zsn (c:\\Users\\LUZ RAMIREZ\\.vscode\\extensions\\uqbar.wollok-lsp-ide-0.5.2\\out\\server\\src\\server.js:57:11529)\n    at Jsn (c:\\Users\\LUZ RAMIREZ\\.vscode\\extensions\\uqbar.wollok-lsp-ide-0.5.2\\out\\server\\src\\server.js:57:11412)\n    at v.shouldPassValuesToAllAttributes.n (c:\\Users\\LUZ RAMIREZ\\.vscode\\extensions\\uqbar.wollok-lsp-ide-0.5.2\\out\\server\\src\\server.js:57:36397)\n    at c:\\Users\\LUZ RAMIREZ\\.vscode\\extensions\\uqbar.wollok-lsp-ide-0.5.2\\out\\server\\src\\server.js:57:32764\n    at c:\\Users\\LUZ RAMIREZ\\.vscode\\extensions\\uqbar.wollok-lsp-ide-0.5.2\\out\\server\\src\\server.js:57:54835\n    at Array.map (<anonymous>)\n    at c:\\Users\\LUZ RAMIREZ\\.vscode\\extensions\\uqbar.wollok-lsp-ide-0.5.2\\out\\server\\src\\server.js:57:54822\n    at c (c:\\Users\\LUZ RAMIREZ\\.vscode\\extensions\\uqbar.wollok-lsp-ide-0.5.2\\out\\server\\src\\server.js:38:13207)\n    at c:\\Users\\LUZ RAMIREZ\\.vscode\\extensions\\uqbar.wollok-lsp-ide-0.5.2\\out\\server\\src\\server.js:38:13198\n    at Array.reduce (<anonymous>)","timestamp":"2025-07-03T18:36:05.091Z"}
{"level":"info","message":"⌛ Validating mago.wlk","timeElapsed":326,"timestamp":"2025-07-03T18:36:05.092Z"}
{"level":"error","message":"✘ Validate text document error: TypeError: o.allFields is not iterable o.allFields is not iterable","stack":"TypeError: o.allFields is not iterable\n    at Zsn (c:\\Users\\LUZ RAMIREZ\\.vscode\\extensions\\uqbar.wollok-lsp-ide-0.5.2\\out\\server\\src\\server.js:57:11529)\n    at Jsn (c:\\Users\\LUZ RAMIREZ\\.vscode\\extensions\\uqbar.wollok-lsp-ide-0.5.2\\out\\server\\src\\server.js:57:11412)\n    at v.shouldPassValuesToAllAttributes.n (c:\\Users\\LUZ RAMIREZ\\.vscode\\extensions\\uqbar.wollok-lsp-ide-0.5.2\\out\\server\\src\\server.js:57:36397)\n    at c:\\Users\\LUZ RAMIREZ\\.vscode\\extensions\\uqbar.wollok-lsp-ide-0.5.2\\out\\server\\src\\server.js:57:32764\n    at c:\\Users\\LUZ RAMIREZ\\.vscode\\extensions\\uqbar.wollok-lsp-ide-0.5.2\\out\\server\\src\\server.js:57:54835\n    at Array.map (<anonymous>)\n    at c:\\Users\\LUZ RAMIREZ\\.vscode\\extensions\\uqbar.wollok-lsp-ide-0.5.2\\out\\server\\src\\server.js:57:54822\n    at c (c:\\Users\\LUZ RAMIREZ\\.vscode\\extensions\\uqbar.wollok-lsp-ide-0.5.2\\out\\server\\src\\server.js:38:13207)\n    at c:\\Users\\LUZ RAMIREZ\\.vscode\\extensions\\uqbar.wollok-lsp-ide-0.5.2\\out\\server\\src\\server.js:38:13198\n    at Array.reduce (<anonymous>)","timestamp":"2025-07-03T18:36:05.419Z"}
{"level":"info","message":"⌛ Validating mago.wlk","timeElapsed":326,"timestamp":"2025-07-03T18:36:05.420Z"}
{"level":"error","message":"✘ Validate text document error: TypeError: o.allFields is not iterable o.allFields is not iterable","stack":"TypeError: o.allFields is not iterable\n    at Zsn (c:\\Users\\LUZ RAMIREZ\\.vscode\\extensions\\uqbar.wollok-lsp-ide-0.5.2\\out\\server\\src\\server.js:57:11529)\n    at Jsn (c:\\Users\\LUZ RAMIREZ\\.vscode\\extensions\\uqbar.wollok-lsp-ide-0.5.2\\out\\server\\src\\server.js:57:11412)\n    at v.shouldPassValuesToAllAttributes.n (c:\\Users\\LUZ RAMIREZ\\.vscode\\extensions\\uqbar.wollok-lsp-ide-0.5.2\\out\\server\\src\\server.js:57:36397)\n    at c:\\Users\\LUZ RAMIREZ\\.vscode\\extensions\\uqbar.wollok-lsp-ide-0.5.2\\out\\server\\src\\server.js:57:32764\n    at c:\\Users\\LUZ RAMIREZ\\.vscode\\extensions\\uqbar.wollok-lsp-ide-0.5.2\\out\\server\\src\\server.js:57:54835\n    at Array.map (<anonymous>)\n    at c:\\Users\\LUZ RAMIREZ\\.vscode\\extensions\\uqbar.wollok-lsp-ide-0.5.2\\out\\server\\src\\server.js:57:54822\n    at c (c:\\Users\\LUZ RAMIREZ\\.vscode\\extensions\\uqbar.wollok-lsp-ide-0.5.2\\out\\server\\src\\server.js:38:13207)\n    at c:\\Users\\LUZ RAMIREZ\\.vscode\\extensions\\uqbar.wollok-lsp-ide-0.5.2\\out\\server\\src\\server.js:38:13198\n    at Array.reduce (<anonymous>)","timestamp":"2025-07-03T18:36:05.746Z"}
{"level":"info","message":"⌛ Validating mago.wlk","timeElapsed":324,"timestamp":"2025-07-03T18:36:05.747Z"}
{"level":"error","message":"✘ Validate text document error: TypeError: o.allFields is not iterable o.allFields is not iterable","stack":"TypeError: o.allFields is not iterable\n    at Zsn (c:\\Users\\LUZ RAMIREZ\\.vscode\\extensions\\uqbar.wollok-lsp-ide-0.5.2\\out\\server\\src\\server.js:57:11529)\n    at Jsn (c:\\Users\\LUZ RAMIREZ\\.vscode\\extensions\\uqbar.wollok-lsp-ide-0.5.2\\out\\server\\src\\server.js:57:11412)\n    at v.shouldPassValuesToAllAttributes.n (c:\\Users\\LUZ RAMIREZ\\.vscode\\extensions\\uqbar.wollok-lsp-ide-0.5.2\\out\\server\\src\\server.js:57:36397)\n    at c:\\Users\\LUZ RAMIREZ\\.vscode\\extensions\\uqbar.wollok-lsp-ide-0.5.2\\out\\server\\src\\server.js:57:32764\n    at c:\\Users\\LUZ RAMIREZ\\.vscode\\extensions\\uqbar.wollok-lsp-ide-0.5.2\\out\\server\\src\\server.js:57:54835\n    at Array.map (<anonymous>)\n    at c:\\Users\\LUZ RAMIREZ\\.vscode\\extensions\\uqbar.wollok-lsp-ide-0.5.2\\out\\server\\src\\server.js:57:54822\n    at c (c:\\Users\\LUZ RAMIREZ\\.vscode\\extensions\\uqbar.wollok-lsp-ide-0.5.2\\out\\server\\src\\server.js:38:13207)\n    at c:\\Users\\LUZ RAMIREZ\\.vscode\\extensions\\uqbar.wollok-lsp-ide-0.5.2\\out\\server\\src\\server.js:38:13198\n    at Array.reduce (<anonymous>)","timestamp":"2025-07-03T18:36:06.076Z"}
{"level":"info","message":"⌛ Validating mago.wlk","timeElapsed":329,"timestamp":"2025-07-03T18:36:06.077Z"}
{"level":"error","message":"✘ Validate text document error: TypeError: o.allFields is not iterable o.allFields is not iterable","stack":"TypeError: o.allFields is not iterable\n    at Zsn (c:\\Users\\LUZ RAMIREZ\\.vscode\\extensions\\uqbar.wollok-lsp-ide-0.5.2\\out\\server\\src\\server.js:57:11529)\n    at Jsn (c:\\Users\\LUZ RAMIREZ\\.vscode\\extensions\\uqbar.wollok-lsp-ide-0.5.2\\out\\server\\src\\server.js:57:11412)\n    at v.shouldPassValuesToAllAttributes.n (c:\\Users\\LUZ RAMIREZ\\.vscode\\extensions\\uqbar.wollok-lsp-ide-0.5.2\\out\\server\\src\\server.js:57:36397)\n    at c:\\Users\\LUZ RAMIREZ\\.vscode\\extensions\\uqbar.wollok-lsp-ide-0.5.2\\out\\server\\src\\server.js:57:32764\n    at c:\\Users\\LUZ RAMIREZ\\.vscode\\extensions\\uqbar.wollok-lsp-ide-0.5.2\\out\\server\\src\\server.js:57:54835\n    at Array.map (<anonymous>)\n    at c:\\Users\\LUZ RAMIREZ\\.vscode\\extensions\\uqbar.wollok-lsp-ide-0.5.2\\out\\server\\src\\server.js:57:54822\n    at c (c:\\Users\\LUZ RAMIREZ\\.vscode\\extensions\\uqbar.wollok-lsp-ide-0.5.2\\out\\server\\src\\server.js:38:13207)\n    at c:\\Users\\LUZ RAMIREZ\\.vscode\\extensions\\uqbar.wollok-lsp-ide-0.5.2\\out\\server\\src\\server.js:38:13198\n    at Array.reduce (<anonymous>)","timestamp":"2025-07-03T18:36:06.401Z"}
{"level":"info","message":"⌛ Validating mago.wlk","timeElapsed":324,"timestamp":"2025-07-03T18:36:06.402Z"}
{"level":"error","message":"✘ Validate text document error: TypeError: o.allFields is not iterable o.allFields is not iterable","stack":"TypeError: o.allFields is not iterable\n    at Zsn (c:\\Users\\LUZ RAMIREZ\\.vscode\\extensions\\uqbar.wollok-lsp-ide-0.5.2\\out\\server\\src\\server.js:57:11529)\n    at Jsn (c:\\Users\\LUZ RAMIREZ\\.vscode\\extensions\\uqbar.wollok-lsp-ide-0.5.2\\out\\server\\src\\server.js:57:11412)\n    at v.shouldPassValuesToAllAttributes.n (c:\\Users\\LUZ RAMIREZ\\.vscode\\extensions\\uqbar.wollok-lsp-ide-0.5.2\\out\\server\\src\\server.js:57:36397)\n    at c:\\Users\\LUZ RAMIREZ\\.vscode\\extensions\\uqbar.wollok-lsp-ide-0.5.2\\out\\server\\src\\server.js:57:32764\n    at c:\\Users\\LUZ RAMIREZ\\.vscode\\extensions\\uqbar.wollok-lsp-ide-0.5.2\\out\\server\\src\\server.js:57:54835\n    at Array.map (<anonymous>)\n    at c:\\Users\\LUZ RAMIREZ\\.vscode\\extensions\\uqbar.wollok-lsp-ide-0.5.2\\out\\server\\src\\server.js:57:54822\n    at c (c:\\Users\\LUZ RAMIREZ\\.vscode\\extensions\\uqbar.wollok-lsp-ide-0.5.2\\out\\server\\src\\server.js:38:13207)\n    at c:\\Users\\LUZ RAMIREZ\\.vscode\\extensions\\uqbar.wollok-lsp-ide-0.5.2\\out\\server\\src\\server.js:38:13198\n    at Array.reduce (<anonymous>)","timestamp":"2025-07-03T18:36:06.725Z"}
{"level":"info","message":"⌛ Validating mago.wlk","timeElapsed":323,"timestamp":"2025-07-03T18:36:06.725Z"}
{"level":"error","message":"✘ Validate text document error: TypeError: o.allFields is not iterable o.allFields is not iterable","stack":"TypeError: o.allFields is not iterable\n    at Zsn (c:\\Users\\LUZ RAMIREZ\\.vscode\\extensions\\uqbar.wollok-lsp-ide-0.5.2\\out\\server\\src\\server.js:57:11529)\n    at Jsn (c:\\Users\\LUZ RAMIREZ\\.vscode\\extensions\\uqbar.wollok-lsp-ide-0.5.2\\out\\server\\src\\server.js:57:11412)\n    at v.shouldPassValuesToAllAttributes.n (c:\\Users\\LUZ RAMIREZ\\.vscode\\extensions\\uqbar.wollok-lsp-ide-0.5.2\\out\\server\\src\\server.js:57:36397)\n    at c:\\Users\\LUZ RAMIREZ\\.vscode\\extensions\\uqbar.wollok-lsp-ide-0.5.2\\out\\server\\src\\server.js:57:32764\n    at c:\\Users\\LUZ RAMIREZ\\.vscode\\extensions\\uqbar.wollok-lsp-ide-0.5.2\\out\\server\\src\\server.js:57:54835\n    at Array.map (<anonymous>)\n    at c:\\Users\\LUZ RAMIREZ\\.vscode\\extensions\\uqbar.wollok-lsp-ide-0.5.2\\out\\server\\src\\server.js:57:54822\n    at c (c:\\Users\\LUZ RAMIREZ\\.vscode\\extensions\\uqbar.wollok-lsp-ide-0.5.2\\out\\server\\src\\server.js:38:13207)\n    at c:\\Users\\LUZ RAMIREZ\\.vscode\\extensions\\uqbar.wollok-lsp-ide-0.5.2\\out\\server\\src\\server.js:38:13198\n    at Array.reduce (<anonymous>)","timestamp":"2025-07-03T18:36:08.000Z"}
{"level":"info","message":"⌛ Validating mago.wlk","timeElapsed":1260,"timestamp":"2025-07-03T18:36:08.003Z"}
{"level":"error","message":"✘ Validate text document error: TypeError: o.allFields is not iterable o.allFields is not iterable","stack":"TypeError: o.allFields is not iterable\n    at Zsn (c:\\Users\\LUZ RAMIREZ\\.vscode\\extensions\\uqbar.wollok-lsp-ide-0.5.2\\out\\server\\src\\server.js:57:11529)\n    at Jsn (c:\\Users\\LUZ RAMIREZ\\.vscode\\extensions\\uqbar.wollok-lsp-ide-0.5.2\\out\\server\\src\\server.js:57:11412)\n    at v.shouldPassValuesToAllAttributes.n (c:\\Users\\LUZ RAMIREZ\\.vscode\\extensions\\uqbar.wollok-lsp-ide-0.5.2\\out\\server\\src\\server.js:57:36397)\n    at c:\\Users\\LUZ RAMIREZ\\.vscode\\extensions\\uqbar.wollok-lsp-ide-0.5.2\\out\\server\\src\\server.js:57:32764\n    at c:\\Users\\LUZ RAMIREZ\\.vscode\\extensions\\uqbar.wollok-lsp-ide-0.5.2\\out\\server\\src\\server.js:57:54835\n    at Array.map (<anonymous>)\n    at c:\\Users\\LUZ RAMIREZ\\.vscode\\extensions\\uqbar.wollok-lsp-ide-0.5.2\\out\\server\\src\\server.js:57:54822\n    at c (c:\\Users\\LUZ RAMIREZ\\.vscode\\extensions\\uqbar.wollok-lsp-ide-0.5.2\\out\\server\\src\\server.js:38:13207)\n    at c:\\Users\\LUZ RAMIREZ\\.vscode\\extensions\\uqbar.wollok-lsp-ide-0.5.2\\out\\server\\src\\server.js:38:13198\n    at Array.reduce (<anonymous>)","timestamp":"2025-07-03T18:36:08.352Z"}
{"level":"info","message":"⌛ Validating mago.wlk","timeElapsed":325,"timestamp":"2025-07-03T18:36:08.353Z"}
{"level":"error","message":"✘ Validate text document error: TypeError: o.allFields is not iterable o.allFields is not iterable","stack":"TypeError: o.allFields is not iterable\n    at Zsn (c:\\Users\\LUZ RAMIREZ\\.vscode\\extensions\\uqbar.wollok-lsp-ide-0.5.2\\out\\server\\src\\server.js:57:11529)\n    at Jsn (c:\\Users\\LUZ RAMIREZ\\.vscode\\extensions\\uqbar.wollok-lsp-ide-0.5.2\\out\\server\\src\\server.js:57:11412)\n    at v.shouldPassValuesToAllAttributes.n (c:\\Users\\LUZ RAMIREZ\\.vscode\\extensions\\uqbar.wollok-lsp-ide-0.5.2\\out\\server\\src\\server.js:57:36397)\n    at c:\\Users\\LUZ RAMIREZ\\.vscode\\extensions\\uqbar.wollok-lsp-ide-0.5.2\\out\\server\\src\\server.js:57:32764\n    at c:\\Users\\LUZ RAMIREZ\\.vscode\\extensions\\uqbar.wollok-lsp-ide-0.5.2\\out\\server\\src\\server.js:57:54835\n    at Array.map (<anonymous>)\n    at c:\\Users\\LUZ RAMIREZ\\.vscode\\extensions\\uqbar.wollok-lsp-ide-0.5.2\\out\\server\\src\\server.js:57:54822\n    at c (c:\\Users\\LUZ RAMIREZ\\.vscode\\extensions\\uqbar.wollok-lsp-ide-0.5.2\\out\\server\\src\\server.js:38:13207)\n    at c:\\Users\\LUZ RAMIREZ\\.vscode\\extensions\\uqbar.wollok-lsp-ide-0.5.2\\out\\server\\src\\server.js:38:13198\n    at Array.reduce (<anonymous>)","timestamp":"2025-07-03T18:36:08.686Z"}
{"level":"info","message":"⌛ Validating mago.wlk","timeElapsed":331,"timestamp":"2025-07-03T18:36:08.688Z"}
{"level":"error","message":"✘ Validate text document error: TypeError: o.allFields is not iterable o.allFields is not iterable","stack":"TypeError: o.allFields is not iterable\n    at Zsn (c:\\Users\\LUZ RAMIREZ\\.vscode\\extensions\\uqbar.wollok-lsp-ide-0.5.2\\out\\server\\src\\server.js:57:11529)\n    at Jsn (c:\\Users\\LUZ RAMIREZ\\.vscode\\extensions\\uqbar.wollok-lsp-ide-0.5.2\\out\\server\\src\\server.js:57:11412)\n    at v.shouldPassValuesToAllAttributes.n (c:\\Users\\LUZ RAMIREZ\\.vscode\\extensions\\uqbar.wollok-lsp-ide-0.5.2\\out\\server\\src\\server.js:57:36397)\n    at c:\\Users\\LUZ RAMIREZ\\.vscode\\extensions\\uqbar.wollok-lsp-ide-0.5.2\\out\\server\\src\\server.js:57:32764\n    at c:\\Users\\LUZ RAMIREZ\\.vscode\\extensions\\uqbar.wollok-lsp-ide-0.5.2\\out\\server\\src\\server.js:57:54835\n    at Array.map (<anonymous>)\n    at c:\\Users\\LUZ RAMIREZ\\.vscode\\extensions\\uqbar.wollok-lsp-ide-0.5.2\\out\\server\\src\\server.js:57:54822\n    at c (c:\\Users\\LUZ RAMIREZ\\.vscode\\extensions\\uqbar.wollok-lsp-ide-0.5.2\\out\\server\\src\\server.js:38:13207)\n    at c:\\Users\\LUZ RAMIREZ\\.vscode\\extensions\\uqbar.wollok-lsp-ide-0.5.2\\out\\server\\src\\server.js:38:13198\n    at Array.reduce (<anonymous>)","timestamp":"2025-07-03T18:36:09.266Z"}
{"level":"info","message":"⌛ Validating mago.wlk","timeElapsed":576,"timestamp":"2025-07-03T18:36:09.267Z"}
{"level":"info","message":"⌛ Validating mago.wlk","timeElapsed":336,"timestamp":"2025-07-03T18:36:09.603Z"}
{"level":"error","message":"✘ Validate text document error: TypeError: o.allFields is not iterable o.allFields is not iterable","stack":"TypeError: o.allFields is not iterable\n    at Zsn (c:\\Users\\LUZ RAMIREZ\\.vscode\\extensions\\uqbar.wollok-lsp-ide-0.5.2\\out\\server\\src\\server.js:57:11529)\n    at Jsn (c:\\Users\\LUZ RAMIREZ\\.vscode\\extensions\\uqbar.wollok-lsp-ide-0.5.2\\out\\server\\src\\server.js:57:11412)\n    at v.shouldPassValuesToAllAttributes.n (c:\\Users\\LUZ RAMIREZ\\.vscode\\extensions\\uqbar.wollok-lsp-ide-0.5.2\\out\\server\\src\\server.js:57:36397)\n    at c:\\Users\\LUZ RAMIREZ\\.vscode\\extensions\\uqbar.wollok-lsp-ide-0.5.2\\out\\server\\src\\server.js:57:32764\n    at c:\\Users\\LUZ RAMIREZ\\.vscode\\extensions\\uqbar.wollok-lsp-ide-0.5.2\\out\\server\\src\\server.js:57:54835\n    at Array.map (<anonymous>)\n    at c:\\Users\\LUZ RAMIREZ\\.vscode\\extensions\\uqbar.wollok-lsp-ide-0.5.2\\out\\server\\src\\server.js:57:54822\n    at c (c:\\Users\\LUZ RAMIREZ\\.vscode\\extensions\\uqbar.wollok-lsp-ide-0.5.2\\out\\server\\src\\server.js:38:13207)\n    at c:\\Users\\LUZ RAMIREZ\\.vscode\\extensions\\uqbar.wollok-lsp-ide-0.5.2\\out\\server\\src\\server.js:38:13198\n    at Array.reduce (<anonymous>)","timestamp":"2025-07-03T18:36:10.006Z"}
{"level":"info","message":"⌛ Validating mago.wlk","timeElapsed":397,"timestamp":"2025-07-03T18:36:10.007Z"}
{"level":"error","message":"✘ Validate text document error: TypeError: o.allFields is not iterable o.allFields is not iterable","stack":"TypeError: o.allFields is not iterable\n    at Zsn (c:\\Users\\LUZ RAMIREZ\\.vscode\\extensions\\uqbar.wollok-lsp-ide-0.5.2\\out\\server\\src\\server.js:57:11529)\n    at Jsn (c:\\Users\\LUZ RAMIREZ\\.vscode\\extensions\\uqbar.wollok-lsp-ide-0.5.2\\out\\server\\src\\server.js:57:11412)\n    at v.shouldPassValuesToAllAttributes.n (c:\\Users\\LUZ RAMIREZ\\.vscode\\extensions\\uqbar.wollok-lsp-ide-0.5.2\\out\\server\\src\\server.js:57:36397)\n    at c:\\Users\\LUZ RAMIREZ\\.vscode\\extensions\\uqbar.wollok-lsp-ide-0.5.2\\out\\server\\src\\server.js:57:32764\n    at c:\\Users\\LUZ RAMIREZ\\.vscode\\extensions\\uqbar.wollok-lsp-ide-0.5.2\\out\\server\\src\\server.js:57:54835\n    at Array.map (<anonymous>)\n    at c:\\Users\\LUZ RAMIREZ\\.vscode\\extensions\\uqbar.wollok-lsp-ide-0.5.2\\out\\server\\src\\server.js:57:54822\n    at c (c:\\Users\\LUZ RAMIREZ\\.vscode\\extensions\\uqbar.wollok-lsp-ide-0.5.2\\out\\server\\src\\server.js:38:13207)\n    at c:\\Users\\LUZ RAMIREZ\\.vscode\\extensions\\uqbar.wollok-lsp-ide-0.5.2\\out\\server\\src\\server.js:38:13198\n    at Array.reduce (<anonymous>)","timestamp":"2025-07-03T18:36:10.396Z"}
{"level":"info","message":"⌛ Validating mago.wlk","timeElapsed":389,"timestamp":"2025-07-03T18:36:10.396Z"}
{"level":"error","message":"✘ Validate text document error: TypeError: o.allFields is not iterable o.allFields is not iterable","stack":"TypeError: o.allFields is not iterable\n    at Zsn (c:\\Users\\LUZ RAMIREZ\\.vscode\\extensions\\uqbar.wollok-lsp-ide-0.5.2\\out\\server\\src\\server.js:57:11529)\n    at Jsn (c:\\Users\\LUZ RAMIREZ\\.vscode\\extensions\\uqbar.wollok-lsp-ide-0.5.2\\out\\server\\src\\server.js:57:11412)\n    at v.shouldPassValuesToAllAttributes.n (c:\\Users\\LUZ RAMIREZ\\.vscode\\extensions\\uqbar.wollok-lsp-ide-0.5.2\\out\\server\\src\\server.js:57:36397)\n    at c:\\Users\\LUZ RAMIREZ\\.vscode\\extensions\\uqbar.wollok-lsp-ide-0.5.2\\out\\server\\src\\server.js:57:32764\n    at c:\\Users\\LUZ RAMIREZ\\.vscode\\extensions\\uqbar.wollok-lsp-ide-0.5.2\\out\\server\\src\\server.js:57:54835\n    at Array.map (<anonymous>)\n    at c:\\Users\\LUZ RAMIREZ\\.vscode\\extensions\\uqbar.wollok-lsp-ide-0.5.2\\out\\server\\src\\server.js:57:54822\n    at c (c:\\Users\\LUZ RAMIREZ\\.vscode\\extensions\\uqbar.wollok-lsp-ide-0.5.2\\out\\server\\src\\server.js:38:13207)\n    at c:\\Users\\LUZ RAMIREZ\\.vscode\\extensions\\uqbar.wollok-lsp-ide-0.5.2\\out\\server\\src\\server.js:38:13198\n    at Array.reduce (<anonymous>)","timestamp":"2025-07-03T18:36:10.782Z"}
{"level":"info","message":"⌛ Validating mago.wlk","timeElapsed":385,"timestamp":"2025-07-03T18:36:10.782Z"}
{"level":"error","message":"✘ Validate text document error: TypeError: o.allFields is not iterable o.allFields is not iterable","stack":"TypeError: o.allFields is not iterable\n    at Zsn (c:\\Users\\LUZ RAMIREZ\\.vscode\\extensions\\uqbar.wollok-lsp-ide-0.5.2\\out\\server\\src\\server.js:57:11529)\n    at Jsn (c:\\Users\\LUZ RAMIREZ\\.vscode\\extensions\\uqbar.wollok-lsp-ide-0.5.2\\out\\server\\src\\server.js:57:11412)\n    at v.shouldPassValuesToAllAttributes.n (c:\\Users\\LUZ RAMIREZ\\.vscode\\extensions\\uqbar.wollok-lsp-ide-0.5.2\\out\\server\\src\\server.js:57:36397)\n    at c:\\Users\\LUZ RAMIREZ\\.vscode\\extensions\\uqbar.wollok-lsp-ide-0.5.2\\out\\server\\src\\server.js:57:32764\n    at c:\\Users\\LUZ RAMIREZ\\.vscode\\extensions\\uqbar.wollok-lsp-ide-0.5.2\\out\\server\\src\\server.js:57:54835\n    at Array.map (<anonymous>)\n    at c:\\Users\\LUZ RAMIREZ\\.vscode\\extensions\\uqbar.wollok-lsp-ide-0.5.2\\out\\server\\src\\server.js:57:54822\n    at c (c:\\Users\\LUZ RAMIREZ\\.vscode\\extensions\\uqbar.wollok-lsp-ide-0.5.2\\out\\server\\src\\server.js:38:13207)\n    at c:\\Users\\LUZ RAMIREZ\\.vscode\\extensions\\uqbar.wollok-lsp-ide-0.5.2\\out\\server\\src\\server.js:38:13198\n    at Array.reduce (<anonymous>)","timestamp":"2025-07-03T18:36:11.291Z"}
{"level":"info","message":"⌛ Validating mago.wlk","timeElapsed":493,"timestamp":"2025-07-03T18:36:11.291Z"}
{"level":"info","message":"⌛ Validating mago.wlk","timeElapsed":324,"timestamp":"2025-07-03T18:36:11.616Z"}
{"level":"info","message":"⌛ Validating mago.wlk","timeElapsed":335,"timestamp":"2025-07-03T18:36:11.956Z"}
{"level":"info","message":"⌛ Validating mago.wlk","timeElapsed":478,"timestamp":"2025-07-03T18:36:12.526Z"}
{"level":"error","message":"✘ Validate text document error: TypeError: o.allFields is not iterable o.allFields is not iterable","stack":"TypeError: o.allFields is not iterable\n    at Zsn (c:\\Users\\LUZ RAMIREZ\\.vscode\\extensions\\uqbar.wollok-lsp-ide-0.5.2\\out\\server\\src\\server.js:57:11529)\n    at Jsn (c:\\Users\\LUZ RAMIREZ\\.vscode\\extensions\\uqbar.wollok-lsp-ide-0.5.2\\out\\server\\src\\server.js:57:11412)\n    at v.shouldPassValuesToAllAttributes.n (c:\\Users\\LUZ RAMIREZ\\.vscode\\extensions\\uqbar.wollok-lsp-ide-0.5.2\\out\\server\\src\\server.js:57:36397)\n    at c:\\Users\\LUZ RAMIREZ\\.vscode\\extensions\\uqbar.wollok-lsp-ide-0.5.2\\out\\server\\src\\server.js:57:32764\n    at c:\\Users\\LUZ RAMIREZ\\.vscode\\extensions\\uqbar.wollok-lsp-ide-0.5.2\\out\\server\\src\\server.js:57:54835\n    at Array.map (<anonymous>)\n    at c:\\Users\\LUZ RAMIREZ\\.vscode\\extensions\\uqbar.wollok-lsp-ide-0.5.2\\out\\server\\src\\server.js:57:54822\n    at c (c:\\Users\\LUZ RAMIREZ\\.vscode\\extensions\\uqbar.wollok-lsp-ide-0.5.2\\out\\server\\src\\server.js:38:13207)\n    at c:\\Users\\LUZ RAMIREZ\\.vscode\\extensions\\uqbar.wollok-lsp-ide-0.5.2\\out\\server\\src\\server.js:38:13198\n    at Array.reduce (<anonymous>)","timestamp":"2025-07-03T18:36:13.193Z"}
{"level":"info","message":"⌛ Validating mago.wlk","timeElapsed":481,"timestamp":"2025-07-03T18:36:13.194Z"}
{"level":"info","message":"⌛ Building environment","timeElapsed":1801,"timestamp":"2025-07-03T18:36:15.024Z"}
{"level":"info","message":"⌛ Building environment","timeElapsed":374,"timestamp":"2025-07-03T18:36:15.406Z"}
{"level":"info","message":"⌛ Validating mago.wlk","timeElapsed":515,"timestamp":"2025-07-03T18:36:16.064Z"}
{"level":"info","message":"⌛ Building environment","timeElapsed":360,"timestamp":"2025-07-03T18:36:16.440Z"}
{"level":"info","message":"⌛ Building environment","timeElapsed":355,"timestamp":"2025-07-03T18:36:16.796Z"}
{"level":"info","message":"⌛ Validating mago.wlk","timeElapsed":362,"timestamp":"2025-07-03T18:36:17.160Z"}
{"level":"info","message":"⌛ Building environment","timeElapsed":334,"timestamp":"2025-07-03T18:36:17.500Z"}
{"level":"info","message":"⌛ Validating mago.wlk","timeElapsed":501,"timestamp":"2025-07-03T18:36:18.094Z"}
{"level":"info","message":"⌛ Building environment","timeElapsed":360,"timestamp":"2025-07-03T18:36:18.474Z"}
{"level":"info","message":"⌛ Validating mago.wlk","timeElapsed":376,"timestamp":"2025-07-03T18:36:18.853Z"}
{"level":"info","message":"⌛ Validating mago.wlk","timeElapsed":426,"timestamp":"2025-07-03T18:36:19.326Z"}
{"level":"info","message":"⌛ Validating mago.wlk","timeElapsed":380,"timestamp":"2025-07-03T18:36:19.792Z"}
{"level":"error","message":"✘ Validate text document error: TypeError: o.allFields is not iterable o.allFields is not iterable","stack":"TypeError: o.allFields is not iterable\n    at Zsn (c:\\Users\\LUZ RAMIREZ\\.vscode\\extensions\\uqbar.wollok-lsp-ide-0.5.2\\out\\server\\src\\server.js:57:11529)\n    at Jsn (c:\\Users\\LUZ RAMIREZ\\.vscode\\extensions\\uqbar.wollok-lsp-ide-0.5.2\\out\\server\\src\\server.js:57:11412)\n    at v.shouldPassValuesToAllAttributes.n (c:\\Users\\LUZ RAMIREZ\\.vscode\\extensions\\uqbar.wollok-lsp-ide-0.5.2\\out\\server\\src\\server.js:57:36397)\n    at c:\\Users\\LUZ RAMIREZ\\.vscode\\extensions\\uqbar.wollok-lsp-ide-0.5.2\\out\\server\\src\\server.js:57:32764\n    at c:\\Users\\LUZ RAMIREZ\\.vscode\\extensions\\uqbar.wollok-lsp-ide-0.5.2\\out\\server\\src\\server.js:57:54835\n    at Array.map (<anonymous>)\n    at c:\\Users\\LUZ RAMIREZ\\.vscode\\extensions\\uqbar.wollok-lsp-ide-0.5.2\\out\\server\\src\\server.js:57:54822\n    at c (c:\\Users\\LUZ RAMIREZ\\.vscode\\extensions\\uqbar.wollok-lsp-ide-0.5.2\\out\\server\\src\\server.js:38:13207)\n    at c:\\Users\\LUZ RAMIREZ\\.vscode\\extensions\\uqbar.wollok-lsp-ide-0.5.2\\out\\server\\src\\server.js:38:13198\n    at Array.reduce (<anonymous>)","timestamp":"2025-07-03T18:36:20.189Z"}
{"level":"info","message":"⌛ Validating mago.wlk","timeElapsed":328,"timestamp":"2025-07-03T18:36:20.190Z"}
{"level":"error","message":"✘ Validate text document error: TypeError: o.allFields is not iterable o.allFields is not iterable","stack":"TypeError: o.allFields is not iterable\n    at Zsn (c:\\Users\\LUZ RAMIREZ\\.vscode\\extensions\\uqbar.wollok-lsp-ide-0.5.2\\out\\server\\src\\server.js:57:11529)\n    at Jsn (c:\\Users\\LUZ RAMIREZ\\.vscode\\extensions\\uqbar.wollok-lsp-ide-0.5.2\\out\\server\\src\\server.js:57:11412)\n    at v.shouldPassValuesToAllAttributes.n (c:\\Users\\LUZ RAMIREZ\\.vscode\\extensions\\uqbar.wollok-lsp-ide-0.5.2\\out\\server\\src\\server.js:57:36397)\n    at c:\\Users\\LUZ RAMIREZ\\.vscode\\extensions\\uqbar.wollok-lsp-ide-0.5.2\\out\\server\\src\\server.js:57:32764\n    at c:\\Users\\LUZ RAMIREZ\\.vscode\\extensions\\uqbar.wollok-lsp-ide-0.5.2\\out\\server\\src\\server.js:57:54835\n    at Array.map (<anonymous>)\n    at c:\\Users\\LUZ RAMIREZ\\.vscode\\extensions\\uqbar.wollok-lsp-ide-0.5.2\\out\\server\\src\\server.js:57:54822\n    at c (c:\\Users\\LUZ RAMIREZ\\.vscode\\extensions\\uqbar.wollok-lsp-ide-0.5.2\\out\\server\\src\\server.js:38:13207)\n    at c:\\Users\\LUZ RAMIREZ\\.vscode\\extensions\\uqbar.wollok-lsp-ide-0.5.2\\out\\server\\src\\server.js:38:13198\n    at Array.reduce (<anonymous>)","timestamp":"2025-07-03T18:36:20.529Z"}
{"level":"info","message":"⌛ Validating mago.wlk","timeElapsed":339,"timestamp":"2025-07-03T18:36:20.530Z"}
{"level":"error","message":"✘ Validate text document error: TypeError: o.allFields is not iterable o.allFields is not iterable","stack":"TypeError: o.allFields is not iterable\n    at Zsn (c:\\Users\\LUZ RAMIREZ\\.vscode\\extensions\\uqbar.wollok-lsp-ide-0.5.2\\out\\server\\src\\server.js:57:11529)\n    at Jsn (c:\\Users\\LUZ RAMIREZ\\.vscode\\extensions\\uqbar.wollok-lsp-ide-0.5.2\\out\\server\\src\\server.js:57:11412)\n    at v.shouldPassValuesToAllAttributes.n (c:\\Users\\LUZ RAMIREZ\\.vscode\\extensions\\uqbar.wollok-lsp-ide-0.5.2\\out\\server\\src\\server.js:57:36397)\n    at c:\\Users\\LUZ RAMIREZ\\.vscode\\extensions\\uqbar.wollok-lsp-ide-0.5.2\\out\\server\\src\\server.js:57:32764\n    at c:\\Users\\LUZ RAMIREZ\\.vscode\\extensions\\uqbar.wollok-lsp-ide-0.5.2\\out\\server\\src\\server.js:57:54835\n    at Array.map (<anonymous>)\n    at c:\\Users\\LUZ RAMIREZ\\.vscode\\extensions\\uqbar.wollok-lsp-ide-0.5.2\\out\\server\\src\\server.js:57:54822\n    at c (c:\\Users\\LUZ RAMIREZ\\.vscode\\extensions\\uqbar.wollok-lsp-ide-0.5.2\\out\\server\\src\\server.js:38:13207)\n    at c:\\Users\\LUZ RAMIREZ\\.vscode\\extensions\\uqbar.wollok-lsp-ide-0.5.2\\out\\server\\src\\server.js:38:13198\n    at Array.reduce (<anonymous>)","timestamp":"2025-07-03T18:36:20.994Z"}
{"level":"info","message":"⌛ Validating mago.wlk","timeElapsed":377,"timestamp":"2025-07-03T18:36:20.995Z"}
{"level":"info","message":"⌛ Building environment","timeElapsed":305,"timestamp":"2025-07-03T18:36:21.317Z"}
{"level":"info","message":"⌛ Building environment","timeElapsed":303,"timestamp":"2025-07-03T18:36:21.625Z"}
{"level":"error","message":"✘ Validate text document error: TypeError: o.allFields is not iterable o.allFields is not iterable","stack":"TypeError: o.allFields is not iterable\n    at Zsn (c:\\Users\\LUZ RAMIREZ\\.vscode\\extensions\\uqbar.wollok-lsp-ide-0.5.2\\out\\server\\src\\server.js:57:11529)\n    at Jsn (c:\\Users\\LUZ RAMIREZ\\.vscode\\extensions\\uqbar.wollok-lsp-ide-0.5.2\\out\\server\\src\\server.js:57:11412)\n    at v.shouldPassValuesToAllAttributes.n (c:\\Users\\LUZ RAMIREZ\\.vscode\\extensions\\uqbar.wollok-lsp-ide-0.5.2\\out\\server\\src\\server.js:57:36397)\n    at c:\\Users\\LUZ RAMIREZ\\.vscode\\extensions\\uqbar.wollok-lsp-ide-0.5.2\\out\\server\\src\\server.js:57:32764\n    at c:\\Users\\LUZ RAMIREZ\\.vscode\\extensions\\uqbar.wollok-lsp-ide-0.5.2\\out\\server\\src\\server.js:57:54835\n    at Array.map (<anonymous>)\n    at c:\\Users\\LUZ RAMIREZ\\.vscode\\extensions\\uqbar.wollok-lsp-ide-0.5.2\\out\\server\\src\\server.js:57:54822\n    at c (c:\\Users\\LUZ RAMIREZ\\.vscode\\extensions\\uqbar.wollok-lsp-ide-0.5.2\\out\\server\\src\\server.js:38:13207)\n    at c:\\Users\\LUZ RAMIREZ\\.vscode\\extensions\\uqbar.wollok-lsp-ide-0.5.2\\out\\server\\src\\server.js:38:13198\n    at Array.reduce (<anonymous>)","timestamp":"2025-07-03T18:36:22.042Z"}
{"level":"info","message":"⌛ Validating mago.wlk","timeElapsed":316,"timestamp":"2025-07-03T18:36:22.044Z"}
{"level":"error","message":"✘ Validate text document error: TypeError: o.allFields is not iterable o.allFields is not iterable","stack":"TypeError: o.allFields is not iterable\n    at Zsn (c:\\Users\\LUZ RAMIREZ\\.vscode\\extensions\\uqbar.wollok-lsp-ide-0.5.2\\out\\server\\src\\server.js:57:11529)\n    at Jsn (c:\\Users\\LUZ RAMIREZ\\.vscode\\extensions\\uqbar.wollok-lsp-ide-0.5.2\\out\\server\\src\\server.js:57:11412)\n    at v.shouldPassValuesToAllAttributes.n (c:\\Users\\LUZ RAMIREZ\\.vscode\\extensions\\uqbar.wollok-lsp-ide-0.5.2\\out\\server\\src\\server.js:57:36397)\n    at c:\\Users\\LUZ RAMIREZ\\.vscode\\extensions\\uqbar.wollok-lsp-ide-0.5.2\\out\\server\\src\\server.js:57:32764\n    at c:\\Users\\LUZ RAMIREZ\\.vscode\\extensions\\uqbar.wollok-lsp-ide-0.5.2\\out\\server\\src\\server.js:57:54835\n    at Array.map (<anonymous>)\n    at c:\\Users\\LUZ RAMIREZ\\.vscode\\extensions\\uqbar.wollok-lsp-ide-0.5.2\\out\\server\\src\\server.js:57:54822\n    at c (c:\\Users\\LUZ RAMIREZ\\.vscode\\extensions\\uqbar.wollok-lsp-ide-0.5.2\\out\\server\\src\\server.js:38:13207)\n    at c:\\Users\\LUZ RAMIREZ\\.vscode\\extensions\\uqbar.wollok-lsp-ide-0.5.2\\out\\server\\src\\server.js:38:13198\n    at Array.reduce (<anonymous>)","timestamp":"2025-07-03T18:36:22.435Z"}
{"level":"info","message":"⌛ Validating mago.wlk","timeElapsed":305,"timestamp":"2025-07-03T18:36:22.437Z"}
{"level":"error","message":"✘ Validate text document error: TypeError: o.allFields is not iterable o.allFields is not iterable","stack":"TypeError: o.allFields is not iterable\n    at Zsn (c:\\Users\\LUZ RAMIREZ\\.vscode\\extensions\\uqbar.wollok-lsp-ide-0.5.2\\out\\server\\src\\server.js:57:11529)\n    at Jsn (c:\\Users\\LUZ RAMIREZ\\.vscode\\extensions\\uqbar.wollok-lsp-ide-0.5.2\\out\\server\\src\\server.js:57:11412)\n    at v.shouldPassValuesToAllAttributes.n (c:\\Users\\LUZ RAMIREZ\\.vscode\\extensions\\uqbar.wollok-lsp-ide-0.5.2\\out\\server\\src\\server.js:57:36397)\n    at c:\\Users\\LUZ RAMIREZ\\.vscode\\extensions\\uqbar.wollok-lsp-ide-0.5.2\\out\\server\\src\\server.js:57:32764\n    at c:\\Users\\LUZ RAMIREZ\\.vscode\\extensions\\uqbar.wollok-lsp-ide-0.5.2\\out\\server\\src\\server.js:57:54835\n    at Array.map (<anonymous>)\n    at c:\\Users\\LUZ RAMIREZ\\.vscode\\extensions\\uqbar.wollok-lsp-ide-0.5.2\\out\\server\\src\\server.js:57:54822\n    at c (c:\\Users\\LUZ RAMIREZ\\.vscode\\extensions\\uqbar.wollok-lsp-ide-0.5.2\\out\\server\\src\\server.js:38:13207)\n    at c:\\Users\\LUZ RAMIREZ\\.vscode\\extensions\\uqbar.wollok-lsp-ide-0.5.2\\out\\server\\src\\server.js:38:13198\n    at Array.reduce (<anonymous>)","timestamp":"2025-07-03T18:36:22.772Z"}
{"level":"info","message":"⌛ Validating mago.wlk","timeElapsed":309,"timestamp":"2025-07-03T18:36:22.777Z"}
{"level":"error","message":"✘ Validate text document error: TypeError: o.allFields is not iterable o.allFields is not iterable","stack":"TypeError: o.allFields is not iterable\n    at Zsn (c:\\Users\\LUZ RAMIREZ\\.vscode\\extensions\\uqbar.wollok-lsp-ide-0.5.2\\out\\server\\src\\server.js:57:11529)\n    at Jsn (c:\\Users\\LUZ RAMIREZ\\.vscode\\extensions\\uqbar.wollok-lsp-ide-0.5.2\\out\\server\\src\\server.js:57:11412)\n    at v.shouldPassValuesToAllAttributes.n (c:\\Users\\LUZ RAMIREZ\\.vscode\\extensions\\uqbar.wollok-lsp-ide-0.5.2\\out\\server\\src\\server.js:57:36397)\n    at c:\\Users\\LUZ RAMIREZ\\.vscode\\extensions\\uqbar.wollok-lsp-ide-0.5.2\\out\\server\\src\\server.js:57:32764\n    at c:\\Users\\LUZ RAMIREZ\\.vscode\\extensions\\uqbar.wollok-lsp-ide-0.5.2\\out\\server\\src\\server.js:57:54835\n    at Array.map (<anonymous>)\n    at c:\\Users\\LUZ RAMIREZ\\.vscode\\extensions\\uqbar.wollok-lsp-ide-0.5.2\\out\\server\\src\\server.js:57:54822\n    at c (c:\\Users\\LUZ RAMIREZ\\.vscode\\extensions\\uqbar.wollok-lsp-ide-0.5.2\\out\\server\\src\\server.js:38:13207)\n    at c:\\Users\\LUZ RAMIREZ\\.vscode\\extensions\\uqbar.wollok-lsp-ide-0.5.2\\out\\server\\src\\server.js:38:13198\n    at Array.reduce (<anonymous>)","timestamp":"2025-07-03T18:36:23.176Z"}
{"level":"info","message":"⌛ Validating mago.wlk","timeElapsed":309,"timestamp":"2025-07-03T18:36:23.177Z"}
{"level":"error","message":"✘ Validate text document error: TypeError: o.allFields is not iterable o.allFields is not iterable","stack":"TypeError: o.allFields is not iterable\n    at Zsn (c:\\Users\\LUZ RAMIREZ\\.vscode\\extensions\\uqbar.wollok-lsp-ide-0.5.2\\out\\server\\src\\server.js:57:11529)\n    at Jsn (c:\\Users\\LUZ RAMIREZ\\.vscode\\extensions\\uqbar.wollok-lsp-ide-0.5.2\\out\\server\\src\\server.js:57:11412)\n    at v.shouldPassValuesToAllAttributes.n (c:\\Users\\LUZ RAMIREZ\\.vscode\\extensions\\uqbar.wollok-lsp-ide-0.5.2\\out\\server\\src\\server.js:57:36397)\n    at c:\\Users\\LUZ RAMIREZ\\.vscode\\extensions\\uqbar.wollok-lsp-ide-0.5.2\\out\\server\\src\\server.js:57:32764\n    at c:\\Users\\LUZ RAMIREZ\\.vscode\\extensions\\uqbar.wollok-lsp-ide-0.5.2\\out\\server\\src\\server.js:57:54835\n    at Array.map (<anonymous>)\n    at c:\\Users\\LUZ RAMIREZ\\.vscode\\extensions\\uqbar.wollok-lsp-ide-0.5.2\\out\\server\\src\\server.js:57:54822\n    at c (c:\\Users\\LUZ RAMIREZ\\.vscode\\extensions\\uqbar.wollok-lsp-ide-0.5.2\\out\\server\\src\\server.js:38:13207)\n    at c:\\Users\\LUZ RAMIREZ\\.vscode\\extensions\\uqbar.wollok-lsp-ide-0.5.2\\out\\server\\src\\server.js:38:13198\n    at Array.reduce (<anonymous>)","timestamp":"2025-07-03T18:36:23.570Z"}
{"level":"info","message":"⌛ Validating mago.wlk","timeElapsed":299,"timestamp":"2025-07-03T18:36:23.571Z"}
{"level":"error","message":"✘ Validate text document error: TypeError: o.allFields is not iterable o.allFields is not iterable","stack":"TypeError: o.allFields is not iterable\n    at Zsn (c:\\Users\\LUZ RAMIREZ\\.vscode\\extensions\\uqbar.wollok-lsp-ide-0.5.2\\out\\server\\src\\server.js:57:11529)\n    at Jsn (c:\\Users\\LUZ RAMIREZ\\.vscode\\extensions\\uqbar.wollok-lsp-ide-0.5.2\\out\\server\\src\\server.js:57:11412)\n    at v.shouldPassValuesToAllAttributes.n (c:\\Users\\LUZ RAMIREZ\\.vscode\\extensions\\uqbar.wollok-lsp-ide-0.5.2\\out\\server\\src\\server.js:57:36397)\n    at c:\\Users\\LUZ RAMIREZ\\.vscode\\extensions\\uqbar.wollok-lsp-ide-0.5.2\\out\\server\\src\\server.js:57:32764\n    at c:\\Users\\LUZ RAMIREZ\\.vscode\\extensions\\uqbar.wollok-lsp-ide-0.5.2\\out\\server\\src\\server.js:57:54835\n    at Array.map (<anonymous>)\n    at c:\\Users\\LUZ RAMIREZ\\.vscode\\extensions\\uqbar.wollok-lsp-ide-0.5.2\\out\\server\\src\\server.js:57:54822\n    at c (c:\\Users\\LUZ RAMIREZ\\.vscode\\extensions\\uqbar.wollok-lsp-ide-0.5.2\\out\\server\\src\\server.js:38:13207)\n    at c:\\Users\\LUZ RAMIREZ\\.vscode\\extensions\\uqbar.wollok-lsp-ide-0.5.2\\out\\server\\src\\server.js:38:13198\n    at Array.reduce (<anonymous>)","timestamp":"2025-07-03T18:36:23.929Z"}
{"level":"info","message":"⌛ Validating mago.wlk","timeElapsed":321,"timestamp":"2025-07-03T18:36:23.930Z"}
{"level":"error","message":"✘ Validate text document error: TypeError: o.allFields is not iterable o.allFields is not iterable","stack":"TypeError: o.allFields is not iterable\n    at Zsn (c:\\Users\\LUZ RAMIREZ\\.vscode\\extensions\\uqbar.wollok-lsp-ide-0.5.2\\out\\server\\src\\server.js:57:11529)\n    at Jsn (c:\\Users\\LUZ RAMIREZ\\.vscode\\extensions\\uqbar.wollok-lsp-ide-0.5.2\\out\\server\\src\\server.js:57:11412)\n    at v.shouldPassValuesToAllAttributes.n (c:\\Users\\LUZ RAMIREZ\\.vscode\\extensions\\uqbar.wollok-lsp-ide-0.5.2\\out\\server\\src\\server.js:57:36397)\n    at c:\\Users\\LUZ RAMIREZ\\.vscode\\extensions\\uqbar.wollok-lsp-ide-0.5.2\\out\\server\\src\\server.js:57:32764\n    at c:\\Users\\LUZ RAMIREZ\\.vscode\\extensions\\uqbar.wollok-lsp-ide-0.5.2\\out\\server\\src\\server.js:57:54835\n    at Array.map (<anonymous>)\n    at c:\\Users\\LUZ RAMIREZ\\.vscode\\extensions\\uqbar.wollok-lsp-ide-0.5.2\\out\\server\\src\\server.js:57:54822\n    at c (c:\\Users\\LUZ RAMIREZ\\.vscode\\extensions\\uqbar.wollok-lsp-ide-0.5.2\\out\\server\\src\\server.js:38:13207)\n    at c:\\Users\\LUZ RAMIREZ\\.vscode\\extensions\\uqbar.wollok-lsp-ide-0.5.2\\out\\server\\src\\server.js:38:13198\n    at Array.reduce (<anonymous>)","timestamp":"2025-07-03T18:36:24.259Z"}
{"level":"info","message":"⌛ Validating mago.wlk","timeElapsed":325,"timestamp":"2025-07-03T18:36:24.260Z"}
{"level":"info","message":"⌛ Validating mago.wlk","timeElapsed":310,"timestamp":"2025-07-03T18:36:24.653Z"}
{"level":"error","message":"✘ Validate text document error: TypeError: o.allFields is not iterable o.allFields is not iterable","stack":"TypeError: o.allFields is not iterable\n    at Zsn (c:\\Users\\LUZ RAMIREZ\\.vscode\\extensions\\uqbar.wollok-lsp-ide-0.5.2\\out\\server\\src\\server.js:57:11529)\n    at Jsn (c:\\Users\\LUZ RAMIREZ\\.vscode\\extensions\\uqbar.wollok-lsp-ide-0.5.2\\out\\server\\src\\server.js:57:11412)\n    at v.shouldPassValuesToAllAttributes.n (c:\\Users\\LUZ RAMIREZ\\.vscode\\extensions\\uqbar.wollok-lsp-ide-0.5.2\\out\\server\\src\\server.js:57:36397)\n    at c:\\Users\\LUZ RAMIREZ\\.vscode\\extensions\\uqbar.wollok-lsp-ide-0.5.2\\out\\server\\src\\server.js:57:32764\n    at c:\\Users\\LUZ RAMIREZ\\.vscode\\extensions\\uqbar.wollok-lsp-ide-0.5.2\\out\\server\\src\\server.js:57:54835\n    at Array.map (<anonymous>)\n    at c:\\Users\\LUZ RAMIREZ\\.vscode\\extensions\\uqbar.wollok-lsp-ide-0.5.2\\out\\server\\src\\server.js:57:54822\n    at c (c:\\Users\\LUZ RAMIREZ\\.vscode\\extensions\\uqbar.wollok-lsp-ide-0.5.2\\out\\server\\src\\server.js:38:13207)\n    at c:\\Users\\LUZ RAMIREZ\\.vscode\\extensions\\uqbar.wollok-lsp-ide-0.5.2\\out\\server\\src\\server.js:38:13198\n    at Array.reduce (<anonymous>)","timestamp":"2025-07-03T18:36:25.044Z"}
{"level":"info","message":"⌛ Validating mago.wlk","timeElapsed":313,"timestamp":"2025-07-03T18:36:25.044Z"}
{"level":"info","message":"⌛ Validating mago.wlk","timeElapsed":327,"timestamp":"2025-07-03T18:36:25.449Z"}
{"level":"error","message":"✘ Validate text document error: TypeError: o.allFields is not iterable o.allFields is not iterable","stack":"TypeError: o.allFields is not iterable\n    at Zsn (c:\\Users\\LUZ RAMIREZ\\.vscode\\extensions\\uqbar.wollok-lsp-ide-0.5.2\\out\\server\\src\\server.js:57:11529)\n    at Jsn (c:\\Users\\LUZ RAMIREZ\\.vscode\\extensions\\uqbar.wollok-lsp-ide-0.5.2\\out\\server\\src\\server.js:57:11412)\n    at v.shouldPassValuesToAllAttributes.n (c:\\Users\\LUZ RAMIREZ\\.vscode\\extensions\\uqbar.wollok-lsp-ide-0.5.2\\out\\server\\src\\server.js:57:36397)\n    at c:\\Users\\LUZ RAMIREZ\\.vscode\\extensions\\uqbar.wollok-lsp-ide-0.5.2\\out\\server\\src\\server.js:57:32764\n    at c:\\Users\\LUZ RAMIREZ\\.vscode\\extensions\\uqbar.wollok-lsp-ide-0.5.2\\out\\server\\src\\server.js:57:54835\n    at Array.map (<anonymous>)\n    at c:\\Users\\LUZ RAMIREZ\\.vscode\\extensions\\uqbar.wollok-lsp-ide-0.5.2\\out\\server\\src\\server.js:57:54822\n    at c (c:\\Users\\LUZ RAMIREZ\\.vscode\\extensions\\uqbar.wollok-lsp-ide-0.5.2\\out\\server\\src\\server.js:38:13207)\n    at c:\\Users\\LUZ RAMIREZ\\.vscode\\extensions\\uqbar.wollok-lsp-ide-0.5.2\\out\\server\\src\\server.js:38:13198\n    at Array.reduce (<anonymous>)","timestamp":"2025-07-03T18:36:25.814Z"}
{"level":"info","message":"⌛ Validating mago.wlk","timeElapsed":308,"timestamp":"2025-07-03T18:36:25.815Z"}
{"level":"error","message":"✘ Validate text document error: TypeError: o.allFields is not iterable o.allFields is not iterable","stack":"TypeError: o.allFields is not iterable\n    at Zsn (c:\\Users\\LUZ RAMIREZ\\.vscode\\extensions\\uqbar.wollok-lsp-ide-0.5.2\\out\\server\\src\\server.js:57:11529)\n    at Jsn (c:\\Users\\LUZ RAMIREZ\\.vscode\\extensions\\uqbar.wollok-lsp-ide-0.5.2\\out\\server\\src\\server.js:57:11412)\n    at v.shouldPassValuesToAllAttributes.n (c:\\Users\\LUZ RAMIREZ\\.vscode\\extensions\\uqbar.wollok-lsp-ide-0.5.2\\out\\server\\src\\server.js:57:36397)\n    at c:\\Users\\LUZ RAMIREZ\\.vscode\\extensions\\uqbar.wollok-lsp-ide-0.5.2\\out\\server\\src\\server.js:57:32764\n    at c:\\Users\\LUZ RAMIREZ\\.vscode\\extensions\\uqbar.wollok-lsp-ide-0.5.2\\out\\server\\src\\server.js:57:54835\n    at Array.map (<anonymous>)\n    at c:\\Users\\LUZ RAMIREZ\\.vscode\\extensions\\uqbar.wollok-lsp-ide-0.5.2\\out\\server\\src\\server.js:57:54822\n    at c (c:\\Users\\LUZ RAMIREZ\\.vscode\\extensions\\uqbar.wollok-lsp-ide-0.5.2\\out\\server\\src\\server.js:38:13207)\n    at c:\\Users\\LUZ RAMIREZ\\.vscode\\extensions\\uqbar.wollok-lsp-ide-0.5.2\\out\\server\\src\\server.js:38:13198\n    at Array.reduce (<anonymous>)","timestamp":"2025-07-03T18:36:26.144Z"}
{"level":"info","message":"⌛ Validating mago.wlk","timeElapsed":341,"timestamp":"2025-07-03T18:36:26.158Z"}
{"level":"error","message":"✘ Validate text document error: TypeError: o.allFields is not iterable o.allFields is not iterable","stack":"TypeError: o.allFields is not iterable\n    at Zsn (c:\\Users\\LUZ RAMIREZ\\.vscode\\extensions\\uqbar.wollok-lsp-ide-0.5.2\\out\\server\\src\\server.js:57:11529)\n    at Jsn (c:\\Users\\LUZ RAMIREZ\\.vscode\\extensions\\uqbar.wollok-lsp-ide-0.5.2\\out\\server\\src\\server.js:57:11412)\n    at v.shouldPassValuesToAllAttributes.n (c:\\Users\\LUZ RAMIREZ\\.vscode\\extensions\\uqbar.wollok-lsp-ide-0.5.2\\out\\server\\src\\server.js:57:36397)\n    at c:\\Users\\LUZ RAMIREZ\\.vscode\\extensions\\uqbar.wollok-lsp-ide-0.5.2\\out\\server\\src\\server.js:57:32764\n    at c:\\Users\\LUZ RAMIREZ\\.vscode\\extensions\\uqbar.wollok-lsp-ide-0.5.2\\out\\server\\src\\server.js:57:54835\n    at Array.map (<anonymous>)\n    at c:\\Users\\LUZ RAMIREZ\\.vscode\\extensions\\uqbar.wollok-lsp-ide-0.5.2\\out\\server\\src\\server.js:57:54822\n    at c (c:\\Users\\LUZ RAMIREZ\\.vscode\\extensions\\uqbar.wollok-lsp-ide-0.5.2\\out\\server\\src\\server.js:38:13207)\n    at c:\\Users\\LUZ RAMIREZ\\.vscode\\extensions\\uqbar.wollok-lsp-ide-0.5.2\\out\\server\\src\\server.js:38:13198\n    at Array.reduce (<anonymous>)","timestamp":"2025-07-03T18:36:26.536Z"}
{"level":"info","message":"⌛ Validating mago.wlk","timeElapsed":299,"timestamp":"2025-07-03T18:36:26.537Z"}
{"level":"info","message":"⌛ Validating mago.wlk","timeElapsed":318,"timestamp":"2025-07-03T18:36:26.856Z"}
{"level":"info","message":"⌛ Validating mago.wlk","timeElapsed":332,"timestamp":"2025-07-03T18:36:27.224Z"}
{"level":"error","message":"✘ Validate text document error: TypeError: o.allFields is not iterable o.allFields is not iterable","stack":"TypeError: o.allFields is not iterable\n    at Zsn (c:\\Users\\LUZ RAMIREZ\\.vscode\\extensions\\uqbar.wollok-lsp-ide-0.5.2\\out\\server\\src\\server.js:57:11529)\n    at Jsn (c:\\Users\\LUZ RAMIREZ\\.vscode\\extensions\\uqbar.wollok-lsp-ide-0.5.2\\out\\server\\src\\server.js:57:11412)\n    at v.shouldPassValuesToAllAttributes.n (c:\\Users\\LUZ RAMIREZ\\.vscode\\extensions\\uqbar.wollok-lsp-ide-0.5.2\\out\\server\\src\\server.js:57:36397)\n    at c:\\Users\\LUZ RAMIREZ\\.vscode\\extensions\\uqbar.wollok-lsp-ide-0.5.2\\out\\server\\src\\server.js:57:32764\n    at c:\\Users\\LUZ RAMIREZ\\.vscode\\extensions\\uqbar.wollok-lsp-ide-0.5.2\\out\\server\\src\\server.js:57:54835\n    at Array.map (<anonymous>)\n    at c:\\Users\\LUZ RAMIREZ\\.vscode\\extensions\\uqbar.wollok-lsp-ide-0.5.2\\out\\server\\src\\server.js:57:54822\n    at c (c:\\Users\\LUZ RAMIREZ\\.vscode\\extensions\\uqbar.wollok-lsp-ide-0.5.2\\out\\server\\src\\server.js:38:13207)\n    at c:\\Users\\LUZ RAMIREZ\\.vscode\\extensions\\uqbar.wollok-lsp-ide-0.5.2\\out\\server\\src\\server.js:38:13198\n    at Array.reduce (<anonymous>)","timestamp":"2025-07-03T18:36:27.538Z"}
{"level":"info","message":"⌛ Validating mago.wlk","timeElapsed":314,"timestamp":"2025-07-03T18:36:27.539Z"}
{"level":"error","message":"✘ Validate text document error: TypeError: o.allFields is not iterable o.allFields is not iterable","stack":"TypeError: o.allFields is not iterable\n    at Zsn (c:\\Users\\LUZ RAMIREZ\\.vscode\\extensions\\uqbar.wollok-lsp-ide-0.5.2\\out\\server\\src\\server.js:57:11529)\n    at Jsn (c:\\Users\\LUZ RAMIREZ\\.vscode\\extensions\\uqbar.wollok-lsp-ide-0.5.2\\out\\server\\src\\server.js:57:11412)\n    at v.shouldPassValuesToAllAttributes.n (c:\\Users\\LUZ RAMIREZ\\.vscode\\extensions\\uqbar.wollok-lsp-ide-0.5.2\\out\\server\\src\\server.js:57:36397)\n    at c:\\Users\\LUZ RAMIREZ\\.vscode\\extensions\\uqbar.wollok-lsp-ide-0.5.2\\out\\server\\src\\server.js:57:32764\n    at c:\\Users\\LUZ RAMIREZ\\.vscode\\extensions\\uqbar.wollok-lsp-ide-0.5.2\\out\\server\\src\\server.js:57:54835\n    at Array.map (<anonymous>)\n    at c:\\Users\\LUZ RAMIREZ\\.vscode\\extensions\\uqbar.wollok-lsp-ide-0.5.2\\out\\server\\src\\server.js:57:54822\n    at c (c:\\Users\\LUZ RAMIREZ\\.vscode\\extensions\\uqbar.wollok-lsp-ide-0.5.2\\out\\server\\src\\server.js:38:13207)\n    at c:\\Users\\LUZ RAMIREZ\\.vscode\\extensions\\uqbar.wollok-lsp-ide-0.5.2\\out\\server\\src\\server.js:38:13198\n    at Array.reduce (<anonymous>)","timestamp":"2025-07-03T18:36:28.224Z"}
{"level":"info","message":"⌛ Validating mago.wlk","timeElapsed":292,"timestamp":"2025-07-03T18:36:28.225Z"}
{"level":"error","message":"✘ Validate text document error: TypeError: o.allFields is not iterable o.allFields is not iterable","stack":"TypeError: o.allFields is not iterable\n    at Zsn (c:\\Users\\LUZ RAMIREZ\\.vscode\\extensions\\uqbar.wollok-lsp-ide-0.5.2\\out\\server\\src\\server.js:57:11529)\n    at Jsn (c:\\Users\\LUZ RAMIREZ\\.vscode\\extensions\\uqbar.wollok-lsp-ide-0.5.2\\out\\server\\src\\server.js:57:11412)\n    at v.shouldPassValuesToAllAttributes.n (c:\\Users\\LUZ RAMIREZ\\.vscode\\extensions\\uqbar.wollok-lsp-ide-0.5.2\\out\\server\\src\\server.js:57:36397)\n    at c:\\Users\\LUZ RAMIREZ\\.vscode\\extensions\\uqbar.wollok-lsp-ide-0.5.2\\out\\server\\src\\server.js:57:32764\n    at c:\\Users\\LUZ RAMIREZ\\.vscode\\extensions\\uqbar.wollok-lsp-ide-0.5.2\\out\\server\\src\\server.js:57:54835\n    at Array.map (<anonymous>)\n    at c:\\Users\\LUZ RAMIREZ\\.vscode\\extensions\\uqbar.wollok-lsp-ide-0.5.2\\out\\server\\src\\server.js:57:54822\n    at c (c:\\Users\\LUZ RAMIREZ\\.vscode\\extensions\\uqbar.wollok-lsp-ide-0.5.2\\out\\server\\src\\server.js:38:13207)\n    at c:\\Users\\LUZ RAMIREZ\\.vscode\\extensions\\uqbar.wollok-lsp-ide-0.5.2\\out\\server\\src\\server.js:38:13198\n    at Array.reduce (<anonymous>)","timestamp":"2025-07-03T18:36:28.544Z"}
{"level":"info","message":"⌛ Validating mago.wlk","timeElapsed":303,"timestamp":"2025-07-03T18:36:28.545Z"}
{"level":"error","message":"✘ Validate text document error: TypeError: o.allFields is not iterable o.allFields is not iterable","stack":"TypeError: o.allFields is not iterable\n    at Zsn (c:\\Users\\LUZ RAMIREZ\\.vscode\\extensions\\uqbar.wollok-lsp-ide-0.5.2\\out\\server\\src\\server.js:57:11529)\n    at Jsn (c:\\Users\\LUZ RAMIREZ\\.vscode\\extensions\\uqbar.wollok-lsp-ide-0.5.2\\out\\server\\src\\server.js:57:11412)\n    at v.shouldPassValuesToAllAttributes.n (c:\\Users\\LUZ RAMIREZ\\.vscode\\extensions\\uqbar.wollok-lsp-ide-0.5.2\\out\\server\\src\\server.js:57:36397)\n    at c:\\Users\\LUZ RAMIREZ\\.vscode\\extensions\\uqbar.wollok-lsp-ide-0.5.2\\out\\server\\src\\server.js:57:32764\n    at c:\\Users\\LUZ RAMIREZ\\.vscode\\extensions\\uqbar.wollok-lsp-ide-0.5.2\\out\\server\\src\\server.js:57:54835\n    at Array.map (<anonymous>)\n    at c:\\Users\\LUZ RAMIREZ\\.vscode\\extensions\\uqbar.wollok-lsp-ide-0.5.2\\out\\server\\src\\server.js:57:54822\n    at c (c:\\Users\\LUZ RAMIREZ\\.vscode\\extensions\\uqbar.wollok-lsp-ide-0.5.2\\out\\server\\src\\server.js:38:13207)\n    at c:\\Users\\LUZ RAMIREZ\\.vscode\\extensions\\uqbar.wollok-lsp-ide-0.5.2\\out\\server\\src\\server.js:38:13198\n    at Array.reduce (<anonymous>)","timestamp":"2025-07-03T18:36:28.871Z"}
{"level":"info","message":"⌛ Validating mago.wlk","timeElapsed":308,"timestamp":"2025-07-03T18:36:28.872Z"}
{"level":"error","message":"✘ Validate text document error: TypeError: o.allFields is not iterable o.allFields is not iterable","stack":"TypeError: o.allFields is not iterable\n    at Zsn (c:\\Users\\LUZ RAMIREZ\\.vscode\\extensions\\uqbar.wollok-lsp-ide-0.5.2\\out\\server\\src\\server.js:57:11529)\n    at Jsn (c:\\Users\\LUZ RAMIREZ\\.vscode\\extensions\\uqbar.wollok-lsp-ide-0.5.2\\out\\server\\src\\server.js:57:11412)\n    at v.shouldPassValuesToAllAttributes.n (c:\\Users\\LUZ RAMIREZ\\.vscode\\extensions\\uqbar.wollok-lsp-ide-0.5.2\\out\\server\\src\\server.js:57:36397)\n    at c:\\Users\\LUZ RAMIREZ\\.vscode\\extensions\\uqbar.wollok-lsp-ide-0.5.2\\out\\server\\src\\server.js:57:32764\n    at c:\\Users\\LUZ RAMIREZ\\.vscode\\extensions\\uqbar.wollok-lsp-ide-0.5.2\\out\\server\\src\\server.js:57:54835\n    at Array.map (<anonymous>)\n    at c:\\Users\\LUZ RAMIREZ\\.vscode\\extensions\\uqbar.wollok-lsp-ide-0.5.2\\out\\server\\src\\server.js:57:54822\n    at c (c:\\Users\\LUZ RAMIREZ\\.vscode\\extensions\\uqbar.wollok-lsp-ide-0.5.2\\out\\server\\src\\server.js:38:13207)\n    at c:\\Users\\LUZ RAMIREZ\\.vscode\\extensions\\uqbar.wollok-lsp-ide-0.5.2\\out\\server\\src\\server.js:38:13198\n    at Array.reduce (<anonymous>)","timestamp":"2025-07-03T18:36:29.186Z"}
{"level":"info","message":"⌛ Validating mago.wlk","timeElapsed":315,"timestamp":"2025-07-03T18:36:29.187Z"}
{"level":"error","message":"✘ Validate text document error: TypeError: o.allFields is not iterable o.allFields is not iterable","stack":"TypeError: o.allFields is not iterable\n    at Zsn (c:\\Users\\LUZ RAMIREZ\\.vscode\\extensions\\uqbar.wollok-lsp-ide-0.5.2\\out\\server\\src\\server.js:57:11529)\n    at Jsn (c:\\Users\\LUZ RAMIREZ\\.vscode\\extensions\\uqbar.wollok-lsp-ide-0.5.2\\out\\server\\src\\server.js:57:11412)\n    at v.shouldPassValuesToAllAttributes.n (c:\\Users\\LUZ RAMIREZ\\.vscode\\extensions\\uqbar.wollok-lsp-ide-0.5.2\\out\\server\\src\\server.js:57:36397)\n    at c:\\Users\\LUZ RAMIREZ\\.vscode\\extensions\\uqbar.wollok-lsp-ide-0.5.2\\out\\server\\src\\server.js:57:32764\n    at c:\\Users\\LUZ RAMIREZ\\.vscode\\extensions\\uqbar.wollok-lsp-ide-0.5.2\\out\\server\\src\\server.js:57:54835\n    at Array.map (<anonymous>)\n    at c:\\Users\\LUZ RAMIREZ\\.vscode\\extensions\\uqbar.wollok-lsp-ide-0.5.2\\out\\server\\src\\server.js:57:54822\n    at c (c:\\Users\\LUZ RAMIREZ\\.vscode\\extensions\\uqbar.wollok-lsp-ide-0.5.2\\out\\server\\src\\server.js:38:13207)\n    at c:\\Users\\LUZ RAMIREZ\\.vscode\\extensions\\uqbar.wollok-lsp-ide-0.5.2\\out\\server\\src\\server.js:38:13198\n    at Array.reduce (<anonymous>)","timestamp":"2025-07-03T18:36:29.751Z"}
{"level":"info","message":"⌛ Validating mago.wlk","timeElapsed":494,"timestamp":"2025-07-03T18:36:29.752Z"}
{"level":"error","message":"✘ Validate text document error: TypeError: o.allFields is not iterable o.allFields is not iterable","stack":"TypeError: o.allFields is not iterable\n    at Zsn (c:\\Users\\LUZ RAMIREZ\\.vscode\\extensions\\uqbar.wollok-lsp-ide-0.5.2\\out\\server\\src\\server.js:57:11529)\n    at Jsn (c:\\Users\\LUZ RAMIREZ\\.vscode\\extensions\\uqbar.wollok-lsp-ide-0.5.2\\out\\server\\src\\server.js:57:11412)\n    at v.shouldPassValuesToAllAttributes.n (c:\\Users\\LUZ RAMIREZ\\.vscode\\extensions\\uqbar.wollok-lsp-ide-0.5.2\\out\\server\\src\\server.js:57:36397)\n    at c:\\Users\\LUZ RAMIREZ\\.vscode\\extensions\\uqbar.wollok-lsp-ide-0.5.2\\out\\server\\src\\server.js:57:32764\n    at c:\\Users\\LUZ RAMIREZ\\.vscode\\extensions\\uqbar.wollok-lsp-ide-0.5.2\\out\\server\\src\\server.js:57:54835\n    at Array.map (<anonymous>)\n    at c:\\Users\\LUZ RAMIREZ\\.vscode\\extensions\\uqbar.wollok-lsp-ide-0.5.2\\out\\server\\src\\server.js:57:54822\n    at c (c:\\Users\\LUZ RAMIREZ\\.vscode\\extensions\\uqbar.wollok-lsp-ide-0.5.2\\out\\server\\src\\server.js:38:13207)\n    at c:\\Users\\LUZ RAMIREZ\\.vscode\\extensions\\uqbar.wollok-lsp-ide-0.5.2\\out\\server\\src\\server.js:38:13198\n    at Array.reduce (<anonymous>)","timestamp":"2025-07-03T18:36:30.164Z"}
{"level":"info","message":"⌛ Validating mago.wlk","timeElapsed":320,"timestamp":"2025-07-03T18:36:30.165Z"}
{"level":"info","message":"⌛ Validating mago.wlk","timeElapsed":304,"timestamp":"2025-07-03T18:36:31.018Z"}
{"level":"info","message":"⌛ Validating mago.wlk","timeElapsed":334,"timestamp":"2025-07-03T18:36:31.357Z"}
{"level":"info","message":"⌛ Building environment","timeElapsed":1161,"timestamp":"2025-07-03T18:37:15.886Z"}
{"level":"info","message":"⌛ Validating arcaneBastion.wlk","timeElapsed":435,"timestamp":"2025-07-03T18:37:16.460Z"}
{"level":"info","message":"⌛ Building environment","timeElapsed":337,"timestamp":"2025-07-03T18:37:53.950Z"}
{"level":"info","message":"⌛ Validating administradorDeHechizos.wlk","timeElapsed":360,"timestamp":"2025-07-03T18:37:54.333Z"}
{"level":"info","message":"⌛ Building environment","timeElapsed":310,"timestamp":"2025-07-03T18:38:14.380Z"}
{"level":"info","message":"⌛ Validating administradorDeHechizos.wlk","timeElapsed":341,"timestamp":"2025-07-03T18:38:14.754Z"}
{"level":"info","message":"⌛ Building environment","timeElapsed":401,"timestamp":"2025-07-03T18:38:15.651Z"}
{"level":"info","message":"⌛ Building environment","timeElapsed":436,"timestamp":"2025-07-03T18:38:16.218Z"}
{"level":"info","message":"⌛ Building environment","timeElapsed":372,"timestamp":"2025-07-03T18:38:16.593Z"}
{"level":"info","message":"⌛ Building environment","timeElapsed":396,"timestamp":"2025-07-03T18:38:16.992Z"}
{"level":"info","message":"⌛ Validating administradorDeHechizos.wlk","timeElapsed":686,"timestamp":"2025-07-03T18:38:17.735Z"}
{"level":"info","message":"⌛ Building environment","timeElapsed":527,"timestamp":"2025-07-03T18:38:18.270Z"}
{"level":"info","message":"⌛ Building environment","timeElapsed":437,"timestamp":"2025-07-03T18:38:19.021Z"}
{"level":"info","message":"⌛ Validating administradorDeHechizos.wlk","timeElapsed":462,"timestamp":"2025-07-03T18:38:19.538Z"}
{"level":"info","message":"⌛ Building environment","timeElapsed":375,"timestamp":"2025-07-03T18:38:19.920Z"}
{"level":"info","message":"⌛ Building environment","timeElapsed":1235,"timestamp":"2025-07-03T18:38:21.156Z"}
{"level":"info","message":"⌛ Validating administradorDeHechizos.wlk","timeElapsed":488,"timestamp":"2025-07-03T18:38:21.645Z"}
{"level":"info","message":"⌛ Building environment","timeElapsed":257,"timestamp":"2025-07-03T18:38:21.919Z"}
{"level":"info","message":"⌛ Building environment","timeElapsed":353,"timestamp":"2025-07-03T18:38:22.407Z"}
{"level":"info","message":"⌛ Validating administradorDeHechizos.wlk","timeElapsed":391,"timestamp":"2025-07-03T18:38:22.805Z"}
{"level":"info","message":"⌛ Building environment","timeElapsed":360,"timestamp":"2025-07-03T18:38:23.439Z"}
{"level":"info","message":"⌛ Building environment","timeElapsed":353,"timestamp":"2025-07-03T18:38:23.909Z"}
{"level":"info","message":"⌛ Building environment","timeElapsed":366,"timestamp":"2025-07-03T18:38:24.279Z"}
{"level":"info","message":"⌛ Building environment","timeElapsed":388,"timestamp":"2025-07-03T18:38:24.673Z"}
{"level":"info","message":"⌛ Validating administradorDeHechizos.wlk","timeElapsed":459,"timestamp":"2025-07-03T18:38:25.134Z"}
{"level":"info","message":"⌛ Building environment","timeElapsed":804,"timestamp":"2025-07-03T18:38:26.001Z"}
{"level":"info","message":"⌛ Building environment","timeElapsed":297,"timestamp":"2025-07-03T18:38:26.337Z"}
{"level":"info","message":"⌛ Validating administradorDeHechizos.wlk","timeElapsed":449,"timestamp":"2025-07-03T18:38:26.788Z"}
{"level":"info","message":"⌛ Building environment","timeElapsed":254,"timestamp":"2025-07-03T18:38:27.061Z"}
{"level":"info","message":"⌛ Building environment","timeElapsed":279,"timestamp":"2025-07-03T18:38:27.378Z"}
{"level":"info","message":"⌛ Building environment","timeElapsed":287,"timestamp":"2025-07-03T18:38:27.670Z"}
{"level":"info","message":"⌛ Building environment","timeElapsed":288,"timestamp":"2025-07-03T18:38:27.961Z"}
{"level":"info","message":"⌛ Building environment","timeElapsed":871,"timestamp":"2025-07-03T18:38:29.070Z"}
{"level":"info","message":"⌛ Validating administradorDeHechizos.wlk","timeElapsed":375,"timestamp":"2025-07-03T18:38:29.472Z"}
{"level":"info","message":"⌛ Building environment","timeElapsed":416,"timestamp":"2025-07-03T18:38:29.927Z"}
{"level":"info","message":"⌛ Building environment","timeElapsed":285,"timestamp":"2025-07-03T18:38:30.273Z"}
{"level":"info","message":"⌛ Validating administradorDeHechizos.wlk","timeElapsed":356,"timestamp":"2025-07-03T18:38:30.631Z"}
{"level":"info","message":"⌛ Validating administradorDeHechizos.wlk","timeElapsed":339,"timestamp":"2025-07-03T18:38:31.005Z"}
{"level":"info","message":"⌛ Building environment","timeElapsed":275,"timestamp":"2025-07-03T18:38:31.286Z"}
{"level":"info","message":"⌛ Validating administradorDeHechizos.wlk","timeElapsed":350,"timestamp":"2025-07-03T18:38:31.662Z"}
{"level":"info","message":"⌛ Validating administradorDeHechizos.wlk","timeElapsed":358,"timestamp":"2025-07-03T18:38:32.034Z"}
{"level":"info","message":"⌛ Building environment","timeElapsed":262,"timestamp":"2025-07-03T18:38:32.303Z"}
{"level":"info","message":"⌛ Validating administradorDeHechizos.wlk","timeElapsed":364,"timestamp":"2025-07-03T18:38:32.670Z"}
{"level":"info","message":"⌛ Building environment","timeElapsed":300,"timestamp":"2025-07-03T18:38:33.010Z"}
{"level":"info","message":"⌛ Validating administradorDeHechizos.wlk","timeElapsed":470,"timestamp":"2025-07-03T18:38:33.537Z"}
{"level":"info","message":"⌛ Building environment","timeElapsed":333,"timestamp":"2025-07-03T18:38:33.886Z"}
{"level":"info","message":"⌛ Validating administradorDeHechizos.wlk","timeElapsed":382,"timestamp":"2025-07-03T18:38:34.269Z"}
{"level":"info","message":"⌛ Building environment","timeElapsed":268,"timestamp":"2025-07-03T18:38:34.568Z"}
{"level":"info","message":"⌛ Building environment","timeElapsed":290,"timestamp":"2025-07-03T18:38:34.894Z"}
{"level":"info","message":"⌛ Validating administradorDeHechizos.wlk","timeElapsed":346,"timestamp":"2025-07-03T18:38:35.271Z"}
{"level":"info","message":"⌛ Validating administradorDeHechizos.wlk","timeElapsed":336,"timestamp":"2025-07-03T18:38:35.612Z"}
{"level":"info","message":"⌛ Validating administradorDeHechizos.wlk","timeElapsed":408,"timestamp":"2025-07-03T18:38:36.033Z"}
{"level":"info","message":"⌛ Validating administradorDeHechizos.wlk","timeElapsed":356,"timestamp":"2025-07-03T18:38:36.402Z"}
{"level":"info","message":"⌛ Validating administradorDeHechizos.wlk","timeElapsed":337,"timestamp":"2025-07-03T18:38:36.744Z"}
{"level":"info","message":"⌛ Validating administradorDeHechizos.wlk","timeElapsed":329,"timestamp":"2025-07-03T18:38:37.080Z"}
{"level":"info","message":"⌛ Validating administradorDeHechizos.wlk","timeElapsed":346,"timestamp":"2025-07-03T18:38:37.431Z"}
{"level":"info","message":"⌛ Validating administradorDeHechizos.wlk","timeElapsed":429,"timestamp":"2025-07-03T18:38:37.872Z"}
{"level":"info","message":"⌛ Validating administradorDeHechizos.wlk","timeElapsed":430,"timestamp":"2025-07-03T18:38:38.313Z"}
{"level":"info","message":"⌛ Validating administradorDeHechizos.wlk","timeElapsed":406,"timestamp":"2025-07-03T18:38:38.763Z"}
{"level":"info","message":"⌛ Validating administradorDeHechizos.wlk","timeElapsed":325,"timestamp":"2025-07-03T18:38:39.104Z"}
{"level":"info","message":"⌛ Building environment","timeElapsed":526,"timestamp":"2025-07-03T18:38:39.690Z"}
{"level":"error","message":"✘ Completions for node Send ([37:9, 37:28] - administradorDeHechizos.wlk) failed: Error: [Send]{ea7365} at administradorDeHechizos.wlk:37 exhausted all cases without a match [Send]{ea7365} at administradorDeHechizos.wlk:37 exhausted all cases without a match","stack":"Error: [Send]{ea7365} at administradorDeHechizos.wlk:37 exhausted all cases without a match\n    at c:\\Users\\LUZ RAMIREZ\\.vscode\\extensions\\uqbar.wollok-lsp-ide-0.5.2\\out\\server\\src\\server.js:38:6142\n    at C2 (c:\\Users\\LUZ RAMIREZ\\.vscode\\extensions\\uqbar.wollok-lsp-ide-0.5.2\\out\\server\\src\\server.js:2362:42)\n    at Gh (c:\\Users\\LUZ RAMIREZ\\.vscode\\extensions\\uqbar.wollok-lsp-ide-0.5.2\\out\\server\\src\\server.js:2362:1092)\n    at l8n (c:\\Users\\LUZ RAMIREZ\\.vscode\\extensions\\uqbar.wollok-lsp-ide-0.5.2\\out\\server\\src\\server.js:2362:1248)\n    at c:\\Users\\LUZ RAMIREZ\\.vscode\\extensions\\uqbar.wollok-lsp-ide-0.5.2\\out\\server\\src\\server.js:38:6131\n    at C2 (c:\\Users\\LUZ RAMIREZ\\.vscode\\extensions\\uqbar.wollok-lsp-ide-0.5.2\\out\\server\\src\\server.js:2362:42)\n    at c:\\Users\\LUZ RAMIREZ\\.vscode\\extensions\\uqbar.wollok-lsp-ide-0.5.2\\out\\server\\src\\server.js:2362:2988\n    at c:\\Users\\LUZ RAMIREZ\\.vscode\\extensions\\uqbar.wollok-lsp-ide-0.5.2\\out\\server\\src\\server.js:2371:8440\n    at c:\\Users\\LUZ RAMIREZ\\.vscode\\extensions\\uqbar.wollok-lsp-ide-0.5.2\\out\\server\\src\\server.js:37:74872\n    at Ye (c:\\Users\\LUZ RAMIREZ\\.vscode\\extensions\\uqbar.wollok-lsp-ide-0.5.2\\out\\server\\src\\server.js:7:8527)","timestamp":"2025-07-03T18:38:39.789Z"}
{"level":"info","message":"⌛ Building environment","timeElapsed":304,"timestamp":"2025-07-03T18:38:40.127Z"}
{"level":"info","message":"⌛ Validating administradorDeHechizos.wlk","timeElapsed":390,"timestamp":"2025-07-03T18:38:40.526Z"}
{"level":"info","message":"⌛ Building environment","timeElapsed":281,"timestamp":"2025-07-03T18:38:40.810Z"}
{"level":"info","message":"⌛ Building environment","timeElapsed":294,"timestamp":"2025-07-03T18:38:41.110Z"}
{"level":"info","message":"⌛ Building environment","timeElapsed":391,"timestamp":"2025-07-03T18:38:41.508Z"}
{"level":"info","message":"⌛ Building environment","timeElapsed":292,"timestamp":"2025-07-03T18:38:41.804Z"}
{"level":"info","message":"⌛ Building environment","timeElapsed":299,"timestamp":"2025-07-03T18:38:42.104Z"}
{"level":"info","message":"⌛ Validating administradorDeHechizos.wlk","timeElapsed":359,"timestamp":"2025-07-03T18:38:42.465Z"}
{"level":"info","message":"⌛ Validating administradorDeHechizos.wlk","timeElapsed":327,"timestamp":"2025-07-03T18:38:42.834Z"}
{"level":"info","message":"⌛ Validating administradorDeHechizos.wlk","timeElapsed":342,"timestamp":"2025-07-03T18:38:43.177Z"}
{"level":"info","message":"⌛ Building environment","timeElapsed":259,"timestamp":"2025-07-03T18:38:43.449Z"}
{"level":"info","message":"⌛ Building environment","timeElapsed":285,"timestamp":"2025-07-03T18:38:43.875Z"}
{"level":"info","message":"⌛ Building environment","timeElapsed":298,"timestamp":"2025-07-03T18:38:44.176Z"}
{"level":"info","message":"⌛ Building environment","timeElapsed":624,"timestamp":"2025-07-03T18:38:45.010Z"}
{"level":"info","message":"⌛ Building environment","timeElapsed":387,"timestamp":"2025-07-03T18:38:45.406Z"}
{"level":"info","message":"⌛ Building environment","timeElapsed":709,"timestamp":"2025-07-03T18:38:46.119Z"}
{"level":"info","message":"⌛ Building environment","timeElapsed":349,"timestamp":"2025-07-03T18:38:46.471Z"}
{"level":"info","message":"⌛ Validating administradorDeHechizos.wlk","timeElapsed":530,"timestamp":"2025-07-03T18:38:47.108Z"}
{"level":"info","message":"⌛ Validating administradorDeHechizos.wlk","timeElapsed":403,"timestamp":"2025-07-03T18:38:47.514Z"}
{"level":"info","message":"⌛ Validating administradorDeHechizos.wlk","timeElapsed":344,"timestamp":"2025-07-03T18:38:47.867Z"}
{"level":"info","message":"⌛ Validating administradorDeHechizos.wlk","timeElapsed":361,"timestamp":"2025-07-03T18:38:48.229Z"}
{"level":"info","message":"⌛ Validating administradorDeHechizos.wlk","timeElapsed":340,"timestamp":"2025-07-03T18:38:48.570Z"}
{"level":"info","message":"⌛ Validating administradorDeHechizos.wlk","timeElapsed":327,"timestamp":"2025-07-03T18:38:48.902Z"}
{"level":"info","message":"⌛ Validating administradorDeHechizos.wlk","timeElapsed":372,"timestamp":"2025-07-03T18:38:49.280Z"}
{"level":"info","message":"⌛ Validating administradorDeHechizos.wlk","timeElapsed":420,"timestamp":"2025-07-03T18:38:49.774Z"}
{"level":"info","message":"⌛ Validating administradorDeHechizos.wlk","timeElapsed":414,"timestamp":"2025-07-03T18:38:50.190Z"}
{"level":"info","message":"⌛ Validating administradorDeHechizos.wlk","timeElapsed":1057,"timestamp":"2025-07-03T18:38:51.254Z"}
{"level":"info","message":"⌛ Validating administradorDeHechizos.wlk","timeElapsed":764,"timestamp":"2025-07-03T18:38:52.022Z"}
{"level":"info","message":"⌛ Building environment","timeElapsed":546,"timestamp":"2025-07-03T18:38:52.569Z"}
{"level":"error","message":"✘ Completions for node Send ([37:9, 37:42] - administradorDeHechizos.wlk) failed: Error: [Send]{a55a15} at administradorDeHechizos.wlk:37 exhausted all cases without a match [Send]{a55a15} at administradorDeHechizos.wlk:37 exhausted all cases without a match","stack":"Error: [Send]{a55a15} at administradorDeHechizos.wlk:37 exhausted all cases without a match\n    at c:\\Users\\LUZ RAMIREZ\\.vscode\\extensions\\uqbar.wollok-lsp-ide-0.5.2\\out\\server\\src\\server.js:38:6142\n    at C2 (c:\\Users\\LUZ RAMIREZ\\.vscode\\extensions\\uqbar.wollok-lsp-ide-0.5.2\\out\\server\\src\\server.js:2362:42)\n    at Gh (c:\\Users\\LUZ RAMIREZ\\.vscode\\extensions\\uqbar.wollok-lsp-ide-0.5.2\\out\\server\\src\\server.js:2362:1092)\n    at l8n (c:\\Users\\LUZ RAMIREZ\\.vscode\\extensions\\uqbar.wollok-lsp-ide-0.5.2\\out\\server\\src\\server.js:2362:1248)\n    at c:\\Users\\LUZ RAMIREZ\\.vscode\\extensions\\uqbar.wollok-lsp-ide-0.5.2\\out\\server\\src\\server.js:38:6131\n    at C2 (c:\\Users\\LUZ RAMIREZ\\.vscode\\extensions\\uqbar.wollok-lsp-ide-0.5.2\\out\\server\\src\\server.js:2362:42)\n    at c:\\Users\\LUZ RAMIREZ\\.vscode\\extensions\\uqbar.wollok-lsp-ide-0.5.2\\out\\server\\src\\server.js:2362:2988\n    at c:\\Users\\LUZ RAMIREZ\\.vscode\\extensions\\uqbar.wollok-lsp-ide-0.5.2\\out\\server\\src\\server.js:2371:8440\n    at c:\\Users\\LUZ RAMIREZ\\.vscode\\extensions\\uqbar.wollok-lsp-ide-0.5.2\\out\\server\\src\\server.js:37:74872\n    at Ye (c:\\Users\\LUZ RAMIREZ\\.vscode\\extensions\\uqbar.wollok-lsp-ide-0.5.2\\out\\server\\src\\server.js:7:8527)","timestamp":"2025-07-03T18:38:52.735Z"}
{"level":"info","message":"⌛ Autocomplete - Reference","timeElapsed":146,"timestamp":"2025-07-03T18:38:52.775Z"}
{"level":"info","message":"⌛ Validating administradorDeHechizos.wlk","timeElapsed":633,"timestamp":"2025-07-03T18:38:53.409Z"}
{"level":"info","message":"⌛ Building environment","timeElapsed":352,"timestamp":"2025-07-03T18:38:53.790Z"}
{"level":"info","message":"⌛ Building environment","timeElapsed":277,"timestamp":"2025-07-03T18:38:54.092Z"}
{"level":"info","message":"⌛ Validating administradorDeHechizos.wlk","timeElapsed":404,"timestamp":"2025-07-03T18:38:54.522Z"}
{"level":"info","message":"⌛ Building environment","timeElapsed":307,"timestamp":"2025-07-03T18:38:54.850Z"}
{"level":"info","message":"⌛ Validating administradorDeHechizos.wlk","timeElapsed":388,"timestamp":"2025-07-03T18:38:55.241Z"}
{"level":"info","message":"⌛ Building environment","timeElapsed":468,"timestamp":"2025-07-03T18:38:55.975Z"}
{"level":"info","message":"⌛ Building environment","timeElapsed":330,"timestamp":"2025-07-03T18:38:56.372Z"}
{"level":"info","message":"⌛ Building environment","timeElapsed":316,"timestamp":"2025-07-03T18:38:56.703Z"}
{"level":"info","message":"⌛ Validating administradorDeHechizos.wlk","timeElapsed":487,"timestamp":"2025-07-03T18:38:57.404Z"}
{"level":"info","message":"⌛ Validating administradorDeHechizos.wlk","timeElapsed":357,"timestamp":"2025-07-03T18:38:57.879Z"}
{"level":"info","message":"⌛ Validating administradorDeHechizos.wlk","timeElapsed":402,"timestamp":"2025-07-03T18:38:58.374Z"}
{"level":"info","message":"⌛ Validating administradorDeHechizos.wlk","timeElapsed":377,"timestamp":"2025-07-03T18:38:58.852Z"}
{"level":"info","message":"⌛ Validating administradorDeHechizos.wlk","timeElapsed":397,"timestamp":"2025-07-03T18:38:59.522Z"}
{"level":"info","message":"⌛ Validating administradorDeHechizos.wlk","timeElapsed":392,"timestamp":"2025-07-03T18:38:59.928Z"}
{"level":"info","message":"⌛ Validating administradorDeHechizos.wlk","timeElapsed":401,"timestamp":"2025-07-03T18:39:00.404Z"}
{"level":"error","message":"✘ Failed to rebuild document Failed to parse mago.wlk: \n-- PARSING FAILED --------------------------------------------------\n\n  40 |   override method frames() = tipo.frames()\n  41 |   var property position\n> 42 |   var `colisionExtra = new ColisionExtra(x = position.x() + 1, y = position.y())\n     |       ^\n  43 |   method moverDerecha() {\n  44 |       if (position.x() == 100) {\n\nExpected one of the following: \n\n'property', identifier, whitespace\n","stack":"Error: Failed to parse mago.wlk: \n-- PARSING FAILED --------------------------------------------------\n\n  40 |   override method frames() = tipo.frames()\n  41 |   var property position\n> 42 |   var `colisionExtra = new ColisionExtra(x = position.x() + 1, y = position.y())\n     |       ^\n  43 |   method moverDerecha() {\n  44 |       if (position.x() == 100) {\n\nExpected one of the following: \n\n'property', identifier, whitespace\n\n    at c:\\Users\\LUZ RAMIREZ\\.vscode\\extensions\\uqbar.wollok-lsp-ide-0.5.2\\out\\server\\src\\server.js:2326:13026\n    at Array.map (<anonymous>)\n    at D1n (c:\\Users\\LUZ RAMIREZ\\.vscode\\extensions\\uqbar.wollok-lsp-ide-0.5.2\\out\\server\\src\\server.js:2326:12950)\n    at W2.buildEnvironmentFrom (c:\\Users\\LUZ RAMIREZ\\.vscode\\extensions\\uqbar.wollok-lsp-ide-0.5.2\\out\\server\\src\\server.js:2371:5254)\n    at W2.updateEnvironmentWith (c:\\Users\\LUZ RAMIREZ\\.vscode\\extensions\\uqbar.wollok-lsp-ide-0.5.2\\out\\server\\src\\server.js:2371:4989)\n    at GF (c:\\Users\\LUZ RAMIREZ\\.vscode\\extensions\\uqbar.wollok-lsp-ide-0.5.2\\out\\server\\src\\server.js:2371:7383)\n    at L3.invoke (c:\\Users\\LUZ RAMIREZ\\.vscode\\extensions\\uqbar.wollok-lsp-ide-0.5.2\\out\\server\\src\\server.js:3:157326)\n    at o.fire (c:\\Users\\LUZ RAMIREZ\\.vscode\\extensions\\uqbar.wollok-lsp-ide-0.5.2\\out\\server\\src\\server.js:3:158096)\n    at c:\\Users\\LUZ RAMIREZ\\.vscode\\extensions\\uqbar.wollok-lsp-ide-0.5.2\\out\\server\\src\\server.js:37:57871\n    at Kr (c:\\Users\\LUZ RAMIREZ\\.vscode\\extensions\\uqbar.wollok-lsp-ide-0.5.2\\out\\server\\src\\server.js:8:1561)","timestamp":"2025-07-03T18:39:01.438Z"}
{"level":"error","message":"✘ Failed to rebuild document Failed to parse mago.wlk: \n-- PARSING FAILED --------------------------------------------------\n\n  40 |   override method frames() = tipo.frames()\n  41 |   var property position\n> 42 |   var `tcolisionExtra = new ColisionExtra(x = position.x() + 1, y = position.y())\n     |       ^\n  43 |   method moverDerecha() {\n  44 |       if (position.x() == 100) {\n\nExpected one of the following: \n\n'property', identifier, whitespace\n","stack":"Error: Failed to parse mago.wlk: \n-- PARSING FAILED --------------------------------------------------\n\n  40 |   override method frames() = tipo.frames()\n  41 |   var property position\n> 42 |   var `tcolisionExtra = new ColisionExtra(x = position.x() + 1, y = position.y())\n     |       ^\n  43 |   method moverDerecha() {\n  44 |       if (position.x() == 100) {\n\nExpected one of the following: \n\n'property', identifier, whitespace\n\n    at c:\\Users\\LUZ RAMIREZ\\.vscode\\extensions\\uqbar.wollok-lsp-ide-0.5.2\\out\\server\\src\\server.js:2326:13026\n    at Array.map (<anonymous>)\n    at D1n (c:\\Users\\LUZ RAMIREZ\\.vscode\\extensions\\uqbar.wollok-lsp-ide-0.5.2\\out\\server\\src\\server.js:2326:12950)\n    at W2.buildEnvironmentFrom (c:\\Users\\LUZ RAMIREZ\\.vscode\\extensions\\uqbar.wollok-lsp-ide-0.5.2\\out\\server\\src\\server.js:2371:5254)\n    at W2.updateEnvironmentWith (c:\\Users\\LUZ RAMIREZ\\.vscode\\extensions\\uqbar.wollok-lsp-ide-0.5.2\\out\\server\\src\\server.js:2371:4989)\n    at GF (c:\\Users\\LUZ RAMIREZ\\.vscode\\extensions\\uqbar.wollok-lsp-ide-0.5.2\\out\\server\\src\\server.js:2371:7383)\n    at L3.invoke (c:\\Users\\LUZ RAMIREZ\\.vscode\\extensions\\uqbar.wollok-lsp-ide-0.5.2\\out\\server\\src\\server.js:3:157326)\n    at o.fire (c:\\Users\\LUZ RAMIREZ\\.vscode\\extensions\\uqbar.wollok-lsp-ide-0.5.2\\out\\server\\src\\server.js:3:158096)\n    at c:\\Users\\LUZ RAMIREZ\\.vscode\\extensions\\uqbar.wollok-lsp-ide-0.5.2\\out\\server\\src\\server.js:37:57871\n    at Kr (c:\\Users\\LUZ RAMIREZ\\.vscode\\extensions\\uqbar.wollok-lsp-ide-0.5.2\\out\\server\\src\\server.js:8:1561)","timestamp":"2025-07-03T18:39:01.491Z"}
{"level":"info","message":"⌛ Autocomplete - Field","timeElapsed":138,"timestamp":"2025-07-03T18:39:01.639Z"}
{"level":"error","message":"✘ Failed to rebuild document Failed to parse mago.wlk: \n-- PARSING FAILED --------------------------------------------------\n\n  40 |   override method frames() = tipo.frames()\n  41 |   var property position\n> 42 |   var `colisionExtra = new ColisionExtra(x = position.x() + 1, y = position.y())\n     |       ^\n  43 |   method moverDerecha() {\n  44 |       if (position.x() == 100) {\n\nExpected one of the following: \n\n'property', identifier, whitespace\n","stack":"Error: Failed to parse mago.wlk: \n-- PARSING FAILED --------------------------------------------------\n\n  40 |   override method frames() = tipo.frames()\n  41 |   var property position\n> 42 |   var `colisionExtra = new ColisionExtra(x = position.x() + 1, y = position.y())\n     |       ^\n  43 |   method moverDerecha() {\n  44 |       if (position.x() == 100) {\n\nExpected one of the following: \n\n'property', identifier, whitespace\n\n    at c:\\Users\\LUZ RAMIREZ\\.vscode\\extensions\\uqbar.wollok-lsp-ide-0.5.2\\out\\server\\src\\server.js:2326:13026\n    at Array.map (<anonymous>)\n    at D1n (c:\\Users\\LUZ RAMIREZ\\.vscode\\extensions\\uqbar.wollok-lsp-ide-0.5.2\\out\\server\\src\\server.js:2326:12950)\n    at W2.buildEnvironmentFrom (c:\\Users\\LUZ RAMIREZ\\.vscode\\extensions\\uqbar.wollok-lsp-ide-0.5.2\\out\\server\\src\\server.js:2371:5254)\n    at W2.updateEnvironmentWith (c:\\Users\\LUZ RAMIREZ\\.vscode\\extensions\\uqbar.wollok-lsp-ide-0.5.2\\out\\server\\src\\server.js:2371:4989)\n    at GF (c:\\Users\\LUZ RAMIREZ\\.vscode\\extensions\\uqbar.wollok-lsp-ide-0.5.2\\out\\server\\src\\server.js:2371:7383)\n    at L3.invoke (c:\\Users\\LUZ RAMIREZ\\.vscode\\extensions\\uqbar.wollok-lsp-ide-0.5.2\\out\\server\\src\\server.js:3:157326)\n    at o.fire (c:\\Users\\LUZ RAMIREZ\\.vscode\\extensions\\uqbar.wollok-lsp-ide-0.5.2\\out\\server\\src\\server.js:3:158096)\n    at c:\\Users\\LUZ RAMIREZ\\.vscode\\extensions\\uqbar.wollok-lsp-ide-0.5.2\\out\\server\\src\\server.js:37:57871\n    at Kr (c:\\Users\\LUZ RAMIREZ\\.vscode\\extensions\\uqbar.wollok-lsp-ide-0.5.2\\out\\server\\src\\server.js:8:1561)","timestamp":"2025-07-03T18:39:01.676Z"}
{"level":"info","message":"⌛ Building environment","timeElapsed":350,"timestamp":"2025-07-03T18:39:02.254Z"}
{"level":"info","message":"⌛ Building environment","timeElapsed":998,"timestamp":"2025-07-03T18:39:03.307Z"}
{"level":"info","message":"⌛ Building environment","timeElapsed":405,"timestamp":"2025-07-03T18:39:03.714Z"}
{"level":"info","message":"⌛ Validating mago.wlk","timeElapsed":488,"timestamp":"2025-07-03T18:39:04.204Z"}
{"level":"info","message":"⌛ Building environment","timeElapsed":654,"timestamp":"2025-07-03T18:39:05.069Z"}
{"level":"info","message":"⌛ Building environment","timeElapsed":455,"timestamp":"2025-07-03T18:39:05.608Z"}
{"level":"info","message":"⌛ Building environment","timeElapsed":453,"timestamp":"2025-07-03T18:39:06.068Z"}
{"level":"info","message":"⌛ Building environment","timeElapsed":326,"timestamp":"2025-07-03T18:39:06.397Z"}
{"level":"info","message":"⌛ Building environment","timeElapsed":321,"timestamp":"2025-07-03T18:39:06.721Z"}
{"level":"info","message":"⌛ Building environment","timeElapsed":361,"timestamp":"2025-07-03T18:39:07.135Z"}
{"level":"info","message":"⌛ Validating mago.wlk","timeElapsed":448,"timestamp":"2025-07-03T18:39:07.584Z"}
{"level":"info","message":"⌛ Building environment","timeElapsed":339,"timestamp":"2025-07-03T18:39:07.930Z"}
{"level":"info","message":"⌛ Building environment","timeElapsed":326,"timestamp":"2025-07-03T18:39:08.263Z"}
{"level":"info","message":"⌛ Validating mago.wlk","timeElapsed":405,"timestamp":"2025-07-03T18:39:08.712Z"}
{"level":"info","message":"⌛ Building environment","timeElapsed":887,"timestamp":"2025-07-03T18:39:09.619Z"}
{"level":"info","message":"⌛ Building environment","timeElapsed":371,"timestamp":"2025-07-03T18:39:09.998Z"}
{"level":"info","message":"⌛ Building environment","timeElapsed":364,"timestamp":"2025-07-03T18:39:10.368Z"}
{"level":"info","message":"⌛ Building environment","timeElapsed":318,"timestamp":"2025-07-03T18:39:10.770Z"}
{"level":"info","message":"⌛ Building environment","timeElapsed":480,"timestamp":"2025-07-03T18:39:11.305Z"}
{"level":"info","message":"⌛ Building environment","timeElapsed":309,"timestamp":"2025-07-03T18:39:11.615Z"}
{"level":"info","message":"⌛ Building environment","timeElapsed":305,"timestamp":"2025-07-03T18:39:11.929Z"}
{"level":"info","message":"⌛ Building environment","timeElapsed":307,"timestamp":"2025-07-03T18:39:12.242Z"}
{"level":"info","message":"⌛ Building environment","timeElapsed":342,"timestamp":"2025-07-03T18:39:12.635Z"}
{"level":"info","message":"⌛ Building environment","timeElapsed":301,"timestamp":"2025-07-03T18:39:12.939Z"}
{"level":"info","message":"⌛ Building environment","timeElapsed":300,"timestamp":"2025-07-03T18:39:13.242Z"}
{"level":"info","message":"⌛ Validating mago.wlk","timeElapsed":396,"timestamp":"2025-07-03T18:39:13.638Z"}
{"level":"info","message":"⌛ Building environment","timeElapsed":359,"timestamp":"2025-07-03T18:39:14.012Z"}
{"level":"info","message":"⌛ Building environment","timeElapsed":314,"timestamp":"2025-07-03T18:39:14.335Z"}
{"level":"info","message":"⌛ Building environment","timeElapsed":294,"timestamp":"2025-07-03T18:39:14.629Z"}
{"level":"info","message":"⌛ Building environment","timeElapsed":290,"timestamp":"2025-07-03T18:39:14.928Z"}
{"level":"info","message":"⌛ Validating mago.wlk","timeElapsed":396,"timestamp":"2025-07-03T18:39:15.326Z"}
{"level":"info","message":"⌛ Building environment","timeElapsed":1157,"timestamp":"2025-07-03T18:39:16.556Z"}
{"level":"info","message":"⌛ Building environment","timeElapsed":335,"timestamp":"2025-07-03T18:39:16.892Z"}
{"level":"info","message":"⌛ Validating mago.wlk","timeElapsed":387,"timestamp":"2025-07-03T18:39:17.279Z"}
{"level":"info","message":"⌛ Validating mago.wlk","timeElapsed":633,"timestamp":"2025-07-03T18:39:17.953Z"}
{"level":"info","message":"⌛ Validating mago.wlk","timeElapsed":413,"timestamp":"2025-07-03T18:39:18.373Z"}
{"level":"info","message":"⌛ Validating mago.wlk","timeElapsed":348,"timestamp":"2025-07-03T18:39:18.726Z"}
{"level":"info","message":"⌛ Validating mago.wlk","timeElapsed":382,"timestamp":"2025-07-03T18:39:19.366Z"}
{"level":"info","message":"⌛ Validating mago.wlk","timeElapsed":374,"timestamp":"2025-07-03T18:39:19.827Z"}
{"level":"info","message":"⌛ Validating mago.wlk","timeElapsed":313,"timestamp":"2025-07-03T18:39:20.267Z"}
{"level":"info","message":"⌛ Validating mago.wlk","timeElapsed":381,"timestamp":"2025-07-03T18:39:20.725Z"}
{"level":"info","message":"⌛ Validating mago.wlk","timeElapsed":308,"timestamp":"2025-07-03T18:39:21.212Z"}
{"level":"info","message":"⌛ Validating mago.wlk","timeElapsed":338,"timestamp":"2025-07-03T18:39:21.551Z"}
{"level":"info","message":"⌛ Validating mago.wlk","timeElapsed":339,"timestamp":"2025-07-03T18:39:22.063Z"}
{"level":"info","message":"⌛ Validating mago.wlk","timeElapsed":346,"timestamp":"2025-07-03T18:39:22.419Z"}
{"level":"info","message":"⌛ Validating mago.wlk","timeElapsed":403,"timestamp":"2025-07-03T18:39:22.844Z"}
{"level":"info","message":"⌛ Validating mago.wlk","timeElapsed":378,"timestamp":"2025-07-03T18:39:23.229Z"}
{"level":"info","message":"⌛ Validating mago.wlk","timeElapsed":369,"timestamp":"2025-07-03T18:39:23.598Z"}
{"level":"info","message":"⌛ Validating mago.wlk","timeElapsed":331,"timestamp":"2025-07-03T18:39:23.934Z"}
{"level":"info","message":"⌛ Validating mago.wlk","timeElapsed":325,"timestamp":"2025-07-03T18:39:24.265Z"}
{"level":"info","message":"⌛ Validating mago.wlk","timeElapsed":371,"timestamp":"2025-07-03T18:39:24.655Z"}
{"level":"info","message":"⌛ Validating mago.wlk","timeElapsed":385,"timestamp":"2025-07-03T18:39:25.044Z"}
{"level":"info","message":"⌛ Validating mago.wlk","timeElapsed":328,"timestamp":"2025-07-03T18:39:25.378Z"}
{"level":"info","message":"⌛ Validating mago.wlk","timeElapsed":332,"timestamp":"2025-07-03T18:39:25.716Z"}
{"level":"info","message":"⌛ Validating mago.wlk","timeElapsed":381,"timestamp":"2025-07-03T18:39:26.119Z"}
{"level":"info","message":"⌛ Validating mago.wlk","timeElapsed":329,"timestamp":"2025-07-03T18:39:26.452Z"}
{"errors":{"errors":[null,["/*\r","Hace que colisionen con el pixel actual o el siguiente.\r","ya que parece que como el dragon va restando y el hechizo sumando en el eje x\r","estos se omiten\r"]]},"level":"error","message":"✘ Failed to get type description: Error: {\n  \"errors\": [\n    null,\n    [\n      \"/*\\r\",\n      \"Hace que colisionen con el pixel actual o el siguiente.\\r\",\n      \"ya que parece que como el dragon va restando y el hechizo sumando en el eje x\\r\",\n      \"estos se omiten\\r\"\n    ]\n  ]\n} {\n  \"errors\": [\n    null,\n    [\n      \"/*\\r\",\n      \"Hace que colisionen con el pixel actual o el siguiente.\\r\",\n      \"ya que parece que como el dragon va restando y el hechizo sumando en el eje x\\r\",\n      \"estos se omiten\\r\"\n    ]\n  ]\n}","stack":"Error: {\n  \"errors\": [\n    null,\n    [\n      \"/*\\r\",\n      \"Hace que colisionen con el pixel actual o el siguiente.\\r\",\n      \"ya que parece que como el dragon va restando y el hechizo sumando en el eje x\\r\",\n      \"estos se omiten\\r\"\n    ]\n  ]\n}\n    at pS (c:\\Users\\LUZ RAMIREZ\\.vscode\\extensions\\uqbar.wollok-lsp-ide-0.5.2\\out\\server\\src\\server.js:64:34609)\n    at G1 (c:\\Users\\LUZ RAMIREZ\\.vscode\\extensions\\uqbar.wollok-lsp-ide-0.5.2\\out\\server\\src\\server.js:64:34682)\n    at c:\\Users\\LUZ RAMIREZ\\.vscode\\extensions\\uqbar.wollok-lsp-ide-0.5.2\\out\\server\\src\\server.js:64:37949\n    at o.v1 (c:\\Users\\LUZ RAMIREZ\\.vscode\\extensions\\uqbar.wollok-lsp-ide-0.5.2\\out\\server\\src\\server.js:57:57694)\n    at c:\\Users\\LUZ RAMIREZ\\.vscode\\extensions\\uqbar.wollok-lsp-ide-0.5.2\\out\\server\\src\\server.js:64:37918\n    at c:\\Users\\LUZ RAMIREZ\\.vscode\\extensions\\uqbar.wollok-lsp-ide-0.5.2\\out\\server\\src\\server.js:57:55734\n    at Ofn (c:\\Users\\LUZ RAMIREZ\\.vscode\\extensions\\uqbar.wollok-lsp-ide-0.5.2\\out\\server\\src\\server.js:68:11324)\n    at c:\\Users\\LUZ RAMIREZ\\.vscode\\extensions\\uqbar.wollok-lsp-ide-0.5.2\\out\\server\\src\\server.js:68:3629\n    at jbn (c:\\Users\\LUZ RAMIREZ\\.vscode\\extensions\\uqbar.wollok-lsp-ide-0.5.2\\out\\server\\src\\server.js:68:3396)\n    at c:\\Users\\LUZ RAMIREZ\\.vscode\\extensions\\uqbar.wollok-lsp-ide-0.5.2\\out\\server\\src\\server.js:2371:847","timestamp":"2025-07-03T18:39:30.078Z"}
{"level":"info","message":"⌛ Building environment","timeElapsed":293,"timestamp":"2025-07-03T18:39:36.187Z"}
{"level":"info","message":"⌛ Validating administradorDeHechizos.wlk","timeElapsed":326,"timestamp":"2025-07-03T18:39:36.592Z"}
{"level":"info","message":"⌛ Building environment","timeElapsed":336,"timestamp":"2025-07-03T18:39:38.540Z"}
{"level":"info","message":"⌛ Building environment","timeElapsed":321,"timestamp":"2025-07-03T18:39:38.861Z"}
{"level":"info","message":"⌛ Validating administradorDeHechizos.wlk","timeElapsed":348,"timestamp":"2025-07-03T18:39:39.216Z"}
{"level":"info","message":"⌛ Validating administradorDeHechizos.wlk","timeElapsed":343,"timestamp":"2025-07-03T18:39:39.587Z"}
{"level":"info","message":"⌛ Building environment","timeElapsed":346,"timestamp":"2025-07-03T18:39:44.944Z"}
{"level":"info","message":"⌛ Validating administradorDeHechizos.wlk","timeElapsed":373,"timestamp":"2025-07-03T18:39:45.351Z"}
{"level":"info","message":"⌛ Building environment","timeElapsed":354,"timestamp":"2025-07-03T18:39:45.734Z"}
{"level":"info","message":"⌛ Validating administradorDeHechizos.wlk","timeElapsed":336,"timestamp":"2025-07-03T18:39:46.127Z"}
{"level":"info","message":"⌛ Building environment","timeElapsed":521,"timestamp":"2025-07-03T18:39:46.938Z"}
{"level":"info","message":"⌛ Validating administradorDeHechizos.wlk","timeElapsed":413,"timestamp":"2025-07-03T18:39:47.388Z"}
{"level":"info","message":"⌛ Building environment","timeElapsed":298,"timestamp":"2025-07-03T18:39:47.691Z"}
{"level":"info","message":"⌛ Validating administradorDeHechizos.wlk","timeElapsed":339,"timestamp":"2025-07-03T18:39:48.048Z"}
{"level":"info","message":"⌛ Building environment","timeElapsed":360,"timestamp":"2025-07-03T18:39:50.935Z"}
{"level":"info","message":"⌛ Building environment","timeElapsed":471,"timestamp":"2025-07-03T18:39:51.654Z"}
{"level":"error","message":"✘ Completions for node Return (undefined - administradorDeHechizos.wlk) failed: Error: [Return]{7ca5d8} at administradorDeHechizos.wlk:-- exhausted all cases without a match [Return]{7ca5d8} at administradorDeHechizos.wlk:-- exhausted all cases without a match","stack":"Error: [Return]{7ca5d8} at administradorDeHechizos.wlk:-- exhausted all cases without a match\n    at c:\\Users\\LUZ RAMIREZ\\.vscode\\extensions\\uqbar.wollok-lsp-ide-0.5.2\\out\\server\\src\\server.js:38:6142\n    at C2 (c:\\Users\\LUZ RAMIREZ\\.vscode\\extensions\\uqbar.wollok-lsp-ide-0.5.2\\out\\server\\src\\server.js:2362:42)\n    at Gh (c:\\Users\\LUZ RAMIREZ\\.vscode\\extensions\\uqbar.wollok-lsp-ide-0.5.2\\out\\server\\src\\server.js:2362:1092)\n    at l8n (c:\\Users\\LUZ RAMIREZ\\.vscode\\extensions\\uqbar.wollok-lsp-ide-0.5.2\\out\\server\\src\\server.js:2362:1248)\n    at c:\\Users\\LUZ RAMIREZ\\.vscode\\extensions\\uqbar.wollok-lsp-ide-0.5.2\\out\\server\\src\\server.js:38:6131\n    at C2 (c:\\Users\\LUZ RAMIREZ\\.vscode\\extensions\\uqbar.wollok-lsp-ide-0.5.2\\out\\server\\src\\server.js:2362:42)\n    at c:\\Users\\LUZ RAMIREZ\\.vscode\\extensions\\uqbar.wollok-lsp-ide-0.5.2\\out\\server\\src\\server.js:2362:2988\n    at c:\\Users\\LUZ RAMIREZ\\.vscode\\extensions\\uqbar.wollok-lsp-ide-0.5.2\\out\\server\\src\\server.js:2371:8440\n    at c:\\Users\\LUZ RAMIREZ\\.vscode\\extensions\\uqbar.wollok-lsp-ide-0.5.2\\out\\server\\src\\server.js:37:74872\n    at Ye (c:\\Users\\LUZ RAMIREZ\\.vscode\\extensions\\uqbar.wollok-lsp-ide-0.5.2\\out\\server\\src\\server.js:7:8527)","timestamp":"2025-07-03T18:39:51.838Z"}
{"level":"info","message":"⌛ Autocomplete - Reference","timeElapsed":130,"timestamp":"2025-07-03T18:39:51.847Z"}
{"level":"info","message":"⌛ Validating administradorDeHechizos.wlk","timeElapsed":626,"timestamp":"2025-07-03T18:39:52.474Z"}
{"level":"info","message":"⌛ Building environment","timeElapsed":442,"timestamp":"2025-07-03T18:39:52.938Z"}
{"level":"info","message":"⌛ Building environment","timeElapsed":325,"timestamp":"2025-07-03T18:39:53.269Z"}
{"level":"info","message":"⌛ Building environment","timeElapsed":349,"timestamp":"2025-07-03T18:39:53.627Z"}
{"level":"info","message":"⌛ Building environment","timeElapsed":334,"timestamp":"2025-07-03T18:39:53.967Z"}
{"level":"info","message":"⌛ Validating administradorDeHechizos.wlk","timeElapsed":386,"timestamp":"2025-07-03T18:39:54.355Z"}
{"level":"info","message":"⌛ Building environment","timeElapsed":279,"timestamp":"2025-07-03T18:39:54.669Z"}
{"level":"info","message":"⌛ Building environment","timeElapsed":281,"timestamp":"2025-07-03T18:39:54.953Z"}
{"level":"info","message":"⌛ Building environment","timeElapsed":468,"timestamp":"2025-07-03T18:39:55.425Z"}
{"level":"info","message":"⌛ Building environment","timeElapsed":305,"timestamp":"2025-07-03T18:39:55.737Z"}
{"level":"info","message":"⌛ Building environment","timeElapsed":720,"timestamp":"2025-07-03T18:39:56.603Z"}
{"level":"info","message":"⌛ Building environment","timeElapsed":304,"timestamp":"2025-07-03T18:39:56.919Z"}
{"level":"info","message":"⌛ Validating administradorDeHechizos.wlk","timeElapsed":484,"timestamp":"2025-07-03T18:39:57.405Z"}
{"level":"info","message":"⌛ Validating administradorDeHechizos.wlk","timeElapsed":391,"timestamp":"2025-07-03T18:39:57.851Z"}
{"level":"info","message":"⌛ Building environment","timeElapsed":321,"timestamp":"2025-07-03T18:39:58.173Z"}
{"level":"info","message":"⌛ Validating administradorDeHechizos.wlk","timeElapsed":344,"timestamp":"2025-07-03T18:39:58.519Z"}
{"level":"info","message":"⌛ Validating administradorDeHechizos.wlk","timeElapsed":380,"timestamp":"2025-07-03T18:39:58.931Z"}
{"level":"info","message":"⌛ Validating administradorDeHechizos.wlk","timeElapsed":358,"timestamp":"2025-07-03T18:39:59.292Z"}
{"level":"info","message":"⌛ Validating administradorDeHechizos.wlk","timeElapsed":396,"timestamp":"2025-07-03T18:39:59.699Z"}
{"level":"info","message":"⌛ Building environment","timeElapsed":289,"timestamp":"2025-07-03T18:39:59.988Z"}
{"level":"info","message":"⌛ Validating administradorDeHechizos.wlk","timeElapsed":368,"timestamp":"2025-07-03T18:40:00.391Z"}
{"level":"info","message":"⌛ Validating administradorDeHechizos.wlk","timeElapsed":369,"timestamp":"2025-07-03T18:40:00.764Z"}
{"level":"info","message":"⌛ Validating administradorDeHechizos.wlk","timeElapsed":387,"timestamp":"2025-07-03T18:40:01.152Z"}
{"level":"info","message":"⌛ Validating administradorDeHechizos.wlk","timeElapsed":402,"timestamp":"2025-07-03T18:40:01.558Z"}
{"level":"info","message":"⌛ Validating administradorDeHechizos.wlk","timeElapsed":387,"timestamp":"2025-07-03T18:40:02.375Z"}
{"level":"info","message":"⌛ Validating administradorDeHechizos.wlk","timeElapsed":347,"timestamp":"2025-07-03T18:40:02.765Z"}
{"level":"error","message":"✘ Failed to get type description: Error: Failed to print, found malformed node Failed to print, found malformed node","node":{"id":"12d49944-89ad-49b1-b971-a3f93f63874b","metadata":[],"problems":[{"code":"malformedSentence","sourceMap":{"end":{"column":11,"line":39,"offset":1378},"start":{"column":13,"line":37,"offset":1315}}}],"scope":{"containerScope":{"containerScope":{"containerScope":{"containerScope":{"contributions":{},"includedScopes":[]},"contributions":{},"includedScopes":[{"contributions":{},"includedScopes":[]}]},"contributions":{},"includedScopes":[{"containerScope":{"containerScope":{"containerScope":{"contributions":{},"includedScopes":[]},"contributions":{},"includedScopes":[]},"contributions":{},"includedScopes":[]},"contributions":{},"includedScopes":[]}]},"contributions":{},"includedScopes":[]},"contributions":{},"includedScopes":[]},"sentences":[{"id":"9db3b94f-0152-417c-82ec-c37a74d715d5","isConstant":true,"metadata":[],"name":"hechizo","scope":{"containerScope":{"containerScope":{"containerScope":{"containerScope":{"containerScope":{"contributions":{},"includedScopes":[]},"contributions":{},"includedScopes":[{"contributions":{},"includedScopes":[]}]},"contributions":{},"includedScopes":[{"containerScope":{"containerScope":{"containerScope":{"contributions":{},"includedScopes":[]},"contributions":{},"includedScopes":[]},"contributions":{},"includedScopes":[]},"contributions":{},"includedScopes":[]}]},"contributions":{},"includedScopes":[]},"contributions":{},"includedScopes":[]},"contributions":{},"includedScopes":[]},"sourceMap":{"end":{"column":137,"line":23,"offset":991},"start":{"column":9,"line":23,"offset":863}},"value":{"args":[{"id":"65d64fc2-b8b2-410d-9ada-78468e9dbc02","metadata":[],"name":"position","scope":{"containerScope":{"containerScope":{"containerScope":{"containerScope":{"containerScope":{"containerScope":{"containerScope":{"contributions":{},"includedScopes":[]},"contributions":{},"includedScopes":[{"contributions":{},"includedScopes":[]}]},"contributions":{},"includedScopes":[{"containerScope":{"containerScope":{"containerScope":{"contributions":{},"includedScopes":[]},"contributions":{},"includedScopes":[]},"contributions":{},"includedScopes":[]},"contributions":{},"includedScopes":[]}]},"contributions":{},"includedScopes":[]},"contributions":{},"includedScopes":[]},"contributions":{},"includedScopes":[]},"contributions":{},"includedScopes":[]},"contributions":{},"includedScopes":[]},"sourceMap":{"end":{"column":56,"line":23,"offset":910},"start":{"column":37,"line":23,"offset":891}},"value":{"id":"cce452d7-6172-4289-a4f7-54306f004ffa","metadata":[],"name":"posicion","scope":{"containerScope":{"containerScope":{"containerScope":{"containerScope":{"containerScope":{"containerScope":{"containerScope":{"containerScope":{"contributions":{},"includedScopes":[]},"contributions":{},"includedScopes":[{"contributions":{},"includedScopes":[]}]},"contributions":{},"includedScopes":[{"containerScope":{"containerScope":{"containerScope":{"contributions":{},"includedScopes":[]},"contributions":{},"includedScopes":[]},"contributions":{},"includedScopes":[]},"contributions":{},"includedScopes":[]}]},"contributions":{},"includedScopes":[]},"contributions":{},"includedScopes":[]},"contributions":{},"includedScopes":[]},"contributions":{},"includedScopes":[]},"contributions":{},"includedScopes":[]},"contributions":{},"includedScopes":[]},"sourceMap":{"end":{"column":56,"line":23,"offset":910},"start":{"column":48,"line":23,"offset":902}}}},{"id":"502e8933-18be-4a81-9669-df176d9c4ca4","metadata":[],"name":"tipo","scope":{"containerScope":{"containerScope":{"containerScope":{"containerScope":{"containerScope":{"containerScope":{"containerScope":{"contributions":{},"includedScopes":[]},"contributions":{},"includedScopes":[{"contributions":{},"includedScopes":[]}]},"contributions":{},"includedScopes":[{"containerScope":{"containerScope":{"containerScope":{"contributions":{},"includedScopes":[]},"contributions":{},"includedScopes":[]},"contributions":{},"includedScopes":[]},"contributions":{},"includedScopes":[]}]},"contributions":{},"includedScopes":[]},"contributions":{},"includedScopes":[]},"contributions":{},"includedScopes":[]},"contributions":{},"includedScopes":[]},"contributions":{},"includedScopes":[]},"sourceMap":{"end":{"column":76,"line":23,"offset":930},"start":{"column":58,"line":23,"offset":912}},"value":{"id":"3debe3cf-2513-4651-a3bb-5660806830cd","metadata":[],"name":"tipoDeMagia","scope":{"containerScope":{"containerScope":{"containerScope":{"containerScope":{"containerScope":{"containerScope":{"containerScope":{"containerScope":{"contributions":{},"includedScopes":[]},"contributions":{},"includedScopes":[{"contributions":{},"includedScopes":[]}]},"contributions":{},"includedScopes":[{"containerScope":{"containerScope":{"containerScope":{"contributions":{},"includedScopes":[]},"contributions":{},"includedScopes":[]},"contributions":{},"includedScopes":[]},"contributions":{},"includedScopes":[]}]},"contributions":{},"includedScopes":[]},"contributions":{},"includedScopes":[]},"contributions":{},"includedScopes":[]},"contributions":{},"includedScopes":[]},"contributions":{},"includedScopes":[]},"contributions":{},"includedScopes":[]},"sourceMap":{"end":{"column":76,"line":23,"offset":930},"start":{"column":65,"line":23,"offset":919}}}},{"id":"292278a3-7d46-407c-af6e-5685f99c83a0","metadata":[],"name":"frames","scope":{"containerScope":{"containerScope":{"containerScope":{"containerScope":{"containerScope":{"containerScope":{"containerScope":{"contributions":{},"includedScopes":[]},"contributions":{},"includedScopes":[{"contributions":{},"includedScopes":[]}]},"contributions":{},"includedScopes":[{"containerScope":{"containerScope":{"containerScope":{"contributions":{},"includedScopes":[]},"contributions":{},"includedScopes":[]},"contributions":{},"includedScopes":[]},"contributions":{},"includedScopes":[]}]},"contributions":{},"includedScopes":[]},"contributions":{},"includedScopes":[]},"contributions":{},"includedScopes":[]},"contributions":{},"includedScopes":[]},"contributions":{},"includedScopes":[]},"sourceMap":{"end":{"column":107,"line":23,"offset":961},"start":{"column":78,"line":23,"offset":932}},"value":{"args":[],"id":"e1aefd7b-0f0d-4c4a-9fbc-c48ee04de7c6","message":"frames","metadata":[],"receiver":{"id":"6b3bc04a-4928-44b1-b2a2-444354ab5d13","metadata":[],"name":"tipoDeMagia","scope":{"containerScope":{"containerScope":{"containerScope":{"containerScope":{"containerScope":{"containerScope":{"containerScope":{"containerScope":{"containerScope":{"contributions":{},"includedScopes":[]},"contributions":{},"includedScopes":[{"contributions":{},"includedScopes":[]}]},"contributions":{},"includedScopes":[{"containerScope":{"containerScope":{"containerScope":{"contributions":{},"includedScopes":[]},"contributions":{},"includedScopes":[]},"contributions":{},"includedScopes":[]},"contributions":{},"includedScopes":[]}]},"contributions":{},"includedScopes":[]},"contributions":{},"includedScopes":[]},"contributions":{},"includedScopes":[]},"contributions":{},"includedScopes":[]},"contributions":{},"includedScopes":[]},"contributions":{},"includedScopes":[]},"contributions":{},"includedScopes":[]},"sourceMap":{"end":{"column":98,"line":23,"offset":952},"start":{"column":87,"line":23,"offset":941}}},"scope":{"containerScope":{"containerScope":{"containerScope":{"containerScope":{"containerScope":{"containerScope":{"containerScope":{"containerScope":{"contributions":{},"includedScopes":[]},"contributions":{},"includedScopes":[{"contributions":{},"includedScopes":[]}]},"contributions":{},"includedScopes":[{"containerScope":{"containerScope":{"containerScope":{"contributions":{},"includedScopes":[]},"contributions":{},"includedScopes":[]},"contributions":{},"includedScopes":[]},"contributions":{},"includedScopes":[]}]},"contributions":{},"includedScopes":[]},"contributions":{},"includedScopes":[]},"contributions":{},"includedScopes":[]},"contributions":{},"includedScopes":[]},"contributions":{},"includedScopes":[]},"contributions":{},"includedScopes":[]},"sourceMap":{"end":{"column":107,"line":23,"offset":961},"start":{"column":87,"line":23,"offset":941}}}},{"id":"874db280-a333-4704-8289-13631a93de51","metadata":[],"name":"danio","scope":{"containerScope":{"containerScope":{"containerScope":{"containerScope":{"containerScope":{"containerScope":{"containerScope":{"contributions":{},"includedScopes":[]},"contributions":{},"includedScopes":[{"contributions":{},"includedScopes":[]}]},"contributions":{},"includedScopes":[{"containerScope":{"containerScope":{"containerScope":{"contributions":{},"includedScopes":[]},"contributions":{},"includedScopes":[]},"contributions":{},"includedScopes":[]},"contributions":{},"includedScopes":[]}]},"contributions":{},"includedScopes":[]},"contributions":{},"includedScopes":[]},"contributions":{},"includedScopes":[]},"contributions":{},"includedScopes":[]},"contributions":{},"includedScopes":[]},"sourceMap":{"end":{"column":136,"line":23,"offset":990},"start":{"column":109,"line":23,"offset":963}},"value":{"args":[],"id":"d075f49f-b336-4eb8-89d5-b7cbb0847a24","message":"danio","metadata":[],"receiver":{"id":"4f05bb7f-e999-4d3c-bf09-7fa7ae3ce4ce","metadata":[],"name":"tipoDeMagia","scope":{"containerScope":{"containerScope":{"containerScope":{"containerScope":{"containerScope":{"containerScope":{"containerScope":{"containerScope":{"containerScope":{"contributions":{},"includedScopes":[]},"contributions":{},"includedScopes":[{"contributions":{},"includedScopes":[]}]},"contributions":{},"includedScopes":[{"containerScope":{"containerScope":{"containerScope":{"contributions":{},"includedScopes":[]},"contributions":{},"includedScopes":[]},"contributions":{},"includedScopes":[]},"contributions":{},"includedScopes":[]}]},"contributions":{},"includedScopes":[]},"contributions":{},"includedScopes":[]},"contributions":{},"includedScopes":[]},"contributions":{},"includedScopes":[]},"contributions":{},"includedScopes":[]},"contributions":{},"includedScopes":[]},"contributions":{},"includedScopes":[]},"sourceMap":{"end":{"column":128,"line":23,"offset":982},"start":{"column":117,"line":23,"offset":971}}},"scope":{"containerScope":{"containerScope":{"containerScope":{"containerScope":{"containerScope":{"containerScope":{"containerScope":{"containerScope":{"contributions":{},"includedScopes":[]},"contributions":{},"includedScopes":[{"contributions":{},"includedScopes":[]}]},"contributions":{},"includedScopes":[{"containerScope":{"containerScope":{"containerScope":{"contributions":{},"includedScopes":[]},"contributions":{},"includedScopes":[]},"contributions":{},"includedScopes":[]},"contributions":{},"includedScopes":[]}]},"contributions":{},"includedScopes":[]},"contributions":{},"includedScopes":[]},"contributions":{},"includedScopes":[]},"contributions":{},"includedScopes":[]},"contributions":{},"includedScopes":[]},"contributions":{},"includedScopes":[]},"sourceMap":{"end":{"column":136,"line":23,"offset":990},"start":{"column":117,"line":23,"offset":971}}}}],"id":"eea27e6e-2b8d-4421-9efb-8ee9aa189ff3","instantiated":{"id":"3e1aca30-d41c-4a46-89be-aca97b72391b","metadata":[],"name":"Hechizo","scope":{"containerScope":{"containerScope":{"containerScope":{"containerScope":{"containerScope":{"containerScope":{"containerScope":{"contributions":{},"includedScopes":[]},"contributions":{},"includedScopes":[{"contributions":{},"includedScopes":[]}]},"contributions":{},"includedScopes":[{"containerScope":{"containerScope":{"containerScope":{"contributions":{},"includedScopes":[]},"contributions":{},"includedScopes":[]},"contributions":{},"includedScopes":[]},"contributions":{},"includedScopes":[]}]},"contributions":{},"includedScopes":[]},"contributions":{},"includedScopes":[]},"contributions":{},"includedScopes":[]},"contributions":{},"includedScopes":[]},"contributions":{},"includedScopes":[]},"sourceMap":{"end":{"column":36,"line":23,"offset":890},"start":{"column":29,"line":23,"offset":883}}},"metadata":[],"scope":{"containerScope":{"containerScope":{"containerScope":{"containerScope":{"containerScope":{"containerScope":{"contributions":{},"includedScopes":[]},"contributions":{},"includedScopes":[{"contributions":{},"includedScopes":[]}]},"contributions":{},"includedScopes":[{"containerScope":{"containerScope":{"containerScope":{"contributions":{},"includedScopes":[]},"contributions":{},"includedScopes":[]},"contributions":{},"includedScopes":[]},"contributions":{},"includedScopes":[]}]},"contributions":{},"includedScopes":[]},"contributions":{},"includedScopes":[]},"contributions":{},"includedScopes":[]},"contributions":{},"includedScopes":[]},"sourceMap":{"end":{"column":137,"line":23,"offset":991},"start":{"column":25,"line":23,"offset":879}}}},{"args":[{"id":"a39c38d0-74ab-4565-9ef3-a272e1622bef","metadata":[],"name":"hechizo","scope":{"containerScope":{"containerScope":{"containerScope":{"containerScope":{"containerScope":{"containerScope":{"contributions":{},"includedScopes":[]},"contributions":{},"includedScopes":[{"contributions":{},"includedScopes":[]}]},"contributions":{},"includedScopes":[{"containerScope":{"containerScope":{"containerScope":{"contributions":{},"includedScopes":[]},"contributions":{},"includedScopes":[]},"contributions":{},"includedScopes":[]},"contributions":{},"includedScopes":[]}]},"contributions":{},"includedScopes":[]},"contributions":{},"includedScopes":[]},"contributions":{},"includedScopes":[]},"contributions":{},"includedScopes":[]},"sourceMap":{"end":{"column":29,"line":25,"offset":1031},"start":{"column":22,"line":25,"offset":1024}}}],"id":"dd17c882-5df4-40f5-a76b-ce426737a4a7","message":"add","metadata":[],"receiver":{"id":"ae13c0de-82a8-46b7-836d-1c53199305f9","metadata":[],"name":"hechizos","scope":{"containerScope":{"containerScope":{"containerScope":{"containerScope":{"containerScope":{"containerScope":{"contributions":{},"includedScopes":[]},"contributions":{},"includedScopes":[{"contributions":{},"includedScopes":[]}]},"contributions":{},"includedScopes":[{"containerScope":{"containerScope":{"containerScope":{"contributions":{},"includedScopes":[]},"contributions":{},"includedScopes":[]},"contributions":{},"includedScopes":[]},"contributions":{},"includedScopes":[]}]},"contributions":{},"includedScopes":[]},"contributions":{},"includedScopes":[]},"contributions":{},"includedScopes":[]},"contributions":{},"includedScopes":[]},"sourceMap":{"end":{"column":17,"line":25,"offset":1019},"start":{"column":9,"line":25,"offset":1011}}},"scope":{"containerScope":{"containerScope":{"containerScope":{"containerScope":{"containerScope":{"contributions":{},"includedScopes":[]},"contributions":{},"includedScopes":[{"contributions":{},"includedScopes":[]}]},"contributions":{},"includedScopes":[{"containerScope":{"containerScope":{"containerScope":{"contributions":{},"includedScopes":[]},"contributions":{},"includedScopes":[]},"contributions":{},"includedScopes":[]},"contributions":{},"includedScopes":[]}]},"contributions":{},"includedScopes":[]},"contributions":{},"includedScopes":[]},"contributions":{},"includedScopes":[]},"sourceMap":{"end":{"column":30,"line":25,"offset":1032},"start":{"column":9,"line":25,"offset":1011}}},{"args":[],"id":"39209030-11e2-4d18-bb82-030fd2a3b0be","message":"sumarHechizo","metadata":[],"receiver":{"id":"2de6555e-c534-44c1-b121-9a4f1f2d9202","metadata":[],"scope":{"containerScope":{"containerScope":{"containerScope":{"containerScope":{"containerScope":{"containerScope":{"contributions":{},"includedScopes":[]},"contributions":{},"includedScopes":[{"contributions":{},"includedScopes":[]}]},"contributions":{},"includedScopes":[{"containerScope":{"containerScope":{"containerScope":{"contributions":{},"includedScopes":[]},"contributions":{},"includedScopes":[]},"contributions":{},"includedScopes":[]},"contributions":{},"includedScopes":[]}]},"contributions":{},"includedScopes":[]},"contributions":{},"includedScopes":[]},"contributions":{},"includedScopes":[]},"contributions":{},"includedScopes":[]},"sourceMap":{"end":{"column":13,"line":26,"offset":1046},"start":{"column":9,"line":26,"offset":1042}}},"scope":{"containerScope":{"containerScope":{"containerScope":{"containerScope":{"containerScope":{"contributions":{},"includedScopes":[]},"contributions":{},"includedScopes":[{"contributions":{},"includedScopes":[]}]},"contributions":{},"includedScopes":[{"containerScope":{"containerScope":{"containerScope":{"contributions":{},"includedScopes":[]},"contributions":{},"includedScopes":[]},"contributions":{},"includedScopes":[]},"contributions":{},"includedScopes":[]}]},"contributions":{},"includedScopes":[]},"contributions":{},"includedScopes":[]},"contributions":{},"includedScopes":[]},"sourceMap":{"end":{"column":28,"line":26,"offset":1061},"start":{"column":8,"line":26,"offset":1042}}},{"args":[],"id":"317416e2-c14c-4071-9e18-a04de977de98","message":"iniciar","metadata":[],"receiver":{"id":"cd866a05-0b4e-47c6-9292-7585d164b3b7","metadata":[],"name":"hechizo","scope":{"containerScope":{"containerScope":{"containerScope":{"containerScope":{"containerScope":{"containerScope":{"contributions":{},"includedScopes":[]},"contributions":{},"includedScopes":[{"contributions":{},"includedScopes":[]}]},"contributions":{},"includedScopes":[{"containerScope":{"containerScope":{"containerScope":{"contributions":{},"includedScopes":[]},"contributions":{},"includedScopes":[]},"contributions":{},"includedScopes":[]},"contributions":{},"includedScopes":[]}]},"contributions":{},"includedScopes":[]},"contributions":{},"includedScopes":[]},"contributions":{},"includedScopes":[]},"contributions":{},"includedScopes":[]},"sourceMap":{"end":{"column":16,"line":28,"offset":1080},"start":{"column":9,"line":28,"offset":1073}}},"scope":{"containerScope":{"containerScope":{"containerScope":{"containerScope":{"containerScope":{"contributions":{},"includedScopes":[]},"contributions":{},"includedScopes":[{"contributions":{},"includedScopes":[]}]},"contributions":{},"includedScopes":[{"containerScope":{"containerScope":{"containerScope":{"contributions":{},"includedScopes":[]},"contributions":{},"includedScopes":[]},"contributions":{},"includedScopes":[]},"contributions":{},"includedScopes":[]}]},"contributions":{},"includedScopes":[]},"contributions":{},"includedScopes":[]},"contributions":{},"includedScopes":[]},"sourceMap":{"end":{"column":26,"line":28,"offset":1090},"start":{"column":9,"line":28,"offset":1073}}},{"args":[{"id":"e0df045c-de03-4bb4-a2d5-a7ae640e8d53","metadata":[],"name":"hechizo","scope":{"containerScope":{"containerScope":{"containerScope":{"containerScope":{"containerScope":{"containerScope":{"contributions":{},"includedScopes":[]},"contributions":{},"includedScopes":[{"contributions":{},"includedScopes":[]}]},"contributions":{},"includedScopes":[{"containerScope":{"containerScope":{"containerScope":{"contributions":{},"includedScopes":[]},"contributions":{},"includedScopes":[]},"contributions":{},"includedScopes":[]},"contributions":{},"includedScopes":[]}]},"contributions":{},"includedScopes":[]},"contributions":{},"includedScopes":[]},"contributions":{},"includedScopes":[]},"contributions":{},"includedScopes":[]},"sourceMap":{"end":{"column":33,"line":30,"offset":1126},"start":{"column":26,"line":30,"offset":1119}}},{"id":"1b6dcce4-2a19-4985-be46-68f1eb864929","members":[{"body":{"id":"8d558a65-56b7-47a1-8349-21e1ce581243","metadata":[],"scope":{"containerScope":{"containerScope":{"containerScope":{"containerScope":{"containerScope":{"containerScope":{"containerScope":{"containerScope":{"contributions":{},"includedScopes":[]},"contributions":{},"includedScopes":[{"contributions":{},"includedScopes":[]}]},"contributions":{},"includedScopes":[{"containerScope":{"containerScope":{"containerScope":{"contributions":{},"includedScopes":[]},"contributions":{},"includedScopes":[]},"contributions":{},"includedScopes":[]},"contributions":{},"includedScopes":[]}]},"contributions":{},"includedScopes":[]},"contributions":{},"includedScopes":[]},"contributions":{},"includedScopes":[]},"contributions":{},"includedScopes":[{"containerScope":{"containerScope":{"containerScope":{"contributions":{},"includedScopes":[]},"contributions":{},"includedScopes":[]},"contributions":{},"includedScopes":[]},"contributions":{},"includedScopes":[{"containerScope":{"containerScope":{"containerScope":{"contributions":{},"includedScopes":[]},"contributions":{},"includedScopes":[]},"contributions":{},"includedScopes":[]},"contributions":{},"includedScopes":[]}]},{"containerScope":{"containerScope":{"containerScope":{"contributions":{},"includedScopes":[]},"contributions":{},"includedScopes":[]},"contributions":{},"includedScopes":[]},"contributions":{},"includedScopes":[]}]},"contributions":{},"includedScopes":[]},"contributions":{},"includedScopes":[]},"sentences":[{"condition":{"args":[],"id":"481a5120-b9c1-4921-a7fe-b7781f32c47a","message":"estaVivo","metadata":[],"receiver":{"id":"bc47cde0-014a-482e-8bcf-cea4b22bc81f","metadata":[],"name":"enemigo","scope":{"containerScope":{"containerScope":{"containerScope":{"containerScope":{"containerScope":{"containerScope":{"containerScope":{"containerScope":{"containerScope":{"containerScope":{"containerScope":{"contributions":{},"includedScopes":[]},"contributions":{},"includedScopes":[{"contributions":{},"includedScopes":[]}]},"contributions":{},"includedScopes":[{"containerScope":{"containerScope":{"containerScope":{"contributions":{},"includedScopes":[]},"contributions":{},"includedScopes":[]},"contributions":{},"includedScopes":[]},"contributions":{},"includedScopes":[]}]},"contributions":{},"includedScopes":[]},"contributions":{},"includedScopes":[]},"contributions":{},"includedScopes":[]},"contributions":{},"includedScopes":[{"containerScope":{"containerScope":{"containerScope":{"contributions":{},"includedScopes":[]},"contributions":{},"includedScopes":[]},"contributions":{},"includedScopes":[]},"contributions":{},"includedScopes":[{"containerScope":{"containerScope":{"containerScope":{"contributions":{},"includedScopes":[]},"contributions":{},"includedScopes":[]},"contributions":{},"includedScopes":[]},"contributions":{},"includedScopes":[]}]},{"containerScope":{"containerScope":{"containerScope":{"contributions":{},"includedScopes":[]},"contributions":{},"includedScopes":[]},"contributions":{},"includedScopes":[]},"contributions":{},"includedScopes":[]}]},"contributions":{},"includedScopes":[]},"contributions":{},"includedScopes":[]},"contributions":{},"includedScopes":[]},"contributions":{},"includedScopes":[]},"contributions":{},"includedScopes":[]},"sourceMap":{"end":{"column":24,"line":31,"offset":1166},"start":{"column":17,"line":31,"offset":1159}}},"scope":{"containerScope":{"containerScope":{"containerScope":{"containerScope":{"containerScope":{"containerScope":{"containerScope":{"containerScope":{"containerScope":{"containerScope":{"contributions":{},"includedScopes":[]},"contributions":{},"includedScopes":[{"contributions":{},"includedScopes":[]}]},"contributions":{},"includedScopes":[{"containerScope":{"containerScope":{"containerScope":{"contributions":{},"includedScopes":[]},"contributions":{},"includedScopes":[]},"contributions":{},"includedScopes":[]},"contributions":{},"includedScopes":[]}]},"contributions":{},"includedScopes":[]},"contributions":{},"includedScopes":[]},"contributions":{},"includedScopes":[]},"contributions":{},"includedScopes":[{"containerScope":{"containerScope":{"containerScope":{"contributions":{},"includedScopes":[]},"contributions":{},"includedScopes":[]},"contributions":{},"includedScopes":[]},"contributions":{},"includedScopes":[{"containerScope":{"containerScope":{"containerScope":{"contributions":{},"includedScopes":[]},"contributions":{},"includedScopes":[]},"contributions":{},"includedScopes":[]},"contributions":{},"includedScopes":[]}]},{"containerScope":{"containerScope":{"containerScope":{"contributions":{},"includedScopes":[]},"contributions":{},"includedScopes":[]},"contributions":{},"includedScopes":[]},"contributions":{},"includedScopes":[]}]},"contributions":{},"includedScopes":[]},"contributions":{},"includedScopes":[]},"contributions":{},"includedScopes":[]},"contributions":{},"includedScopes":[]},"sourceMap":{"end":{"column":35,"line":31,"offset":1177},"start":{"column":17,"line":31,"offset":1159}}},"elseBody":{"id":"2daf458c-8fb4-4224-9706-d577ba7843a0","metadata":[],"scope":{"containerScope":{"containerScope":{"containerScope":{"containerScope":{"containerScope":{"containerScope":{"containerScope":{"containerScope":{"containerScope":{"containerScope":{"contributions":{},"includedScopes":[]},"contributions":{},"includedScopes":[{"contributions":{},"includedScopes":[]}]},"contributions":{},"includedScopes":[{"containerScope":{"containerScope":{"containerScope":{"contributions":{},"includedScopes":[]},"contributions":{},"includedScopes":[]},"contributions":{},"includedScopes":[]},"contributions":{},"includedScopes":[]}]},"contributions":{},"includedScopes":[]},"contributions":{},"includedScopes":[]},"contributions":{},"includedScopes":[]},"contributions":{},"includedScopes":[{"containerScope":{"containerScope":{"containerScope":{"contributions":{},"includedScopes":[]},"contributions":{},"includedScopes":[]},"contributions":{},"includedScopes":[]},"contributions":{},"includedScopes":[{"containerScope":{"containerScope":{"containerScope":{"contributions":{},"includedScopes":[]},"contributions":{},"includedScopes":[]},"contributions":{},"includedScopes":[]},"contributions":{},"includedScopes":[]}]},{"containerScope":{"containerScope":{"containerScope":{"contributions":{},"includedScopes":[]},"contributions":{},"includedScopes":[]},"contributions":{},"includedScopes":[]},"contributions":{},"includedScopes":[]}]},"contributions":{},"includedScopes":[]},"contributions":{},"includedScopes":[]},"contributions":{},"includedScopes":[]},"contributions":{},"includedScopes":[]},"sentences":[]},"id":"4d0fb2d0-52c0-4ffb-8f1a-c1cb4214a6aa","metadata":[],"scope":{"containerScope":{"containerScope":{"containerScope":{"containerScope":{"containerScope":{"containerScope":{"containerScope":{"containerScope":{"containerScope":{"contributions":{},"includedScopes":[]},"contributions":{},"includedScopes":[{"contributions":{},"includedScopes":[]}]},"contributions":{},"includedScopes":[{"containerScope":{"containerScope":{"containerScope":{"contributions":{},"includedScopes":[]},"contributions":{},"includedScopes":[]},"contributions":{},"includedScopes":[]},"contributions":{},"includedScopes":[]}]},"contributions":{},"includedScopes":[]},"contributions":{},"includedScopes":[]},"contributions":{},"includedScopes":[]},"contributions":{},"includedScopes":[{"containerScope":{"containerScope":{"containerScope":{"contributions":{},"includedScopes":[]},"contributions":{},"includedScopes":[]},"contributions":{},"includedScopes":[]},"contributions":{},"includedScopes":[{"containerScope":{"containerScope":{"containerScope":{"contributions":{},"includedScopes":[]},"contributions":{},"includedScopes":[]},"contributions":{},"includedScopes":[]},"contributions":{},"includedScopes":[]}]},{"containerScope":{"containerScope":{"containerScope":{"contributions":{},"includedScopes":[]},"contributions":{},"includedScopes":[]},"contributions":{},"includedScopes":[]},"contributions":{},"includedScopes":[]}]},"contributions":{},"includedScopes":[]},"contributions":{},"includedScopes":[]},"contributions":{},"includedScopes":[]},"sourceMap":{"end":{"column":14,"line":34,"offset":1287},"start":{"column":13,"line":31,"offset":1155}},"thenBody":{"id":"eb2a3140-4fb7-4e22-9dc8-35282ba3845c","metadata":[],"problems":[],"scope":{"containerScope":{"containerScope":{"containerScope":{"containerScope":{"containerScope":{"containerScope":{"containerScope":{"containerScope":{"containerScope":{"containerScope":{"contributions":{},"includedScopes":[]},"contributions":{},"includedScopes":[{"contributions":{},"includedScopes":[]}]},"contributions":{},"includedScopes":[{"containerScope":{"containerScope":{"containerScope":{"contributions":{},"includedScopes":[]},"contributions":{},"includedScopes":[]},"contributions":{},"includedScopes":[]},"contributions":{},"includedScopes":[]}]},"contributions":{},"includedScopes":[]},"contributions":{},"includedScopes":[]},"contributions":{},"includedScopes":[]},"contributions":{},"includedScopes":[{"containerScope":{"containerScope":{"containerScope":{"contributions":{},"includedScopes":[]},"contributions":{},"includedScopes":[]},"contributions":{},"includedScopes":[]},"contributions":{},"includedScopes":[{"containerScope":{"containerScope":{"containerScope":{"contributions":{},"includedScopes":[]},"contributions":{},"includedScopes":[]},"contributions":{},"includedScopes":[]},"contributions":{},"includedScopes":[]}]},{"containerScope":{"containerScope":{"containerScope":{"contributions":{},"includedScopes":[]},"contributions":{},"includedScopes":[]},"contributions":{},"includedScopes":[]},"contributions":{},"includedScopes":[]}]},"contributions":{},"includedScopes":[]},"contributions":{},"includedScopes":[]},"contributions":{},"includedScopes":[]},"contributions":{},"includedScopes":[]},"sentences":[{"args":[{"args":[],"id":"97dfb627-332c-41f5-987b-6fba05d5ac92","message":"danio","metadata":[],"receiver":{"id":"7aea5028-1e34-412b-8bff-15c05448dfe4","metadata":[],"name":"hechizo","scope":{"containerScope":{"containerScope":{"containerScope":{"containerScope":{"containerScope":{"containerScope":{"containerScope":{"containerScope":{"containerScope":{"containerScope":{"containerScope":{"containerScope":{"containerScope":{"contributions":{},"includedScopes":[]},"contributions":{},"includedScopes":[{"contributions":{},"includedScopes":[]}]},"contributions":{},"includedScopes":[{"containerScope":{"containerScope":{"containerScope":{"contributions":{},"includedScopes":[]},"contributions":{},"includedScopes":[]},"contributions":{},"includedScopes":[]},"contributions":{},"includedScopes":[]}]},"contributions":{},"includedScopes":[]},"contributions":{},"includedScopes":[]},"contributions":{},"includedScopes":[]},"contributions":{},"includedScopes":[{"containerScope":{"containerScope":{"containerScope":{"contributions":{},"includedScopes":[]},"contributions":{},"includedScopes":[]},"contributions":{},"includedScopes":[]},"contributions":{},"includedScopes":[{"containerScope":{"containerScope":{"containerScope":{"contributions":{},"includedScopes":[]},"contributions":{},"includedScopes":[]},"contributions":{},"includedScopes":[]},"contributions":{},"includedScopes":[]}]},{"containerScope":{"containerScope":{"containerScope":{"contributions":{},"includedScopes":[]},"contributions":{},"includedScopes":[]},"contributions":{},"includedScopes":[]},"contributions":{},"includedScopes":[]}]},"contributions":{},"includedScopes":[]},"contributions":{},"includedScopes":[]},"contributions":{},"includedScopes":[]},"contributions":{},"includedScopes":[]},"contributions":{},"includedScopes":[]},"contributions":{},"includedScopes":[]},"contributions":{},"includedScopes":[]},"sourceMap":{"end":{"column":46,"line":32,"offset":1227},"start":{"column":39,"line":32,"offset":1220}}},"scope":{"containerScope":{"containerScope":{"containerScope":{"containerScope":{"containerScope":{"containerScope":{"containerScope":{"containerScope":{"containerScope":{"containerScope":{"containerScope":{"containerScope":{"contributions":{},"includedScopes":[]},"contributions":{},"includedScopes":[{"contributions":{},"includedScopes":[]}]},"contributions":{},"includedScopes":[{"containerScope":{"containerScope":{"containerScope":{"contributions":{},"includedScopes":[]},"contributions":{},"includedScopes":[]},"contributions":{},"includedScopes":[]},"contributions":{},"includedScopes":[]}]},"contributions":{},"includedScopes":[]},"contributions":{},"includedScopes":[]},"contributions":{},"includedScopes":[]},"contributions":{},"includedScopes":[{"containerScope":{"containerScope":{"containerScope":{"contributions":{},"includedScopes":[]},"contributions":{},"includedScopes":[]},"contributions":{},"includedScopes":[]},"contributions":{},"includedScopes":[{"containerScope":{"containerScope":{"containerScope":{"contributions":{},"includedScopes":[]},"contributions":{},"includedScopes":[]},"contributions":{},"includedScopes":[]},"contributions":{},"includedScopes":[]}]},{"containerScope":{"containerScope":{"containerScope":{"contributions":{},"includedScopes":[]},"contributions":{},"includedScopes":[]},"contributions":{},"includedScopes":[]},"contributions":{},"includedScopes":[]}]},"contributions":{},"includedScopes":[]},"contributions":{},"includedScopes":[]},"contributions":{},"includedScopes":[]},"contributions":{},"includedScopes":[]},"contributions":{},"includedScopes":[]},"contributions":{},"includedScopes":[]},"sourceMap":{"end":{"column":54,"line":32,"offset":1235},"start":{"column":39,"line":32,"offset":1220}}}],"id":"5e72e8d2-34cc-4d61-a8e4-4b0b02c99016","message":"recibirAtaque","metadata":[],"receiver":{"id":"380c6c74-07a7-4b64-a00f-1368a6febfe3","metadata":[],"name":"enemigo","scope":{"containerScope":{"containerScope":{"containerScope":{"containerScope":{"containerScope":{"containerScope":{"containerScope":{"containerScope":{"containerScope":{"containerScope":{"containerScope":{"containerScope":{"contributions":{},"includedScopes":[]},"contributions":{},"includedScopes":[{"contributions":{},"includedScopes":[]}]},"contributions":{},"includedScopes":[{"containerScope":{"containerScope":{"containerScope":{"contributions":{},"includedScopes":[]},"contributions":{},"includedScopes":[]},"contributions":{},"includedScopes":[]},"contributions":{},"includedScopes":[]}]},"contributions":{},"includedScopes":[]},"contributions":{},"includedScopes":[]},"contributions":{},"includedScopes":[]},"contributions":{},"includedScopes":[{"containerScope":{"containerScope":{"containerScope":{"contributions":{},"includedScopes":[]},"contributions":{},"includedScopes":[]},"contributions":{},"includedScopes":[]},"contributions":{},"includedScopes":[{"containerScope":{"containerScope":{"containerScope":{"contributions":{},"includedScopes":[]},"contributions":{},"includedScopes":[]},"contributions":{},"includedScopes":[]},"contributions":{},"includedScopes":[]}]},{"containerScope":{"containerScope":{"containerScope":{"contributions":{},"includedScopes":[]},"contributions":{},"includedScopes":[]},"contributions":{},"includedScopes":[]},"contributions":{},"includedScopes":[]}]},"contributions":{},"includedScopes":[]},"contributions":{},"includedScopes":[]},"contributions":{},"includedScopes":[]},"contributions":{},"includedScopes":[]},"contributions":{},"includedScopes":[]},"contributions":{},"includedScopes":[]},"sourceMap":{"end":{"column":24,"line":32,"offset":1205},"start":{"column":17,"line":32,"offset":1198}}},"scope":{"containerScope":{"containerScope":{"containerScope":{"containerScope":{"containerScope":{"containerScope":{"containerScope":{"containerScope":{"containerScope":{"containerScope":{"containerScope":{"contributions":{},"includedScopes":[]},"contributions":{},"includedScopes":[{"contributions":{},"includedScopes":[]}]},"contributions":{},"includedScopes":[{"containerScope":{"containerScope":{"containerScope":{"contributions":{},"includedScopes":[]},"contributions":{},"includedScopes":[]},"contributions":{},"includedScopes":[]},"contributions":{},"includedScopes":[]}]},"contributions":{},"includedScopes":[]},"contributions":{},"includedScopes":[]},"contributions":{},"includedScopes":[]},"contributions":{},"includedScopes":[{"containerScope":{"containerScope":{"containerScope":{"contributions":{},"includedScopes":[]},"contributions":{},"includedScopes":[]},"contributions":{},"includedScopes":[]},"contributions":{},"includedScopes":[{"containerScope":{"containerScope":{"containerScope":{"contributions":{},"includedScopes":[]},"contributions":{},"includedScopes":[]},"contributions":{},"includedScopes":[]},"contributions":{},"includedScopes":[]}]},{"containerScope":{"containerScope":{"containerScope":{"contributions":{},"includedScopes":[]},"contributions":{},"includedScopes":[]},"contributions":{},"includedScopes":[]},"contributions":{},"includedScopes":[]}]},"contributions":{},"includedScopes":[]},"contributions":{},"includedScopes":[]},"contributions":{},"includedScopes":[]},"contributions":{},"includedScopes":[]},"contributions":{},"includedScopes":[]},"sourceMap":{"end":{"column":55,"line":32,"offset":1236},"start":{"column":17,"line":32,"offset":1198}}},{"args":[],"id":"a9836306-074d-430b-9e6c-57d32c33d67d","message":"eliminar","metadata":[],"receiver":{"id":"83ee1d2d-be67-4a82-857f-0c2d6e9d61aa","metadata":[],"name":"hechizo","scope":{"containerScope":{"containerScope":{"containerScope":{"containerScope":{"containerScope":{"containerScope":{"containerScope":{"containerScope":{"containerScope":{"containerScope":{"containerScope":{"containerScope":{"contributions":{},"includedScopes":[]},"contributions":{},"includedScopes":[{"contributions":{},"includedScopes":[]}]},"contributions":{},"includedScopes":[{"containerScope":{"containerScope":{"containerScope":{"contributions":{},"includedScopes":[]},"contributions":{},"includedScopes":[]},"contributions":{},"includedScopes":[]},"contributions":{},"includedScopes":[]}]},"contributions":{},"includedScopes":[]},"contributions":{},"includedScopes":[]},"contributions":{},"includedScopes":[]},"contributions":{},"includedScopes":[{"containerScope":{"containerScope":{"containerScope":{"contributions":{},"includedScopes":[]},"contributions":{},"includedScopes":[]},"contributions":{},"includedScopes":[]},"contributions":{},"includedScopes":[{"containerScope":{"containerScope":{"containerScope":{"contributions":{},"includedScopes":[]},"contributions":{},"includedScopes":[]},"contributions":{},"includedScopes":[]},"contributions":{},"includedScopes":[]}]},{"containerScope":{"containerScope":{"containerScope":{"contributions":{},"includedScopes":[]},"contributions":{},"includedScopes":[]},"contributions":{},"includedScopes":[]},"contributions":{},"includedScopes":[]}]},"contributions":{},"includedScopes":[]},"contributions":{},"includedScopes":[]},"contributions":{},"includedScopes":[]},"contributions":{},"includedScopes":[]},"contributions":{},"includedScopes":[]},"contributions":{},"includedScopes":[]},"sourceMap":{"end":{"column":24,"line":33,"offset":1261},"start":{"column":17,"line":33,"offset":1254}}},"scope":{"containerScope":{"containerScope":{"containerScope":{"containerScope":{"containerScope":{"containerScope":{"containerScope":{"containerScope":{"containerScope":{"containerScope":{"containerScope":{"contributions":{},"includedScopes":[]},"contributions":{},"includedScopes":[{"contributions":{},"includedScopes":[]}]},"contributions":{},"includedScopes":[{"containerScope":{"containerScope":{"containerScope":{"contributions":{},"includedScopes":[]},"contributions":{},"includedScopes":[]},"contributions":{},"includedScopes":[]},"contributions":{},"includedScopes":[]}]},"contributions":{},"includedScopes":[]},"contributions":{},"includedScopes":[]},"contributions":{},"includedScopes":[]},"contributions":{},"includedScopes":[{"containerScope":{"containerScope":{"containerScope":{"contributions":{},"includedScopes":[]},"contributions":{},"includedScopes":[]},"contributions":{},"includedScopes":[]},"contributions":{},"includedScopes":[{"containerScope":{"containerScope":{"containerScope":{"contributions":{},"includedScopes":[]},"contributions":{},"includedScopes":[]},"contributions":{},"includedScopes":[]},"contributions":{},"includedScopes":[]}]},{"containerScope":{"containerScope":{"containerScope":{"contributions":{},"includedScopes":[]},"contributions":{},"includedScopes":[]},"contributions":{},"includedScopes":[]},"contributions":{},"includedScopes":[]}]},"contributions":{},"includedScopes":[]},"contributions":{},"includedScopes":[]},"contributions":{},"includedScopes":[]},"contributions":{},"includedScopes":[]},"contributions":{},"includedScopes":[]},"sourceMap":{"end":{"column":35,"line":33,"offset":1272},"start":{"column":16,"line":33,"offset":1254}}}],"sourceMap":{"end":{"column":14,"line":34,"offset":1287},"start":{"column":37,"line":31,"offset":1179}}}}]},"compiled":false,"id":"981a30d0-40a7-40ca-a2e4-aea83c2ff121","isOverride":false,"metadata":[],"name":"<apply>","parameters":[{"id":"050a61d1-2518-4f97-8a67-06ee9d331081","isVarArg":false,"metadata":[],"name":"enemigo","scope":{"containerScope":{"containerScope":{"containerScope":{"containerScope":{"containerScope":{"containerScope":{"containerScope":{"containerScope":{"contributions":{},"includedScopes":[]},"contributions":{},"includedScopes":[{"contributions":{},"includedScopes":[]}]},"contributions":{},"includedScopes":[{"containerScope":{"containerScope":{"containerScope":{"contributions":{},"includedScopes":[]},"contributions":{},"includedScopes":[]},"contributions":{},"includedScopes":[]},"contributions":{},"includedScopes":[]}]},"contributions":{},"includedScopes":[]},"contributions":{},"includedScopes":[]},"contributions":{},"includedScopes":[]},"contributions":{},"includedScopes":[{"containerScope":{"containerScope":{"containerScope":{"contributions":{},"includedScopes":[]},"contributions":{},"includedScopes":[]},"contributions":{},"includedScopes":[]},"contributions":{},"includedScopes":[{"containerScope":{"containerScope":{"containerScope":{"contributions":{},"includedScopes":[]},"contributions":{},"includedScopes":[]},"contributions":{},"includedScopes":[]},"contributions":{},"includedScopes":[]}]},{"containerScope":{"containerScope":{"containerScope":{"contributions":{},"includedScopes":[]},"contributions":{},"includedScopes":[]},"contributions":{},"includedScopes":[]},"contributions":{},"includedScopes":[]}]},"contributions":{},"includedScopes":[]},"contributions":{},"includedScopes":[]},"sourceMap":{"end":{"column":44,"line":30,"offset":1137},"start":{"column":37,"line":30,"offset":1130}}}],"scope":{"containerScope":{"containerScope":{"containerScope":{"containerScope":{"containerScope":{"containerScope":{"containerScope":{"contributions":{},"includedScopes":[]},"contributions":{},"includedScopes":[{"contributions":{},"includedScopes":[]}]},"contributions":{},"includedScopes":[{"containerScope":{"containerScope":{"containerScope":{"contributions":{},"includedScopes":[]},"contributions":{},"includedScopes":[]},"contributions":{},"includedScopes":[]},"contributions":{},"includedScopes":[]}]},"contributions":{},"includedScopes":[]},"contributions":{},"includedScopes":[]},"contributions":{},"includedScopes":[]},"contributions":{},"includedScopes":[{"containerScope":{"containerScope":{"containerScope":{"contributions":{},"includedScopes":[]},"contributions":{},"includedScopes":[]},"contributions":{},"includedScopes":[]},"contributions":{},"includedScopes":[{"containerScope":{"containerScope":{"containerScope":{"contributions":{},"includedScopes":[]},"contributions":{},"includedScopes":[]},"contributions":{},"includedScopes":[]},"contributions":{},"includedScopes":[]}]},{"containerScope":{"containerScope":{"containerScope":{"contributions":{},"includedScopes":[]},"contributions":{},"includedScopes":[]},"contributions":{},"includedScopes":[]},"contributions":{},"includedScopes":[]}]},"contributions":{},"includedScopes":[]}},{"id":"39192a02-18fe-4653-a25f-ea7e92279d2d","isConstant":true,"isProperty":false,"metadata":[],"name":"<toString>","scope":{"containerScope":{"containerScope":{"containerScope":{"containerScope":{"containerScope":{"containerScope":{"containerScope":{"contributions":{},"includedScopes":[]},"contributions":{},"includedScopes":[{"contributions":{},"includedScopes":[]}]},"contributions":{},"includedScopes":[{"containerScope":{"containerScope":{"containerScope":{"contributions":{},"includedScopes":[]},"contributions":{},"includedScopes":[]},"contributions":{},"includedScopes":[]},"contributions":{},"includedScopes":[]}]},"contributions":{},"includedScopes":[]},"contributions":{},"includedScopes":[]},"contributions":{},"includedScopes":[]},"contributions":{},"includedScopes":[{"containerScope":{"containerScope":{"containerScope":{"contributions":{},"includedScopes":[]},"contributions":{},"includedScopes":[]},"contributions":{},"includedScopes":[]},"contributions":{},"includedScopes":[{"containerScope":{"containerScope":{"containerScope":{"contributions":{},"includedScopes":[]},"contributions":{},"includedScopes":[]},"contributions":{},"includedScopes":[]},"contributions":{},"includedScopes":[]}]},{"containerScope":{"containerScope":{"containerScope":{"contributions":{},"includedScopes":[]},"contributions":{},"includedScopes":[]},"contributions":{},"includedScopes":[]},"contributions":{},"includedScopes":[]}]},"contributions":{},"includedScopes":[]},"value":{"id":"21557446-f127-47e8-bfd3-3899ba7100af","metadata":[],"scope":{"containerScope":{"containerScope":{"containerScope":{"containerScope":{"containerScope":{"containerScope":{"containerScope":{"containerScope":{"contributions":{},"includedScopes":[]},"contributions":{},"includedScopes":[{"contributions":{},"includedScopes":[]}]},"contributions":{},"includedScopes":[{"containerScope":{"containerScope":{"containerScope":{"contributions":{},"includedScopes":[]},"contributions":{},"includedScopes":[]},"contributions":{},"includedScopes":[]},"contributions":{},"includedScopes":[]}]},"contributions":{},"includedScopes":[]},"contributions":{},"includedScopes":[]},"contributions":{},"includedScopes":[]},"contributions":{},"includedScopes":[{"containerScope":{"containerScope":{"containerScope":{"contributions":{},"includedScopes":[]},"contributions":{},"includedScopes":[]},"contributions":{},"includedScopes":[]},"contributions":{},"includedScopes":[{"containerScope":{"containerScope":{"containerScope":{"contributions":{},"includedScopes":[]},"contributions":{},"includedScopes":[]},"contributions":{},"includedScopes":[]},"contributions":{},"includedScopes":[]}]},{"containerScope":{"containerScope":{"containerScope":{"contributions":{},"includedScopes":[]},"contributions":{},"includedScopes":[]},"contributions":{},"includedScopes":[]},"contributions":{},"includedScopes":[]}]},"contributions":{},"includedScopes":[]},"contributions":{},"includedScopes":[]},"value":"{ enemigo => \r\n            if (enemigo.estaVivo()) {\r\n                enemigo.recibirAtaque(hechizo.danio())\r\n                hechizo.eliminar()\r\n            }\r\n        }"}}],"metadata":[],"scope":{"containerScope":{"containerScope":{"containerScope":{"containerScope":{"containerScope":{"containerScope":{"contributions":{},"includedScopes":[]},"contributions":{},"includedScopes":[{"contributions":{},"includedScopes":[]}]},"contributions":{},"includedScopes":[{"containerScope":{"containerScope":{"containerScope":{"contributions":{},"includedScopes":[]},"contributions":{},"includedScopes":[]},"contributions":{},"includedScopes":[]},"contributions":{},"includedScopes":[]}]},"contributions":{},"includedScopes":[]},"contributions":{},"includedScopes":[]},"contributions":{},"includedScopes":[]},"contributions":{},"includedScopes":[{"containerScope":{"containerScope":{"containerScope":{"contributions":{},"includedScopes":[]},"contributions":{},"includedScopes":[]},"contributions":{},"includedScopes":[]},"contributions":{},"includedScopes":[{"containerScope":{"containerScope":{"containerScope":{"contributions":{},"includedScopes":[]},"contributions":{},"includedScopes":[]},"contributions":{},"includedScopes":[]},"contributions":{},"includedScopes":[]}]},{"containerScope":{"containerScope":{"containerScope":{"contributions":{},"includedScopes":[]},"contributions":{},"includedScopes":[]},"contributions":{},"includedScopes":[]},"contributions":{},"includedScopes":[]}]},"sourceMap":{"end":{"column":10,"line":35,"offset":1298},"start":{"column":35,"line":30,"offset":1128}},"supertypes":[{"args":[],"id":"87d41fdc-946e-465e-a0a6-78547e16c71f","metadata":[],"reference":{"id":"42a4814e-f096-4a52-b44c-c53ca4c513a3","metadata":[],"name":"wollok.lang.Closure","scope":{"containerScope":{"containerScope":{"containerScope":{"containerScope":{"containerScope":{"containerScope":{"containerScope":{"contributions":{},"includedScopes":[]},"contributions":{},"includedScopes":[{"contributions":{},"includedScopes":[]}]},"contributions":{},"includedScopes":[{"containerScope":{"containerScope":{"containerScope":{"contributions":{},"includedScopes":[]},"contributions":{},"includedScopes":[]},"contributions":{},"includedScopes":[]},"contributions":{},"includedScopes":[]}]},"contributions":{},"includedScopes":[]},"contributions":{},"includedScopes":[]},"contributions":{},"includedScopes":[]},"contributions":{},"includedScopes":[{"containerScope":{"containerScope":{"containerScope":{"contributions":{},"includedScopes":[]},"contributions":{},"includedScopes":[]},"contributions":{},"includedScopes":[]},"contributions":{},"includedScopes":[{"containerScope":{"containerScope":{"containerScope":{"contributions":{},"includedScopes":[]},"contributions":{},"includedScopes":[]},"contributions":{},"includedScopes":[]},"contributions":{},"includedScopes":[]}]},{"containerScope":{"containerScope":{"containerScope":{"contributions":{},"includedScopes":[]},"contributions":{},"includedScopes":[]},"contributions":{},"includedScopes":[]},"contributions":{},"includedScopes":[]}]},"contributions":{},"includedScopes":[]}},"scope":{"containerScope":{"containerScope":{"containerScope":{"containerScope":{"containerScope":{"containerScope":{"containerScope":{"contributions":{},"includedScopes":[]},"contributions":{},"includedScopes":[{"contributions":{},"includedScopes":[]}]},"contributions":{},"includedScopes":[{"containerScope":{"containerScope":{"containerScope":{"contributions":{},"includedScopes":[]},"contributions":{},"includedScopes":[]},"contributions":{},"includedScopes":[]},"contributions":{},"includedScopes":[]}]},"contributions":{},"includedScopes":[]},"contributions":{},"includedScopes":[]},"contributions":{},"includedScopes":[]},"contributions":{},"includedScopes":[{"containerScope":{"containerScope":{"containerScope":{"contributions":{},"includedScopes":[]},"contributions":{},"includedScopes":[]},"contributions":{},"includedScopes":[]},"contributions":{},"includedScopes":[{"containerScope":{"containerScope":{"containerScope":{"contributions":{},"includedScopes":[]},"contributions":{},"includedScopes":[]},"contributions":{},"includedScopes":[]},"contributions":{},"includedScopes":[]}]},{"containerScope":{"containerScope":{"containerScope":{"contributions":{},"includedScopes":[]},"contributions":{},"includedScopes":[]},"contributions":{},"includedScopes":[]},"contributions":{},"includedScopes":[]}]},"contributions":{},"includedScopes":[]}}]}],"id":"8965778d-a340-4317-a00c-3012281c5bca","message":"onCollideDo","metadata":[],"receiver":{"id":"1d264335-917c-4c01-a490-653d4e47f378","metadata":[],"name":"game","scope":{"containerScope":{"containerScope":{"containerScope":{"containerScope":{"containerScope":{"containerScope":{"contributions":{},"includedScopes":[]},"contributions":{},"includedScopes":[{"contributions":{},"includedScopes":[]}]},"contributions":{},"includedScopes":[{"containerScope":{"containerScope":{"containerScope":{"contributions":{},"includedScopes":[]},"contributions":{},"includedScopes":[]},"contributions":{},"includedScopes":[]},"contributions":{},"includedScopes":[]}]},"contributions":{},"includedScopes":[]},"contributions":{},"includedScopes":[]},"contributions":{},"includedScopes":[]},"contributions":{},"includedScopes":[]},"sourceMap":{"end":{"column":13,"line":30,"offset":1106},"start":{"column":9,"line":30,"offset":1102}}},"scope":{"containerScope":{"containerScope":{"containerScope":{"containerScope":{"containerScope":{"contributions":{},"includedScopes":[]},"contributions":{},"includedScopes":[{"contributions":{},"includedScopes":[]}]},"contributions":{},"includedScopes":[{"containerScope":{"containerScope":{"containerScope":{"contributions":{},"includedScopes":[]},"contributions":{},"includedScopes":[]},"contributions":{},"includedScopes":[]},"contributions":{},"includedScopes":[]}]},"contributions":{},"includedScopes":[]},"contributions":{},"includedScopes":[]},"contributions":{},"includedScopes":[]},"sourceMap":{"end":{"column":11,"line":35,"offset":1299},"start":{"column":9,"line":30,"offset":1102}}},{"id":"56efaa91-bab0-40d6-a7f8-3453129b9f52","metadata":[],"name":"game","scope":{"containerScope":{"containerScope":{"containerScope":{"containerScope":{"containerScope":{"contributions":{},"includedScopes":[]},"contributions":{},"includedScopes":[{"contributions":{},"includedScopes":[]}]},"contributions":{},"includedScopes":[{"containerScope":{"containerScope":{"containerScope":{"contributions":{},"includedScopes":[]},"contributions":{},"includedScopes":[]},"contributions":{},"includedScopes":[]},"contributions":{},"includedScopes":[]}]},"contributions":{},"includedScopes":[]},"contributions":{},"includedScopes":[]},"contributions":{},"includedScopes":[]},"sourceMap":{"end":{"column":13,"line":37,"offset":1315},"start":{"column":9,"line":37,"offset":1311}}}],"sourceMap":{"end":{"column":6,"line":40,"offset":1385},"start":{"column":50,"line":22,"offset":852}}},"stack":"Error: Failed to print, found malformed node\n    at c:\\Users\\LUZ RAMIREZ\\.vscode\\extensions\\uqbar.wollok-lsp-ide-0.5.2\\out\\server\\src\\server.js:68:3585\n    at c:\\Users\\LUZ RAMIREZ\\.vscode\\extensions\\uqbar.wollok-lsp-ide-0.5.2\\out\\server\\src\\server.js:68:5370\n    at c:\\Users\\LUZ RAMIREZ\\.vscode\\extensions\\uqbar.wollok-lsp-ide-0.5.2\\out\\server\\src\\server.js:38:6131\n    at c:\\Users\\LUZ RAMIREZ\\.vscode\\extensions\\uqbar.wollok-lsp-ide-0.5.2\\out\\server\\src\\server.js:68:3664\n    at jbn (c:\\Users\\LUZ RAMIREZ\\.vscode\\extensions\\uqbar.wollok-lsp-ide-0.5.2\\out\\server\\src\\server.js:68:3396)\n    at c:\\Users\\LUZ RAMIREZ\\.vscode\\extensions\\uqbar.wollok-lsp-ide-0.5.2\\out\\server\\src\\server.js:2371:847\n    at c:\\Users\\LUZ RAMIREZ\\.vscode\\extensions\\uqbar.wollok-lsp-ide-0.5.2\\out\\server\\src\\server.js:2371:8440\n    at c:\\Users\\LUZ RAMIREZ\\.vscode\\extensions\\uqbar.wollok-lsp-ide-0.5.2\\out\\server\\src\\server.js:37:74770\n    at Ye (c:\\Users\\LUZ RAMIREZ\\.vscode\\extensions\\uqbar.wollok-lsp-ide-0.5.2\\out\\server\\src\\server.js:7:8527)\n    at Dt (c:\\Users\\LUZ RAMIREZ\\.vscode\\extensions\\uqbar.wollok-lsp-ide-0.5.2\\out\\server\\src\\server.js:7:6189)","timestamp":"2025-07-03T18:40:02.843Z"}
{"level":"info","message":"⌛ Building environment","timeElapsed":386,"timestamp":"2025-07-03T18:40:03.254Z"}
{"level":"info","message":"⌛ Validating administradorDeHechizos.wlk","timeElapsed":347,"timestamp":"2025-07-03T18:40:03.785Z"}
{"level":"info","message":"⌛ Building environment","timeElapsed":279,"timestamp":"2025-07-03T18:40:04.136Z"}
{"level":"info","message":"⌛ Validating administradorDeHechizos.wlk","timeElapsed":383,"timestamp":"2025-07-03T18:40:04.555Z"}
{"level":"info","message":"⌛ Building environment","timeElapsed":406,"timestamp":"2025-07-03T18:40:05.141Z"}
{"level":"info","message":"⌛ Building environment","timeElapsed":331,"timestamp":"2025-07-03T18:40:05.532Z"}
{"level":"info","message":"⌛ Validating administradorDeHechizos.wlk","timeElapsed":602,"timestamp":"2025-07-03T18:40:06.136Z"}
{"level":"info","message":"⌛ Validating administradorDeHechizos.wlk","timeElapsed":395,"timestamp":"2025-07-03T18:40:06.546Z"}
{"level":"info","message":"⌛ Building environment","timeElapsed":328,"timestamp":"2025-07-03T18:40:06.875Z"}
{"level":"error","message":"✘ Completions for node Return (undefined - administradorDeHechizos.wlk) failed: Error: [Return]{b664b4} at administradorDeHechizos.wlk:-- exhausted all cases without a match [Return]{b664b4} at administradorDeHechizos.wlk:-- exhausted all cases without a match","stack":"Error: [Return]{b664b4} at administradorDeHechizos.wlk:-- exhausted all cases without a match\n    at c:\\Users\\LUZ RAMIREZ\\.vscode\\extensions\\uqbar.wollok-lsp-ide-0.5.2\\out\\server\\src\\server.js:38:6142\n    at C2 (c:\\Users\\LUZ RAMIREZ\\.vscode\\extensions\\uqbar.wollok-lsp-ide-0.5.2\\out\\server\\src\\server.js:2362:42)\n    at Gh (c:\\Users\\LUZ RAMIREZ\\.vscode\\extensions\\uqbar.wollok-lsp-ide-0.5.2\\out\\server\\src\\server.js:2362:1092)\n    at l8n (c:\\Users\\LUZ RAMIREZ\\.vscode\\extensions\\uqbar.wollok-lsp-ide-0.5.2\\out\\server\\src\\server.js:2362:1248)\n    at c:\\Users\\LUZ RAMIREZ\\.vscode\\extensions\\uqbar.wollok-lsp-ide-0.5.2\\out\\server\\src\\server.js:38:6131\n    at C2 (c:\\Users\\LUZ RAMIREZ\\.vscode\\extensions\\uqbar.wollok-lsp-ide-0.5.2\\out\\server\\src\\server.js:2362:42)\n    at c:\\Users\\LUZ RAMIREZ\\.vscode\\extensions\\uqbar.wollok-lsp-ide-0.5.2\\out\\server\\src\\server.js:2362:2988\n    at c:\\Users\\LUZ RAMIREZ\\.vscode\\extensions\\uqbar.wollok-lsp-ide-0.5.2\\out\\server\\src\\server.js:2371:8440\n    at c:\\Users\\LUZ RAMIREZ\\.vscode\\extensions\\uqbar.wollok-lsp-ide-0.5.2\\out\\server\\src\\server.js:37:74872\n    at Ye (c:\\Users\\LUZ RAMIREZ\\.vscode\\extensions\\uqbar.wollok-lsp-ide-0.5.2\\out\\server\\src\\server.js:7:8527)","timestamp":"2025-07-03T18:40:07.010Z"}
{"level":"info","message":"⌛ Building environment","timeElapsed":315,"timestamp":"2025-07-03T18:40:07.334Z"}
{"level":"info","message":"⌛ Building environment","timeElapsed":298,"timestamp":"2025-07-03T18:40:07.657Z"}
{"level":"info","message":"⌛ Building environment","timeElapsed":294,"timestamp":"2025-07-03T18:40:07.971Z"}
{"level":"info","message":"⌛ Validating administradorDeHechizos.wlk","timeElapsed":333,"timestamp":"2025-07-03T18:40:08.366Z"}
{"level":"info","message":"⌛ Validating administradorDeHechizos.wlk","timeElapsed":360,"timestamp":"2025-07-03T18:40:08.733Z"}
{"level":"info","message":"⌛ Validating administradorDeHechizos.wlk","timeElapsed":398,"timestamp":"2025-07-03T18:40:09.180Z"}
{"level":"info","message":"⌛ Validating administradorDeHechizos.wlk","timeElapsed":333,"timestamp":"2025-07-03T18:40:09.532Z"}
{"level":"info","message":"⌛ Building environment","timeElapsed":455,"timestamp":"2025-07-03T18:40:14.721Z"}
{"level":"error","message":"✘ Completions for node Send ([38:13, 38:19] - administradorDeHechizos.wlk) failed: Error: [Send]{2df16e} at administradorDeHechizos.wlk:38 exhausted all cases without a match [Send]{2df16e} at administradorDeHechizos.wlk:38 exhausted all cases without a match","stack":"Error: [Send]{2df16e} at administradorDeHechizos.wlk:38 exhausted all cases without a match\n    at c:\\Users\\LUZ RAMIREZ\\.vscode\\extensions\\uqbar.wollok-lsp-ide-0.5.2\\out\\server\\src\\server.js:38:6142\n    at C2 (c:\\Users\\LUZ RAMIREZ\\.vscode\\extensions\\uqbar.wollok-lsp-ide-0.5.2\\out\\server\\src\\server.js:2362:42)\n    at Gh (c:\\Users\\LUZ RAMIREZ\\.vscode\\extensions\\uqbar.wollok-lsp-ide-0.5.2\\out\\server\\src\\server.js:2362:1092)\n    at l8n (c:\\Users\\LUZ RAMIREZ\\.vscode\\extensions\\uqbar.wollok-lsp-ide-0.5.2\\out\\server\\src\\server.js:2362:1248)\n    at c:\\Users\\LUZ RAMIREZ\\.vscode\\extensions\\uqbar.wollok-lsp-ide-0.5.2\\out\\server\\src\\server.js:38:6131\n    at C2 (c:\\Users\\LUZ RAMIREZ\\.vscode\\extensions\\uqbar.wollok-lsp-ide-0.5.2\\out\\server\\src\\server.js:2362:42)\n    at c:\\Users\\LUZ RAMIREZ\\.vscode\\extensions\\uqbar.wollok-lsp-ide-0.5.2\\out\\server\\src\\server.js:2362:2988\n    at c:\\Users\\LUZ RAMIREZ\\.vscode\\extensions\\uqbar.wollok-lsp-ide-0.5.2\\out\\server\\src\\server.js:2371:8440\n    at c:\\Users\\LUZ RAMIREZ\\.vscode\\extensions\\uqbar.wollok-lsp-ide-0.5.2\\out\\server\\src\\server.js:37:74872\n    at Ye (c:\\Users\\LUZ RAMIREZ\\.vscode\\extensions\\uqbar.wollok-lsp-ide-0.5.2\\out\\server\\src\\server.js:7:8527)","timestamp":"2025-07-03T18:40:14.881Z"}
{"level":"error","message":"✘ Completions for node Return (undefined - administradorDeHechizos.wlk) failed: Error: [Return]{53b345} at administradorDeHechizos.wlk:-- exhausted all cases without a match [Return]{53b345} at administradorDeHechizos.wlk:-- exhausted all cases without a match","stack":"Error: [Return]{53b345} at administradorDeHechizos.wlk:-- exhausted all cases without a match\n    at c:\\Users\\LUZ RAMIREZ\\.vscode\\extensions\\uqbar.wollok-lsp-ide-0.5.2\\out\\server\\src\\server.js:38:6142\n    at C2 (c:\\Users\\LUZ RAMIREZ\\.vscode\\extensions\\uqbar.wollok-lsp-ide-0.5.2\\out\\server\\src\\server.js:2362:42)\n    at Gh (c:\\Users\\LUZ RAMIREZ\\.vscode\\extensions\\uqbar.wollok-lsp-ide-0.5.2\\out\\server\\src\\server.js:2362:1092)\n    at C2 (c:\\Users\\LUZ RAMIREZ\\.vscode\\extensions\\uqbar.wollok-lsp-ide-0.5.2\\out\\server\\src\\server.js:2362:544)\n    at Gh (c:\\Users\\LUZ RAMIREZ\\.vscode\\extensions\\uqbar.wollok-lsp-ide-0.5.2\\out\\server\\src\\server.js:2362:1092)\n    at l8n (c:\\Users\\LUZ RAMIREZ\\.vscode\\extensions\\uqbar.wollok-lsp-ide-0.5.2\\out\\server\\src\\server.js:2362:1248)\n    at c:\\Users\\LUZ RAMIREZ\\.vscode\\extensions\\uqbar.wollok-lsp-ide-0.5.2\\out\\server\\src\\server.js:38:6131\n    at C2 (c:\\Users\\LUZ RAMIREZ\\.vscode\\extensions\\uqbar.wollok-lsp-ide-0.5.2\\out\\server\\src\\server.js:2362:42)\n    at c:\\Users\\LUZ RAMIREZ\\.vscode\\extensions\\uqbar.wollok-lsp-ide-0.5.2\\out\\server\\src\\server.js:2362:2988\n    at c:\\Users\\LUZ RAMIREZ\\.vscode\\extensions\\uqbar.wollok-lsp-ide-0.5.2\\out\\server\\src\\server.js:2371:8440","timestamp":"2025-07-03T18:40:14.881Z"}
{"level":"info","message":"⌛ Autocomplete - Reference","timeElapsed":119,"timestamp":"2025-07-03T18:40:14.891Z"}
{"level":"info","message":"⌛ Building environment","timeElapsed":699,"timestamp":"2025-07-03T18:40:15.593Z"}
{"level":"info","message":"⌛ Validating administradorDeHechizos.wlk","timeElapsed":836,"timestamp":"2025-07-03T18:40:16.459Z"}
{"level":"info","message":"⌛ Building environment","timeElapsed":355,"timestamp":"2025-07-03T18:40:16.826Z"}
{"level":"info","message":"⌛ Building environment","timeElapsed":383,"timestamp":"2025-07-03T18:40:17.258Z"}
{"level":"info","message":"⌛ Building environment","timeElapsed":345,"timestamp":"2025-07-03T18:40:17.607Z"}
{"level":"info","message":"⌛ Validating administradorDeHechizos.wlk","timeElapsed":416,"timestamp":"2025-07-03T18:40:18.075Z"}
{"level":"info","message":"⌛ Building environment","timeElapsed":378,"timestamp":"2025-07-03T18:40:18.454Z"}
{"level":"info","message":"⌛ Building environment","timeElapsed":429,"timestamp":"2025-07-03T18:40:18.887Z"}
{"level":"info","message":"⌛ Building environment","timeElapsed":384,"timestamp":"2025-07-03T18:40:19.503Z"}
{"level":"error","message":"✘ Failed to rebuild document Failed to parse administradorDeHechizos.wlk: \n-- PARSING FAILED --------------------------------------------------\n\n  36 | \n  37 |         game.onCollideDo(hechizo.colisionExtra(), { enemigo =>\n> 38 |             if (enemigo.)\n     |                         ^\n  39 |         })\n  40 |     }\n\nExpected one of the following: \n\nexpression, sentence\n","stack":"Error: Failed to parse administradorDeHechizos.wlk: \n-- PARSING FAILED --------------------------------------------------\n\n  36 | \n  37 |         game.onCollideDo(hechizo.colisionExtra(), { enemigo =>\n> 38 |             if (enemigo.)\n     |                         ^\n  39 |         })\n  40 |     }\n\nExpected one of the following: \n\nexpression, sentence\n\n    at c:\\Users\\LUZ RAMIREZ\\.vscode\\extensions\\uqbar.wollok-lsp-ide-0.5.2\\out\\server\\src\\server.js:2326:13026\n    at Array.map (<anonymous>)\n    at D1n (c:\\Users\\LUZ RAMIREZ\\.vscode\\extensions\\uqbar.wollok-lsp-ide-0.5.2\\out\\server\\src\\server.js:2326:12950)\n    at W2.buildEnvironmentFrom (c:\\Users\\LUZ RAMIREZ\\.vscode\\extensions\\uqbar.wollok-lsp-ide-0.5.2\\out\\server\\src\\server.js:2371:5254)\n    at W2.updateEnvironmentWith (c:\\Users\\LUZ RAMIREZ\\.vscode\\extensions\\uqbar.wollok-lsp-ide-0.5.2\\out\\server\\src\\server.js:2371:4989)\n    at GF (c:\\Users\\LUZ RAMIREZ\\.vscode\\extensions\\uqbar.wollok-lsp-ide-0.5.2\\out\\server\\src\\server.js:2371:7383)\n    at L3.invoke (c:\\Users\\LUZ RAMIREZ\\.vscode\\extensions\\uqbar.wollok-lsp-ide-0.5.2\\out\\server\\src\\server.js:3:157326)\n    at o.fire (c:\\Users\\LUZ RAMIREZ\\.vscode\\extensions\\uqbar.wollok-lsp-ide-0.5.2\\out\\server\\src\\server.js:3:158096)\n    at c:\\Users\\LUZ RAMIREZ\\.vscode\\extensions\\uqbar.wollok-lsp-ide-0.5.2\\out\\server\\src\\server.js:37:57871\n    at Kr (c:\\Users\\LUZ RAMIREZ\\.vscode\\extensions\\uqbar.wollok-lsp-ide-0.5.2\\out\\server\\src\\server.js:8:1561)","timestamp":"2025-07-03T18:40:19.590Z"}
{"level":"info","message":"⌛ Autocomplete - Send","timeElapsed":151,"timestamp":"2025-07-03T18:40:19.764Z"}
{"level":"info","message":"⌛ Building environment","timeElapsed":303,"timestamp":"2025-07-03T18:40:20.074Z"}
{"level":"info","message":"⌛ Validating administradorDeHechizos.wlk","timeElapsed":399,"timestamp":"2025-07-03T18:40:20.476Z"}
{"level":"info","message":"⌛ Building environment","timeElapsed":314,"timestamp":"2025-07-03T18:40:20.806Z"}
{"level":"info","message":"⌛ Building environment","timeElapsed":306,"timestamp":"2025-07-03T18:40:21.146Z"}
{"level":"info","message":"⌛ Validating administradorDeHechizos.wlk","timeElapsed":359,"timestamp":"2025-07-03T18:40:21.511Z"}
{"level":"info","message":"⌛ Building environment","timeElapsed":291,"timestamp":"2025-07-03T18:40:21.808Z"}
{"level":"info","message":"⌛ Validating administradorDeHechizos.wlk","timeElapsed":336,"timestamp":"2025-07-03T18:40:22.170Z"}
{"level":"info","message":"⌛ Building environment","timeElapsed":410,"timestamp":"2025-07-03T18:40:22.589Z"}
{"level":"info","message":"⌛ Building environment","timeElapsed":297,"timestamp":"2025-07-03T18:40:22.887Z"}
{"level":"info","message":"⌛ Building environment","timeElapsed":352,"timestamp":"2025-07-03T18:40:23.242Z"}
{"level":"info","message":"⌛ Building environment","timeElapsed":298,"timestamp":"2025-07-03T18:40:23.541Z"}
{"level":"info","message":"⌛ Validating administradorDeHechizos.wlk","timeElapsed":395,"timestamp":"2025-07-03T18:40:23.942Z"}
{"level":"info","message":"⌛ Validating administradorDeHechizos.wlk","timeElapsed":518,"timestamp":"2025-07-03T18:40:24.488Z"}
{"level":"info","message":"⌛ Building environment","timeElapsed":1087,"timestamp":"2025-07-03T18:40:25.642Z"}
{"level":"info","message":"⌛ Validating administradorDeHechizos.wlk","timeElapsed":429,"timestamp":"2025-07-03T18:40:26.134Z"}
{"level":"info","message":"⌛ Validating administradorDeHechizos.wlk","timeElapsed":389,"timestamp":"2025-07-03T18:40:26.569Z"}
{"level":"info","message":"⌛ Validating administradorDeHechizos.wlk","timeElapsed":340,"timestamp":"2025-07-03T18:40:26.912Z"}
{"level":"info","message":"⌛ Validating administradorDeHechizos.wlk","timeElapsed":333,"timestamp":"2025-07-03T18:40:27.273Z"}
{"level":"info","message":"⌛ Validating administradorDeHechizos.wlk","timeElapsed":321,"timestamp":"2025-07-03T18:40:27.627Z"}
{"level":"info","message":"⌛ Validating administradorDeHechizos.wlk","timeElapsed":327,"timestamp":"2025-07-03T18:40:27.968Z"}
{"level":"info","message":"⌛ Validating administradorDeHechizos.wlk","timeElapsed":362,"timestamp":"2025-07-03T18:40:28.334Z"}
{"level":"info","message":"⌛ Validating administradorDeHechizos.wlk","timeElapsed":322,"timestamp":"2025-07-03T18:40:28.656Z"}
{"level":"info","message":"⌛ Validating administradorDeHechizos.wlk","timeElapsed":313,"timestamp":"2025-07-03T18:40:29.001Z"}
{"level":"info","message":"⌛ Validating administradorDeHechizos.wlk","timeElapsed":327,"timestamp":"2025-07-03T18:40:29.427Z"}
{"level":"info","message":"⌛ Building environment","timeElapsed":521,"timestamp":"2025-07-03T18:49:09.038Z"}
{"level":"info","message":"⌛ Validating administradorDeHechizos.wlk","timeElapsed":369,"timestamp":"2025-07-03T18:49:09.524Z"}
{"level":"info","message":"⌛ Building environment","timeElapsed":485,"timestamp":"2025-07-03T18:54:02.772Z"}
{"level":"info","message":"⌛ Validating administradorDeHechizos.wlk","timeElapsed":388,"timestamp":"2025-07-03T18:54:03.302Z"}
{"level":"info","message":"⌛ Building environment","timeElapsed":515,"timestamp":"2025-07-03T18:54:04.819Z"}
{"level":"info","message":"⌛ Validating administradorDeHechizos.wlk","timeElapsed":395,"timestamp":"2025-07-03T18:54:05.367Z"}
{"level":"info","message":"⌛ Building environment","timeElapsed":801,"timestamp":"2025-07-03T18:54:10.132Z"}
{"level":"info","message":"⌛ Validating administradorDeHechizos.wlk","timeElapsed":485,"timestamp":"2025-07-03T18:54:10.790Z"}
{"level":"info","message":"⌛ Building environment","timeElapsed":492,"timestamp":"2025-07-03T18:54:11.287Z"}
{"level":"info","message":"⌛ Building environment","timeElapsed":418,"timestamp":"2025-07-03T18:54:11.724Z"}
{"level":"info","message":"⌛ Building environment","timeElapsed":330,"timestamp":"2025-07-03T18:54:12.060Z"}
{"level":"info","message":"⌛ Building environment","timeElapsed":560,"timestamp":"2025-07-03T18:54:12.623Z"}
{"level":"info","message":"⌛ Validating administradorDeHechizos.wlk","timeElapsed":398,"timestamp":"2025-07-03T18:54:13.079Z"}
{"level":"info","message":"⌛ Validating administradorDeHechizos.wlk","timeElapsed":685,"timestamp":"2025-07-03T18:54:13.799Z"}
{"level":"info","message":"⌛ Validating administradorDeHechizos.wlk","timeElapsed":366,"timestamp":"2025-07-03T18:54:14.166Z"}
{"level":"info","message":"⌛ Validating administradorDeHechizos.wlk","timeElapsed":378,"timestamp":"2025-07-03T18:54:14.545Z"}
{"level":"info","message":"⌛ Building environment","timeElapsed":350,"timestamp":"2025-07-03T18:54:15.418Z"}
{"level":"info","message":"⌛ Validating administradorDeHechizos.wlk","timeElapsed":360,"timestamp":"2025-07-03T18:54:15.819Z"}
{"level":"info","message":"⌛ Building environment","timeElapsed":337,"timestamp":"2025-07-03T18:54:18.994Z"}
{"level":"info","message":"⌛ Validating administradorDeHechizos.wlk","timeElapsed":382,"timestamp":"2025-07-03T18:54:19.421Z"}
{"level":"info","message":"⌛ Building environment","timeElapsed":378,"timestamp":"2025-07-03T18:54:23.261Z"}
{"level":"info","message":"⌛ Validating administradorDeHechizos.wlk","timeElapsed":1038,"timestamp":"2025-07-03T18:54:24.315Z"}
{"level":"info","message":"⌛ Building environment","timeElapsed":400,"timestamp":"2025-07-03T18:54:24.717Z"}
{"level":"error","message":"✘ Failed to rebuild document Failed to parse administradorDeHechizos.wlk: \n-- PARSING FAILED --------------------------------------------------\n\n  36 |         game.onCollideDo(hechizo.colisionExtra(), { enemigo =>\n  37 |             if (enemigo.estaVivo()) \n> 38 |         })\n     |         ^\n  39 |     }\n  40 | \n\nExpected one of the following: \n\n'@', 'class', 'const', 'describe', 'mixin', 'object', 'only', 'package', 'program', 'test', 'var', '{', EOF, comment, not \"}\", whitespace\n","stack":"Error: Failed to parse administradorDeHechizos.wlk: \n-- PARSING FAILED --------------------------------------------------\n\n  36 |         game.onCollideDo(hechizo.colisionExtra(), { enemigo =>\n  37 |             if (enemigo.estaVivo()) \n> 38 |         })\n     |         ^\n  39 |     }\n  40 | \n\nExpected one of the following: \n\n'@', 'class', 'const', 'describe', 'mixin', 'object', 'only', 'package', 'program', 'test', 'var', '{', EOF, comment, not \"}\", whitespace\n\n    at c:\\Users\\LUZ RAMIREZ\\.vscode\\extensions\\uqbar.wollok-lsp-ide-0.5.2\\out\\server\\src\\server.js:2326:13026\n    at Array.map (<anonymous>)\n    at D1n (c:\\Users\\LUZ RAMIREZ\\.vscode\\extensions\\uqbar.wollok-lsp-ide-0.5.2\\out\\server\\src\\server.js:2326:12950)\n    at W2.buildEnvironmentFrom (c:\\Users\\LUZ RAMIREZ\\.vscode\\extensions\\uqbar.wollok-lsp-ide-0.5.2\\out\\server\\src\\server.js:2371:5254)\n    at W2.updateEnvironmentWith (c:\\Users\\LUZ RAMIREZ\\.vscode\\extensions\\uqbar.wollok-lsp-ide-0.5.2\\out\\server\\src\\server.js:2371:4989)\n    at GF (c:\\Users\\LUZ RAMIREZ\\.vscode\\extensions\\uqbar.wollok-lsp-ide-0.5.2\\out\\server\\src\\server.js:2371:7383)\n    at L3.invoke (c:\\Users\\LUZ RAMIREZ\\.vscode\\extensions\\uqbar.wollok-lsp-ide-0.5.2\\out\\server\\src\\server.js:3:157326)\n    at o.fire (c:\\Users\\LUZ RAMIREZ\\.vscode\\extensions\\uqbar.wollok-lsp-ide-0.5.2\\out\\server\\src\\server.js:3:158096)\n    at c:\\Users\\LUZ RAMIREZ\\.vscode\\extensions\\uqbar.wollok-lsp-ide-0.5.2\\out\\server\\src\\server.js:37:57871\n    at Kr (c:\\Users\\LUZ RAMIREZ\\.vscode\\extensions\\uqbar.wollok-lsp-ide-0.5.2\\out\\server\\src\\server.js:8:1561)","timestamp":"2025-07-03T18:54:24.767Z"}
{"level":"error","message":"✘ Failed to rebuild document Failed to parse administradorDeHechizos.wlk: \n-- PARSING FAILED --------------------------------------------------\n\n  36 |         game.onCollideDo(hechizo.colisionExtra(), { enemigo =>\n  37 |             if (enemigo.estaVivo()) \n> 38 |         })\n     |         ^\n  39 |     }\n  40 | \n\nExpected one of the following: \n\n'@', 'class', 'const', 'describe', 'mixin', 'object', 'only', 'package', 'program', 'test', 'var', '{', EOF, comment, not \"}\", whitespace\n","stack":"Error: Failed to parse administradorDeHechizos.wlk: \n-- PARSING FAILED --------------------------------------------------\n\n  36 |         game.onCollideDo(hechizo.colisionExtra(), { enemigo =>\n  37 |             if (enemigo.estaVivo()) \n> 38 |         })\n     |         ^\n  39 |     }\n  40 | \n\nExpected one of the following: \n\n'@', 'class', 'const', 'describe', 'mixin', 'object', 'only', 'package', 'program', 'test', 'var', '{', EOF, comment, not \"}\", whitespace\n\n    at c:\\Users\\LUZ RAMIREZ\\.vscode\\extensions\\uqbar.wollok-lsp-ide-0.5.2\\out\\server\\src\\server.js:2326:13026\n    at Array.map (<anonymous>)\n    at D1n (c:\\Users\\LUZ RAMIREZ\\.vscode\\extensions\\uqbar.wollok-lsp-ide-0.5.2\\out\\server\\src\\server.js:2326:12950)\n    at W2.buildEnvironmentFrom (c:\\Users\\LUZ RAMIREZ\\.vscode\\extensions\\uqbar.wollok-lsp-ide-0.5.2\\out\\server\\src\\server.js:2371:5254)\n    at W2.updateEnvironmentWith (c:\\Users\\LUZ RAMIREZ\\.vscode\\extensions\\uqbar.wollok-lsp-ide-0.5.2\\out\\server\\src\\server.js:2371:4989)\n    at GF (c:\\Users\\LUZ RAMIREZ\\.vscode\\extensions\\uqbar.wollok-lsp-ide-0.5.2\\out\\server\\src\\server.js:2371:7383)\n    at L3.invoke (c:\\Users\\LUZ RAMIREZ\\.vscode\\extensions\\uqbar.wollok-lsp-ide-0.5.2\\out\\server\\src\\server.js:3:157326)\n    at o.fire (c:\\Users\\LUZ RAMIREZ\\.vscode\\extensions\\uqbar.wollok-lsp-ide-0.5.2\\out\\server\\src\\server.js:3:158096)\n    at c:\\Users\\LUZ RAMIREZ\\.vscode\\extensions\\uqbar.wollok-lsp-ide-0.5.2\\out\\server\\src\\server.js:37:57871\n    at Kr (c:\\Users\\LUZ RAMIREZ\\.vscode\\extensions\\uqbar.wollok-lsp-ide-0.5.2\\out\\server\\src\\server.js:8:1561)","timestamp":"2025-07-03T18:54:24.944Z"}
{"level":"error","message":"✘ Failed to rebuild document Failed to parse administradorDeHechizos.wlk: \n-- PARSING FAILED --------------------------------------------------\n\n  36 |         game.onCollideDo(hechizo.colisionExtra(), { enemigo =>\n  37 |             if (enemigo.estaVivo()) \n> 38 |         })\n     |         ^\n  39 |     }\n  40 | \n\nExpected one of the following: \n\n'@', 'class', 'const', 'describe', 'mixin', 'object', 'only', 'package', 'program', 'test', 'var', '{', EOF, comment, not \"}\", whitespace\n","stack":"Error: Failed to parse administradorDeHechizos.wlk: \n-- PARSING FAILED --------------------------------------------------\n\n  36 |         game.onCollideDo(hechizo.colisionExtra(), { enemigo =>\n  37 |             if (enemigo.estaVivo()) \n> 38 |         })\n     |         ^\n  39 |     }\n  40 | \n\nExpected one of the following: \n\n'@', 'class', 'const', 'describe', 'mixin', 'object', 'only', 'package', 'program', 'test', 'var', '{', EOF, comment, not \"}\", whitespace\n\n    at c:\\Users\\LUZ RAMIREZ\\.vscode\\extensions\\uqbar.wollok-lsp-ide-0.5.2\\out\\server\\src\\server.js:2326:13026\n    at Array.map (<anonymous>)\n    at D1n (c:\\Users\\LUZ RAMIREZ\\.vscode\\extensions\\uqbar.wollok-lsp-ide-0.5.2\\out\\server\\src\\server.js:2326:12950)\n    at W2.buildEnvironmentFrom (c:\\Users\\LUZ RAMIREZ\\.vscode\\extensions\\uqbar.wollok-lsp-ide-0.5.2\\out\\server\\src\\server.js:2371:5254)\n    at W2.updateEnvironmentWith (c:\\Users\\LUZ RAMIREZ\\.vscode\\extensions\\uqbar.wollok-lsp-ide-0.5.2\\out\\server\\src\\server.js:2371:4989)\n    at GF (c:\\Users\\LUZ RAMIREZ\\.vscode\\extensions\\uqbar.wollok-lsp-ide-0.5.2\\out\\server\\src\\server.js:2371:7383)\n    at L3.invoke (c:\\Users\\LUZ RAMIREZ\\.vscode\\extensions\\uqbar.wollok-lsp-ide-0.5.2\\out\\server\\src\\server.js:3:157326)\n    at o.fire (c:\\Users\\LUZ RAMIREZ\\.vscode\\extensions\\uqbar.wollok-lsp-ide-0.5.2\\out\\server\\src\\server.js:3:158096)\n    at c:\\Users\\LUZ RAMIREZ\\.vscode\\extensions\\uqbar.wollok-lsp-ide-0.5.2\\out\\server\\src\\server.js:37:57871\n    at Kr (c:\\Users\\LUZ RAMIREZ\\.vscode\\extensions\\uqbar.wollok-lsp-ide-0.5.2\\out\\server\\src\\server.js:8:1561)","timestamp":"2025-07-03T18:54:24.995Z"}
{"level":"error","message":"✘ Failed to rebuild document Failed to parse administradorDeHechizos.wlk: \n-- PARSING FAILED --------------------------------------------------\n\n  36 |         game.onCollideDo(hechizo.colisionExtra(), { enemigo =>\n  37 |             if (enemigo.estaVivo()) \n> 38 |         })\n     |         ^\n  39 |     }\n  40 | \n\nExpected one of the following: \n\n'@', 'class', 'const', 'describe', 'mixin', 'object', 'only', 'package', 'program', 'test', 'var', '{', EOF, comment, not \"}\", whitespace\n","stack":"Error: Failed to parse administradorDeHechizos.wlk: \n-- PARSING FAILED --------------------------------------------------\n\n  36 |         game.onCollideDo(hechizo.colisionExtra(), { enemigo =>\n  37 |             if (enemigo.estaVivo()) \n> 38 |         })\n     |         ^\n  39 |     }\n  40 | \n\nExpected one of the following: \n\n'@', 'class', 'const', 'describe', 'mixin', 'object', 'only', 'package', 'program', 'test', 'var', '{', EOF, comment, not \"}\", whitespace\n\n    at c:\\Users\\LUZ RAMIREZ\\.vscode\\extensions\\uqbar.wollok-lsp-ide-0.5.2\\out\\server\\src\\server.js:2326:13026\n    at Array.map (<anonymous>)\n    at D1n (c:\\Users\\LUZ RAMIREZ\\.vscode\\extensions\\uqbar.wollok-lsp-ide-0.5.2\\out\\server\\src\\server.js:2326:12950)\n    at W2.buildEnvironmentFrom (c:\\Users\\LUZ RAMIREZ\\.vscode\\extensions\\uqbar.wollok-lsp-ide-0.5.2\\out\\server\\src\\server.js:2371:5254)\n    at W2.updateEnvironmentWith (c:\\Users\\LUZ RAMIREZ\\.vscode\\extensions\\uqbar.wollok-lsp-ide-0.5.2\\out\\server\\src\\server.js:2371:4989)\n    at GF (c:\\Users\\LUZ RAMIREZ\\.vscode\\extensions\\uqbar.wollok-lsp-ide-0.5.2\\out\\server\\src\\server.js:2371:7383)\n    at L3.invoke (c:\\Users\\LUZ RAMIREZ\\.vscode\\extensions\\uqbar.wollok-lsp-ide-0.5.2\\out\\server\\src\\server.js:3:157326)\n    at o.fire (c:\\Users\\LUZ RAMIREZ\\.vscode\\extensions\\uqbar.wollok-lsp-ide-0.5.2\\out\\server\\src\\server.js:3:158096)\n    at c:\\Users\\LUZ RAMIREZ\\.vscode\\extensions\\uqbar.wollok-lsp-ide-0.5.2\\out\\server\\src\\server.js:37:57871\n    at Kr (c:\\Users\\LUZ RAMIREZ\\.vscode\\extensions\\uqbar.wollok-lsp-ide-0.5.2\\out\\server\\src\\server.js:8:1561)","timestamp":"2025-07-03T18:54:25.099Z"}
{"level":"error","message":"✘ Failed to rebuild document Failed to parse administradorDeHechizos.wlk: \n-- PARSING FAILED --------------------------------------------------\n\n  36 |         game.onCollideDo(hechizo.colisionExtra(), { enemigo =>\n  37 |             if (enemigo.estaVivo()) \n> 38 |         })\n     |         ^\n  39 |     }\n  40 | \n\nExpected one of the following: \n\n'@', 'class', 'const', 'describe', 'mixin', 'object', 'only', 'package', 'program', 'test', 'var', '{', EOF, comment, not \"}\", whitespace\n","stack":"Error: Failed to parse administradorDeHechizos.wlk: \n-- PARSING FAILED --------------------------------------------------\n\n  36 |         game.onCollideDo(hechizo.colisionExtra(), { enemigo =>\n  37 |             if (enemigo.estaVivo()) \n> 38 |         })\n     |         ^\n  39 |     }\n  40 | \n\nExpected one of the following: \n\n'@', 'class', 'const', 'describe', 'mixin', 'object', 'only', 'package', 'program', 'test', 'var', '{', EOF, comment, not \"}\", whitespace\n\n    at c:\\Users\\LUZ RAMIREZ\\.vscode\\extensions\\uqbar.wollok-lsp-ide-0.5.2\\out\\server\\src\\server.js:2326:13026\n    at Array.map (<anonymous>)\n    at D1n (c:\\Users\\LUZ RAMIREZ\\.vscode\\extensions\\uqbar.wollok-lsp-ide-0.5.2\\out\\server\\src\\server.js:2326:12950)\n    at W2.buildEnvironmentFrom (c:\\Users\\LUZ RAMIREZ\\.vscode\\extensions\\uqbar.wollok-lsp-ide-0.5.2\\out\\server\\src\\server.js:2371:5254)\n    at W2.updateEnvironmentWith (c:\\Users\\LUZ RAMIREZ\\.vscode\\extensions\\uqbar.wollok-lsp-ide-0.5.2\\out\\server\\src\\server.js:2371:4989)\n    at GF (c:\\Users\\LUZ RAMIREZ\\.vscode\\extensions\\uqbar.wollok-lsp-ide-0.5.2\\out\\server\\src\\server.js:2371:7383)\n    at L3.invoke (c:\\Users\\LUZ RAMIREZ\\.vscode\\extensions\\uqbar.wollok-lsp-ide-0.5.2\\out\\server\\src\\server.js:3:157326)\n    at o.fire (c:\\Users\\LUZ RAMIREZ\\.vscode\\extensions\\uqbar.wollok-lsp-ide-0.5.2\\out\\server\\src\\server.js:3:158096)\n    at c:\\Users\\LUZ RAMIREZ\\.vscode\\extensions\\uqbar.wollok-lsp-ide-0.5.2\\out\\server\\src\\server.js:37:57871\n    at Kr (c:\\Users\\LUZ RAMIREZ\\.vscode\\extensions\\uqbar.wollok-lsp-ide-0.5.2\\out\\server\\src\\server.js:8:1561)","timestamp":"2025-07-03T18:54:25.147Z"}
{"level":"error","message":"✘ Failed to rebuild document Failed to parse administradorDeHechizos.wlk: \n-- PARSING FAILED --------------------------------------------------\n\n  36 |         game.onCollideDo(hechizo.colisionExtra(), { enemigo =>\n  37 |             if (enemigo.estaVivo()) \n> 38 |         })\n     |         ^\n  39 |     }\n  40 | \n\nExpected one of the following: \n\n'@', 'class', 'const', 'describe', 'mixin', 'object', 'only', 'package', 'program', 'test', 'var', '{', EOF, comment, not \"}\", whitespace\n","stack":"Error: Failed to parse administradorDeHechizos.wlk: \n-- PARSING FAILED --------------------------------------------------\n\n  36 |         game.onCollideDo(hechizo.colisionExtra(), { enemigo =>\n  37 |             if (enemigo.estaVivo()) \n> 38 |         })\n     |         ^\n  39 |     }\n  40 | \n\nExpected one of the following: \n\n'@', 'class', 'const', 'describe', 'mixin', 'object', 'only', 'package', 'program', 'test', 'var', '{', EOF, comment, not \"}\", whitespace\n\n    at c:\\Users\\LUZ RAMIREZ\\.vscode\\extensions\\uqbar.wollok-lsp-ide-0.5.2\\out\\server\\src\\server.js:2326:13026\n    at Array.map (<anonymous>)\n    at D1n (c:\\Users\\LUZ RAMIREZ\\.vscode\\extensions\\uqbar.wollok-lsp-ide-0.5.2\\out\\server\\src\\server.js:2326:12950)\n    at W2.buildEnvironmentFrom (c:\\Users\\LUZ RAMIREZ\\.vscode\\extensions\\uqbar.wollok-lsp-ide-0.5.2\\out\\server\\src\\server.js:2371:5254)\n    at W2.updateEnvironmentWith (c:\\Users\\LUZ RAMIREZ\\.vscode\\extensions\\uqbar.wollok-lsp-ide-0.5.2\\out\\server\\src\\server.js:2371:4989)\n    at GF (c:\\Users\\LUZ RAMIREZ\\.vscode\\extensions\\uqbar.wollok-lsp-ide-0.5.2\\out\\server\\src\\server.js:2371:7383)\n    at L3.invoke (c:\\Users\\LUZ RAMIREZ\\.vscode\\extensions\\uqbar.wollok-lsp-ide-0.5.2\\out\\server\\src\\server.js:3:157326)\n    at o.fire (c:\\Users\\LUZ RAMIREZ\\.vscode\\extensions\\uqbar.wollok-lsp-ide-0.5.2\\out\\server\\src\\server.js:3:158096)\n    at c:\\Users\\LUZ RAMIREZ\\.vscode\\extensions\\uqbar.wollok-lsp-ide-0.5.2\\out\\server\\src\\server.js:37:57871\n    at Kr (c:\\Users\\LUZ RAMIREZ\\.vscode\\extensions\\uqbar.wollok-lsp-ide-0.5.2\\out\\server\\src\\server.js:8:1561)","timestamp":"2025-07-03T18:54:25.222Z"}
{"level":"error","message":"✘ Failed to rebuild document Failed to parse administradorDeHechizos.wlk: \n-- PARSING FAILED --------------------------------------------------\n\n  36 |         game.onCollideDo(hechizo.colisionExtra(), { enemigo =>\n  37 |             if (enemigo.estaVivo()) \n> 38 |         })\n     |         ^\n  39 |     }\n  40 | \n\nExpected one of the following: \n\n'@', 'class', 'const', 'describe', 'mixin', 'object', 'only', 'package', 'program', 'test', 'var', '{', EOF, comment, not \"}\", whitespace\n","stack":"Error: Failed to parse administradorDeHechizos.wlk: \n-- PARSING FAILED --------------------------------------------------\n\n  36 |         game.onCollideDo(hechizo.colisionExtra(), { enemigo =>\n  37 |             if (enemigo.estaVivo()) \n> 38 |         })\n     |         ^\n  39 |     }\n  40 | \n\nExpected one of the following: \n\n'@', 'class', 'const', 'describe', 'mixin', 'object', 'only', 'package', 'program', 'test', 'var', '{', EOF, comment, not \"}\", whitespace\n\n    at c:\\Users\\LUZ RAMIREZ\\.vscode\\extensions\\uqbar.wollok-lsp-ide-0.5.2\\out\\server\\src\\server.js:2326:13026\n    at Array.map (<anonymous>)\n    at D1n (c:\\Users\\LUZ RAMIREZ\\.vscode\\extensions\\uqbar.wollok-lsp-ide-0.5.2\\out\\server\\src\\server.js:2326:12950)\n    at W2.buildEnvironmentFrom (c:\\Users\\LUZ RAMIREZ\\.vscode\\extensions\\uqbar.wollok-lsp-ide-0.5.2\\out\\server\\src\\server.js:2371:5254)\n    at W2.updateEnvironmentWith (c:\\Users\\LUZ RAMIREZ\\.vscode\\extensions\\uqbar.wollok-lsp-ide-0.5.2\\out\\server\\src\\server.js:2371:4989)\n    at GF (c:\\Users\\LUZ RAMIREZ\\.vscode\\extensions\\uqbar.wollok-lsp-ide-0.5.2\\out\\server\\src\\server.js:2371:7383)\n    at L3.invoke (c:\\Users\\LUZ RAMIREZ\\.vscode\\extensions\\uqbar.wollok-lsp-ide-0.5.2\\out\\server\\src\\server.js:3:157326)\n    at o.fire (c:\\Users\\LUZ RAMIREZ\\.vscode\\extensions\\uqbar.wollok-lsp-ide-0.5.2\\out\\server\\src\\server.js:3:158096)\n    at c:\\Users\\LUZ RAMIREZ\\.vscode\\extensions\\uqbar.wollok-lsp-ide-0.5.2\\out\\server\\src\\server.js:37:57871\n    at Kr (c:\\Users\\LUZ RAMIREZ\\.vscode\\extensions\\uqbar.wollok-lsp-ide-0.5.2\\out\\server\\src\\server.js:8:1561)","timestamp":"2025-07-03T18:54:25.286Z"}
{"level":"error","message":"✘ Failed to rebuild document Failed to parse administradorDeHechizos.wlk: \n-- PARSING FAILED --------------------------------------------------\n\n  36 |         game.onCollideDo(hechizo.colisionExtra(), { enemigo =>\n  37 |             if (enemigo.estaVivo()) \n> 38 |         })\n     |         ^\n  39 |     }\n  40 | \n\nExpected one of the following: \n\n'@', 'class', 'const', 'describe', 'mixin', 'object', 'only', 'package', 'program', 'test', 'var', '{', EOF, comment, not \"}\", whitespace\n","stack":"Error: Failed to parse administradorDeHechizos.wlk: \n-- PARSING FAILED --------------------------------------------------\n\n  36 |         game.onCollideDo(hechizo.colisionExtra(), { enemigo =>\n  37 |             if (enemigo.estaVivo()) \n> 38 |         })\n     |         ^\n  39 |     }\n  40 | \n\nExpected one of the following: \n\n'@', 'class', 'const', 'describe', 'mixin', 'object', 'only', 'package', 'program', 'test', 'var', '{', EOF, comment, not \"}\", whitespace\n\n    at c:\\Users\\LUZ RAMIREZ\\.vscode\\extensions\\uqbar.wollok-lsp-ide-0.5.2\\out\\server\\src\\server.js:2326:13026\n    at Array.map (<anonymous>)\n    at D1n (c:\\Users\\LUZ RAMIREZ\\.vscode\\extensions\\uqbar.wollok-lsp-ide-0.5.2\\out\\server\\src\\server.js:2326:12950)\n    at W2.buildEnvironmentFrom (c:\\Users\\LUZ RAMIREZ\\.vscode\\extensions\\uqbar.wollok-lsp-ide-0.5.2\\out\\server\\src\\server.js:2371:5254)\n    at W2.updateEnvironmentWith (c:\\Users\\LUZ RAMIREZ\\.vscode\\extensions\\uqbar.wollok-lsp-ide-0.5.2\\out\\server\\src\\server.js:2371:4989)\n    at GF (c:\\Users\\LUZ RAMIREZ\\.vscode\\extensions\\uqbar.wollok-lsp-ide-0.5.2\\out\\server\\src\\server.js:2371:7383)\n    at L3.invoke (c:\\Users\\LUZ RAMIREZ\\.vscode\\extensions\\uqbar.wollok-lsp-ide-0.5.2\\out\\server\\src\\server.js:3:157326)\n    at o.fire (c:\\Users\\LUZ RAMIREZ\\.vscode\\extensions\\uqbar.wollok-lsp-ide-0.5.2\\out\\server\\src\\server.js:3:158096)\n    at c:\\Users\\LUZ RAMIREZ\\.vscode\\extensions\\uqbar.wollok-lsp-ide-0.5.2\\out\\server\\src\\server.js:37:57871\n    at Kr (c:\\Users\\LUZ RAMIREZ\\.vscode\\extensions\\uqbar.wollok-lsp-ide-0.5.2\\out\\server\\src\\server.js:8:1561)","timestamp":"2025-07-03T18:54:25.337Z"}
{"level":"error","message":"✘ Failed to rebuild document Failed to parse administradorDeHechizos.wlk: \n-- PARSING FAILED --------------------------------------------------\n\n  36 |         game.onCollideDo(hechizo.colisionExtra(), { enemigo =>\n  37 |             if (enemigo.estaVivo()) \n> 38 |         })\n     |         ^\n  39 |     }\n  40 | \n\nExpected one of the following: \n\n'@', 'class', 'const', 'describe', 'mixin', 'object', 'only', 'package', 'program', 'test', 'var', '{', EOF, comment, not \"}\", whitespace\n","stack":"Error: Failed to parse administradorDeHechizos.wlk: \n-- PARSING FAILED --------------------------------------------------\n\n  36 |         game.onCollideDo(hechizo.colisionExtra(), { enemigo =>\n  37 |             if (enemigo.estaVivo()) \n> 38 |         })\n     |         ^\n  39 |     }\n  40 | \n\nExpected one of the following: \n\n'@', 'class', 'const', 'describe', 'mixin', 'object', 'only', 'package', 'program', 'test', 'var', '{', EOF, comment, not \"}\", whitespace\n\n    at c:\\Users\\LUZ RAMIREZ\\.vscode\\extensions\\uqbar.wollok-lsp-ide-0.5.2\\out\\server\\src\\server.js:2326:13026\n    at Array.map (<anonymous>)\n    at D1n (c:\\Users\\LUZ RAMIREZ\\.vscode\\extensions\\uqbar.wollok-lsp-ide-0.5.2\\out\\server\\src\\server.js:2326:12950)\n    at W2.buildEnvironmentFrom (c:\\Users\\LUZ RAMIREZ\\.vscode\\extensions\\uqbar.wollok-lsp-ide-0.5.2\\out\\server\\src\\server.js:2371:5254)\n    at W2.updateEnvironmentWith (c:\\Users\\LUZ RAMIREZ\\.vscode\\extensions\\uqbar.wollok-lsp-ide-0.5.2\\out\\server\\src\\server.js:2371:4989)\n    at GF (c:\\Users\\LUZ RAMIREZ\\.vscode\\extensions\\uqbar.wollok-lsp-ide-0.5.2\\out\\server\\src\\server.js:2371:7383)\n    at L3.invoke (c:\\Users\\LUZ RAMIREZ\\.vscode\\extensions\\uqbar.wollok-lsp-ide-0.5.2\\out\\server\\src\\server.js:3:157326)\n    at o.fire (c:\\Users\\LUZ RAMIREZ\\.vscode\\extensions\\uqbar.wollok-lsp-ide-0.5.2\\out\\server\\src\\server.js:3:158096)\n    at c:\\Users\\LUZ RAMIREZ\\.vscode\\extensions\\uqbar.wollok-lsp-ide-0.5.2\\out\\server\\src\\server.js:37:57871\n    at Kr (c:\\Users\\LUZ RAMIREZ\\.vscode\\extensions\\uqbar.wollok-lsp-ide-0.5.2\\out\\server\\src\\server.js:8:1561)","timestamp":"2025-07-03T18:54:25.397Z"}
{"level":"error","message":"✘ Failed to rebuild document Failed to parse administradorDeHechizos.wlk: \n-- PARSING FAILED --------------------------------------------------\n\n  36 |         game.onCollideDo(hechizo.colisionExtra(), { enemigo =>\n  37 |             if (enemigo.estaVivo()) \n> 38 |         })\n     |         ^\n  39 |     }\n  40 | \n\nExpected one of the following: \n\n'@', 'class', 'const', 'describe', 'mixin', 'object', 'only', 'package', 'program', 'test', 'var', '{', EOF, comment, not \"}\", whitespace\n","stack":"Error: Failed to parse administradorDeHechizos.wlk: \n-- PARSING FAILED --------------------------------------------------\n\n  36 |         game.onCollideDo(hechizo.colisionExtra(), { enemigo =>\n  37 |             if (enemigo.estaVivo()) \n> 38 |         })\n     |         ^\n  39 |     }\n  40 | \n\nExpected one of the following: \n\n'@', 'class', 'const', 'describe', 'mixin', 'object', 'only', 'package', 'program', 'test', 'var', '{', EOF, comment, not \"}\", whitespace\n\n    at c:\\Users\\LUZ RAMIREZ\\.vscode\\extensions\\uqbar.wollok-lsp-ide-0.5.2\\out\\server\\src\\server.js:2326:13026\n    at Array.map (<anonymous>)\n    at D1n (c:\\Users\\LUZ RAMIREZ\\.vscode\\extensions\\uqbar.wollok-lsp-ide-0.5.2\\out\\server\\src\\server.js:2326:12950)\n    at W2.buildEnvironmentFrom (c:\\Users\\LUZ RAMIREZ\\.vscode\\extensions\\uqbar.wollok-lsp-ide-0.5.2\\out\\server\\src\\server.js:2371:5254)\n    at W2.updateEnvironmentWith (c:\\Users\\LUZ RAMIREZ\\.vscode\\extensions\\uqbar.wollok-lsp-ide-0.5.2\\out\\server\\src\\server.js:2371:4989)\n    at GF (c:\\Users\\LUZ RAMIREZ\\.vscode\\extensions\\uqbar.wollok-lsp-ide-0.5.2\\out\\server\\src\\server.js:2371:7383)\n    at L3.invoke (c:\\Users\\LUZ RAMIREZ\\.vscode\\extensions\\uqbar.wollok-lsp-ide-0.5.2\\out\\server\\src\\server.js:3:157326)\n    at o.fire (c:\\Users\\LUZ RAMIREZ\\.vscode\\extensions\\uqbar.wollok-lsp-ide-0.5.2\\out\\server\\src\\server.js:3:158096)\n    at c:\\Users\\LUZ RAMIREZ\\.vscode\\extensions\\uqbar.wollok-lsp-ide-0.5.2\\out\\server\\src\\server.js:37:57871\n    at Kr (c:\\Users\\LUZ RAMIREZ\\.vscode\\extensions\\uqbar.wollok-lsp-ide-0.5.2\\out\\server\\src\\server.js:8:1561)","timestamp":"2025-07-03T18:54:25.469Z"}
{"level":"error","message":"✘ Failed to rebuild document Failed to parse administradorDeHechizos.wlk: \n-- PARSING FAILED --------------------------------------------------\n\n  36 |         game.onCollideDo(hechizo.colisionExtra(), { enemigo =>\n  37 |             if (enemigo.estaVivo()) \n> 38 |         })\n     |         ^\n  39 |     }\n  40 | \n\nExpected one of the following: \n\n'@', 'class', 'const', 'describe', 'mixin', 'object', 'only', 'package', 'program', 'test', 'var', '{', EOF, comment, not \"}\", whitespace\n","stack":"Error: Failed to parse administradorDeHechizos.wlk: \n-- PARSING FAILED --------------------------------------------------\n\n  36 |         game.onCollideDo(hechizo.colisionExtra(), { enemigo =>\n  37 |             if (enemigo.estaVivo()) \n> 38 |         })\n     |         ^\n  39 |     }\n  40 | \n\nExpected one of the following: \n\n'@', 'class', 'const', 'describe', 'mixin', 'object', 'only', 'package', 'program', 'test', 'var', '{', EOF, comment, not \"}\", whitespace\n\n    at c:\\Users\\LUZ RAMIREZ\\.vscode\\extensions\\uqbar.wollok-lsp-ide-0.5.2\\out\\server\\src\\server.js:2326:13026\n    at Array.map (<anonymous>)\n    at D1n (c:\\Users\\LUZ RAMIREZ\\.vscode\\extensions\\uqbar.wollok-lsp-ide-0.5.2\\out\\server\\src\\server.js:2326:12950)\n    at W2.buildEnvironmentFrom (c:\\Users\\LUZ RAMIREZ\\.vscode\\extensions\\uqbar.wollok-lsp-ide-0.5.2\\out\\server\\src\\server.js:2371:5254)\n    at W2.updateEnvironmentWith (c:\\Users\\LUZ RAMIREZ\\.vscode\\extensions\\uqbar.wollok-lsp-ide-0.5.2\\out\\server\\src\\server.js:2371:4989)\n    at GF (c:\\Users\\LUZ RAMIREZ\\.vscode\\extensions\\uqbar.wollok-lsp-ide-0.5.2\\out\\server\\src\\server.js:2371:7383)\n    at L3.invoke (c:\\Users\\LUZ RAMIREZ\\.vscode\\extensions\\uqbar.wollok-lsp-ide-0.5.2\\out\\server\\src\\server.js:3:157326)\n    at o.fire (c:\\Users\\LUZ RAMIREZ\\.vscode\\extensions\\uqbar.wollok-lsp-ide-0.5.2\\out\\server\\src\\server.js:3:158096)\n    at c:\\Users\\LUZ RAMIREZ\\.vscode\\extensions\\uqbar.wollok-lsp-ide-0.5.2\\out\\server\\src\\server.js:37:57871\n    at Kr (c:\\Users\\LUZ RAMIREZ\\.vscode\\extensions\\uqbar.wollok-lsp-ide-0.5.2\\out\\server\\src\\server.js:8:1561)","timestamp":"2025-07-03T18:54:25.538Z"}
{"level":"error","message":"✘ Failed to rebuild document Failed to parse administradorDeHechizos.wlk: \n-- PARSING FAILED --------------------------------------------------\n\n  36 |         game.onCollideDo(hechizo.colisionExtra(), { enemigo =>\n  37 |             if (enemigo.estaVivo()) \n> 38 |         })\n     |         ^\n  39 |     }\n  40 | \n\nExpected one of the following: \n\n'@', 'class', 'const', 'describe', 'mixin', 'object', 'only', 'package', 'program', 'test', 'var', '{', EOF, comment, not \"}\", whitespace\n","stack":"Error: Failed to parse administradorDeHechizos.wlk: \n-- PARSING FAILED --------------------------------------------------\n\n  36 |         game.onCollideDo(hechizo.colisionExtra(), { enemigo =>\n  37 |             if (enemigo.estaVivo()) \n> 38 |         })\n     |         ^\n  39 |     }\n  40 | \n\nExpected one of the following: \n\n'@', 'class', 'const', 'describe', 'mixin', 'object', 'only', 'package', 'program', 'test', 'var', '{', EOF, comment, not \"}\", whitespace\n\n    at c:\\Users\\LUZ RAMIREZ\\.vscode\\extensions\\uqbar.wollok-lsp-ide-0.5.2\\out\\server\\src\\server.js:2326:13026\n    at Array.map (<anonymous>)\n    at D1n (c:\\Users\\LUZ RAMIREZ\\.vscode\\extensions\\uqbar.wollok-lsp-ide-0.5.2\\out\\server\\src\\server.js:2326:12950)\n    at W2.buildEnvironmentFrom (c:\\Users\\LUZ RAMIREZ\\.vscode\\extensions\\uqbar.wollok-lsp-ide-0.5.2\\out\\server\\src\\server.js:2371:5254)\n    at W2.updateEnvironmentWith (c:\\Users\\LUZ RAMIREZ\\.vscode\\extensions\\uqbar.wollok-lsp-ide-0.5.2\\out\\server\\src\\server.js:2371:4989)\n    at GF (c:\\Users\\LUZ RAMIREZ\\.vscode\\extensions\\uqbar.wollok-lsp-ide-0.5.2\\out\\server\\src\\server.js:2371:7383)\n    at L3.invoke (c:\\Users\\LUZ RAMIREZ\\.vscode\\extensions\\uqbar.wollok-lsp-ide-0.5.2\\out\\server\\src\\server.js:3:157326)\n    at o.fire (c:\\Users\\LUZ RAMIREZ\\.vscode\\extensions\\uqbar.wollok-lsp-ide-0.5.2\\out\\server\\src\\server.js:3:158096)\n    at c:\\Users\\LUZ RAMIREZ\\.vscode\\extensions\\uqbar.wollok-lsp-ide-0.5.2\\out\\server\\src\\server.js:37:57871\n    at Kr (c:\\Users\\LUZ RAMIREZ\\.vscode\\extensions\\uqbar.wollok-lsp-ide-0.5.2\\out\\server\\src\\server.js:8:1561)","timestamp":"2025-07-03T18:54:25.581Z"}
{"level":"error","message":"✘ Failed to rebuild document Failed to parse administradorDeHechizos.wlk: \n-- PARSING FAILED --------------------------------------------------\n\n  36 |         game.onCollideDo(hechizo.colisionExtra(), { enemigo =>\n  37 |             if (enemigo.estaVivo()) \n> 38 |         })\n     |         ^\n  39 |     }\n  40 | \n\nExpected one of the following: \n\n'@', 'class', 'const', 'describe', 'mixin', 'object', 'only', 'package', 'program', 'test', 'var', '{', EOF, comment, not \"}\", whitespace\n","stack":"Error: Failed to parse administradorDeHechizos.wlk: \n-- PARSING FAILED --------------------------------------------------\n\n  36 |         game.onCollideDo(hechizo.colisionExtra(), { enemigo =>\n  37 |             if (enemigo.estaVivo()) \n> 38 |         })\n     |         ^\n  39 |     }\n  40 | \n\nExpected one of the following: \n\n'@', 'class', 'const', 'describe', 'mixin', 'object', 'only', 'package', 'program', 'test', 'var', '{', EOF, comment, not \"}\", whitespace\n\n    at c:\\Users\\LUZ RAMIREZ\\.vscode\\extensions\\uqbar.wollok-lsp-ide-0.5.2\\out\\server\\src\\server.js:2326:13026\n    at Array.map (<anonymous>)\n    at D1n (c:\\Users\\LUZ RAMIREZ\\.vscode\\extensions\\uqbar.wollok-lsp-ide-0.5.2\\out\\server\\src\\server.js:2326:12950)\n    at W2.buildEnvironmentFrom (c:\\Users\\LUZ RAMIREZ\\.vscode\\extensions\\uqbar.wollok-lsp-ide-0.5.2\\out\\server\\src\\server.js:2371:5254)\n    at W2.updateEnvironmentWith (c:\\Users\\LUZ RAMIREZ\\.vscode\\extensions\\uqbar.wollok-lsp-ide-0.5.2\\out\\server\\src\\server.js:2371:4989)\n    at GF (c:\\Users\\LUZ RAMIREZ\\.vscode\\extensions\\uqbar.wollok-lsp-ide-0.5.2\\out\\server\\src\\server.js:2371:7383)\n    at L3.invoke (c:\\Users\\LUZ RAMIREZ\\.vscode\\extensions\\uqbar.wollok-lsp-ide-0.5.2\\out\\server\\src\\server.js:3:157326)\n    at o.fire (c:\\Users\\LUZ RAMIREZ\\.vscode\\extensions\\uqbar.wollok-lsp-ide-0.5.2\\out\\server\\src\\server.js:3:158096)\n    at c:\\Users\\LUZ RAMIREZ\\.vscode\\extensions\\uqbar.wollok-lsp-ide-0.5.2\\out\\server\\src\\server.js:37:57871\n    at Kr (c:\\Users\\LUZ RAMIREZ\\.vscode\\extensions\\uqbar.wollok-lsp-ide-0.5.2\\out\\server\\src\\server.js:8:1561)","timestamp":"2025-07-03T18:54:25.631Z"}
{"level":"error","message":"✘ Failed to rebuild document Failed to parse administradorDeHechizos.wlk: \n-- PARSING FAILED --------------------------------------------------\n\n  36 |         game.onCollideDo(hechizo.colisionExtra(), { enemigo =>\n  37 |             if (enemigo.estaVivo()) \n> 38 |         })\n     |         ^\n  39 |     }\n  40 | \n\nExpected one of the following: \n\n'@', 'class', 'const', 'describe', 'mixin', 'object', 'only', 'package', 'program', 'test', 'var', '{', EOF, comment, not \"}\", whitespace\n","stack":"Error: Failed to parse administradorDeHechizos.wlk: \n-- PARSING FAILED --------------------------------------------------\n\n  36 |         game.onCollideDo(hechizo.colisionExtra(), { enemigo =>\n  37 |             if (enemigo.estaVivo()) \n> 38 |         })\n     |         ^\n  39 |     }\n  40 | \n\nExpected one of the following: \n\n'@', 'class', 'const', 'describe', 'mixin', 'object', 'only', 'package', 'program', 'test', 'var', '{', EOF, comment, not \"}\", whitespace\n\n    at c:\\Users\\LUZ RAMIREZ\\.vscode\\extensions\\uqbar.wollok-lsp-ide-0.5.2\\out\\server\\src\\server.js:2326:13026\n    at Array.map (<anonymous>)\n    at D1n (c:\\Users\\LUZ RAMIREZ\\.vscode\\extensions\\uqbar.wollok-lsp-ide-0.5.2\\out\\server\\src\\server.js:2326:12950)\n    at W2.buildEnvironmentFrom (c:\\Users\\LUZ RAMIREZ\\.vscode\\extensions\\uqbar.wollok-lsp-ide-0.5.2\\out\\server\\src\\server.js:2371:5254)\n    at W2.updateEnvironmentWith (c:\\Users\\LUZ RAMIREZ\\.vscode\\extensions\\uqbar.wollok-lsp-ide-0.5.2\\out\\server\\src\\server.js:2371:4989)\n    at GF (c:\\Users\\LUZ RAMIREZ\\.vscode\\extensions\\uqbar.wollok-lsp-ide-0.5.2\\out\\server\\src\\server.js:2371:7383)\n    at L3.invoke (c:\\Users\\LUZ RAMIREZ\\.vscode\\extensions\\uqbar.wollok-lsp-ide-0.5.2\\out\\server\\src\\server.js:3:157326)\n    at o.fire (c:\\Users\\LUZ RAMIREZ\\.vscode\\extensions\\uqbar.wollok-lsp-ide-0.5.2\\out\\server\\src\\server.js:3:158096)\n    at c:\\Users\\LUZ RAMIREZ\\.vscode\\extensions\\uqbar.wollok-lsp-ide-0.5.2\\out\\server\\src\\server.js:37:57871\n    at Kr (c:\\Users\\LUZ RAMIREZ\\.vscode\\extensions\\uqbar.wollok-lsp-ide-0.5.2\\out\\server\\src\\server.js:8:1561)","timestamp":"2025-07-03T18:54:25.699Z"}
{"level":"error","message":"✘ Failed to rebuild document Failed to parse administradorDeHechizos.wlk: \n-- PARSING FAILED --------------------------------------------------\n\n  36 |         game.onCollideDo(hechizo.colisionExtra(), { enemigo =>\n  37 |             if (enemigo.estaVivo()) \n> 38 |         })\n     |         ^\n  39 |     }\n  40 | \n\nExpected one of the following: \n\n'@', 'class', 'const', 'describe', 'mixin', 'object', 'only', 'package', 'program', 'test', 'var', '{', EOF, comment, not \"}\", whitespace\n","stack":"Error: Failed to parse administradorDeHechizos.wlk: \n-- PARSING FAILED --------------------------------------------------\n\n  36 |         game.onCollideDo(hechizo.colisionExtra(), { enemigo =>\n  37 |             if (enemigo.estaVivo()) \n> 38 |         })\n     |         ^\n  39 |     }\n  40 | \n\nExpected one of the following: \n\n'@', 'class', 'const', 'describe', 'mixin', 'object', 'only', 'package', 'program', 'test', 'var', '{', EOF, comment, not \"}\", whitespace\n\n    at c:\\Users\\LUZ RAMIREZ\\.vscode\\extensions\\uqbar.wollok-lsp-ide-0.5.2\\out\\server\\src\\server.js:2326:13026\n    at Array.map (<anonymous>)\n    at D1n (c:\\Users\\LUZ RAMIREZ\\.vscode\\extensions\\uqbar.wollok-lsp-ide-0.5.2\\out\\server\\src\\server.js:2326:12950)\n    at W2.buildEnvironmentFrom (c:\\Users\\LUZ RAMIREZ\\.vscode\\extensions\\uqbar.wollok-lsp-ide-0.5.2\\out\\server\\src\\server.js:2371:5254)\n    at W2.updateEnvironmentWith (c:\\Users\\LUZ RAMIREZ\\.vscode\\extensions\\uqbar.wollok-lsp-ide-0.5.2\\out\\server\\src\\server.js:2371:4989)\n    at GF (c:\\Users\\LUZ RAMIREZ\\.vscode\\extensions\\uqbar.wollok-lsp-ide-0.5.2\\out\\server\\src\\server.js:2371:7383)\n    at L3.invoke (c:\\Users\\LUZ RAMIREZ\\.vscode\\extensions\\uqbar.wollok-lsp-ide-0.5.2\\out\\server\\src\\server.js:3:157326)\n    at o.fire (c:\\Users\\LUZ RAMIREZ\\.vscode\\extensions\\uqbar.wollok-lsp-ide-0.5.2\\out\\server\\src\\server.js:3:158096)\n    at c:\\Users\\LUZ RAMIREZ\\.vscode\\extensions\\uqbar.wollok-lsp-ide-0.5.2\\out\\server\\src\\server.js:37:57871\n    at Kr (c:\\Users\\LUZ RAMIREZ\\.vscode\\extensions\\uqbar.wollok-lsp-ide-0.5.2\\out\\server\\src\\server.js:8:1561)","timestamp":"2025-07-03T18:54:25.783Z"}
{"level":"error","message":"✘ Failed to rebuild document Failed to parse administradorDeHechizos.wlk: \n-- PARSING FAILED --------------------------------------------------\n\n  36 |         game.onCollideDo(hechizo.colisionExtra(), { enemigo =>\n  37 |             if (enemigo.estaVivo()) \n> 38 |         })\n     |         ^\n  39 |     }\n  40 | \n\nExpected one of the following: \n\n'@', 'class', 'const', 'describe', 'mixin', 'object', 'only', 'package', 'program', 'test', 'var', '{', EOF, comment, not \"}\", whitespace\n","stack":"Error: Failed to parse administradorDeHechizos.wlk: \n-- PARSING FAILED --------------------------------------------------\n\n  36 |         game.onCollideDo(hechizo.colisionExtra(), { enemigo =>\n  37 |             if (enemigo.estaVivo()) \n> 38 |         })\n     |         ^\n  39 |     }\n  40 | \n\nExpected one of the following: \n\n'@', 'class', 'const', 'describe', 'mixin', 'object', 'only', 'package', 'program', 'test', 'var', '{', EOF, comment, not \"}\", whitespace\n\n    at c:\\Users\\LUZ RAMIREZ\\.vscode\\extensions\\uqbar.wollok-lsp-ide-0.5.2\\out\\server\\src\\server.js:2326:13026\n    at Array.map (<anonymous>)\n    at D1n (c:\\Users\\LUZ RAMIREZ\\.vscode\\extensions\\uqbar.wollok-lsp-ide-0.5.2\\out\\server\\src\\server.js:2326:12950)\n    at W2.buildEnvironmentFrom (c:\\Users\\LUZ RAMIREZ\\.vscode\\extensions\\uqbar.wollok-lsp-ide-0.5.2\\out\\server\\src\\server.js:2371:5254)\n    at W2.updateEnvironmentWith (c:\\Users\\LUZ RAMIREZ\\.vscode\\extensions\\uqbar.wollok-lsp-ide-0.5.2\\out\\server\\src\\server.js:2371:4989)\n    at GF (c:\\Users\\LUZ RAMIREZ\\.vscode\\extensions\\uqbar.wollok-lsp-ide-0.5.2\\out\\server\\src\\server.js:2371:7383)\n    at L3.invoke (c:\\Users\\LUZ RAMIREZ\\.vscode\\extensions\\uqbar.wollok-lsp-ide-0.5.2\\out\\server\\src\\server.js:3:157326)\n    at o.fire (c:\\Users\\LUZ RAMIREZ\\.vscode\\extensions\\uqbar.wollok-lsp-ide-0.5.2\\out\\server\\src\\server.js:3:158096)\n    at c:\\Users\\LUZ RAMIREZ\\.vscode\\extensions\\uqbar.wollok-lsp-ide-0.5.2\\out\\server\\src\\server.js:37:57871\n    at Kr (c:\\Users\\LUZ RAMIREZ\\.vscode\\extensions\\uqbar.wollok-lsp-ide-0.5.2\\out\\server\\src\\server.js:8:1561)","timestamp":"2025-07-03T18:54:25.827Z"}
{"level":"error","message":"✘ Failed to rebuild document Failed to parse administradorDeHechizos.wlk: \n-- PARSING FAILED --------------------------------------------------\n\n  36 |         game.onCollideDo(hechizo.colisionExtra(), { enemigo =>\n  37 |             if (enemigo.estaVivo()) \n> 38 |         })\n     |         ^\n  39 |     }\n  40 | \n\nExpected one of the following: \n\n'@', 'class', 'const', 'describe', 'mixin', 'object', 'only', 'package', 'program', 'test', 'var', '{', EOF, comment, not \"}\", whitespace\n","stack":"Error: Failed to parse administradorDeHechizos.wlk: \n-- PARSING FAILED --------------------------------------------------\n\n  36 |         game.onCollideDo(hechizo.colisionExtra(), { enemigo =>\n  37 |             if (enemigo.estaVivo()) \n> 38 |         })\n     |         ^\n  39 |     }\n  40 | \n\nExpected one of the following: \n\n'@', 'class', 'const', 'describe', 'mixin', 'object', 'only', 'package', 'program', 'test', 'var', '{', EOF, comment, not \"}\", whitespace\n\n    at c:\\Users\\LUZ RAMIREZ\\.vscode\\extensions\\uqbar.wollok-lsp-ide-0.5.2\\out\\server\\src\\server.js:2326:13026\n    at Array.map (<anonymous>)\n    at D1n (c:\\Users\\LUZ RAMIREZ\\.vscode\\extensions\\uqbar.wollok-lsp-ide-0.5.2\\out\\server\\src\\server.js:2326:12950)\n    at W2.buildEnvironmentFrom (c:\\Users\\LUZ RAMIREZ\\.vscode\\extensions\\uqbar.wollok-lsp-ide-0.5.2\\out\\server\\src\\server.js:2371:5254)\n    at W2.updateEnvironmentWith (c:\\Users\\LUZ RAMIREZ\\.vscode\\extensions\\uqbar.wollok-lsp-ide-0.5.2\\out\\server\\src\\server.js:2371:4989)\n    at GF (c:\\Users\\LUZ RAMIREZ\\.vscode\\extensions\\uqbar.wollok-lsp-ide-0.5.2\\out\\server\\src\\server.js:2371:7383)\n    at L3.invoke (c:\\Users\\LUZ RAMIREZ\\.vscode\\extensions\\uqbar.wollok-lsp-ide-0.5.2\\out\\server\\src\\server.js:3:157326)\n    at o.fire (c:\\Users\\LUZ RAMIREZ\\.vscode\\extensions\\uqbar.wollok-lsp-ide-0.5.2\\out\\server\\src\\server.js:3:158096)\n    at c:\\Users\\LUZ RAMIREZ\\.vscode\\extensions\\uqbar.wollok-lsp-ide-0.5.2\\out\\server\\src\\server.js:37:57871\n    at Kr (c:\\Users\\LUZ RAMIREZ\\.vscode\\extensions\\uqbar.wollok-lsp-ide-0.5.2\\out\\server\\src\\server.js:8:1561)","timestamp":"2025-07-03T18:54:25.925Z"}
{"level":"info","message":"⌛ Validating administradorDeHechizos.wlk","timeElapsed":489,"timestamp":"2025-07-03T18:54:26.415Z"}
{"level":"error","message":"✘ Failed to rebuild document Failed to parse administradorDeHechizos.wlk: \n-- PARSING FAILED --------------------------------------------------\n\n  36 |         game.onCollideDo(hechizo.colisionExtra(), { enemigo =>\n  37 |             if (enemigo.estaVivo()) \n> 38 |         })\n     |         ^\n  39 |     }\n  40 | \n\nExpected one of the following: \n\n'@', 'class', 'const', 'describe', 'mixin', 'object', 'only', 'package', 'program', 'test', 'var', '{', EOF, comment, not \"}\", whitespace\n","stack":"Error: Failed to parse administradorDeHechizos.wlk: \n-- PARSING FAILED --------------------------------------------------\n\n  36 |         game.onCollideDo(hechizo.colisionExtra(), { enemigo =>\n  37 |             if (enemigo.estaVivo()) \n> 38 |         })\n     |         ^\n  39 |     }\n  40 | \n\nExpected one of the following: \n\n'@', 'class', 'const', 'describe', 'mixin', 'object', 'only', 'package', 'program', 'test', 'var', '{', EOF, comment, not \"}\", whitespace\n\n    at c:\\Users\\LUZ RAMIREZ\\.vscode\\extensions\\uqbar.wollok-lsp-ide-0.5.2\\out\\server\\src\\server.js:2326:13026\n    at Array.map (<anonymous>)\n    at D1n (c:\\Users\\LUZ RAMIREZ\\.vscode\\extensions\\uqbar.wollok-lsp-ide-0.5.2\\out\\server\\src\\server.js:2326:12950)\n    at W2.buildEnvironmentFrom (c:\\Users\\LUZ RAMIREZ\\.vscode\\extensions\\uqbar.wollok-lsp-ide-0.5.2\\out\\server\\src\\server.js:2371:5254)\n    at W2.updateEnvironmentWith (c:\\Users\\LUZ RAMIREZ\\.vscode\\extensions\\uqbar.wollok-lsp-ide-0.5.2\\out\\server\\src\\server.js:2371:4989)\n    at GF (c:\\Users\\LUZ RAMIREZ\\.vscode\\extensions\\uqbar.wollok-lsp-ide-0.5.2\\out\\server\\src\\server.js:2371:7383)\n    at L3.invoke (c:\\Users\\LUZ RAMIREZ\\.vscode\\extensions\\uqbar.wollok-lsp-ide-0.5.2\\out\\server\\src\\server.js:3:157326)\n    at o.fire (c:\\Users\\LUZ RAMIREZ\\.vscode\\extensions\\uqbar.wollok-lsp-ide-0.5.2\\out\\server\\src\\server.js:3:158096)\n    at c:\\Users\\LUZ RAMIREZ\\.vscode\\extensions\\uqbar.wollok-lsp-ide-0.5.2\\out\\server\\src\\server.js:37:57871\n    at Kr (c:\\Users\\LUZ RAMIREZ\\.vscode\\extensions\\uqbar.wollok-lsp-ide-0.5.2\\out\\server\\src\\server.js:8:1561)","timestamp":"2025-07-03T18:54:26.679Z"}
{"level":"error","message":"✘ Failed to rebuild document Failed to parse administradorDeHechizos.wlk: \n-- PARSING FAILED --------------------------------------------------\n\n  36 |         game.onCollideDo(hechizo.colisionExtra(), { enemigo =>\n  37 |             if (enemigo.estaVivo()) \n> 38 |         })\n     |         ^\n  39 |     }\n  40 | \n\nExpected one of the following: \n\n'@', 'class', 'const', 'describe', 'mixin', 'object', 'only', 'package', 'program', 'test', 'var', '{', EOF, comment, not \"}\", whitespace\n","stack":"Error: Failed to parse administradorDeHechizos.wlk: \n-- PARSING FAILED --------------------------------------------------\n\n  36 |         game.onCollideDo(hechizo.colisionExtra(), { enemigo =>\n  37 |             if (enemigo.estaVivo()) \n> 38 |         })\n     |         ^\n  39 |     }\n  40 | \n\nExpected one of the following: \n\n'@', 'class', 'const', 'describe', 'mixin', 'object', 'only', 'package', 'program', 'test', 'var', '{', EOF, comment, not \"}\", whitespace\n\n    at c:\\Users\\LUZ RAMIREZ\\.vscode\\extensions\\uqbar.wollok-lsp-ide-0.5.2\\out\\server\\src\\server.js:2326:13026\n    at Array.map (<anonymous>)\n    at D1n (c:\\Users\\LUZ RAMIREZ\\.vscode\\extensions\\uqbar.wollok-lsp-ide-0.5.2\\out\\server\\src\\server.js:2326:12950)\n    at W2.buildEnvironmentFrom (c:\\Users\\LUZ RAMIREZ\\.vscode\\extensions\\uqbar.wollok-lsp-ide-0.5.2\\out\\server\\src\\server.js:2371:5254)\n    at W2.updateEnvironmentWith (c:\\Users\\LUZ RAMIREZ\\.vscode\\extensions\\uqbar.wollok-lsp-ide-0.5.2\\out\\server\\src\\server.js:2371:4989)\n    at GF (c:\\Users\\LUZ RAMIREZ\\.vscode\\extensions\\uqbar.wollok-lsp-ide-0.5.2\\out\\server\\src\\server.js:2371:7383)\n    at L3.invoke (c:\\Users\\LUZ RAMIREZ\\.vscode\\extensions\\uqbar.wollok-lsp-ide-0.5.2\\out\\server\\src\\server.js:3:157326)\n    at o.fire (c:\\Users\\LUZ RAMIREZ\\.vscode\\extensions\\uqbar.wollok-lsp-ide-0.5.2\\out\\server\\src\\server.js:3:158096)\n    at c:\\Users\\LUZ RAMIREZ\\.vscode\\extensions\\uqbar.wollok-lsp-ide-0.5.2\\out\\server\\src\\server.js:37:57871\n    at Kr (c:\\Users\\LUZ RAMIREZ\\.vscode\\extensions\\uqbar.wollok-lsp-ide-0.5.2\\out\\server\\src\\server.js:8:1561)","timestamp":"2025-07-03T18:54:26.778Z"}
{"level":"info","message":"⌛ Building environment","timeElapsed":457,"timestamp":"2025-07-03T18:54:27.236Z"}
{"level":"info","message":"⌛ Building environment","timeElapsed":463,"timestamp":"2025-07-03T18:54:27.702Z"}
{"level":"info","message":"⌛ Building environment","timeElapsed":301,"timestamp":"2025-07-03T18:54:28.005Z"}
{"level":"info","message":"⌛ Building environment","timeElapsed":303,"timestamp":"2025-07-03T18:54:28.314Z"}
{"level":"info","message":"⌛ Building environment","timeElapsed":635,"timestamp":"2025-07-03T18:54:29.020Z"}
{"level":"info","message":"⌛ Building environment","timeElapsed":369,"timestamp":"2025-07-03T18:54:29.398Z"}
{"level":"info","message":"⌛ Building environment","timeElapsed":298,"timestamp":"2025-07-03T18:54:29.716Z"}
{"level":"info","message":"⌛ Building environment","timeElapsed":296,"timestamp":"2025-07-03T18:54:30.015Z"}
{"level":"info","message":"⌛ Validating administradorDeHechizos.wlk","timeElapsed":436,"timestamp":"2025-07-03T18:54:30.454Z"}
{"level":"info","message":"⌛ Validating administradorDeHechizos.wlk","timeElapsed":381,"timestamp":"2025-07-03T18:54:30.851Z"}
{"level":"info","message":"⌛ Validating administradorDeHechizos.wlk","timeElapsed":352,"timestamp":"2025-07-03T18:54:31.204Z"}
{"level":"info","message":"⌛ Validating administradorDeHechizos.wlk","timeElapsed":335,"timestamp":"2025-07-03T18:54:31.541Z"}
{"level":"info","message":"⌛ Validating administradorDeHechizos.wlk","timeElapsed":352,"timestamp":"2025-07-03T18:54:31.900Z"}
{"level":"info","message":"⌛ Validating administradorDeHechizos.wlk","timeElapsed":328,"timestamp":"2025-07-03T18:54:32.248Z"}
{"level":"info","message":"⌛ Validating administradorDeHechizos.wlk","timeElapsed":329,"timestamp":"2025-07-03T18:54:32.578Z"}
{"level":"info","message":"⌛ Validating administradorDeHechizos.wlk","timeElapsed":380,"timestamp":"2025-07-03T18:54:32.964Z"}
{"level":"info","message":"⌛ Building environment","timeElapsed":343,"timestamp":"2025-07-03T18:54:39.978Z"}
{"level":"info","message":"⌛ Validating administradorDeHechizos.wlk","timeElapsed":409,"timestamp":"2025-07-03T18:54:40.470Z"}
{"level":"info","message":"⌛ Building environment","timeElapsed":394,"timestamp":"2025-07-03T18:54:42.876Z"}
{"level":"info","message":"⌛ Building environment","timeElapsed":348,"timestamp":"2025-07-03T18:54:43.250Z"}
{"level":"info","message":"⌛ Validating administradorDeHechizos.wlk","timeElapsed":520,"timestamp":"2025-07-03T18:54:43.840Z"}
{"level":"info","message":"⌛ Building environment","timeElapsed":682,"timestamp":"2025-07-03T18:54:44.535Z"}
{"level":"info","message":"⌛ Building environment","timeElapsed":318,"timestamp":"2025-07-03T18:54:44.910Z"}
{"level":"info","message":"⌛ Validating administradorDeHechizos.wlk","timeElapsed":381,"timestamp":"2025-07-03T18:54:45.292Z"}
{"level":"info","message":"⌛ Validating administradorDeHechizos.wlk","timeElapsed":349,"timestamp":"2025-07-03T18:54:45.669Z"}
{"level":"info","message":"⌛ Validating administradorDeHechizos.wlk","timeElapsed":407,"timestamp":"2025-07-03T18:54:46.077Z"}
{"level":"info","message":"⌛ Building environment","timeElapsed":311,"timestamp":"2025-07-03T18:54:46.401Z"}
{"level":"info","message":"⌛ Validating administradorDeHechizos.wlk","timeElapsed":349,"timestamp":"2025-07-03T18:54:46.776Z"}
{"level":"info","message":"⌛ Building environment","timeElapsed":350,"timestamp":"2025-07-03T18:55:00.082Z"}
{"level":"info","message":"⌛ Building environment","timeElapsed":406,"timestamp":"2025-07-03T18:55:00.498Z"}
{"level":"info","message":"⌛ Validating administradorDeHechizos.wlk","timeElapsed":404,"timestamp":"2025-07-03T18:55:00.903Z"}
{"level":"info","message":"⌛ Building environment","timeElapsed":349,"timestamp":"2025-07-03T18:55:01.270Z"}
{"level":"info","message":"⌛ Validating administradorDeHechizos.wlk","timeElapsed":462,"timestamp":"2025-07-03T18:55:01.741Z"}
{"level":"info","message":"⌛ Validating administradorDeHechizos.wlk","timeElapsed":437,"timestamp":"2025-07-03T18:55:02.341Z"}
{"level":"info","message":"⌛ Building environment","timeElapsed":498,"timestamp":"2025-07-03T18:55:03.461Z"}
{"level":"info","message":"⌛ Validating administradorDeHechizos.wlk","timeElapsed":346,"timestamp":"2025-07-03T18:55:03.835Z"}
{"level":"info","message":"⌛ Building environment","timeElapsed":719,"timestamp":"2025-07-03T18:55:37.493Z"}
{"level":"info","message":"⌛ Validating main.wpgm","timeElapsed":650,"timestamp":"2025-07-03T18:55:38.304Z"}
{"level":"info","message":"🚀 Program executed \u001b[3m\u001b[34mmain.ArcaneBastion\u001b[39m\u001b[23m on \u001b[3m\u001b[34mc:\\Users\\LUZ RAMIREZ\\Documents\\TPGameIntegrador-wollokers-group\u001b[39m\u001b[23m","ok":true,"timeElapsed":2985,"timestamp":"2025-07-03T18:56:06.992Z"}
{"exitCode":"SIGHUP","level":"info","message":"👾 Game executed main.ArcaneBastion on c:\\Users\\LUZ RAMIREZ\\Documents\\TPGameIntegrador-wollokers-group","timeElapsed":56247,"timestamp":"2025-07-03T18:57:00.250Z"}
{"level":"info","message":"🚀 Program executed \u001b[3m\u001b[34mmain.ArcaneBastion\u001b[39m\u001b[23m on \u001b[3m\u001b[34mc:\\Users\\LUZ RAMIREZ\\Documents\\TPGameIntegrador-wollokers-group\u001b[39m\u001b[23m","ok":true,"timeElapsed":2548,"timestamp":"2025-07-03T18:57:12.780Z"}
{"level":"info","message":"⌛ Building environment","timeElapsed":710,"timestamp":"2025-07-03T18:59:08.995Z"}
{"level":"info","message":"⌛ Validating enemigos.wlk","timeElapsed":542,"timestamp":"2025-07-03T18:59:09.688Z"}
{"level":"info","message":"⌛ Validating mago.wlk","timeElapsed":489,"timestamp":"2025-07-03T18:59:10.179Z"}
{"level":"info","message":"⌛ Validating administradorDeHechizos.wlk","timeElapsed":370,"timestamp":"2025-07-03T18:59:10.562Z"}
{"level":"info","message":"⌛ Validating main.wpgm","timeElapsed":928,"timestamp":"2025-07-03T18:59:11.491Z"}
{"level":"info","message":"⌛ Building environment","timeElapsed":823,"timestamp":"2025-07-03T18:59:15.045Z"}
{"level":"info","message":"⌛ Validating bastion.wlk","timeElapsed":1081,"timestamp":"2025-07-03T18:59:16.511Z"}
{"level":"info","message":"⌛ Building environment","timeElapsed":532,"timestamp":"2025-07-03T18:59:17.061Z"}
{"level":"info","message":"⌛ Validating main.wpgm","timeElapsed":578,"timestamp":"2025-07-03T18:59:17.963Z"}
{"exitCode":"SIGHUP","level":"info","message":"👾 Game executed main.ArcaneBastion on c:\\Users\\LUZ RAMIREZ\\Documents\\TPGameIntegrador-wollokers-group","timeElapsed":130476,"timestamp":"2025-07-03T18:59:20.712Z"}
{"level":"info","message":"🚀 Program executed \u001b[3m\u001b[34mmain.ArcaneBastion\u001b[39m\u001b[23m on \u001b[3m\u001b[34mc:\\Users\\LUZ RAMIREZ\\Documents\\TPGameIntegrador-wollokers-group\u001b[39m\u001b[23m","ok":true,"timeElapsed":2362,"timestamp":"2025-07-03T18:59:34.142Z"}
{"exitCode":"SIGHUP","level":"info","message":"👾 Game executed main.ArcaneBastion on c:\\Users\\LUZ RAMIREZ\\Documents\\TPGameIntegrador-wollokers-group","timeElapsed":231601,"timestamp":"2025-07-03T19:03:23.389Z"}
{"level":"info","message":"⌛ Building environment","timeElapsed":1368,"timestamp":"2025-07-03T19:20:08.535Z"}
{"level":"info","message":"⌛ Validating arcaneBastion.wlk","timeElapsed":733,"timestamp":"2025-07-03T19:20:09.514Z"}
{"level":"info","message":"⌛ Building environment","timeElapsed":712,"timestamp":"2025-07-03T19:20:17.597Z"}
{"level":"info","message":"⌛ Validating bastion.wlk","timeElapsed":543,"timestamp":"2025-07-03T19:20:18.514Z"}
{"level":"info","message":"⌛ Building environment","timeElapsed":642,"timestamp":"2025-07-03T19:20:21.162Z"}
{"level":"info","message":"⌛ Validating administradorDeOleadas.wlk","timeElapsed":569,"timestamp":"2025-07-03T19:20:21.880Z"}
{"level":"info","message":"⌛ Building environment","timeElapsed":555,"timestamp":"2025-07-03T19:26:07.025Z"}
{"level":"info","message":"⌛ Validating enemigos.wlk","timeElapsed":448,"timestamp":"2025-07-03T19:26:07.616Z"}
{"level":"info","message":"⌛ Building environment","timeElapsed":498,"timestamp":"2025-07-03T19:26:10.874Z"}
{"level":"info","message":"⌛ Autocomplete - Class","timeElapsed":453,"timestamp":"2025-07-03T19:26:11.486Z"}
{"level":"info","message":"⌛ Building environment","timeElapsed":652,"timestamp":"2025-07-03T19:26:12.174Z"}
{"level":"error","message":"✘ Failed to rebuild document Failed to parse enemigos.wlk: \n-- PARSING FAILED --------------------------------------------------\n\n  12 |     var\n  13 | \n> 14 |     // Frames para animación\n     |     ^\n  15 |     override method frames() = tipo.frames()\n  16 |     method colisionConDefensa() {\n\nExpected one of the following: \n\n'property', identifier, whitespace\n","stack":"Error: Failed to parse enemigos.wlk: \n-- PARSING FAILED --------------------------------------------------\n\n  12 |     var\n  13 | \n> 14 |     // Frames para animación\n     |     ^\n  15 |     override method frames() = tipo.frames()\n  16 |     method colisionConDefensa() {\n\nExpected one of the following: \n\n'property', identifier, whitespace\n\n    at c:\\Users\\LUZ RAMIREZ\\.vscode\\extensions\\uqbar.wollok-lsp-ide-0.5.2\\out\\server\\src\\server.js:2326:13026\n    at Array.map (<anonymous>)\n    at D1n (c:\\Users\\LUZ RAMIREZ\\.vscode\\extensions\\uqbar.wollok-lsp-ide-0.5.2\\out\\server\\src\\server.js:2326:12950)\n    at W2.buildEnvironmentFrom (c:\\Users\\LUZ RAMIREZ\\.vscode\\extensions\\uqbar.wollok-lsp-ide-0.5.2\\out\\server\\src\\server.js:2371:5254)\n    at W2.updateEnvironmentWith (c:\\Users\\LUZ RAMIREZ\\.vscode\\extensions\\uqbar.wollok-lsp-ide-0.5.2\\out\\server\\src\\server.js:2371:4989)\n    at GF (c:\\Users\\LUZ RAMIREZ\\.vscode\\extensions\\uqbar.wollok-lsp-ide-0.5.2\\out\\server\\src\\server.js:2371:7383)\n    at L3.invoke (c:\\Users\\LUZ RAMIREZ\\.vscode\\extensions\\uqbar.wollok-lsp-ide-0.5.2\\out\\server\\src\\server.js:3:157326)\n    at o.fire (c:\\Users\\LUZ RAMIREZ\\.vscode\\extensions\\uqbar.wollok-lsp-ide-0.5.2\\out\\server\\src\\server.js:3:158096)\n    at c:\\Users\\LUZ RAMIREZ\\.vscode\\extensions\\uqbar.wollok-lsp-ide-0.5.2\\out\\server\\src\\server.js:37:57871\n    at Kr (c:\\Users\\LUZ RAMIREZ\\.vscode\\extensions\\uqbar.wollok-lsp-ide-0.5.2\\out\\server\\src\\server.js:8:1561)","timestamp":"2025-07-03T19:26:12.196Z"}
{"level":"error","message":"✘ Failed to rebuild document Failed to parse enemigos.wlk: \n-- PARSING FAILED --------------------------------------------------\n\n  12 |     var \n  13 | \n> 14 |     // Frames para animación\n     |     ^\n  15 |     override method frames() = tipo.frames()\n  16 |     method colisionConDefensa() {\n\nExpected one of the following: \n\n'property', identifier, whitespace\n","stack":"Error: Failed to parse enemigos.wlk: \n-- PARSING FAILED --------------------------------------------------\n\n  12 |     var \n  13 | \n> 14 |     // Frames para animación\n     |     ^\n  15 |     override method frames() = tipo.frames()\n  16 |     method colisionConDefensa() {\n\nExpected one of the following: \n\n'property', identifier, whitespace\n\n    at c:\\Users\\LUZ RAMIREZ\\.vscode\\extensions\\uqbar.wollok-lsp-ide-0.5.2\\out\\server\\src\\server.js:2326:13026\n    at Array.map (<anonymous>)\n    at D1n (c:\\Users\\LUZ RAMIREZ\\.vscode\\extensions\\uqbar.wollok-lsp-ide-0.5.2\\out\\server\\src\\server.js:2326:12950)\n    at W2.buildEnvironmentFrom (c:\\Users\\LUZ RAMIREZ\\.vscode\\extensions\\uqbar.wollok-lsp-ide-0.5.2\\out\\server\\src\\server.js:2371:5254)\n    at W2.updateEnvironmentWith (c:\\Users\\LUZ RAMIREZ\\.vscode\\extensions\\uqbar.wollok-lsp-ide-0.5.2\\out\\server\\src\\server.js:2371:4989)\n    at GF (c:\\Users\\LUZ RAMIREZ\\.vscode\\extensions\\uqbar.wollok-lsp-ide-0.5.2\\out\\server\\src\\server.js:2371:7383)\n    at L3.invoke (c:\\Users\\LUZ RAMIREZ\\.vscode\\extensions\\uqbar.wollok-lsp-ide-0.5.2\\out\\server\\src\\server.js:3:157326)\n    at o.fire (c:\\Users\\LUZ RAMIREZ\\.vscode\\extensions\\uqbar.wollok-lsp-ide-0.5.2\\out\\server\\src\\server.js:3:158096)\n    at c:\\Users\\LUZ RAMIREZ\\.vscode\\extensions\\uqbar.wollok-lsp-ide-0.5.2\\out\\server\\src\\server.js:37:57871\n    at Kr (c:\\Users\\LUZ RAMIREZ\\.vscode\\extensions\\uqbar.wollok-lsp-ide-0.5.2\\out\\server\\src\\server.js:8:1561)","timestamp":"2025-07-03T19:26:12.222Z"}
{"level":"info","message":"⌛ Validating enemigos.wlk","timeElapsed":490,"timestamp":"2025-07-03T19:26:12.803Z"}
{"level":"info","message":"⌛ Building environment","timeElapsed":535,"timestamp":"2025-07-03T19:26:13.340Z"}
{"level":"info","message":"⌛ Building environment","timeElapsed":313,"timestamp":"2025-07-03T19:26:13.687Z"}
{"level":"info","message":"⌛ Building environment","timeElapsed":392,"timestamp":"2025-07-03T19:26:14.080Z"}
{"level":"info","message":"⌛ Building environment","timeElapsed":309,"timestamp":"2025-07-03T19:26:14.397Z"}
{"level":"info","message":"⌛ Building environment","timeElapsed":567,"timestamp":"2025-07-03T19:26:14.996Z"}
{"level":"info","message":"⌛ Building environment","timeElapsed":500,"timestamp":"2025-07-03T19:26:15.504Z"}
{"level":"info","message":"⌛ Building environment","timeElapsed":447,"timestamp":"2025-07-03T19:26:15.957Z"}
{"level":"info","message":"⌛ Validating enemigos.wlk","timeElapsed":567,"timestamp":"2025-07-03T19:26:16.605Z"}
{"level":"error","message":"✘ Failed to rebuild document Failed to parse enemigos.wlk: \n-- PARSING FAILED --------------------------------------------------\n\n  12 |     var property\n  13 | \n> 14 |     // Frames para animación\n     |     ^\n  15 |     override method frames() = tipo.frames()\n  16 |     method colisionConDefensa() {\n\nExpected one of the following: \n\nidentifier, whitespace\n","stack":"Error: Failed to parse enemigos.wlk: \n-- PARSING FAILED --------------------------------------------------\n\n  12 |     var property\n  13 | \n> 14 |     // Frames para animación\n     |     ^\n  15 |     override method frames() = tipo.frames()\n  16 |     method colisionConDefensa() {\n\nExpected one of the following: \n\nidentifier, whitespace\n\n    at c:\\Users\\LUZ RAMIREZ\\.vscode\\extensions\\uqbar.wollok-lsp-ide-0.5.2\\out\\server\\src\\server.js:2326:13026\n    at Array.map (<anonymous>)\n    at D1n (c:\\Users\\LUZ RAMIREZ\\.vscode\\extensions\\uqbar.wollok-lsp-ide-0.5.2\\out\\server\\src\\server.js:2326:12950)\n    at W2.buildEnvironmentFrom (c:\\Users\\LUZ RAMIREZ\\.vscode\\extensions\\uqbar.wollok-lsp-ide-0.5.2\\out\\server\\src\\server.js:2371:5254)\n    at W2.updateEnvironmentWith (c:\\Users\\LUZ RAMIREZ\\.vscode\\extensions\\uqbar.wollok-lsp-ide-0.5.2\\out\\server\\src\\server.js:2371:4989)\n    at GF (c:\\Users\\LUZ RAMIREZ\\.vscode\\extensions\\uqbar.wollok-lsp-ide-0.5.2\\out\\server\\src\\server.js:2371:7383)\n    at L3.invoke (c:\\Users\\LUZ RAMIREZ\\.vscode\\extensions\\uqbar.wollok-lsp-ide-0.5.2\\out\\server\\src\\server.js:3:157326)\n    at o.fire (c:\\Users\\LUZ RAMIREZ\\.vscode\\extensions\\uqbar.wollok-lsp-ide-0.5.2\\out\\server\\src\\server.js:3:158096)\n    at c:\\Users\\LUZ RAMIREZ\\.vscode\\extensions\\uqbar.wollok-lsp-ide-0.5.2\\out\\server\\src\\server.js:37:57871\n    at Kr (c:\\Users\\LUZ RAMIREZ\\.vscode\\extensions\\uqbar.wollok-lsp-ide-0.5.2\\out\\server\\src\\server.js:8:1561)","timestamp":"2025-07-03T19:26:16.622Z"}
{"level":"error","message":"✘ Failed to rebuild document Failed to parse enemigos.wlk: \n-- PARSING FAILED --------------------------------------------------\n\n  12 |     var property \n  13 | \n> 14 |     // Frames para animación\n     |     ^\n  15 |     override method frames() = tipo.frames()\n  16 |     method colisionConDefensa() {\n\nExpected one of the following: \n\nidentifier, whitespace\n","stack":"Error: Failed to parse enemigos.wlk: \n-- PARSING FAILED --------------------------------------------------\n\n  12 |     var property \n  13 | \n> 14 |     // Frames para animación\n     |     ^\n  15 |     override method frames() = tipo.frames()\n  16 |     method colisionConDefensa() {\n\nExpected one of the following: \n\nidentifier, whitespace\n\n    at c:\\Users\\LUZ RAMIREZ\\.vscode\\extensions\\uqbar.wollok-lsp-ide-0.5.2\\out\\server\\src\\server.js:2326:13026\n    at Array.map (<anonymous>)\n    at D1n (c:\\Users\\LUZ RAMIREZ\\.vscode\\extensions\\uqbar.wollok-lsp-ide-0.5.2\\out\\server\\src\\server.js:2326:12950)\n    at W2.buildEnvironmentFrom (c:\\Users\\LUZ RAMIREZ\\.vscode\\extensions\\uqbar.wollok-lsp-ide-0.5.2\\out\\server\\src\\server.js:2371:5254)\n    at W2.updateEnvironmentWith (c:\\Users\\LUZ RAMIREZ\\.vscode\\extensions\\uqbar.wollok-lsp-ide-0.5.2\\out\\server\\src\\server.js:2371:4989)\n    at GF (c:\\Users\\LUZ RAMIREZ\\.vscode\\extensions\\uqbar.wollok-lsp-ide-0.5.2\\out\\server\\src\\server.js:2371:7383)\n    at L3.invoke (c:\\Users\\LUZ RAMIREZ\\.vscode\\extensions\\uqbar.wollok-lsp-ide-0.5.2\\out\\server\\src\\server.js:3:157326)\n    at o.fire (c:\\Users\\LUZ RAMIREZ\\.vscode\\extensions\\uqbar.wollok-lsp-ide-0.5.2\\out\\server\\src\\server.js:3:158096)\n    at c:\\Users\\LUZ RAMIREZ\\.vscode\\extensions\\uqbar.wollok-lsp-ide-0.5.2\\out\\server\\src\\server.js:37:57871\n    at Kr (c:\\Users\\LUZ RAMIREZ\\.vscode\\extensions\\uqbar.wollok-lsp-ide-0.5.2\\out\\server\\src\\server.js:8:1561)","timestamp":"2025-07-03T19:26:16.737Z"}
{"level":"info","message":"⌛ Validating enemigos.wlk","timeElapsed":359,"timestamp":"2025-07-03T19:26:17.140Z"}
{"level":"info","message":"⌛ Validating enemigos.wlk","timeElapsed":383,"timestamp":"2025-07-03T19:26:17.529Z"}
{"level":"info","message":"⌛ Validating enemigos.wlk","timeElapsed":468,"timestamp":"2025-07-03T19:26:17.998Z"}
{"level":"info","message":"⌛ Validating enemigos.wlk","timeElapsed":543,"timestamp":"2025-07-03T19:26:18.594Z"}
{"level":"info","message":"⌛ Validating enemigos.wlk","timeElapsed":473,"timestamp":"2025-07-03T19:26:19.068Z"}
{"level":"info","message":"⌛ Validating enemigos.wlk","timeElapsed":433,"timestamp":"2025-07-03T19:26:19.522Z"}
{"level":"info","message":"⌛ Validating enemigos.wlk","timeElapsed":431,"timestamp":"2025-07-03T19:26:19.959Z"}
{"level":"info","message":"⌛ Building environment","timeElapsed":703,"timestamp":"2025-07-03T19:26:20.674Z"}
{"level":"info","message":"⌛ Autocomplete - Field","timeElapsed":197,"timestamp":"2025-07-03T19:26:20.916Z"}
{"level":"info","message":"⌛ Building environment","timeElapsed":424,"timestamp":"2025-07-03T19:26:21.341Z"}
{"level":"info","message":"⌛ Building environment","timeElapsed":617,"timestamp":"2025-07-03T19:26:21.962Z"}
{"level":"info","message":"⌛ Building environment","timeElapsed":574,"timestamp":"2025-07-03T19:26:22.591Z"}
{"level":"info","message":"⌛ Building environment","timeElapsed":597,"timestamp":"2025-07-03T19:26:23.192Z"}
{"level":"info","message":"⌛ Building environment","timeElapsed":700,"timestamp":"2025-07-03T19:26:23.980Z"}
{"level":"info","message":"⌛ Building environment","timeElapsed":482,"timestamp":"2025-07-03T19:26:24.463Z"}
{"level":"info","message":"⌛ Building environment","timeElapsed":391,"timestamp":"2025-07-03T19:26:24.923Z"}
{"level":"info","message":"⌛ Building environment","timeElapsed":432,"timestamp":"2025-07-03T19:26:25.361Z"}
{"level":"info","message":"⌛ Building environment","timeElapsed":302,"timestamp":"2025-07-03T19:26:25.675Z"}
{"level":"info","message":"⌛ Building environment","timeElapsed":513,"timestamp":"2025-07-03T19:26:26.190Z"}
{"level":"error","message":"✘ Failed to rebuild document Failed to parse enemigos.wlk: \n-- PARSING FAILED --------------------------------------------------\n\n  12 |     var property \n  13 | \n> 14 |     // Frames para animación\n     |     ^\n  15 |     override method frames() = tipo.frames()\n  16 |     method colisionConDefensa() {\n\nExpected one of the following: \n\nidentifier, whitespace\n","stack":"Error: Failed to parse enemigos.wlk: \n-- PARSING FAILED --------------------------------------------------\n\n  12 |     var property \n  13 | \n> 14 |     // Frames para animación\n     |     ^\n  15 |     override method frames() = tipo.frames()\n  16 |     method colisionConDefensa() {\n\nExpected one of the following: \n\nidentifier, whitespace\n\n    at c:\\Users\\LUZ RAMIREZ\\.vscode\\extensions\\uqbar.wollok-lsp-ide-0.5.2\\out\\server\\src\\server.js:2326:13026\n    at Array.map (<anonymous>)\n    at D1n (c:\\Users\\LUZ RAMIREZ\\.vscode\\extensions\\uqbar.wollok-lsp-ide-0.5.2\\out\\server\\src\\server.js:2326:12950)\n    at W2.buildEnvironmentFrom (c:\\Users\\LUZ RAMIREZ\\.vscode\\extensions\\uqbar.wollok-lsp-ide-0.5.2\\out\\server\\src\\server.js:2371:5254)\n    at W2.updateEnvironmentWith (c:\\Users\\LUZ RAMIREZ\\.vscode\\extensions\\uqbar.wollok-lsp-ide-0.5.2\\out\\server\\src\\server.js:2371:4989)\n    at GF (c:\\Users\\LUZ RAMIREZ\\.vscode\\extensions\\uqbar.wollok-lsp-ide-0.5.2\\out\\server\\src\\server.js:2371:7383)\n    at L3.invoke (c:\\Users\\LUZ RAMIREZ\\.vscode\\extensions\\uqbar.wollok-lsp-ide-0.5.2\\out\\server\\src\\server.js:3:157326)\n    at o.fire (c:\\Users\\LUZ RAMIREZ\\.vscode\\extensions\\uqbar.wollok-lsp-ide-0.5.2\\out\\server\\src\\server.js:3:158096)\n    at c:\\Users\\LUZ RAMIREZ\\.vscode\\extensions\\uqbar.wollok-lsp-ide-0.5.2\\out\\server\\src\\server.js:37:57871\n    at Kr (c:\\Users\\LUZ RAMIREZ\\.vscode\\extensions\\uqbar.wollok-lsp-ide-0.5.2\\out\\server\\src\\server.js:8:1561)","timestamp":"2025-07-03T19:26:26.359Z"}
{"level":"error","message":"✘ Failed to rebuild document Failed to parse enemigos.wlk: \n-- PARSING FAILED --------------------------------------------------\n\n  12 |     var property\n  13 | \n> 14 |     // Frames para animación\n     |     ^\n  15 |     override method frames() = tipo.frames()\n  16 |     method colisionConDefensa() {\n\nExpected one of the following: \n\nidentifier, whitespace\n","stack":"Error: Failed to parse enemigos.wlk: \n-- PARSING FAILED --------------------------------------------------\n\n  12 |     var property\n  13 | \n> 14 |     // Frames para animación\n     |     ^\n  15 |     override method frames() = tipo.frames()\n  16 |     method colisionConDefensa() {\n\nExpected one of the following: \n\nidentifier, whitespace\n\n    at c:\\Users\\LUZ RAMIREZ\\.vscode\\extensions\\uqbar.wollok-lsp-ide-0.5.2\\out\\server\\src\\server.js:2326:13026\n    at Array.map (<anonymous>)\n    at D1n (c:\\Users\\LUZ RAMIREZ\\.vscode\\extensions\\uqbar.wollok-lsp-ide-0.5.2\\out\\server\\src\\server.js:2326:12950)\n    at W2.buildEnvironmentFrom (c:\\Users\\LUZ RAMIREZ\\.vscode\\extensions\\uqbar.wollok-lsp-ide-0.5.2\\out\\server\\src\\server.js:2371:5254)\n    at W2.updateEnvironmentWith (c:\\Users\\LUZ RAMIREZ\\.vscode\\extensions\\uqbar.wollok-lsp-ide-0.5.2\\out\\server\\src\\server.js:2371:4989)\n    at GF (c:\\Users\\LUZ RAMIREZ\\.vscode\\extensions\\uqbar.wollok-lsp-ide-0.5.2\\out\\server\\src\\server.js:2371:7383)\n    at L3.invoke (c:\\Users\\LUZ RAMIREZ\\.vscode\\extensions\\uqbar.wollok-lsp-ide-0.5.2\\out\\server\\src\\server.js:3:157326)\n    at o.fire (c:\\Users\\LUZ RAMIREZ\\.vscode\\extensions\\uqbar.wollok-lsp-ide-0.5.2\\out\\server\\src\\server.js:3:158096)\n    at c:\\Users\\LUZ RAMIREZ\\.vscode\\extensions\\uqbar.wollok-lsp-ide-0.5.2\\out\\server\\src\\server.js:37:57871\n    at Kr (c:\\Users\\LUZ RAMIREZ\\.vscode\\extensions\\uqbar.wollok-lsp-ide-0.5.2\\out\\server\\src\\server.js:8:1561)","timestamp":"2025-07-03T19:26:26.378Z"}
{"level":"info","message":"⌛ Building environment","timeElapsed":480,"timestamp":"2025-07-03T19:26:26.860Z"}
{"level":"info","message":"⌛ Building environment","timeElapsed":379,"timestamp":"2025-07-03T19:26:27.256Z"}
{"level":"info","message":"⌛ Building environment","timeElapsed":849,"timestamp":"2025-07-03T19:26:28.108Z"}
{"level":"info","message":"⌛ Building environment","timeElapsed":347,"timestamp":"2025-07-03T19:26:28.460Z"}
{"level":"info","message":"⌛ Building environment","timeElapsed":295,"timestamp":"2025-07-03T19:26:28.807Z"}
{"level":"info","message":"⌛ Building environment","timeElapsed":334,"timestamp":"2025-07-03T19:26:29.143Z"}
{"level":"info","message":"⌛ Validating enemigos.wlk","timeElapsed":392,"timestamp":"2025-07-03T19:26:29.536Z"}
{"level":"info","message":"⌛ Building environment","timeElapsed":1198,"timestamp":"2025-07-03T19:26:30.811Z"}
{"level":"error","message":"✘ Failed to rebuild document Failed to parse enemigos.wlk: \n-- PARSING FAILED --------------------------------------------------\n\n  12 |     var \n  13 | \n> 14 |     // Frames para animación\n     |     ^\n  15 |     override method frames() = tipo.frames()\n  16 |     method colisionConDefensa() {\n\nExpected one of the following: \n\n'property', identifier, whitespace\n","stack":"Error: Failed to parse enemigos.wlk: \n-- PARSING FAILED --------------------------------------------------\n\n  12 |     var \n  13 | \n> 14 |     // Frames para animación\n     |     ^\n  15 |     override method frames() = tipo.frames()\n  16 |     method colisionConDefensa() {\n\nExpected one of the following: \n\n'property', identifier, whitespace\n\n    at c:\\Users\\LUZ RAMIREZ\\.vscode\\extensions\\uqbar.wollok-lsp-ide-0.5.2\\out\\server\\src\\server.js:2326:13026\n    at Array.map (<anonymous>)\n    at D1n (c:\\Users\\LUZ RAMIREZ\\.vscode\\extensions\\uqbar.wollok-lsp-ide-0.5.2\\out\\server\\src\\server.js:2326:12950)\n    at W2.buildEnvironmentFrom (c:\\Users\\LUZ RAMIREZ\\.vscode\\extensions\\uqbar.wollok-lsp-ide-0.5.2\\out\\server\\src\\server.js:2371:5254)\n    at W2.updateEnvironmentWith (c:\\Users\\LUZ RAMIREZ\\.vscode\\extensions\\uqbar.wollok-lsp-ide-0.5.2\\out\\server\\src\\server.js:2371:4989)\n    at GF (c:\\Users\\LUZ RAMIREZ\\.vscode\\extensions\\uqbar.wollok-lsp-ide-0.5.2\\out\\server\\src\\server.js:2371:7383)\n    at L3.invoke (c:\\Users\\LUZ RAMIREZ\\.vscode\\extensions\\uqbar.wollok-lsp-ide-0.5.2\\out\\server\\src\\server.js:3:157326)\n    at o.fire (c:\\Users\\LUZ RAMIREZ\\.vscode\\extensions\\uqbar.wollok-lsp-ide-0.5.2\\out\\server\\src\\server.js:3:158096)\n    at c:\\Users\\LUZ RAMIREZ\\.vscode\\extensions\\uqbar.wollok-lsp-ide-0.5.2\\out\\server\\src\\server.js:37:57871\n    at Kr (c:\\Users\\LUZ RAMIREZ\\.vscode\\extensions\\uqbar.wollok-lsp-ide-0.5.2\\out\\server\\src\\server.js:8:1561)","timestamp":"2025-07-03T19:26:30.858Z"}
{"level":"error","message":"✘ Failed to rebuild document Failed to parse enemigos.wlk: \n-- PARSING FAILED --------------------------------------------------\n\n  12 |     var\n  13 | \n> 14 |     // Frames para animación\n     |     ^\n  15 |     override method frames() = tipo.frames()\n  16 |     method colisionConDefensa() {\n\nExpected one of the following: \n\n'property', identifier, whitespace\n","stack":"Error: Failed to parse enemigos.wlk: \n-- PARSING FAILED --------------------------------------------------\n\n  12 |     var\n  13 | \n> 14 |     // Frames para animación\n     |     ^\n  15 |     override method frames() = tipo.frames()\n  16 |     method colisionConDefensa() {\n\nExpected one of the following: \n\n'property', identifier, whitespace\n\n    at c:\\Users\\LUZ RAMIREZ\\.vscode\\extensions\\uqbar.wollok-lsp-ide-0.5.2\\out\\server\\src\\server.js:2326:13026\n    at Array.map (<anonymous>)\n    at D1n (c:\\Users\\LUZ RAMIREZ\\.vscode\\extensions\\uqbar.wollok-lsp-ide-0.5.2\\out\\server\\src\\server.js:2326:12950)\n    at W2.buildEnvironmentFrom (c:\\Users\\LUZ RAMIREZ\\.vscode\\extensions\\uqbar.wollok-lsp-ide-0.5.2\\out\\server\\src\\server.js:2371:5254)\n    at W2.updateEnvironmentWith (c:\\Users\\LUZ RAMIREZ\\.vscode\\extensions\\uqbar.wollok-lsp-ide-0.5.2\\out\\server\\src\\server.js:2371:4989)\n    at GF (c:\\Users\\LUZ RAMIREZ\\.vscode\\extensions\\uqbar.wollok-lsp-ide-0.5.2\\out\\server\\src\\server.js:2371:7383)\n    at L3.invoke (c:\\Users\\LUZ RAMIREZ\\.vscode\\extensions\\uqbar.wollok-lsp-ide-0.5.2\\out\\server\\src\\server.js:3:157326)\n    at o.fire (c:\\Users\\LUZ RAMIREZ\\.vscode\\extensions\\uqbar.wollok-lsp-ide-0.5.2\\out\\server\\src\\server.js:3:158096)\n    at c:\\Users\\LUZ RAMIREZ\\.vscode\\extensions\\uqbar.wollok-lsp-ide-0.5.2\\out\\server\\src\\server.js:37:57871\n    at Kr (c:\\Users\\LUZ RAMIREZ\\.vscode\\extensions\\uqbar.wollok-lsp-ide-0.5.2\\out\\server\\src\\server.js:8:1561)","timestamp":"2025-07-03T19:26:30.876Z"}
{"level":"info","message":"⌛ Building environment","timeElapsed":647,"timestamp":"2025-07-03T19:26:31.558Z"}
{"level":"info","message":"⌛ Validating enemigos.wlk","timeElapsed":432,"timestamp":"2025-07-03T19:26:32.044Z"}
{"level":"info","message":"⌛ Building environment","timeElapsed":313,"timestamp":"2025-07-03T19:26:32.362Z"}
{"level":"info","message":"⌛ Building environment","timeElapsed":295,"timestamp":"2025-07-03T19:26:32.663Z"}
{"level":"info","message":"⌛ Building environment","timeElapsed":294,"timestamp":"2025-07-03T19:26:32.962Z"}
{"level":"info","message":"⌛ Building environment","timeElapsed":316,"timestamp":"2025-07-03T19:26:33.402Z"}
{"level":"info","message":"⌛ Validating enemigos.wlk","timeElapsed":357,"timestamp":"2025-07-03T19:26:33.760Z"}
{"level":"info","message":"⌛ Building environment","timeElapsed":279,"timestamp":"2025-07-03T19:26:34.043Z"}
{"level":"info","message":"⌛ Building environment","timeElapsed":302,"timestamp":"2025-07-03T19:26:34.350Z"}
{"level":"error","message":"✘ Failed to rebuild document Failed to parse enemigos.wlk: \n-- PARSING FAILED --------------------------------------------------\n\n  12 |     const\n  13 | \n> 14 |     // Frames para animación\n     |     ^\n  15 |     override method frames() = tipo.frames()\n  16 |     method colisionConDefensa() {\n\nExpected one of the following: \n\n'property', identifier, whitespace\n","stack":"Error: Failed to parse enemigos.wlk: \n-- PARSING FAILED --------------------------------------------------\n\n  12 |     const\n  13 | \n> 14 |     // Frames para animación\n     |     ^\n  15 |     override method frames() = tipo.frames()\n  16 |     method colisionConDefensa() {\n\nExpected one of the following: \n\n'property', identifier, whitespace\n\n    at c:\\Users\\LUZ RAMIREZ\\.vscode\\extensions\\uqbar.wollok-lsp-ide-0.5.2\\out\\server\\src\\server.js:2326:13026\n    at Array.map (<anonymous>)\n    at D1n (c:\\Users\\LUZ RAMIREZ\\.vscode\\extensions\\uqbar.wollok-lsp-ide-0.5.2\\out\\server\\src\\server.js:2326:12950)\n    at W2.buildEnvironmentFrom (c:\\Users\\LUZ RAMIREZ\\.vscode\\extensions\\uqbar.wollok-lsp-ide-0.5.2\\out\\server\\src\\server.js:2371:5254)\n    at W2.updateEnvironmentWith (c:\\Users\\LUZ RAMIREZ\\.vscode\\extensions\\uqbar.wollok-lsp-ide-0.5.2\\out\\server\\src\\server.js:2371:4989)\n    at GF (c:\\Users\\LUZ RAMIREZ\\.vscode\\extensions\\uqbar.wollok-lsp-ide-0.5.2\\out\\server\\src\\server.js:2371:7383)\n    at L3.invoke (c:\\Users\\LUZ RAMIREZ\\.vscode\\extensions\\uqbar.wollok-lsp-ide-0.5.2\\out\\server\\src\\server.js:3:157326)\n    at o.fire (c:\\Users\\LUZ RAMIREZ\\.vscode\\extensions\\uqbar.wollok-lsp-ide-0.5.2\\out\\server\\src\\server.js:3:158096)\n    at c:\\Users\\LUZ RAMIREZ\\.vscode\\extensions\\uqbar.wollok-lsp-ide-0.5.2\\out\\server\\src\\server.js:37:57871\n    at Kr (c:\\Users\\LUZ RAMIREZ\\.vscode\\extensions\\uqbar.wollok-lsp-ide-0.5.2\\out\\server\\src\\server.js:8:1561)","timestamp":"2025-07-03T19:26:34.371Z"}
{"level":"error","message":"✘ Failed to rebuild document Failed to parse enemigos.wlk: \n-- PARSING FAILED --------------------------------------------------\n\n  10 |     var property danio = tipo.danio()\n  11 |     var property position\n> 12 |     const'\n     |          ^\n  13 | \n  14 |     // Frames para animación\n\nExpected one of the following: \n\n'property', identifier, whitespace\n","stack":"Error: Failed to parse enemigos.wlk: \n-- PARSING FAILED --------------------------------------------------\n\n  10 |     var property danio = tipo.danio()\n  11 |     var property position\n> 12 |     const'\n     |          ^\n  13 | \n  14 |     // Frames para animación\n\nExpected one of the following: \n\n'property', identifier, whitespace\n\n    at c:\\Users\\LUZ RAMIREZ\\.vscode\\extensions\\uqbar.wollok-lsp-ide-0.5.2\\out\\server\\src\\server.js:2326:13026\n    at Array.map (<anonymous>)\n    at D1n (c:\\Users\\LUZ RAMIREZ\\.vscode\\extensions\\uqbar.wollok-lsp-ide-0.5.2\\out\\server\\src\\server.js:2326:12950)\n    at W2.buildEnvironmentFrom (c:\\Users\\LUZ RAMIREZ\\.vscode\\extensions\\uqbar.wollok-lsp-ide-0.5.2\\out\\server\\src\\server.js:2371:5254)\n    at W2.updateEnvironmentWith (c:\\Users\\LUZ RAMIREZ\\.vscode\\extensions\\uqbar.wollok-lsp-ide-0.5.2\\out\\server\\src\\server.js:2371:4989)\n    at GF (c:\\Users\\LUZ RAMIREZ\\.vscode\\extensions\\uqbar.wollok-lsp-ide-0.5.2\\out\\server\\src\\server.js:2371:7383)\n    at L3.invoke (c:\\Users\\LUZ RAMIREZ\\.vscode\\extensions\\uqbar.wollok-lsp-ide-0.5.2\\out\\server\\src\\server.js:3:157326)\n    at o.fire (c:\\Users\\LUZ RAMIREZ\\.vscode\\extensions\\uqbar.wollok-lsp-ide-0.5.2\\out\\server\\src\\server.js:3:158096)\n    at c:\\Users\\LUZ RAMIREZ\\.vscode\\extensions\\uqbar.wollok-lsp-ide-0.5.2\\out\\server\\src\\server.js:37:57871\n    at Kr (c:\\Users\\LUZ RAMIREZ\\.vscode\\extensions\\uqbar.wollok-lsp-ide-0.5.2\\out\\server\\src\\server.js:8:1561)","timestamp":"2025-07-03T19:26:34.395Z"}
{"level":"error","message":"✘ Failed to rebuild document Failed to parse enemigos.wlk: \n-- PARSING FAILED --------------------------------------------------\n\n  10 |     var property danio = tipo.danio()\n  11 |     var property position\n> 12 |     const' \n     |          ^\n  13 | \n  14 |     // Frames para animación\n\nExpected one of the following: \n\n'property', identifier, whitespace\n","stack":"Error: Failed to parse enemigos.wlk: \n-- PARSING FAILED --------------------------------------------------\n\n  10 |     var property danio = tipo.danio()\n  11 |     var property position\n> 12 |     const' \n     |          ^\n  13 | \n  14 |     // Frames para animación\n\nExpected one of the following: \n\n'property', identifier, whitespace\n\n    at c:\\Users\\LUZ RAMIREZ\\.vscode\\extensions\\uqbar.wollok-lsp-ide-0.5.2\\out\\server\\src\\server.js:2326:13026\n    at Array.map (<anonymous>)\n    at D1n (c:\\Users\\LUZ RAMIREZ\\.vscode\\extensions\\uqbar.wollok-lsp-ide-0.5.2\\out\\server\\src\\server.js:2326:12950)\n    at W2.buildEnvironmentFrom (c:\\Users\\LUZ RAMIREZ\\.vscode\\extensions\\uqbar.wollok-lsp-ide-0.5.2\\out\\server\\src\\server.js:2371:5254)\n    at W2.updateEnvironmentWith (c:\\Users\\LUZ RAMIREZ\\.vscode\\extensions\\uqbar.wollok-lsp-ide-0.5.2\\out\\server\\src\\server.js:2371:4989)\n    at GF (c:\\Users\\LUZ RAMIREZ\\.vscode\\extensions\\uqbar.wollok-lsp-ide-0.5.2\\out\\server\\src\\server.js:2371:7383)\n    at L3.invoke (c:\\Users\\LUZ RAMIREZ\\.vscode\\extensions\\uqbar.wollok-lsp-ide-0.5.2\\out\\server\\src\\server.js:3:157326)\n    at o.fire (c:\\Users\\LUZ RAMIREZ\\.vscode\\extensions\\uqbar.wollok-lsp-ide-0.5.2\\out\\server\\src\\server.js:3:158096)\n    at c:\\Users\\LUZ RAMIREZ\\.vscode\\extensions\\uqbar.wollok-lsp-ide-0.5.2\\out\\server\\src\\server.js:37:57871\n    at Kr (c:\\Users\\LUZ RAMIREZ\\.vscode\\extensions\\uqbar.wollok-lsp-ide-0.5.2\\out\\server\\src\\server.js:8:1561)","timestamp":"2025-07-03T19:26:34.446Z"}
{"level":"info","message":"⌛ Validating enemigos.wlk","timeElapsed":352,"timestamp":"2025-07-03T19:26:34.869Z"}
{"level":"error","message":"✘ Failed to rebuild document Failed to parse enemigos.wlk: \n-- PARSING FAILED --------------------------------------------------\n\n  10 |     var property danio = tipo.danio()\n  11 |     var property position\n> 12 |     const' p\n     |          ^\n  13 | \n  14 |     // Frames para animación\n\nExpected one of the following: \n\n'property', identifier, whitespace\n","stack":"Error: Failed to parse enemigos.wlk: \n-- PARSING FAILED --------------------------------------------------\n\n  10 |     var property danio = tipo.danio()\n  11 |     var property position\n> 12 |     const' p\n     |          ^\n  13 | \n  14 |     // Frames para animación\n\nExpected one of the following: \n\n'property', identifier, whitespace\n\n    at c:\\Users\\LUZ RAMIREZ\\.vscode\\extensions\\uqbar.wollok-lsp-ide-0.5.2\\out\\server\\src\\server.js:2326:13026\n    at Array.map (<anonymous>)\n    at D1n (c:\\Users\\LUZ RAMIREZ\\.vscode\\extensions\\uqbar.wollok-lsp-ide-0.5.2\\out\\server\\src\\server.js:2326:12950)\n    at W2.buildEnvironmentFrom (c:\\Users\\LUZ RAMIREZ\\.vscode\\extensions\\uqbar.wollok-lsp-ide-0.5.2\\out\\server\\src\\server.js:2371:5254)\n    at W2.updateEnvironmentWith (c:\\Users\\LUZ RAMIREZ\\.vscode\\extensions\\uqbar.wollok-lsp-ide-0.5.2\\out\\server\\src\\server.js:2371:4989)\n    at GF (c:\\Users\\LUZ RAMIREZ\\.vscode\\extensions\\uqbar.wollok-lsp-ide-0.5.2\\out\\server\\src\\server.js:2371:7383)\n    at L3.invoke (c:\\Users\\LUZ RAMIREZ\\.vscode\\extensions\\uqbar.wollok-lsp-ide-0.5.2\\out\\server\\src\\server.js:3:157326)\n    at o.fire (c:\\Users\\LUZ RAMIREZ\\.vscode\\extensions\\uqbar.wollok-lsp-ide-0.5.2\\out\\server\\src\\server.js:3:158096)\n    at c:\\Users\\LUZ RAMIREZ\\.vscode\\extensions\\uqbar.wollok-lsp-ide-0.5.2\\out\\server\\src\\server.js:37:57871\n    at Kr (c:\\Users\\LUZ RAMIREZ\\.vscode\\extensions\\uqbar.wollok-lsp-ide-0.5.2\\out\\server\\src\\server.js:8:1561)","timestamp":"2025-07-03T19:26:34.904Z"}
{"level":"error","message":"✘ Failed to rebuild document Failed to parse enemigos.wlk: \n-- PARSING FAILED --------------------------------------------------\n\n  10 |     var property danio = tipo.danio()\n  11 |     var property position\n> 12 |     const' pr\n     |          ^\n  13 | \n  14 |     // Frames para animación\n\nExpected one of the following: \n\n'property', identifier, whitespace\n","stack":"Error: Failed to parse enemigos.wlk: \n-- PARSING FAILED --------------------------------------------------\n\n  10 |     var property danio = tipo.danio()\n  11 |     var property position\n> 12 |     const' pr\n     |          ^\n  13 | \n  14 |     // Frames para animación\n\nExpected one of the following: \n\n'property', identifier, whitespace\n\n    at c:\\Users\\LUZ RAMIREZ\\.vscode\\extensions\\uqbar.wollok-lsp-ide-0.5.2\\out\\server\\src\\server.js:2326:13026\n    at Array.map (<anonymous>)\n    at D1n (c:\\Users\\LUZ RAMIREZ\\.vscode\\extensions\\uqbar.wollok-lsp-ide-0.5.2\\out\\server\\src\\server.js:2326:12950)\n    at W2.buildEnvironmentFrom (c:\\Users\\LUZ RAMIREZ\\.vscode\\extensions\\uqbar.wollok-lsp-ide-0.5.2\\out\\server\\src\\server.js:2371:5254)\n    at W2.updateEnvironmentWith (c:\\Users\\LUZ RAMIREZ\\.vscode\\extensions\\uqbar.wollok-lsp-ide-0.5.2\\out\\server\\src\\server.js:2371:4989)\n    at GF (c:\\Users\\LUZ RAMIREZ\\.vscode\\extensions\\uqbar.wollok-lsp-ide-0.5.2\\out\\server\\src\\server.js:2371:7383)\n    at L3.invoke (c:\\Users\\LUZ RAMIREZ\\.vscode\\extensions\\uqbar.wollok-lsp-ide-0.5.2\\out\\server\\src\\server.js:3:157326)\n    at o.fire (c:\\Users\\LUZ RAMIREZ\\.vscode\\extensions\\uqbar.wollok-lsp-ide-0.5.2\\out\\server\\src\\server.js:3:158096)\n    at c:\\Users\\LUZ RAMIREZ\\.vscode\\extensions\\uqbar.wollok-lsp-ide-0.5.2\\out\\server\\src\\server.js:37:57871\n    at Kr (c:\\Users\\LUZ RAMIREZ\\.vscode\\extensions\\uqbar.wollok-lsp-ide-0.5.2\\out\\server\\src\\server.js:8:1561)","timestamp":"2025-07-03T19:26:34.925Z"}
{"level":"info","message":"⌛ Validating enemigos.wlk","timeElapsed":366,"timestamp":"2025-07-03T19:26:35.297Z"}
{"level":"error","message":"✘ Failed to rebuild document Failed to parse enemigos.wlk: \n-- PARSING FAILED --------------------------------------------------\n\n  10 |     var property danio = tipo.danio()\n  11 |     var property position\n> 12 |     const' pro\n     |          ^\n  13 | \n  14 |     // Frames para animación\n\nExpected one of the following: \n\n'property', identifier, whitespace\n","stack":"Error: Failed to parse enemigos.wlk: \n-- PARSING FAILED --------------------------------------------------\n\n  10 |     var property danio = tipo.danio()\n  11 |     var property position\n> 12 |     const' pro\n     |          ^\n  13 | \n  14 |     // Frames para animación\n\nExpected one of the following: \n\n'property', identifier, whitespace\n\n    at c:\\Users\\LUZ RAMIREZ\\.vscode\\extensions\\uqbar.wollok-lsp-ide-0.5.2\\out\\server\\src\\server.js:2326:13026\n    at Array.map (<anonymous>)\n    at D1n (c:\\Users\\LUZ RAMIREZ\\.vscode\\extensions\\uqbar.wollok-lsp-ide-0.5.2\\out\\server\\src\\server.js:2326:12950)\n    at W2.buildEnvironmentFrom (c:\\Users\\LUZ RAMIREZ\\.vscode\\extensions\\uqbar.wollok-lsp-ide-0.5.2\\out\\server\\src\\server.js:2371:5254)\n    at W2.updateEnvironmentWith (c:\\Users\\LUZ RAMIREZ\\.vscode\\extensions\\uqbar.wollok-lsp-ide-0.5.2\\out\\server\\src\\server.js:2371:4989)\n    at GF (c:\\Users\\LUZ RAMIREZ\\.vscode\\extensions\\uqbar.wollok-lsp-ide-0.5.2\\out\\server\\src\\server.js:2371:7383)\n    at L3.invoke (c:\\Users\\LUZ RAMIREZ\\.vscode\\extensions\\uqbar.wollok-lsp-ide-0.5.2\\out\\server\\src\\server.js:3:157326)\n    at o.fire (c:\\Users\\LUZ RAMIREZ\\.vscode\\extensions\\uqbar.wollok-lsp-ide-0.5.2\\out\\server\\src\\server.js:3:158096)\n    at c:\\Users\\LUZ RAMIREZ\\.vscode\\extensions\\uqbar.wollok-lsp-ide-0.5.2\\out\\server\\src\\server.js:37:57871\n    at Kr (c:\\Users\\LUZ RAMIREZ\\.vscode\\extensions\\uqbar.wollok-lsp-ide-0.5.2\\out\\server\\src\\server.js:8:1561)","timestamp":"2025-07-03T19:26:35.328Z"}
{"level":"error","message":"✘ Failed to rebuild document Failed to parse enemigos.wlk: \n-- PARSING FAILED --------------------------------------------------\n\n  10 |     var property danio = tipo.danio()\n  11 |     var property position\n> 12 |     const' prop\n     |          ^\n  13 | \n  14 |     // Frames para animación\n\nExpected one of the following: \n\n'property', identifier, whitespace\n","stack":"Error: Failed to parse enemigos.wlk: \n-- PARSING FAILED --------------------------------------------------\n\n  10 |     var property danio = tipo.danio()\n  11 |     var property position\n> 12 |     const' prop\n     |          ^\n  13 | \n  14 |     // Frames para animación\n\nExpected one of the following: \n\n'property', identifier, whitespace\n\n    at c:\\Users\\LUZ RAMIREZ\\.vscode\\extensions\\uqbar.wollok-lsp-ide-0.5.2\\out\\server\\src\\server.js:2326:13026\n    at Array.map (<anonymous>)\n    at D1n (c:\\Users\\LUZ RAMIREZ\\.vscode\\extensions\\uqbar.wollok-lsp-ide-0.5.2\\out\\server\\src\\server.js:2326:12950)\n    at W2.buildEnvironmentFrom (c:\\Users\\LUZ RAMIREZ\\.vscode\\extensions\\uqbar.wollok-lsp-ide-0.5.2\\out\\server\\src\\server.js:2371:5254)\n    at W2.updateEnvironmentWith (c:\\Users\\LUZ RAMIREZ\\.vscode\\extensions\\uqbar.wollok-lsp-ide-0.5.2\\out\\server\\src\\server.js:2371:4989)\n    at GF (c:\\Users\\LUZ RAMIREZ\\.vscode\\extensions\\uqbar.wollok-lsp-ide-0.5.2\\out\\server\\src\\server.js:2371:7383)\n    at L3.invoke (c:\\Users\\LUZ RAMIREZ\\.vscode\\extensions\\uqbar.wollok-lsp-ide-0.5.2\\out\\server\\src\\server.js:3:157326)\n    at o.fire (c:\\Users\\LUZ RAMIREZ\\.vscode\\extensions\\uqbar.wollok-lsp-ide-0.5.2\\out\\server\\src\\server.js:3:158096)\n    at c:\\Users\\LUZ RAMIREZ\\.vscode\\extensions\\uqbar.wollok-lsp-ide-0.5.2\\out\\server\\src\\server.js:37:57871\n    at Kr (c:\\Users\\LUZ RAMIREZ\\.vscode\\extensions\\uqbar.wollok-lsp-ide-0.5.2\\out\\server\\src\\server.js:8:1561)","timestamp":"2025-07-03T19:26:35.373Z"}
{"level":"error","message":"✘ Failed to rebuild document Failed to parse enemigos.wlk: \n-- PARSING FAILED --------------------------------------------------\n\n  10 |     var property danio = tipo.danio()\n  11 |     var property position\n> 12 |     const' pro\n     |          ^\n  13 | \n  14 |     // Frames para animación\n\nExpected one of the following: \n\n'property', identifier, whitespace\n","stack":"Error: Failed to parse enemigos.wlk: \n-- PARSING FAILED --------------------------------------------------\n\n  10 |     var property danio = tipo.danio()\n  11 |     var property position\n> 12 |     const' pro\n     |          ^\n  13 | \n  14 |     // Frames para animación\n\nExpected one of the following: \n\n'property', identifier, whitespace\n\n    at c:\\Users\\LUZ RAMIREZ\\.vscode\\extensions\\uqbar.wollok-lsp-ide-0.5.2\\out\\server\\src\\server.js:2326:13026\n    at Array.map (<anonymous>)\n    at D1n (c:\\Users\\LUZ RAMIREZ\\.vscode\\extensions\\uqbar.wollok-lsp-ide-0.5.2\\out\\server\\src\\server.js:2326:12950)\n    at W2.buildEnvironmentFrom (c:\\Users\\LUZ RAMIREZ\\.vscode\\extensions\\uqbar.wollok-lsp-ide-0.5.2\\out\\server\\src\\server.js:2371:5254)\n    at W2.updateEnvironmentWith (c:\\Users\\LUZ RAMIREZ\\.vscode\\extensions\\uqbar.wollok-lsp-ide-0.5.2\\out\\server\\src\\server.js:2371:4989)\n    at GF (c:\\Users\\LUZ RAMIREZ\\.vscode\\extensions\\uqbar.wollok-lsp-ide-0.5.2\\out\\server\\src\\server.js:2371:7383)\n    at L3.invoke (c:\\Users\\LUZ RAMIREZ\\.vscode\\extensions\\uqbar.wollok-lsp-ide-0.5.2\\out\\server\\src\\server.js:3:157326)\n    at o.fire (c:\\Users\\LUZ RAMIREZ\\.vscode\\extensions\\uqbar.wollok-lsp-ide-0.5.2\\out\\server\\src\\server.js:3:158096)\n    at c:\\Users\\LUZ RAMIREZ\\.vscode\\extensions\\uqbar.wollok-lsp-ide-0.5.2\\out\\server\\src\\server.js:37:57871\n    at Kr (c:\\Users\\LUZ RAMIREZ\\.vscode\\extensions\\uqbar.wollok-lsp-ide-0.5.2\\out\\server\\src\\server.js:8:1561)","timestamp":"2025-07-03T19:26:35.406Z"}
{"level":"error","message":"✘ Failed to rebuild document Failed to parse enemigos.wlk: \n-- PARSING FAILED --------------------------------------------------\n\n  10 |     var property danio = tipo.danio()\n  11 |     var property position\n> 12 |     const' pr\n     |          ^\n  13 | \n  14 |     // Frames para animación\n\nExpected one of the following: \n\n'property', identifier, whitespace\n","stack":"Error: Failed to parse enemigos.wlk: \n-- PARSING FAILED --------------------------------------------------\n\n  10 |     var property danio = tipo.danio()\n  11 |     var property position\n> 12 |     const' pr\n     |          ^\n  13 | \n  14 |     // Frames para animación\n\nExpected one of the following: \n\n'property', identifier, whitespace\n\n    at c:\\Users\\LUZ RAMIREZ\\.vscode\\extensions\\uqbar.wollok-lsp-ide-0.5.2\\out\\server\\src\\server.js:2326:13026\n    at Array.map (<anonymous>)\n    at D1n (c:\\Users\\LUZ RAMIREZ\\.vscode\\extensions\\uqbar.wollok-lsp-ide-0.5.2\\out\\server\\src\\server.js:2326:12950)\n    at W2.buildEnvironmentFrom (c:\\Users\\LUZ RAMIREZ\\.vscode\\extensions\\uqbar.wollok-lsp-ide-0.5.2\\out\\server\\src\\server.js:2371:5254)\n    at W2.updateEnvironmentWith (c:\\Users\\LUZ RAMIREZ\\.vscode\\extensions\\uqbar.wollok-lsp-ide-0.5.2\\out\\server\\src\\server.js:2371:4989)\n    at GF (c:\\Users\\LUZ RAMIREZ\\.vscode\\extensions\\uqbar.wollok-lsp-ide-0.5.2\\out\\server\\src\\server.js:2371:7383)\n    at L3.invoke (c:\\Users\\LUZ RAMIREZ\\.vscode\\extensions\\uqbar.wollok-lsp-ide-0.5.2\\out\\server\\src\\server.js:3:157326)\n    at o.fire (c:\\Users\\LUZ RAMIREZ\\.vscode\\extensions\\uqbar.wollok-lsp-ide-0.5.2\\out\\server\\src\\server.js:3:158096)\n    at c:\\Users\\LUZ RAMIREZ\\.vscode\\extensions\\uqbar.wollok-lsp-ide-0.5.2\\out\\server\\src\\server.js:37:57871\n    at Kr (c:\\Users\\LUZ RAMIREZ\\.vscode\\extensions\\uqbar.wollok-lsp-ide-0.5.2\\out\\server\\src\\server.js:8:1561)","timestamp":"2025-07-03T19:26:35.438Z"}
{"level":"error","message":"✘ Failed to rebuild document Failed to parse enemigos.wlk: \n-- PARSING FAILED --------------------------------------------------\n\n  10 |     var property danio = tipo.danio()\n  11 |     var property position\n> 12 |     const' p\n     |          ^\n  13 | \n  14 |     // Frames para animación\n\nExpected one of the following: \n\n'property', identifier, whitespace\n","stack":"Error: Failed to parse enemigos.wlk: \n-- PARSING FAILED --------------------------------------------------\n\n  10 |     var property danio = tipo.danio()\n  11 |     var property position\n> 12 |     const' p\n     |          ^\n  13 | \n  14 |     // Frames para animación\n\nExpected one of the following: \n\n'property', identifier, whitespace\n\n    at c:\\Users\\LUZ RAMIREZ\\.vscode\\extensions\\uqbar.wollok-lsp-ide-0.5.2\\out\\server\\src\\server.js:2326:13026\n    at Array.map (<anonymous>)\n    at D1n (c:\\Users\\LUZ RAMIREZ\\.vscode\\extensions\\uqbar.wollok-lsp-ide-0.5.2\\out\\server\\src\\server.js:2326:12950)\n    at W2.buildEnvironmentFrom (c:\\Users\\LUZ RAMIREZ\\.vscode\\extensions\\uqbar.wollok-lsp-ide-0.5.2\\out\\server\\src\\server.js:2371:5254)\n    at W2.updateEnvironmentWith (c:\\Users\\LUZ RAMIREZ\\.vscode\\extensions\\uqbar.wollok-lsp-ide-0.5.2\\out\\server\\src\\server.js:2371:4989)\n    at GF (c:\\Users\\LUZ RAMIREZ\\.vscode\\extensions\\uqbar.wollok-lsp-ide-0.5.2\\out\\server\\src\\server.js:2371:7383)\n    at L3.invoke (c:\\Users\\LUZ RAMIREZ\\.vscode\\extensions\\uqbar.wollok-lsp-ide-0.5.2\\out\\server\\src\\server.js:3:157326)\n    at o.fire (c:\\Users\\LUZ RAMIREZ\\.vscode\\extensions\\uqbar.wollok-lsp-ide-0.5.2\\out\\server\\src\\server.js:3:158096)\n    at c:\\Users\\LUZ RAMIREZ\\.vscode\\extensions\\uqbar.wollok-lsp-ide-0.5.2\\out\\server\\src\\server.js:37:57871\n    at Kr (c:\\Users\\LUZ RAMIREZ\\.vscode\\extensions\\uqbar.wollok-lsp-ide-0.5.2\\out\\server\\src\\server.js:8:1561)","timestamp":"2025-07-03T19:26:35.460Z"}
{"level":"info","message":"⌛ Validating enemigos.wlk","timeElapsed":336,"timestamp":"2025-07-03T19:26:35.813Z"}
{"level":"error","message":"✘ Failed to rebuild document Failed to parse enemigos.wlk: \n-- PARSING FAILED --------------------------------------------------\n\n  10 |     var property danio = tipo.danio()\n  11 |     var property position\n> 12 |     const' \n     |          ^\n  13 | \n  14 |     // Frames para animación\n\nExpected one of the following: \n\n'property', identifier, whitespace\n","stack":"Error: Failed to parse enemigos.wlk: \n-- PARSING FAILED --------------------------------------------------\n\n  10 |     var property danio = tipo.danio()\n  11 |     var property position\n> 12 |     const' \n     |          ^\n  13 | \n  14 |     // Frames para animación\n\nExpected one of the following: \n\n'property', identifier, whitespace\n\n    at c:\\Users\\LUZ RAMIREZ\\.vscode\\extensions\\uqbar.wollok-lsp-ide-0.5.2\\out\\server\\src\\server.js:2326:13026\n    at Array.map (<anonymous>)\n    at D1n (c:\\Users\\LUZ RAMIREZ\\.vscode\\extensions\\uqbar.wollok-lsp-ide-0.5.2\\out\\server\\src\\server.js:2326:12950)\n    at W2.buildEnvironmentFrom (c:\\Users\\LUZ RAMIREZ\\.vscode\\extensions\\uqbar.wollok-lsp-ide-0.5.2\\out\\server\\src\\server.js:2371:5254)\n    at W2.updateEnvironmentWith (c:\\Users\\LUZ RAMIREZ\\.vscode\\extensions\\uqbar.wollok-lsp-ide-0.5.2\\out\\server\\src\\server.js:2371:4989)\n    at GF (c:\\Users\\LUZ RAMIREZ\\.vscode\\extensions\\uqbar.wollok-lsp-ide-0.5.2\\out\\server\\src\\server.js:2371:7383)\n    at L3.invoke (c:\\Users\\LUZ RAMIREZ\\.vscode\\extensions\\uqbar.wollok-lsp-ide-0.5.2\\out\\server\\src\\server.js:3:157326)\n    at o.fire (c:\\Users\\LUZ RAMIREZ\\.vscode\\extensions\\uqbar.wollok-lsp-ide-0.5.2\\out\\server\\src\\server.js:3:158096)\n    at c:\\Users\\LUZ RAMIREZ\\.vscode\\extensions\\uqbar.wollok-lsp-ide-0.5.2\\out\\server\\src\\server.js:37:57871\n    at Kr (c:\\Users\\LUZ RAMIREZ\\.vscode\\extensions\\uqbar.wollok-lsp-ide-0.5.2\\out\\server\\src\\server.js:8:1561)","timestamp":"2025-07-03T19:26:35.825Z"}
{"level":"error","message":"✘ Failed to rebuild document Failed to parse enemigos.wlk: \n-- PARSING FAILED --------------------------------------------------\n\n  10 |     var property danio = tipo.danio()\n  11 |     var property position\n> 12 |     const'\n     |          ^\n  13 | \n  14 |     // Frames para animación\n\nExpected one of the following: \n\n'property', identifier, whitespace\n","stack":"Error: Failed to parse enemigos.wlk: \n-- PARSING FAILED --------------------------------------------------\n\n  10 |     var property danio = tipo.danio()\n  11 |     var property position\n> 12 |     const'\n     |          ^\n  13 | \n  14 |     // Frames para animación\n\nExpected one of the following: \n\n'property', identifier, whitespace\n\n    at c:\\Users\\LUZ RAMIREZ\\.vscode\\extensions\\uqbar.wollok-lsp-ide-0.5.2\\out\\server\\src\\server.js:2326:13026\n    at Array.map (<anonymous>)\n    at D1n (c:\\Users\\LUZ RAMIREZ\\.vscode\\extensions\\uqbar.wollok-lsp-ide-0.5.2\\out\\server\\src\\server.js:2326:12950)\n    at W2.buildEnvironmentFrom (c:\\Users\\LUZ RAMIREZ\\.vscode\\extensions\\uqbar.wollok-lsp-ide-0.5.2\\out\\server\\src\\server.js:2371:5254)\n    at W2.updateEnvironmentWith (c:\\Users\\LUZ RAMIREZ\\.vscode\\extensions\\uqbar.wollok-lsp-ide-0.5.2\\out\\server\\src\\server.js:2371:4989)\n    at GF (c:\\Users\\LUZ RAMIREZ\\.vscode\\extensions\\uqbar.wollok-lsp-ide-0.5.2\\out\\server\\src\\server.js:2371:7383)\n    at L3.invoke (c:\\Users\\LUZ RAMIREZ\\.vscode\\extensions\\uqbar.wollok-lsp-ide-0.5.2\\out\\server\\src\\server.js:3:157326)\n    at o.fire (c:\\Users\\LUZ RAMIREZ\\.vscode\\extensions\\uqbar.wollok-lsp-ide-0.5.2\\out\\server\\src\\server.js:3:158096)\n    at c:\\Users\\LUZ RAMIREZ\\.vscode\\extensions\\uqbar.wollok-lsp-ide-0.5.2\\out\\server\\src\\server.js:37:57871\n    at Kr (c:\\Users\\LUZ RAMIREZ\\.vscode\\extensions\\uqbar.wollok-lsp-ide-0.5.2\\out\\server\\src\\server.js:8:1561)","timestamp":"2025-07-03T19:26:35.909Z"}
{"level":"error","message":"✘ Failed to rebuild document Failed to parse enemigos.wlk: \n-- PARSING FAILED --------------------------------------------------\n\n  10 |     var property danio = tipo.danio()\n  11 |     var property position\n> 12 |     const'¡\n     |          ^\n  13 | \n  14 |     // Frames para animación\n\nExpected one of the following: \n\n'property', identifier, whitespace\n","stack":"Error: Failed to parse enemigos.wlk: \n-- PARSING FAILED --------------------------------------------------\n\n  10 |     var property danio = tipo.danio()\n  11 |     var property position\n> 12 |     const'¡\n     |          ^\n  13 | \n  14 |     // Frames para animación\n\nExpected one of the following: \n\n'property', identifier, whitespace\n\n    at c:\\Users\\LUZ RAMIREZ\\.vscode\\extensions\\uqbar.wollok-lsp-ide-0.5.2\\out\\server\\src\\server.js:2326:13026\n    at Array.map (<anonymous>)\n    at D1n (c:\\Users\\LUZ RAMIREZ\\.vscode\\extensions\\uqbar.wollok-lsp-ide-0.5.2\\out\\server\\src\\server.js:2326:12950)\n    at W2.buildEnvironmentFrom (c:\\Users\\LUZ RAMIREZ\\.vscode\\extensions\\uqbar.wollok-lsp-ide-0.5.2\\out\\server\\src\\server.js:2371:5254)\n    at W2.updateEnvironmentWith (c:\\Users\\LUZ RAMIREZ\\.vscode\\extensions\\uqbar.wollok-lsp-ide-0.5.2\\out\\server\\src\\server.js:2371:4989)\n    at GF (c:\\Users\\LUZ RAMIREZ\\.vscode\\extensions\\uqbar.wollok-lsp-ide-0.5.2\\out\\server\\src\\server.js:2371:7383)\n    at L3.invoke (c:\\Users\\LUZ RAMIREZ\\.vscode\\extensions\\uqbar.wollok-lsp-ide-0.5.2\\out\\server\\src\\server.js:3:157326)\n    at o.fire (c:\\Users\\LUZ RAMIREZ\\.vscode\\extensions\\uqbar.wollok-lsp-ide-0.5.2\\out\\server\\src\\server.js:3:158096)\n    at c:\\Users\\LUZ RAMIREZ\\.vscode\\extensions\\uqbar.wollok-lsp-ide-0.5.2\\out\\server\\src\\server.js:37:57871\n    at Kr (c:\\Users\\LUZ RAMIREZ\\.vscode\\extensions\\uqbar.wollok-lsp-ide-0.5.2\\out\\server\\src\\server.js:8:1561)","timestamp":"2025-07-03T19:26:35.945Z"}
{"level":"error","message":"✘ Failed to rebuild document Failed to parse enemigos.wlk: \n-- PARSING FAILED --------------------------------------------------\n\n  10 |     var property danio = tipo.danio()\n  11 |     var property position\n> 12 |     const'¡ \n     |          ^\n  13 | \n  14 |     // Frames para animación\n\nExpected one of the following: \n\n'property', identifier, whitespace\n","stack":"Error: Failed to parse enemigos.wlk: \n-- PARSING FAILED --------------------------------------------------\n\n  10 |     var property danio = tipo.danio()\n  11 |     var property position\n> 12 |     const'¡ \n     |          ^\n  13 | \n  14 |     // Frames para animación\n\nExpected one of the following: \n\n'property', identifier, whitespace\n\n    at c:\\Users\\LUZ RAMIREZ\\.vscode\\extensions\\uqbar.wollok-lsp-ide-0.5.2\\out\\server\\src\\server.js:2326:13026\n    at Array.map (<anonymous>)\n    at D1n (c:\\Users\\LUZ RAMIREZ\\.vscode\\extensions\\uqbar.wollok-lsp-ide-0.5.2\\out\\server\\src\\server.js:2326:12950)\n    at W2.buildEnvironmentFrom (c:\\Users\\LUZ RAMIREZ\\.vscode\\extensions\\uqbar.wollok-lsp-ide-0.5.2\\out\\server\\src\\server.js:2371:5254)\n    at W2.updateEnvironmentWith (c:\\Users\\LUZ RAMIREZ\\.vscode\\extensions\\uqbar.wollok-lsp-ide-0.5.2\\out\\server\\src\\server.js:2371:4989)\n    at GF (c:\\Users\\LUZ RAMIREZ\\.vscode\\extensions\\uqbar.wollok-lsp-ide-0.5.2\\out\\server\\src\\server.js:2371:7383)\n    at L3.invoke (c:\\Users\\LUZ RAMIREZ\\.vscode\\extensions\\uqbar.wollok-lsp-ide-0.5.2\\out\\server\\src\\server.js:3:157326)\n    at o.fire (c:\\Users\\LUZ RAMIREZ\\.vscode\\extensions\\uqbar.wollok-lsp-ide-0.5.2\\out\\server\\src\\server.js:3:158096)\n    at c:\\Users\\LUZ RAMIREZ\\.vscode\\extensions\\uqbar.wollok-lsp-ide-0.5.2\\out\\server\\src\\server.js:37:57871\n    at Kr (c:\\Users\\LUZ RAMIREZ\\.vscode\\extensions\\uqbar.wollok-lsp-ide-0.5.2\\out\\server\\src\\server.js:8:1561)","timestamp":"2025-07-03T19:26:35.975Z"}
{"level":"info","message":"⌛ Validating enemigos.wlk","timeElapsed":381,"timestamp":"2025-07-03T19:26:36.357Z"}
{"level":"error","message":"✘ Failed to rebuild document Failed to parse enemigos.wlk: \n-- PARSING FAILED --------------------------------------------------\n\n  10 |     var property danio = tipo.danio()\n  11 |     var property position\n> 12 |     const'¡\n     |          ^\n  13 | \n  14 |     // Frames para animación\n\nExpected one of the following: \n\n'property', identifier, whitespace\n","stack":"Error: Failed to parse enemigos.wlk: \n-- PARSING FAILED --------------------------------------------------\n\n  10 |     var property danio = tipo.danio()\n  11 |     var property position\n> 12 |     const'¡\n     |          ^\n  13 | \n  14 |     // Frames para animación\n\nExpected one of the following: \n\n'property', identifier, whitespace\n\n    at c:\\Users\\LUZ RAMIREZ\\.vscode\\extensions\\uqbar.wollok-lsp-ide-0.5.2\\out\\server\\src\\server.js:2326:13026\n    at Array.map (<anonymous>)\n    at D1n (c:\\Users\\LUZ RAMIREZ\\.vscode\\extensions\\uqbar.wollok-lsp-ide-0.5.2\\out\\server\\src\\server.js:2326:12950)\n    at W2.buildEnvironmentFrom (c:\\Users\\LUZ RAMIREZ\\.vscode\\extensions\\uqbar.wollok-lsp-ide-0.5.2\\out\\server\\src\\server.js:2371:5254)\n    at W2.updateEnvironmentWith (c:\\Users\\LUZ RAMIREZ\\.vscode\\extensions\\uqbar.wollok-lsp-ide-0.5.2\\out\\server\\src\\server.js:2371:4989)\n    at GF (c:\\Users\\LUZ RAMIREZ\\.vscode\\extensions\\uqbar.wollok-lsp-ide-0.5.2\\out\\server\\src\\server.js:2371:7383)\n    at L3.invoke (c:\\Users\\LUZ RAMIREZ\\.vscode\\extensions\\uqbar.wollok-lsp-ide-0.5.2\\out\\server\\src\\server.js:3:157326)\n    at o.fire (c:\\Users\\LUZ RAMIREZ\\.vscode\\extensions\\uqbar.wollok-lsp-ide-0.5.2\\out\\server\\src\\server.js:3:158096)\n    at c:\\Users\\LUZ RAMIREZ\\.vscode\\extensions\\uqbar.wollok-lsp-ide-0.5.2\\out\\server\\src\\server.js:37:57871\n    at Kr (c:\\Users\\LUZ RAMIREZ\\.vscode\\extensions\\uqbar.wollok-lsp-ide-0.5.2\\out\\server\\src\\server.js:8:1561)","timestamp":"2025-07-03T19:26:36.381Z"}
{"level":"error","message":"✘ Failed to rebuild document Failed to parse enemigos.wlk: \n-- PARSING FAILED --------------------------------------------------\n\n  10 |     var property danio = tipo.danio()\n  11 |     var property position\n> 12 |     const'\n     |          ^\n  13 | \n  14 |     // Frames para animación\n\nExpected one of the following: \n\n'property', identifier, whitespace\n","stack":"Error: Failed to parse enemigos.wlk: \n-- PARSING FAILED --------------------------------------------------\n\n  10 |     var property danio = tipo.danio()\n  11 |     var property position\n> 12 |     const'\n     |          ^\n  13 | \n  14 |     // Frames para animación\n\nExpected one of the following: \n\n'property', identifier, whitespace\n\n    at c:\\Users\\LUZ RAMIREZ\\.vscode\\extensions\\uqbar.wollok-lsp-ide-0.5.2\\out\\server\\src\\server.js:2326:13026\n    at Array.map (<anonymous>)\n    at D1n (c:\\Users\\LUZ RAMIREZ\\.vscode\\extensions\\uqbar.wollok-lsp-ide-0.5.2\\out\\server\\src\\server.js:2326:12950)\n    at W2.buildEnvironmentFrom (c:\\Users\\LUZ RAMIREZ\\.vscode\\extensions\\uqbar.wollok-lsp-ide-0.5.2\\out\\server\\src\\server.js:2371:5254)\n    at W2.updateEnvironmentWith (c:\\Users\\LUZ RAMIREZ\\.vscode\\extensions\\uqbar.wollok-lsp-ide-0.5.2\\out\\server\\src\\server.js:2371:4989)\n    at GF (c:\\Users\\LUZ RAMIREZ\\.vscode\\extensions\\uqbar.wollok-lsp-ide-0.5.2\\out\\server\\src\\server.js:2371:7383)\n    at L3.invoke (c:\\Users\\LUZ RAMIREZ\\.vscode\\extensions\\uqbar.wollok-lsp-ide-0.5.2\\out\\server\\src\\server.js:3:157326)\n    at o.fire (c:\\Users\\LUZ RAMIREZ\\.vscode\\extensions\\uqbar.wollok-lsp-ide-0.5.2\\out\\server\\src\\server.js:3:158096)\n    at c:\\Users\\LUZ RAMIREZ\\.vscode\\extensions\\uqbar.wollok-lsp-ide-0.5.2\\out\\server\\src\\server.js:37:57871\n    at Kr (c:\\Users\\LUZ RAMIREZ\\.vscode\\extensions\\uqbar.wollok-lsp-ide-0.5.2\\out\\server\\src\\server.js:8:1561)","timestamp":"2025-07-03T19:26:36.416Z"}
{"level":"info","message":"⌛ Validating enemigos.wlk","timeElapsed":461,"timestamp":"2025-07-03T19:26:36.878Z"}
{"level":"error","message":"✘ Failed to rebuild document Failed to parse enemigos.wlk: \n-- PARSING FAILED --------------------------------------------------\n\n  12 |     const\n  13 | \n> 14 |     // Frames para animación\n     |     ^\n  15 |     override method frames() = tipo.frames()\n  16 |     method colisionConDefensa() {\n\nExpected one of the following: \n\n'property', identifier, whitespace\n","stack":"Error: Failed to parse enemigos.wlk: \n-- PARSING FAILED --------------------------------------------------\n\n  12 |     const\n  13 | \n> 14 |     // Frames para animación\n     |     ^\n  15 |     override method frames() = tipo.frames()\n  16 |     method colisionConDefensa() {\n\nExpected one of the following: \n\n'property', identifier, whitespace\n\n    at c:\\Users\\LUZ RAMIREZ\\.vscode\\extensions\\uqbar.wollok-lsp-ide-0.5.2\\out\\server\\src\\server.js:2326:13026\n    at Array.map (<anonymous>)\n    at D1n (c:\\Users\\LUZ RAMIREZ\\.vscode\\extensions\\uqbar.wollok-lsp-ide-0.5.2\\out\\server\\src\\server.js:2326:12950)\n    at W2.buildEnvironmentFrom (c:\\Users\\LUZ RAMIREZ\\.vscode\\extensions\\uqbar.wollok-lsp-ide-0.5.2\\out\\server\\src\\server.js:2371:5254)\n    at W2.updateEnvironmentWith (c:\\Users\\LUZ RAMIREZ\\.vscode\\extensions\\uqbar.wollok-lsp-ide-0.5.2\\out\\server\\src\\server.js:2371:4989)\n    at GF (c:\\Users\\LUZ RAMIREZ\\.vscode\\extensions\\uqbar.wollok-lsp-ide-0.5.2\\out\\server\\src\\server.js:2371:7383)\n    at L3.invoke (c:\\Users\\LUZ RAMIREZ\\.vscode\\extensions\\uqbar.wollok-lsp-ide-0.5.2\\out\\server\\src\\server.js:3:157326)\n    at o.fire (c:\\Users\\LUZ RAMIREZ\\.vscode\\extensions\\uqbar.wollok-lsp-ide-0.5.2\\out\\server\\src\\server.js:3:158096)\n    at c:\\Users\\LUZ RAMIREZ\\.vscode\\extensions\\uqbar.wollok-lsp-ide-0.5.2\\out\\server\\src\\server.js:37:57871\n    at Kr (c:\\Users\\LUZ RAMIREZ\\.vscode\\extensions\\uqbar.wollok-lsp-ide-0.5.2\\out\\server\\src\\server.js:8:1561)","timestamp":"2025-07-03T19:26:36.897Z"}
{"level":"error","message":"✘ Failed to rebuild document Failed to parse enemigos.wlk: \n-- PARSING FAILED --------------------------------------------------\n\n  12 |     const \n  13 | \n> 14 |     // Frames para animación\n     |     ^\n  15 |     override method frames() = tipo.frames()\n  16 |     method colisionConDefensa() {\n\nExpected one of the following: \n\n'property', identifier, whitespace\n","stack":"Error: Failed to parse enemigos.wlk: \n-- PARSING FAILED --------------------------------------------------\n\n  12 |     const \n  13 | \n> 14 |     // Frames para animación\n     |     ^\n  15 |     override method frames() = tipo.frames()\n  16 |     method colisionConDefensa() {\n\nExpected one of the following: \n\n'property', identifier, whitespace\n\n    at c:\\Users\\LUZ RAMIREZ\\.vscode\\extensions\\uqbar.wollok-lsp-ide-0.5.2\\out\\server\\src\\server.js:2326:13026\n    at Array.map (<anonymous>)\n    at D1n (c:\\Users\\LUZ RAMIREZ\\.vscode\\extensions\\uqbar.wollok-lsp-ide-0.5.2\\out\\server\\src\\server.js:2326:12950)\n    at W2.buildEnvironmentFrom (c:\\Users\\LUZ RAMIREZ\\.vscode\\extensions\\uqbar.wollok-lsp-ide-0.5.2\\out\\server\\src\\server.js:2371:5254)\n    at W2.updateEnvironmentWith (c:\\Users\\LUZ RAMIREZ\\.vscode\\extensions\\uqbar.wollok-lsp-ide-0.5.2\\out\\server\\src\\server.js:2371:4989)\n    at GF (c:\\Users\\LUZ RAMIREZ\\.vscode\\extensions\\uqbar.wollok-lsp-ide-0.5.2\\out\\server\\src\\server.js:2371:7383)\n    at L3.invoke (c:\\Users\\LUZ RAMIREZ\\.vscode\\extensions\\uqbar.wollok-lsp-ide-0.5.2\\out\\server\\src\\server.js:3:157326)\n    at o.fire (c:\\Users\\LUZ RAMIREZ\\.vscode\\extensions\\uqbar.wollok-lsp-ide-0.5.2\\out\\server\\src\\server.js:3:158096)\n    at c:\\Users\\LUZ RAMIREZ\\.vscode\\extensions\\uqbar.wollok-lsp-ide-0.5.2\\out\\server\\src\\server.js:37:57871\n    at Kr (c:\\Users\\LUZ RAMIREZ\\.vscode\\extensions\\uqbar.wollok-lsp-ide-0.5.2\\out\\server\\src\\server.js:8:1561)","timestamp":"2025-07-03T19:26:36.907Z"}
{"level":"info","message":"⌛ Validating enemigos.wlk","timeElapsed":489,"timestamp":"2025-07-03T19:26:37.446Z"}
{"level":"info","message":"⌛ Validating enemigos.wlk","timeElapsed":408,"timestamp":"2025-07-03T19:26:37.856Z"}
{"level":"info","message":"⌛ Building environment","timeElapsed":300,"timestamp":"2025-07-03T19:26:38.158Z"}
{"level":"info","message":"⌛ Building environment","timeElapsed":372,"timestamp":"2025-07-03T19:26:38.533Z"}
{"level":"info","message":"⌛ Validating enemigos.wlk","timeElapsed":409,"timestamp":"2025-07-03T19:26:38.948Z"}
{"level":"info","message":"⌛ Building environment","timeElapsed":419,"timestamp":"2025-07-03T19:26:39.398Z"}
{"level":"info","message":"⌛ Building environment","timeElapsed":634,"timestamp":"2025-07-03T19:26:40.039Z"}
{"level":"info","message":"⌛ Building environment","timeElapsed":518,"timestamp":"2025-07-03T19:26:40.616Z"}
{"level":"info","message":"⌛ Building environment","timeElapsed":1107,"timestamp":"2025-07-03T19:26:41.724Z"}
{"level":"info","message":"⌛ Validating enemigos.wlk","timeElapsed":883,"timestamp":"2025-07-03T19:26:42.609Z"}
{"level":"info","message":"⌛ Building environment","timeElapsed":401,"timestamp":"2025-07-03T19:26:43.012Z"}
{"level":"info","message":"⌛ Building environment","timeElapsed":868,"timestamp":"2025-07-03T19:26:43.893Z"}
{"level":"info","message":"⌛ Validating enemigos.wlk","timeElapsed":501,"timestamp":"2025-07-03T19:26:44.396Z"}
{"level":"info","message":"⌛ Building environment","timeElapsed":967,"timestamp":"2025-07-03T19:26:46.123Z"}
{"level":"error","message":"✘ Failed to rebuild document Failed to parse enemigos.wlk: \n-- PARSING FAILED --------------------------------------------------\n\n  12 |     const property\n  13 | \n> 14 |     // Frames para animación\n     |     ^\n  15 |     override method frames() = tipo.frames()\n  16 |     method colisionConDefensa() {\n\nExpected one of the following: \n\nidentifier, whitespace\n","stack":"Error: Failed to parse enemigos.wlk: \n-- PARSING FAILED --------------------------------------------------\n\n  12 |     const property\n  13 | \n> 14 |     // Frames para animación\n     |     ^\n  15 |     override method frames() = tipo.frames()\n  16 |     method colisionConDefensa() {\n\nExpected one of the following: \n\nidentifier, whitespace\n\n    at c:\\Users\\LUZ RAMIREZ\\.vscode\\extensions\\uqbar.wollok-lsp-ide-0.5.2\\out\\server\\src\\server.js:2326:13026\n    at Array.map (<anonymous>)\n    at D1n (c:\\Users\\LUZ RAMIREZ\\.vscode\\extensions\\uqbar.wollok-lsp-ide-0.5.2\\out\\server\\src\\server.js:2326:12950)\n    at W2.buildEnvironmentFrom (c:\\Users\\LUZ RAMIREZ\\.vscode\\extensions\\uqbar.wollok-lsp-ide-0.5.2\\out\\server\\src\\server.js:2371:5254)\n    at W2.updateEnvironmentWith (c:\\Users\\LUZ RAMIREZ\\.vscode\\extensions\\uqbar.wollok-lsp-ide-0.5.2\\out\\server\\src\\server.js:2371:4989)\n    at GF (c:\\Users\\LUZ RAMIREZ\\.vscode\\extensions\\uqbar.wollok-lsp-ide-0.5.2\\out\\server\\src\\server.js:2371:7383)\n    at L3.invoke (c:\\Users\\LUZ RAMIREZ\\.vscode\\extensions\\uqbar.wollok-lsp-ide-0.5.2\\out\\server\\src\\server.js:3:157326)\n    at o.fire (c:\\Users\\LUZ RAMIREZ\\.vscode\\extensions\\uqbar.wollok-lsp-ide-0.5.2\\out\\server\\src\\server.js:3:158096)\n    at c:\\Users\\LUZ RAMIREZ\\.vscode\\extensions\\uqbar.wollok-lsp-ide-0.5.2\\out\\server\\src\\server.js:37:57871\n    at Kr (c:\\Users\\LUZ RAMIREZ\\.vscode\\extensions\\uqbar.wollok-lsp-ide-0.5.2\\out\\server\\src\\server.js:8:1561)","timestamp":"2025-07-03T19:26:46.137Z"}
{"level":"error","message":"✘ Failed to rebuild document Failed to parse enemigos.wlk: \n-- PARSING FAILED --------------------------------------------------\n\n  12 |     const property \n  13 | \n> 14 |     // Frames para animación\n     |     ^\n  15 |     override method frames() = tipo.frames()\n  16 |     method colisionConDefensa() {\n\nExpected one of the following: \n\nidentifier, whitespace\n","stack":"Error: Failed to parse enemigos.wlk: \n-- PARSING FAILED --------------------------------------------------\n\n  12 |     const property \n  13 | \n> 14 |     // Frames para animación\n     |     ^\n  15 |     override method frames() = tipo.frames()\n  16 |     method colisionConDefensa() {\n\nExpected one of the following: \n\nidentifier, whitespace\n\n    at c:\\Users\\LUZ RAMIREZ\\.vscode\\extensions\\uqbar.wollok-lsp-ide-0.5.2\\out\\server\\src\\server.js:2326:13026\n    at Array.map (<anonymous>)\n    at D1n (c:\\Users\\LUZ RAMIREZ\\.vscode\\extensions\\uqbar.wollok-lsp-ide-0.5.2\\out\\server\\src\\server.js:2326:12950)\n    at W2.buildEnvironmentFrom (c:\\Users\\LUZ RAMIREZ\\.vscode\\extensions\\uqbar.wollok-lsp-ide-0.5.2\\out\\server\\src\\server.js:2371:5254)\n    at W2.updateEnvironmentWith (c:\\Users\\LUZ RAMIREZ\\.vscode\\extensions\\uqbar.wollok-lsp-ide-0.5.2\\out\\server\\src\\server.js:2371:4989)\n    at GF (c:\\Users\\LUZ RAMIREZ\\.vscode\\extensions\\uqbar.wollok-lsp-ide-0.5.2\\out\\server\\src\\server.js:2371:7383)\n    at L3.invoke (c:\\Users\\LUZ RAMIREZ\\.vscode\\extensions\\uqbar.wollok-lsp-ide-0.5.2\\out\\server\\src\\server.js:3:157326)\n    at o.fire (c:\\Users\\LUZ RAMIREZ\\.vscode\\extensions\\uqbar.wollok-lsp-ide-0.5.2\\out\\server\\src\\server.js:3:158096)\n    at c:\\Users\\LUZ RAMIREZ\\.vscode\\extensions\\uqbar.wollok-lsp-ide-0.5.2\\out\\server\\src\\server.js:37:57871\n    at Kr (c:\\Users\\LUZ RAMIREZ\\.vscode\\extensions\\uqbar.wollok-lsp-ide-0.5.2\\out\\server\\src\\server.js:8:1561)","timestamp":"2025-07-03T19:26:46.177Z"}
{"level":"info","message":"⌛ Validating enemigos.wlk","timeElapsed":486,"timestamp":"2025-07-03T19:26:46.671Z"}
{"level":"info","message":"⌛ Validating enemigos.wlk","timeElapsed":357,"timestamp":"2025-07-03T19:26:47.047Z"}
{"level":"info","message":"⌛ Validating enemigos.wlk","timeElapsed":560,"timestamp":"2025-07-03T19:26:47.611Z"}
{"level":"info","message":"⌛ Validating enemigos.wlk","timeElapsed":450,"timestamp":"2025-07-03T19:26:48.063Z"}
{"level":"info","message":"⌛ Validating enemigos.wlk","timeElapsed":411,"timestamp":"2025-07-03T19:26:48.479Z"}
{"level":"info","message":"⌛ Validating enemigos.wlk","timeElapsed":490,"timestamp":"2025-07-03T19:26:48.970Z"}
{"level":"info","message":"⌛ Validating enemigos.wlk","timeElapsed":572,"timestamp":"2025-07-03T19:26:49.551Z"}
{"level":"info","message":"⌛ Validating enemigos.wlk","timeElapsed":393,"timestamp":"2025-07-03T19:26:49.945Z"}
{"level":"info","message":"⌛ Validating enemigos.wlk","timeElapsed":691,"timestamp":"2025-07-03T19:26:50.637Z"}
{"level":"info","message":"⌛ Validating enemigos.wlk","timeElapsed":346,"timestamp":"2025-07-03T19:26:50.984Z"}
{"level":"info","message":"⌛ Validating enemigos.wlk","timeElapsed":406,"timestamp":"2025-07-03T19:26:51.390Z"}
{"level":"info","message":"⌛ Validating enemigos.wlk","timeElapsed":370,"timestamp":"2025-07-03T19:26:51.765Z"}
{"level":"info","message":"⌛ Building environment","timeElapsed":313,"timestamp":"2025-07-03T19:26:52.079Z"}
{"level":"info","message":"⌛ Building environment","timeElapsed":287,"timestamp":"2025-07-03T19:26:52.457Z"}
{"level":"info","message":"⌛ Building environment","timeElapsed":348,"timestamp":"2025-07-03T19:26:52.807Z"}
{"level":"info","message":"⌛ Building environment","timeElapsed":339,"timestamp":"2025-07-03T19:26:53.154Z"}
{"level":"info","message":"⌛ Building environment","timeElapsed":393,"timestamp":"2025-07-03T19:26:53.597Z"}
{"level":"info","message":"⌛ Validating enemigos.wlk","timeElapsed":387,"timestamp":"2025-07-03T19:26:54.017Z"}
{"level":"info","message":"⌛ Validating enemigos.wlk","timeElapsed":463,"timestamp":"2025-07-03T19:26:54.486Z"}
{"level":"info","message":"⌛ Building environment","timeElapsed":333,"timestamp":"2025-07-03T19:26:54.825Z"}
{"level":"info","message":"⌛ Building environment","timeElapsed":563,"timestamp":"2025-07-03T19:26:55.393Z"}
{"level":"info","message":"⌛ Building environment","timeElapsed":615,"timestamp":"2025-07-03T19:26:56.028Z"}
{"level":"info","message":"⌛ Building environment","timeElapsed":591,"timestamp":"2025-07-03T19:26:56.694Z"}
{"level":"info","message":"⌛ Building environment","timeElapsed":499,"timestamp":"2025-07-03T19:26:57.195Z"}
{"level":"info","message":"⌛ Validating enemigos.wlk","timeElapsed":472,"timestamp":"2025-07-03T19:26:57.671Z"}
{"level":"info","message":"⌛ Building environment","timeElapsed":283,"timestamp":"2025-07-03T19:26:57.956Z"}
{"level":"info","message":"⌛ Building environment","timeElapsed":673,"timestamp":"2025-07-03T19:26:58.631Z"}
{"level":"info","message":"⌛ Validating enemigos.wlk","timeElapsed":535,"timestamp":"2025-07-03T19:26:59.171Z"}
{"level":"info","message":"⌛ Building environment","timeElapsed":390,"timestamp":"2025-07-03T19:26:59.602Z"}
{"level":"info","message":"⌛ Autocomplete - Class","timeElapsed":104,"timestamp":"2025-07-03T19:26:59.725Z"}
{"level":"info","message":"⌛ Building environment","timeElapsed":373,"timestamp":"2025-07-03T19:27:00.105Z"}
{"level":"info","message":"⌛ Building environment","timeElapsed":372,"timestamp":"2025-07-03T19:27:00.482Z"}
{"level":"info","message":"⌛ Validating enemigos.wlk","timeElapsed":613,"timestamp":"2025-07-03T19:27:01.112Z"}
{"level":"info","message":"⌛ Building environment","timeElapsed":1404,"timestamp":"2025-07-03T19:27:02.840Z"}
{"level":"info","message":"⌛ Building environment","timeElapsed":358,"timestamp":"2025-07-03T19:27:03.238Z"}
{"level":"info","message":"⌛ Building environment","timeElapsed":348,"timestamp":"2025-07-03T19:27:03.589Z"}
{"level":"info","message":"⌛ Building environment","timeElapsed":301,"timestamp":"2025-07-03T19:27:03.926Z"}
{"level":"info","message":"⌛ Building environment","timeElapsed":344,"timestamp":"2025-07-03T19:27:04.274Z"}
{"level":"info","message":"⌛ Building environment","timeElapsed":308,"timestamp":"2025-07-03T19:27:04.636Z"}
{"level":"info","message":"⌛ Building environment","timeElapsed":364,"timestamp":"2025-07-03T19:27:05.002Z"}
{"level":"info","message":"⌛ Validating enemigos.wlk","timeElapsed":550,"timestamp":"2025-07-03T19:27:05.555Z"}
{"level":"info","message":"⌛ Building environment","timeElapsed":456,"timestamp":"2025-07-03T19:27:06.013Z"}
{"level":"info","message":"⌛ Building environment","timeElapsed":359,"timestamp":"2025-07-03T19:27:06.375Z"}
{"level":"info","message":"⌛ Building environment","timeElapsed":410,"timestamp":"2025-07-03T19:27:06.848Z"}
{"level":"info","message":"⌛ Building environment","timeElapsed":434,"timestamp":"2025-07-03T19:27:07.307Z"}
{"level":"info","message":"⌛ Building environment","timeElapsed":870,"timestamp":"2025-07-03T19:27:08.180Z"}
{"level":"info","message":"⌛ Building environment","timeElapsed":410,"timestamp":"2025-07-03T19:27:08.597Z"}
{"level":"info","message":"⌛ Validating enemigos.wlk","timeElapsed":520,"timestamp":"2025-07-03T19:27:09.189Z"}
{"level":"info","message":"⌛ Building environment","timeElapsed":415,"timestamp":"2025-07-03T19:27:09.610Z"}
{"level":"info","message":"⌛ Building environment","timeElapsed":498,"timestamp":"2025-07-03T19:27:10.257Z"}
{"level":"info","message":"⌛ Building environment","timeElapsed":428,"timestamp":"2025-07-03T19:27:10.692Z"}
{"level":"info","message":"⌛ Building environment","timeElapsed":445,"timestamp":"2025-07-03T19:27:11.140Z"}
{"level":"info","message":"⌛ Validating enemigos.wlk","timeElapsed":440,"timestamp":"2025-07-03T19:27:11.637Z"}
{"level":"info","message":"⌛ Building environment","timeElapsed":464,"timestamp":"2025-07-03T19:27:12.102Z"}
{"level":"info","message":"⌛ Building environment","timeElapsed":1360,"timestamp":"2025-07-03T19:27:13.492Z"}
{"level":"info","message":"⌛ Building environment","timeElapsed":587,"timestamp":"2025-07-03T19:27:14.097Z"}
{"level":"info","message":"⌛ Building environment","timeElapsed":689,"timestamp":"2025-07-03T19:27:14.925Z"}
{"level":"info","message":"⌛ Building environment","timeElapsed":488,"timestamp":"2025-07-03T19:27:15.530Z"}
{"level":"info","message":"⌛ Building environment","timeElapsed":438,"timestamp":"2025-07-03T19:27:15.976Z"}
{"level":"info","message":"⌛ Building environment","timeElapsed":493,"timestamp":"2025-07-03T19:27:16.472Z"}
{"level":"info","message":"⌛ Building environment","timeElapsed":675,"timestamp":"2025-07-03T19:27:17.187Z"}
{"level":"info","message":"⌛ Building environment","timeElapsed":1489,"timestamp":"2025-07-03T19:27:18.754Z"}
{"level":"info","message":"⌛ Validating enemigos.wlk","timeElapsed":412,"timestamp":"2025-07-03T19:27:19.218Z"}
{"level":"info","message":"⌛ Validating enemigos.wlk","timeElapsed":670,"timestamp":"2025-07-03T19:27:20.019Z"}
{"level":"info","message":"⌛ Validating enemigos.wlk","timeElapsed":408,"timestamp":"2025-07-03T19:27:20.428Z"}
{"level":"info","message":"⌛ Building environment","timeElapsed":319,"timestamp":"2025-07-03T19:27:20.753Z"}
{"level":"info","message":"⌛ Validating enemigos.wlk","timeElapsed":438,"timestamp":"2025-07-03T19:27:21.192Z"}
{"level":"info","message":"⌛ Validating enemigos.wlk","timeElapsed":458,"timestamp":"2025-07-03T19:27:21.666Z"}
{"level":"info","message":"⌛ Validating enemigos.wlk","timeElapsed":321,"timestamp":"2025-07-03T19:27:21.994Z"}
{"level":"info","message":"⌛ Validating enemigos.wlk","timeElapsed":500,"timestamp":"2025-07-03T19:27:22.517Z"}
{"level":"info","message":"⌛ Validating enemigos.wlk","timeElapsed":367,"timestamp":"2025-07-03T19:27:22.889Z"}
{"level":"info","message":"⌛ Validating enemigos.wlk","timeElapsed":371,"timestamp":"2025-07-03T19:27:23.283Z"}
{"level":"info","message":"⌛ Validating enemigos.wlk","timeElapsed":323,"timestamp":"2025-07-03T19:27:23.626Z"}
{"level":"info","message":"⌛ Validating enemigos.wlk","timeElapsed":416,"timestamp":"2025-07-03T19:27:24.043Z"}
{"level":"info","message":"⌛ Validating enemigos.wlk","timeElapsed":376,"timestamp":"2025-07-03T19:27:24.425Z"}
{"level":"info","message":"⌛ Validating enemigos.wlk","timeElapsed":390,"timestamp":"2025-07-03T19:27:24.817Z"}
{"level":"info","message":"⌛ Validating enemigos.wlk","timeElapsed":371,"timestamp":"2025-07-03T19:27:25.193Z"}
{"level":"info","message":"⌛ Validating enemigos.wlk","timeElapsed":338,"timestamp":"2025-07-03T19:27:25.537Z"}
{"level":"info","message":"⌛ Validating enemigos.wlk","timeElapsed":350,"timestamp":"2025-07-03T19:27:25.891Z"}
{"level":"info","message":"⌛ Validating enemigos.wlk","timeElapsed":341,"timestamp":"2025-07-03T19:27:26.254Z"}
{"level":"info","message":"⌛ Validating enemigos.wlk","timeElapsed":375,"timestamp":"2025-07-03T19:27:26.628Z"}
{"level":"info","message":"⌛ Validating enemigos.wlk","timeElapsed":406,"timestamp":"2025-07-03T19:27:27.048Z"}
{"level":"info","message":"⌛ Validating enemigos.wlk","timeElapsed":339,"timestamp":"2025-07-03T19:27:27.392Z"}
{"level":"info","message":"⌛ Validating enemigos.wlk","timeElapsed":389,"timestamp":"2025-07-03T19:27:27.793Z"}
{"level":"info","message":"⌛ Validating enemigos.wlk","timeElapsed":376,"timestamp":"2025-07-03T19:27:28.188Z"}
{"level":"info","message":"⌛ Building environment","timeElapsed":276,"timestamp":"2025-07-03T19:27:28.476Z"}
{"level":"info","message":"⌛ Building environment","timeElapsed":309,"timestamp":"2025-07-03T19:27:28.788Z"}
{"level":"info","message":"⌛ Validating enemigos.wlk","timeElapsed":342,"timestamp":"2025-07-03T19:27:29.255Z"}
{"level":"info","message":"⌛ Building environment","timeElapsed":277,"timestamp":"2025-07-03T19:27:29.553Z"}
{"level":"info","message":"⌛ Building environment","timeElapsed":302,"timestamp":"2025-07-03T19:27:29.858Z"}
{"level":"info","message":"⌛ Building environment","timeElapsed":300,"timestamp":"2025-07-03T19:27:30.160Z"}
{"level":"info","message":"⌛ Building environment","timeElapsed":307,"timestamp":"2025-07-03T19:27:30.470Z"}
{"level":"error","message":"✘ Failed to rebuild document Failed to parse enemigos.wlk: \n-- PARSING FAILED --------------------------------------------------\n\n  62 |     const property vida\n  63 |     const property danio\n> 64 |     const'\n     |          ^\n  65 |     const property imagenRecibeDanio\n  66 | }\n\nExpected one of the following: \n\n'property', identifier, whitespace\n","stack":"Error: Failed to parse enemigos.wlk: \n-- PARSING FAILED --------------------------------------------------\n\n  62 |     const property vida\n  63 |     const property danio\n> 64 |     const'\n     |          ^\n  65 |     const property imagenRecibeDanio\n  66 | }\n\nExpected one of the following: \n\n'property', identifier, whitespace\n\n    at c:\\Users\\LUZ RAMIREZ\\.vscode\\extensions\\uqbar.wollok-lsp-ide-0.5.2\\out\\server\\src\\server.js:2326:13026\n    at Array.map (<anonymous>)\n    at D1n (c:\\Users\\LUZ RAMIREZ\\.vscode\\extensions\\uqbar.wollok-lsp-ide-0.5.2\\out\\server\\src\\server.js:2326:12950)\n    at W2.buildEnvironmentFrom (c:\\Users\\LUZ RAMIREZ\\.vscode\\extensions\\uqbar.wollok-lsp-ide-0.5.2\\out\\server\\src\\server.js:2371:5254)\n    at W2.updateEnvironmentWith (c:\\Users\\LUZ RAMIREZ\\.vscode\\extensions\\uqbar.wollok-lsp-ide-0.5.2\\out\\server\\src\\server.js:2371:4989)\n    at GF (c:\\Users\\LUZ RAMIREZ\\.vscode\\extensions\\uqbar.wollok-lsp-ide-0.5.2\\out\\server\\src\\server.js:2371:7383)\n    at L3.invoke (c:\\Users\\LUZ RAMIREZ\\.vscode\\extensions\\uqbar.wollok-lsp-ide-0.5.2\\out\\server\\src\\server.js:3:157326)\n    at o.fire (c:\\Users\\LUZ RAMIREZ\\.vscode\\extensions\\uqbar.wollok-lsp-ide-0.5.2\\out\\server\\src\\server.js:3:158096)\n    at c:\\Users\\LUZ RAMIREZ\\.vscode\\extensions\\uqbar.wollok-lsp-ide-0.5.2\\out\\server\\src\\server.js:37:57871\n    at Kr (c:\\Users\\LUZ RAMIREZ\\.vscode\\extensions\\uqbar.wollok-lsp-ide-0.5.2\\out\\server\\src\\server.js:8:1561)","timestamp":"2025-07-03T19:27:30.589Z"}
{"level":"error","message":"✘ Failed to rebuild document Failed to parse enemigos.wlk: \n-- PARSING FAILED --------------------------------------------------\n\n  62 |     const property vida\n  63 |     const property danio\n> 64 |     const' \n     |          ^\n  65 |     const property imagenRecibeDanio\n  66 | }\n\nExpected one of the following: \n\n'property', identifier, whitespace\n","stack":"Error: Failed to parse enemigos.wlk: \n-- PARSING FAILED --------------------------------------------------\n\n  62 |     const property vida\n  63 |     const property danio\n> 64 |     const' \n     |          ^\n  65 |     const property imagenRecibeDanio\n  66 | }\n\nExpected one of the following: \n\n'property', identifier, whitespace\n\n    at c:\\Users\\LUZ RAMIREZ\\.vscode\\extensions\\uqbar.wollok-lsp-ide-0.5.2\\out\\server\\src\\server.js:2326:13026\n    at Array.map (<anonymous>)\n    at D1n (c:\\Users\\LUZ RAMIREZ\\.vscode\\extensions\\uqbar.wollok-lsp-ide-0.5.2\\out\\server\\src\\server.js:2326:12950)\n    at W2.buildEnvironmentFrom (c:\\Users\\LUZ RAMIREZ\\.vscode\\extensions\\uqbar.wollok-lsp-ide-0.5.2\\out\\server\\src\\server.js:2371:5254)\n    at W2.updateEnvironmentWith (c:\\Users\\LUZ RAMIREZ\\.vscode\\extensions\\uqbar.wollok-lsp-ide-0.5.2\\out\\server\\src\\server.js:2371:4989)\n    at GF (c:\\Users\\LUZ RAMIREZ\\.vscode\\extensions\\uqbar.wollok-lsp-ide-0.5.2\\out\\server\\src\\server.js:2371:7383)\n    at L3.invoke (c:\\Users\\LUZ RAMIREZ\\.vscode\\extensions\\uqbar.wollok-lsp-ide-0.5.2\\out\\server\\src\\server.js:3:157326)\n    at o.fire (c:\\Users\\LUZ RAMIREZ\\.vscode\\extensions\\uqbar.wollok-lsp-ide-0.5.2\\out\\server\\src\\server.js:3:158096)\n    at c:\\Users\\LUZ RAMIREZ\\.vscode\\extensions\\uqbar.wollok-lsp-ide-0.5.2\\out\\server\\src\\server.js:37:57871\n    at Kr (c:\\Users\\LUZ RAMIREZ\\.vscode\\extensions\\uqbar.wollok-lsp-ide-0.5.2\\out\\server\\src\\server.js:8:1561)","timestamp":"2025-07-03T19:27:30.616Z"}
{"level":"error","message":"✘ Failed to rebuild document Failed to parse enemigos.wlk: \n-- PARSING FAILED --------------------------------------------------\n\n  62 |     const property vida\n  63 |     const property danio\n> 64 |     const' p\n     |          ^\n  65 |     const property imagenRecibeDanio\n  66 | }\n\nExpected one of the following: \n\n'property', identifier, whitespace\n","stack":"Error: Failed to parse enemigos.wlk: \n-- PARSING FAILED --------------------------------------------------\n\n  62 |     const property vida\n  63 |     const property danio\n> 64 |     const' p\n     |          ^\n  65 |     const property imagenRecibeDanio\n  66 | }\n\nExpected one of the following: \n\n'property', identifier, whitespace\n\n    at c:\\Users\\LUZ RAMIREZ\\.vscode\\extensions\\uqbar.wollok-lsp-ide-0.5.2\\out\\server\\src\\server.js:2326:13026\n    at Array.map (<anonymous>)\n    at D1n (c:\\Users\\LUZ RAMIREZ\\.vscode\\extensions\\uqbar.wollok-lsp-ide-0.5.2\\out\\server\\src\\server.js:2326:12950)\n    at W2.buildEnvironmentFrom (c:\\Users\\LUZ RAMIREZ\\.vscode\\extensions\\uqbar.wollok-lsp-ide-0.5.2\\out\\server\\src\\server.js:2371:5254)\n    at W2.updateEnvironmentWith (c:\\Users\\LUZ RAMIREZ\\.vscode\\extensions\\uqbar.wollok-lsp-ide-0.5.2\\out\\server\\src\\server.js:2371:4989)\n    at GF (c:\\Users\\LUZ RAMIREZ\\.vscode\\extensions\\uqbar.wollok-lsp-ide-0.5.2\\out\\server\\src\\server.js:2371:7383)\n    at L3.invoke (c:\\Users\\LUZ RAMIREZ\\.vscode\\extensions\\uqbar.wollok-lsp-ide-0.5.2\\out\\server\\src\\server.js:3:157326)\n    at o.fire (c:\\Users\\LUZ RAMIREZ\\.vscode\\extensions\\uqbar.wollok-lsp-ide-0.5.2\\out\\server\\src\\server.js:3:158096)\n    at c:\\Users\\LUZ RAMIREZ\\.vscode\\extensions\\uqbar.wollok-lsp-ide-0.5.2\\out\\server\\src\\server.js:37:57871\n    at Kr (c:\\Users\\LUZ RAMIREZ\\.vscode\\extensions\\uqbar.wollok-lsp-ide-0.5.2\\out\\server\\src\\server.js:8:1561)","timestamp":"2025-07-03T19:27:30.725Z"}
{"level":"error","message":"✘ Failed to rebuild document Failed to parse enemigos.wlk: \n-- PARSING FAILED --------------------------------------------------\n\n  62 |     const property vida\n  63 |     const property danio\n> 64 |     const' pr\n     |          ^\n  65 |     const property imagenRecibeDanio\n  66 | }\n\nExpected one of the following: \n\n'property', identifier, whitespace\n","stack":"Error: Failed to parse enemigos.wlk: \n-- PARSING FAILED --------------------------------------------------\n\n  62 |     const property vida\n  63 |     const property danio\n> 64 |     const' pr\n     |          ^\n  65 |     const property imagenRecibeDanio\n  66 | }\n\nExpected one of the following: \n\n'property', identifier, whitespace\n\n    at c:\\Users\\LUZ RAMIREZ\\.vscode\\extensions\\uqbar.wollok-lsp-ide-0.5.2\\out\\server\\src\\server.js:2326:13026\n    at Array.map (<anonymous>)\n    at D1n (c:\\Users\\LUZ RAMIREZ\\.vscode\\extensions\\uqbar.wollok-lsp-ide-0.5.2\\out\\server\\src\\server.js:2326:12950)\n    at W2.buildEnvironmentFrom (c:\\Users\\LUZ RAMIREZ\\.vscode\\extensions\\uqbar.wollok-lsp-ide-0.5.2\\out\\server\\src\\server.js:2371:5254)\n    at W2.updateEnvironmentWith (c:\\Users\\LUZ RAMIREZ\\.vscode\\extensions\\uqbar.wollok-lsp-ide-0.5.2\\out\\server\\src\\server.js:2371:4989)\n    at GF (c:\\Users\\LUZ RAMIREZ\\.vscode\\extensions\\uqbar.wollok-lsp-ide-0.5.2\\out\\server\\src\\server.js:2371:7383)\n    at L3.invoke (c:\\Users\\LUZ RAMIREZ\\.vscode\\extensions\\uqbar.wollok-lsp-ide-0.5.2\\out\\server\\src\\server.js:3:157326)\n    at o.fire (c:\\Users\\LUZ RAMIREZ\\.vscode\\extensions\\uqbar.wollok-lsp-ide-0.5.2\\out\\server\\src\\server.js:3:158096)\n    at c:\\Users\\LUZ RAMIREZ\\.vscode\\extensions\\uqbar.wollok-lsp-ide-0.5.2\\out\\server\\src\\server.js:37:57871\n    at Kr (c:\\Users\\LUZ RAMIREZ\\.vscode\\extensions\\uqbar.wollok-lsp-ide-0.5.2\\out\\server\\src\\server.js:8:1561)","timestamp":"2025-07-03T19:27:30.857Z"}
{"level":"info","message":"⌛ Validating enemigos.wlk","timeElapsed":377,"timestamp":"2025-07-03T19:27:31.239Z"}
{"level":"error","message":"✘ Failed to rebuild document Failed to parse enemigos.wlk: \n-- PARSING FAILED --------------------------------------------------\n\n  62 |     const property vida\n  63 |     const property danio\n> 64 |     const' p\n     |          ^\n  65 |     const property imagenRecibeDanio\n  66 | }\n\nExpected one of the following: \n\n'property', identifier, whitespace\n","stack":"Error: Failed to parse enemigos.wlk: \n-- PARSING FAILED --------------------------------------------------\n\n  62 |     const property vida\n  63 |     const property danio\n> 64 |     const' p\n     |          ^\n  65 |     const property imagenRecibeDanio\n  66 | }\n\nExpected one of the following: \n\n'property', identifier, whitespace\n\n    at c:\\Users\\LUZ RAMIREZ\\.vscode\\extensions\\uqbar.wollok-lsp-ide-0.5.2\\out\\server\\src\\server.js:2326:13026\n    at Array.map (<anonymous>)\n    at D1n (c:\\Users\\LUZ RAMIREZ\\.vscode\\extensions\\uqbar.wollok-lsp-ide-0.5.2\\out\\server\\src\\server.js:2326:12950)\n    at W2.buildEnvironmentFrom (c:\\Users\\LUZ RAMIREZ\\.vscode\\extensions\\uqbar.wollok-lsp-ide-0.5.2\\out\\server\\src\\server.js:2371:5254)\n    at W2.updateEnvironmentWith (c:\\Users\\LUZ RAMIREZ\\.vscode\\extensions\\uqbar.wollok-lsp-ide-0.5.2\\out\\server\\src\\server.js:2371:4989)\n    at GF (c:\\Users\\LUZ RAMIREZ\\.vscode\\extensions\\uqbar.wollok-lsp-ide-0.5.2\\out\\server\\src\\server.js:2371:7383)\n    at L3.invoke (c:\\Users\\LUZ RAMIREZ\\.vscode\\extensions\\uqbar.wollok-lsp-ide-0.5.2\\out\\server\\src\\server.js:3:157326)\n    at o.fire (c:\\Users\\LUZ RAMIREZ\\.vscode\\extensions\\uqbar.wollok-lsp-ide-0.5.2\\out\\server\\src\\server.js:3:158096)\n    at c:\\Users\\LUZ RAMIREZ\\.vscode\\extensions\\uqbar.wollok-lsp-ide-0.5.2\\out\\server\\src\\server.js:37:57871\n    at Kr (c:\\Users\\LUZ RAMIREZ\\.vscode\\extensions\\uqbar.wollok-lsp-ide-0.5.2\\out\\server\\src\\server.js:8:1561)","timestamp":"2025-07-03T19:27:31.318Z"}
{"level":"error","message":"✘ Failed to rebuild document Failed to parse enemigos.wlk: \n-- PARSING FAILED --------------------------------------------------\n\n  62 |     const property vida\n  63 |     const property danio\n> 64 |     const' \n     |          ^\n  65 |     const property imagenRecibeDanio\n  66 | }\n\nExpected one of the following: \n\n'property', identifier, whitespace\n","stack":"Error: Failed to parse enemigos.wlk: \n-- PARSING FAILED --------------------------------------------------\n\n  62 |     const property vida\n  63 |     const property danio\n> 64 |     const' \n     |          ^\n  65 |     const property imagenRecibeDanio\n  66 | }\n\nExpected one of the following: \n\n'property', identifier, whitespace\n\n    at c:\\Users\\LUZ RAMIREZ\\.vscode\\extensions\\uqbar.wollok-lsp-ide-0.5.2\\out\\server\\src\\server.js:2326:13026\n    at Array.map (<anonymous>)\n    at D1n (c:\\Users\\LUZ RAMIREZ\\.vscode\\extensions\\uqbar.wollok-lsp-ide-0.5.2\\out\\server\\src\\server.js:2326:12950)\n    at W2.buildEnvironmentFrom (c:\\Users\\LUZ RAMIREZ\\.vscode\\extensions\\uqbar.wollok-lsp-ide-0.5.2\\out\\server\\src\\server.js:2371:5254)\n    at W2.updateEnvironmentWith (c:\\Users\\LUZ RAMIREZ\\.vscode\\extensions\\uqbar.wollok-lsp-ide-0.5.2\\out\\server\\src\\server.js:2371:4989)\n    at GF (c:\\Users\\LUZ RAMIREZ\\.vscode\\extensions\\uqbar.wollok-lsp-ide-0.5.2\\out\\server\\src\\server.js:2371:7383)\n    at L3.invoke (c:\\Users\\LUZ RAMIREZ\\.vscode\\extensions\\uqbar.wollok-lsp-ide-0.5.2\\out\\server\\src\\server.js:3:157326)\n    at o.fire (c:\\Users\\LUZ RAMIREZ\\.vscode\\extensions\\uqbar.wollok-lsp-ide-0.5.2\\out\\server\\src\\server.js:3:158096)\n    at c:\\Users\\LUZ RAMIREZ\\.vscode\\extensions\\uqbar.wollok-lsp-ide-0.5.2\\out\\server\\src\\server.js:37:57871\n    at Kr (c:\\Users\\LUZ RAMIREZ\\.vscode\\extensions\\uqbar.wollok-lsp-ide-0.5.2\\out\\server\\src\\server.js:8:1561)","timestamp":"2025-07-03T19:27:31.389Z"}
{"level":"info","message":"⌛ Validating enemigos.wlk","timeElapsed":468,"timestamp":"2025-07-03T19:27:31.859Z"}
{"level":"error","message":"✘ Failed to rebuild document Failed to parse enemigos.wlk: \n-- PARSING FAILED --------------------------------------------------\n\n  62 |     const property vida\n  63 |     const property danio\n> 64 |     const'\n     |          ^\n  65 |     const property imagenRecibeDanio\n  66 | }\n\nExpected one of the following: \n\n'property', identifier, whitespace\n","stack":"Error: Failed to parse enemigos.wlk: \n-- PARSING FAILED --------------------------------------------------\n\n  62 |     const property vida\n  63 |     const property danio\n> 64 |     const'\n     |          ^\n  65 |     const property imagenRecibeDanio\n  66 | }\n\nExpected one of the following: \n\n'property', identifier, whitespace\n\n    at c:\\Users\\LUZ RAMIREZ\\.vscode\\extensions\\uqbar.wollok-lsp-ide-0.5.2\\out\\server\\src\\server.js:2326:13026\n    at Array.map (<anonymous>)\n    at D1n (c:\\Users\\LUZ RAMIREZ\\.vscode\\extensions\\uqbar.wollok-lsp-ide-0.5.2\\out\\server\\src\\server.js:2326:12950)\n    at W2.buildEnvironmentFrom (c:\\Users\\LUZ RAMIREZ\\.vscode\\extensions\\uqbar.wollok-lsp-ide-0.5.2\\out\\server\\src\\server.js:2371:5254)\n    at W2.updateEnvironmentWith (c:\\Users\\LUZ RAMIREZ\\.vscode\\extensions\\uqbar.wollok-lsp-ide-0.5.2\\out\\server\\src\\server.js:2371:4989)\n    at GF (c:\\Users\\LUZ RAMIREZ\\.vscode\\extensions\\uqbar.wollok-lsp-ide-0.5.2\\out\\server\\src\\server.js:2371:7383)\n    at L3.invoke (c:\\Users\\LUZ RAMIREZ\\.vscode\\extensions\\uqbar.wollok-lsp-ide-0.5.2\\out\\server\\src\\server.js:3:157326)\n    at o.fire (c:\\Users\\LUZ RAMIREZ\\.vscode\\extensions\\uqbar.wollok-lsp-ide-0.5.2\\out\\server\\src\\server.js:3:158096)\n    at c:\\Users\\LUZ RAMIREZ\\.vscode\\extensions\\uqbar.wollok-lsp-ide-0.5.2\\out\\server\\src\\server.js:37:57871\n    at Kr (c:\\Users\\LUZ RAMIREZ\\.vscode\\extensions\\uqbar.wollok-lsp-ide-0.5.2\\out\\server\\src\\server.js:8:1561)","timestamp":"2025-07-03T19:27:31.957Z"}
{"level":"info","message":"⌛ Building environment","timeElapsed":417,"timestamp":"2025-07-03T19:27:32.375Z"}
{"level":"info","message":"⌛ Building environment","timeElapsed":426,"timestamp":"2025-07-03T19:27:32.802Z"}
{"level":"info","message":"⌛ Validating enemigos.wlk","timeElapsed":405,"timestamp":"2025-07-03T19:27:33.208Z"}
{"level":"info","message":"⌛ Building environment","timeElapsed":722,"timestamp":"2025-07-03T19:27:33.937Z"}
{"level":"info","message":"⌛ Building environment","timeElapsed":322,"timestamp":"2025-07-03T19:27:34.262Z"}
{"level":"info","message":"⌛ Building environment","timeElapsed":316,"timestamp":"2025-07-03T19:27:34.584Z"}
{"level":"info","message":"⌛ Validating enemigos.wlk","timeElapsed":416,"timestamp":"2025-07-03T19:27:35.053Z"}
{"level":"info","message":"⌛ Building environment","timeElapsed":363,"timestamp":"2025-07-03T19:27:35.422Z"}
{"level":"info","message":"⌛ Building environment","timeElapsed":390,"timestamp":"2025-07-03T19:27:35.812Z"}
{"level":"info","message":"⌛ Building environment","timeElapsed":1025,"timestamp":"2025-07-03T19:27:36.841Z"}
{"level":"info","message":"⌛ Building environment","timeElapsed":411,"timestamp":"2025-07-03T19:27:37.298Z"}
{"level":"info","message":"⌛ Validating enemigos.wlk","timeElapsed":436,"timestamp":"2025-07-03T19:27:37.792Z"}
{"level":"info","message":"⌛ Building environment","timeElapsed":296,"timestamp":"2025-07-03T19:27:38.090Z"}
{"level":"info","message":"⌛ Building environment","timeElapsed":320,"timestamp":"2025-07-03T19:27:38.412Z"}
{"level":"info","message":"⌛ Validating enemigos.wlk","timeElapsed":348,"timestamp":"2025-07-03T19:27:38.763Z"}
{"level":"info","message":"⌛ Building environment","timeElapsed":1236,"timestamp":"2025-07-03T19:27:40.012Z"}
{"level":"info","message":"⌛ Building environment","timeElapsed":395,"timestamp":"2025-07-03T19:27:40.409Z"}
{"level":"info","message":"⌛ Building environment","timeElapsed":411,"timestamp":"2025-07-03T19:27:40.824Z"}
{"level":"info","message":"⌛ Building environment","timeElapsed":1305,"timestamp":"2025-07-03T19:27:42.188Z"}
{"level":"info","message":"⌛ Building environment","timeElapsed":301,"timestamp":"2025-07-03T19:27:42.492Z"}
{"level":"info","message":"⌛ Building environment","timeElapsed":304,"timestamp":"2025-07-03T19:27:42.798Z"}
{"level":"info","message":"⌛ Building environment","timeElapsed":295,"timestamp":"2025-07-03T19:27:43.103Z"}
{"level":"info","message":"⌛ Building environment","timeElapsed":376,"timestamp":"2025-07-03T19:27:43.480Z"}
{"level":"info","message":"⌛ Validating enemigos.wlk","timeElapsed":347,"timestamp":"2025-07-03T19:27:43.874Z"}
{"level":"info","message":"⌛ Building environment","timeElapsed":2664,"timestamp":"2025-07-03T19:27:46.598Z"}
{"level":"info","message":"⌛ Building environment","timeElapsed":324,"timestamp":"2025-07-03T19:27:46.964Z"}
{"level":"info","message":"⌛ Building environment","timeElapsed":300,"timestamp":"2025-07-03T19:27:47.274Z"}
{"level":"info","message":"⌛ Validating enemigos.wlk","timeElapsed":389,"timestamp":"2025-07-03T19:27:47.663Z"}
{"level":"info","message":"⌛ Building environment","timeElapsed":292,"timestamp":"2025-07-03T19:27:47.957Z"}
{"level":"info","message":"⌛ Building environment","timeElapsed":295,"timestamp":"2025-07-03T19:27:48.255Z"}
{"level":"info","message":"⌛ Building environment","timeElapsed":294,"timestamp":"2025-07-03T19:27:48.595Z"}
{"level":"info","message":"⌛ Validating enemigos.wlk","timeElapsed":356,"timestamp":"2025-07-03T19:27:48.967Z"}
{"level":"info","message":"⌛ Building environment","timeElapsed":280,"timestamp":"2025-07-03T19:27:49.264Z"}
{"level":"info","message":"⌛ Building environment","timeElapsed":286,"timestamp":"2025-07-03T19:27:49.557Z"}
{"level":"info","message":"⌛ Building environment","timeElapsed":300,"timestamp":"2025-07-03T19:27:49.860Z"}
{"level":"info","message":"⌛ Building environment","timeElapsed":302,"timestamp":"2025-07-03T19:27:50.164Z"}
{"level":"info","message":"⌛ Validating enemigos.wlk","timeElapsed":338,"timestamp":"2025-07-03T19:27:50.555Z"}
{"level":"info","message":"⌛ Building environment","timeElapsed":295,"timestamp":"2025-07-03T19:27:50.857Z"}
{"level":"info","message":"⌛ Validating enemigos.wlk","timeElapsed":326,"timestamp":"2025-07-03T19:27:51.241Z"}
{"level":"info","message":"⌛ Validating enemigos.wlk","timeElapsed":341,"timestamp":"2025-07-03T19:27:51.584Z"}
{"level":"info","message":"⌛ Validating enemigos.wlk","timeElapsed":343,"timestamp":"2025-07-03T19:27:51.947Z"}
{"level":"info","message":"⌛ Validating enemigos.wlk","timeElapsed":325,"timestamp":"2025-07-03T19:27:52.291Z"}
{"level":"info","message":"⌛ Validating enemigos.wlk","timeElapsed":333,"timestamp":"2025-07-03T19:27:52.653Z"}
{"level":"info","message":"⌛ Validating enemigos.wlk","timeElapsed":349,"timestamp":"2025-07-03T19:27:53.004Z"}
{"level":"info","message":"⌛ Validating enemigos.wlk","timeElapsed":338,"timestamp":"2025-07-03T19:27:53.346Z"}
{"level":"info","message":"⌛ Validating enemigos.wlk","timeElapsed":350,"timestamp":"2025-07-03T19:27:53.704Z"}
{"level":"info","message":"⌛ Validating enemigos.wlk","timeElapsed":361,"timestamp":"2025-07-03T19:27:54.067Z"}
{"level":"info","message":"⌛ Validating enemigos.wlk","timeElapsed":336,"timestamp":"2025-07-03T19:27:54.422Z"}
{"level":"info","message":"⌛ Validating enemigos.wlk","timeElapsed":320,"timestamp":"2025-07-03T19:27:55.044Z"}
{"level":"info","message":"⌛ Validating enemigos.wlk","timeElapsed":308,"timestamp":"2025-07-03T19:27:55.357Z"}
{"level":"info","message":"⌛ Validating enemigos.wlk","timeElapsed":319,"timestamp":"2025-07-03T19:27:55.705Z"}
{"level":"info","message":"⌛ Validating enemigos.wlk","timeElapsed":333,"timestamp":"2025-07-03T19:27:56.057Z"}
{"level":"info","message":"⌛ Validating enemigos.wlk","timeElapsed":331,"timestamp":"2025-07-03T19:27:56.392Z"}
{"level":"info","message":"⌛ Validating enemigos.wlk","timeElapsed":321,"timestamp":"2025-07-03T19:27:56.722Z"}
{"level":"info","message":"⌛ Building environment","timeElapsed":361,"timestamp":"2025-07-03T19:27:57.090Z"}
{"level":"info","message":"⌛ Building environment","timeElapsed":370,"timestamp":"2025-07-03T19:27:57.463Z"}
{"level":"info","message":"⌛ Building environment","timeElapsed":291,"timestamp":"2025-07-03T19:27:57.777Z"}
{"level":"info","message":"⌛ Building environment","timeElapsed":290,"timestamp":"2025-07-03T19:27:58.196Z"}
{"level":"info","message":"⌛ Building environment","timeElapsed":344,"timestamp":"2025-07-03T19:27:58.547Z"}
{"level":"info","message":"⌛ Building environment","timeElapsed":305,"timestamp":"2025-07-03T19:27:58.858Z"}
{"level":"info","message":"⌛ Building environment","timeElapsed":295,"timestamp":"2025-07-03T19:27:59.218Z"}
{"level":"info","message":"⌛ Building environment","timeElapsed":350,"timestamp":"2025-07-03T19:27:59.574Z"}
{"level":"info","message":"⌛ Building environment","timeElapsed":302,"timestamp":"2025-07-03T19:27:59.878Z"}
{"level":"info","message":"⌛ Validating enemigos.wlk","timeElapsed":343,"timestamp":"2025-07-03T19:28:00.278Z"}
{"level":"info","message":"⌛ Validating enemigos.wlk","timeElapsed":1181,"timestamp":"2025-07-03T19:28:01.545Z"}
{"level":"info","message":"⌛ Building environment","timeElapsed":1895,"timestamp":"2025-07-03T19:28:03.474Z"}
{"level":"info","message":"⌛ Building environment","timeElapsed":353,"timestamp":"2025-07-03T19:28:03.852Z"}
{"level":"info","message":"⌛ Validating enemigos.wlk","timeElapsed":365,"timestamp":"2025-07-03T19:28:04.220Z"}
{"level":"info","message":"⌛ Validating enemigos.wlk","timeElapsed":357,"timestamp":"2025-07-03T19:28:04.594Z"}
{"level":"info","message":"⌛ Validating enemigos.wlk","timeElapsed":366,"timestamp":"2025-07-03T19:28:04.984Z"}
{"level":"info","message":"⌛ Building environment","timeElapsed":287,"timestamp":"2025-07-03T19:28:05.273Z"}
{"level":"info","message":"⌛ Building environment","timeElapsed":311,"timestamp":"2025-07-03T19:28:05.619Z"}
{"level":"info","message":"⌛ Building environment","timeElapsed":373,"timestamp":"2025-07-03T19:28:05.996Z"}
{"level":"info","message":"⌛ Validating enemigos.wlk","timeElapsed":332,"timestamp":"2025-07-03T19:28:06.333Z"}
{"level":"info","message":"⌛ Validating enemigos.wlk","timeElapsed":326,"timestamp":"2025-07-03T19:28:06.696Z"}
{"level":"info","message":"⌛ Validating enemigos.wlk","timeElapsed":403,"timestamp":"2025-07-03T19:28:07.102Z"}
{"level":"info","message":"⌛ Validating enemigos.wlk","timeElapsed":351,"timestamp":"2025-07-03T19:28:07.454Z"}
{"level":"info","message":"⌛ Validating enemigos.wlk","timeElapsed":332,"timestamp":"2025-07-03T19:28:07.793Z"}
{"level":"info","message":"⌛ Validating enemigos.wlk","timeElapsed":352,"timestamp":"2025-07-03T19:28:08.153Z"}
{"level":"info","message":"⌛ Validating enemigos.wlk","timeElapsed":330,"timestamp":"2025-07-03T19:28:08.508Z"}
{"level":"info","message":"⌛ Validating enemigos.wlk","timeElapsed":323,"timestamp":"2025-07-03T19:28:08.839Z"}
{"level":"info","message":"⌛ Validating enemigos.wlk","timeElapsed":352,"timestamp":"2025-07-03T19:28:09.195Z"}
{"level":"info","message":"⌛ Validating enemigos.wlk","timeElapsed":342,"timestamp":"2025-07-03T19:28:09.542Z"}
{"level":"info","message":"⌛ Validating enemigos.wlk","timeElapsed":340,"timestamp":"2025-07-03T19:28:09.893Z"}
{"level":"info","message":"⌛ Validating enemigos.wlk","timeElapsed":341,"timestamp":"2025-07-03T19:28:10.234Z"}
{"level":"info","message":"⌛ Validating enemigos.wlk","timeElapsed":333,"timestamp":"2025-07-03T19:28:10.571Z"}
{"level":"info","message":"⌛ Validating enemigos.wlk","timeElapsed":350,"timestamp":"2025-07-03T19:28:10.922Z"}
{"level":"info","message":"⌛ Validating enemigos.wlk","timeElapsed":342,"timestamp":"2025-07-03T19:28:11.278Z"}
{"level":"info","message":"⌛ Validating enemigos.wlk","timeElapsed":349,"timestamp":"2025-07-03T19:28:11.632Z"}
{"level":"info","message":"⌛ Validating enemigos.wlk","timeElapsed":352,"timestamp":"2025-07-03T19:28:11.990Z"}
{"level":"info","message":"⌛ Validating enemigos.wlk","timeElapsed":350,"timestamp":"2025-07-03T19:28:12.352Z"}
{"level":"info","message":"⌛ Validating enemigos.wlk","timeElapsed":349,"timestamp":"2025-07-03T19:28:12.706Z"}
{"level":"info","message":"⌛ Validating enemigos.wlk","timeElapsed":348,"timestamp":"2025-07-03T19:28:13.055Z"}
{"level":"info","message":"⌛ Validating enemigos.wlk","timeElapsed":349,"timestamp":"2025-07-03T19:28:13.420Z"}
{"level":"info","message":"⌛ Validating enemigos.wlk","timeElapsed":328,"timestamp":"2025-07-03T19:28:13.767Z"}
{"level":"info","message":"⌛ Validating enemigos.wlk","timeElapsed":348,"timestamp":"2025-07-03T19:28:14.119Z"}
{"level":"info","message":"⌛ Validating enemigos.wlk","timeElapsed":338,"timestamp":"2025-07-03T19:28:14.459Z"}
{"level":"info","message":"⌛ Validating enemigos.wlk","timeElapsed":319,"timestamp":"2025-07-03T19:28:14.789Z"}
{"level":"info","message":"⌛ Validating enemigos.wlk","timeElapsed":310,"timestamp":"2025-07-03T19:28:15.218Z"}
{"level":"info","message":"⌛ Validating enemigos.wlk","timeElapsed":350,"timestamp":"2025-07-03T19:28:15.571Z"}
{"level":"info","message":"⌛ Validating enemigos.wlk","timeElapsed":340,"timestamp":"2025-07-03T19:28:15.935Z"}
{"level":"info","message":"⌛ Validating enemigos.wlk","timeElapsed":339,"timestamp":"2025-07-03T19:28:16.275Z"}
{"level":"info","message":"⌛ Validating enemigos.wlk","timeElapsed":327,"timestamp":"2025-07-03T19:28:16.608Z"}
{"level":"info","message":"⌛ Validating enemigos.wlk","timeElapsed":339,"timestamp":"2025-07-03T19:28:16.952Z"}
{"level":"info","message":"⌛ Validating enemigos.wlk","timeElapsed":337,"timestamp":"2025-07-03T19:28:17.289Z"}
{"level":"info","message":"⌛ Validating enemigos.wlk","timeElapsed":335,"timestamp":"2025-07-03T19:28:17.625Z"}
{"level":"info","message":"⌛ Validating enemigos.wlk","timeElapsed":335,"timestamp":"2025-07-03T19:28:17.970Z"}
{"level":"info","message":"⌛ Validating enemigos.wlk","timeElapsed":316,"timestamp":"2025-07-03T19:28:18.314Z"}
{"level":"info","message":"⌛ Validating enemigos.wlk","timeElapsed":328,"timestamp":"2025-07-03T19:28:18.642Z"}
{"level":"info","message":"⌛ Validating enemigos.wlk","timeElapsed":329,"timestamp":"2025-07-03T19:28:19.005Z"}
{"level":"info","message":"⌛ Validating enemigos.wlk","timeElapsed":329,"timestamp":"2025-07-03T19:28:19.339Z"}
{"level":"info","message":"⌛ Validating enemigos.wlk","timeElapsed":328,"timestamp":"2025-07-03T19:28:19.671Z"}
{"level":"info","message":"⌛ Building environment","timeElapsed":365,"timestamp":"2025-07-03T19:29:34.379Z"}
{"level":"info","message":"⌛ Validating enemigos.wlk","timeElapsed":346,"timestamp":"2025-07-03T19:29:34.793Z"}
{"level":"info","message":"⌛ Building environment","timeElapsed":655,"timestamp":"2025-07-03T19:29:49.884Z"}
{"level":"info","message":"⌛ Building environment","timeElapsed":765,"timestamp":"2025-07-03T19:29:50.667Z"}
{"level":"info","message":"⌛ Building environment","timeElapsed":429,"timestamp":"2025-07-03T19:29:51.099Z"}
{"level":"info","message":"⌛ Building environment","timeElapsed":596,"timestamp":"2025-07-03T19:29:51.697Z"}
{"level":"info","message":"⌛ Building environment","timeElapsed":360,"timestamp":"2025-07-03T19:29:52.060Z"}
{"level":"info","message":"⌛ Validating enemigos.wlk","timeElapsed":424,"timestamp":"2025-07-03T19:29:52.487Z"}
{"level":"info","message":"⌛ Building environment","timeElapsed":757,"timestamp":"2025-07-03T19:29:53.247Z"}
{"level":"info","message":"⌛ Building environment","timeElapsed":461,"timestamp":"2025-07-03T19:29:53.712Z"}
{"level":"info","message":"⌛ Building environment","timeElapsed":783,"timestamp":"2025-07-03T19:29:54.497Z"}
{"level":"info","message":"⌛ Building environment","timeElapsed":686,"timestamp":"2025-07-03T19:29:55.185Z"}
{"level":"info","message":"⌛ Validating enemigos.wlk","timeElapsed":938,"timestamp":"2025-07-03T19:29:56.166Z"}
{"level":"info","message":"⌛ Building environment","timeElapsed":1238,"timestamp":"2025-07-03T19:29:57.408Z"}
{"level":"info","message":"⌛ Building environment","timeElapsed":507,"timestamp":"2025-07-03T19:29:57.917Z"}
{"level":"info","message":"⌛ Building environment","timeElapsed":324,"timestamp":"2025-07-03T19:29:58.243Z"}
{"level":"info","message":"⌛ Building environment","timeElapsed":350,"timestamp":"2025-07-03T19:29:58.631Z"}
{"level":"info","message":"⌛ Validating enemigos.wlk","timeElapsed":366,"timestamp":"2025-07-03T19:29:58.999Z"}
{"level":"info","message":"⌛ Validating enemigos.wlk","timeElapsed":338,"timestamp":"2025-07-03T19:29:59.382Z"}
{"level":"info","message":"⌛ Validating enemigos.wlk","timeElapsed":351,"timestamp":"2025-07-03T19:29:59.739Z"}
{"level":"info","message":"⌛ Building environment","timeElapsed":317,"timestamp":"2025-07-03T19:30:00.097Z"}
{"level":"info","message":"⌛ Building environment","timeElapsed":301,"timestamp":"2025-07-03T19:30:00.402Z"}
{"level":"info","message":"⌛ Validating enemigos.wlk","timeElapsed":562,"timestamp":"2025-07-03T19:30:01.157Z"}
{"level":"info","message":"⌛ Building environment","timeElapsed":638,"timestamp":"2025-07-03T19:30:01.835Z"}
{"level":"info","message":"⌛ Validating enemigos.wlk","timeElapsed":501,"timestamp":"2025-07-03T19:30:02.345Z"}
{"level":"info","message":"⌛ Building environment","timeElapsed":380,"timestamp":"2025-07-03T19:30:02.751Z"}
{"level":"info","message":"⌛ Building environment","timeElapsed":311,"timestamp":"2025-07-03T19:30:03.063Z"}
{"level":"info","message":"⌛ Building environment","timeElapsed":307,"timestamp":"2025-07-03T19:30:03.479Z"}
{"level":"info","message":"⌛ Building environment","timeElapsed":412,"timestamp":"2025-07-03T19:30:03.894Z"}
{"level":"info","message":"⌛ Validating enemigos.wlk","timeElapsed":538,"timestamp":"2025-07-03T19:30:04.432Z"}
{"level":"info","message":"⌛ Building environment","timeElapsed":494,"timestamp":"2025-07-03T19:30:04.929Z"}
{"level":"info","message":"⌛ Building environment","timeElapsed":431,"timestamp":"2025-07-03T19:30:05.400Z"}
{"level":"info","message":"⌛ Building environment","timeElapsed":547,"timestamp":"2025-07-03T19:30:05.948Z"}
{"level":"info","message":"⌛ Building environment","timeElapsed":379,"timestamp":"2025-07-03T19:30:06.329Z"}
{"level":"info","message":"⌛ Validating enemigos.wlk","timeElapsed":488,"timestamp":"2025-07-03T19:30:06.859Z"}
{"level":"info","message":"⌛ Building environment","timeElapsed":422,"timestamp":"2025-07-03T19:30:07.286Z"}
{"level":"info","message":"⌛ Building environment","timeElapsed":784,"timestamp":"2025-07-03T19:30:08.075Z"}
{"level":"info","message":"⌛ Building environment","timeElapsed":368,"timestamp":"2025-07-03T19:30:08.445Z"}
{"level":"info","message":"⌛ Building environment","timeElapsed":345,"timestamp":"2025-07-03T19:30:08.828Z"}
{"level":"info","message":"⌛ Building environment","timeElapsed":516,"timestamp":"2025-07-03T19:30:09.345Z"}
{"level":"info","message":"⌛ Building environment","timeElapsed":478,"timestamp":"2025-07-03T19:30:09.841Z"}
{"level":"info","message":"⌛ Building environment","timeElapsed":436,"timestamp":"2025-07-03T19:30:10.327Z"}
{"level":"info","message":"⌛ Building environment","timeElapsed":498,"timestamp":"2025-07-03T19:30:11.358Z"}
{"level":"info","message":"⌛ Building environment","timeElapsed":450,"timestamp":"2025-07-03T19:30:11.812Z"}
{"level":"info","message":"⌛ Building environment","timeElapsed":950,"timestamp":"2025-07-03T19:30:12.765Z"}
{"level":"info","message":"⌛ Building environment","timeElapsed":659,"timestamp":"2025-07-03T19:30:13.426Z"}
{"level":"info","message":"⌛ Building environment","timeElapsed":471,"timestamp":"2025-07-03T19:30:13.906Z"}
{"level":"info","message":"⌛ Validating enemigos.wlk","timeElapsed":1275,"timestamp":"2025-07-03T19:30:15.190Z"}
{"level":"info","message":"⌛ Validating enemigos.wlk","timeElapsed":357,"timestamp":"2025-07-03T19:30:15.596Z"}
{"level":"info","message":"⌛ Validating enemigos.wlk","timeElapsed":384,"timestamp":"2025-07-03T19:30:15.984Z"}
{"level":"info","message":"⌛ Validating enemigos.wlk","timeElapsed":384,"timestamp":"2025-07-03T19:30:16.374Z"}
{"level":"info","message":"⌛ Validating enemigos.wlk","timeElapsed":346,"timestamp":"2025-07-03T19:30:16.767Z"}
{"level":"info","message":"⌛ Validating enemigos.wlk","timeElapsed":343,"timestamp":"2025-07-03T19:30:17.115Z"}
{"level":"info","message":"⌛ Validating enemigos.wlk","timeElapsed":328,"timestamp":"2025-07-03T19:30:17.472Z"}
{"level":"info","message":"⌛ Validating enemigos.wlk","timeElapsed":358,"timestamp":"2025-07-03T19:30:17.844Z"}
{"level":"info","message":"⌛ Validating enemigos.wlk","timeElapsed":432,"timestamp":"2025-07-03T19:30:18.277Z"}
{"level":"info","message":"⌛ Validating enemigos.wlk","timeElapsed":402,"timestamp":"2025-07-03T19:30:18.684Z"}
{"level":"info","message":"⌛ Building environment","timeElapsed":335,"timestamp":"2025-07-03T19:30:19.028Z"}
{"level":"info","message":"⌛ Building environment","timeElapsed":326,"timestamp":"2025-07-03T19:30:19.356Z"}
{"level":"info","message":"⌛ Validating enemigos.wlk","timeElapsed":402,"timestamp":"2025-07-03T19:30:19.809Z"}
{"level":"info","message":"⌛ Building environment","timeElapsed":358,"timestamp":"2025-07-03T19:30:20.179Z"}
{"level":"info","message":"⌛ Building environment","timeElapsed":410,"timestamp":"2025-07-03T19:30:20.593Z"}
{"level":"info","message":"⌛ Building environment","timeElapsed":383,"timestamp":"2025-07-03T19:30:20.977Z"}
{"level":"info","message":"⌛ Building environment","timeElapsed":347,"timestamp":"2025-07-03T19:30:21.361Z"}
{"level":"info","message":"⌛ Building environment","timeElapsed":402,"timestamp":"2025-07-03T19:30:21.764Z"}
{"level":"info","message":"⌛ Validating enemigos.wlk","timeElapsed":359,"timestamp":"2025-07-03T19:30:22.129Z"}
{"level":"info","message":"⌛ Building environment","timeElapsed":346,"timestamp":"2025-07-03T19:30:22.476Z"}
{"level":"info","message":"⌛ Building environment","timeElapsed":429,"timestamp":"2025-07-03T19:30:22.941Z"}
{"level":"info","message":"⌛ Building environment","timeElapsed":365,"timestamp":"2025-07-03T19:30:23.309Z"}
{"level":"info","message":"⌛ Validating enemigos.wlk","timeElapsed":382,"timestamp":"2025-07-03T19:30:23.693Z"}
{"level":"info","message":"⌛ Building environment","timeElapsed":293,"timestamp":"2025-07-03T19:30:24.025Z"}
{"level":"info","message":"⌛ Validating enemigos.wlk","timeElapsed":331,"timestamp":"2025-07-03T19:30:24.411Z"}
{"level":"info","message":"⌛ Building environment","timeElapsed":350,"timestamp":"2025-07-03T19:30:24.765Z"}
{"level":"info","message":"⌛ Validating enemigos.wlk","timeElapsed":556,"timestamp":"2025-07-03T19:30:25.324Z"}
{"level":"info","message":"⌛ Building environment","timeElapsed":620,"timestamp":"2025-07-03T19:30:25.990Z"}
{"level":"info","message":"⌛ Validating enemigos.wlk","timeElapsed":420,"timestamp":"2025-07-03T19:30:26.453Z"}
{"level":"info","message":"⌛ Validating enemigos.wlk","timeElapsed":943,"timestamp":"2025-07-03T19:30:27.461Z"}
{"level":"info","message":"⌛ Validating enemigos.wlk","timeElapsed":386,"timestamp":"2025-07-03T19:30:27.847Z"}
{"level":"info","message":"⌛ Validating enemigos.wlk","timeElapsed":344,"timestamp":"2025-07-03T19:30:28.201Z"}
{"level":"info","message":"⌛ Validating enemigos.wlk","timeElapsed":331,"timestamp":"2025-07-03T19:30:28.571Z"}
{"level":"info","message":"⌛ Validating enemigos.wlk","timeElapsed":352,"timestamp":"2025-07-03T19:30:28.928Z"}
{"level":"info","message":"⌛ Validating enemigos.wlk","timeElapsed":313,"timestamp":"2025-07-03T19:30:29.262Z"}
{"level":"info","message":"⌛ Validating enemigos.wlk","timeElapsed":346,"timestamp":"2025-07-03T19:30:29.613Z"}
{"level":"info","message":"⌛ Validating enemigos.wlk","timeElapsed":340,"timestamp":"2025-07-03T19:30:29.977Z"}
{"level":"info","message":"⌛ Validating enemigos.wlk","timeElapsed":378,"timestamp":"2025-07-03T19:30:30.383Z"}
{"level":"info","message":"⌛ Validating enemigos.wlk","timeElapsed":383,"timestamp":"2025-07-03T19:30:30.812Z"}
{"level":"info","message":"⌛ Validating enemigos.wlk","timeElapsed":665,"timestamp":"2025-07-03T19:30:31.492Z"}
{"level":"info","message":"⌛ Validating enemigos.wlk","timeElapsed":375,"timestamp":"2025-07-03T19:30:31.971Z"}
{"level":"info","message":"⌛ Validating enemigos.wlk","timeElapsed":355,"timestamp":"2025-07-03T19:30:32.345Z"}
{"level":"info","message":"⌛ Validating enemigos.wlk","timeElapsed":328,"timestamp":"2025-07-03T19:30:32.678Z"}
{"level":"info","message":"⌛ Validating enemigos.wlk","timeElapsed":412,"timestamp":"2025-07-03T19:30:33.111Z"}
{"level":"info","message":"⌛ Validating enemigos.wlk","timeElapsed":339,"timestamp":"2025-07-03T19:30:33.455Z"}
{"level":"info","message":"⌛ Validating enemigos.wlk","timeElapsed":378,"timestamp":"2025-07-03T19:30:33.833Z"}
{"level":"info","message":"⌛ Validating enemigos.wlk","timeElapsed":378,"timestamp":"2025-07-03T19:30:34.234Z"}
{"level":"info","message":"⌛ Building environment","timeElapsed":890,"timestamp":"2025-07-03T19:30:35.125Z"}
{"level":"info","message":"⌛ Validating enemigos.wlk","timeElapsed":420,"timestamp":"2025-07-03T19:30:35.547Z"}
{"level":"info","message":"⌛ Building environment","timeElapsed":399,"timestamp":"2025-07-03T19:30:35.963Z"}
{"level":"info","message":"⌛ Validating enemigos.wlk","timeElapsed":367,"timestamp":"2025-07-03T19:30:36.367Z"}
{"level":"info","message":"⌛ Validating enemigos.wlk","timeElapsed":444,"timestamp":"2025-07-03T19:30:36.818Z"}
{"level":"info","message":"⌛ Validating enemigos.wlk","timeElapsed":324,"timestamp":"2025-07-03T19:30:37.161Z"}
{"level":"info","message":"⌛ Validating enemigos.wlk","timeElapsed":385,"timestamp":"2025-07-03T19:30:37.561Z"}
{"level":"info","message":"⌛ Validating enemigos.wlk","timeElapsed":418,"timestamp":"2025-07-03T19:30:38.078Z"}
{"level":"info","message":"⌛ Validating enemigos.wlk","timeElapsed":318,"timestamp":"2025-07-03T19:30:39.096Z"}
{"level":"info","message":"⌛ Validating enemigos.wlk","timeElapsed":316,"timestamp":"2025-07-03T19:30:39.508Z"}
{"level":"info","message":"⌛ Building environment","timeElapsed":352,"timestamp":"2025-07-03T19:30:40.279Z"}
{"level":"info","message":"⌛ Validating enemigos.wlk","timeElapsed":600,"timestamp":"2025-07-03T19:30:40.906Z"}
{"level":"info","message":"⌛ Building environment","timeElapsed":519,"timestamp":"2025-07-03T19:30:41.570Z"}
{"level":"info","message":"⌛ Building environment","timeElapsed":468,"timestamp":"2025-07-03T19:30:42.061Z"}
{"level":"info","message":"⌛ Building environment","timeElapsed":330,"timestamp":"2025-07-03T19:30:42.484Z"}
{"level":"info","message":"⌛ Building environment","timeElapsed":386,"timestamp":"2025-07-03T19:30:42.911Z"}
{"level":"info","message":"⌛ Building environment","timeElapsed":401,"timestamp":"2025-07-03T19:30:43.316Z"}
{"level":"info","message":"⌛ Validating enemigos.wlk","timeElapsed":368,"timestamp":"2025-07-03T19:30:43.686Z"}
{"level":"info","message":"⌛ Building environment","timeElapsed":379,"timestamp":"2025-07-03T19:30:44.101Z"}
{"level":"info","message":"⌛ Validating enemigos.wlk","timeElapsed":322,"timestamp":"2025-07-03T19:30:44.477Z"}
{"level":"info","message":"⌛ Building environment","timeElapsed":367,"timestamp":"2025-07-03T19:30:44.854Z"}
{"level":"info","message":"⌛ Validating enemigos.wlk","timeElapsed":354,"timestamp":"2025-07-03T19:30:45.215Z"}
{"level":"info","message":"⌛ Building environment","timeElapsed":366,"timestamp":"2025-07-03T19:30:45.611Z"}
{"level":"info","message":"⌛ Validating enemigos.wlk","timeElapsed":625,"timestamp":"2025-07-03T19:30:46.250Z"}
{"level":"info","message":"⌛ Validating enemigos.wlk","timeElapsed":945,"timestamp":"2025-07-03T19:30:47.290Z"}
{"level":"info","message":"⌛ Building environment","timeElapsed":637,"timestamp":"2025-07-03T19:30:47.944Z"}
{"level":"info","message":"⌛ Validating enemigos.wlk","timeElapsed":482,"timestamp":"2025-07-03T19:30:48.472Z"}
{"level":"info","message":"⌛ Validating enemigos.wlk","timeElapsed":378,"timestamp":"2025-07-03T19:30:48.866Z"}
{"level":"info","message":"⌛ Building environment","timeElapsed":353,"timestamp":"2025-07-03T19:30:49.220Z"}
{"level":"info","message":"⌛ Building environment","timeElapsed":312,"timestamp":"2025-07-03T19:30:49.570Z"}
{"level":"info","message":"⌛ Validating enemigos.wlk","timeElapsed":868,"timestamp":"2025-07-03T19:30:50.445Z"}
{"level":"info","message":"⌛ Building environment","timeElapsed":433,"timestamp":"2025-07-03T19:30:50.887Z"}
{"level":"info","message":"⌛ Validating enemigos.wlk","timeElapsed":365,"timestamp":"2025-07-03T19:30:51.466Z"}
{"level":"info","message":"⌛ Validating enemigos.wlk","timeElapsed":452,"timestamp":"2025-07-03T19:30:52.057Z"}
{"level":"info","message":"⌛ Validating enemigos.wlk","timeElapsed":394,"timestamp":"2025-07-03T19:30:52.479Z"}
{"level":"info","message":"⌛ Building environment","timeElapsed":523,"timestamp":"2025-07-03T19:30:53.012Z"}
{"level":"info","message":"⌛ Building environment","timeElapsed":324,"timestamp":"2025-07-03T19:30:53.391Z"}
{"level":"info","message":"⌛ Building environment","timeElapsed":299,"timestamp":"2025-07-03T19:30:53.692Z"}
{"level":"info","message":"⌛ Building environment","timeElapsed":360,"timestamp":"2025-07-03T19:30:54.174Z"}
{"level":"info","message":"⌛ Building environment","timeElapsed":634,"timestamp":"2025-07-03T19:30:54.821Z"}
{"level":"info","message":"⌛ Building environment","timeElapsed":388,"timestamp":"2025-07-03T19:30:55.295Z"}
{"level":"info","message":"⌛ Validating enemigos.wlk","timeElapsed":500,"timestamp":"2025-07-03T19:30:55.809Z"}
{"level":"info","message":"⌛ Building environment","timeElapsed":506,"timestamp":"2025-07-03T19:30:56.321Z"}
{"level":"info","message":"⌛ Building environment","timeElapsed":315,"timestamp":"2025-07-03T19:30:56.674Z"}
{"level":"info","message":"⌛ Building environment","timeElapsed":361,"timestamp":"2025-07-03T19:30:57.054Z"}
{"level":"info","message":"⌛ Building environment","timeElapsed":432,"timestamp":"2025-07-03T19:30:57.488Z"}
{"level":"info","message":"⌛ Building environment","timeElapsed":350,"timestamp":"2025-07-03T19:30:57.840Z"}
{"level":"info","message":"⌛ Building environment","timeElapsed":312,"timestamp":"2025-07-03T19:30:58.183Z"}
{"level":"info","message":"⌛ Building environment","timeElapsed":291,"timestamp":"2025-07-03T19:30:58.478Z"}
{"level":"info","message":"⌛ Building environment","timeElapsed":288,"timestamp":"2025-07-03T19:30:58.769Z"}
{"level":"info","message":"⌛ Validating enemigos.wlk","timeElapsed":384,"timestamp":"2025-07-03T19:30:59.155Z"}
{"level":"info","message":"⌛ Validating enemigos.wlk","timeElapsed":337,"timestamp":"2025-07-03T19:30:59.545Z"}
{"level":"info","message":"⌛ Validating enemigos.wlk","timeElapsed":342,"timestamp":"2025-07-03T19:30:59.892Z"}
{"level":"info","message":"⌛ Validating enemigos.wlk","timeElapsed":657,"timestamp":"2025-07-03T19:31:00.558Z"}
{"level":"info","message":"⌛ Validating enemigos.wlk","timeElapsed":378,"timestamp":"2025-07-03T19:31:00.943Z"}
{"level":"info","message":"⌛ Validating enemigos.wlk","timeElapsed":325,"timestamp":"2025-07-03T19:31:01.280Z"}
{"level":"info","message":"⌛ Validating enemigos.wlk","timeElapsed":378,"timestamp":"2025-07-03T19:31:01.684Z"}
{"level":"info","message":"⌛ Validating enemigos.wlk","timeElapsed":366,"timestamp":"2025-07-03T19:31:02.051Z"}
{"level":"info","message":"⌛ Validating enemigos.wlk","timeElapsed":332,"timestamp":"2025-07-03T19:31:02.384Z"}
{"level":"info","message":"⌛ Validating enemigos.wlk","timeElapsed":322,"timestamp":"2025-07-03T19:31:02.716Z"}
{"level":"info","message":"⌛ Validating enemigos.wlk","timeElapsed":338,"timestamp":"2025-07-03T19:31:03.055Z"}
{"level":"info","message":"⌛ Validating enemigos.wlk","timeElapsed":349,"timestamp":"2025-07-03T19:31:03.405Z"}
{"level":"info","message":"⌛ Validating enemigos.wlk","timeElapsed":337,"timestamp":"2025-07-03T19:31:03.743Z"}
{"level":"info","message":"⌛ Validating enemigos.wlk","timeElapsed":337,"timestamp":"2025-07-03T19:31:04.091Z"}
{"level":"info","message":"⌛ Building environment","timeElapsed":637,"timestamp":"2025-07-03T19:32:12.259Z"}
{"level":"info","message":"⌛ Building environment","timeElapsed":419,"timestamp":"2025-07-03T19:32:12.712Z"}
{"level":"info","message":"⌛ Building environment","timeElapsed":312,"timestamp":"2025-07-03T19:32:13.069Z"}
{"level":"info","message":"⌛ Building environment","timeElapsed":293,"timestamp":"2025-07-03T19:32:13.373Z"}
{"level":"info","message":"⌛ Validating enemigos.wlk","timeElapsed":394,"timestamp":"2025-07-03T19:32:13.770Z"}
{"level":"info","message":"⌛ Building environment","timeElapsed":288,"timestamp":"2025-07-03T19:32:14.059Z"}
{"level":"info","message":"⌛ Validating enemigos.wlk","timeElapsed":422,"timestamp":"2025-07-03T19:32:14.516Z"}
{"level":"info","message":"⌛ Validating enemigos.wlk","timeElapsed":624,"timestamp":"2025-07-03T19:32:15.160Z"}
{"level":"info","message":"⌛ Validating enemigos.wlk","timeElapsed":569,"timestamp":"2025-07-03T19:32:15.731Z"}
{"level":"info","message":"⌛ Validating enemigos.wlk","timeElapsed":485,"timestamp":"2025-07-03T19:32:16.232Z"}
{"level":"info","message":"⌛ Building environment","timeElapsed":351,"timestamp":"2025-07-03T19:32:16.773Z"}
{"level":"info","message":"⌛ Building environment","timeElapsed":349,"timestamp":"2025-07-03T19:32:17.177Z"}
{"level":"info","message":"⌛ Validating enemigos.wlk","timeElapsed":342,"timestamp":"2025-07-03T19:32:17.595Z"}
{"level":"info","message":"⌛ Building environment","timeElapsed":297,"timestamp":"2025-07-03T19:32:17.896Z"}
{"level":"info","message":"⌛ Validating enemigos.wlk","timeElapsed":607,"timestamp":"2025-07-03T19:32:18.523Z"}
{"level":"info","message":"⌛ Validating enemigos.wlk","timeElapsed":370,"timestamp":"2025-07-03T19:32:18.942Z"}
{"level":"info","message":"⌛ Building environment","timeElapsed":492,"timestamp":"2025-07-03T19:32:21.053Z"}
{"level":"info","message":"⌛ Building environment","timeElapsed":609,"timestamp":"2025-07-03T19:32:21.662Z"}
{"level":"info","message":"⌛ Validating enemigos.wlk","timeElapsed":691,"timestamp":"2025-07-03T19:32:22.428Z"}
{"level":"info","message":"⌛ Building environment","timeElapsed":766,"timestamp":"2025-07-03T19:32:23.210Z"}
{"level":"info","message":"⌛ Validating enemigos.wlk","timeElapsed":453,"timestamp":"2025-07-03T19:32:23.759Z"}
{"level":"info","message":"⌛ Building environment","timeElapsed":329,"timestamp":"2025-07-03T19:32:24.106Z"}
{"level":"info","message":"⌛ Building environment","timeElapsed":292,"timestamp":"2025-07-03T19:32:24.401Z"}
{"level":"info","message":"⌛ Building environment","timeElapsed":420,"timestamp":"2025-07-03T19:32:24.824Z"}
{"level":"info","message":"⌛ Building environment","timeElapsed":421,"timestamp":"2025-07-03T19:32:25.251Z"}
{"level":"info","message":"⌛ Building environment","timeElapsed":315,"timestamp":"2025-07-03T19:32:25.568Z"}
{"level":"info","message":"⌛ Building environment","timeElapsed":617,"timestamp":"2025-07-03T19:32:26.285Z"}
{"level":"info","message":"⌛ Building environment","timeElapsed":326,"timestamp":"2025-07-03T19:32:26.643Z"}
{"level":"info","message":"⌛ Building environment","timeElapsed":296,"timestamp":"2025-07-03T19:32:26.984Z"}
{"level":"info","message":"⌛ Building environment","timeElapsed":305,"timestamp":"2025-07-03T19:32:27.329Z"}
{"level":"info","message":"⌛ Validating enemigos.wlk","timeElapsed":450,"timestamp":"2025-07-03T19:32:27.786Z"}
{"level":"info","message":"⌛ Building environment","timeElapsed":455,"timestamp":"2025-07-03T19:32:28.287Z"}
{"level":"info","message":"⌛ Validating enemigos.wlk","timeElapsed":604,"timestamp":"2025-07-03T19:32:29.001Z"}
{"level":"info","message":"⌛ Validating enemigos.wlk","timeElapsed":1105,"timestamp":"2025-07-03T19:32:30.107Z"}
{"level":"info","message":"⌛ Validating enemigos.wlk","timeElapsed":449,"timestamp":"2025-07-03T19:32:30.557Z"}
{"level":"info","message":"⌛ Validating enemigos.wlk","timeElapsed":621,"timestamp":"2025-07-03T19:32:31.179Z"}
{"level":"info","message":"⌛ Validating enemigos.wlk","timeElapsed":391,"timestamp":"2025-07-03T19:32:31.577Z"}
{"level":"info","message":"⌛ Validating enemigos.wlk","timeElapsed":346,"timestamp":"2025-07-03T19:32:31.934Z"}
{"level":"info","message":"⌛ Validating enemigos.wlk","timeElapsed":334,"timestamp":"2025-07-03T19:32:32.270Z"}
{"level":"info","message":"⌛ Validating enemigos.wlk","timeElapsed":412,"timestamp":"2025-07-03T19:32:32.683Z"}
{"level":"info","message":"⌛ Validating enemigos.wlk","timeElapsed":410,"timestamp":"2025-07-03T19:32:33.094Z"}
{"level":"info","message":"⌛ Building environment","timeElapsed":299,"timestamp":"2025-07-03T19:32:33.420Z"}
{"level":"info","message":"⌛ Building environment","timeElapsed":556,"timestamp":"2025-07-03T19:32:34.011Z"}
{"level":"info","message":"⌛ Building environment","timeElapsed":298,"timestamp":"2025-07-03T19:32:34.341Z"}
{"level":"info","message":"⌛ Validating enemigos.wlk","timeElapsed":486,"timestamp":"2025-07-03T19:32:34.879Z"}
{"level":"info","message":"⌛ Building environment","timeElapsed":490,"timestamp":"2025-07-03T19:32:35.396Z"}
{"level":"info","message":"⌛ Building environment","timeElapsed":440,"timestamp":"2025-07-03T19:32:35.941Z"}
{"level":"info","message":"⌛ Building environment","timeElapsed":406,"timestamp":"2025-07-03T19:32:36.408Z"}
{"level":"info","message":"⌛ Validating enemigos.wlk","timeElapsed":520,"timestamp":"2025-07-03T19:32:36.967Z"}
{"level":"info","message":"⌛ Validating enemigos.wlk","timeElapsed":416,"timestamp":"2025-07-03T19:32:37.383Z"}
{"level":"info","message":"⌛ Validating enemigos.wlk","timeElapsed":479,"timestamp":"2025-07-03T19:32:37.866Z"}
{"level":"info","message":"⌛ Validating enemigos.wlk","timeElapsed":391,"timestamp":"2025-07-03T19:32:38.292Z"}
{"level":"info","message":"⌛ Validating enemigos.wlk","timeElapsed":413,"timestamp":"2025-07-03T19:32:38.706Z"}
{"level":"info","message":"⌛ Validating enemigos.wlk","timeElapsed":415,"timestamp":"2025-07-03T19:32:39.122Z"}
{"level":"info","message":"⌛ Building environment","timeElapsed":380,"timestamp":"2025-07-03T19:32:39.503Z"}
{"level":"info","message":"⌛ Autocomplete - Package","timeElapsed":243,"timestamp":"2025-07-03T19:32:39.747Z"}
{"level":"info","message":"⌛ Building environment","timeElapsed":755,"timestamp":"2025-07-03T19:32:40.512Z"}
{"level":"info","message":"⌛ Building environment","timeElapsed":418,"timestamp":"2025-07-03T19:32:41.012Z"}
{"level":"info","message":"⌛ Building environment","timeElapsed":427,"timestamp":"2025-07-03T19:32:41.448Z"}
{"level":"info","message":"⌛ Building environment","timeElapsed":413,"timestamp":"2025-07-03T19:32:41.866Z"}
{"level":"info","message":"⌛ Building environment","timeElapsed":607,"timestamp":"2025-07-03T19:32:42.704Z"}
{"level":"info","message":"⌛ Building environment","timeElapsed":330,"timestamp":"2025-07-03T19:32:43.088Z"}
{"level":"info","message":"⌛ Building environment","timeElapsed":348,"timestamp":"2025-07-03T19:32:43.440Z"}
{"level":"info","message":"⌛ Building environment","timeElapsed":366,"timestamp":"2025-07-03T19:32:43.834Z"}
{"level":"info","message":"⌛ Validating enemigos.wlk","timeElapsed":370,"timestamp":"2025-07-03T19:32:44.235Z"}
{"level":"info","message":"⌛ Building environment","timeElapsed":294,"timestamp":"2025-07-03T19:32:44.532Z"}
{"level":"info","message":"⌛ Building environment","timeElapsed":530,"timestamp":"2025-07-03T19:32:45.140Z"}
{"level":"info","message":"⌛ Building environment","timeElapsed":396,"timestamp":"2025-07-03T19:32:45.541Z"}
{"level":"info","message":"⌛ Autocomplete - Package","timeElapsed":139,"timestamp":"2025-07-03T19:32:45.683Z"}
{"level":"info","message":"⌛ Building environment","timeElapsed":390,"timestamp":"2025-07-03T19:32:46.105Z"}
{"level":"info","message":"⌛ Validating enemigos.wlk","timeElapsed":376,"timestamp":"2025-07-03T19:32:46.483Z"}
{"level":"info","message":"⌛ Building environment","timeElapsed":307,"timestamp":"2025-07-03T19:32:46.825Z"}
{"level":"info","message":"⌛ Validating enemigos.wlk","timeElapsed":341,"timestamp":"2025-07-03T19:32:47.211Z"}
{"level":"info","message":"⌛ Building environment","timeElapsed":283,"timestamp":"2025-07-03T19:32:47.516Z"}
{"level":"info","message":"⌛ Building environment","timeElapsed":315,"timestamp":"2025-07-03T19:32:47.858Z"}
{"level":"info","message":"⌛ Validating enemigos.wlk","timeElapsed":670,"timestamp":"2025-07-03T19:32:48.576Z"}
{"level":"info","message":"⌛ Validating enemigos.wlk","timeElapsed":334,"timestamp":"2025-07-03T19:32:48.952Z"}
{"level":"info","message":"⌛ Building environment","timeElapsed":488,"timestamp":"2025-07-03T19:32:49.467Z"}
{"level":"info","message":"⌛ Building environment","timeElapsed":312,"timestamp":"2025-07-03T19:32:49.806Z"}
{"level":"info","message":"⌛ Building environment","timeElapsed":300,"timestamp":"2025-07-03T19:32:50.140Z"}
{"level":"info","message":"⌛ Validating enemigos.wlk","timeElapsed":333,"timestamp":"2025-07-03T19:32:50.536Z"}
{"level":"info","message":"⌛ Validating enemigos.wlk","timeElapsed":334,"timestamp":"2025-07-03T19:32:50.895Z"}
{"level":"info","message":"⌛ Validating enemigos.wlk","timeElapsed":364,"timestamp":"2025-07-03T19:32:51.261Z"}
{"level":"info","message":"⌛ Validating enemigos.wlk","timeElapsed":369,"timestamp":"2025-07-03T19:32:51.632Z"}
{"level":"info","message":"⌛ Validating enemigos.wlk","timeElapsed":312,"timestamp":"2025-07-03T19:32:51.955Z"}
{"level":"info","message":"⌛ Validating enemigos.wlk","timeElapsed":346,"timestamp":"2025-07-03T19:32:52.305Z"}
{"level":"info","message":"⌛ Validating enemigos.wlk","timeElapsed":346,"timestamp":"2025-07-03T19:32:52.659Z"}
{"level":"info","message":"⌛ Validating enemigos.wlk","timeElapsed":325,"timestamp":"2025-07-03T19:32:52.984Z"}
{"level":"info","message":"⌛ Validating enemigos.wlk","timeElapsed":326,"timestamp":"2025-07-03T19:32:53.335Z"}
{"level":"info","message":"⌛ Validating enemigos.wlk","timeElapsed":329,"timestamp":"2025-07-03T19:32:53.693Z"}
{"level":"info","message":"⌛ Validating enemigos.wlk","timeElapsed":326,"timestamp":"2025-07-03T19:32:54.026Z"}
{"level":"info","message":"⌛ Validating enemigos.wlk","timeElapsed":314,"timestamp":"2025-07-03T19:32:54.383Z"}
{"level":"info","message":"⌛ Validating enemigos.wlk","timeElapsed":359,"timestamp":"2025-07-03T19:32:54.747Z"}
{"level":"info","message":"⌛ Validating enemigos.wlk","timeElapsed":335,"timestamp":"2025-07-03T19:32:55.090Z"}
{"level":"info","message":"⌛ Building environment","timeElapsed":369,"timestamp":"2025-07-03T19:33:44.468Z"}
{"level":"info","message":"⌛ Building environment","timeElapsed":415,"timestamp":"2025-07-03T19:33:44.906Z"}
{"level":"info","message":"⌛ Validating enemigos.wlk","timeElapsed":452,"timestamp":"2025-07-03T19:33:45.360Z"}
{"level":"info","message":"⌛ Building environment","timeElapsed":395,"timestamp":"2025-07-03T19:33:45.821Z"}
{"level":"info","message":"⌛ Autocomplete - Package","timeElapsed":132,"timestamp":"2025-07-03T19:33:45.955Z"}
{"level":"info","message":"⌛ Validating enemigos.wlk","timeElapsed":464,"timestamp":"2025-07-03T19:33:46.421Z"}
{"level":"info","message":"⌛ Building environment","timeElapsed":384,"timestamp":"2025-07-03T19:33:46.806Z"}
{"level":"info","message":"⌛ Building environment","timeElapsed":417,"timestamp":"2025-07-03T19:33:47.275Z"}
{"level":"info","message":"⌛ Building environment","timeElapsed":338,"timestamp":"2025-07-03T19:33:47.620Z"}
{"level":"info","message":"⌛ Building environment","timeElapsed":361,"timestamp":"2025-07-03T19:33:47.983Z"}
{"level":"info","message":"⌛ Validating enemigos.wlk","timeElapsed":327,"timestamp":"2025-07-03T19:33:48.359Z"}
{"level":"info","message":"⌛ Building environment","timeElapsed":688,"timestamp":"2025-07-03T19:33:49.118Z"}
{"level":"info","message":"⌛ Building environment","timeElapsed":321,"timestamp":"2025-07-03T19:33:49.455Z"}
{"level":"info","message":"⌛ Building environment","timeElapsed":300,"timestamp":"2025-07-03T19:33:49.758Z"}
{"level":"info","message":"⌛ Building environment","timeElapsed":413,"timestamp":"2025-07-03T19:33:50.174Z"}
{"level":"info","message":"⌛ Building environment","timeElapsed":531,"timestamp":"2025-07-03T19:33:50.757Z"}
{"level":"info","message":"⌛ Validating enemigos.wlk","timeElapsed":532,"timestamp":"2025-07-03T19:33:51.292Z"}
{"level":"info","message":"⌛ Building environment","timeElapsed":323,"timestamp":"2025-07-03T19:33:51.621Z"}
{"level":"info","message":"⌛ Building environment","timeElapsed":297,"timestamp":"2025-07-03T19:33:51.920Z"}
{"level":"info","message":"⌛ Validating enemigos.wlk","timeElapsed":386,"timestamp":"2025-07-03T19:33:52.308Z"}
{"level":"info","message":"⌛ Building environment","timeElapsed":297,"timestamp":"2025-07-03T19:33:52.647Z"}
{"level":"info","message":"⌛ Validating enemigos.wlk","timeElapsed":350,"timestamp":"2025-07-03T19:33:53.000Z"}
{"level":"info","message":"⌛ Validating enemigos.wlk","timeElapsed":324,"timestamp":"2025-07-03T19:33:53.360Z"}
{"level":"info","message":"⌛ Validating enemigos.wlk","timeElapsed":323,"timestamp":"2025-07-03T19:33:53.707Z"}
{"level":"info","message":"⌛ Validating enemigos.wlk","timeElapsed":506,"timestamp":"2025-07-03T19:33:54.275Z"}
{"level":"info","message":"⌛ Validating enemigos.wlk","timeElapsed":348,"timestamp":"2025-07-03T19:33:54.627Z"}
{"level":"info","message":"⌛ Validating enemigos.wlk","timeElapsed":325,"timestamp":"2025-07-03T19:33:54.957Z"}
{"level":"info","message":"⌛ Validating enemigos.wlk","timeElapsed":366,"timestamp":"2025-07-03T19:33:55.325Z"}
{"level":"info","message":"⌛ Validating enemigos.wlk","timeElapsed":323,"timestamp":"2025-07-03T19:33:55.664Z"}
{"level":"info","message":"⌛ Validating enemigos.wlk","timeElapsed":305,"timestamp":"2025-07-03T19:33:55.980Z"}
{"level":"info","message":"⌛ Validating enemigos.wlk","timeElapsed":320,"timestamp":"2025-07-03T19:33:56.314Z"}
{"level":"info","message":"⌛ Building environment","timeElapsed":651,"timestamp":"2025-07-03T19:34:27.599Z"}
{"level":"info","message":"⌛ Building environment","timeElapsed":368,"timestamp":"2025-07-03T19:34:27.970Z"}
{"level":"info","message":"⌛ Building environment","timeElapsed":350,"timestamp":"2025-07-03T19:34:28.356Z"}
{"level":"info","message":"⌛ Validating enemigos.wlk","timeElapsed":359,"timestamp":"2025-07-03T19:34:28.760Z"}
{"level":"info","message":"⌛ Validating enemigos.wlk","timeElapsed":317,"timestamp":"2025-07-03T19:34:29.112Z"}
{"level":"info","message":"⌛ Building environment","timeElapsed":366,"timestamp":"2025-07-03T19:34:29.479Z"}
{"level":"info","message":"⌛ Validating enemigos.wlk","timeElapsed":341,"timestamp":"2025-07-03T19:34:29.823Z"}
{"level":"info","message":"⌛ Validating enemigos.wlk","timeElapsed":357,"timestamp":"2025-07-03T19:34:30.205Z"}
{"level":"info","message":"⌛ Building environment","timeElapsed":504,"timestamp":"2025-07-03T19:34:31.388Z"}
{"level":"info","message":"⌛ Building environment","timeElapsed":422,"timestamp":"2025-07-03T19:34:31.839Z"}
{"level":"info","message":"⌛ Validating enemigos.wlk","timeElapsed":333,"timestamp":"2025-07-03T19:34:32.180Z"}
{"level":"info","message":"⌛ Validating enemigos.wlk","timeElapsed":460,"timestamp":"2025-07-03T19:34:32.666Z"}
{"level":"info","message":"⌛ Building environment","timeElapsed":539,"timestamp":"2025-07-03T19:34:34.464Z"}
{"level":"info","message":"⌛ Building environment","timeElapsed":396,"timestamp":"2025-07-03T19:34:34.862Z"}
{"level":"info","message":"⌛ Validating enemigos.wlk","timeElapsed":445,"timestamp":"2025-07-03T19:34:35.343Z"}
{"level":"info","message":"⌛ Building environment","timeElapsed":292,"timestamp":"2025-07-03T19:34:35.646Z"}
{"level":"info","message":"⌛ Validating enemigos.wlk","timeElapsed":374,"timestamp":"2025-07-03T19:34:36.023Z"}
{"level":"info","message":"⌛ Validating enemigos.wlk","timeElapsed":673,"timestamp":"2025-07-03T19:34:36.722Z"}
{"level":"info","message":"⌛ Building environment","timeElapsed":471,"timestamp":"2025-07-03T19:39:49.143Z"}
{"level":"info","message":"⌛ Validating enemigos.wlk","timeElapsed":399,"timestamp":"2025-07-03T19:39:49.673Z"}
{"level":"info","message":"⌛ Building environment","timeElapsed":807,"timestamp":"2025-07-03T19:40:11.928Z"}
{"level":"info","message":"⌛ Validating bastion.wlk","timeElapsed":606,"timestamp":"2025-07-03T19:40:12.822Z"}
{"level":"info","message":"⌛ Building environment","timeElapsed":415,"timestamp":"2025-07-03T19:40:21.355Z"}
{"level":"info","message":"⌛ Building environment","timeElapsed":503,"timestamp":"2025-07-03T19:40:22.027Z"}
{"level":"info","message":"⌛ Validating bastion.wlk","timeElapsed":528,"timestamp":"2025-07-03T19:40:22.752Z"}
{"level":"info","message":"⌛ Building environment","timeElapsed":325,"timestamp":"2025-07-03T19:40:23.089Z"}
{"level":"info","message":"⌛ Building environment","timeElapsed":321,"timestamp":"2025-07-03T19:40:23.414Z"}
{"level":"info","message":"⌛ Building environment","timeElapsed":382,"timestamp":"2025-07-03T19:40:23.797Z"}
{"level":"info","message":"⌛ Building environment","timeElapsed":347,"timestamp":"2025-07-03T19:40:24.155Z"}
{"level":"info","message":"⌛ Validating bastion.wlk","timeElapsed":547,"timestamp":"2025-07-03T19:40:24.708Z"}
{"level":"info","message":"⌛ Building environment","timeElapsed":419,"timestamp":"2025-07-03T19:40:25.138Z"}
{"level":"info","message":"⌛ Building environment","timeElapsed":519,"timestamp":"2025-07-03T19:40:25.687Z"}
{"level":"info","message":"⌛ Validating bastion.wlk","timeElapsed":683,"timestamp":"2025-07-03T19:40:26.396Z"}
{"level":"info","message":"⌛ Validating bastion.wlk","timeElapsed":473,"timestamp":"2025-07-03T19:40:26.887Z"}
{"level":"info","message":"⌛ Validating bastion.wlk","timeElapsed":671,"timestamp":"2025-07-03T19:40:27.557Z"}
{"level":"info","message":"⌛ Validating bastion.wlk","timeElapsed":350,"timestamp":"2025-07-03T19:40:27.914Z"}
{"level":"info","message":"⌛ Validating bastion.wlk","timeElapsed":383,"timestamp":"2025-07-03T19:40:28.299Z"}
{"level":"info","message":"⌛ Building environment","timeElapsed":315,"timestamp":"2025-07-03T19:40:28.655Z"}
{"level":"info","message":"⌛ Building environment","timeElapsed":335,"timestamp":"2025-07-03T19:40:29.088Z"}
{"level":"info","message":"⌛ Building environment","timeElapsed":330,"timestamp":"2025-07-03T19:40:29.422Z"}
{"level":"info","message":"⌛ Validating bastion.wlk","timeElapsed":417,"timestamp":"2025-07-03T19:40:29.841Z"}
{"level":"info","message":"⌛ Building environment","timeElapsed":295,"timestamp":"2025-07-03T19:40:30.138Z"}
{"level":"info","message":"⌛ Building environment","timeElapsed":371,"timestamp":"2025-07-03T19:40:30.510Z"}
{"level":"info","message":"⌛ Building environment","timeElapsed":496,"timestamp":"2025-07-03T19:40:31.009Z"}
{"level":"info","message":"⌛ Building environment","timeElapsed":277,"timestamp":"2025-07-03T19:40:31.305Z"}
{"level":"info","message":"⌛ Building environment","timeElapsed":931,"timestamp":"2025-07-03T19:40:32.323Z"}
{"level":"info","message":"⌛ Building environment","timeElapsed":423,"timestamp":"2025-07-03T19:40:32.769Z"}
{"level":"info","message":"⌛ Building environment","timeElapsed":452,"timestamp":"2025-07-03T19:40:33.223Z"}
{"level":"info","message":"⌛ Validating bastion.wlk","timeElapsed":518,"timestamp":"2025-07-03T19:40:33.761Z"}
{"level":"info","message":"⌛ Building environment","timeElapsed":295,"timestamp":"2025-07-03T19:40:34.057Z"}
{"level":"info","message":"⌛ Building environment","timeElapsed":282,"timestamp":"2025-07-03T19:40:34.342Z"}
{"level":"info","message":"⌛ Validating bastion.wlk","timeElapsed":398,"timestamp":"2025-07-03T19:40:34.742Z"}
{"level":"info","message":"⌛ Validating bastion.wlk","timeElapsed":340,"timestamp":"2025-07-03T19:40:35.100Z"}
{"level":"info","message":"⌛ Building environment","timeElapsed":267,"timestamp":"2025-07-03T19:40:35.373Z"}
{"level":"info","message":"⌛ Building environment","timeElapsed":300,"timestamp":"2025-07-03T19:40:35.677Z"}
{"level":"info","message":"⌛ Building environment","timeElapsed":269,"timestamp":"2025-07-03T19:40:36.036Z"}
{"level":"info","message":"⌛ Validating bastion.wlk","timeElapsed":326,"timestamp":"2025-07-03T19:40:36.439Z"}
{"level":"info","message":"⌛ Building environment","timeElapsed":293,"timestamp":"2025-07-03T19:40:36.735Z"}
{"level":"info","message":"⌛ Validating bastion.wlk","timeElapsed":348,"timestamp":"2025-07-03T19:40:37.086Z"}
{"level":"info","message":"⌛ Validating bastion.wlk","timeElapsed":324,"timestamp":"2025-07-03T19:40:37.429Z"}
{"level":"info","message":"⌛ Validating bastion.wlk","timeElapsed":343,"timestamp":"2025-07-03T19:40:37.777Z"}
{"level":"info","message":"⌛ Building environment","timeElapsed":389,"timestamp":"2025-07-03T19:40:38.175Z"}
{"level":"info","message":"⌛ Validating bastion.wlk","timeElapsed":406,"timestamp":"2025-07-03T19:40:38.612Z"}
{"level":"info","message":"⌛ Validating bastion.wlk","timeElapsed":981,"timestamp":"2025-07-03T19:40:39.609Z"}
{"level":"info","message":"⌛ Validating bastion.wlk","timeElapsed":457,"timestamp":"2025-07-03T19:40:40.095Z"}
{"level":"info","message":"⌛ Building environment","timeElapsed":453,"timestamp":"2025-07-03T19:40:40.554Z"}
{"level":"info","message":"⌛ Validating bastion.wlk","timeElapsed":358,"timestamp":"2025-07-03T19:40:40.960Z"}
{"level":"info","message":"⌛ Validating bastion.wlk","timeElapsed":364,"timestamp":"2025-07-03T19:40:41.337Z"}
{"level":"info","message":"⌛ Validating bastion.wlk","timeElapsed":350,"timestamp":"2025-07-03T19:40:41.689Z"}
{"level":"info","message":"⌛ Validating bastion.wlk","timeElapsed":320,"timestamp":"2025-07-03T19:40:42.015Z"}
{"level":"info","message":"⌛ Validating bastion.wlk","timeElapsed":325,"timestamp":"2025-07-03T19:40:42.342Z"}
{"level":"info","message":"⌛ Validating bastion.wlk","timeElapsed":337,"timestamp":"2025-07-03T19:40:42.695Z"}
{"level":"info","message":"⌛ Validating bastion.wlk","timeElapsed":319,"timestamp":"2025-07-03T19:40:43.015Z"}
{"level":"info","message":"⌛ Validating bastion.wlk","timeElapsed":332,"timestamp":"2025-07-03T19:40:43.348Z"}
{"level":"info","message":"⌛ Building environment","timeElapsed":334,"timestamp":"2025-07-03T19:41:04.354Z"}
{"level":"info","message":"⌛ Autocomplete - Singleton","timeElapsed":117,"timestamp":"2025-07-03T19:41:04.483Z"}
{"level":"info","message":"⌛ Building environment","timeElapsed":330,"timestamp":"2025-07-03T19:41:04.814Z"}
{"level":"info","message":"⌛ Validating bastion.wlk","timeElapsed":511,"timestamp":"2025-07-03T19:41:05.343Z"}
{"level":"info","message":"⌛ Building environment","timeElapsed":369,"timestamp":"2025-07-03T19:41:05.714Z"}
{"level":"info","message":"⌛ Building environment","timeElapsed":375,"timestamp":"2025-07-03T19:41:06.092Z"}
{"level":"info","message":"⌛ Validating bastion.wlk","timeElapsed":425,"timestamp":"2025-07-03T19:41:06.541Z"}
{"level":"info","message":"⌛ Building environment","timeElapsed":347,"timestamp":"2025-07-03T19:41:06.893Z"}
{"level":"info","message":"⌛ Building environment","timeElapsed":386,"timestamp":"2025-07-03T19:41:07.294Z"}
{"level":"info","message":"⌛ Building environment","timeElapsed":481,"timestamp":"2025-07-03T19:41:07.777Z"}
{"level":"info","message":"⌛ Building environment","timeElapsed":277,"timestamp":"2025-07-03T19:41:08.168Z"}
{"level":"info","message":"⌛ Building environment","timeElapsed":1789,"timestamp":"2025-07-03T19:41:10.016Z"}
{"level":"info","message":"⌛ Validating bastion.wlk","timeElapsed":456,"timestamp":"2025-07-03T19:41:10.477Z"}
{"level":"info","message":"⌛ Building environment","timeElapsed":263,"timestamp":"2025-07-03T19:41:10.758Z"}
{"level":"info","message":"⌛ Building environment","timeElapsed":327,"timestamp":"2025-07-03T19:41:11.088Z"}
{"level":"info","message":"⌛ Validating bastion.wlk","timeElapsed":439,"timestamp":"2025-07-03T19:41:11.532Z"}
{"level":"info","message":"⌛ Building environment","timeElapsed":288,"timestamp":"2025-07-03T19:41:11.849Z"}
{"level":"info","message":"⌛ Building environment","timeElapsed":338,"timestamp":"2025-07-03T19:41:12.188Z"}
{"level":"info","message":"⌛ Building environment","timeElapsed":393,"timestamp":"2025-07-03T19:41:12.742Z"}
{"level":"info","message":"⌛ Validating bastion.wlk","timeElapsed":641,"timestamp":"2025-07-03T19:41:13.448Z"}
{"level":"info","message":"⌛ Building environment","timeElapsed":304,"timestamp":"2025-07-03T19:41:13.760Z"}
{"level":"info","message":"⌛ Building environment","timeElapsed":323,"timestamp":"2025-07-03T19:41:14.122Z"}
{"level":"info","message":"⌛ Building environment","timeElapsed":336,"timestamp":"2025-07-03T19:41:14.514Z"}
{"level":"info","message":"⌛ Validating bastion.wlk","timeElapsed":460,"timestamp":"2025-07-03T19:41:15.035Z"}
{"level":"info","message":"⌛ Building environment","timeElapsed":273,"timestamp":"2025-07-03T19:41:15.315Z"}
{"level":"info","message":"⌛ Building environment","timeElapsed":586,"timestamp":"2025-07-03T19:41:15.938Z"}
{"level":"info","message":"⌛ Building environment","timeElapsed":275,"timestamp":"2025-07-03T19:41:16.267Z"}
{"level":"info","message":"⌛ Building environment","timeElapsed":299,"timestamp":"2025-07-03T19:41:16.624Z"}
{"level":"info","message":"⌛ Validating bastion.wlk","timeElapsed":492,"timestamp":"2025-07-03T19:41:17.183Z"}
{"level":"info","message":"⌛ Validating bastion.wlk","timeElapsed":390,"timestamp":"2025-07-03T19:41:17.597Z"}
{"level":"info","message":"⌛ Building environment","timeElapsed":401,"timestamp":"2025-07-03T19:41:18.000Z"}
{"level":"info","message":"⌛ Building environment","timeElapsed":277,"timestamp":"2025-07-03T19:41:18.292Z"}
{"level":"info","message":"⌛ Building environment","timeElapsed":1452,"timestamp":"2025-07-03T19:41:19.816Z"}
{"level":"info","message":"⌛ Building environment","timeElapsed":297,"timestamp":"2025-07-03T19:41:20.244Z"}
{"level":"info","message":"⌛ Building environment","timeElapsed":470,"timestamp":"2025-07-03T19:41:20.791Z"}
{"level":"info","message":"⌛ Validating bastion.wlk","timeElapsed":491,"timestamp":"2025-07-03T19:41:21.344Z"}
{"level":"info","message":"⌛ Validating bastion.wlk","timeElapsed":405,"timestamp":"2025-07-03T19:41:21.774Z"}
{"level":"info","message":"⌛ Validating bastion.wlk","timeElapsed":452,"timestamp":"2025-07-03T19:41:22.238Z"}
{"level":"info","message":"⌛ Building environment","timeElapsed":308,"timestamp":"2025-07-03T19:41:22.548Z"}
{"level":"info","message":"⌛ Building environment","timeElapsed":272,"timestamp":"2025-07-03T19:41:22.829Z"}
{"level":"info","message":"⌛ Validating bastion.wlk","timeElapsed":406,"timestamp":"2025-07-03T19:41:23.307Z"}
{"level":"info","message":"⌛ Validating bastion.wlk","timeElapsed":343,"timestamp":"2025-07-03T19:41:23.673Z"}
{"level":"info","message":"⌛ Building environment","timeElapsed":319,"timestamp":"2025-07-03T19:41:23.997Z"}
{"level":"info","message":"⌛ Validating bastion.wlk","timeElapsed":666,"timestamp":"2025-07-03T19:41:24.689Z"}
{"level":"info","message":"⌛ Building environment","timeElapsed":307,"timestamp":"2025-07-03T19:41:24.997Z"}
{"level":"error","message":"✘ Completions for node Return (undefined - bastion.wlk) failed: Error: [Return]{30050c} at bastion.wlk:-- exhausted all cases without a match [Return]{30050c} at bastion.wlk:-- exhausted all cases without a match","stack":"Error: [Return]{30050c} at bastion.wlk:-- exhausted all cases without a match\n    at c:\\Users\\LUZ RAMIREZ\\.vscode\\extensions\\uqbar.wollok-lsp-ide-0.5.2\\out\\server\\src\\server.js:38:6142\n    at C2 (c:\\Users\\LUZ RAMIREZ\\.vscode\\extensions\\uqbar.wollok-lsp-ide-0.5.2\\out\\server\\src\\server.js:2362:42)\n    at Gh (c:\\Users\\LUZ RAMIREZ\\.vscode\\extensions\\uqbar.wollok-lsp-ide-0.5.2\\out\\server\\src\\server.js:2362:1092)\n    at l8n (c:\\Users\\LUZ RAMIREZ\\.vscode\\extensions\\uqbar.wollok-lsp-ide-0.5.2\\out\\server\\src\\server.js:2362:1248)\n    at c:\\Users\\LUZ RAMIREZ\\.vscode\\extensions\\uqbar.wollok-lsp-ide-0.5.2\\out\\server\\src\\server.js:38:6131\n    at C2 (c:\\Users\\LUZ RAMIREZ\\.vscode\\extensions\\uqbar.wollok-lsp-ide-0.5.2\\out\\server\\src\\server.js:2362:42)\n    at c:\\Users\\LUZ RAMIREZ\\.vscode\\extensions\\uqbar.wollok-lsp-ide-0.5.2\\out\\server\\src\\server.js:2362:2988\n    at c:\\Users\\LUZ RAMIREZ\\.vscode\\extensions\\uqbar.wollok-lsp-ide-0.5.2\\out\\server\\src\\server.js:2371:8440\n    at c:\\Users\\LUZ RAMIREZ\\.vscode\\extensions\\uqbar.wollok-lsp-ide-0.5.2\\out\\server\\src\\server.js:37:74872\n    at Ye (c:\\Users\\LUZ RAMIREZ\\.vscode\\extensions\\uqbar.wollok-lsp-ide-0.5.2\\out\\server\\src\\server.js:7:8527)","timestamp":"2025-07-03T19:41:25.127Z"}
{"level":"info","message":"⌛ Building environment","timeElapsed":342,"timestamp":"2025-07-03T19:41:25.491Z"}
{"level":"info","message":"⌛ Building environment","timeElapsed":1265,"timestamp":"2025-07-03T19:41:26.763Z"}
{"level":"info","message":"⌛ Building environment","timeElapsed":314,"timestamp":"2025-07-03T19:41:27.080Z"}
{"level":"info","message":"⌛ Validating bastion.wlk","timeElapsed":415,"timestamp":"2025-07-03T19:41:27.497Z"}
{"level":"info","message":"⌛ Building environment","timeElapsed":236,"timestamp":"2025-07-03T19:41:27.749Z"}
{"level":"info","message":"⌛ Validating bastion.wlk","timeElapsed":593,"timestamp":"2025-07-03T19:41:28.364Z"}
{"level":"info","message":"⌛ Building environment","timeElapsed":305,"timestamp":"2025-07-03T19:41:28.679Z"}
{"level":"info","message":"⌛ Building environment","timeElapsed":385,"timestamp":"2025-07-03T19:41:29.071Z"}
{"level":"info","message":"⌛ Building environment","timeElapsed":354,"timestamp":"2025-07-03T19:41:29.428Z"}
{"level":"info","message":"⌛ Validating bastion.wlk","timeElapsed":377,"timestamp":"2025-07-03T19:41:29.808Z"}
{"level":"info","message":"⌛ Building environment","timeElapsed":263,"timestamp":"2025-07-03T19:41:30.077Z"}
{"level":"info","message":"⌛ Building environment","timeElapsed":279,"timestamp":"2025-07-03T19:41:30.377Z"}
{"level":"info","message":"⌛ Building environment","timeElapsed":281,"timestamp":"2025-07-03T19:41:30.662Z"}
{"level":"info","message":"⌛ Validating bastion.wlk","timeElapsed":352,"timestamp":"2025-07-03T19:41:31.014Z"}
{"level":"info","message":"⌛ Validating bastion.wlk","timeElapsed":333,"timestamp":"2025-07-03T19:41:31.365Z"}
{"level":"info","message":"⌛ Validating bastion.wlk","timeElapsed":338,"timestamp":"2025-07-03T19:41:31.708Z"}
{"level":"info","message":"⌛ Building environment","timeElapsed":256,"timestamp":"2025-07-03T19:41:31.971Z"}
{"level":"info","message":"⌛ Building environment","timeElapsed":315,"timestamp":"2025-07-03T19:41:32.289Z"}
{"level":"info","message":"⌛ Validating bastion.wlk","timeElapsed":335,"timestamp":"2025-07-03T19:41:32.626Z"}
{"level":"info","message":"⌛ Building environment","timeElapsed":268,"timestamp":"2025-07-03T19:41:32.898Z"}
{"level":"info","message":"⌛ Building environment","timeElapsed":284,"timestamp":"2025-07-03T19:41:33.189Z"}
{"level":"info","message":"⌛ Building environment","timeElapsed":266,"timestamp":"2025-07-03T19:41:33.458Z"}
{"level":"info","message":"⌛ Building environment","timeElapsed":230,"timestamp":"2025-07-03T19:41:33.689Z"}
{"level":"info","message":"⌛ Building environment","timeElapsed":227,"timestamp":"2025-07-03T19:41:33.971Z"}
{"level":"info","message":"⌛ Building environment","timeElapsed":229,"timestamp":"2025-07-03T19:41:34.272Z"}
{"level":"info","message":"⌛ Building environment","timeElapsed":1071,"timestamp":"2025-07-03T19:41:35.404Z"}
{"level":"info","message":"⌛ Building environment","timeElapsed":243,"timestamp":"2025-07-03T19:41:35.696Z"}
{"level":"info","message":"⌛ Validating bastion.wlk","timeElapsed":338,"timestamp":"2025-07-03T19:41:36.092Z"}
{"level":"info","message":"⌛ Validating bastion.wlk","timeElapsed":641,"timestamp":"2025-07-03T19:41:37.074Z"}
{"level":"info","message":"⌛ Building environment","timeElapsed":275,"timestamp":"2025-07-03T19:41:37.390Z"}
{"level":"info","message":"⌛ Building environment","timeElapsed":239,"timestamp":"2025-07-03T19:41:37.679Z"}
{"level":"info","message":"⌛ Validating bastion.wlk","timeElapsed":342,"timestamp":"2025-07-03T19:41:38.104Z"}
{"level":"info","message":"⌛ Building environment","timeElapsed":244,"timestamp":"2025-07-03T19:41:38.353Z"}
{"level":"info","message":"⌛ Validating bastion.wlk","timeElapsed":332,"timestamp":"2025-07-03T19:41:38.739Z"}
{"level":"info","message":"⌛ Building environment","timeElapsed":227,"timestamp":"2025-07-03T19:41:38.972Z"}
{"level":"info","message":"⌛ Validating bastion.wlk","timeElapsed":351,"timestamp":"2025-07-03T19:41:39.359Z"}
{"level":"info","message":"⌛ Building environment","timeElapsed":232,"timestamp":"2025-07-03T19:41:39.592Z"}
{"level":"info","message":"⌛ Building environment","timeElapsed":233,"timestamp":"2025-07-03T19:41:39.862Z"}
{"level":"info","message":"⌛ Building environment","timeElapsed":244,"timestamp":"2025-07-03T19:41:40.154Z"}
{"level":"info","message":"⌛ Building environment","timeElapsed":232,"timestamp":"2025-07-03T19:41:40.437Z"}
{"level":"info","message":"⌛ Building environment","timeElapsed":1249,"timestamp":"2025-07-03T19:41:41.754Z"}
{"level":"info","message":"⌛ Building environment","timeElapsed":225,"timestamp":"2025-07-03T19:41:42.027Z"}
{"level":"info","message":"⌛ Validating bastion.wlk","timeElapsed":337,"timestamp":"2025-07-03T19:41:42.431Z"}
{"level":"info","message":"⌛ Building environment","timeElapsed":263,"timestamp":"2025-07-03T19:41:42.696Z"}
{"level":"info","message":"⌛ Validating bastion.wlk","timeElapsed":329,"timestamp":"2025-07-03T19:41:43.031Z"}
{"level":"info","message":"⌛ Building environment","timeElapsed":308,"timestamp":"2025-07-03T19:41:43.378Z"}
{"level":"info","message":"⌛ Building environment","timeElapsed":230,"timestamp":"2025-07-03T19:41:43.636Z"}
{"level":"info","message":"⌛ Validating bastion.wlk","timeElapsed":340,"timestamp":"2025-07-03T19:41:44.024Z"}
{"level":"info","message":"⌛ Building environment","timeElapsed":282,"timestamp":"2025-07-03T19:41:44.329Z"}
{"level":"info","message":"⌛ Building environment","timeElapsed":237,"timestamp":"2025-07-03T19:41:44.593Z"}
{"level":"info","message":"⌛ Building environment","timeElapsed":228,"timestamp":"2025-07-03T19:41:44.873Z"}
{"level":"info","message":"⌛ Validating bastion.wlk","timeElapsed":337,"timestamp":"2025-07-03T19:41:45.263Z"}
{"level":"info","message":"⌛ Building environment","timeElapsed":251,"timestamp":"2025-07-03T19:41:45.521Z"}
{"level":"info","message":"⌛ Building environment","timeElapsed":231,"timestamp":"2025-07-03T19:41:45.789Z"}
{"level":"info","message":"⌛ Building environment","timeElapsed":242,"timestamp":"2025-07-03T19:41:46.079Z"}
{"level":"info","message":"⌛ Validating bastion.wlk","timeElapsed":339,"timestamp":"2025-07-03T19:41:46.466Z"}
{"level":"info","message":"⌛ Validating bastion.wlk","timeElapsed":322,"timestamp":"2025-07-03T19:41:46.810Z"}
{"level":"info","message":"⌛ Validating bastion.wlk","timeElapsed":331,"timestamp":"2025-07-03T19:41:47.143Z"}
{"level":"info","message":"⌛ Validating bastion.wlk","timeElapsed":341,"timestamp":"2025-07-03T19:41:47.491Z"}
{"level":"info","message":"⌛ Validating bastion.wlk","timeElapsed":342,"timestamp":"2025-07-03T19:41:47.847Z"}
{"level":"info","message":"⌛ Validating bastion.wlk","timeElapsed":335,"timestamp":"2025-07-03T19:41:48.187Z"}
{"level":"info","message":"⌛ Validating bastion.wlk","timeElapsed":336,"timestamp":"2025-07-03T19:41:48.530Z"}
{"level":"info","message":"⌛ Validating bastion.wlk","timeElapsed":349,"timestamp":"2025-07-03T19:41:48.888Z"}
{"level":"info","message":"⌛ Validating bastion.wlk","timeElapsed":635,"timestamp":"2025-07-03T19:41:49.527Z"}
{"level":"info","message":"⌛ Validating bastion.wlk","timeElapsed":348,"timestamp":"2025-07-03T19:41:49.875Z"}
{"level":"info","message":"⌛ Validating bastion.wlk","timeElapsed":339,"timestamp":"2025-07-03T19:41:50.235Z"}
{"level":"info","message":"⌛ Validating bastion.wlk","timeElapsed":324,"timestamp":"2025-07-03T19:41:50.564Z"}
{"level":"info","message":"⌛ Validating bastion.wlk","timeElapsed":322,"timestamp":"2025-07-03T19:41:50.911Z"}
{"level":"info","message":"⌛ Validating bastion.wlk","timeElapsed":350,"timestamp":"2025-07-03T19:41:51.263Z"}
{"level":"info","message":"⌛ Validating bastion.wlk","timeElapsed":326,"timestamp":"2025-07-03T19:41:51.591Z"}
{"level":"info","message":"⌛ Validating bastion.wlk","timeElapsed":853,"timestamp":"2025-07-03T19:41:52.471Z"}
{"level":"info","message":"⌛ Validating bastion.wlk","timeElapsed":389,"timestamp":"2025-07-03T19:41:52.879Z"}
{"level":"info","message":"⌛ Validating bastion.wlk","timeElapsed":343,"timestamp":"2025-07-03T19:41:53.224Z"}
{"level":"info","message":"⌛ Validating bastion.wlk","timeElapsed":337,"timestamp":"2025-07-03T19:41:53.563Z"}
{"level":"info","message":"⌛ Validating bastion.wlk","timeElapsed":333,"timestamp":"2025-07-03T19:41:53.897Z"}
{"level":"info","message":"⌛ Validating bastion.wlk","timeElapsed":334,"timestamp":"2025-07-03T19:41:54.244Z"}
{"level":"info","message":"⌛ Validating bastion.wlk","timeElapsed":342,"timestamp":"2025-07-03T19:41:54.593Z"}
{"level":"info","message":"⌛ Validating bastion.wlk","timeElapsed":340,"timestamp":"2025-07-03T19:41:54.936Z"}
{"level":"info","message":"⌛ Validating bastion.wlk","timeElapsed":343,"timestamp":"2025-07-03T19:41:55.289Z"}
{"level":"info","message":"⌛ Validating bastion.wlk","timeElapsed":315,"timestamp":"2025-07-03T19:41:55.632Z"}
{"level":"info","message":"⌛ Validating bastion.wlk","timeElapsed":323,"timestamp":"2025-07-03T19:41:55.959Z"}
{"level":"info","message":"⌛ Validating bastion.wlk","timeElapsed":367,"timestamp":"2025-07-03T19:41:56.330Z"}
{"level":"info","message":"⌛ Validating bastion.wlk","timeElapsed":370,"timestamp":"2025-07-03T19:41:56.703Z"}
{"level":"info","message":"⌛ Validating bastion.wlk","timeElapsed":391,"timestamp":"2025-07-03T19:41:57.099Z"}
{"level":"info","message":"⌛ Validating bastion.wlk","timeElapsed":395,"timestamp":"2025-07-03T19:41:57.501Z"}
{"level":"info","message":"⌛ Validating bastion.wlk","timeElapsed":349,"timestamp":"2025-07-03T19:41:57.855Z"}
{"level":"info","message":"⌛ Validating bastion.wlk","timeElapsed":369,"timestamp":"2025-07-03T19:41:58.234Z"}
{"level":"info","message":"⌛ Validating bastion.wlk","timeElapsed":410,"timestamp":"2025-07-03T19:41:58.659Z"}
{"level":"info","message":"⌛ Validating bastion.wlk","timeElapsed":379,"timestamp":"2025-07-03T19:41:59.048Z"}
{"level":"info","message":"⌛ Validating bastion.wlk","timeElapsed":388,"timestamp":"2025-07-03T19:41:59.437Z"}
{"level":"info","message":"⌛ Validating bastion.wlk","timeElapsed":416,"timestamp":"2025-07-03T19:41:59.858Z"}
{"level":"info","message":"⌛ Validating bastion.wlk","timeElapsed":435,"timestamp":"2025-07-03T19:42:00.293Z"}
{"level":"info","message":"⌛ Validating bastion.wlk","timeElapsed":341,"timestamp":"2025-07-03T19:42:00.644Z"}
{"level":"info","message":"⌛ Validating bastion.wlk","timeElapsed":442,"timestamp":"2025-07-03T19:42:01.095Z"}
{"level":"info","message":"⌛ Building environment","timeElapsed":1094,"timestamp":"2025-07-03T19:42:02.460Z"}
{"level":"info","message":"⌛ Building environment","timeElapsed":380,"timestamp":"2025-07-03T19:42:02.843Z"}
{"level":"info","message":"⌛ Building environment","timeElapsed":674,"timestamp":"2025-07-03T19:42:03.528Z"}
{"level":"info","message":"⌛ Building environment","timeElapsed":317,"timestamp":"2025-07-03T19:42:03.874Z"}
{"level":"info","message":"⌛ Building environment","timeElapsed":280,"timestamp":"2025-07-03T19:42:04.157Z"}
{"level":"info","message":"⌛ Validating bastion.wlk","timeElapsed":365,"timestamp":"2025-07-03T19:42:04.532Z"}
{"level":"info","message":"⌛ Building environment","timeElapsed":262,"timestamp":"2025-07-03T19:42:04.825Z"}
{"level":"info","message":"⌛ Validating bastion.wlk","timeElapsed":342,"timestamp":"2025-07-03T19:42:05.169Z"}
{"level":"info","message":"⌛ Validating bastion.wlk","timeElapsed":346,"timestamp":"2025-07-03T19:42:05.531Z"}
{"level":"info","message":"⌛ Validating bastion.wlk","timeElapsed":316,"timestamp":"2025-07-03T19:42:05.851Z"}
{"level":"info","message":"⌛ Validating bastion.wlk","timeElapsed":332,"timestamp":"2025-07-03T19:42:06.199Z"}
{"level":"info","message":"⌛ Validating bastion.wlk","timeElapsed":335,"timestamp":"2025-07-03T19:42:06.545Z"}
{"level":"info","message":"⌛ Building environment","timeElapsed":316,"timestamp":"2025-07-03T19:42:07.377Z"}
{"level":"info","message":"⌛ Autocomplete - Singleton","timeElapsed":140,"timestamp":"2025-07-03T19:42:07.606Z"}
{"level":"info","message":"⌛ Building environment","timeElapsed":534,"timestamp":"2025-07-03T19:42:08.148Z"}
{"level":"info","message":"⌛ Building environment","timeElapsed":417,"timestamp":"2025-07-03T19:42:08.566Z"}
{"level":"info","message":"⌛ Validating bastion.wlk","timeElapsed":519,"timestamp":"2025-07-03T19:42:09.201Z"}
{"level":"info","message":"⌛ Building environment","timeElapsed":421,"timestamp":"2025-07-03T19:42:09.629Z"}
{"level":"info","message":"⌛ Building environment","timeElapsed":292,"timestamp":"2025-07-03T19:42:09.958Z"}
{"level":"error","message":"✘ Failed to rebuild document Failed to parse bastion.wlk: \n-- PARSING FAILED --------------------------------------------------\n\n  27 |     method position() = new MutablePosition(x = 20, y = 6)\n  28 |     method\n> 29 | }\n     | ^\n\nExpected one of the following: \n\n'!=', '!==', '%', '&&', '*', '**', '+', '-', '->', '..', '..<', '/', '<', '<<', '<<<', '<=', '<=>', '<>', '==', '===', '>', '>..', '>=', '>>', '>>>', '?:', '@', 'and', 'class', 'const', 'describe', 'invert', 'mixin', 'negate', 'object', 'only', 'or', 'package', 'plus', 'program', 'test', 'var', '{', '||', EOF, comment, identifier, not \"}\", whitespace\n","stack":"Error: Failed to parse bastion.wlk: \n-- PARSING FAILED --------------------------------------------------\n\n  27 |     method position() = new MutablePosition(x = 20, y = 6)\n  28 |     method\n> 29 | }\n     | ^\n\nExpected one of the following: \n\n'!=', '!==', '%', '&&', '*', '**', '+', '-', '->', '..', '..<', '/', '<', '<<', '<<<', '<=', '<=>', '<>', '==', '===', '>', '>..', '>=', '>>', '>>>', '?:', '@', 'and', 'class', 'const', 'describe', 'invert', 'mixin', 'negate', 'object', 'only', 'or', 'package', 'plus', 'program', 'test', 'var', '{', '||', EOF, comment, identifier, not \"}\", whitespace\n\n    at c:\\Users\\LUZ RAMIREZ\\.vscode\\extensions\\uqbar.wollok-lsp-ide-0.5.2\\out\\server\\src\\server.js:2326:13026\n    at Array.map (<anonymous>)\n    at D1n (c:\\Users\\LUZ RAMIREZ\\.vscode\\extensions\\uqbar.wollok-lsp-ide-0.5.2\\out\\server\\src\\server.js:2326:12950)\n    at W2.buildEnvironmentFrom (c:\\Users\\LUZ RAMIREZ\\.vscode\\extensions\\uqbar.wollok-lsp-ide-0.5.2\\out\\server\\src\\server.js:2371:5254)\n    at W2.updateEnvironmentWith (c:\\Users\\LUZ RAMIREZ\\.vscode\\extensions\\uqbar.wollok-lsp-ide-0.5.2\\out\\server\\src\\server.js:2371:4989)\n    at GF (c:\\Users\\LUZ RAMIREZ\\.vscode\\extensions\\uqbar.wollok-lsp-ide-0.5.2\\out\\server\\src\\server.js:2371:7383)\n    at L3.invoke (c:\\Users\\LUZ RAMIREZ\\.vscode\\extensions\\uqbar.wollok-lsp-ide-0.5.2\\out\\server\\src\\server.js:3:157326)\n    at o.fire (c:\\Users\\LUZ RAMIREZ\\.vscode\\extensions\\uqbar.wollok-lsp-ide-0.5.2\\out\\server\\src\\server.js:3:158096)\n    at c:\\Users\\LUZ RAMIREZ\\.vscode\\extensions\\uqbar.wollok-lsp-ide-0.5.2\\out\\server\\src\\server.js:37:57871\n    at Kr (c:\\Users\\LUZ RAMIREZ\\.vscode\\extensions\\uqbar.wollok-lsp-ide-0.5.2\\out\\server\\src\\server.js:8:1561)","timestamp":"2025-07-03T19:42:10.433Z"}
{"level":"error","message":"✘ Failed to rebuild document Failed to parse bastion.wlk: \n-- PARSING FAILED --------------------------------------------------\n\n  27 |     method position() = new MutablePosition(x = 20, y = 6)\n  28 |     method \n> 29 | }\n     | ^\n\nExpected one of the following: \n\n'!=', '!==', '%', '&&', '*', '**', '+', '-', '->', '..', '..<', '/', '<', '<<', '<<<', '<=', '<=>', '<>', '==', '===', '>', '>..', '>=', '>>', '>>>', '?:', '@', 'and', 'class', 'const', 'describe', 'invert', 'mixin', 'negate', 'object', 'only', 'or', 'package', 'plus', 'program', 'test', 'var', '{', '||', EOF, comment, identifier, not \"}\", whitespace\n","stack":"Error: Failed to parse bastion.wlk: \n-- PARSING FAILED --------------------------------------------------\n\n  27 |     method position() = new MutablePosition(x = 20, y = 6)\n  28 |     method \n> 29 | }\n     | ^\n\nExpected one of the following: \n\n'!=', '!==', '%', '&&', '*', '**', '+', '-', '->', '..', '..<', '/', '<', '<<', '<<<', '<=', '<=>', '<>', '==', '===', '>', '>..', '>=', '>>', '>>>', '?:', '@', 'and', 'class', 'const', 'describe', 'invert', 'mixin', 'negate', 'object', 'only', 'or', 'package', 'plus', 'program', 'test', 'var', '{', '||', EOF, comment, identifier, not \"}\", whitespace\n\n    at c:\\Users\\LUZ RAMIREZ\\.vscode\\extensions\\uqbar.wollok-lsp-ide-0.5.2\\out\\server\\src\\server.js:2326:13026\n    at Array.map (<anonymous>)\n    at D1n (c:\\Users\\LUZ RAMIREZ\\.vscode\\extensions\\uqbar.wollok-lsp-ide-0.5.2\\out\\server\\src\\server.js:2326:12950)\n    at W2.buildEnvironmentFrom (c:\\Users\\LUZ RAMIREZ\\.vscode\\extensions\\uqbar.wollok-lsp-ide-0.5.2\\out\\server\\src\\server.js:2371:5254)\n    at W2.updateEnvironmentWith (c:\\Users\\LUZ RAMIREZ\\.vscode\\extensions\\uqbar.wollok-lsp-ide-0.5.2\\out\\server\\src\\server.js:2371:4989)\n    at GF (c:\\Users\\LUZ RAMIREZ\\.vscode\\extensions\\uqbar.wollok-lsp-ide-0.5.2\\out\\server\\src\\server.js:2371:7383)\n    at L3.invoke (c:\\Users\\LUZ RAMIREZ\\.vscode\\extensions\\uqbar.wollok-lsp-ide-0.5.2\\out\\server\\src\\server.js:3:157326)\n    at o.fire (c:\\Users\\LUZ RAMIREZ\\.vscode\\extensions\\uqbar.wollok-lsp-ide-0.5.2\\out\\server\\src\\server.js:3:158096)\n    at c:\\Users\\LUZ RAMIREZ\\.vscode\\extensions\\uqbar.wollok-lsp-ide-0.5.2\\out\\server\\src\\server.js:37:57871\n    at Kr (c:\\Users\\LUZ RAMIREZ\\.vscode\\extensions\\uqbar.wollok-lsp-ide-0.5.2\\out\\server\\src\\server.js:8:1561)","timestamp":"2025-07-03T19:42:10.494Z"}
{"level":"info","message":"⌛ Validating bastion.wlk","timeElapsed":423,"timestamp":"2025-07-03T19:42:10.920Z"}
{"level":"info","message":"⌛ Building environment","timeElapsed":411,"timestamp":"2025-07-03T19:42:11.335Z"}
{"level":"info","message":"⌛ Building environment","timeElapsed":290,"timestamp":"2025-07-03T19:42:11.642Z"}
{"level":"info","message":"⌛ Validating bastion.wlk","timeElapsed":344,"timestamp":"2025-07-03T19:42:12.076Z"}
{"level":"info","message":"⌛ Building environment","timeElapsed":304,"timestamp":"2025-07-03T19:42:12.381Z"}
{"level":"info","message":"⌛ Building environment","timeElapsed":363,"timestamp":"2025-07-03T19:42:12.746Z"}
{"level":"info","message":"⌛ Building environment","timeElapsed":470,"timestamp":"2025-07-03T19:42:13.217Z"}
{"level":"info","message":"⌛ Building environment","timeElapsed":708,"timestamp":"2025-07-03T19:42:13.927Z"}
{"level":"info","message":"⌛ Building environment","timeElapsed":266,"timestamp":"2025-07-03T19:42:14.216Z"}
{"level":"info","message":"⌛ Validating bastion.wlk","timeElapsed":521,"timestamp":"2025-07-03T19:42:14.788Z"}
{"level":"info","message":"⌛ Building environment","timeElapsed":301,"timestamp":"2025-07-03T19:42:15.130Z"}
{"level":"info","message":"⌛ Validating bastion.wlk","timeElapsed":510,"timestamp":"2025-07-03T19:42:15.699Z"}
{"level":"info","message":"⌛ Building environment","timeElapsed":274,"timestamp":"2025-07-03T19:42:15.983Z"}
{"level":"info","message":"⌛ Validating bastion.wlk","timeElapsed":356,"timestamp":"2025-07-03T19:42:16.373Z"}
{"level":"info","message":"⌛ Validating bastion.wlk","timeElapsed":499,"timestamp":"2025-07-03T19:42:16.918Z"}
{"level":"info","message":"⌛ Validating bastion.wlk","timeElapsed":358,"timestamp":"2025-07-03T19:42:17.277Z"}
{"level":"info","message":"⌛ Building environment","timeElapsed":426,"timestamp":"2025-07-03T19:42:17.713Z"}
{"level":"info","message":"⌛ Validating bastion.wlk","timeElapsed":345,"timestamp":"2025-07-03T19:42:18.059Z"}
{"level":"info","message":"⌛ Building environment","timeElapsed":263,"timestamp":"2025-07-03T19:42:18.345Z"}
{"level":"info","message":"⌛ Building environment","timeElapsed":289,"timestamp":"2025-07-03T19:42:18.665Z"}
{"level":"info","message":"⌛ Validating bastion.wlk","timeElapsed":345,"timestamp":"2025-07-03T19:42:19.013Z"}
{"level":"info","message":"⌛ Building environment","timeElapsed":270,"timestamp":"2025-07-03T19:42:19.300Z"}
{"level":"info","message":"⌛ Validating bastion.wlk","timeElapsed":341,"timestamp":"2025-07-03T19:42:19.646Z"}
{"level":"info","message":"⌛ Validating bastion.wlk","timeElapsed":321,"timestamp":"2025-07-03T19:42:20.003Z"}
{"level":"info","message":"⌛ Validating bastion.wlk","timeElapsed":334,"timestamp":"2025-07-03T19:42:20.346Z"}
{"level":"info","message":"⌛ Validating bastion.wlk","timeElapsed":330,"timestamp":"2025-07-03T19:42:20.683Z"}
{"level":"info","message":"⌛ Validating bastion.wlk","timeElapsed":325,"timestamp":"2025-07-03T19:42:21.031Z"}
{"level":"info","message":"⌛ Validating bastion.wlk","timeElapsed":319,"timestamp":"2025-07-03T19:42:21.362Z"}
{"level":"info","message":"⌛ Validating bastion.wlk","timeElapsed":357,"timestamp":"2025-07-03T19:42:21.749Z"}
{"level":"info","message":"⌛ Validating bastion.wlk","timeElapsed":316,"timestamp":"2025-07-03T19:42:22.071Z"}
{"level":"info","message":"⌛ Building environment","timeElapsed":576,"timestamp":"2025-07-03T19:46:07.687Z"}
{"level":"info","message":"⌛ Validating bastion.wlk","timeElapsed":650,"timestamp":"2025-07-03T19:46:08.496Z"}
{"level":"info","message":"⌛ Building environment","timeElapsed":478,"timestamp":"2025-07-03T19:46:08.981Z"}
{"level":"info","message":"⌛ Building environment","timeElapsed":839,"timestamp":"2025-07-03T19:46:09.860Z"}
{"level":"info","message":"⌛ Validating bastion.wlk","timeElapsed":781,"timestamp":"2025-07-03T19:46:10.724Z"}
{"level":"info","message":"⌛ Building environment","timeElapsed":626,"timestamp":"2025-07-03T19:46:11.360Z"}
{"level":"info","message":"⌛ Validating bastion.wlk","timeElapsed":532,"timestamp":"2025-07-03T19:46:11.969Z"}
{"level":"info","message":"⌛ Validating bastion.wlk","timeElapsed":442,"timestamp":"2025-07-03T19:46:12.414Z"}
{"level":"info","message":"⌛ Building environment","timeElapsed":541,"timestamp":"2025-07-03T19:46:30.207Z"}
{"level":"info","message":"⌛ Building environment","timeElapsed":422,"timestamp":"2025-07-03T19:46:30.723Z"}
{"level":"info","message":"⌛ Building environment","timeElapsed":334,"timestamp":"2025-07-03T19:46:31.155Z"}
{"level":"info","message":"⌛ Validating bastion.wlk","timeElapsed":1087,"timestamp":"2025-07-03T19:46:32.302Z"}
{"level":"info","message":"⌛ Building environment","timeElapsed":698,"timestamp":"2025-07-03T19:46:33.002Z"}
{"level":"info","message":"⌛ Building environment","timeElapsed":339,"timestamp":"2025-07-03T19:46:33.344Z"}
{"level":"info","message":"⌛ Building environment","timeElapsed":438,"timestamp":"2025-07-03T19:46:33.910Z"}
{"level":"info","message":"⌛ Validating bastion.wlk","timeElapsed":604,"timestamp":"2025-07-03T19:46:34.596Z"}
{"level":"info","message":"⌛ Building environment","timeElapsed":449,"timestamp":"2025-07-03T19:46:35.070Z"}
{"level":"info","message":"⌛ Building environment","timeElapsed":524,"timestamp":"2025-07-03T19:46:35.613Z"}
{"level":"info","message":"⌛ Validating bastion.wlk","timeElapsed":582,"timestamp":"2025-07-03T19:46:36.269Z"}
{"level":"info","message":"⌛ Building environment","timeElapsed":914,"timestamp":"2025-07-03T19:46:37.245Z"}
{"level":"info","message":"⌛ Building environment","timeElapsed":588,"timestamp":"2025-07-03T19:46:37.834Z"}
{"level":"info","message":"⌛ Building environment","timeElapsed":457,"timestamp":"2025-07-03T19:46:38.292Z"}
{"level":"info","message":"⌛ Building environment","timeElapsed":369,"timestamp":"2025-07-03T19:46:38.666Z"}
{"level":"info","message":"⌛ Building environment","timeElapsed":1151,"timestamp":"2025-07-03T19:46:39.818Z"}
{"level":"info","message":"⌛ Building environment","timeElapsed":426,"timestamp":"2025-07-03T19:46:40.245Z"}
{"level":"info","message":"⌛ Building environment","timeElapsed":630,"timestamp":"2025-07-03T19:46:40.879Z"}
{"level":"info","message":"⌛ Building environment","timeElapsed":433,"timestamp":"2025-07-03T19:46:41.368Z"}
{"level":"info","message":"⌛ Building environment","timeElapsed":401,"timestamp":"2025-07-03T19:46:41.835Z"}
{"level":"info","message":"⌛ Building environment","timeElapsed":425,"timestamp":"2025-07-03T19:46:42.350Z"}
{"level":"info","message":"⌛ Building environment","timeElapsed":502,"timestamp":"2025-07-03T19:46:42.971Z"}
{"level":"info","message":"⌛ Building environment","timeElapsed":328,"timestamp":"2025-07-03T19:46:43.456Z"}
{"level":"info","message":"⌛ Building environment","timeElapsed":382,"timestamp":"2025-07-03T19:46:43.889Z"}
{"level":"info","message":"⌛ Validating bastion.wlk","timeElapsed":681,"timestamp":"2025-07-03T19:46:44.673Z"}
{"level":"info","message":"⌛ Building environment","timeElapsed":1655,"timestamp":"2025-07-03T19:46:46.390Z"}
{"level":"info","message":"⌛ Validating bastion.wlk","timeElapsed":1085,"timestamp":"2025-07-03T19:46:47.482Z"}
{"level":"info","message":"⌛ Building environment","timeElapsed":1044,"timestamp":"2025-07-03T19:46:48.527Z"}
{"level":"info","message":"⌛ Building environment","timeElapsed":600,"timestamp":"2025-07-03T19:46:49.193Z"}
{"level":"info","message":"⌛ Building environment","timeElapsed":556,"timestamp":"2025-07-03T19:46:49.751Z"}
{"level":"info","message":"⌛ Building environment","timeElapsed":519,"timestamp":"2025-07-03T19:46:50.274Z"}
{"level":"info","message":"⌛ Building environment","timeElapsed":390,"timestamp":"2025-07-03T19:46:50.667Z"}
{"level":"info","message":"⌛ Validating bastion.wlk","timeElapsed":629,"timestamp":"2025-07-03T19:46:51.299Z"}
{"level":"info","message":"⌛ Building environment","timeElapsed":374,"timestamp":"2025-07-03T19:46:51.677Z"}
{"level":"info","message":"⌛ Building environment","timeElapsed":447,"timestamp":"2025-07-03T19:46:52.126Z"}
{"level":"info","message":"⌛ Building environment","timeElapsed":431,"timestamp":"2025-07-03T19:46:52.565Z"}
{"level":"info","message":"⌛ Building environment","timeElapsed":335,"timestamp":"2025-07-03T19:46:52.903Z"}
{"level":"info","message":"⌛ Building environment","timeElapsed":320,"timestamp":"2025-07-03T19:46:53.306Z"}
{"level":"info","message":"⌛ Building environment","timeElapsed":302,"timestamp":"2025-07-03T19:46:53.691Z"}
{"level":"info","message":"⌛ Building environment","timeElapsed":536,"timestamp":"2025-07-03T19:46:54.287Z"}
{"level":"info","message":"⌛ Validating bastion.wlk","timeElapsed":2264,"timestamp":"2025-07-03T19:46:56.623Z"}
{"level":"info","message":"⌛ Building environment","timeElapsed":2082,"timestamp":"2025-07-03T19:46:58.840Z"}
{"level":"info","message":"⌛ Building environment","timeElapsed":800,"timestamp":"2025-07-03T19:46:59.653Z"}
{"level":"info","message":"⌛ Building environment","timeElapsed":452,"timestamp":"2025-07-03T19:47:00.158Z"}
{"level":"info","message":"⌛ Validating bastion.wlk","timeElapsed":678,"timestamp":"2025-07-03T19:47:00.838Z"}
{"level":"info","message":"⌛ Building environment","timeElapsed":399,"timestamp":"2025-07-03T19:47:01.259Z"}
{"level":"info","message":"⌛ Building environment","timeElapsed":375,"timestamp":"2025-07-03T19:47:01.644Z"}
{"level":"info","message":"⌛ Building environment","timeElapsed":469,"timestamp":"2025-07-03T19:47:02.120Z"}
{"level":"info","message":"⌛ Building environment","timeElapsed":337,"timestamp":"2025-07-03T19:47:02.460Z"}
{"level":"info","message":"⌛ Building environment","timeElapsed":330,"timestamp":"2025-07-03T19:47:02.802Z"}
{"level":"info","message":"⌛ Building environment","timeElapsed":344,"timestamp":"2025-07-03T19:47:03.149Z"}
{"level":"info","message":"⌛ Building environment","timeElapsed":325,"timestamp":"2025-07-03T19:47:03.482Z"}
{"level":"info","message":"⌛ Building environment","timeElapsed":336,"timestamp":"2025-07-03T19:47:03.819Z"}
{"level":"info","message":"⌛ Building environment","timeElapsed":352,"timestamp":"2025-07-03T19:47:04.174Z"}
{"level":"info","message":"⌛ Building environment","timeElapsed":237,"timestamp":"2025-07-03T19:47:04.415Z"}
{"level":"info","message":"⌛ Building environment","timeElapsed":233,"timestamp":"2025-07-03T19:47:04.710Z"}
{"level":"info","message":"⌛ Validating bastion.wlk","timeElapsed":379,"timestamp":"2025-07-03T19:47:05.146Z"}
{"level":"info","message":"⌛ Building environment","timeElapsed":235,"timestamp":"2025-07-03T19:47:05.383Z"}
{"level":"info","message":"⌛ Building environment","timeElapsed":244,"timestamp":"2025-07-03T19:47:05.665Z"}
{"level":"info","message":"⌛ Building environment","timeElapsed":251,"timestamp":"2025-07-03T19:47:05.968Z"}
{"level":"info","message":"⌛ Building environment","timeElapsed":304,"timestamp":"2025-07-03T19:47:06.338Z"}
{"level":"info","message":"⌛ Validating bastion.wlk","timeElapsed":412,"timestamp":"2025-07-03T19:47:06.804Z"}
{"level":"info","message":"⌛ Building environment","timeElapsed":300,"timestamp":"2025-07-03T19:47:07.113Z"}
{"level":"info","message":"⌛ Building environment","timeElapsed":361,"timestamp":"2025-07-03T19:47:07.515Z"}
{"level":"info","message":"⌛ Building environment","timeElapsed":335,"timestamp":"2025-07-03T19:47:07.906Z"}
{"level":"info","message":"⌛ Validating bastion.wlk","timeElapsed":396,"timestamp":"2025-07-03T19:47:08.383Z"}
{"level":"info","message":"⌛ Building environment","timeElapsed":296,"timestamp":"2025-07-03T19:47:08.683Z"}
{"level":"info","message":"⌛ Building environment","timeElapsed":301,"timestamp":"2025-07-03T19:47:09.039Z"}
{"level":"info","message":"⌛ Validating bastion.wlk","timeElapsed":381,"timestamp":"2025-07-03T19:47:09.471Z"}
{"level":"info","message":"⌛ Building environment","timeElapsed":245,"timestamp":"2025-07-03T19:47:09.732Z"}
{"level":"info","message":"⌛ Building environment","timeElapsed":328,"timestamp":"2025-07-03T19:47:10.101Z"}
{"level":"info","message":"⌛ Building environment","timeElapsed":265,"timestamp":"2025-07-03T19:47:10.430Z"}
{"level":"info","message":"⌛ Building environment","timeElapsed":258,"timestamp":"2025-07-03T19:47:10.747Z"}
{"level":"info","message":"⌛ Building environment","timeElapsed":388,"timestamp":"2025-07-03T19:47:11.207Z"}
{"level":"info","message":"⌛ Building environment","timeElapsed":2615,"timestamp":"2025-07-03T19:47:13.891Z"}
{"level":"info","message":"⌛ Building environment","timeElapsed":256,"timestamp":"2025-07-03T19:47:14.200Z"}
{"level":"info","message":"⌛ Building environment","timeElapsed":235,"timestamp":"2025-07-03T19:47:14.488Z"}
{"level":"info","message":"⌛ Building environment","timeElapsed":294,"timestamp":"2025-07-03T19:47:14.856Z"}
{"level":"info","message":"⌛ Building environment","timeElapsed":2344,"timestamp":"2025-07-03T19:47:17.362Z"}
{"level":"info","message":"⌛ Validating bastion.wlk","timeElapsed":473,"timestamp":"2025-07-03T19:47:17.836Z"}
{"level":"info","message":"⌛ Building environment","timeElapsed":335,"timestamp":"2025-07-03T19:47:18.188Z"}
{"level":"info","message":"⌛ Building environment","timeElapsed":391,"timestamp":"2025-07-03T19:47:18.584Z"}
{"level":"info","message":"⌛ Validating bastion.wlk","timeElapsed":426,"timestamp":"2025-07-03T19:47:19.011Z"}
{"level":"info","message":"⌛ Building environment","timeElapsed":234,"timestamp":"2025-07-03T19:47:19.281Z"}
{"level":"info","message":"⌛ Building environment","timeElapsed":241,"timestamp":"2025-07-03T19:47:19.571Z"}
{"level":"info","message":"⌛ Building environment","timeElapsed":307,"timestamp":"2025-07-03T19:47:19.931Z"}
{"level":"info","message":"⌛ Validating bastion.wlk","timeElapsed":352,"timestamp":"2025-07-03T19:47:20.333Z"}
{"level":"info","message":"⌛ Building environment","timeElapsed":263,"timestamp":"2025-07-03T19:47:20.599Z"}
{"level":"info","message":"⌛ Building environment","timeElapsed":267,"timestamp":"2025-07-03T19:47:20.900Z"}
{"level":"info","message":"⌛ Building environment","timeElapsed":252,"timestamp":"2025-07-03T19:47:21.205Z"}
{"level":"info","message":"⌛ Building environment","timeElapsed":248,"timestamp":"2025-07-03T19:47:21.507Z"}
{"level":"info","message":"⌛ Validating bastion.wlk","timeElapsed":376,"timestamp":"2025-07-03T19:47:21.938Z"}
{"level":"info","message":"⌛ Building environment","timeElapsed":244,"timestamp":"2025-07-03T19:47:22.183Z"}
{"level":"info","message":"⌛ Building environment","timeElapsed":232,"timestamp":"2025-07-03T19:47:22.451Z"}
{"level":"info","message":"⌛ Building environment","timeElapsed":247,"timestamp":"2025-07-03T19:47:22.746Z"}
{"level":"info","message":"⌛ Building environment","timeElapsed":233,"timestamp":"2025-07-03T19:47:23.032Z"}
{"level":"info","message":"⌛ Validating bastion.wlk","timeElapsed":342,"timestamp":"2025-07-03T19:47:23.429Z"}
{"level":"info","message":"⌛ Building environment","timeElapsed":234,"timestamp":"2025-07-03T19:47:23.668Z"}
{"level":"info","message":"⌛ Building environment","timeElapsed":240,"timestamp":"2025-07-03T19:47:23.945Z"}
{"level":"info","message":"⌛ Building environment","timeElapsed":256,"timestamp":"2025-07-03T19:47:24.253Z"}
{"level":"info","message":"⌛ Building environment","timeElapsed":234,"timestamp":"2025-07-03T19:47:24.539Z"}
{"level":"info","message":"⌛ Building environment","timeElapsed":228,"timestamp":"2025-07-03T19:47:24.837Z"}
{"level":"info","message":"⌛ Building environment","timeElapsed":237,"timestamp":"2025-07-03T19:47:25.117Z"}
{"level":"info","message":"⌛ Building environment","timeElapsed":225,"timestamp":"2025-07-03T19:47:25.397Z"}
{"level":"info","message":"⌛ Building environment","timeElapsed":228,"timestamp":"2025-07-03T19:47:25.682Z"}
{"level":"info","message":"⌛ Building environment","timeElapsed":226,"timestamp":"2025-07-03T19:47:25.962Z"}
{"level":"info","message":"⌛ Validating bastion.wlk","timeElapsed":349,"timestamp":"2025-07-03T19:47:26.363Z"}
{"level":"info","message":"⌛ Building environment","timeElapsed":233,"timestamp":"2025-07-03T19:47:26.596Z"}
{"level":"info","message":"⌛ Building environment","timeElapsed":230,"timestamp":"2025-07-03T19:47:26.863Z"}
{"level":"info","message":"⌛ Building environment","timeElapsed":241,"timestamp":"2025-07-03T19:47:27.157Z"}
{"level":"info","message":"⌛ Validating bastion.wlk","timeElapsed":336,"timestamp":"2025-07-03T19:47:27.546Z"}
{"level":"info","message":"⌛ Building environment","timeElapsed":324,"timestamp":"2025-07-03T19:47:27.880Z"}
{"level":"info","message":"⌛ Building environment","timeElapsed":303,"timestamp":"2025-07-03T19:47:28.346Z"}
{"level":"info","message":"⌛ Building environment","timeElapsed":254,"timestamp":"2025-07-03T19:47:28.648Z"}
{"level":"info","message":"⌛ Validating bastion.wlk","timeElapsed":340,"timestamp":"2025-07-03T19:47:29.039Z"}
{"level":"info","message":"⌛ Building environment","timeElapsed":239,"timestamp":"2025-07-03T19:47:29.284Z"}
{"level":"info","message":"⌛ Building environment","timeElapsed":244,"timestamp":"2025-07-03T19:47:29.563Z"}
{"level":"info","message":"⌛ Validating bastion.wlk","timeElapsed":336,"timestamp":"2025-07-03T19:47:29.952Z"}
{"level":"info","message":"⌛ Building environment","timeElapsed":305,"timestamp":"2025-07-03T19:47:30.262Z"}
{"level":"info","message":"⌛ Building environment","timeElapsed":231,"timestamp":"2025-07-03T19:47:30.529Z"}
{"level":"info","message":"⌛ Building environment","timeElapsed":2935,"timestamp":"2025-07-03T19:47:33.512Z"}
{"level":"info","message":"⌛ Building environment","timeElapsed":1492,"timestamp":"2025-07-03T19:47:35.066Z"}
{"level":"info","message":"⌛ Building environment","timeElapsed":236,"timestamp":"2025-07-03T19:47:35.355Z"}
{"level":"info","message":"⌛ Building environment","timeElapsed":229,"timestamp":"2025-07-03T19:47:35.636Z"}
{"level":"info","message":"⌛ Building environment","timeElapsed":224,"timestamp":"2025-07-03T19:47:35.918Z"}
{"level":"info","message":"⌛ Building environment","timeElapsed":227,"timestamp":"2025-07-03T19:47:36.198Z"}
{"level":"info","message":"⌛ Building environment","timeElapsed":226,"timestamp":"2025-07-03T19:47:36.487Z"}
{"level":"info","message":"⌛ Building environment","timeElapsed":229,"timestamp":"2025-07-03T19:47:36.769Z"}
{"level":"info","message":"⌛ Building environment","timeElapsed":227,"timestamp":"2025-07-03T19:47:37.048Z"}
{"level":"info","message":"⌛ Building environment","timeElapsed":235,"timestamp":"2025-07-03T19:47:37.333Z"}
{"level":"info","message":"⌛ Building environment","timeElapsed":225,"timestamp":"2025-07-03T19:47:37.612Z"}
{"level":"info","message":"⌛ Building environment","timeElapsed":228,"timestamp":"2025-07-03T19:47:37.905Z"}
{"level":"info","message":"⌛ Building environment","timeElapsed":223,"timestamp":"2025-07-03T19:47:38.190Z"}
{"level":"info","message":"⌛ Validating bastion.wlk","timeElapsed":346,"timestamp":"2025-07-03T19:47:38.597Z"}
{"level":"info","message":"⌛ Building environment","timeElapsed":236,"timestamp":"2025-07-03T19:47:38.853Z"}
{"level":"info","message":"⌛ Building environment","timeElapsed":277,"timestamp":"2025-07-03T19:47:39.169Z"}
{"level":"info","message":"⌛ Building environment","timeElapsed":241,"timestamp":"2025-07-03T19:47:39.465Z"}
{"level":"info","message":"⌛ Building environment","timeElapsed":223,"timestamp":"2025-07-03T19:47:39.740Z"}
{"level":"info","message":"⌛ Building environment","timeElapsed":226,"timestamp":"2025-07-03T19:47:40.020Z"}
{"level":"info","message":"⌛ Building environment","timeElapsed":234,"timestamp":"2025-07-03T19:47:40.306Z"}
{"level":"info","message":"⌛ Building environment","timeElapsed":228,"timestamp":"2025-07-03T19:47:40.589Z"}
{"level":"info","message":"⌛ Building environment","timeElapsed":597,"timestamp":"2025-07-03T19:47:41.239Z"}
{"level":"info","message":"⌛ Building environment","timeElapsed":2788,"timestamp":"2025-07-03T19:47:44.166Z"}
{"level":"info","message":"⌛ Building environment","timeElapsed":335,"timestamp":"2025-07-03T19:47:44.506Z"}
{"level":"info","message":"⌛ Building environment","timeElapsed":300,"timestamp":"2025-07-03T19:47:44.811Z"}
{"level":"info","message":"⌛ Building environment","timeElapsed":287,"timestamp":"2025-07-03T19:47:45.099Z"}
{"level":"info","message":"⌛ Validating bastion.wlk","timeElapsed":407,"timestamp":"2025-07-03T19:47:45.509Z"}
{"level":"info","message":"⌛ Building environment","timeElapsed":263,"timestamp":"2025-07-03T19:47:45.772Z"}
{"level":"info","message":"⌛ Building environment","timeElapsed":277,"timestamp":"2025-07-03T19:47:46.055Z"}
{"level":"info","message":"⌛ Building environment","timeElapsed":305,"timestamp":"2025-07-03T19:47:46.367Z"}
{"level":"info","message":"⌛ Building environment","timeElapsed":280,"timestamp":"2025-07-03T19:47:46.650Z"}
{"level":"info","message":"⌛ Building environment","timeElapsed":278,"timestamp":"2025-07-03T19:47:47.002Z"}
{"level":"info","message":"⌛ Validating bastion.wlk","timeElapsed":418,"timestamp":"2025-07-03T19:47:47.485Z"}
{"level":"info","message":"⌛ Building environment","timeElapsed":326,"timestamp":"2025-07-03T19:47:47.814Z"}
{"level":"info","message":"⌛ Building environment","timeElapsed":274,"timestamp":"2025-07-03T19:47:48.130Z"}
{"level":"info","message":"⌛ Building environment","timeElapsed":503,"timestamp":"2025-07-03T19:47:48.683Z"}
{"level":"info","message":"⌛ Validating bastion.wlk","timeElapsed":374,"timestamp":"2025-07-03T19:47:49.109Z"}
{"level":"info","message":"⌛ Building environment","timeElapsed":322,"timestamp":"2025-07-03T19:47:49.437Z"}
{"level":"info","message":"⌛ Building environment","timeElapsed":236,"timestamp":"2025-07-03T19:47:49.722Z"}
{"level":"info","message":"⌛ Validating bastion.wlk","timeElapsed":400,"timestamp":"2025-07-03T19:47:50.177Z"}
{"level":"info","message":"⌛ Building environment","timeElapsed":366,"timestamp":"2025-07-03T19:47:50.548Z"}
{"level":"info","message":"⌛ Building environment","timeElapsed":331,"timestamp":"2025-07-03T19:47:50.919Z"}
{"level":"info","message":"⌛ Validating bastion.wlk","timeElapsed":434,"timestamp":"2025-07-03T19:47:51.409Z"}
{"level":"info","message":"⌛ Building environment","timeElapsed":259,"timestamp":"2025-07-03T19:47:51.672Z"}
{"level":"info","message":"⌛ Building environment","timeElapsed":229,"timestamp":"2025-07-03T19:47:51.944Z"}
{"level":"info","message":"⌛ Building environment","timeElapsed":240,"timestamp":"2025-07-03T19:47:52.238Z"}
{"level":"info","message":"⌛ Building environment","timeElapsed":249,"timestamp":"2025-07-03T19:47:52.570Z"}
{"level":"info","message":"⌛ Building environment","timeElapsed":232,"timestamp":"2025-07-03T19:47:52.854Z"}
{"level":"info","message":"⌛ Building environment","timeElapsed":225,"timestamp":"2025-07-03T19:47:53.128Z"}
{"level":"info","message":"⌛ Validating bastion.wlk","timeElapsed":424,"timestamp":"2025-07-03T19:47:53.619Z"}
{"level":"info","message":"⌛ Validating bastion.wlk","timeElapsed":465,"timestamp":"2025-07-03T19:47:54.085Z"}
{"level":"info","message":"⌛ Validating bastion.wlk","timeElapsed":449,"timestamp":"2025-07-03T19:47:54.539Z"}
{"level":"info","message":"⌛ Validating bastion.wlk","timeElapsed":359,"timestamp":"2025-07-03T19:47:54.904Z"}
{"level":"info","message":"⌛ Validating bastion.wlk","timeElapsed":419,"timestamp":"2025-07-03T19:47:55.331Z"}
{"level":"info","message":"⌛ Validating bastion.wlk","timeElapsed":386,"timestamp":"2025-07-03T19:47:55.729Z"}
{"level":"info","message":"⌛ Validating bastion.wlk","timeElapsed":580,"timestamp":"2025-07-03T19:47:56.311Z"}
{"level":"info","message":"⌛ Validating bastion.wlk","timeElapsed":377,"timestamp":"2025-07-03T19:47:56.713Z"}
{"level":"info","message":"⌛ Validating bastion.wlk","timeElapsed":334,"timestamp":"2025-07-03T19:47:57.053Z"}
{"level":"info","message":"⌛ Validating bastion.wlk","timeElapsed":317,"timestamp":"2025-07-03T19:47:57.375Z"}
{"level":"info","message":"⌛ Validating bastion.wlk","timeElapsed":326,"timestamp":"2025-07-03T19:47:57.709Z"}
{"level":"info","message":"⌛ Validating bastion.wlk","timeElapsed":319,"timestamp":"2025-07-03T19:47:58.039Z"}
{"level":"info","message":"⌛ Validating bastion.wlk","timeElapsed":319,"timestamp":"2025-07-03T19:47:58.359Z"}
{"level":"info","message":"⌛ Validating bastion.wlk","timeElapsed":338,"timestamp":"2025-07-03T19:47:58.698Z"}
{"level":"info","message":"⌛ Validating bastion.wlk","timeElapsed":347,"timestamp":"2025-07-03T19:47:59.048Z"}
{"level":"info","message":"⌛ Validating bastion.wlk","timeElapsed":340,"timestamp":"2025-07-03T19:47:59.394Z"}
{"level":"info","message":"⌛ Validating bastion.wlk","timeElapsed":417,"timestamp":"2025-07-03T19:47:59.812Z"}
{"level":"info","message":"⌛ Validating bastion.wlk","timeElapsed":422,"timestamp":"2025-07-03T19:48:00.235Z"}
{"level":"info","message":"⌛ Validating bastion.wlk","timeElapsed":436,"timestamp":"2025-07-03T19:48:00.675Z"}
{"level":"info","message":"⌛ Validating bastion.wlk","timeElapsed":400,"timestamp":"2025-07-03T19:48:01.080Z"}
{"level":"info","message":"⌛ Validating bastion.wlk","timeElapsed":368,"timestamp":"2025-07-03T19:48:01.450Z"}
{"level":"info","message":"⌛ Validating bastion.wlk","timeElapsed":367,"timestamp":"2025-07-03T19:48:01.817Z"}
{"level":"info","message":"⌛ Validating bastion.wlk","timeElapsed":408,"timestamp":"2025-07-03T19:48:02.233Z"}
{"level":"info","message":"⌛ Validating bastion.wlk","timeElapsed":384,"timestamp":"2025-07-03T19:48:02.619Z"}
{"level":"info","message":"⌛ Validating bastion.wlk","timeElapsed":324,"timestamp":"2025-07-03T19:48:02.944Z"}
{"level":"info","message":"⌛ Validating bastion.wlk","timeElapsed":368,"timestamp":"2025-07-03T19:48:03.318Z"}
{"level":"info","message":"⌛ Validating bastion.wlk","timeElapsed":342,"timestamp":"2025-07-03T19:48:03.667Z"}
{"level":"info","message":"⌛ Validating bastion.wlk","timeElapsed":383,"timestamp":"2025-07-03T19:48:04.051Z"}
{"level":"info","message":"⌛ Validating bastion.wlk","timeElapsed":380,"timestamp":"2025-07-03T19:48:04.436Z"}
{"level":"info","message":"⌛ Validating bastion.wlk","timeElapsed":344,"timestamp":"2025-07-03T19:48:04.797Z"}
{"level":"info","message":"⌛ Validating bastion.wlk","timeElapsed":321,"timestamp":"2025-07-03T19:48:05.119Z"}
{"level":"info","message":"⌛ Validating bastion.wlk","timeElapsed":403,"timestamp":"2025-07-03T19:48:05.532Z"}
{"level":"info","message":"⌛ Validating bastion.wlk","timeElapsed":419,"timestamp":"2025-07-03T19:48:05.953Z"}
{"level":"info","message":"⌛ Validating bastion.wlk","timeElapsed":561,"timestamp":"2025-07-03T19:48:06.520Z"}
{"level":"info","message":"⌛ Validating bastion.wlk","timeElapsed":916,"timestamp":"2025-07-03T19:48:07.437Z"}
{"level":"info","message":"⌛ Validating bastion.wlk","timeElapsed":462,"timestamp":"2025-07-03T19:48:07.900Z"}
{"level":"info","message":"⌛ Validating bastion.wlk","timeElapsed":394,"timestamp":"2025-07-03T19:48:08.298Z"}
{"level":"info","message":"⌛ Validating bastion.wlk","timeElapsed":327,"timestamp":"2025-07-03T19:48:08.629Z"}
{"level":"info","message":"⌛ Validating bastion.wlk","timeElapsed":370,"timestamp":"2025-07-03T19:48:09.004Z"}
{"level":"info","message":"⌛ Validating bastion.wlk","timeElapsed":390,"timestamp":"2025-07-03T19:48:09.404Z"}
{"level":"info","message":"⌛ Validating bastion.wlk","timeElapsed":426,"timestamp":"2025-07-03T19:48:09.831Z"}
{"level":"info","message":"⌛ Validating bastion.wlk","timeElapsed":366,"timestamp":"2025-07-03T19:48:10.201Z"}
{"level":"info","message":"⌛ Validating bastion.wlk","timeElapsed":439,"timestamp":"2025-07-03T19:48:10.644Z"}
{"level":"info","message":"⌛ Validating bastion.wlk","timeElapsed":407,"timestamp":"2025-07-03T19:48:11.053Z"}
{"level":"info","message":"⌛ Validating bastion.wlk","timeElapsed":401,"timestamp":"2025-07-03T19:48:11.460Z"}
{"level":"info","message":"⌛ Validating bastion.wlk","timeElapsed":359,"timestamp":"2025-07-03T19:48:11.819Z"}
{"level":"info","message":"⌛ Validating bastion.wlk","timeElapsed":542,"timestamp":"2025-07-03T19:48:12.367Z"}
{"level":"info","message":"⌛ Validating bastion.wlk","timeElapsed":580,"timestamp":"2025-07-03T19:48:12.959Z"}
{"level":"info","message":"⌛ Validating bastion.wlk","timeElapsed":600,"timestamp":"2025-07-03T19:48:13.560Z"}
{"level":"info","message":"⌛ Validating bastion.wlk","timeElapsed":402,"timestamp":"2025-07-03T19:48:13.966Z"}
{"level":"info","message":"⌛ Validating bastion.wlk","timeElapsed":343,"timestamp":"2025-07-03T19:48:14.313Z"}
{"level":"info","message":"⌛ Validating bastion.wlk","timeElapsed":348,"timestamp":"2025-07-03T19:48:14.662Z"}
{"level":"info","message":"⌛ Validating bastion.wlk","timeElapsed":394,"timestamp":"2025-07-03T19:48:15.062Z"}
{"level":"info","message":"⌛ Validating bastion.wlk","timeElapsed":604,"timestamp":"2025-07-03T19:48:15.669Z"}
{"level":"info","message":"⌛ Validating bastion.wlk","timeElapsed":384,"timestamp":"2025-07-03T19:48:16.054Z"}
{"level":"info","message":"⌛ Validating bastion.wlk","timeElapsed":364,"timestamp":"2025-07-03T19:48:16.424Z"}
{"level":"info","message":"⌛ Validating bastion.wlk","timeElapsed":373,"timestamp":"2025-07-03T19:48:16.801Z"}
{"level":"info","message":"⌛ Validating bastion.wlk","timeElapsed":333,"timestamp":"2025-07-03T19:48:17.135Z"}
{"level":"info","message":"⌛ Validating bastion.wlk","timeElapsed":365,"timestamp":"2025-07-03T19:48:17.505Z"}
{"level":"info","message":"⌛ Validating bastion.wlk","timeElapsed":317,"timestamp":"2025-07-03T19:48:17.826Z"}
{"level":"info","message":"⌛ Validating bastion.wlk","timeElapsed":378,"timestamp":"2025-07-03T19:48:18.209Z"}
{"level":"info","message":"⌛ Validating bastion.wlk","timeElapsed":339,"timestamp":"2025-07-03T19:48:18.549Z"}
{"level":"info","message":"⌛ Validating bastion.wlk","timeElapsed":650,"timestamp":"2025-07-03T19:48:19.200Z"}
{"level":"info","message":"⌛ Validating bastion.wlk","timeElapsed":540,"timestamp":"2025-07-03T19:48:19.744Z"}
{"level":"info","message":"⌛ Validating bastion.wlk","timeElapsed":523,"timestamp":"2025-07-03T19:48:20.267Z"}
{"level":"info","message":"⌛ Validating bastion.wlk","timeElapsed":445,"timestamp":"2025-07-03T19:48:20.729Z"}
{"level":"info","message":"⌛ Validating bastion.wlk","timeElapsed":487,"timestamp":"2025-07-03T19:48:21.217Z"}
{"level":"info","message":"⌛ Validating bastion.wlk","timeElapsed":422,"timestamp":"2025-07-03T19:48:21.646Z"}
{"level":"info","message":"⌛ Validating bastion.wlk","timeElapsed":403,"timestamp":"2025-07-03T19:48:22.049Z"}
{"level":"info","message":"⌛ Validating bastion.wlk","timeElapsed":390,"timestamp":"2025-07-03T19:48:22.452Z"}
{"level":"info","message":"⌛ Validating bastion.wlk","timeElapsed":465,"timestamp":"2025-07-03T19:48:22.918Z"}
{"level":"info","message":"⌛ Validating bastion.wlk","timeElapsed":440,"timestamp":"2025-07-03T19:48:23.359Z"}
{"level":"info","message":"⌛ Validating bastion.wlk","timeElapsed":413,"timestamp":"2025-07-03T19:48:23.774Z"}
{"level":"info","message":"⌛ Validating bastion.wlk","timeElapsed":353,"timestamp":"2025-07-03T19:48:24.130Z"}
{"level":"info","message":"⌛ Validating bastion.wlk","timeElapsed":369,"timestamp":"2025-07-03T19:48:24.503Z"}
{"level":"info","message":"⌛ Validating bastion.wlk","timeElapsed":374,"timestamp":"2025-07-03T19:48:24.880Z"}
{"level":"info","message":"⌛ Validating bastion.wlk","timeElapsed":414,"timestamp":"2025-07-03T19:48:25.298Z"}
{"level":"info","message":"⌛ Validating bastion.wlk","timeElapsed":497,"timestamp":"2025-07-03T19:48:25.799Z"}
{"level":"info","message":"⌛ Validating bastion.wlk","timeElapsed":561,"timestamp":"2025-07-03T19:48:26.364Z"}
{"level":"info","message":"⌛ Validating bastion.wlk","timeElapsed":808,"timestamp":"2025-07-03T19:48:27.173Z"}
{"level":"info","message":"⌛ Validating bastion.wlk","timeElapsed":349,"timestamp":"2025-07-03T19:48:27.526Z"}
{"level":"info","message":"⌛ Validating bastion.wlk","timeElapsed":361,"timestamp":"2025-07-03T19:48:27.891Z"}
{"level":"info","message":"⌛ Validating bastion.wlk","timeElapsed":365,"timestamp":"2025-07-03T19:48:28.260Z"}
{"level":"info","message":"⌛ Validating bastion.wlk","timeElapsed":331,"timestamp":"2025-07-03T19:48:28.594Z"}
{"level":"info","message":"⌛ Validating bastion.wlk","timeElapsed":378,"timestamp":"2025-07-03T19:48:28.985Z"}
{"level":"info","message":"⌛ Validating bastion.wlk","timeElapsed":409,"timestamp":"2025-07-03T19:48:29.396Z"}
{"level":"info","message":"⌛ Validating bastion.wlk","timeElapsed":413,"timestamp":"2025-07-03T19:48:29.813Z"}
{"level":"info","message":"⌛ Validating bastion.wlk","timeElapsed":319,"timestamp":"2025-07-03T19:48:30.136Z"}
{"level":"info","message":"⌛ Validating bastion.wlk","timeElapsed":319,"timestamp":"2025-07-03T19:48:30.460Z"}
{"level":"info","message":"⌛ Validating bastion.wlk","timeElapsed":330,"timestamp":"2025-07-03T19:48:30.793Z"}
{"level":"info","message":"⌛ Validating bastion.wlk","timeElapsed":373,"timestamp":"2025-07-03T19:48:31.170Z"}
{"level":"info","message":"⌛ Validating bastion.wlk","timeElapsed":320,"timestamp":"2025-07-03T19:48:31.494Z"}
{"level":"info","message":"⌛ Validating bastion.wlk","timeElapsed":415,"timestamp":"2025-07-03T19:48:31.911Z"}
{"level":"info","message":"⌛ Validating bastion.wlk","timeElapsed":422,"timestamp":"2025-07-03T19:48:32.334Z"}
{"level":"info","message":"⌛ Validating bastion.wlk","timeElapsed":426,"timestamp":"2025-07-03T19:48:32.766Z"}
{"level":"info","message":"⌛ Validating bastion.wlk","timeElapsed":424,"timestamp":"2025-07-03T19:48:33.198Z"}
{"level":"info","message":"⌛ Validating bastion.wlk","timeElapsed":330,"timestamp":"2025-07-03T19:48:33.533Z"}
{"level":"info","message":"⌛ Validating bastion.wlk","timeElapsed":425,"timestamp":"2025-07-03T19:48:33.960Z"}
{"level":"info","message":"⌛ Validating bastion.wlk","timeElapsed":354,"timestamp":"2025-07-03T19:48:34.315Z"}
{"level":"info","message":"⌛ Validating bastion.wlk","timeElapsed":318,"timestamp":"2025-07-03T19:48:34.639Z"}
{"level":"info","message":"⌛ Validating bastion.wlk","timeElapsed":354,"timestamp":"2025-07-03T19:48:34.996Z"}
{"level":"info","message":"⌛ Validating bastion.wlk","timeElapsed":322,"timestamp":"2025-07-03T19:48:35.324Z"}
{"level":"info","message":"⌛ Validating bastion.wlk","timeElapsed":323,"timestamp":"2025-07-03T19:48:35.721Z"}
{"level":"info","message":"⌛ Validating bastion.wlk","timeElapsed":322,"timestamp":"2025-07-03T19:48:36.045Z"}
{"level":"info","message":"⌛ Validating bastion.wlk","timeElapsed":322,"timestamp":"2025-07-03T19:48:36.370Z"}
{"level":"info","message":"⌛ Validating bastion.wlk","timeElapsed":325,"timestamp":"2025-07-03T19:48:36.757Z"}
{"level":"info","message":"⌛ Validating bastion.wlk","timeElapsed":315,"timestamp":"2025-07-03T19:48:37.146Z"}
{"level":"info","message":"⌛ Building environment","timeElapsed":265,"timestamp":"2025-07-03T19:48:37.416Z"}
{"level":"info","message":"⌛ Building environment","timeElapsed":294,"timestamp":"2025-07-03T19:48:37.733Z"}
{"level":"info","message":"⌛ Validating bastion.wlk","timeElapsed":454,"timestamp":"2025-07-03T19:48:38.190Z"}
{"level":"info","message":"⌛ Building environment","timeElapsed":665,"timestamp":"2025-07-03T19:48:38.863Z"}
{"level":"info","message":"⌛ Building environment","timeElapsed":469,"timestamp":"2025-07-03T19:48:39.334Z"}
{"level":"info","message":"⌛ Validating bastion.wlk","timeElapsed":911,"timestamp":"2025-07-03T19:48:40.276Z"}
{"level":"info","message":"⌛ Building environment","timeElapsed":475,"timestamp":"2025-07-03T19:48:40.784Z"}
{"level":"info","message":"⌛ Building environment","timeElapsed":236,"timestamp":"2025-07-03T19:48:41.065Z"}
{"level":"info","message":"⌛ Validating bastion.wlk","timeElapsed":341,"timestamp":"2025-07-03T19:48:41.471Z"}
{"level":"info","message":"⌛ Validating bastion.wlk","timeElapsed":337,"timestamp":"2025-07-03T19:48:41.809Z"}
{"level":"info","message":"⌛ Validating bastion.wlk","timeElapsed":321,"timestamp":"2025-07-03T19:48:42.134Z"}
{"level":"info","message":"⌛ Validating bastion.wlk","timeElapsed":323,"timestamp":"2025-07-03T19:48:42.460Z"}
{"level":"info","message":"⌛ Validating bastion.wlk","timeElapsed":333,"timestamp":"2025-07-03T19:48:42.797Z"}
{"level":"info","message":"⌛ Validating bastion.wlk","timeElapsed":320,"timestamp":"2025-07-03T19:48:43.121Z"}
{"level":"info","message":"⌛ Building environment","timeElapsed":258,"timestamp":"2025-07-03T19:48:43.386Z"}
{"level":"info","message":"⌛ Building environment","timeElapsed":277,"timestamp":"2025-07-03T19:48:43.689Z"}
{"level":"info","message":"⌛ Building environment","timeElapsed":288,"timestamp":"2025-07-03T19:48:43.993Z"}
{"level":"info","message":"⌛ Building environment","timeElapsed":277,"timestamp":"2025-07-03T19:48:44.300Z"}
{"level":"info","message":"⌛ Building environment","timeElapsed":267,"timestamp":"2025-07-03T19:48:44.594Z"}
{"level":"info","message":"⌛ Building environment","timeElapsed":282,"timestamp":"2025-07-03T19:48:44.898Z"}
{"level":"info","message":"⌛ Building environment","timeElapsed":226,"timestamp":"2025-07-03T19:48:45.143Z"}
{"level":"error","message":"✘ Completions for node Send ([28:21, 28:34] - bastion.wlk) failed: Error: [Send]{d2006e} at bastion.wlk:28 exhausted all cases without a match [Send]{d2006e} at bastion.wlk:28 exhausted all cases without a match","stack":"Error: [Send]{d2006e} at bastion.wlk:28 exhausted all cases without a match\n    at c:\\Users\\LUZ RAMIREZ\\.vscode\\extensions\\uqbar.wollok-lsp-ide-0.5.2\\out\\server\\src\\server.js:38:6142\n    at C2 (c:\\Users\\LUZ RAMIREZ\\.vscode\\extensions\\uqbar.wollok-lsp-ide-0.5.2\\out\\server\\src\\server.js:2362:42)\n    at Gh (c:\\Users\\LUZ RAMIREZ\\.vscode\\extensions\\uqbar.wollok-lsp-ide-0.5.2\\out\\server\\src\\server.js:2362:1092)\n    at l8n (c:\\Users\\LUZ RAMIREZ\\.vscode\\extensions\\uqbar.wollok-lsp-ide-0.5.2\\out\\server\\src\\server.js:2362:1248)\n    at c:\\Users\\LUZ RAMIREZ\\.vscode\\extensions\\uqbar.wollok-lsp-ide-0.5.2\\out\\server\\src\\server.js:38:6131\n    at C2 (c:\\Users\\LUZ RAMIREZ\\.vscode\\extensions\\uqbar.wollok-lsp-ide-0.5.2\\out\\server\\src\\server.js:2362:42)\n    at c:\\Users\\LUZ RAMIREZ\\.vscode\\extensions\\uqbar.wollok-lsp-ide-0.5.2\\out\\server\\src\\server.js:2362:2988\n    at c:\\Users\\LUZ RAMIREZ\\.vscode\\extensions\\uqbar.wollok-lsp-ide-0.5.2\\out\\server\\src\\server.js:2371:8440\n    at c:\\Users\\LUZ RAMIREZ\\.vscode\\extensions\\uqbar.wollok-lsp-ide-0.5.2\\out\\server\\src\\server.js:37:74872\n    at Ye (c:\\Users\\LUZ RAMIREZ\\.vscode\\extensions\\uqbar.wollok-lsp-ide-0.5.2\\out\\server\\src\\server.js:7:8527)","timestamp":"2025-07-03T19:48:45.275Z"}
{"level":"error","message":"✘ Completions for node Return (undefined - bastion.wlk) failed: Error: [Return]{eed580} at bastion.wlk:-- exhausted all cases without a match [Return]{eed580} at bastion.wlk:-- exhausted all cases without a match","stack":"Error: [Return]{eed580} at bastion.wlk:-- exhausted all cases without a match\n    at c:\\Users\\LUZ RAMIREZ\\.vscode\\extensions\\uqbar.wollok-lsp-ide-0.5.2\\out\\server\\src\\server.js:38:6142\n    at C2 (c:\\Users\\LUZ RAMIREZ\\.vscode\\extensions\\uqbar.wollok-lsp-ide-0.5.2\\out\\server\\src\\server.js:2362:42)\n    at Gh (c:\\Users\\LUZ RAMIREZ\\.vscode\\extensions\\uqbar.wollok-lsp-ide-0.5.2\\out\\server\\src\\server.js:2362:1092)\n    at C2 (c:\\Users\\LUZ RAMIREZ\\.vscode\\extensions\\uqbar.wollok-lsp-ide-0.5.2\\out\\server\\src\\server.js:2362:544)\n    at Gh (c:\\Users\\LUZ RAMIREZ\\.vscode\\extensions\\uqbar.wollok-lsp-ide-0.5.2\\out\\server\\src\\server.js:2362:1092)\n    at l8n (c:\\Users\\LUZ RAMIREZ\\.vscode\\extensions\\uqbar.wollok-lsp-ide-0.5.2\\out\\server\\src\\server.js:2362:1248)\n    at c:\\Users\\LUZ RAMIREZ\\.vscode\\extensions\\uqbar.wollok-lsp-ide-0.5.2\\out\\server\\src\\server.js:38:6131\n    at C2 (c:\\Users\\LUZ RAMIREZ\\.vscode\\extensions\\uqbar.wollok-lsp-ide-0.5.2\\out\\server\\src\\server.js:2362:42)\n    at c:\\Users\\LUZ RAMIREZ\\.vscode\\extensions\\uqbar.wollok-lsp-ide-0.5.2\\out\\server\\src\\server.js:2362:2988\n    at c:\\Users\\LUZ RAMIREZ\\.vscode\\extensions\\uqbar.wollok-lsp-ide-0.5.2\\out\\server\\src\\server.js:2371:8440","timestamp":"2025-07-03T19:48:45.275Z"}
{"level":"info","message":"⌛ Building environment","timeElapsed":272,"timestamp":"2025-07-03T19:48:45.565Z"}
{"level":"info","message":"⌛ Building environment","timeElapsed":282,"timestamp":"2025-07-03T19:48:45.864Z"}
{"level":"error","message":"✘ Completions for node Send ([28:21, 28:34] - bastion.wlk) failed: Error: [Send]{726709} at bastion.wlk:28 exhausted all cases without a match [Send]{726709} at bastion.wlk:28 exhausted all cases without a match","stack":"Error: [Send]{726709} at bastion.wlk:28 exhausted all cases without a match\n    at c:\\Users\\LUZ RAMIREZ\\.vscode\\extensions\\uqbar.wollok-lsp-ide-0.5.2\\out\\server\\src\\server.js:38:6142\n    at C2 (c:\\Users\\LUZ RAMIREZ\\.vscode\\extensions\\uqbar.wollok-lsp-ide-0.5.2\\out\\server\\src\\server.js:2362:42)\n    at Gh (c:\\Users\\LUZ RAMIREZ\\.vscode\\extensions\\uqbar.wollok-lsp-ide-0.5.2\\out\\server\\src\\server.js:2362:1092)\n    at l8n (c:\\Users\\LUZ RAMIREZ\\.vscode\\extensions\\uqbar.wollok-lsp-ide-0.5.2\\out\\server\\src\\server.js:2362:1248)\n    at c:\\Users\\LUZ RAMIREZ\\.vscode\\extensions\\uqbar.wollok-lsp-ide-0.5.2\\out\\server\\src\\server.js:38:6131\n    at C2 (c:\\Users\\LUZ RAMIREZ\\.vscode\\extensions\\uqbar.wollok-lsp-ide-0.5.2\\out\\server\\src\\server.js:2362:42)\n    at c:\\Users\\LUZ RAMIREZ\\.vscode\\extensions\\uqbar.wollok-lsp-ide-0.5.2\\out\\server\\src\\server.js:2362:2988\n    at c:\\Users\\LUZ RAMIREZ\\.vscode\\extensions\\uqbar.wollok-lsp-ide-0.5.2\\out\\server\\src\\server.js:2371:8440\n    at c:\\Users\\LUZ RAMIREZ\\.vscode\\extensions\\uqbar.wollok-lsp-ide-0.5.2\\out\\server\\src\\server.js:37:74872\n    at Ye (c:\\Users\\LUZ RAMIREZ\\.vscode\\extensions\\uqbar.wollok-lsp-ide-0.5.2\\out\\server\\src\\server.js:7:8527)","timestamp":"2025-07-03T19:48:46.088Z"}
{"level":"error","message":"✘ Completions for node Return (undefined - bastion.wlk) failed: Error: [Return]{d414d4} at bastion.wlk:-- exhausted all cases without a match [Return]{d414d4} at bastion.wlk:-- exhausted all cases without a match","stack":"Error: [Return]{d414d4} at bastion.wlk:-- exhausted all cases without a match\n    at c:\\Users\\LUZ RAMIREZ\\.vscode\\extensions\\uqbar.wollok-lsp-ide-0.5.2\\out\\server\\src\\server.js:38:6142\n    at C2 (c:\\Users\\LUZ RAMIREZ\\.vscode\\extensions\\uqbar.wollok-lsp-ide-0.5.2\\out\\server\\src\\server.js:2362:42)\n    at Gh (c:\\Users\\LUZ RAMIREZ\\.vscode\\extensions\\uqbar.wollok-lsp-ide-0.5.2\\out\\server\\src\\server.js:2362:1092)\n    at C2 (c:\\Users\\LUZ RAMIREZ\\.vscode\\extensions\\uqbar.wollok-lsp-ide-0.5.2\\out\\server\\src\\server.js:2362:544)\n    at Gh (c:\\Users\\LUZ RAMIREZ\\.vscode\\extensions\\uqbar.wollok-lsp-ide-0.5.2\\out\\server\\src\\server.js:2362:1092)\n    at l8n (c:\\Users\\LUZ RAMIREZ\\.vscode\\extensions\\uqbar.wollok-lsp-ide-0.5.2\\out\\server\\src\\server.js:2362:1248)\n    at c:\\Users\\LUZ RAMIREZ\\.vscode\\extensions\\uqbar.wollok-lsp-ide-0.5.2\\out\\server\\src\\server.js:38:6131\n    at C2 (c:\\Users\\LUZ RAMIREZ\\.vscode\\extensions\\uqbar.wollok-lsp-ide-0.5.2\\out\\server\\src\\server.js:2362:42)\n    at c:\\Users\\LUZ RAMIREZ\\.vscode\\extensions\\uqbar.wollok-lsp-ide-0.5.2\\out\\server\\src\\server.js:2362:2988\n    at c:\\Users\\LUZ RAMIREZ\\.vscode\\extensions\\uqbar.wollok-lsp-ide-0.5.2\\out\\server\\src\\server.js:2371:8440","timestamp":"2025-07-03T19:48:46.089Z"}
{"level":"info","message":"⌛ Building environment","timeElapsed":528,"timestamp":"2025-07-03T19:48:46.632Z"}
{"level":"info","message":"⌛ Building environment","timeElapsed":285,"timestamp":"2025-07-03T19:48:46.941Z"}
{"level":"info","message":"⌛ Building environment","timeElapsed":271,"timestamp":"2025-07-03T19:48:47.215Z"}
{"level":"info","message":"⌛ Building environment","timeElapsed":244,"timestamp":"2025-07-03T19:48:47.461Z"}
{"level":"error","message":"✘ Completions for node Send ([28:21, 28:34] - bastion.wlk) failed: Error: [Send]{3d86d2} at bastion.wlk:28 exhausted all cases without a match [Send]{3d86d2} at bastion.wlk:28 exhausted all cases without a match","stack":"Error: [Send]{3d86d2} at bastion.wlk:28 exhausted all cases without a match\n    at c:\\Users\\LUZ RAMIREZ\\.vscode\\extensions\\uqbar.wollok-lsp-ide-0.5.2\\out\\server\\src\\server.js:38:6142\n    at C2 (c:\\Users\\LUZ RAMIREZ\\.vscode\\extensions\\uqbar.wollok-lsp-ide-0.5.2\\out\\server\\src\\server.js:2362:42)\n    at Gh (c:\\Users\\LUZ RAMIREZ\\.vscode\\extensions\\uqbar.wollok-lsp-ide-0.5.2\\out\\server\\src\\server.js:2362:1092)\n    at l8n (c:\\Users\\LUZ RAMIREZ\\.vscode\\extensions\\uqbar.wollok-lsp-ide-0.5.2\\out\\server\\src\\server.js:2362:1248)\n    at c:\\Users\\LUZ RAMIREZ\\.vscode\\extensions\\uqbar.wollok-lsp-ide-0.5.2\\out\\server\\src\\server.js:38:6131\n    at C2 (c:\\Users\\LUZ RAMIREZ\\.vscode\\extensions\\uqbar.wollok-lsp-ide-0.5.2\\out\\server\\src\\server.js:2362:42)\n    at c:\\Users\\LUZ RAMIREZ\\.vscode\\extensions\\uqbar.wollok-lsp-ide-0.5.2\\out\\server\\src\\server.js:2362:2988\n    at c:\\Users\\LUZ RAMIREZ\\.vscode\\extensions\\uqbar.wollok-lsp-ide-0.5.2\\out\\server\\src\\server.js:2371:8440\n    at c:\\Users\\LUZ RAMIREZ\\.vscode\\extensions\\uqbar.wollok-lsp-ide-0.5.2\\out\\server\\src\\server.js:37:74872\n    at Ye (c:\\Users\\LUZ RAMIREZ\\.vscode\\extensions\\uqbar.wollok-lsp-ide-0.5.2\\out\\server\\src\\server.js:7:8527)","timestamp":"2025-07-03T19:48:47.588Z"}
{"level":"error","message":"✘ Completions for node Return (undefined - bastion.wlk) failed: Error: [Return]{cbbe7c} at bastion.wlk:-- exhausted all cases without a match [Return]{cbbe7c} at bastion.wlk:-- exhausted all cases without a match","stack":"Error: [Return]{cbbe7c} at bastion.wlk:-- exhausted all cases without a match\n    at c:\\Users\\LUZ RAMIREZ\\.vscode\\extensions\\uqbar.wollok-lsp-ide-0.5.2\\out\\server\\src\\server.js:38:6142\n    at C2 (c:\\Users\\LUZ RAMIREZ\\.vscode\\extensions\\uqbar.wollok-lsp-ide-0.5.2\\out\\server\\src\\server.js:2362:42)\n    at Gh (c:\\Users\\LUZ RAMIREZ\\.vscode\\extensions\\uqbar.wollok-lsp-ide-0.5.2\\out\\server\\src\\server.js:2362:1092)\n    at C2 (c:\\Users\\LUZ RAMIREZ\\.vscode\\extensions\\uqbar.wollok-lsp-ide-0.5.2\\out\\server\\src\\server.js:2362:544)\n    at Gh (c:\\Users\\LUZ RAMIREZ\\.vscode\\extensions\\uqbar.wollok-lsp-ide-0.5.2\\out\\server\\src\\server.js:2362:1092)\n    at l8n (c:\\Users\\LUZ RAMIREZ\\.vscode\\extensions\\uqbar.wollok-lsp-ide-0.5.2\\out\\server\\src\\server.js:2362:1248)\n    at c:\\Users\\LUZ RAMIREZ\\.vscode\\extensions\\uqbar.wollok-lsp-ide-0.5.2\\out\\server\\src\\server.js:38:6131\n    at C2 (c:\\Users\\LUZ RAMIREZ\\.vscode\\extensions\\uqbar.wollok-lsp-ide-0.5.2\\out\\server\\src\\server.js:2362:42)\n    at c:\\Users\\LUZ RAMIREZ\\.vscode\\extensions\\uqbar.wollok-lsp-ide-0.5.2\\out\\server\\src\\server.js:2362:2988\n    at c:\\Users\\LUZ RAMIREZ\\.vscode\\extensions\\uqbar.wollok-lsp-ide-0.5.2\\out\\server\\src\\server.js:2371:8440","timestamp":"2025-07-03T19:48:47.588Z"}
{"level":"info","message":"⌛ Building environment","timeElapsed":1222,"timestamp":"2025-07-03T19:48:48.828Z"}
{"level":"info","message":"⌛ Building environment","timeElapsed":281,"timestamp":"2025-07-03T19:48:49.130Z"}
{"level":"info","message":"⌛ Building environment","timeElapsed":291,"timestamp":"2025-07-03T19:48:49.444Z"}
{"level":"info","message":"⌛ Building environment","timeElapsed":279,"timestamp":"2025-07-03T19:48:49.750Z"}
{"level":"info","message":"⌛ Building environment","timeElapsed":271,"timestamp":"2025-07-03T19:48:50.052Z"}
{"level":"info","message":"⌛ Building environment","timeElapsed":278,"timestamp":"2025-07-03T19:48:50.352Z"}
{"level":"info","message":"⌛ Building environment","timeElapsed":281,"timestamp":"2025-07-03T19:48:50.656Z"}
{"level":"info","message":"⌛ Building environment","timeElapsed":289,"timestamp":"2025-07-03T19:48:50.948Z"}
{"level":"info","message":"⌛ Building environment","timeElapsed":275,"timestamp":"2025-07-03T19:48:51.331Z"}
{"level":"error","message":"✘ Completions for node Send ([28:21, 28:39] - bastion.wlk) failed: Error: [Send]{7cd0c4} at bastion.wlk:28 exhausted all cases without a match [Send]{7cd0c4} at bastion.wlk:28 exhausted all cases without a match","stack":"Error: [Send]{7cd0c4} at bastion.wlk:28 exhausted all cases without a match\n    at c:\\Users\\LUZ RAMIREZ\\.vscode\\extensions\\uqbar.wollok-lsp-ide-0.5.2\\out\\server\\src\\server.js:38:6142\n    at C2 (c:\\Users\\LUZ RAMIREZ\\.vscode\\extensions\\uqbar.wollok-lsp-ide-0.5.2\\out\\server\\src\\server.js:2362:42)\n    at Gh (c:\\Users\\LUZ RAMIREZ\\.vscode\\extensions\\uqbar.wollok-lsp-ide-0.5.2\\out\\server\\src\\server.js:2362:1092)\n    at l8n (c:\\Users\\LUZ RAMIREZ\\.vscode\\extensions\\uqbar.wollok-lsp-ide-0.5.2\\out\\server\\src\\server.js:2362:1248)\n    at c:\\Users\\LUZ RAMIREZ\\.vscode\\extensions\\uqbar.wollok-lsp-ide-0.5.2\\out\\server\\src\\server.js:38:6131\n    at C2 (c:\\Users\\LUZ RAMIREZ\\.vscode\\extensions\\uqbar.wollok-lsp-ide-0.5.2\\out\\server\\src\\server.js:2362:42)\n    at c:\\Users\\LUZ RAMIREZ\\.vscode\\extensions\\uqbar.wollok-lsp-ide-0.5.2\\out\\server\\src\\server.js:2362:2988\n    at c:\\Users\\LUZ RAMIREZ\\.vscode\\extensions\\uqbar.wollok-lsp-ide-0.5.2\\out\\server\\src\\server.js:2371:8440\n    at c:\\Users\\LUZ RAMIREZ\\.vscode\\extensions\\uqbar.wollok-lsp-ide-0.5.2\\out\\server\\src\\server.js:37:74872\n    at Ye (c:\\Users\\LUZ RAMIREZ\\.vscode\\extensions\\uqbar.wollok-lsp-ide-0.5.2\\out\\server\\src\\server.js:7:8527)","timestamp":"2025-07-03T19:48:51.414Z"}
{"level":"error","message":"✘ Completions for node Return (undefined - bastion.wlk) failed: Error: [Return]{686311} at bastion.wlk:-- exhausted all cases without a match [Return]{686311} at bastion.wlk:-- exhausted all cases without a match","stack":"Error: [Return]{686311} at bastion.wlk:-- exhausted all cases without a match\n    at c:\\Users\\LUZ RAMIREZ\\.vscode\\extensions\\uqbar.wollok-lsp-ide-0.5.2\\out\\server\\src\\server.js:38:6142\n    at C2 (c:\\Users\\LUZ RAMIREZ\\.vscode\\extensions\\uqbar.wollok-lsp-ide-0.5.2\\out\\server\\src\\server.js:2362:42)\n    at Gh (c:\\Users\\LUZ RAMIREZ\\.vscode\\extensions\\uqbar.wollok-lsp-ide-0.5.2\\out\\server\\src\\server.js:2362:1092)\n    at C2 (c:\\Users\\LUZ RAMIREZ\\.vscode\\extensions\\uqbar.wollok-lsp-ide-0.5.2\\out\\server\\src\\server.js:2362:544)\n    at Gh (c:\\Users\\LUZ RAMIREZ\\.vscode\\extensions\\uqbar.wollok-lsp-ide-0.5.2\\out\\server\\src\\server.js:2362:1092)\n    at l8n (c:\\Users\\LUZ RAMIREZ\\.vscode\\extensions\\uqbar.wollok-lsp-ide-0.5.2\\out\\server\\src\\server.js:2362:1248)\n    at c:\\Users\\LUZ RAMIREZ\\.vscode\\extensions\\uqbar.wollok-lsp-ide-0.5.2\\out\\server\\src\\server.js:38:6131\n    at C2 (c:\\Users\\LUZ RAMIREZ\\.vscode\\extensions\\uqbar.wollok-lsp-ide-0.5.2\\out\\server\\src\\server.js:2362:42)\n    at c:\\Users\\LUZ RAMIREZ\\.vscode\\extensions\\uqbar.wollok-lsp-ide-0.5.2\\out\\server\\src\\server.js:2362:2988\n    at c:\\Users\\LUZ RAMIREZ\\.vscode\\extensions\\uqbar.wollok-lsp-ide-0.5.2\\out\\server\\src\\server.js:2371:8440","timestamp":"2025-07-03T19:48:51.416Z"}
{"level":"info","message":"⌛ Building environment","timeElapsed":270,"timestamp":"2025-07-03T19:48:51.701Z"}
{"level":"error","message":"✘ Completions for node Send ([28:21, 28:38] - bastion.wlk) failed: Error: [Send]{79da31} at bastion.wlk:28 exhausted all cases without a match [Send]{79da31} at bastion.wlk:28 exhausted all cases without a match","stack":"Error: [Send]{79da31} at bastion.wlk:28 exhausted all cases without a match\n    at c:\\Users\\LUZ RAMIREZ\\.vscode\\extensions\\uqbar.wollok-lsp-ide-0.5.2\\out\\server\\src\\server.js:38:6142\n    at C2 (c:\\Users\\LUZ RAMIREZ\\.vscode\\extensions\\uqbar.wollok-lsp-ide-0.5.2\\out\\server\\src\\server.js:2362:42)\n    at Gh (c:\\Users\\LUZ RAMIREZ\\.vscode\\extensions\\uqbar.wollok-lsp-ide-0.5.2\\out\\server\\src\\server.js:2362:1092)\n    at l8n (c:\\Users\\LUZ RAMIREZ\\.vscode\\extensions\\uqbar.wollok-lsp-ide-0.5.2\\out\\server\\src\\server.js:2362:1248)\n    at c:\\Users\\LUZ RAMIREZ\\.vscode\\extensions\\uqbar.wollok-lsp-ide-0.5.2\\out\\server\\src\\server.js:38:6131\n    at C2 (c:\\Users\\LUZ RAMIREZ\\.vscode\\extensions\\uqbar.wollok-lsp-ide-0.5.2\\out\\server\\src\\server.js:2362:42)\n    at c:\\Users\\LUZ RAMIREZ\\.vscode\\extensions\\uqbar.wollok-lsp-ide-0.5.2\\out\\server\\src\\server.js:2362:2988\n    at c:\\Users\\LUZ RAMIREZ\\.vscode\\extensions\\uqbar.wollok-lsp-ide-0.5.2\\out\\server\\src\\server.js:2371:8440\n    at c:\\Users\\LUZ RAMIREZ\\.vscode\\extensions\\uqbar.wollok-lsp-ide-0.5.2\\out\\server\\src\\server.js:37:74872\n    at Ye (c:\\Users\\LUZ RAMIREZ\\.vscode\\extensions\\uqbar.wollok-lsp-ide-0.5.2\\out\\server\\src\\server.js:7:8527)","timestamp":"2025-07-03T19:48:51.797Z"}
{"level":"error","message":"✘ Completions for node Return (undefined - bastion.wlk) failed: Error: [Return]{48558f} at bastion.wlk:-- exhausted all cases without a match [Return]{48558f} at bastion.wlk:-- exhausted all cases without a match","stack":"Error: [Return]{48558f} at bastion.wlk:-- exhausted all cases without a match\n    at c:\\Users\\LUZ RAMIREZ\\.vscode\\extensions\\uqbar.wollok-lsp-ide-0.5.2\\out\\server\\src\\server.js:38:6142\n    at C2 (c:\\Users\\LUZ RAMIREZ\\.vscode\\extensions\\uqbar.wollok-lsp-ide-0.5.2\\out\\server\\src\\server.js:2362:42)\n    at Gh (c:\\Users\\LUZ RAMIREZ\\.vscode\\extensions\\uqbar.wollok-lsp-ide-0.5.2\\out\\server\\src\\server.js:2362:1092)\n    at C2 (c:\\Users\\LUZ RAMIREZ\\.vscode\\extensions\\uqbar.wollok-lsp-ide-0.5.2\\out\\server\\src\\server.js:2362:544)\n    at Gh (c:\\Users\\LUZ RAMIREZ\\.vscode\\extensions\\uqbar.wollok-lsp-ide-0.5.2\\out\\server\\src\\server.js:2362:1092)\n    at l8n (c:\\Users\\LUZ RAMIREZ\\.vscode\\extensions\\uqbar.wollok-lsp-ide-0.5.2\\out\\server\\src\\server.js:2362:1248)\n    at c:\\Users\\LUZ RAMIREZ\\.vscode\\extensions\\uqbar.wollok-lsp-ide-0.5.2\\out\\server\\src\\server.js:38:6131\n    at C2 (c:\\Users\\LUZ RAMIREZ\\.vscode\\extensions\\uqbar.wollok-lsp-ide-0.5.2\\out\\server\\src\\server.js:2362:42)\n    at c:\\Users\\LUZ RAMIREZ\\.vscode\\extensions\\uqbar.wollok-lsp-ide-0.5.2\\out\\server\\src\\server.js:2362:2988\n    at c:\\Users\\LUZ RAMIREZ\\.vscode\\extensions\\uqbar.wollok-lsp-ide-0.5.2\\out\\server\\src\\server.js:2371:8440","timestamp":"2025-07-03T19:48:51.797Z"}
{"level":"info","message":"⌛ Building environment","timeElapsed":276,"timestamp":"2025-07-03T19:48:52.084Z"}
{"level":"info","message":"⌛ Building environment","timeElapsed":266,"timestamp":"2025-07-03T19:48:52.448Z"}
{"level":"info","message":"⌛ Building environment","timeElapsed":271,"timestamp":"2025-07-03T19:48:52.744Z"}
{"level":"info","message":"⌛ Building environment","timeElapsed":275,"timestamp":"2025-07-03T19:48:53.051Z"}
{"level":"info","message":"⌛ Building environment","timeElapsed":276,"timestamp":"2025-07-03T19:48:53.347Z"}
{"level":"info","message":"⌛ Building environment","timeElapsed":280,"timestamp":"2025-07-03T19:48:53.648Z"}
{"level":"info","message":"⌛ Building environment","timeElapsed":291,"timestamp":"2025-07-03T19:48:53.963Z"}
{"level":"info","message":"⌛ Building environment","timeElapsed":294,"timestamp":"2025-07-03T19:48:54.273Z"}
{"level":"info","message":"⌛ Building environment","timeElapsed":573,"timestamp":"2025-07-03T19:48:54.849Z"}
{"level":"info","message":"⌛ Building environment","timeElapsed":359,"timestamp":"2025-07-03T19:48:55.211Z"}
{"level":"info","message":"⌛ Building environment","timeElapsed":1366,"timestamp":"2025-07-03T19:48:56.578Z"}
{"level":"info","message":"⌛ Building environment","timeElapsed":294,"timestamp":"2025-07-03T19:48:56.894Z"}
{"level":"info","message":"⌛ Building environment","timeElapsed":263,"timestamp":"2025-07-03T19:48:57.250Z"}
{"level":"info","message":"⌛ Building environment","timeElapsed":279,"timestamp":"2025-07-03T19:48:57.546Z"}
{"level":"info","message":"⌛ Building environment","timeElapsed":285,"timestamp":"2025-07-03T19:48:57.907Z"}
{"level":"info","message":"⌛ Building environment","timeElapsed":269,"timestamp":"2025-07-03T19:48:58.178Z"}
{"level":"info","message":"⌛ Building environment","timeElapsed":274,"timestamp":"2025-07-03T19:48:58.474Z"}
{"level":"info","message":"⌛ Building environment","timeElapsed":270,"timestamp":"2025-07-03T19:48:58.746Z"}
{"level":"info","message":"⌛ Building environment","timeElapsed":1529,"timestamp":"2025-07-03T19:49:00.349Z"}
{"level":"info","message":"⌛ Building environment","timeElapsed":288,"timestamp":"2025-07-03T19:49:00.644Z"}
{"level":"info","message":"⌛ Building environment","timeElapsed":295,"timestamp":"2025-07-03T19:49:01.017Z"}
{"level":"info","message":"⌛ Building environment","timeElapsed":274,"timestamp":"2025-07-03T19:49:01.316Z"}
{"level":"info","message":"⌛ Building environment","timeElapsed":277,"timestamp":"2025-07-03T19:49:01.598Z"}
{"level":"info","message":"⌛ Building environment","timeElapsed":306,"timestamp":"2025-07-03T19:49:01.907Z"}
{"level":"info","message":"⌛ Building environment","timeElapsed":268,"timestamp":"2025-07-03T19:49:02.250Z"}
{"level":"info","message":"⌛ Building environment","timeElapsed":274,"timestamp":"2025-07-03T19:49:02.530Z"}
{"level":"info","message":"⌛ Building environment","timeElapsed":280,"timestamp":"2025-07-03T19:49:02.814Z"}
{"level":"info","message":"⌛ Building environment","timeElapsed":296,"timestamp":"2025-07-03T19:49:03.112Z"}
{"level":"info","message":"⌛ Building environment","timeElapsed":233,"timestamp":"2025-07-03T19:49:03.348Z"}
{"level":"info","message":"⌛ Building environment","timeElapsed":225,"timestamp":"2025-07-03T19:49:03.622Z"}
{"level":"info","message":"⌛ Building environment","timeElapsed":236,"timestamp":"2025-07-03T19:49:03.909Z"}
{"level":"info","message":"⌛ Building environment","timeElapsed":222,"timestamp":"2025-07-03T19:49:04.182Z"}
{"level":"info","message":"⌛ Building environment","timeElapsed":228,"timestamp":"2025-07-03T19:49:04.476Z"}
{"level":"info","message":"⌛ Building environment","timeElapsed":228,"timestamp":"2025-07-03T19:49:04.758Z"}
{"level":"info","message":"⌛ Building environment","timeElapsed":252,"timestamp":"2025-07-03T19:49:05.064Z"}
{"level":"info","message":"⌛ Building environment","timeElapsed":232,"timestamp":"2025-07-03T19:49:05.348Z"}
{"level":"info","message":"⌛ Building environment","timeElapsed":230,"timestamp":"2025-07-03T19:49:05.629Z"}
{"level":"info","message":"⌛ Building environment","timeElapsed":243,"timestamp":"2025-07-03T19:49:05.930Z"}
{"level":"info","message":"⌛ Building environment","timeElapsed":311,"timestamp":"2025-07-03T19:49:06.432Z"}
{"level":"info","message":"⌛ Building environment","timeElapsed":344,"timestamp":"2025-07-03T19:49:06.831Z"}
{"level":"info","message":"⌛ Validating bastion.wlk","timeElapsed":526,"timestamp":"2025-07-03T19:49:07.389Z"}
{"level":"info","message":"⌛ Validating bastion.wlk","timeElapsed":444,"timestamp":"2025-07-03T19:49:07.837Z"}
{"level":"info","message":"⌛ Validating bastion.wlk","timeElapsed":445,"timestamp":"2025-07-03T19:49:08.283Z"}
{"level":"info","message":"⌛ Validating bastion.wlk","timeElapsed":446,"timestamp":"2025-07-03T19:49:08.730Z"}
{"level":"info","message":"⌛ Validating bastion.wlk","timeElapsed":344,"timestamp":"2025-07-03T19:49:09.075Z"}
{"level":"info","message":"⌛ Validating bastion.wlk","timeElapsed":366,"timestamp":"2025-07-03T19:49:09.442Z"}
{"level":"info","message":"⌛ Validating bastion.wlk","timeElapsed":343,"timestamp":"2025-07-03T19:49:09.789Z"}
{"level":"info","message":"⌛ Validating bastion.wlk","timeElapsed":351,"timestamp":"2025-07-03T19:49:10.151Z"}
{"level":"info","message":"⌛ Validating bastion.wlk","timeElapsed":355,"timestamp":"2025-07-03T19:49:10.511Z"}
{"level":"info","message":"⌛ Validating bastion.wlk","timeElapsed":379,"timestamp":"2025-07-03T19:49:10.894Z"}
{"level":"info","message":"⌛ Validating bastion.wlk","timeElapsed":495,"timestamp":"2025-07-03T19:49:11.417Z"}
{"level":"info","message":"⌛ Validating bastion.wlk","timeElapsed":504,"timestamp":"2025-07-03T19:49:11.929Z"}
{"level":"info","message":"⌛ Validating bastion.wlk","timeElapsed":815,"timestamp":"2025-07-03T19:49:12.745Z"}
{"level":"info","message":"⌛ Validating bastion.wlk","timeElapsed":389,"timestamp":"2025-07-03T19:49:13.135Z"}
{"level":"info","message":"⌛ Validating bastion.wlk","timeElapsed":330,"timestamp":"2025-07-03T19:49:13.470Z"}
{"level":"info","message":"⌛ Validating bastion.wlk","timeElapsed":409,"timestamp":"2025-07-03T19:49:13.880Z"}
{"level":"info","message":"⌛ Validating bastion.wlk","timeElapsed":382,"timestamp":"2025-07-03T19:49:14.262Z"}
{"level":"info","message":"⌛ Validating bastion.wlk","timeElapsed":408,"timestamp":"2025-07-03T19:49:14.676Z"}
{"level":"info","message":"⌛ Validating bastion.wlk","timeElapsed":379,"timestamp":"2025-07-03T19:49:15.060Z"}
{"level":"info","message":"⌛ Validating bastion.wlk","timeElapsed":397,"timestamp":"2025-07-03T19:49:15.463Z"}
{"level":"info","message":"⌛ Validating bastion.wlk","timeElapsed":362,"timestamp":"2025-07-03T19:49:15.830Z"}
{"level":"info","message":"⌛ Validating bastion.wlk","timeElapsed":412,"timestamp":"2025-07-03T19:49:16.246Z"}
{"level":"info","message":"⌛ Validating bastion.wlk","timeElapsed":332,"timestamp":"2025-07-03T19:49:16.580Z"}
{"level":"info","message":"⌛ Validating bastion.wlk","timeElapsed":327,"timestamp":"2025-07-03T19:49:16.911Z"}
{"level":"info","message":"⌛ Validating bastion.wlk","timeElapsed":463,"timestamp":"2025-07-03T19:49:17.378Z"}
{"level":"info","message":"⌛ Validating bastion.wlk","timeElapsed":470,"timestamp":"2025-07-03T19:49:17.849Z"}
{"level":"info","message":"⌛ Validating bastion.wlk","timeElapsed":564,"timestamp":"2025-07-03T19:49:18.430Z"}
{"level":"info","message":"⌛ Validating bastion.wlk","timeElapsed":817,"timestamp":"2025-07-03T19:49:19.248Z"}
{"level":"info","message":"⌛ Validating bastion.wlk","timeElapsed":402,"timestamp":"2025-07-03T19:49:19.651Z"}
{"level":"info","message":"⌛ Validating bastion.wlk","timeElapsed":358,"timestamp":"2025-07-03T19:49:20.012Z"}
{"level":"info","message":"⌛ Validating bastion.wlk","timeElapsed":331,"timestamp":"2025-07-03T19:49:20.345Z"}
{"level":"info","message":"⌛ Validating bastion.wlk","timeElapsed":361,"timestamp":"2025-07-03T19:49:20.715Z"}
{"level":"info","message":"⌛ Validating bastion.wlk","timeElapsed":468,"timestamp":"2025-07-03T19:49:21.188Z"}
{"level":"info","message":"⌛ Validating bastion.wlk","timeElapsed":400,"timestamp":"2025-07-03T19:49:21.595Z"}
{"level":"info","message":"⌛ Validating bastion.wlk","timeElapsed":393,"timestamp":"2025-07-03T19:49:21.992Z"}
{"level":"info","message":"⌛ Validating bastion.wlk","timeElapsed":378,"timestamp":"2025-07-03T19:49:22.377Z"}
{"level":"info","message":"⌛ Validating bastion.wlk","timeElapsed":398,"timestamp":"2025-07-03T19:49:22.776Z"}
{"level":"info","message":"⌛ Validating bastion.wlk","timeElapsed":484,"timestamp":"2025-07-03T19:49:23.264Z"}
{"level":"info","message":"⌛ Validating bastion.wlk","timeElapsed":390,"timestamp":"2025-07-03T19:49:23.658Z"}
{"level":"info","message":"⌛ Validating bastion.wlk","timeElapsed":564,"timestamp":"2025-07-03T19:49:24.227Z"}
{"level":"info","message":"⌛ Validating bastion.wlk","timeElapsed":658,"timestamp":"2025-07-03T19:49:24.886Z"}
{"level":"info","message":"⌛ Validating bastion.wlk","timeElapsed":494,"timestamp":"2025-07-03T19:49:25.385Z"}
{"level":"info","message":"⌛ Validating bastion.wlk","timeElapsed":385,"timestamp":"2025-07-03T19:49:25.788Z"}
{"level":"info","message":"⌛ Validating bastion.wlk","timeElapsed":388,"timestamp":"2025-07-03T19:49:26.182Z"}
{"level":"info","message":"⌛ Validating bastion.wlk","timeElapsed":404,"timestamp":"2025-07-03T19:49:26.595Z"}
{"level":"info","message":"⌛ Validating bastion.wlk","timeElapsed":379,"timestamp":"2025-07-03T19:49:26.984Z"}
{"level":"info","message":"⌛ Validating bastion.wlk","timeElapsed":416,"timestamp":"2025-07-03T19:49:27.406Z"}
{"level":"info","message":"⌛ Validating bastion.wlk","timeElapsed":436,"timestamp":"2025-07-03T19:49:27.842Z"}
{"level":"info","message":"⌛ Validating bastion.wlk","timeElapsed":941,"timestamp":"2025-07-03T19:49:28.784Z"}
{"level":"info","message":"⌛ Validating bastion.wlk","timeElapsed":1072,"timestamp":"2025-07-03T19:49:29.929Z"}
{"level":"info","message":"⌛ Validating bastion.wlk","timeElapsed":413,"timestamp":"2025-07-03T19:49:30.361Z"}
{"level":"info","message":"⌛ Validating bastion.wlk","timeElapsed":538,"timestamp":"2025-07-03T19:49:30.900Z"}
{"level":"info","message":"⌛ Validating bastion.wlk","timeElapsed":715,"timestamp":"2025-07-03T19:49:31.618Z"}
{"level":"info","message":"⌛ Validating bastion.wlk","timeElapsed":470,"timestamp":"2025-07-03T19:49:32.116Z"}
{"level":"info","message":"⌛ Validating bastion.wlk","timeElapsed":364,"timestamp":"2025-07-03T19:49:32.483Z"}
{"level":"info","message":"⌛ Validating bastion.wlk","timeElapsed":347,"timestamp":"2025-07-03T19:49:32.833Z"}
{"level":"info","message":"⌛ Validating bastion.wlk","timeElapsed":359,"timestamp":"2025-07-03T19:49:33.195Z"}
{"level":"info","message":"⌛ Validating bastion.wlk","timeElapsed":360,"timestamp":"2025-07-03T19:49:33.559Z"}
{"level":"info","message":"⌛ Validating bastion.wlk","timeElapsed":330,"timestamp":"2025-07-03T19:49:33.910Z"}
{"level":"info","message":"⌛ Validating bastion.wlk","timeElapsed":347,"timestamp":"2025-07-03T19:49:34.258Z"}
{"level":"info","message":"⌛ Validating bastion.wlk","timeElapsed":330,"timestamp":"2025-07-03T19:49:34.589Z"}
{"level":"info","message":"⌛ Validating bastion.wlk","timeElapsed":332,"timestamp":"2025-07-03T19:49:34.925Z"}
{"level":"info","message":"⌛ Validating bastion.wlk","timeElapsed":346,"timestamp":"2025-07-03T19:49:35.277Z"}
{"level":"info","message":"⌛ Validating bastion.wlk","timeElapsed":327,"timestamp":"2025-07-03T19:49:35.608Z"}
{"level":"info","message":"⌛ Validating bastion.wlk","timeElapsed":327,"timestamp":"2025-07-03T19:49:35.936Z"}
{"level":"info","message":"⌛ Validating bastion.wlk","timeElapsed":376,"timestamp":"2025-07-03T19:49:36.333Z"}
{"level":"info","message":"⌛ Validating bastion.wlk","timeElapsed":384,"timestamp":"2025-07-03T19:49:36.722Z"}
{"level":"info","message":"⌛ Building environment","timeElapsed":1099,"timestamp":"2025-07-03T19:49:37.830Z"}
{"level":"info","message":"⌛ Autocomplete - Singleton","timeElapsed":351,"timestamp":"2025-07-03T19:49:38.296Z"}
{"level":"info","message":"⌛ Validating bastion.wlk","timeElapsed":389,"timestamp":"2025-07-03T19:49:38.688Z"}
{"level":"info","message":"⌛ Building environment","timeElapsed":325,"timestamp":"2025-07-03T19:49:39.014Z"}
{"level":"info","message":"⌛ Building environment","timeElapsed":349,"timestamp":"2025-07-03T19:49:39.365Z"}
{"level":"info","message":"⌛ Validating bastion.wlk","timeElapsed":412,"timestamp":"2025-07-03T19:49:39.778Z"}
{"level":"info","message":"⌛ Building environment","timeElapsed":249,"timestamp":"2025-07-03T19:49:40.032Z"}
{"level":"info","message":"⌛ Building environment","timeElapsed":268,"timestamp":"2025-07-03T19:49:40.368Z"}
{"level":"error","message":"✘ Failed to rebuild document Failed to parse bastion.wlk: \n-- PARSING FAILED --------------------------------------------------\n\n  29 |     method text() = \"Score: \" + scoreGlobal.toString()\n  30 |     method\n> 31 | }\n     | ^\n  32 | // Descontando puntos si el mago colisiona con algun enemigo y si el mago mata un enemigo que este de puntos y se refleje\n\nExpected one of the following: \n\n'!=', '!==', '%', '&&', '*', '**', '+', '-', '->', '..', '..<', '/', '<', '<<', '<<<', '<=', '<=>', '<>', '==', '===', '>', '>..', '>=', '>>', '>>>', '?:', '@', 'and', 'class', 'const', 'describe', 'invert', 'mixin', 'negate', 'object', 'only', 'or', 'package', 'plus', 'program', 'test', 'var', '{', '||', EOF, comment, identifier, not \"}\r\n\", whitespace\n","stack":"Error: Failed to parse bastion.wlk: \n-- PARSING FAILED --------------------------------------------------\n\n  29 |     method text() = \"Score: \" + scoreGlobal.toString()\n  30 |     method\n> 31 | }\n     | ^\n  32 | // Descontando puntos si el mago colisiona con algun enemigo y si el mago mata un enemigo que este de puntos y se refleje\n\nExpected one of the following: \n\n'!=', '!==', '%', '&&', '*', '**', '+', '-', '->', '..', '..<', '/', '<', '<<', '<<<', '<=', '<=>', '<>', '==', '===', '>', '>..', '>=', '>>', '>>>', '?:', '@', 'and', 'class', 'const', 'describe', 'invert', 'mixin', 'negate', 'object', 'only', 'or', 'package', 'plus', 'program', 'test', 'var', '{', '||', EOF, comment, identifier, not \"}\r\n\", whitespace\n\n    at c:\\Users\\LUZ RAMIREZ\\.vscode\\extensions\\uqbar.wollok-lsp-ide-0.5.2\\out\\server\\src\\server.js:2326:13026\n    at Array.map (<anonymous>)\n    at D1n (c:\\Users\\LUZ RAMIREZ\\.vscode\\extensions\\uqbar.wollok-lsp-ide-0.5.2\\out\\server\\src\\server.js:2326:12950)\n    at W2.buildEnvironmentFrom (c:\\Users\\LUZ RAMIREZ\\.vscode\\extensions\\uqbar.wollok-lsp-ide-0.5.2\\out\\server\\src\\server.js:2371:5254)\n    at W2.updateEnvironmentWith (c:\\Users\\LUZ RAMIREZ\\.vscode\\extensions\\uqbar.wollok-lsp-ide-0.5.2\\out\\server\\src\\server.js:2371:4989)\n    at GF (c:\\Users\\LUZ RAMIREZ\\.vscode\\extensions\\uqbar.wollok-lsp-ide-0.5.2\\out\\server\\src\\server.js:2371:7383)\n    at L3.invoke (c:\\Users\\LUZ RAMIREZ\\.vscode\\extensions\\uqbar.wollok-lsp-ide-0.5.2\\out\\server\\src\\server.js:3:157326)\n    at o.fire (c:\\Users\\LUZ RAMIREZ\\.vscode\\extensions\\uqbar.wollok-lsp-ide-0.5.2\\out\\server\\src\\server.js:3:158096)\n    at c:\\Users\\LUZ RAMIREZ\\.vscode\\extensions\\uqbar.wollok-lsp-ide-0.5.2\\out\\server\\src\\server.js:37:57871\n    at Kr (c:\\Users\\LUZ RAMIREZ\\.vscode\\extensions\\uqbar.wollok-lsp-ide-0.5.2\\out\\server\\src\\server.js:8:1561)","timestamp":"2025-07-03T19:49:40.449Z"}
{"level":"error","message":"✘ Failed to rebuild document Failed to parse bastion.wlk: \n-- PARSING FAILED --------------------------------------------------\n\n  29 |     method text() = \"Score: \" + scoreGlobal.toString()\n  30 |     method \n> 31 | }\n     | ^\n  32 | // Descontando puntos si el mago colisiona con algun enemigo y si el mago mata un enemigo que este de puntos y se refleje\n\nExpected one of the following: \n\n'!=', '!==', '%', '&&', '*', '**', '+', '-', '->', '..', '..<', '/', '<', '<<', '<<<', '<=', '<=>', '<>', '==', '===', '>', '>..', '>=', '>>', '>>>', '?:', '@', 'and', 'class', 'const', 'describe', 'invert', 'mixin', 'negate', 'object', 'only', 'or', 'package', 'plus', 'program', 'test', 'var', '{', '||', EOF, comment, identifier, not \"}\r\n\", whitespace\n","stack":"Error: Failed to parse bastion.wlk: \n-- PARSING FAILED --------------------------------------------------\n\n  29 |     method text() = \"Score: \" + scoreGlobal.toString()\n  30 |     method \n> 31 | }\n     | ^\n  32 | // Descontando puntos si el mago colisiona con algun enemigo y si el mago mata un enemigo que este de puntos y se refleje\n\nExpected one of the following: \n\n'!=', '!==', '%', '&&', '*', '**', '+', '-', '->', '..', '..<', '/', '<', '<<', '<<<', '<=', '<=>', '<>', '==', '===', '>', '>..', '>=', '>>', '>>>', '?:', '@', 'and', 'class', 'const', 'describe', 'invert', 'mixin', 'negate', 'object', 'only', 'or', 'package', 'plus', 'program', 'test', 'var', '{', '||', EOF, comment, identifier, not \"}\r\n\", whitespace\n\n    at c:\\Users\\LUZ RAMIREZ\\.vscode\\extensions\\uqbar.wollok-lsp-ide-0.5.2\\out\\server\\src\\server.js:2326:13026\n    at Array.map (<anonymous>)\n    at D1n (c:\\Users\\LUZ RAMIREZ\\.vscode\\extensions\\uqbar.wollok-lsp-ide-0.5.2\\out\\server\\src\\server.js:2326:12950)\n    at W2.buildEnvironmentFrom (c:\\Users\\LUZ RAMIREZ\\.vscode\\extensions\\uqbar.wollok-lsp-ide-0.5.2\\out\\server\\src\\server.js:2371:5254)\n    at W2.updateEnvironmentWith (c:\\Users\\LUZ RAMIREZ\\.vscode\\extensions\\uqbar.wollok-lsp-ide-0.5.2\\out\\server\\src\\server.js:2371:4989)\n    at GF (c:\\Users\\LUZ RAMIREZ\\.vscode\\extensions\\uqbar.wollok-lsp-ide-0.5.2\\out\\server\\src\\server.js:2371:7383)\n    at L3.invoke (c:\\Users\\LUZ RAMIREZ\\.vscode\\extensions\\uqbar.wollok-lsp-ide-0.5.2\\out\\server\\src\\server.js:3:157326)\n    at o.fire (c:\\Users\\LUZ RAMIREZ\\.vscode\\extensions\\uqbar.wollok-lsp-ide-0.5.2\\out\\server\\src\\server.js:3:158096)\n    at c:\\Users\\LUZ RAMIREZ\\.vscode\\extensions\\uqbar.wollok-lsp-ide-0.5.2\\out\\server\\src\\server.js:37:57871\n    at Kr (c:\\Users\\LUZ RAMIREZ\\.vscode\\extensions\\uqbar.wollok-lsp-ide-0.5.2\\out\\server\\src\\server.js:8:1561)","timestamp":"2025-07-03T19:49:40.515Z"}
{"level":"info","message":"⌛ Building environment","timeElapsed":327,"timestamp":"2025-07-03T19:49:40.844Z"}
{"level":"info","message":"⌛ Building environment","timeElapsed":366,"timestamp":"2025-07-03T19:49:41.215Z"}
{"level":"info","message":"⌛ Building environment","timeElapsed":346,"timestamp":"2025-07-03T19:49:41.566Z"}
{"level":"info","message":"⌛ Building environment","timeElapsed":428,"timestamp":"2025-07-03T19:49:41.997Z"}
{"level":"info","message":"⌛ Building environment","timeElapsed":377,"timestamp":"2025-07-03T19:49:42.375Z"}
{"level":"info","message":"⌛ Building environment","timeElapsed":288,"timestamp":"2025-07-03T19:49:42.682Z"}
{"level":"info","message":"⌛ Building environment","timeElapsed":304,"timestamp":"2025-07-03T19:49:43.025Z"}
{"level":"info","message":"⌛ Building environment","timeElapsed":302,"timestamp":"2025-07-03T19:49:43.344Z"}
{"level":"info","message":"⌛ Building environment","timeElapsed":257,"timestamp":"2025-07-03T19:49:43.608Z"}
{"level":"info","message":"⌛ Building environment","timeElapsed":324,"timestamp":"2025-07-03T19:49:44.098Z"}
{"level":"info","message":"⌛ Autocomplete - Singleton","timeElapsed":521,"timestamp":"2025-07-03T19:49:44.667Z"}
{"level":"info","message":"⌛ Building environment","timeElapsed":1055,"timestamp":"2025-07-03T19:49:45.725Z"}
{"level":"info","message":"⌛ Building environment","timeElapsed":305,"timestamp":"2025-07-03T19:49:46.078Z"}
{"level":"info","message":"⌛ Building environment","timeElapsed":248,"timestamp":"2025-07-03T19:49:46.400Z"}
{"level":"info","message":"⌛ Building environment","timeElapsed":277,"timestamp":"2025-07-03T19:49:46.850Z"}
{"level":"info","message":"⌛ Building environment","timeElapsed":288,"timestamp":"2025-07-03T19:49:47.224Z"}
{"level":"info","message":"⌛ Building environment","timeElapsed":337,"timestamp":"2025-07-03T19:49:47.576Z"}
{"level":"info","message":"⌛ Building environment","timeElapsed":456,"timestamp":"2025-07-03T19:49:48.078Z"}
{"level":"info","message":"⌛ Building environment","timeElapsed":295,"timestamp":"2025-07-03T19:49:48.392Z"}
{"level":"info","message":"⌛ Building environment","timeElapsed":383,"timestamp":"2025-07-03T19:49:48.878Z"}
{"level":"info","message":"⌛ Building environment","timeElapsed":302,"timestamp":"2025-07-03T19:49:49.182Z"}
{"level":"info","message":"⌛ Building environment","timeElapsed":270,"timestamp":"2025-07-03T19:49:49.545Z"}
{"level":"info","message":"⌛ Building environment","timeElapsed":343,"timestamp":"2025-07-03T19:49:49.890Z"}
{"level":"info","message":"⌛ Building environment","timeElapsed":292,"timestamp":"2025-07-03T19:49:50.190Z"}
{"level":"info","message":"⌛ Building environment","timeElapsed":277,"timestamp":"2025-07-03T19:49:50.468Z"}
{"level":"info","message":"⌛ Building environment","timeElapsed":278,"timestamp":"2025-07-03T19:49:50.776Z"}
{"level":"info","message":"⌛ Building environment","timeElapsed":1335,"timestamp":"2025-07-03T19:49:52.154Z"}
{"level":"info","message":"⌛ Building environment","timeElapsed":258,"timestamp":"2025-07-03T19:49:52.426Z"}
{"level":"info","message":"⌛ Building environment","timeElapsed":234,"timestamp":"2025-07-03T19:49:52.712Z"}
{"level":"info","message":"⌛ Building environment","timeElapsed":233,"timestamp":"2025-07-03T19:49:52.996Z"}
{"level":"info","message":"⌛ Building environment","timeElapsed":252,"timestamp":"2025-07-03T19:49:53.316Z"}
{"level":"info","message":"⌛ Building environment","timeElapsed":241,"timestamp":"2025-07-03T19:49:53.616Z"}
{"level":"info","message":"⌛ Building environment","timeElapsed":228,"timestamp":"2025-07-03T19:49:53.893Z"}
{"level":"info","message":"⌛ Building environment","timeElapsed":240,"timestamp":"2025-07-03T19:49:54.181Z"}
{"level":"info","message":"⌛ Building environment","timeElapsed":235,"timestamp":"2025-07-03T19:49:54.464Z"}
{"level":"info","message":"⌛ Building environment","timeElapsed":819,"timestamp":"2025-07-03T19:49:55.747Z"}
{"level":"info","message":"⌛ Building environment","timeElapsed":280,"timestamp":"2025-07-03T19:49:56.043Z"}
{"level":"info","message":"⌛ Building environment","timeElapsed":269,"timestamp":"2025-07-03T19:49:56.601Z"}
{"level":"info","message":"⌛ Building environment","timeElapsed":271,"timestamp":"2025-07-03T19:49:56.901Z"}
{"level":"info","message":"⌛ Building environment","timeElapsed":291,"timestamp":"2025-07-03T19:49:57.199Z"}
{"level":"info","message":"⌛ Validating bastion.wlk","timeElapsed":351,"timestamp":"2025-07-03T19:49:57.649Z"}
{"level":"info","message":"⌛ Validating bastion.wlk","timeElapsed":341,"timestamp":"2025-07-03T19:49:58.089Z"}
{"level":"info","message":"⌛ Validating bastion.wlk","timeElapsed":334,"timestamp":"2025-07-03T19:49:58.429Z"}
{"level":"info","message":"⌛ Validating bastion.wlk","timeElapsed":321,"timestamp":"2025-07-03T19:49:58.817Z"}
{"level":"info","message":"⌛ Validating bastion.wlk","timeElapsed":333,"timestamp":"2025-07-03T19:49:59.162Z"}
{"level":"info","message":"⌛ Validating bastion.wlk","timeElapsed":342,"timestamp":"2025-07-03T19:49:59.510Z"}
{"level":"info","message":"⌛ Validating bastion.wlk","timeElapsed":357,"timestamp":"2025-07-03T19:49:59.872Z"}
{"level":"info","message":"⌛ Validating bastion.wlk","timeElapsed":341,"timestamp":"2025-07-03T19:50:00.226Z"}
{"level":"info","message":"⌛ Validating bastion.wlk","timeElapsed":345,"timestamp":"2025-07-03T19:50:00.572Z"}
{"level":"info","message":"⌛ Validating bastion.wlk","timeElapsed":321,"timestamp":"2025-07-03T19:50:00.898Z"}
{"level":"info","message":"⌛ Validating bastion.wlk","timeElapsed":332,"timestamp":"2025-07-03T19:50:01.257Z"}
{"level":"info","message":"⌛ Validating bastion.wlk","timeElapsed":328,"timestamp":"2025-07-03T19:50:01.611Z"}
{"level":"info","message":"⌛ Validating bastion.wlk","timeElapsed":313,"timestamp":"2025-07-03T19:50:02.006Z"}
{"level":"info","message":"⌛ Validating bastion.wlk","timeElapsed":348,"timestamp":"2025-07-03T19:50:02.364Z"}
{"level":"info","message":"⌛ Validating bastion.wlk","timeElapsed":319,"timestamp":"2025-07-03T19:50:02.760Z"}
{"level":"info","message":"⌛ Validating bastion.wlk","timeElapsed":327,"timestamp":"2025-07-03T19:50:03.165Z"}
{"level":"info","message":"⌛ Validating bastion.wlk","timeElapsed":344,"timestamp":"2025-07-03T19:50:03.513Z"}
{"level":"info","message":"⌛ Validating bastion.wlk","timeElapsed":333,"timestamp":"2025-07-03T19:50:03.859Z"}
{"level":"info","message":"⌛ Validating bastion.wlk","timeElapsed":328,"timestamp":"2025-07-03T19:50:04.207Z"}
{"level":"info","message":"⌛ Validating bastion.wlk","timeElapsed":330,"timestamp":"2025-07-03T19:50:04.549Z"}
{"level":"info","message":"⌛ Building environment","timeElapsed":260,"timestamp":"2025-07-03T19:50:04.810Z"}
{"level":"info","message":"⌛ Validating bastion.wlk","timeElapsed":331,"timestamp":"2025-07-03T19:50:05.178Z"}
{"level":"info","message":"⌛ Validating bastion.wlk","timeElapsed":337,"timestamp":"2025-07-03T19:50:05.533Z"}
{"level":"info","message":"⌛ Validating bastion.wlk","timeElapsed":327,"timestamp":"2025-07-03T19:50:05.867Z"}
{"level":"info","message":"⌛ Building environment","timeElapsed":285,"timestamp":"2025-07-03T19:50:06.159Z"}
{"level":"info","message":"⌛ Validating bastion.wlk","timeElapsed":335,"timestamp":"2025-07-03T19:50:06.516Z"}
{"level":"info","message":"⌛ Validating bastion.wlk","timeElapsed":350,"timestamp":"2025-07-03T19:50:06.867Z"}
{"level":"info","message":"⌛ Validating bastion.wlk","timeElapsed":356,"timestamp":"2025-07-03T19:50:07.227Z"}
{"level":"info","message":"⌛ Validating bastion.wlk","timeElapsed":321,"timestamp":"2025-07-03T19:50:07.548Z"}
{"level":"info","message":"⌛ Validating bastion.wlk","timeElapsed":630,"timestamp":"2025-07-03T19:50:08.184Z"}
{"level":"info","message":"⌛ Validating bastion.wlk","timeElapsed":354,"timestamp":"2025-07-03T19:50:08.562Z"}
{"level":"info","message":"⌛ Validating bastion.wlk","timeElapsed":328,"timestamp":"2025-07-03T19:50:08.899Z"}
{"level":"info","message":"⌛ Validating bastion.wlk","timeElapsed":347,"timestamp":"2025-07-03T19:50:09.246Z"}
{"level":"info","message":"⌛ Validating bastion.wlk","timeElapsed":335,"timestamp":"2025-07-03T19:50:09.586Z"}
{"level":"info","message":"⌛ Validating bastion.wlk","timeElapsed":319,"timestamp":"2025-07-03T19:50:09.905Z"}
{"level":"info","message":"⌛ Validating bastion.wlk","timeElapsed":340,"timestamp":"2025-07-03T19:50:10.251Z"}
{"level":"info","message":"⌛ Validating bastion.wlk","timeElapsed":319,"timestamp":"2025-07-03T19:50:10.584Z"}
{"level":"info","message":"⌛ Validating bastion.wlk","timeElapsed":324,"timestamp":"2025-07-03T19:50:10.910Z"}
{"level":"info","message":"⌛ Validating bastion.wlk","timeElapsed":334,"timestamp":"2025-07-03T19:50:11.248Z"}
{"level":"info","message":"⌛ Validating bastion.wlk","timeElapsed":338,"timestamp":"2025-07-03T19:50:11.587Z"}
{"level":"info","message":"⌛ Validating bastion.wlk","timeElapsed":325,"timestamp":"2025-07-03T19:50:11.920Z"}
{"level":"info","message":"⌛ Validating bastion.wlk","timeElapsed":344,"timestamp":"2025-07-03T19:50:12.265Z"}
{"level":"info","message":"⌛ Validating bastion.wlk","timeElapsed":330,"timestamp":"2025-07-03T19:50:12.602Z"}
{"level":"info","message":"⌛ Validating bastion.wlk","timeElapsed":335,"timestamp":"2025-07-03T19:50:12.937Z"}
{"level":"info","message":"⌛ Validating bastion.wlk","timeElapsed":356,"timestamp":"2025-07-03T19:50:13.297Z"}
{"level":"info","message":"⌛ Validating bastion.wlk","timeElapsed":342,"timestamp":"2025-07-03T19:50:13.645Z"}
{"level":"info","message":"⌛ Validating bastion.wlk","timeElapsed":333,"timestamp":"2025-07-03T19:50:14.073Z"}
{"level":"info","message":"⌛ Validating bastion.wlk","timeElapsed":326,"timestamp":"2025-07-03T19:50:14.421Z"}
{"level":"info","message":"⌛ Building environment","timeElapsed":476,"timestamp":"2025-07-03T19:52:47.801Z"}
{"level":"info","message":"⌛ Validating bastion.wlk","timeElapsed":470,"timestamp":"2025-07-03T19:52:48.472Z"}
{"level":"info","message":"⌛ Building environment","timeElapsed":455,"timestamp":"2025-07-03T19:52:48.929Z"}
{"level":"info","message":"⌛ Building environment","timeElapsed":384,"timestamp":"2025-07-03T19:52:49.315Z"}
{"level":"info","message":"⌛ Building environment","timeElapsed":308,"timestamp":"2025-07-03T19:52:49.689Z"}
{"level":"info","message":"⌛ Building environment","timeElapsed":293,"timestamp":"2025-07-03T19:52:49.987Z"}
{"level":"info","message":"⌛ Building environment","timeElapsed":344,"timestamp":"2025-07-03T19:52:50.348Z"}
{"level":"info","message":"⌛ Validating bastion.wlk","timeElapsed":533,"timestamp":"2025-07-03T19:52:50.893Z"}
{"level":"info","message":"⌛ Building environment","timeElapsed":395,"timestamp":"2025-07-03T19:52:51.296Z"}
{"level":"info","message":"⌛ Building environment","timeElapsed":363,"timestamp":"2025-07-03T19:52:51.660Z"}
{"level":"info","message":"⌛ Validating bastion.wlk","timeElapsed":482,"timestamp":"2025-07-03T19:52:52.144Z"}
{"level":"info","message":"⌛ Validating bastion.wlk","timeElapsed":462,"timestamp":"2025-07-03T19:52:52.635Z"}
{"level":"info","message":"⌛ Validating bastion.wlk","timeElapsed":379,"timestamp":"2025-07-03T19:52:53.031Z"}
{"level":"info","message":"⌛ Validating bastion.wlk","timeElapsed":365,"timestamp":"2025-07-03T19:52:53.412Z"}
{"level":"info","message":"⌛ Validating bastion.wlk","timeElapsed":351,"timestamp":"2025-07-03T19:52:53.784Z"}
{"level":"info","message":"⌛ Validating bastion.wlk","timeElapsed":342,"timestamp":"2025-07-03T19:52:54.129Z"}
{"level":"info","message":"⌛ Building environment","timeElapsed":353,"timestamp":"2025-07-03T19:54:31.566Z"}
{"level":"info","message":"⌛ Validating enemigos.wlk","timeElapsed":407,"timestamp":"2025-07-03T19:54:32.031Z"}
{"level":"info","message":"⌛ Building environment","timeElapsed":429,"timestamp":"2025-07-03T19:54:32.464Z"}
{"level":"error","message":"✘ Completions for node If ([39:9, 42:10] - enemigos.wlk) failed: Error: [If]{08815d} at enemigos.wlk:39 exhausted all cases without a match [If]{08815d} at enemigos.wlk:39 exhausted all cases without a match","stack":"Error: [If]{08815d} at enemigos.wlk:39 exhausted all cases without a match\n    at c:\\Users\\LUZ RAMIREZ\\.vscode\\extensions\\uqbar.wollok-lsp-ide-0.5.2\\out\\server\\src\\server.js:38:6142\n    at C2 (c:\\Users\\LUZ RAMIREZ\\.vscode\\extensions\\uqbar.wollok-lsp-ide-0.5.2\\out\\server\\src\\server.js:2362:42)\n    at Gh (c:\\Users\\LUZ RAMIREZ\\.vscode\\extensions\\uqbar.wollok-lsp-ide-0.5.2\\out\\server\\src\\server.js:2362:1092)\n    at p8n (c:\\Users\\LUZ RAMIREZ\\.vscode\\extensions\\uqbar.wollok-lsp-ide-0.5.2\\out\\server\\src\\server.js:2362:818)\n    at c:\\Users\\LUZ RAMIREZ\\.vscode\\extensions\\uqbar.wollok-lsp-ide-0.5.2\\out\\server\\src\\server.js:38:6131\n    at C2 (c:\\Users\\LUZ RAMIREZ\\.vscode\\extensions\\uqbar.wollok-lsp-ide-0.5.2\\out\\server\\src\\server.js:2362:42)\n    at Gh (c:\\Users\\LUZ RAMIREZ\\.vscode\\extensions\\uqbar.wollok-lsp-ide-0.5.2\\out\\server\\src\\server.js:2362:1092)\n    at l8n (c:\\Users\\LUZ RAMIREZ\\.vscode\\extensions\\uqbar.wollok-lsp-ide-0.5.2\\out\\server\\src\\server.js:2362:1248)\n    at c:\\Users\\LUZ RAMIREZ\\.vscode\\extensions\\uqbar.wollok-lsp-ide-0.5.2\\out\\server\\src\\server.js:38:6131\n    at C2 (c:\\Users\\LUZ RAMIREZ\\.vscode\\extensions\\uqbar.wollok-lsp-ide-0.5.2\\out\\server\\src\\server.js:2362:42)","timestamp":"2025-07-03T19:54:32.557Z"}
{"level":"info","message":"⌛ Building environment","timeElapsed":402,"timestamp":"2025-07-03T19:54:32.973Z"}
{"level":"info","message":"⌛ Building environment","timeElapsed":585,"timestamp":"2025-07-03T19:54:33.560Z"}
{"level":"info","message":"⌛ Building environment","timeElapsed":456,"timestamp":"2025-07-03T19:54:34.082Z"}
{"level":"info","message":"⌛ Building environment","timeElapsed":916,"timestamp":"2025-07-03T19:54:34.999Z"}
{"level":"info","message":"⌛ Validating enemigos.wlk","timeElapsed":514,"timestamp":"2025-07-03T19:54:35.519Z"}
{"level":"info","message":"⌛ Building environment","timeElapsed":458,"timestamp":"2025-07-03T19:54:36.307Z"}
{"level":"info","message":"⌛ Building environment","timeElapsed":475,"timestamp":"2025-07-03T19:54:36.799Z"}
{"level":"info","message":"⌛ Validating enemigos.wlk","timeElapsed":482,"timestamp":"2025-07-03T19:54:37.285Z"}
{"level":"info","message":"⌛ Building environment","timeElapsed":311,"timestamp":"2025-07-03T19:54:37.632Z"}
{"level":"error","message":"✘ Completions for node If ([39:9, 42:10] - enemigos.wlk) failed: Error: [If]{354272} at enemigos.wlk:39 exhausted all cases without a match [If]{354272} at enemigos.wlk:39 exhausted all cases without a match","stack":"Error: [If]{354272} at enemigos.wlk:39 exhausted all cases without a match\n    at c:\\Users\\LUZ RAMIREZ\\.vscode\\extensions\\uqbar.wollok-lsp-ide-0.5.2\\out\\server\\src\\server.js:38:6142\n    at C2 (c:\\Users\\LUZ RAMIREZ\\.vscode\\extensions\\uqbar.wollok-lsp-ide-0.5.2\\out\\server\\src\\server.js:2362:42)\n    at Gh (c:\\Users\\LUZ RAMIREZ\\.vscode\\extensions\\uqbar.wollok-lsp-ide-0.5.2\\out\\server\\src\\server.js:2362:1092)\n    at p8n (c:\\Users\\LUZ RAMIREZ\\.vscode\\extensions\\uqbar.wollok-lsp-ide-0.5.2\\out\\server\\src\\server.js:2362:818)\n    at c:\\Users\\LUZ RAMIREZ\\.vscode\\extensions\\uqbar.wollok-lsp-ide-0.5.2\\out\\server\\src\\server.js:38:6131\n    at C2 (c:\\Users\\LUZ RAMIREZ\\.vscode\\extensions\\uqbar.wollok-lsp-ide-0.5.2\\out\\server\\src\\server.js:2362:42)\n    at Gh (c:\\Users\\LUZ RAMIREZ\\.vscode\\extensions\\uqbar.wollok-lsp-ide-0.5.2\\out\\server\\src\\server.js:2362:1092)\n    at l8n (c:\\Users\\LUZ RAMIREZ\\.vscode\\extensions\\uqbar.wollok-lsp-ide-0.5.2\\out\\server\\src\\server.js:2362:1248)\n    at c:\\Users\\LUZ RAMIREZ\\.vscode\\extensions\\uqbar.wollok-lsp-ide-0.5.2\\out\\server\\src\\server.js:38:6131\n    at C2 (c:\\Users\\LUZ RAMIREZ\\.vscode\\extensions\\uqbar.wollok-lsp-ide-0.5.2\\out\\server\\src\\server.js:2362:42)","timestamp":"2025-07-03T19:54:37.732Z"}
{"level":"info","message":"⌛ Building environment","timeElapsed":316,"timestamp":"2025-07-03T19:54:38.099Z"}
{"level":"info","message":"⌛ Building environment","timeElapsed":449,"timestamp":"2025-07-03T19:54:38.554Z"}
{"level":"info","message":"⌛ Validating enemigos.wlk","timeElapsed":367,"timestamp":"2025-07-03T19:54:39.027Z"}
{"level":"info","message":"⌛ Building environment","timeElapsed":315,"timestamp":"2025-07-03T19:54:39.364Z"}
{"level":"info","message":"⌛ Building environment","timeElapsed":449,"timestamp":"2025-07-03T19:54:39.822Z"}
{"level":"info","message":"⌛ Building environment","timeElapsed":381,"timestamp":"2025-07-03T19:54:40.211Z"}
{"level":"error","message":"✘ Completions for node If ([39:9, 42:10] - enemigos.wlk) failed: Error: [If]{3d6b4e} at enemigos.wlk:39 exhausted all cases without a match [If]{3d6b4e} at enemigos.wlk:39 exhausted all cases without a match","stack":"Error: [If]{3d6b4e} at enemigos.wlk:39 exhausted all cases without a match\n    at c:\\Users\\LUZ RAMIREZ\\.vscode\\extensions\\uqbar.wollok-lsp-ide-0.5.2\\out\\server\\src\\server.js:38:6142\n    at C2 (c:\\Users\\LUZ RAMIREZ\\.vscode\\extensions\\uqbar.wollok-lsp-ide-0.5.2\\out\\server\\src\\server.js:2362:42)\n    at Gh (c:\\Users\\LUZ RAMIREZ\\.vscode\\extensions\\uqbar.wollok-lsp-ide-0.5.2\\out\\server\\src\\server.js:2362:1092)\n    at p8n (c:\\Users\\LUZ RAMIREZ\\.vscode\\extensions\\uqbar.wollok-lsp-ide-0.5.2\\out\\server\\src\\server.js:2362:818)\n    at c:\\Users\\LUZ RAMIREZ\\.vscode\\extensions\\uqbar.wollok-lsp-ide-0.5.2\\out\\server\\src\\server.js:38:6131\n    at C2 (c:\\Users\\LUZ RAMIREZ\\.vscode\\extensions\\uqbar.wollok-lsp-ide-0.5.2\\out\\server\\src\\server.js:2362:42)\n    at Gh (c:\\Users\\LUZ RAMIREZ\\.vscode\\extensions\\uqbar.wollok-lsp-ide-0.5.2\\out\\server\\src\\server.js:2362:1092)\n    at l8n (c:\\Users\\LUZ RAMIREZ\\.vscode\\extensions\\uqbar.wollok-lsp-ide-0.5.2\\out\\server\\src\\server.js:2362:1248)\n    at c:\\Users\\LUZ RAMIREZ\\.vscode\\extensions\\uqbar.wollok-lsp-ide-0.5.2\\out\\server\\src\\server.js:38:6131\n    at C2 (c:\\Users\\LUZ RAMIREZ\\.vscode\\extensions\\uqbar.wollok-lsp-ide-0.5.2\\out\\server\\src\\server.js:2362:42)","timestamp":"2025-07-03T19:54:40.352Z"}
{"level":"info","message":"⌛ Autocomplete - Reference","timeElapsed":112,"timestamp":"2025-07-03T19:54:40.362Z"}
{"level":"info","message":"⌛ Validating enemigos.wlk","timeElapsed":413,"timestamp":"2025-07-03T19:54:40.776Z"}
{"level":"info","message":"⌛ Building environment","timeElapsed":324,"timestamp":"2025-07-03T19:54:41.127Z"}
{"level":"error","message":"✘ Completions for node If ([39:9, 42:10] - enemigos.wlk) failed: Error: [If]{0d2803} at enemigos.wlk:39 exhausted all cases without a match [If]{0d2803} at enemigos.wlk:39 exhausted all cases without a match","stack":"Error: [If]{0d2803} at enemigos.wlk:39 exhausted all cases without a match\n    at c:\\Users\\LUZ RAMIREZ\\.vscode\\extensions\\uqbar.wollok-lsp-ide-0.5.2\\out\\server\\src\\server.js:38:6142\n    at C2 (c:\\Users\\LUZ RAMIREZ\\.vscode\\extensions\\uqbar.wollok-lsp-ide-0.5.2\\out\\server\\src\\server.js:2362:42)\n    at Gh (c:\\Users\\LUZ RAMIREZ\\.vscode\\extensions\\uqbar.wollok-lsp-ide-0.5.2\\out\\server\\src\\server.js:2362:1092)\n    at p8n (c:\\Users\\LUZ RAMIREZ\\.vscode\\extensions\\uqbar.wollok-lsp-ide-0.5.2\\out\\server\\src\\server.js:2362:818)\n    at c:\\Users\\LUZ RAMIREZ\\.vscode\\extensions\\uqbar.wollok-lsp-ide-0.5.2\\out\\server\\src\\server.js:38:6131\n    at C2 (c:\\Users\\LUZ RAMIREZ\\.vscode\\extensions\\uqbar.wollok-lsp-ide-0.5.2\\out\\server\\src\\server.js:2362:42)\n    at Gh (c:\\Users\\LUZ RAMIREZ\\.vscode\\extensions\\uqbar.wollok-lsp-ide-0.5.2\\out\\server\\src\\server.js:2362:1092)\n    at l8n (c:\\Users\\LUZ RAMIREZ\\.vscode\\extensions\\uqbar.wollok-lsp-ide-0.5.2\\out\\server\\src\\server.js:2362:1248)\n    at c:\\Users\\LUZ RAMIREZ\\.vscode\\extensions\\uqbar.wollok-lsp-ide-0.5.2\\out\\server\\src\\server.js:38:6131\n    at C2 (c:\\Users\\LUZ RAMIREZ\\.vscode\\extensions\\uqbar.wollok-lsp-ide-0.5.2\\out\\server\\src\\server.js:2362:42)","timestamp":"2025-07-03T19:54:41.217Z"}
{"level":"info","message":"⌛ Building environment","timeElapsed":288,"timestamp":"2025-07-03T19:54:41.514Z"}
{"level":"info","message":"⌛ Building environment","timeElapsed":298,"timestamp":"2025-07-03T19:54:41.918Z"}
{"level":"info","message":"⌛ Building environment","timeElapsed":1011,"timestamp":"2025-07-03T19:54:43.012Z"}
{"level":"info","message":"⌛ Validating enemigos.wlk","timeElapsed":405,"timestamp":"2025-07-03T19:54:43.418Z"}
{"level":"info","message":"⌛ Building environment","timeElapsed":328,"timestamp":"2025-07-03T19:54:43.751Z"}
{"level":"error","message":"✘ Completions for node If ([39:9, 42:10] - enemigos.wlk) failed: Error: [If]{32a343} at enemigos.wlk:39 exhausted all cases without a match [If]{32a343} at enemigos.wlk:39 exhausted all cases without a match","stack":"Error: [If]{32a343} at enemigos.wlk:39 exhausted all cases without a match\n    at c:\\Users\\LUZ RAMIREZ\\.vscode\\extensions\\uqbar.wollok-lsp-ide-0.5.2\\out\\server\\src\\server.js:38:6142\n    at C2 (c:\\Users\\LUZ RAMIREZ\\.vscode\\extensions\\uqbar.wollok-lsp-ide-0.5.2\\out\\server\\src\\server.js:2362:42)\n    at Gh (c:\\Users\\LUZ RAMIREZ\\.vscode\\extensions\\uqbar.wollok-lsp-ide-0.5.2\\out\\server\\src\\server.js:2362:1092)\n    at p8n (c:\\Users\\LUZ RAMIREZ\\.vscode\\extensions\\uqbar.wollok-lsp-ide-0.5.2\\out\\server\\src\\server.js:2362:818)\n    at c:\\Users\\LUZ RAMIREZ\\.vscode\\extensions\\uqbar.wollok-lsp-ide-0.5.2\\out\\server\\src\\server.js:38:6131\n    at C2 (c:\\Users\\LUZ RAMIREZ\\.vscode\\extensions\\uqbar.wollok-lsp-ide-0.5.2\\out\\server\\src\\server.js:2362:42)\n    at Gh (c:\\Users\\LUZ RAMIREZ\\.vscode\\extensions\\uqbar.wollok-lsp-ide-0.5.2\\out\\server\\src\\server.js:2362:1092)\n    at l8n (c:\\Users\\LUZ RAMIREZ\\.vscode\\extensions\\uqbar.wollok-lsp-ide-0.5.2\\out\\server\\src\\server.js:2362:1248)\n    at c:\\Users\\LUZ RAMIREZ\\.vscode\\extensions\\uqbar.wollok-lsp-ide-0.5.2\\out\\server\\src\\server.js:38:6131\n    at C2 (c:\\Users\\LUZ RAMIREZ\\.vscode\\extensions\\uqbar.wollok-lsp-ide-0.5.2\\out\\server\\src\\server.js:2362:42)","timestamp":"2025-07-03T19:54:43.849Z"}
{"level":"info","message":"⌛ Building environment","timeElapsed":294,"timestamp":"2025-07-03T19:54:44.154Z"}
{"level":"error","message":"✘ Completions for node If ([39:9, 42:10] - enemigos.wlk) failed: Error: [If]{db028f} at enemigos.wlk:39 exhausted all cases without a match [If]{db028f} at enemigos.wlk:39 exhausted all cases without a match","stack":"Error: [If]{db028f} at enemigos.wlk:39 exhausted all cases without a match\n    at c:\\Users\\LUZ RAMIREZ\\.vscode\\extensions\\uqbar.wollok-lsp-ide-0.5.2\\out\\server\\src\\server.js:38:6142\n    at C2 (c:\\Users\\LUZ RAMIREZ\\.vscode\\extensions\\uqbar.wollok-lsp-ide-0.5.2\\out\\server\\src\\server.js:2362:42)\n    at Gh (c:\\Users\\LUZ RAMIREZ\\.vscode\\extensions\\uqbar.wollok-lsp-ide-0.5.2\\out\\server\\src\\server.js:2362:1092)\n    at p8n (c:\\Users\\LUZ RAMIREZ\\.vscode\\extensions\\uqbar.wollok-lsp-ide-0.5.2\\out\\server\\src\\server.js:2362:818)\n    at c:\\Users\\LUZ RAMIREZ\\.vscode\\extensions\\uqbar.wollok-lsp-ide-0.5.2\\out\\server\\src\\server.js:38:6131\n    at C2 (c:\\Users\\LUZ RAMIREZ\\.vscode\\extensions\\uqbar.wollok-lsp-ide-0.5.2\\out\\server\\src\\server.js:2362:42)\n    at Gh (c:\\Users\\LUZ RAMIREZ\\.vscode\\extensions\\uqbar.wollok-lsp-ide-0.5.2\\out\\server\\src\\server.js:2362:1092)\n    at l8n (c:\\Users\\LUZ RAMIREZ\\.vscode\\extensions\\uqbar.wollok-lsp-ide-0.5.2\\out\\server\\src\\server.js:2362:1248)\n    at c:\\Users\\LUZ RAMIREZ\\.vscode\\extensions\\uqbar.wollok-lsp-ide-0.5.2\\out\\server\\src\\server.js:38:6131\n    at C2 (c:\\Users\\LUZ RAMIREZ\\.vscode\\extensions\\uqbar.wollok-lsp-ide-0.5.2\\out\\server\\src\\server.js:2362:42)","timestamp":"2025-07-03T19:54:44.242Z"}
{"level":"info","message":"⌛ Building environment","timeElapsed":307,"timestamp":"2025-07-03T19:54:44.589Z"}
{"level":"error","message":"✘ Completions for node If ([39:9, 42:10] - enemigos.wlk) failed: Error: [If]{79883c} at enemigos.wlk:39 exhausted all cases without a match [If]{79883c} at enemigos.wlk:39 exhausted all cases without a match","stack":"Error: [If]{79883c} at enemigos.wlk:39 exhausted all cases without a match\n    at c:\\Users\\LUZ RAMIREZ\\.vscode\\extensions\\uqbar.wollok-lsp-ide-0.5.2\\out\\server\\src\\server.js:38:6142\n    at C2 (c:\\Users\\LUZ RAMIREZ\\.vscode\\extensions\\uqbar.wollok-lsp-ide-0.5.2\\out\\server\\src\\server.js:2362:42)\n    at Gh (c:\\Users\\LUZ RAMIREZ\\.vscode\\extensions\\uqbar.wollok-lsp-ide-0.5.2\\out\\server\\src\\server.js:2362:1092)\n    at p8n (c:\\Users\\LUZ RAMIREZ\\.vscode\\extensions\\uqbar.wollok-lsp-ide-0.5.2\\out\\server\\src\\server.js:2362:818)\n    at c:\\Users\\LUZ RAMIREZ\\.vscode\\extensions\\uqbar.wollok-lsp-ide-0.5.2\\out\\server\\src\\server.js:38:6131\n    at C2 (c:\\Users\\LUZ RAMIREZ\\.vscode\\extensions\\uqbar.wollok-lsp-ide-0.5.2\\out\\server\\src\\server.js:2362:42)\n    at Gh (c:\\Users\\LUZ RAMIREZ\\.vscode\\extensions\\uqbar.wollok-lsp-ide-0.5.2\\out\\server\\src\\server.js:2362:1092)\n    at l8n (c:\\Users\\LUZ RAMIREZ\\.vscode\\extensions\\uqbar.wollok-lsp-ide-0.5.2\\out\\server\\src\\server.js:2362:1248)\n    at c:\\Users\\LUZ RAMIREZ\\.vscode\\extensions\\uqbar.wollok-lsp-ide-0.5.2\\out\\server\\src\\server.js:38:6131\n    at C2 (c:\\Users\\LUZ RAMIREZ\\.vscode\\extensions\\uqbar.wollok-lsp-ide-0.5.2\\out\\server\\src\\server.js:2362:42)","timestamp":"2025-07-03T19:54:44.678Z"}
{"level":"info","message":"⌛ Building environment","timeElapsed":286,"timestamp":"2025-07-03T19:54:44.973Z"}
{"level":"info","message":"⌛ Building environment","timeElapsed":298,"timestamp":"2025-07-03T19:54:45.274Z"}
{"level":"info","message":"⌛ Building environment","timeElapsed":299,"timestamp":"2025-07-03T19:54:45.692Z"}
{"level":"info","message":"⌛ Validating enemigos.wlk","timeElapsed":1486,"timestamp":"2025-07-03T19:54:47.277Z"}
{"level":"info","message":"⌛ Building environment","timeElapsed":329,"timestamp":"2025-07-03T19:54:47.637Z"}
{"level":"info","message":"⌛ Building environment","timeElapsed":373,"timestamp":"2025-07-03T19:54:48.011Z"}
{"level":"info","message":"⌛ Building environment","timeElapsed":310,"timestamp":"2025-07-03T19:54:48.392Z"}
{"level":"info","message":"⌛ Validating enemigos.wlk","timeElapsed":945,"timestamp":"2025-07-03T19:54:49.339Z"}
{"level":"info","message":"⌛ Building environment","timeElapsed":628,"timestamp":"2025-07-03T19:54:49.970Z"}
{"level":"info","message":"⌛ Building environment","timeElapsed":300,"timestamp":"2025-07-03T19:54:50.272Z"}
{"level":"info","message":"⌛ Validating enemigos.wlk","timeElapsed":347,"timestamp":"2025-07-03T19:54:50.747Z"}
{"level":"info","message":"⌛ Validating enemigos.wlk","timeElapsed":403,"timestamp":"2025-07-03T19:54:51.155Z"}
{"level":"info","message":"⌛ Validating enemigos.wlk","timeElapsed":389,"timestamp":"2025-07-03T19:54:51.545Z"}
{"level":"info","message":"⌛ Validating enemigos.wlk","timeElapsed":330,"timestamp":"2025-07-03T19:54:51.906Z"}
{"level":"info","message":"⌛ Validating enemigos.wlk","timeElapsed":404,"timestamp":"2025-07-03T19:54:52.314Z"}
{"level":"info","message":"⌛ Validating enemigos.wlk","timeElapsed":418,"timestamp":"2025-07-03T19:54:52.738Z"}
{"level":"info","message":"⌛ Validating enemigos.wlk","timeElapsed":522,"timestamp":"2025-07-03T19:54:53.276Z"}
{"level":"info","message":"⌛ Validating enemigos.wlk","timeElapsed":591,"timestamp":"2025-07-03T19:54:53.869Z"}
{"level":"info","message":"⌛ Validating enemigos.wlk","timeElapsed":924,"timestamp":"2025-07-03T19:54:54.794Z"}
{"level":"info","message":"⌛ Validating enemigos.wlk","timeElapsed":436,"timestamp":"2025-07-03T19:54:55.236Z"}
{"level":"info","message":"⌛ Validating enemigos.wlk","timeElapsed":893,"timestamp":"2025-07-03T19:54:56.170Z"}
{"level":"info","message":"⌛ Validating enemigos.wlk","timeElapsed":462,"timestamp":"2025-07-03T19:54:56.642Z"}
{"level":"info","message":"⌛ Validating enemigos.wlk","timeElapsed":511,"timestamp":"2025-07-03T19:54:57.154Z"}
{"level":"info","message":"⌛ Validating enemigos.wlk","timeElapsed":434,"timestamp":"2025-07-03T19:54:57.589Z"}
{"level":"info","message":"⌛ Validating enemigos.wlk","timeElapsed":604,"timestamp":"2025-07-03T19:54:58.200Z"}
{"level":"info","message":"⌛ Validating enemigos.wlk","timeElapsed":345,"timestamp":"2025-07-03T19:54:58.566Z"}
{"level":"info","message":"⌛ Validating enemigos.wlk","timeElapsed":428,"timestamp":"2025-07-03T19:54:59.012Z"}
{"level":"info","message":"⌛ Validating enemigos.wlk","timeElapsed":441,"timestamp":"2025-07-03T19:54:59.455Z"}
{"level":"info","message":"⌛ Validating enemigos.wlk","timeElapsed":532,"timestamp":"2025-07-03T19:55:00.001Z"}
{"level":"info","message":"⌛ Validating enemigos.wlk","timeElapsed":477,"timestamp":"2025-07-03T19:55:00.478Z"}
{"level":"info","message":"⌛ Validating enemigos.wlk","timeElapsed":569,"timestamp":"2025-07-03T19:55:01.057Z"}
{"level":"info","message":"⌛ Building environment","timeElapsed":1152,"timestamp":"2025-07-03T19:55:02.238Z"}
{"level":"info","message":"⌛ Building environment","timeElapsed":566,"timestamp":"2025-07-03T19:55:02.823Z"}
{"level":"info","message":"⌛ Building environment","timeElapsed":357,"timestamp":"2025-07-03T19:55:03.184Z"}
{"level":"info","message":"⌛ Building environment","timeElapsed":374,"timestamp":"2025-07-03T19:55:03.560Z"}
{"level":"info","message":"⌛ Building environment","timeElapsed":413,"timestamp":"2025-07-03T19:55:03.975Z"}
{"level":"info","message":"⌛ Building environment","timeElapsed":503,"timestamp":"2025-07-03T19:55:04.529Z"}
{"level":"info","message":"⌛ Building environment","timeElapsed":485,"timestamp":"2025-07-03T19:55:05.022Z"}
{"level":"info","message":"⌛ Building environment","timeElapsed":366,"timestamp":"2025-07-03T19:55:05.391Z"}
{"level":"info","message":"⌛ Building environment","timeElapsed":409,"timestamp":"2025-07-03T19:55:05.916Z"}
{"level":"info","message":"⌛ Building environment","timeElapsed":385,"timestamp":"2025-07-03T19:55:06.357Z"}
{"level":"info","message":"⌛ Building environment","timeElapsed":440,"timestamp":"2025-07-03T19:55:06.803Z"}
{"level":"info","message":"⌛ Building environment","timeElapsed":1111,"timestamp":"2025-07-03T19:55:07.976Z"}
{"level":"error","message":"✘ Completions for node If ([39:9, 42:10] - enemigos.wlk) failed: Error: [If]{148840} at enemigos.wlk:39 exhausted all cases without a match [If]{148840} at enemigos.wlk:39 exhausted all cases without a match","stack":"Error: [If]{148840} at enemigos.wlk:39 exhausted all cases without a match\n    at c:\\Users\\LUZ RAMIREZ\\.vscode\\extensions\\uqbar.wollok-lsp-ide-0.5.2\\out\\server\\src\\server.js:38:6142\n    at C2 (c:\\Users\\LUZ RAMIREZ\\.vscode\\extensions\\uqbar.wollok-lsp-ide-0.5.2\\out\\server\\src\\server.js:2362:42)\n    at Gh (c:\\Users\\LUZ RAMIREZ\\.vscode\\extensions\\uqbar.wollok-lsp-ide-0.5.2\\out\\server\\src\\server.js:2362:1092)\n    at p8n (c:\\Users\\LUZ RAMIREZ\\.vscode\\extensions\\uqbar.wollok-lsp-ide-0.5.2\\out\\server\\src\\server.js:2362:818)\n    at c:\\Users\\LUZ RAMIREZ\\.vscode\\extensions\\uqbar.wollok-lsp-ide-0.5.2\\out\\server\\src\\server.js:38:6131\n    at C2 (c:\\Users\\LUZ RAMIREZ\\.vscode\\extensions\\uqbar.wollok-lsp-ide-0.5.2\\out\\server\\src\\server.js:2362:42)\n    at Gh (c:\\Users\\LUZ RAMIREZ\\.vscode\\extensions\\uqbar.wollok-lsp-ide-0.5.2\\out\\server\\src\\server.js:2362:1092)\n    at l8n (c:\\Users\\LUZ RAMIREZ\\.vscode\\extensions\\uqbar.wollok-lsp-ide-0.5.2\\out\\server\\src\\server.js:2362:1248)\n    at c:\\Users\\LUZ RAMIREZ\\.vscode\\extensions\\uqbar.wollok-lsp-ide-0.5.2\\out\\server\\src\\server.js:38:6131\n    at C2 (c:\\Users\\LUZ RAMIREZ\\.vscode\\extensions\\uqbar.wollok-lsp-ide-0.5.2\\out\\server\\src\\server.js:2362:42)","timestamp":"2025-07-03T19:55:08.621Z"}
{"level":"info","message":"⌛ Autocomplete - Reference","timeElapsed":492,"timestamp":"2025-07-03T19:55:08.647Z"}
{"level":"info","message":"⌛ Building environment","timeElapsed":761,"timestamp":"2025-07-03T19:55:09.411Z"}
{"level":"error","message":"✘ Completions for node If ([39:9, 42:10] - enemigos.wlk) failed: Error: [If]{85b736} at enemigos.wlk:39 exhausted all cases without a match [If]{85b736} at enemigos.wlk:39 exhausted all cases without a match","stack":"Error: [If]{85b736} at enemigos.wlk:39 exhausted all cases without a match\n    at c:\\Users\\LUZ RAMIREZ\\.vscode\\extensions\\uqbar.wollok-lsp-ide-0.5.2\\out\\server\\src\\server.js:38:6142\n    at C2 (c:\\Users\\LUZ RAMIREZ\\.vscode\\extensions\\uqbar.wollok-lsp-ide-0.5.2\\out\\server\\src\\server.js:2362:42)\n    at Gh (c:\\Users\\LUZ RAMIREZ\\.vscode\\extensions\\uqbar.wollok-lsp-ide-0.5.2\\out\\server\\src\\server.js:2362:1092)\n    at p8n (c:\\Users\\LUZ RAMIREZ\\.vscode\\extensions\\uqbar.wollok-lsp-ide-0.5.2\\out\\server\\src\\server.js:2362:818)\n    at c:\\Users\\LUZ RAMIREZ\\.vscode\\extensions\\uqbar.wollok-lsp-ide-0.5.2\\out\\server\\src\\server.js:38:6131\n    at C2 (c:\\Users\\LUZ RAMIREZ\\.vscode\\extensions\\uqbar.wollok-lsp-ide-0.5.2\\out\\server\\src\\server.js:2362:42)\n    at Gh (c:\\Users\\LUZ RAMIREZ\\.vscode\\extensions\\uqbar.wollok-lsp-ide-0.5.2\\out\\server\\src\\server.js:2362:1092)\n    at l8n (c:\\Users\\LUZ RAMIREZ\\.vscode\\extensions\\uqbar.wollok-lsp-ide-0.5.2\\out\\server\\src\\server.js:2362:1248)\n    at c:\\Users\\LUZ RAMIREZ\\.vscode\\extensions\\uqbar.wollok-lsp-ide-0.5.2\\out\\server\\src\\server.js:38:6131\n    at C2 (c:\\Users\\LUZ RAMIREZ\\.vscode\\extensions\\uqbar.wollok-lsp-ide-0.5.2\\out\\server\\src\\server.js:2362:42)","timestamp":"2025-07-03T19:55:09.523Z"}
{"level":"info","message":"⌛ Building environment","timeElapsed":370,"timestamp":"2025-07-03T19:55:09.905Z"}
{"level":"info","message":"⌛ Building environment","timeElapsed":968,"timestamp":"2025-07-03T19:55:10.876Z"}
{"level":"error","message":"✘ Completions for node If ([39:9, 42:10] - enemigos.wlk) failed: Error: [If]{599ed9} at enemigos.wlk:39 exhausted all cases without a match [If]{599ed9} at enemigos.wlk:39 exhausted all cases without a match","stack":"Error: [If]{599ed9} at enemigos.wlk:39 exhausted all cases without a match\n    at c:\\Users\\LUZ RAMIREZ\\.vscode\\extensions\\uqbar.wollok-lsp-ide-0.5.2\\out\\server\\src\\server.js:38:6142\n    at C2 (c:\\Users\\LUZ RAMIREZ\\.vscode\\extensions\\uqbar.wollok-lsp-ide-0.5.2\\out\\server\\src\\server.js:2362:42)\n    at Gh (c:\\Users\\LUZ RAMIREZ\\.vscode\\extensions\\uqbar.wollok-lsp-ide-0.5.2\\out\\server\\src\\server.js:2362:1092)\n    at p8n (c:\\Users\\LUZ RAMIREZ\\.vscode\\extensions\\uqbar.wollok-lsp-ide-0.5.2\\out\\server\\src\\server.js:2362:818)\n    at c:\\Users\\LUZ RAMIREZ\\.vscode\\extensions\\uqbar.wollok-lsp-ide-0.5.2\\out\\server\\src\\server.js:38:6131\n    at C2 (c:\\Users\\LUZ RAMIREZ\\.vscode\\extensions\\uqbar.wollok-lsp-ide-0.5.2\\out\\server\\src\\server.js:2362:42)\n    at Gh (c:\\Users\\LUZ RAMIREZ\\.vscode\\extensions\\uqbar.wollok-lsp-ide-0.5.2\\out\\server\\src\\server.js:2362:1092)\n    at l8n (c:\\Users\\LUZ RAMIREZ\\.vscode\\extensions\\uqbar.wollok-lsp-ide-0.5.2\\out\\server\\src\\server.js:2362:1248)\n    at c:\\Users\\LUZ RAMIREZ\\.vscode\\extensions\\uqbar.wollok-lsp-ide-0.5.2\\out\\server\\src\\server.js:38:6131\n    at C2 (c:\\Users\\LUZ RAMIREZ\\.vscode\\extensions\\uqbar.wollok-lsp-ide-0.5.2\\out\\server\\src\\server.js:2362:42)","timestamp":"2025-07-03T19:55:11.097Z"}
{"level":"info","message":"⌛ Autocomplete - Reference","timeElapsed":165,"timestamp":"2025-07-03T19:55:11.104Z"}
