{"level":"error","message":"✘ Failed to rebuild document Failed to parse administradorDeHechizos.wlk: \n-- PARSING FAILED --------------------------------------------------\n\nGot the end of the input\n\nExpected one of the following: \n\n'!=', '!==', '%', '&&', ')', '*', '**', '+', ',', '-', '->', '.', '..', '..<', '/', '<', '<<', '<<<', '<=', '<=>', '<>', '==', '===', '>', '>..', '>=', '>>', '>>>', '?:', '@', 'and', 'const', 'method', 'or', 'override', 'var', '{', '||', '}', any character/byte, comment, whitespace\n","stack":"Error: Failed to parse administradorDeHechizos.wlk: \n-- PARSING FAILED --------------------------------------------------\n\nGot the end of the input\n\nExpected one of the following: \n\n'!=', '!==', '%', '&&', ')', '*', '**', '+', ',', '-', '->', '.', '..', '..<', '/', '<', '<<', '<<<', '<=', '<=>', '<>', '==', '===', '>', '>..', '>=', '>>', '>>>', '?:', '@', 'and', 'const', 'method', 'or', 'override', 'var', '{', '||', '}', any character/byte, comment, whitespace\n\n    at c:\\Users\\joaom\\.vscode\\extensions\\uqbar.wollok-lsp-ide-0.5.2\\out\\server\\src\\server.js:2326:13026\n    at Array.map (<anonymous>)\n    at D1n (c:\\Users\\joaom\\.vscode\\extensions\\uqbar.wollok-lsp-ide-0.5.2\\out\\server\\src\\server.js:2326:12950)\n    at W2.buildEnvironmentFrom (c:\\Users\\joaom\\.vscode\\extensions\\uqbar.wollok-lsp-ide-0.5.2\\out\\server\\src\\server.js:2371:5254)\n    at W2.updateEnvironmentWith (c:\\Users\\joaom\\.vscode\\extensions\\uqbar.wollok-lsp-ide-0.5.2\\out\\server\\src\\server.js:2371:4989)\n    at GF (c:\\Users\\joaom\\.vscode\\extensions\\uqbar.wollok-lsp-ide-0.5.2\\out\\server\\src\\server.js:2371:7383)\n    at L3.invoke (c:\\Users\\joaom\\.vscode\\extensions\\uqbar.wollok-lsp-ide-0.5.2\\out\\server\\src\\server.js:3:157326)\n    at o.fire (c:\\Users\\joaom\\.vscode\\extensions\\uqbar.wollok-lsp-ide-0.5.2\\out\\server\\src\\server.js:3:158096)\n    at c:\\Users\\joaom\\.vscode\\extensions\\uqbar.wollok-lsp-ide-0.5.2\\out\\server\\src\\server.js:37:57871\n    at Kr (c:\\Users\\joaom\\.vscode\\extensions\\uqbar.wollok-lsp-ide-0.5.2\\out\\server\\src\\server.js:8:1561)","timestamp":"2025-07-05T23:12:09.611Z"}
{"level":"error","message":"✘ Failed to rebuild document Failed to parse administradorDeHechizos.wlk: \n-- PARSING FAILED --------------------------------------------------\n\nGot the end of the input\n\nExpected one of the following: \n\n'!=', '!==', '%', '&&', ')', '*', '**', '+', ',', '-', '->', '.', '..', '..<', '/', '<', '<<', '<<<', '<=', '<=>', '<>', '==', '===', '>', '>..', '>=', '>>', '>>>', '?:', '@', 'and', 'const', 'method', 'or', 'override', 'var', '{', '||', '}', any character/byte, comment, whitespace\n","stack":"Error: Failed to parse administradorDeHechizos.wlk: \n-- PARSING FAILED --------------------------------------------------\n\nGot the end of the input\n\nExpected one of the following: \n\n'!=', '!==', '%', '&&', ')', '*', '**', '+', ',', '-', '->', '.', '..', '..<', '/', '<', '<<', '<<<', '<=', '<=>', '<>', '==', '===', '>', '>..', '>=', '>>', '>>>', '?:', '@', 'and', 'const', 'method', 'or', 'override', 'var', '{', '||', '}', any character/byte, comment, whitespace\n\n    at c:\\Users\\joaom\\.vscode\\extensions\\uqbar.wollok-lsp-ide-0.5.2\\out\\server\\src\\server.js:2326:13026\n    at Array.map (<anonymous>)\n    at D1n (c:\\Users\\joaom\\.vscode\\extensions\\uqbar.wollok-lsp-ide-0.5.2\\out\\server\\src\\server.js:2326:12950)\n    at W2.buildEnvironmentFrom (c:\\Users\\joaom\\.vscode\\extensions\\uqbar.wollok-lsp-ide-0.5.2\\out\\server\\src\\server.js:2371:5254)\n    at W2.updateEnvironmentWith (c:\\Users\\joaom\\.vscode\\extensions\\uqbar.wollok-lsp-ide-0.5.2\\out\\server\\src\\server.js:2371:4989)\n    at GF (c:\\Users\\joaom\\.vscode\\extensions\\uqbar.wollok-lsp-ide-0.5.2\\out\\server\\src\\server.js:2371:7383)\n    at L3.invoke (c:\\Users\\joaom\\.vscode\\extensions\\uqbar.wollok-lsp-ide-0.5.2\\out\\server\\src\\server.js:3:157326)\n    at o.fire (c:\\Users\\joaom\\.vscode\\extensions\\uqbar.wollok-lsp-ide-0.5.2\\out\\server\\src\\server.js:3:158096)\n    at c:\\Users\\joaom\\.vscode\\extensions\\uqbar.wollok-lsp-ide-0.5.2\\out\\server\\src\\server.js:37:57871\n    at Kr (c:\\Users\\joaom\\.vscode\\extensions\\uqbar.wollok-lsp-ide-0.5.2\\out\\server\\src\\server.js:8:1561)","timestamp":"2025-07-05T23:12:09.851Z"}
{"level":"error","message":"✘ Failed to rebuild document Failed to parse administradorDeHechizos.wlk: \n-- PARSING FAILED --------------------------------------------------\n\n  35 |             hechizo.eliminar()\n  36 |             \n> 37 |         })\n     |         ^\n  38 |     }\n  39 | \n\nExpected one of the following: \n\n'@', 'class', 'const', 'describe', 'mixin', 'object', 'only', 'package', 'program', 'test', 'var', '{', EOF, comment, not \"}\", whitespace\n","stack":"Error: Failed to parse administradorDeHechizos.wlk: \n-- PARSING FAILED --------------------------------------------------\n\n  35 |             hechizo.eliminar()\n  36 |             \n> 37 |         })\n     |         ^\n  38 |     }\n  39 | \n\nExpected one of the following: \n\n'@', 'class', 'const', 'describe', 'mixin', 'object', 'only', 'package', 'program', 'test', 'var', '{', EOF, comment, not \"}\", whitespace\n\n    at c:\\Users\\joaom\\.vscode\\extensions\\uqbar.wollok-lsp-ide-0.5.2\\out\\server\\src\\server.js:2326:13026\n    at Array.map (<anonymous>)\n    at D1n (c:\\Users\\joaom\\.vscode\\extensions\\uqbar.wollok-lsp-ide-0.5.2\\out\\server\\src\\server.js:2326:12950)\n    at W2.buildEnvironmentFrom (c:\\Users\\joaom\\.vscode\\extensions\\uqbar.wollok-lsp-ide-0.5.2\\out\\server\\src\\server.js:2371:5254)\n    at W2.updateEnvironmentWith (c:\\Users\\joaom\\.vscode\\extensions\\uqbar.wollok-lsp-ide-0.5.2\\out\\server\\src\\server.js:2371:4989)\n    at GF (c:\\Users\\joaom\\.vscode\\extensions\\uqbar.wollok-lsp-ide-0.5.2\\out\\server\\src\\server.js:2371:7383)\n    at L3.invoke (c:\\Users\\joaom\\.vscode\\extensions\\uqbar.wollok-lsp-ide-0.5.2\\out\\server\\src\\server.js:3:157326)\n    at o.fire (c:\\Users\\joaom\\.vscode\\extensions\\uqbar.wollok-lsp-ide-0.5.2\\out\\server\\src\\server.js:3:158096)\n    at c:\\Users\\joaom\\.vscode\\extensions\\uqbar.wollok-lsp-ide-0.5.2\\out\\server\\src\\server.js:37:57871\n    at Kr (c:\\Users\\joaom\\.vscode\\extensions\\uqbar.wollok-lsp-ide-0.5.2\\out\\server\\src\\server.js:8:1561)","timestamp":"2025-07-05T23:12:10.757Z"}
{"level":"info","message":"⌛ Building environment","timeElapsed":111,"timestamp":"2025-07-05T23:12:11.113Z"}
{"level":"info","message":"⌛ Validating administradorDeHechizos.wlk","timeElapsed":117,"timestamp":"2025-07-05T23:12:11.231Z"}
{"level":"error","message":"✘ Failed to rebuild document Failed to parse administradorDeHechizos.wlk: \n-- PARSING FAILED --------------------------------------------------\n\n  42 |         hechizos.forEach({ hechizo => \n  43 |             hechizo.moverDerecha()\n> 44 |         })\n     |         ^\n  45 |     }\n  46 | \n\nExpected one of the following: \n\n'@', 'class', 'const', 'describe', 'mixin', 'object', 'only', 'package', 'program', 'test', 'var', '{', EOF, comment, not \"}\", whitespace\n","stack":"Error: Failed to parse administradorDeHechizos.wlk: \n-- PARSING FAILED --------------------------------------------------\n\n  42 |         hechizos.forEach({ hechizo => \n  43 |             hechizo.moverDerecha()\n> 44 |         })\n     |         ^\n  45 |     }\n  46 | \n\nExpected one of the following: \n\n'@', 'class', 'const', 'describe', 'mixin', 'object', 'only', 'package', 'program', 'test', 'var', '{', EOF, comment, not \"}\", whitespace\n\n    at c:\\Users\\joaom\\.vscode\\extensions\\uqbar.wollok-lsp-ide-0.5.2\\out\\server\\src\\server.js:2326:13026\n    at Array.map (<anonymous>)\n    at D1n (c:\\Users\\joaom\\.vscode\\extensions\\uqbar.wollok-lsp-ide-0.5.2\\out\\server\\src\\server.js:2326:12950)\n    at W2.buildEnvironmentFrom (c:\\Users\\joaom\\.vscode\\extensions\\uqbar.wollok-lsp-ide-0.5.2\\out\\server\\src\\server.js:2371:5254)\n    at W2.updateEnvironmentWith (c:\\Users\\joaom\\.vscode\\extensions\\uqbar.wollok-lsp-ide-0.5.2\\out\\server\\src\\server.js:2371:4989)\n    at GF (c:\\Users\\joaom\\.vscode\\extensions\\uqbar.wollok-lsp-ide-0.5.2\\out\\server\\src\\server.js:2371:7383)\n    at L3.invoke (c:\\Users\\joaom\\.vscode\\extensions\\uqbar.wollok-lsp-ide-0.5.2\\out\\server\\src\\server.js:3:157326)\n    at o.fire (c:\\Users\\joaom\\.vscode\\extensions\\uqbar.wollok-lsp-ide-0.5.2\\out\\server\\src\\server.js:3:158096)\n    at c:\\Users\\joaom\\.vscode\\extensions\\uqbar.wollok-lsp-ide-0.5.2\\out\\server\\src\\server.js:37:57871\n    at Kr (c:\\Users\\joaom\\.vscode\\extensions\\uqbar.wollok-lsp-ide-0.5.2\\out\\server\\src\\server.js:8:1561)","timestamp":"2025-07-05T23:12:12.723Z"}
{"level":"info","message":"⌛ Validating administradorDeHechizos.wlk","timeElapsed":119,"timestamp":"2025-07-05T23:12:14.095Z"}
{"level":"info","message":"⌛ Validating administradorDeHechizos.wlk","timeElapsed":123,"timestamp":"2025-07-05T23:12:15.052Z"}
{"level":"info","message":"⌛ Validating administradorDeHechizos.wlk","timeElapsed":115,"timestamp":"2025-07-05T23:12:15.253Z"}
{"level":"info","message":"⌛ Validating administradorDeHechizos.wlk","timeElapsed":107,"timestamp":"2025-07-05T23:12:15.466Z"}
{"level":"info","message":"⌛ Building environment","timeElapsed":117,"timestamp":"2025-07-05T23:12:16.432Z"}
{"level":"info","message":"⌛ Validating administradorDeHechizos.wlk","timeElapsed":112,"timestamp":"2025-07-05T23:12:16.545Z"}
{"level":"info","message":"⌛ Building environment","timeElapsed":216,"timestamp":"2025-07-05T23:12:22.578Z"}
{"level":"info","message":"⌛ Validating administradorDeEnemigos.wlk","timeElapsed":119,"timestamp":"2025-07-05T23:12:22.711Z"}
{"level":"info","message":"⌛ Building environment","timeElapsed":128,"timestamp":"2025-07-05T23:12:44.205Z"}
{"level":"info","message":"⌛ Validating mago.wlk","timeElapsed":130,"timestamp":"2025-07-05T23:12:44.335Z"}
{"level":"info","message":"⌛ Building environment","timeElapsed":104,"timestamp":"2025-07-05T23:12:44.448Z"}
{"level":"info","message":"⌛ Building environment","timeElapsed":203,"timestamp":"2025-07-05T23:12:44.729Z"}
{"level":"info","message":"⌛ Validating mago.wlk","timeElapsed":138,"timestamp":"2025-07-05T23:12:44.867Z"}
{"level":"info","message":"⌛ Building environment","timeElapsed":101,"timestamp":"2025-07-05T23:12:44.968Z"}
{"level":"info","message":"⌛ Validating mago.wlk","timeElapsed":123,"timestamp":"2025-07-05T23:12:45.196Z"}
{"level":"info","message":"⌛ Building environment","timeElapsed":103,"timestamp":"2025-07-05T23:12:45.299Z"}
{"level":"info","message":"⌛ Validating mago.wlk","timeElapsed":116,"timestamp":"2025-07-05T23:12:45.415Z"}
{"level":"info","message":"⌛ Validating mago.wlk","timeElapsed":117,"timestamp":"2025-07-05T23:12:45.622Z"}
{"level":"info","message":"⌛ Validating mago.wlk","timeElapsed":119,"timestamp":"2025-07-05T23:12:45.836Z"}
{"level":"info","message":"⌛ Validating mago.wlk","timeElapsed":117,"timestamp":"2025-07-05T23:12:46.056Z"}
{"level":"info","message":"⌛ Building environment","timeElapsed":104,"timestamp":"2025-07-05T23:12:46.160Z"}
{"level":"info","message":"⌛ Validating mago.wlk","timeElapsed":119,"timestamp":"2025-07-05T23:12:46.322Z"}
{"level":"info","message":"⌛ Validating mago.wlk","timeElapsed":127,"timestamp":"2025-07-05T23:12:46.534Z"}
{"level":"info","message":"⌛ Validating mago.wlk","timeElapsed":110,"timestamp":"2025-07-05T23:12:46.649Z"}
{"level":"info","message":"⌛ Validating mago.wlk","timeElapsed":120,"timestamp":"2025-07-05T23:12:46.779Z"}
{"level":"info","message":"⌛ Validating mago.wlk","timeElapsed":112,"timestamp":"2025-07-05T23:12:46.979Z"}
{"level":"info","message":"⌛ Building environment","timeElapsed":102,"timestamp":"2025-07-05T23:12:47.203Z"}
{"level":"info","message":"⌛ Validating mago.wlk","timeElapsed":119,"timestamp":"2025-07-05T23:12:47.322Z"}
{"level":"info","message":"⌛ Validating mago.wlk","timeElapsed":120,"timestamp":"2025-07-05T23:12:47.671Z"}
{"level":"info","message":"⌛ Validating mago.wlk","timeElapsed":112,"timestamp":"2025-07-05T23:12:48.003Z"}
{"level":"info","message":"⌛ Building environment","timeElapsed":272,"timestamp":"2025-07-05T23:12:48.278Z"}
{"level":"info","message":"⌛ Validating mago.wlk","timeElapsed":143,"timestamp":"2025-07-05T23:12:48.457Z"}
{"level":"info","message":"⌛ Building environment","timeElapsed":115,"timestamp":"2025-07-05T23:12:48.580Z"}
{"level":"info","message":"⌛ Validating mago.wlk","timeElapsed":130,"timestamp":"2025-07-05T23:12:48.711Z"}
{"level":"info","message":"⌛ Validating mago.wlk","timeElapsed":129,"timestamp":"2025-07-05T23:12:49.012Z"}
{"level":"info","message":"⌛ Building environment","timeElapsed":153,"timestamp":"2025-07-05T23:12:49.169Z"}
{"level":"info","message":"⌛ Validating mago.wlk","timeElapsed":125,"timestamp":"2025-07-05T23:12:49.296Z"}
{"level":"info","message":"⌛ Validating mago.wlk","timeElapsed":110,"timestamp":"2025-07-05T23:12:49.407Z"}
{"level":"info","message":"⌛ Validating mago.wlk","timeElapsed":113,"timestamp":"2025-07-05T23:12:49.601Z"}
{"level":"info","message":"⌛ Validating mago.wlk","timeElapsed":108,"timestamp":"2025-07-05T23:12:49.807Z"}
{"level":"info","message":"⌛ Validating mago.wlk","timeElapsed":118,"timestamp":"2025-07-05T23:12:49.927Z"}
{"level":"info","message":"⌛ Building environment","timeElapsed":123,"timestamp":"2025-07-05T23:12:50.520Z"}
{"level":"info","message":"⌛ Validating mago.wlk","timeElapsed":121,"timestamp":"2025-07-05T23:12:50.641Z"}
{"level":"info","message":"⌛ Building environment","timeElapsed":105,"timestamp":"2025-07-05T23:12:50.922Z"}
{"level":"info","message":"⌛ Validating mago.wlk","timeElapsed":120,"timestamp":"2025-07-05T23:12:51.071Z"}
{"level":"info","message":"⌛ Validating mago.wlk","timeElapsed":132,"timestamp":"2025-07-05T23:12:51.317Z"}
{"level":"info","message":"⌛ Building environment","timeElapsed":103,"timestamp":"2025-07-05T23:12:51.421Z"}
{"level":"info","message":"⌛ Validating mago.wlk","timeElapsed":125,"timestamp":"2025-07-05T23:12:51.617Z"}
{"level":"info","message":"⌛ Validating mago.wlk","timeElapsed":122,"timestamp":"2025-07-05T23:12:52.041Z"}
{"level":"info","message":"⌛ Validating mago.wlk","timeElapsed":113,"timestamp":"2025-07-05T23:12:52.155Z"}
{"level":"info","message":"⌛ Validating mago.wlk","timeElapsed":109,"timestamp":"2025-07-05T23:12:52.265Z"}
{"level":"info","message":"⌛ Validating mago.wlk","timeElapsed":116,"timestamp":"2025-07-05T23:12:52.487Z"}
{"level":"info","message":"⌛ Building environment","timeElapsed":185,"timestamp":"2025-07-05T23:12:53.171Z"}
{"level":"info","message":"⌛ Validating mago.wlk","timeElapsed":117,"timestamp":"2025-07-05T23:12:53.288Z"}
{"level":"info","message":"⌛ Validating mago.wlk","timeElapsed":148,"timestamp":"2025-07-05T23:12:55.540Z"}
{"level":"info","message":"⌛ Validating mago.wlk","timeElapsed":130,"timestamp":"2025-07-05T23:12:55.956Z"}
{"level":"info","message":"⌛ Validating mago.wlk","timeElapsed":112,"timestamp":"2025-07-05T23:12:59.208Z"}
{"level":"info","message":"⌛ Building environment","timeElapsed":111,"timestamp":"2025-07-05T23:12:59.394Z"}
{"level":"info","message":"⌛ Validating mago.wlk","timeElapsed":117,"timestamp":"2025-07-05T23:12:59.643Z"}
{"level":"info","message":"⌛ Validating mago.wlk","timeElapsed":135,"timestamp":"2025-07-05T23:12:59.778Z"}
{"level":"info","message":"⌛ Validating mago.wlk","timeElapsed":127,"timestamp":"2025-07-05T23:13:00.003Z"}
{"level":"info","message":"⌛ Validating mago.wlk","timeElapsed":122,"timestamp":"2025-07-05T23:13:00.418Z"}
{"level":"info","message":"⌛ Validating mago.wlk","timeElapsed":112,"timestamp":"2025-07-05T23:13:00.530Z"}
{"level":"info","message":"⌛ Validating mago.wlk","timeElapsed":107,"timestamp":"2025-07-05T23:13:00.636Z"}
{"level":"info","message":"⌛ Validating mago.wlk","timeElapsed":109,"timestamp":"2025-07-05T23:13:00.852Z"}
{"level":"info","message":"⌛ Building environment","timeElapsed":108,"timestamp":"2025-07-05T23:13:01.105Z"}
{"level":"info","message":"⌛ Validating mago.wlk","timeElapsed":127,"timestamp":"2025-07-05T23:13:01.265Z"}
{"level":"info","message":"⌛ Building environment","timeElapsed":188,"timestamp":"2025-07-05T23:13:01.886Z"}
{"level":"info","message":"⌛ Building environment","timeElapsed":104,"timestamp":"2025-07-05T23:13:01.992Z"}
{"level":"info","message":"⌛ Validating mago.wlk","timeElapsed":130,"timestamp":"2025-07-05T23:13:02.122Z"}
{"level":"info","message":"⌛ Validating mago.wlk","timeElapsed":113,"timestamp":"2025-07-05T23:13:02.323Z"}
{"level":"info","message":"⌛ Validating mago.wlk","timeElapsed":113,"timestamp":"2025-07-05T23:13:02.436Z"}
{"level":"info","message":"⌛ Building environment","timeElapsed":122,"timestamp":"2025-07-05T23:13:03.258Z"}
{"level":"info","message":"⌛ Validating mago.wlk","timeElapsed":126,"timestamp":"2025-07-05T23:13:03.385Z"}
{"level":"info","message":"⌛ Building environment","timeElapsed":140,"timestamp":"2025-07-05T23:13:03.525Z"}
{"level":"info","message":"⌛ Validating mago.wlk","timeElapsed":131,"timestamp":"2025-07-05T23:13:03.761Z"}
{"level":"info","message":"⌛ Building environment","timeElapsed":172,"timestamp":"2025-07-05T23:13:03.933Z"}
{"level":"info","message":"⌛ Validating mago.wlk","timeElapsed":123,"timestamp":"2025-07-05T23:13:04.057Z"}
{"level":"info","message":"⌛ Validating mago.wlk","timeElapsed":113,"timestamp":"2025-07-05T23:13:04.259Z"}
{"level":"info","message":"⌛ Validating mago.wlk","timeElapsed":106,"timestamp":"2025-07-05T23:13:04.380Z"}
{"level":"info","message":"⌛ Building environment","timeElapsed":111,"timestamp":"2025-07-05T23:13:06.040Z"}
{"level":"info","message":"⌛ Validating mago.wlk","timeElapsed":114,"timestamp":"2025-07-05T23:13:06.154Z"}
{"level":"info","message":"⌛ Building environment","timeElapsed":137,"timestamp":"2025-07-05T23:14:39.101Z"}
{"level":"info","message":"⌛ Validating mago.wlk","timeElapsed":149,"timestamp":"2025-07-05T23:14:39.251Z"}
{"level":"info","message":"⌛ Building environment","timeElapsed":132,"timestamp":"2025-07-05T23:15:12.216Z"}
{"level":"info","message":"⌛ Validating mago.wlk","timeElapsed":147,"timestamp":"2025-07-05T23:15:12.366Z"}
{"level":"info","message":"⌛ Building environment","timeElapsed":138,"timestamp":"2025-07-05T23:15:16.944Z"}
{"level":"error","message":"✘ Completions for node If ([50:5, 57:6] - mago.wlk) failed: Error: [If]{7852ea} at mago.wlk:50 exhausted all cases without a match [If]{7852ea} at mago.wlk:50 exhausted all cases without a match","stack":"Error: [If]{7852ea} at mago.wlk:50 exhausted all cases without a match\n    at c:\\Users\\joaom\\.vscode\\extensions\\uqbar.wollok-lsp-ide-0.5.2\\out\\server\\src\\server.js:38:6142\n    at C2 (c:\\Users\\joaom\\.vscode\\extensions\\uqbar.wollok-lsp-ide-0.5.2\\out\\server\\src\\server.js:2362:42)\n    at Gh (c:\\Users\\joaom\\.vscode\\extensions\\uqbar.wollok-lsp-ide-0.5.2\\out\\server\\src\\server.js:2362:1092)\n    at p8n (c:\\Users\\joaom\\.vscode\\extensions\\uqbar.wollok-lsp-ide-0.5.2\\out\\server\\src\\server.js:2362:818)\n    at c:\\Users\\joaom\\.vscode\\extensions\\uqbar.wollok-lsp-ide-0.5.2\\out\\server\\src\\server.js:38:6131\n    at C2 (c:\\Users\\joaom\\.vscode\\extensions\\uqbar.wollok-lsp-ide-0.5.2\\out\\server\\src\\server.js:2362:42)\n    at Gh (c:\\Users\\joaom\\.vscode\\extensions\\uqbar.wollok-lsp-ide-0.5.2\\out\\server\\src\\server.js:2362:1092)\n    at l8n (c:\\Users\\joaom\\.vscode\\extensions\\uqbar.wollok-lsp-ide-0.5.2\\out\\server\\src\\server.js:2362:1248)\n    at c:\\Users\\joaom\\.vscode\\extensions\\uqbar.wollok-lsp-ide-0.5.2\\out\\server\\src\\server.js:38:6131\n    at C2 (c:\\Users\\joaom\\.vscode\\extensions\\uqbar.wollok-lsp-ide-0.5.2\\out\\server\\src\\server.js:2362:42)","timestamp":"2025-07-05T23:15:17.018Z"}
{"level":"info","message":"⌛ Validating mago.wlk","timeElapsed":140,"timestamp":"2025-07-05T23:15:17.161Z"}
{"level":"info","message":"⌛ Building environment","timeElapsed":125,"timestamp":"2025-07-05T23:15:17.287Z"}
{"level":"info","message":"⌛ Validating mago.wlk","timeElapsed":136,"timestamp":"2025-07-05T23:15:17.511Z"}
{"level":"info","message":"⌛ Validating mago.wlk","timeElapsed":139,"timestamp":"2025-07-05T23:15:17.656Z"}
{"level":"info","message":"⌛ Building environment","timeElapsed":164,"timestamp":"2025-07-05T23:15:17.820Z"}
{"level":"info","message":"⌛ Validating mago.wlk","timeElapsed":160,"timestamp":"2025-07-05T23:15:18.165Z"}
{"level":"info","message":"⌛ Validating mago.wlk","timeElapsed":116,"timestamp":"2025-07-05T23:15:18.400Z"}
{"level":"info","message":"⌛ Validating mago.wlk","timeElapsed":126,"timestamp":"2025-07-05T23:15:18.525Z"}
{"level":"info","message":"⌛ Validating mago.wlk","timeElapsed":119,"timestamp":"2025-07-05T23:15:18.729Z"}
{"level":"info","message":"⌛ Validating mago.wlk","timeElapsed":113,"timestamp":"2025-07-05T23:15:18.848Z"}
{"level":"info","message":"⌛ Validating mago.wlk","timeElapsed":108,"timestamp":"2025-07-05T23:15:19.172Z"}
{"level":"info","message":"⌛ Building environment","timeElapsed":106,"timestamp":"2025-07-05T23:15:19.407Z"}
{"level":"info","message":"⌛ Validating mago.wlk","timeElapsed":118,"timestamp":"2025-07-05T23:15:19.560Z"}
{"level":"info","message":"⌛ Validating mago.wlk","timeElapsed":124,"timestamp":"2025-07-05T23:15:20.274Z"}
{"level":"info","message":"⌛ Building environment","timeElapsed":121,"timestamp":"2025-07-05T23:15:20.396Z"}
{"level":"info","message":"⌛ Validating mago.wlk","timeElapsed":159,"timestamp":"2025-07-05T23:15:20.559Z"}
{"level":"info","message":"⌛ Validating mago.wlk","timeElapsed":112,"timestamp":"2025-07-05T23:15:20.824Z"}
{"level":"info","message":"⌛ Building environment","timeElapsed":113,"timestamp":"2025-07-05T23:15:23.162Z"}
{"level":"info","message":"⌛ Validating mago.wlk","timeElapsed":106,"timestamp":"2025-07-05T23:15:23.278Z"}
{"level":"info","message":"⌛ Building environment","timeElapsed":106,"timestamp":"2025-07-05T23:15:32.629Z"}
{"level":"info","message":"⌛ Validating mago.wlk","timeElapsed":145,"timestamp":"2025-07-05T23:15:32.840Z"}
{"level":"info","message":"⌛ Building environment","timeElapsed":124,"timestamp":"2025-07-05T23:15:33.879Z"}
{"level":"error","message":"✘ Completions for node Send ([52:6, 52:27] - mago.wlk) failed: Error: [Send]{3376c0} at mago.wlk:52 exhausted all cases without a match [Send]{3376c0} at mago.wlk:52 exhausted all cases without a match","stack":"Error: [Send]{3376c0} at mago.wlk:52 exhausted all cases without a match\n    at c:\\Users\\joaom\\.vscode\\extensions\\uqbar.wollok-lsp-ide-0.5.2\\out\\server\\src\\server.js:38:6142\n    at C2 (c:\\Users\\joaom\\.vscode\\extensions\\uqbar.wollok-lsp-ide-0.5.2\\out\\server\\src\\server.js:2362:42)\n    at Gh (c:\\Users\\joaom\\.vscode\\extensions\\uqbar.wollok-lsp-ide-0.5.2\\out\\server\\src\\server.js:2362:1092)\n    at l8n (c:\\Users\\joaom\\.vscode\\extensions\\uqbar.wollok-lsp-ide-0.5.2\\out\\server\\src\\server.js:2362:1248)\n    at c:\\Users\\joaom\\.vscode\\extensions\\uqbar.wollok-lsp-ide-0.5.2\\out\\server\\src\\server.js:38:6131\n    at C2 (c:\\Users\\joaom\\.vscode\\extensions\\uqbar.wollok-lsp-ide-0.5.2\\out\\server\\src\\server.js:2362:42)\n    at c:\\Users\\joaom\\.vscode\\extensions\\uqbar.wollok-lsp-ide-0.5.2\\out\\server\\src\\server.js:2362:2988\n    at c:\\Users\\joaom\\.vscode\\extensions\\uqbar.wollok-lsp-ide-0.5.2\\out\\server\\src\\server.js:2371:8440\n    at c:\\Users\\joaom\\.vscode\\extensions\\uqbar.wollok-lsp-ide-0.5.2\\out\\server\\src\\server.js:37:74872\n    at Ye (c:\\Users\\joaom\\.vscode\\extensions\\uqbar.wollok-lsp-ide-0.5.2\\out\\server\\src\\server.js:7:8527)","timestamp":"2025-07-05T23:15:33.917Z"}
{"level":"error","message":"✘ Completions for node If ([50:5, 57:6] - mago.wlk) failed: Error: [If]{e1f31d} at mago.wlk:50 exhausted all cases without a match [If]{e1f31d} at mago.wlk:50 exhausted all cases without a match","stack":"Error: [If]{e1f31d} at mago.wlk:50 exhausted all cases without a match\n    at c:\\Users\\joaom\\.vscode\\extensions\\uqbar.wollok-lsp-ide-0.5.2\\out\\server\\src\\server.js:38:6142\n    at C2 (c:\\Users\\joaom\\.vscode\\extensions\\uqbar.wollok-lsp-ide-0.5.2\\out\\server\\src\\server.js:2362:42)\n    at Gh (c:\\Users\\joaom\\.vscode\\extensions\\uqbar.wollok-lsp-ide-0.5.2\\out\\server\\src\\server.js:2362:1092)\n    at p8n (c:\\Users\\joaom\\.vscode\\extensions\\uqbar.wollok-lsp-ide-0.5.2\\out\\server\\src\\server.js:2362:818)\n    at c:\\Users\\joaom\\.vscode\\extensions\\uqbar.wollok-lsp-ide-0.5.2\\out\\server\\src\\server.js:38:6131\n    at C2 (c:\\Users\\joaom\\.vscode\\extensions\\uqbar.wollok-lsp-ide-0.5.2\\out\\server\\src\\server.js:2362:42)\n    at Gh (c:\\Users\\joaom\\.vscode\\extensions\\uqbar.wollok-lsp-ide-0.5.2\\out\\server\\src\\server.js:2362:1092)\n    at C2 (c:\\Users\\joaom\\.vscode\\extensions\\uqbar.wollok-lsp-ide-0.5.2\\out\\server\\src\\server.js:2362:544)\n    at Gh (c:\\Users\\joaom\\.vscode\\extensions\\uqbar.wollok-lsp-ide-0.5.2\\out\\server\\src\\server.js:2362:1092)\n    at l8n (c:\\Users\\joaom\\.vscode\\extensions\\uqbar.wollok-lsp-ide-0.5.2\\out\\server\\src\\server.js:2362:1248)","timestamp":"2025-07-05T23:15:33.918Z"}
{"level":"info","message":"⌛ Validating mago.wlk","timeElapsed":117,"timestamp":"2025-07-05T23:15:34.040Z"}
{"level":"info","message":"⌛ Validating mago.wlk","timeElapsed":114,"timestamp":"2025-07-05T23:15:34.506Z"}
{"level":"info","message":"⌛ Building environment","timeElapsed":102,"timestamp":"2025-07-05T23:15:34.611Z"}
{"level":"info","message":"⌛ Validating mago.wlk","timeElapsed":124,"timestamp":"2025-07-05T23:15:34.743Z"}
{"level":"info","message":"⌛ Validating mago.wlk","timeElapsed":121,"timestamp":"2025-07-05T23:15:34.947Z"}
{"level":"info","message":"⌛ Validating mago.wlk","timeElapsed":107,"timestamp":"2025-07-05T23:15:35.150Z"}
{"level":"info","message":"⌛ Building environment","timeElapsed":204,"timestamp":"2025-07-05T23:15:36.750Z"}
{"level":"info","message":"⌛ Validating main.wpgm","timeElapsed":144,"timestamp":"2025-07-05T23:15:36.901Z"}
{"level":"info","message":"🚀 Program executed \u001b[3m\u001b[34mmain.ArcaneBastion\u001b[39m\u001b[23m on \u001b[3m\u001b[34mc:\\Users\\joaom\\Documents\\asd-main\u001b[39m\u001b[23m","ok":true,"timeElapsed":1427,"timestamp":"2025-07-05T23:15:41.391Z"}
{"level":"info","message":"⌛ Building environment","timeElapsed":109,"timestamp":"2025-07-05T23:16:25.177Z"}
{"level":"info","message":"⌛ Validating administradorDeHechizos.wlk","timeElapsed":127,"timestamp":"2025-07-05T23:16:25.321Z"}
{"level":"info","message":"⌛ Building environment","timeElapsed":122,"timestamp":"2025-07-05T23:16:26.074Z"}
{"level":"info","message":"⌛ Validating administradorDeHechizos.wlk","timeElapsed":117,"timestamp":"2025-07-05T23:16:26.192Z"}
{"level":"error","message":"✘ Failed to rebuild document Failed to parse administradorDeHechizos.wlk: \n-- PARSING FAILED --------------------------------------------------\n\nGot the end of the input\n\nExpected one of the following: \n\n'@', 'const', 'method', 'override', 'var', '{', '}', any character/byte, comment, whitespace\n","stack":"Error: Failed to parse administradorDeHechizos.wlk: \n-- PARSING FAILED --------------------------------------------------\n\nGot the end of the input\n\nExpected one of the following: \n\n'@', 'const', 'method', 'override', 'var', '{', '}', any character/byte, comment, whitespace\n\n    at c:\\Users\\joaom\\.vscode\\extensions\\uqbar.wollok-lsp-ide-0.5.2\\out\\server\\src\\server.js:2326:13026\n    at Array.map (<anonymous>)\n    at D1n (c:\\Users\\joaom\\.vscode\\extensions\\uqbar.wollok-lsp-ide-0.5.2\\out\\server\\src\\server.js:2326:12950)\n    at W2.buildEnvironmentFrom (c:\\Users\\joaom\\.vscode\\extensions\\uqbar.wollok-lsp-ide-0.5.2\\out\\server\\src\\server.js:2371:5254)\n    at W2.updateEnvironmentWith (c:\\Users\\joaom\\.vscode\\extensions\\uqbar.wollok-lsp-ide-0.5.2\\out\\server\\src\\server.js:2371:4989)\n    at GF (c:\\Users\\joaom\\.vscode\\extensions\\uqbar.wollok-lsp-ide-0.5.2\\out\\server\\src\\server.js:2371:7383)\n    at L3.invoke (c:\\Users\\joaom\\.vscode\\extensions\\uqbar.wollok-lsp-ide-0.5.2\\out\\server\\src\\server.js:3:157326)\n    at o.fire (c:\\Users\\joaom\\.vscode\\extensions\\uqbar.wollok-lsp-ide-0.5.2\\out\\server\\src\\server.js:3:158096)\n    at c:\\Users\\joaom\\.vscode\\extensions\\uqbar.wollok-lsp-ide-0.5.2\\out\\server\\src\\server.js:37:57871\n    at Kr (c:\\Users\\joaom\\.vscode\\extensions\\uqbar.wollok-lsp-ide-0.5.2\\out\\server\\src\\server.js:8:1561)","timestamp":"2025-07-05T23:16:26.265Z"}
{"level":"error","message":"✘ Failed to rebuild document Failed to parse administradorDeHechizos.wlk: \n-- PARSING FAILED --------------------------------------------------\n\nGot the end of the input\n\nExpected one of the following: \n\n'@', 'const', 'method', 'override', 'var', '{', '}', any character/byte, comment, whitespace\n","stack":"Error: Failed to parse administradorDeHechizos.wlk: \n-- PARSING FAILED --------------------------------------------------\n\nGot the end of the input\n\nExpected one of the following: \n\n'@', 'const', 'method', 'override', 'var', '{', '}', any character/byte, comment, whitespace\n\n    at c:\\Users\\joaom\\.vscode\\extensions\\uqbar.wollok-lsp-ide-0.5.2\\out\\server\\src\\server.js:2326:13026\n    at Array.map (<anonymous>)\n    at D1n (c:\\Users\\joaom\\.vscode\\extensions\\uqbar.wollok-lsp-ide-0.5.2\\out\\server\\src\\server.js:2326:12950)\n    at W2.buildEnvironmentFrom (c:\\Users\\joaom\\.vscode\\extensions\\uqbar.wollok-lsp-ide-0.5.2\\out\\server\\src\\server.js:2371:5254)\n    at W2.updateEnvironmentWith (c:\\Users\\joaom\\.vscode\\extensions\\uqbar.wollok-lsp-ide-0.5.2\\out\\server\\src\\server.js:2371:4989)\n    at GF (c:\\Users\\joaom\\.vscode\\extensions\\uqbar.wollok-lsp-ide-0.5.2\\out\\server\\src\\server.js:2371:7383)\n    at L3.invoke (c:\\Users\\joaom\\.vscode\\extensions\\uqbar.wollok-lsp-ide-0.5.2\\out\\server\\src\\server.js:3:157326)\n    at o.fire (c:\\Users\\joaom\\.vscode\\extensions\\uqbar.wollok-lsp-ide-0.5.2\\out\\server\\src\\server.js:3:158096)\n    at c:\\Users\\joaom\\.vscode\\extensions\\uqbar.wollok-lsp-ide-0.5.2\\out\\server\\src\\server.js:37:57871\n    at Kr (c:\\Users\\joaom\\.vscode\\extensions\\uqbar.wollok-lsp-ide-0.5.2\\out\\server\\src\\server.js:8:1561)","timestamp":"2025-07-05T23:16:27.828Z"}
{"level":"error","message":"✘ Failed to rebuild document Failed to parse administradorDeHechizos.wlk: \n-- PARSING FAILED --------------------------------------------------\n\nGot the end of the input\n\nExpected one of the following: \n\n'@', 'const', 'method', 'override', 'var', '{', '}', any character/byte, comment, whitespace\n","stack":"Error: Failed to parse administradorDeHechizos.wlk: \n-- PARSING FAILED --------------------------------------------------\n\nGot the end of the input\n\nExpected one of the following: \n\n'@', 'const', 'method', 'override', 'var', '{', '}', any character/byte, comment, whitespace\n\n    at c:\\Users\\joaom\\.vscode\\extensions\\uqbar.wollok-lsp-ide-0.5.2\\out\\server\\src\\server.js:2326:13026\n    at Array.map (<anonymous>)\n    at D1n (c:\\Users\\joaom\\.vscode\\extensions\\uqbar.wollok-lsp-ide-0.5.2\\out\\server\\src\\server.js:2326:12950)\n    at W2.buildEnvironmentFrom (c:\\Users\\joaom\\.vscode\\extensions\\uqbar.wollok-lsp-ide-0.5.2\\out\\server\\src\\server.js:2371:5254)\n    at W2.updateEnvironmentWith (c:\\Users\\joaom\\.vscode\\extensions\\uqbar.wollok-lsp-ide-0.5.2\\out\\server\\src\\server.js:2371:4989)\n    at GF (c:\\Users\\joaom\\.vscode\\extensions\\uqbar.wollok-lsp-ide-0.5.2\\out\\server\\src\\server.js:2371:7383)\n    at L3.invoke (c:\\Users\\joaom\\.vscode\\extensions\\uqbar.wollok-lsp-ide-0.5.2\\out\\server\\src\\server.js:3:157326)\n    at o.fire (c:\\Users\\joaom\\.vscode\\extensions\\uqbar.wollok-lsp-ide-0.5.2\\out\\server\\src\\server.js:3:158096)\n    at c:\\Users\\joaom\\.vscode\\extensions\\uqbar.wollok-lsp-ide-0.5.2\\out\\server\\src\\server.js:37:57871\n    at Kr (c:\\Users\\joaom\\.vscode\\extensions\\uqbar.wollok-lsp-ide-0.5.2\\out\\server\\src\\server.js:8:1561)","timestamp":"2025-07-05T23:16:28.219Z"}
{"level":"info","message":"⌛ Building environment","timeElapsed":150,"timestamp":"2025-07-05T23:16:28.515Z"}
{"level":"info","message":"⌛ Validating administradorDeHechizos.wlk","timeElapsed":157,"timestamp":"2025-07-05T23:16:28.674Z"}
{"errors":{"errors":[null,["/*\r","Hace que colisionen con el pixel actual o el siguiente.\r","ya que parece que como el dragon va restando y el hechizo sumando en el eje x\r","estos se omiten\r"]]},"level":"error","message":"✘ Failed to get type description: Error: {\n  \"errors\": [\n    null,\n    [\n      \"/*\\r\",\n      \"Hace que colisionen con el pixel actual o el siguiente.\\r\",\n      \"ya que parece que como el dragon va restando y el hechizo sumando en el eje x\\r\",\n      \"estos se omiten\\r\"\n    ]\n  ]\n} {\n  \"errors\": [\n    null,\n    [\n      \"/*\\r\",\n      \"Hace que colisionen con el pixel actual o el siguiente.\\r\",\n      \"ya que parece que como el dragon va restando y el hechizo sumando en el eje x\\r\",\n      \"estos se omiten\\r\"\n    ]\n  ]\n}","stack":"Error: {\n  \"errors\": [\n    null,\n    [\n      \"/*\\r\",\n      \"Hace que colisionen con el pixel actual o el siguiente.\\r\",\n      \"ya que parece que como el dragon va restando y el hechizo sumando en el eje x\\r\",\n      \"estos se omiten\\r\"\n    ]\n  ]\n}\n    at pS (c:\\Users\\joaom\\.vscode\\extensions\\uqbar.wollok-lsp-ide-0.5.2\\out\\server\\src\\server.js:64:34609)\n    at G1 (c:\\Users\\joaom\\.vscode\\extensions\\uqbar.wollok-lsp-ide-0.5.2\\out\\server\\src\\server.js:64:34682)\n    at c:\\Users\\joaom\\.vscode\\extensions\\uqbar.wollok-lsp-ide-0.5.2\\out\\server\\src\\server.js:64:37949\n    at o.v1 (c:\\Users\\joaom\\.vscode\\extensions\\uqbar.wollok-lsp-ide-0.5.2\\out\\server\\src\\server.js:57:57694)\n    at c:\\Users\\joaom\\.vscode\\extensions\\uqbar.wollok-lsp-ide-0.5.2\\out\\server\\src\\server.js:64:37918\n    at c:\\Users\\joaom\\.vscode\\extensions\\uqbar.wollok-lsp-ide-0.5.2\\out\\server\\src\\server.js:57:55734\n    at Ofn (c:\\Users\\joaom\\.vscode\\extensions\\uqbar.wollok-lsp-ide-0.5.2\\out\\server\\src\\server.js:68:11324)\n    at c:\\Users\\joaom\\.vscode\\extensions\\uqbar.wollok-lsp-ide-0.5.2\\out\\server\\src\\server.js:68:3629\n    at jbn (c:\\Users\\joaom\\.vscode\\extensions\\uqbar.wollok-lsp-ide-0.5.2\\out\\server\\src\\server.js:68:3396)\n    at c:\\Users\\joaom\\.vscode\\extensions\\uqbar.wollok-lsp-ide-0.5.2\\out\\server\\src\\server.js:2371:847","timestamp":"2025-07-05T23:16:29.480Z"}
{"exitCode":"SIGHUP","level":"info","message":"👾 Game executed main.ArcaneBastion on c:\\Users\\joaom\\Documents\\asd-main","timeElapsed":53546,"timestamp":"2025-07-05T23:16:33.509Z"}
{"level":"info","message":"🚀 Program executed \u001b[3m\u001b[34mmain.ArcaneBastion\u001b[39m\u001b[23m on \u001b[3m\u001b[34mc:\\Users\\joaom\\Documents\\asd-main\u001b[39m\u001b[23m","ok":true,"timeElapsed":648,"timestamp":"2025-07-05T23:16:36.665Z"}
{"level":"info","message":"🧪 Test runner executed on c:\\Users\\joaom\\Documents\\asd-main","result":{"errored":0,"failed":0,"ok":1},"testsFailed":[],"timeElapsed":782,"timestamp":"2025-07-05T23:18:04.017Z"}
{"level":"info","message":"⌛ Building environment","timeElapsed":246,"timestamp":"2025-07-05T23:18:05.399Z"}
{"level":"info","message":"⌛ Validating adminProyectiles.wlk","timeElapsed":221,"timestamp":"2025-07-05T23:18:05.646Z"}
{"level":"info","message":"⌛ Building environment","timeElapsed":193,"timestamp":"2025-07-05T23:18:05.885Z"}
{"level":"info","message":"⌛ Validating administradorDeOleadas.wlk","timeElapsed":182,"timestamp":"2025-07-05T23:18:06.076Z"}
{"errors":{"errors":[null,[null,[null,[null,"/*\r\n        game.onCollideDo(hechizo, { enemigo => \r\n            enemigo.recibirAtaque(hechizo.danio())\r\n            hechizo.eliminar()\r\n        })\r\n        */"]]]]},"level":"error","message":"✘ Failed to get type description: Error: {\n  \"errors\": [\n    null,\n    [\n      null,\n      [\n        null,\n        [\n          null,\n          \"/*\\r\\n        game.onCollideDo(hechizo, { enemigo => \\r\\n            enemigo.recibirAtaque(hechizo.danio())\\r\\n            hechizo.eliminar()\\r\\n        })\\r\\n        */\"\n        ]\n      ]\n    ]\n  ]\n} {\n  \"errors\": [\n    null,\n    [\n      null,\n      [\n        null,\n        [\n          null,\n          \"/*\\r\\n        game.onCollideDo(hechizo, { enemigo => \\r\\n            enemigo.recibirAtaque(hechizo.danio())\\r\\n            hechizo.eliminar()\\r\\n        })\\r\\n        */\"\n        ]\n      ]\n    ]\n  ]\n}","stack":"Error: {\n  \"errors\": [\n    null,\n    [\n      null,\n      [\n        null,\n        [\n          null,\n          \"/*\\r\\n        game.onCollideDo(hechizo, { enemigo => \\r\\n            enemigo.recibirAtaque(hechizo.danio())\\r\\n            hechizo.eliminar()\\r\\n        })\\r\\n        */\"\n        ]\n      ]\n    ]\n  ]\n}\n    at pS (c:\\Users\\joaom\\.vscode\\extensions\\uqbar.wollok-lsp-ide-0.5.2\\out\\server\\src\\server.js:64:34609)\n    at G1 (c:\\Users\\joaom\\.vscode\\extensions\\uqbar.wollok-lsp-ide-0.5.2\\out\\server\\src\\server.js:64:34682)\n    at c:\\Users\\joaom\\.vscode\\extensions\\uqbar.wollok-lsp-ide-0.5.2\\out\\server\\src\\server.js:64:37949\n    at o.v1 (c:\\Users\\joaom\\.vscode\\extensions\\uqbar.wollok-lsp-ide-0.5.2\\out\\server\\src\\server.js:57:57694)\n    at c4 (c:\\Users\\joaom\\.vscode\\extensions\\uqbar.wollok-lsp-ide-0.5.2\\out\\server\\src\\server.js:64:37918)\n    at c4 (c:\\Users\\joaom\\.vscode\\extensions\\uqbar.wollok-lsp-ide-0.5.2\\out\\server\\src\\server.js:57:55723)\n    at qbn (c:\\Users\\joaom\\.vscode\\extensions\\uqbar.wollok-lsp-ide-0.5.2\\out\\server\\src\\server.js:68:2842)\n    at c:\\Users\\joaom\\.vscode\\extensions\\uqbar.wollok-lsp-ide-0.5.2\\out\\server\\src\\server.js:68:2432\n    at c:\\Users\\joaom\\.vscode\\extensions\\uqbar.wollok-lsp-ide-0.5.2\\out\\server\\src\\server.js:68:5443\n    at c:\\Users\\joaom\\.vscode\\extensions\\uqbar.wollok-lsp-ide-0.5.2\\out\\server\\src\\server.js:38:6131","timestamp":"2025-07-05T23:18:07.029Z"}
{"level":"error","message":"✘ Failed to rebuild document Failed to parse administradorDeHechizos.wlk: \n-- PARSING FAILED --------------------------------------------------\n\n  36 |             hechizo.eliminar()\n  37 |         })\n> 38 |         */\n     |          ^\n  39 |     }\n  40 | \n\nExpected one of the following: \n\n'!', '(', '+', '-', '@', 'if', 'new', 'not', 'object', 'self', 'super', 'throw', 'try', '{', comment, identifier, literal, whitespace\n","stack":"Error: Failed to parse administradorDeHechizos.wlk: \n-- PARSING FAILED --------------------------------------------------\n\n  36 |             hechizo.eliminar()\n  37 |         })\n> 38 |         */\n     |          ^\n  39 |     }\n  40 | \n\nExpected one of the following: \n\n'!', '(', '+', '-', '@', 'if', 'new', 'not', 'object', 'self', 'super', 'throw', 'try', '{', comment, identifier, literal, whitespace\n\n    at c:\\Users\\joaom\\.vscode\\extensions\\uqbar.wollok-lsp-ide-0.5.2\\out\\server\\src\\server.js:2326:13026\n    at Array.map (<anonymous>)\n    at D1n (c:\\Users\\joaom\\.vscode\\extensions\\uqbar.wollok-lsp-ide-0.5.2\\out\\server\\src\\server.js:2326:12950)\n    at W2.buildEnvironmentFrom (c:\\Users\\joaom\\.vscode\\extensions\\uqbar.wollok-lsp-ide-0.5.2\\out\\server\\src\\server.js:2371:5254)\n    at W2.updateEnvironmentWith (c:\\Users\\joaom\\.vscode\\extensions\\uqbar.wollok-lsp-ide-0.5.2\\out\\server\\src\\server.js:2371:4989)\n    at GF (c:\\Users\\joaom\\.vscode\\extensions\\uqbar.wollok-lsp-ide-0.5.2\\out\\server\\src\\server.js:2371:7383)\n    at L3.invoke (c:\\Users\\joaom\\.vscode\\extensions\\uqbar.wollok-lsp-ide-0.5.2\\out\\server\\src\\server.js:3:157326)\n    at o.fire (c:\\Users\\joaom\\.vscode\\extensions\\uqbar.wollok-lsp-ide-0.5.2\\out\\server\\src\\server.js:3:158096)\n    at c:\\Users\\joaom\\.vscode\\extensions\\uqbar.wollok-lsp-ide-0.5.2\\out\\server\\src\\server.js:37:57871\n    at Kr (c:\\Users\\joaom\\.vscode\\extensions\\uqbar.wollok-lsp-ide-0.5.2\\out\\server\\src\\server.js:8:1561)","timestamp":"2025-07-05T23:18:08.597Z"}
{"level":"error","message":"✘ Failed to rebuild document Failed to parse administradorDeHechizos.wlk: \n-- PARSING FAILED --------------------------------------------------\n\n  36 |             hechizo.eliminar()\n  37 |         })\n> 38 |         */\n     |          ^\n  39 |     }\n  40 | \n\nExpected one of the following: \n\n'!', '(', '+', '-', '@', 'if', 'new', 'not', 'object', 'self', 'super', 'throw', 'try', '{', comment, identifier, literal, whitespace\n","stack":"Error: Failed to parse administradorDeHechizos.wlk: \n-- PARSING FAILED --------------------------------------------------\n\n  36 |             hechizo.eliminar()\n  37 |         })\n> 38 |         */\n     |          ^\n  39 |     }\n  40 | \n\nExpected one of the following: \n\n'!', '(', '+', '-', '@', 'if', 'new', 'not', 'object', 'self', 'super', 'throw', 'try', '{', comment, identifier, literal, whitespace\n\n    at c:\\Users\\joaom\\.vscode\\extensions\\uqbar.wollok-lsp-ide-0.5.2\\out\\server\\src\\server.js:2326:13026\n    at Array.map (<anonymous>)\n    at D1n (c:\\Users\\joaom\\.vscode\\extensions\\uqbar.wollok-lsp-ide-0.5.2\\out\\server\\src\\server.js:2326:12950)\n    at W2.buildEnvironmentFrom (c:\\Users\\joaom\\.vscode\\extensions\\uqbar.wollok-lsp-ide-0.5.2\\out\\server\\src\\server.js:2371:5254)\n    at W2.updateEnvironmentWith (c:\\Users\\joaom\\.vscode\\extensions\\uqbar.wollok-lsp-ide-0.5.2\\out\\server\\src\\server.js:2371:4989)\n    at GF (c:\\Users\\joaom\\.vscode\\extensions\\uqbar.wollok-lsp-ide-0.5.2\\out\\server\\src\\server.js:2371:7383)\n    at L3.invoke (c:\\Users\\joaom\\.vscode\\extensions\\uqbar.wollok-lsp-ide-0.5.2\\out\\server\\src\\server.js:3:157326)\n    at o.fire (c:\\Users\\joaom\\.vscode\\extensions\\uqbar.wollok-lsp-ide-0.5.2\\out\\server\\src\\server.js:3:158096)\n    at c:\\Users\\joaom\\.vscode\\extensions\\uqbar.wollok-lsp-ide-0.5.2\\out\\server\\src\\server.js:37:57871\n    at Kr (c:\\Users\\joaom\\.vscode\\extensions\\uqbar.wollok-lsp-ide-0.5.2\\out\\server\\src\\server.js:8:1561)","timestamp":"2025-07-05T23:18:08.843Z"}
{"errors":{"errors":[null,[null,[null,[null,"/*\r\n        game.onCollideDo(hechizo, { enemigo => \r\n            enemigo.recibirAtaque(hechizo.danio())\r\n            hechizo.eliminar()\r\n        })\r\n        */"]]]]},"level":"error","message":"✘ Failed to get type description: Error: {\n  \"errors\": [\n    null,\n    [\n      null,\n      [\n        null,\n        [\n          null,\n          \"/*\\r\\n        game.onCollideDo(hechizo, { enemigo => \\r\\n            enemigo.recibirAtaque(hechizo.danio())\\r\\n            hechizo.eliminar()\\r\\n        })\\r\\n        */\"\n        ]\n      ]\n    ]\n  ]\n} {\n  \"errors\": [\n    null,\n    [\n      null,\n      [\n        null,\n        [\n          null,\n          \"/*\\r\\n        game.onCollideDo(hechizo, { enemigo => \\r\\n            enemigo.recibirAtaque(hechizo.danio())\\r\\n            hechizo.eliminar()\\r\\n        })\\r\\n        */\"\n        ]\n      ]\n    ]\n  ]\n}","stack":"Error: {\n  \"errors\": [\n    null,\n    [\n      null,\n      [\n        null,\n        [\n          null,\n          \"/*\\r\\n        game.onCollideDo(hechizo, { enemigo => \\r\\n            enemigo.recibirAtaque(hechizo.danio())\\r\\n            hechizo.eliminar()\\r\\n        })\\r\\n        */\"\n        ]\n      ]\n    ]\n  ]\n}\n    at pS (c:\\Users\\joaom\\.vscode\\extensions\\uqbar.wollok-lsp-ide-0.5.2\\out\\server\\src\\server.js:64:34609)\n    at G1 (c:\\Users\\joaom\\.vscode\\extensions\\uqbar.wollok-lsp-ide-0.5.2\\out\\server\\src\\server.js:64:34682)\n    at c:\\Users\\joaom\\.vscode\\extensions\\uqbar.wollok-lsp-ide-0.5.2\\out\\server\\src\\server.js:64:37949\n    at o.v1 (c:\\Users\\joaom\\.vscode\\extensions\\uqbar.wollok-lsp-ide-0.5.2\\out\\server\\src\\server.js:57:57694)\n    at c4 (c:\\Users\\joaom\\.vscode\\extensions\\uqbar.wollok-lsp-ide-0.5.2\\out\\server\\src\\server.js:64:37918)\n    at c4 (c:\\Users\\joaom\\.vscode\\extensions\\uqbar.wollok-lsp-ide-0.5.2\\out\\server\\src\\server.js:57:55723)\n    at qbn (c:\\Users\\joaom\\.vscode\\extensions\\uqbar.wollok-lsp-ide-0.5.2\\out\\server\\src\\server.js:68:2842)\n    at c:\\Users\\joaom\\.vscode\\extensions\\uqbar.wollok-lsp-ide-0.5.2\\out\\server\\src\\server.js:68:2432\n    at c:\\Users\\joaom\\.vscode\\extensions\\uqbar.wollok-lsp-ide-0.5.2\\out\\server\\src\\server.js:68:5443\n    at c:\\Users\\joaom\\.vscode\\extensions\\uqbar.wollok-lsp-ide-0.5.2\\out\\server\\src\\server.js:38:6131","timestamp":"2025-07-05T23:18:09.058Z"}
{"level":"error","message":"✘ Failed to rebuild document Failed to parse administradorDeHechizos.wlk: \n-- PARSING FAILED --------------------------------------------------\n\n  36 |             hechizo.eliminar()\n  37 |         })\n> 38 |         */\n     |          ^\n  39 |     }\n  40 | \n\nExpected one of the following: \n\n'!', '(', '+', '-', '@', 'if', 'new', 'not', 'object', 'self', 'super', 'throw', 'try', '{', comment, identifier, literal, whitespace\n","stack":"Error: Failed to parse administradorDeHechizos.wlk: \n-- PARSING FAILED --------------------------------------------------\n\n  36 |             hechizo.eliminar()\n  37 |         })\n> 38 |         */\n     |          ^\n  39 |     }\n  40 | \n\nExpected one of the following: \n\n'!', '(', '+', '-', '@', 'if', 'new', 'not', 'object', 'self', 'super', 'throw', 'try', '{', comment, identifier, literal, whitespace\n\n    at c:\\Users\\joaom\\.vscode\\extensions\\uqbar.wollok-lsp-ide-0.5.2\\out\\server\\src\\server.js:2326:13026\n    at Array.map (<anonymous>)\n    at D1n (c:\\Users\\joaom\\.vscode\\extensions\\uqbar.wollok-lsp-ide-0.5.2\\out\\server\\src\\server.js:2326:12950)\n    at W2.buildEnvironmentFrom (c:\\Users\\joaom\\.vscode\\extensions\\uqbar.wollok-lsp-ide-0.5.2\\out\\server\\src\\server.js:2371:5254)\n    at W2.updateEnvironmentWith (c:\\Users\\joaom\\.vscode\\extensions\\uqbar.wollok-lsp-ide-0.5.2\\out\\server\\src\\server.js:2371:4989)\n    at GF (c:\\Users\\joaom\\.vscode\\extensions\\uqbar.wollok-lsp-ide-0.5.2\\out\\server\\src\\server.js:2371:7383)\n    at L3.invoke (c:\\Users\\joaom\\.vscode\\extensions\\uqbar.wollok-lsp-ide-0.5.2\\out\\server\\src\\server.js:3:157326)\n    at o.fire (c:\\Users\\joaom\\.vscode\\extensions\\uqbar.wollok-lsp-ide-0.5.2\\out\\server\\src\\server.js:3:158096)\n    at c:\\Users\\joaom\\.vscode\\extensions\\uqbar.wollok-lsp-ide-0.5.2\\out\\server\\src\\server.js:37:57871\n    at Kr (c:\\Users\\joaom\\.vscode\\extensions\\uqbar.wollok-lsp-ide-0.5.2\\out\\server\\src\\server.js:8:1561)","timestamp":"2025-07-05T23:18:09.079Z"}
{"level":"error","message":"✘ Failed to rebuild document Failed to parse administradorDeHechizos.wlk: \n-- PARSING FAILED --------------------------------------------------\n\n  36 |             hechizo.eliminar()\n  37 |         })\n> 38 |         */\n     |          ^\n  39 |     }\n  40 | \n\nExpected one of the following: \n\n'!', '(', '+', '-', '@', 'if', 'new', 'not', 'object', 'self', 'super', 'throw', 'try', '{', comment, identifier, literal, whitespace\n","stack":"Error: Failed to parse administradorDeHechizos.wlk: \n-- PARSING FAILED --------------------------------------------------\n\n  36 |             hechizo.eliminar()\n  37 |         })\n> 38 |         */\n     |          ^\n  39 |     }\n  40 | \n\nExpected one of the following: \n\n'!', '(', '+', '-', '@', 'if', 'new', 'not', 'object', 'self', 'super', 'throw', 'try', '{', comment, identifier, literal, whitespace\n\n    at c:\\Users\\joaom\\.vscode\\extensions\\uqbar.wollok-lsp-ide-0.5.2\\out\\server\\src\\server.js:2326:13026\n    at Array.map (<anonymous>)\n    at D1n (c:\\Users\\joaom\\.vscode\\extensions\\uqbar.wollok-lsp-ide-0.5.2\\out\\server\\src\\server.js:2326:12950)\n    at W2.buildEnvironmentFrom (c:\\Users\\joaom\\.vscode\\extensions\\uqbar.wollok-lsp-ide-0.5.2\\out\\server\\src\\server.js:2371:5254)\n    at W2.updateEnvironmentWith (c:\\Users\\joaom\\.vscode\\extensions\\uqbar.wollok-lsp-ide-0.5.2\\out\\server\\src\\server.js:2371:4989)\n    at GF (c:\\Users\\joaom\\.vscode\\extensions\\uqbar.wollok-lsp-ide-0.5.2\\out\\server\\src\\server.js:2371:7383)\n    at L3.invoke (c:\\Users\\joaom\\.vscode\\extensions\\uqbar.wollok-lsp-ide-0.5.2\\out\\server\\src\\server.js:3:157326)\n    at o.fire (c:\\Users\\joaom\\.vscode\\extensions\\uqbar.wollok-lsp-ide-0.5.2\\out\\server\\src\\server.js:3:158096)\n    at c:\\Users\\joaom\\.vscode\\extensions\\uqbar.wollok-lsp-ide-0.5.2\\out\\server\\src\\server.js:37:57871\n    at Kr (c:\\Users\\joaom\\.vscode\\extensions\\uqbar.wollok-lsp-ide-0.5.2\\out\\server\\src\\server.js:8:1561)","timestamp":"2025-07-05T23:18:09.236Z"}
{"level":"error","message":"✘ Failed to rebuild document Failed to parse administradorDeHechizos.wlk: \n-- PARSING FAILED --------------------------------------------------\n\n  35 |             hechizo.eliminar()\n  36 |         })\n> 37 |         */\n     |          ^\n  38 |     }\n  39 | \n\nExpected one of the following: \n\n'!', '(', '+', '-', '@', 'if', 'new', 'not', 'object', 'self', 'super', 'throw', 'try', '{', comment, identifier, literal, whitespace\n","stack":"Error: Failed to parse administradorDeHechizos.wlk: \n-- PARSING FAILED --------------------------------------------------\n\n  35 |             hechizo.eliminar()\n  36 |         })\n> 37 |         */\n     |          ^\n  38 |     }\n  39 | \n\nExpected one of the following: \n\n'!', '(', '+', '-', '@', 'if', 'new', 'not', 'object', 'self', 'super', 'throw', 'try', '{', comment, identifier, literal, whitespace\n\n    at c:\\Users\\joaom\\.vscode\\extensions\\uqbar.wollok-lsp-ide-0.5.2\\out\\server\\src\\server.js:2326:13026\n    at Array.map (<anonymous>)\n    at D1n (c:\\Users\\joaom\\.vscode\\extensions\\uqbar.wollok-lsp-ide-0.5.2\\out\\server\\src\\server.js:2326:12950)\n    at W2.buildEnvironmentFrom (c:\\Users\\joaom\\.vscode\\extensions\\uqbar.wollok-lsp-ide-0.5.2\\out\\server\\src\\server.js:2371:5254)\n    at W2.updateEnvironmentWith (c:\\Users\\joaom\\.vscode\\extensions\\uqbar.wollok-lsp-ide-0.5.2\\out\\server\\src\\server.js:2371:4989)\n    at GF (c:\\Users\\joaom\\.vscode\\extensions\\uqbar.wollok-lsp-ide-0.5.2\\out\\server\\src\\server.js:2371:7383)\n    at L3.invoke (c:\\Users\\joaom\\.vscode\\extensions\\uqbar.wollok-lsp-ide-0.5.2\\out\\server\\src\\server.js:3:157326)\n    at o.fire (c:\\Users\\joaom\\.vscode\\extensions\\uqbar.wollok-lsp-ide-0.5.2\\out\\server\\src\\server.js:3:158096)\n    at c:\\Users\\joaom\\.vscode\\extensions\\uqbar.wollok-lsp-ide-0.5.2\\out\\server\\src\\server.js:37:57871\n    at Kr (c:\\Users\\joaom\\.vscode\\extensions\\uqbar.wollok-lsp-ide-0.5.2\\out\\server\\src\\server.js:8:1561)","timestamp":"2025-07-05T23:18:09.574Z"}
{"level":"error","message":"✘ Failed to rebuild document Failed to parse administradorDeHechizos.wlk: \n-- PARSING FAILED --------------------------------------------------\n\n  36 |         })\n  37 |         *\n> 38 |     }\n     |     ^\n  39 | \n  40 |     // Mueve cada hechizo en la lista\n\nExpected one of the following: \n\n'!', '(', '+', '-', '@', 'if', 'new', 'not', 'object', 'self', 'super', 'throw', 'try', '{', comment, identifier, literal, whitespace\n","stack":"Error: Failed to parse administradorDeHechizos.wlk: \n-- PARSING FAILED --------------------------------------------------\n\n  36 |         })\n  37 |         *\n> 38 |     }\n     |     ^\n  39 | \n  40 |     // Mueve cada hechizo en la lista\n\nExpected one of the following: \n\n'!', '(', '+', '-', '@', 'if', 'new', 'not', 'object', 'self', 'super', 'throw', 'try', '{', comment, identifier, literal, whitespace\n\n    at c:\\Users\\joaom\\.vscode\\extensions\\uqbar.wollok-lsp-ide-0.5.2\\out\\server\\src\\server.js:2326:13026\n    at Array.map (<anonymous>)\n    at D1n (c:\\Users\\joaom\\.vscode\\extensions\\uqbar.wollok-lsp-ide-0.5.2\\out\\server\\src\\server.js:2326:12950)\n    at W2.buildEnvironmentFrom (c:\\Users\\joaom\\.vscode\\extensions\\uqbar.wollok-lsp-ide-0.5.2\\out\\server\\src\\server.js:2371:5254)\n    at W2.updateEnvironmentWith (c:\\Users\\joaom\\.vscode\\extensions\\uqbar.wollok-lsp-ide-0.5.2\\out\\server\\src\\server.js:2371:4989)\n    at GF (c:\\Users\\joaom\\.vscode\\extensions\\uqbar.wollok-lsp-ide-0.5.2\\out\\server\\src\\server.js:2371:7383)\n    at L3.invoke (c:\\Users\\joaom\\.vscode\\extensions\\uqbar.wollok-lsp-ide-0.5.2\\out\\server\\src\\server.js:3:157326)\n    at o.fire (c:\\Users\\joaom\\.vscode\\extensions\\uqbar.wollok-lsp-ide-0.5.2\\out\\server\\src\\server.js:3:158096)\n    at c:\\Users\\joaom\\.vscode\\extensions\\uqbar.wollok-lsp-ide-0.5.2\\out\\server\\src\\server.js:37:57871\n    at Kr (c:\\Users\\joaom\\.vscode\\extensions\\uqbar.wollok-lsp-ide-0.5.2\\out\\server\\src\\server.js:8:1561)","timestamp":"2025-07-05T23:18:10.586Z"}
{"level":"info","message":"⌛ Building environment","timeElapsed":154,"timestamp":"2025-07-05T23:18:10.947Z"}
{"level":"info","message":"⌛ Validating administradorDeHechizos.wlk","timeElapsed":172,"timestamp":"2025-07-05T23:18:11.121Z"}
{"level":"info","message":"⌛ Validating administradorDeHechizos.wlk","timeElapsed":152,"timestamp":"2025-07-05T23:18:11.436Z"}
{"level":"info","message":"⌛ Building environment","timeElapsed":123,"timestamp":"2025-07-05T23:18:11.621Z"}
{"level":"info","message":"⌛ Validating administradorDeHechizos.wlk","timeElapsed":185,"timestamp":"2025-07-05T23:18:11.834Z"}
{"level":"info","message":"⌛ Building environment","timeElapsed":101,"timestamp":"2025-07-05T23:18:12.142Z"}
{"level":"info","message":"⌛ Validating administradorDeHechizos.wlk","timeElapsed":143,"timestamp":"2025-07-05T23:18:12.287Z"}
{"errors":{"errors":[null,["/*\r","Hace que colisionen con el pixel actual o el siguiente.\r","ya que parece que como el dragon va restando y el hechizo sumando en el eje x\r","estos se omiten\r"]]},"level":"error","message":"✘ Failed to get type description: Error: {\n  \"errors\": [\n    null,\n    [\n      \"/*\\r\",\n      \"Hace que colisionen con el pixel actual o el siguiente.\\r\",\n      \"ya que parece que como el dragon va restando y el hechizo sumando en el eje x\\r\",\n      \"estos se omiten\\r\"\n    ]\n  ]\n} {\n  \"errors\": [\n    null,\n    [\n      \"/*\\r\",\n      \"Hace que colisionen con el pixel actual o el siguiente.\\r\",\n      \"ya que parece que como el dragon va restando y el hechizo sumando en el eje x\\r\",\n      \"estos se omiten\\r\"\n    ]\n  ]\n}","stack":"Error: {\n  \"errors\": [\n    null,\n    [\n      \"/*\\r\",\n      \"Hace que colisionen con el pixel actual o el siguiente.\\r\",\n      \"ya que parece que como el dragon va restando y el hechizo sumando en el eje x\\r\",\n      \"estos se omiten\\r\"\n    ]\n  ]\n}\n    at pS (c:\\Users\\joaom\\.vscode\\extensions\\uqbar.wollok-lsp-ide-0.5.2\\out\\server\\src\\server.js:64:34609)\n    at G1 (c:\\Users\\joaom\\.vscode\\extensions\\uqbar.wollok-lsp-ide-0.5.2\\out\\server\\src\\server.js:64:34682)\n    at c:\\Users\\joaom\\.vscode\\extensions\\uqbar.wollok-lsp-ide-0.5.2\\out\\server\\src\\server.js:64:37949\n    at o.v1 (c:\\Users\\joaom\\.vscode\\extensions\\uqbar.wollok-lsp-ide-0.5.2\\out\\server\\src\\server.js:57:57694)\n    at c:\\Users\\joaom\\.vscode\\extensions\\uqbar.wollok-lsp-ide-0.5.2\\out\\server\\src\\server.js:64:37918\n    at c:\\Users\\joaom\\.vscode\\extensions\\uqbar.wollok-lsp-ide-0.5.2\\out\\server\\src\\server.js:57:55734\n    at Ofn (c:\\Users\\joaom\\.vscode\\extensions\\uqbar.wollok-lsp-ide-0.5.2\\out\\server\\src\\server.js:68:11324)\n    at c:\\Users\\joaom\\.vscode\\extensions\\uqbar.wollok-lsp-ide-0.5.2\\out\\server\\src\\server.js:68:3629\n    at jbn (c:\\Users\\joaom\\.vscode\\extensions\\uqbar.wollok-lsp-ide-0.5.2\\out\\server\\src\\server.js:68:3396)\n    at c:\\Users\\joaom\\.vscode\\extensions\\uqbar.wollok-lsp-ide-0.5.2\\out\\server\\src\\server.js:2371:847","timestamp":"2025-07-05T23:19:03.579Z"}
{"level":"info","message":"⌛ Building environment","timeElapsed":133,"timestamp":"2025-07-05T23:19:11.908Z"}
{"level":"info","message":"⌛ Validating administradorDeHechizos.wlk","timeElapsed":233,"timestamp":"2025-07-05T23:19:12.143Z"}
{"level":"info","message":"⌛ Building environment","timeElapsed":127,"timestamp":"2025-07-05T23:19:14.179Z"}
{"level":"info","message":"⌛ Validating administradorDeHechizos.wlk","timeElapsed":194,"timestamp":"2025-07-05T23:19:14.374Z"}
{"level":"info","message":"⌛ Building environment","timeElapsed":104,"timestamp":"2025-07-05T23:19:14.548Z"}
{"level":"info","message":"⌛ Validating administradorDeHechizos.wlk","timeElapsed":154,"timestamp":"2025-07-05T23:19:14.703Z"}
{"level":"info","message":"⌛ Building environment","timeElapsed":109,"timestamp":"2025-07-05T23:19:17.417Z"}
{"level":"info","message":"⌛ Validating administradorDeHechizos.wlk","timeElapsed":141,"timestamp":"2025-07-05T23:19:17.559Z"}
{"level":"info","message":"⌛ Building environment","timeElapsed":193,"timestamp":"2025-07-05T23:19:27.357Z"}
{"level":"info","message":"⌛ Validating main.wpgm","timeElapsed":178,"timestamp":"2025-07-05T23:19:27.545Z"}
{"exitCode":"SIGHUP","level":"info","message":"👾 Game executed main.ArcaneBastion on c:\\Users\\joaom\\Documents\\asd-main","timeElapsed":172969,"timestamp":"2025-07-05T23:19:28.992Z"}
{"level":"info","message":"🚀 Program executed \u001b[3m\u001b[34mmain.ArcaneBastion\u001b[39m\u001b[23m on \u001b[3m\u001b[34mc:\\Users\\joaom\\Documents\\asd-main\u001b[39m\u001b[23m","ok":true,"timeElapsed":640,"timestamp":"2025-07-05T23:19:31.347Z"}
{"exitCode":"SIGINT","level":"info","message":"👾 Game executed main.ArcaneBastion on c:\\Users\\joaom\\Documents\\asd-main","timeElapsed":13422,"timestamp":"2025-07-05T23:19:44.126Z"}
{"level":"info","message":"⌛ Building environment","timeElapsed":134,"timestamp":"2025-07-05T23:20:30.388Z"}
{"level":"info","message":"⌛ Validating administradorDeHechizos.wlk","timeElapsed":232,"timestamp":"2025-07-05T23:20:30.624Z"}
{"level":"info","message":"⌛ Building environment","timeElapsed":113,"timestamp":"2025-07-05T23:20:32.308Z"}
{"level":"info","message":"⌛ Validating administradorDeHechizos.wlk","timeElapsed":163,"timestamp":"2025-07-05T23:20:32.472Z"}
{"level":"info","message":"⌛ Building environment","timeElapsed":102,"timestamp":"2025-07-05T23:20:32.681Z"}
{"level":"info","message":"⌛ Validating administradorDeHechizos.wlk","timeElapsed":178,"timestamp":"2025-07-05T23:20:32.861Z"}
{"level":"info","message":"⌛ Building environment","timeElapsed":111,"timestamp":"2025-07-05T23:21:52.398Z"}
{"level":"info","message":"⌛ Validating administradorDeHechizos.wlk","timeElapsed":161,"timestamp":"2025-07-05T23:21:52.565Z"}
{"level":"info","message":"⌛ Building environment","timeElapsed":142,"timestamp":"2025-07-05T23:21:53.274Z"}
{"level":"info","message":"⌛ Validating administradorDeHechizos.wlk","timeElapsed":137,"timestamp":"2025-07-05T23:21:53.412Z"}
{"level":"info","message":"⌛ Building environment","timeElapsed":101,"timestamp":"2025-07-05T23:21:53.960Z"}
{"level":"info","message":"⌛ Building environment","timeElapsed":132,"timestamp":"2025-07-05T23:21:54.094Z"}
{"level":"info","message":"⌛ Validating administradorDeHechizos.wlk","timeElapsed":136,"timestamp":"2025-07-05T23:21:54.231Z"}
{"level":"info","message":"⌛ Validating enemigos.wlk","timeElapsed":117,"timestamp":"2025-07-05T23:21:54.359Z"}
{"level":"info","message":"⌛ Validating administradorDeHechizos.wlk","timeElapsed":132,"timestamp":"2025-07-05T23:21:54.717Z"}
{"level":"info","message":"⌛ Building environment","timeElapsed":129,"timestamp":"2025-07-05T23:21:54.847Z"}
{"level":"info","message":"⌛ Validating enemigos.wlk","timeElapsed":126,"timestamp":"2025-07-05T23:21:54.981Z"}
{"level":"info","message":"⌛ Building environment","timeElapsed":121,"timestamp":"2025-07-05T23:21:56.183Z"}
{"level":"info","message":"⌛ Validating administradorDeHechizos.wlk","timeElapsed":137,"timestamp":"2025-07-05T23:21:56.322Z"}
{"level":"info","message":"⌛ Building environment","timeElapsed":135,"timestamp":"2025-07-05T23:21:58.215Z"}
{"level":"info","message":"⌛ Validating administradorDeHechizos.wlk","timeElapsed":136,"timestamp":"2025-07-05T23:21:58.364Z"}
{"level":"info","message":"⌛ Building environment","timeElapsed":146,"timestamp":"2025-07-05T23:22:00.689Z"}
{"level":"info","message":"⌛ Validating administradorDeHechizos.wlk","timeElapsed":119,"timestamp":"2025-07-05T23:22:00.809Z"}
{"level":"error","message":"✘ Failed to rebuild document Failed to parse administradorDeHechizos.wlk: \n-- PARSING FAILED --------------------------------------------------\n\n  34 |         })\n  35 |         game.onCollideDo(hechizo, { otro =>\n> 36 |             if (otro.className() =) {\n     |                                  ^\n  37 |                 otro.recibirAtaque(hechizo.danio())\n  38 |                 hechizo.eliminar()\n\nExpected one of the following: \n\nexpression, sentence\n","stack":"Error: Failed to parse administradorDeHechizos.wlk: \n-- PARSING FAILED --------------------------------------------------\n\n  34 |         })\n  35 |         game.onCollideDo(hechizo, { otro =>\n> 36 |             if (otro.className() =) {\n     |                                  ^\n  37 |                 otro.recibirAtaque(hechizo.danio())\n  38 |                 hechizo.eliminar()\n\nExpected one of the following: \n\nexpression, sentence\n\n    at c:\\Users\\joaom\\.vscode\\extensions\\uqbar.wollok-lsp-ide-0.5.2\\out\\server\\src\\server.js:2326:13026\n    at Array.map (<anonymous>)\n    at D1n (c:\\Users\\joaom\\.vscode\\extensions\\uqbar.wollok-lsp-ide-0.5.2\\out\\server\\src\\server.js:2326:12950)\n    at W2.buildEnvironmentFrom (c:\\Users\\joaom\\.vscode\\extensions\\uqbar.wollok-lsp-ide-0.5.2\\out\\server\\src\\server.js:2371:5254)\n    at W2.updateEnvironmentWith (c:\\Users\\joaom\\.vscode\\extensions\\uqbar.wollok-lsp-ide-0.5.2\\out\\server\\src\\server.js:2371:4989)\n    at GF (c:\\Users\\joaom\\.vscode\\extensions\\uqbar.wollok-lsp-ide-0.5.2\\out\\server\\src\\server.js:2371:7383)\n    at L3.invoke (c:\\Users\\joaom\\.vscode\\extensions\\uqbar.wollok-lsp-ide-0.5.2\\out\\server\\src\\server.js:3:157326)\n    at o.fire (c:\\Users\\joaom\\.vscode\\extensions\\uqbar.wollok-lsp-ide-0.5.2\\out\\server\\src\\server.js:3:158096)\n    at c:\\Users\\joaom\\.vscode\\extensions\\uqbar.wollok-lsp-ide-0.5.2\\out\\server\\src\\server.js:37:57871\n    at Kr (c:\\Users\\joaom\\.vscode\\extensions\\uqbar.wollok-lsp-ide-0.5.2\\out\\server\\src\\server.js:8:1561)","timestamp":"2025-07-05T23:22:00.868Z"}
{"level":"error","message":"✘ Failed to rebuild document Failed to parse administradorDeHechizos.wlk: \n-- PARSING FAILED --------------------------------------------------\n\n  34 |         })\n  35 |         game.onCollideDo(hechizo, { otro =>\n> 36 |             if (otro.className() ==) {\n     |                                    ^\n  37 |                 otro.recibirAtaque(hechizo.danio())\n  38 |                 hechizo.eliminar()\n\nExpected one of the following: \n\nexpression, sentence\n","stack":"Error: Failed to parse administradorDeHechizos.wlk: \n-- PARSING FAILED --------------------------------------------------\n\n  34 |         })\n  35 |         game.onCollideDo(hechizo, { otro =>\n> 36 |             if (otro.className() ==) {\n     |                                    ^\n  37 |                 otro.recibirAtaque(hechizo.danio())\n  38 |                 hechizo.eliminar()\n\nExpected one of the following: \n\nexpression, sentence\n\n    at c:\\Users\\joaom\\.vscode\\extensions\\uqbar.wollok-lsp-ide-0.5.2\\out\\server\\src\\server.js:2326:13026\n    at Array.map (<anonymous>)\n    at D1n (c:\\Users\\joaom\\.vscode\\extensions\\uqbar.wollok-lsp-ide-0.5.2\\out\\server\\src\\server.js:2326:12950)\n    at W2.buildEnvironmentFrom (c:\\Users\\joaom\\.vscode\\extensions\\uqbar.wollok-lsp-ide-0.5.2\\out\\server\\src\\server.js:2371:5254)\n    at W2.updateEnvironmentWith (c:\\Users\\joaom\\.vscode\\extensions\\uqbar.wollok-lsp-ide-0.5.2\\out\\server\\src\\server.js:2371:4989)\n    at GF (c:\\Users\\joaom\\.vscode\\extensions\\uqbar.wollok-lsp-ide-0.5.2\\out\\server\\src\\server.js:2371:7383)\n    at L3.invoke (c:\\Users\\joaom\\.vscode\\extensions\\uqbar.wollok-lsp-ide-0.5.2\\out\\server\\src\\server.js:3:157326)\n    at o.fire (c:\\Users\\joaom\\.vscode\\extensions\\uqbar.wollok-lsp-ide-0.5.2\\out\\server\\src\\server.js:3:158096)\n    at c:\\Users\\joaom\\.vscode\\extensions\\uqbar.wollok-lsp-ide-0.5.2\\out\\server\\src\\server.js:37:57871\n    at Kr (c:\\Users\\joaom\\.vscode\\extensions\\uqbar.wollok-lsp-ide-0.5.2\\out\\server\\src\\server.js:8:1561)","timestamp":"2025-07-05T23:22:01.072Z"}
{"level":"error","message":"✘ Failed to rebuild document Failed to parse administradorDeHechizos.wlk: \n-- PARSING FAILED --------------------------------------------------\n\n  34 |         })\n  35 |         game.onCollideDo(hechizo, { otro =>\n> 36 |             if (otro.className() == ) {\n     |                                     ^\n  37 |                 otro.recibirAtaque(hechizo.danio())\n  38 |                 hechizo.eliminar()\n\nExpected one of the following: \n\nexpression, sentence\n","stack":"Error: Failed to parse administradorDeHechizos.wlk: \n-- PARSING FAILED --------------------------------------------------\n\n  34 |         })\n  35 |         game.onCollideDo(hechizo, { otro =>\n> 36 |             if (otro.className() == ) {\n     |                                     ^\n  37 |                 otro.recibirAtaque(hechizo.danio())\n  38 |                 hechizo.eliminar()\n\nExpected one of the following: \n\nexpression, sentence\n\n    at c:\\Users\\joaom\\.vscode\\extensions\\uqbar.wollok-lsp-ide-0.5.2\\out\\server\\src\\server.js:2326:13026\n    at Array.map (<anonymous>)\n    at D1n (c:\\Users\\joaom\\.vscode\\extensions\\uqbar.wollok-lsp-ide-0.5.2\\out\\server\\src\\server.js:2326:12950)\n    at W2.buildEnvironmentFrom (c:\\Users\\joaom\\.vscode\\extensions\\uqbar.wollok-lsp-ide-0.5.2\\out\\server\\src\\server.js:2371:5254)\n    at W2.updateEnvironmentWith (c:\\Users\\joaom\\.vscode\\extensions\\uqbar.wollok-lsp-ide-0.5.2\\out\\server\\src\\server.js:2371:4989)\n    at GF (c:\\Users\\joaom\\.vscode\\extensions\\uqbar.wollok-lsp-ide-0.5.2\\out\\server\\src\\server.js:2371:7383)\n    at L3.invoke (c:\\Users\\joaom\\.vscode\\extensions\\uqbar.wollok-lsp-ide-0.5.2\\out\\server\\src\\server.js:3:157326)\n    at o.fire (c:\\Users\\joaom\\.vscode\\extensions\\uqbar.wollok-lsp-ide-0.5.2\\out\\server\\src\\server.js:3:158096)\n    at c:\\Users\\joaom\\.vscode\\extensions\\uqbar.wollok-lsp-ide-0.5.2\\out\\server\\src\\server.js:37:57871\n    at Kr (c:\\Users\\joaom\\.vscode\\extensions\\uqbar.wollok-lsp-ide-0.5.2\\out\\server\\src\\server.js:8:1561)","timestamp":"2025-07-05T23:22:01.301Z"}
{"level":"error","message":"✘ Completions for node Send ([36:17, 36:38] - administradorDeHechizos.wlk) failed: Error: [Send]{70d225} at administradorDeHechizos.wlk:36 exhausted all cases without a match [Send]{70d225} at administradorDeHechizos.wlk:36 exhausted all cases without a match","stack":"Error: [Send]{70d225} at administradorDeHechizos.wlk:36 exhausted all cases without a match\n    at c:\\Users\\joaom\\.vscode\\extensions\\uqbar.wollok-lsp-ide-0.5.2\\out\\server\\src\\server.js:38:6142\n    at C2 (c:\\Users\\joaom\\.vscode\\extensions\\uqbar.wollok-lsp-ide-0.5.2\\out\\server\\src\\server.js:2362:42)\n    at Gh (c:\\Users\\joaom\\.vscode\\extensions\\uqbar.wollok-lsp-ide-0.5.2\\out\\server\\src\\server.js:2362:1092)\n    at l8n (c:\\Users\\joaom\\.vscode\\extensions\\uqbar.wollok-lsp-ide-0.5.2\\out\\server\\src\\server.js:2362:1248)\n    at c:\\Users\\joaom\\.vscode\\extensions\\uqbar.wollok-lsp-ide-0.5.2\\out\\server\\src\\server.js:38:6131\n    at C2 (c:\\Users\\joaom\\.vscode\\extensions\\uqbar.wollok-lsp-ide-0.5.2\\out\\server\\src\\server.js:2362:42)\n    at c:\\Users\\joaom\\.vscode\\extensions\\uqbar.wollok-lsp-ide-0.5.2\\out\\server\\src\\server.js:2362:2988\n    at c:\\Users\\joaom\\.vscode\\extensions\\uqbar.wollok-lsp-ide-0.5.2\\out\\server\\src\\server.js:2371:8440\n    at c:\\Users\\joaom\\.vscode\\extensions\\uqbar.wollok-lsp-ide-0.5.2\\out\\server\\src\\server.js:37:74872\n    at Ye (c:\\Users\\joaom\\.vscode\\extensions\\uqbar.wollok-lsp-ide-0.5.2\\out\\server\\src\\server.js:7:8527)","timestamp":"2025-07-05T23:22:02.165Z"}
{"level":"error","message":"✘ Completions for node If ([36:13, 39:14] - administradorDeHechizos.wlk) failed: Error: [If]{b474c7} at administradorDeHechizos.wlk:36 exhausted all cases without a match [If]{b474c7} at administradorDeHechizos.wlk:36 exhausted all cases without a match","stack":"Error: [If]{b474c7} at administradorDeHechizos.wlk:36 exhausted all cases without a match\n    at c:\\Users\\joaom\\.vscode\\extensions\\uqbar.wollok-lsp-ide-0.5.2\\out\\server\\src\\server.js:38:6142\n    at C2 (c:\\Users\\joaom\\.vscode\\extensions\\uqbar.wollok-lsp-ide-0.5.2\\out\\server\\src\\server.js:2362:42)\n    at Gh (c:\\Users\\joaom\\.vscode\\extensions\\uqbar.wollok-lsp-ide-0.5.2\\out\\server\\src\\server.js:2362:1092)\n    at C2 (c:\\Users\\joaom\\.vscode\\extensions\\uqbar.wollok-lsp-ide-0.5.2\\out\\server\\src\\server.js:2362:544)\n    at Gh (c:\\Users\\joaom\\.vscode\\extensions\\uqbar.wollok-lsp-ide-0.5.2\\out\\server\\src\\server.js:2362:1092)\n    at l8n (c:\\Users\\joaom\\.vscode\\extensions\\uqbar.wollok-lsp-ide-0.5.2\\out\\server\\src\\server.js:2362:1248)\n    at c:\\Users\\joaom\\.vscode\\extensions\\uqbar.wollok-lsp-ide-0.5.2\\out\\server\\src\\server.js:38:6131\n    at C2 (c:\\Users\\joaom\\.vscode\\extensions\\uqbar.wollok-lsp-ide-0.5.2\\out\\server\\src\\server.js:2362:42)\n    at c:\\Users\\joaom\\.vscode\\extensions\\uqbar.wollok-lsp-ide-0.5.2\\out\\server\\src\\server.js:2362:2988\n    at c:\\Users\\joaom\\.vscode\\extensions\\uqbar.wollok-lsp-ide-0.5.2\\out\\server\\src\\server.js:2371:8440","timestamp":"2025-07-05T23:22:02.165Z"}
{"level":"info","message":"⌛ Validating administradorDeHechizos.wlk","timeElapsed":138,"timestamp":"2025-07-05T23:22:02.309Z"}
{"level":"info","message":"⌛ Building environment","timeElapsed":147,"timestamp":"2025-07-05T23:22:02.460Z"}
{"level":"info","message":"⌛ Building environment","timeElapsed":102,"timestamp":"2025-07-05T23:22:02.563Z"}
{"level":"info","message":"⌛ Validating administradorDeHechizos.wlk","timeElapsed":148,"timestamp":"2025-07-05T23:22:02.712Z"}
{"level":"info","message":"⌛ Building environment","timeElapsed":139,"timestamp":"2025-07-05T23:22:02.852Z"}
{"level":"info","message":"⌛ Validating administradorDeHechizos.wlk","timeElapsed":141,"timestamp":"2025-07-05T23:22:02.994Z"}
{"level":"info","message":"⌛ Validating administradorDeHechizos.wlk","timeElapsed":138,"timestamp":"2025-07-05T23:22:03.340Z"}
{"level":"info","message":"⌛ Building environment","timeElapsed":102,"timestamp":"2025-07-05T23:22:03.443Z"}
{"level":"info","message":"⌛ Validating administradorDeHechizos.wlk","timeElapsed":115,"timestamp":"2025-07-05T23:22:03.558Z"}
{"level":"info","message":"⌛ Validating administradorDeHechizos.wlk","timeElapsed":117,"timestamp":"2025-07-05T23:22:03.849Z"}
{"level":"info","message":"⌛ Validating administradorDeHechizos.wlk","timeElapsed":116,"timestamp":"2025-07-05T23:22:04.023Z"}
{"level":"info","message":"⌛ Validating administradorDeHechizos.wlk","timeElapsed":130,"timestamp":"2025-07-05T23:22:04.155Z"}
{"level":"info","message":"⌛ Validating administradorDeHechizos.wlk","timeElapsed":113,"timestamp":"2025-07-05T23:22:04.268Z"}
{"level":"error","message":"✘ Failed to rebuild document Failed to parse administradorDeHechizos.wlk: \n-- PARSING FAILED --------------------------------------------------\n\n  33 |                 hechizo.eliminar()\n  34 |             }\n> 35 |         })\n     |         ^\n  36 |         game.onCollideDo(hechizo, { otro =>\n  37 |             if (otro.className() == Enemigo) {\n\nExpected one of the following: \n\n' ', '@', 'class', 'const', 'describe', 'mixin', 'object', 'only', 'package', 'program', 'test', 'var', '{', EOF, comment, not \"}\", whitespace\n","stack":"Error: Failed to parse administradorDeHechizos.wlk: \n-- PARSING FAILED --------------------------------------------------\n\n  33 |                 hechizo.eliminar()\n  34 |             }\n> 35 |         })\n     |         ^\n  36 |         game.onCollideDo(hechizo, { otro =>\n  37 |             if (otro.className() == Enemigo) {\n\nExpected one of the following: \n\n' ', '@', 'class', 'const', 'describe', 'mixin', 'object', 'only', 'package', 'program', 'test', 'var', '{', EOF, comment, not \"}\", whitespace\n\n    at c:\\Users\\joaom\\.vscode\\extensions\\uqbar.wollok-lsp-ide-0.5.2\\out\\server\\src\\server.js:2326:13026\n    at Array.map (<anonymous>)\n    at D1n (c:\\Users\\joaom\\.vscode\\extensions\\uqbar.wollok-lsp-ide-0.5.2\\out\\server\\src\\server.js:2326:12950)\n    at W2.buildEnvironmentFrom (c:\\Users\\joaom\\.vscode\\extensions\\uqbar.wollok-lsp-ide-0.5.2\\out\\server\\src\\server.js:2371:5254)\n    at W2.updateEnvironmentWith (c:\\Users\\joaom\\.vscode\\extensions\\uqbar.wollok-lsp-ide-0.5.2\\out\\server\\src\\server.js:2371:4989)\n    at GF (c:\\Users\\joaom\\.vscode\\extensions\\uqbar.wollok-lsp-ide-0.5.2\\out\\server\\src\\server.js:2371:7383)\n    at L3.invoke (c:\\Users\\joaom\\.vscode\\extensions\\uqbar.wollok-lsp-ide-0.5.2\\out\\server\\src\\server.js:3:157326)\n    at o.fire (c:\\Users\\joaom\\.vscode\\extensions\\uqbar.wollok-lsp-ide-0.5.2\\out\\server\\src\\server.js:3:158096)\n    at c:\\Users\\joaom\\.vscode\\extensions\\uqbar.wollok-lsp-ide-0.5.2\\out\\server\\src\\server.js:37:57871\n    at Kr (c:\\Users\\joaom\\.vscode\\extensions\\uqbar.wollok-lsp-ide-0.5.2\\out\\server\\src\\server.js:8:1561)","timestamp":"2025-07-05T23:22:08.205Z"}
{"level":"error","message":"✘ Failed to rebuild document Failed to parse administradorDeHechizos.wlk: \n-- PARSING FAILED --------------------------------------------------\n\n  33 |                 hechizo.eliminar()\n  34 |             }\n> 35 |         })\n     |         ^\n  36 |         game.onCollideDo(hechizo, { otro =>\n  37 |             if (otro.className() == Enemigo) {\n\nExpected one of the following: \n\n' ', '@', 'class', 'const', 'describe', 'mixin', 'object', 'only', 'package', 'program', 'test', 'var', '{', EOF, comment, not \"}\", whitespace\n","stack":"Error: Failed to parse administradorDeHechizos.wlk: \n-- PARSING FAILED --------------------------------------------------\n\n  33 |                 hechizo.eliminar()\n  34 |             }\n> 35 |         })\n     |         ^\n  36 |         game.onCollideDo(hechizo, { otro =>\n  37 |             if (otro.className() == Enemigo) {\n\nExpected one of the following: \n\n' ', '@', 'class', 'const', 'describe', 'mixin', 'object', 'only', 'package', 'program', 'test', 'var', '{', EOF, comment, not \"}\", whitespace\n\n    at c:\\Users\\joaom\\.vscode\\extensions\\uqbar.wollok-lsp-ide-0.5.2\\out\\server\\src\\server.js:2326:13026\n    at Array.map (<anonymous>)\n    at D1n (c:\\Users\\joaom\\.vscode\\extensions\\uqbar.wollok-lsp-ide-0.5.2\\out\\server\\src\\server.js:2326:12950)\n    at W2.buildEnvironmentFrom (c:\\Users\\joaom\\.vscode\\extensions\\uqbar.wollok-lsp-ide-0.5.2\\out\\server\\src\\server.js:2371:5254)\n    at W2.updateEnvironmentWith (c:\\Users\\joaom\\.vscode\\extensions\\uqbar.wollok-lsp-ide-0.5.2\\out\\server\\src\\server.js:2371:4989)\n    at GF (c:\\Users\\joaom\\.vscode\\extensions\\uqbar.wollok-lsp-ide-0.5.2\\out\\server\\src\\server.js:2371:7383)\n    at L3.invoke (c:\\Users\\joaom\\.vscode\\extensions\\uqbar.wollok-lsp-ide-0.5.2\\out\\server\\src\\server.js:3:157326)\n    at o.fire (c:\\Users\\joaom\\.vscode\\extensions\\uqbar.wollok-lsp-ide-0.5.2\\out\\server\\src\\server.js:3:158096)\n    at c:\\Users\\joaom\\.vscode\\extensions\\uqbar.wollok-lsp-ide-0.5.2\\out\\server\\src\\server.js:37:57871\n    at Kr (c:\\Users\\joaom\\.vscode\\extensions\\uqbar.wollok-lsp-ide-0.5.2\\out\\server\\src\\server.js:8:1561)","timestamp":"2025-07-05T23:22:09.836Z"}
{"level":"info","message":"⌛ Validating administradorDeHechizos.wlk","timeElapsed":107,"timestamp":"2025-07-05T23:22:12.977Z"}
{"level":"info","message":"🚀 Program executed \u001b[3m\u001b[34mmain.ArcaneBastion\u001b[39m\u001b[23m on \u001b[3m\u001b[34mc:\\Users\\joaom\\Documents\\asd-main\u001b[39m\u001b[23m","ok":true,"timeElapsed":614,"timestamp":"2025-07-05T23:22:20.114Z"}
{"level":"info","message":"⌛ Building environment","timeElapsed":331,"timestamp":"2025-07-05T23:23:20.580Z"}
{"level":"info","message":"⌛ Validating enemigos.wlk","timeElapsed":180,"timestamp":"2025-07-05T23:23:20.834Z"}
{"level":"info","message":"⌛ Building environment","timeElapsed":124,"timestamp":"2025-07-05T23:23:23.631Z"}
{"level":"info","message":"⌛ Validating enemigos.wlk","timeElapsed":163,"timestamp":"2025-07-05T23:23:23.826Z"}
{"level":"info","message":"⌛ Building environment","timeElapsed":181,"timestamp":"2025-07-05T23:23:24.027Z"}
{"level":"info","message":"⌛ Building environment","timeElapsed":113,"timestamp":"2025-07-05T23:23:24.142Z"}
{"level":"info","message":"⌛ Building environment","timeElapsed":156,"timestamp":"2025-07-05T23:23:24.329Z"}
{"level":"info","message":"⌛ Validating enemigos.wlk","timeElapsed":175,"timestamp":"2025-07-05T23:23:24.505Z"}
{"level":"info","message":"⌛ Validating enemigos.wlk","timeElapsed":160,"timestamp":"2025-07-05T23:23:24.670Z"}
{"level":"info","message":"⌛ Building environment","timeElapsed":128,"timestamp":"2025-07-05T23:23:24.798Z"}
{"level":"info","message":"⌛ Building environment","timeElapsed":141,"timestamp":"2025-07-05T23:23:24.940Z"}
{"level":"info","message":"⌛ Validating enemigos.wlk","timeElapsed":146,"timestamp":"2025-07-05T23:23:25.087Z"}
{"level":"info","message":"⌛ Building environment","timeElapsed":107,"timestamp":"2025-07-05T23:23:25.201Z"}
{"level":"info","message":"⌛ Building environment","timeElapsed":126,"timestamp":"2025-07-05T23:23:25.327Z"}
{"level":"info","message":"⌛ Validating enemigos.wlk","timeElapsed":170,"timestamp":"2025-07-05T23:23:25.498Z"}
{"level":"info","message":"⌛ Building environment","timeElapsed":210,"timestamp":"2025-07-05T23:23:25.708Z"}
{"level":"info","message":"⌛ Validating enemigos.wlk","timeElapsed":138,"timestamp":"2025-07-05T23:23:25.847Z"}
{"level":"info","message":"⌛ Building environment","timeElapsed":112,"timestamp":"2025-07-05T23:23:25.960Z"}
{"level":"info","message":"⌛ Validating enemigos.wlk","timeElapsed":148,"timestamp":"2025-07-05T23:23:26.110Z"}
{"level":"info","message":"⌛ Building environment","timeElapsed":102,"timestamp":"2025-07-05T23:23:26.219Z"}
{"level":"info","message":"⌛ Validating enemigos.wlk","timeElapsed":141,"timestamp":"2025-07-05T23:23:26.360Z"}
{"level":"info","message":"⌛ Building environment","timeElapsed":107,"timestamp":"2025-07-05T23:23:26.501Z"}
{"level":"info","message":"⌛ Building environment","timeElapsed":156,"timestamp":"2025-07-05T23:23:26.659Z"}
{"level":"info","message":"⌛ Building environment","timeElapsed":124,"timestamp":"2025-07-05T23:23:26.784Z"}
{"level":"info","message":"⌛ Validating enemigos.wlk","timeElapsed":163,"timestamp":"2025-07-05T23:23:26.947Z"}
{"level":"info","message":"⌛ Validating enemigos.wlk","timeElapsed":166,"timestamp":"2025-07-05T23:23:27.312Z"}
{"level":"info","message":"⌛ Validating enemigos.wlk","timeElapsed":149,"timestamp":"2025-07-05T23:23:27.475Z"}
{"level":"info","message":"⌛ Validating enemigos.wlk","timeElapsed":167,"timestamp":"2025-07-05T23:23:27.739Z"}
{"level":"info","message":"⌛ Validating enemigos.wlk","timeElapsed":174,"timestamp":"2025-07-05T23:23:28.018Z"}
{"level":"info","message":"⌛ Validating enemigos.wlk","timeElapsed":232,"timestamp":"2025-07-05T23:23:28.264Z"}
{"level":"info","message":"⌛ Building environment","timeElapsed":183,"timestamp":"2025-07-05T23:23:28.510Z"}
{"level":"info","message":"⌛ Validating enemigos.wlk","timeElapsed":159,"timestamp":"2025-07-05T23:23:28.708Z"}
{"level":"info","message":"⌛ Validating enemigos.wlk","timeElapsed":155,"timestamp":"2025-07-05T23:23:28.867Z"}
{"level":"info","message":"⌛ Validating enemigos.wlk","timeElapsed":159,"timestamp":"2025-07-05T23:23:29.036Z"}
{"level":"info","message":"⌛ Building environment","timeElapsed":115,"timestamp":"2025-07-05T23:23:29.156Z"}
{"level":"info","message":"⌛ Validating enemigos.wlk","timeElapsed":143,"timestamp":"2025-07-05T23:23:29.300Z"}
{"level":"info","message":"⌛ Building environment","timeElapsed":105,"timestamp":"2025-07-05T23:23:29.414Z"}
{"level":"info","message":"⌛ Building environment","timeElapsed":111,"timestamp":"2025-07-05T23:23:29.526Z"}
{"level":"info","message":"⌛ Validating enemigos.wlk","timeElapsed":145,"timestamp":"2025-07-05T23:23:29.795Z"}
{"level":"info","message":"⌛ Building environment","timeElapsed":152,"timestamp":"2025-07-05T23:23:29.948Z"}
{"level":"info","message":"⌛ Building environment","timeElapsed":113,"timestamp":"2025-07-05T23:23:30.097Z"}
{"level":"info","message":"⌛ Building environment","timeElapsed":101,"timestamp":"2025-07-05T23:23:30.199Z"}
{"level":"info","message":"⌛ Building environment","timeElapsed":109,"timestamp":"2025-07-05T23:23:30.328Z"}
{"level":"info","message":"⌛ Validating enemigos.wlk","timeElapsed":164,"timestamp":"2025-07-05T23:23:30.492Z"}
{"level":"info","message":"⌛ Validating enemigos.wlk","timeElapsed":150,"timestamp":"2025-07-05T23:23:30.650Z"}
{"level":"info","message":"⌛ Validating enemigos.wlk","timeElapsed":196,"timestamp":"2025-07-05T23:23:30.846Z"}
{"level":"info","message":"⌛ Validating enemigos.wlk","timeElapsed":148,"timestamp":"2025-07-05T23:23:31.023Z"}
{"level":"info","message":"⌛ Building environment","timeElapsed":111,"timestamp":"2025-07-05T23:23:31.137Z"}
{"level":"info","message":"⌛ Building environment","timeElapsed":108,"timestamp":"2025-07-05T23:23:31.257Z"}
{"level":"info","message":"⌛ Validating enemigos.wlk","timeElapsed":144,"timestamp":"2025-07-05T23:23:31.402Z"}
{"level":"info","message":"⌛ Building environment","timeElapsed":106,"timestamp":"2025-07-05T23:23:31.509Z"}
{"level":"info","message":"⌛ Validating enemigos.wlk","timeElapsed":148,"timestamp":"2025-07-05T23:23:31.694Z"}
{"level":"info","message":"⌛ Validating enemigos.wlk","timeElapsed":131,"timestamp":"2025-07-05T23:23:31.831Z"}
{"level":"info","message":"⌛ Building environment","timeElapsed":103,"timestamp":"2025-07-05T23:23:31.936Z"}
{"level":"info","message":"⌛ Validating enemigos.wlk","timeElapsed":175,"timestamp":"2025-07-05T23:23:32.112Z"}
{"level":"info","message":"⌛ Building environment","timeElapsed":119,"timestamp":"2025-07-05T23:23:32.232Z"}
{"level":"info","message":"⌛ Building environment","timeElapsed":153,"timestamp":"2025-07-05T23:23:32.388Z"}
{"level":"info","message":"⌛ Building environment","timeElapsed":185,"timestamp":"2025-07-05T23:23:32.573Z"}
{"level":"info","message":"⌛ Building environment","timeElapsed":107,"timestamp":"2025-07-05T23:23:32.699Z"}
{"level":"info","message":"⌛ Building environment","timeElapsed":106,"timestamp":"2025-07-05T23:23:32.807Z"}
{"level":"info","message":"⌛ Validating enemigos.wlk","timeElapsed":165,"timestamp":"2025-07-05T23:23:32.972Z"}
{"level":"info","message":"⌛ Building environment","timeElapsed":101,"timestamp":"2025-07-05T23:23:33.075Z"}
{"level":"info","message":"⌛ Validating enemigos.wlk","timeElapsed":141,"timestamp":"2025-07-05T23:23:33.227Z"}
{"level":"info","message":"⌛ Validating enemigos.wlk","timeElapsed":155,"timestamp":"2025-07-05T23:23:33.382Z"}
{"level":"info","message":"⌛ Validating enemigos.wlk","timeElapsed":156,"timestamp":"2025-07-05T23:23:33.552Z"}
{"level":"info","message":"⌛ Validating enemigos.wlk","timeElapsed":148,"timestamp":"2025-07-05T23:23:33.708Z"}
{"level":"info","message":"⌛ Validating enemigos.wlk","timeElapsed":154,"timestamp":"2025-07-05T23:23:33.866Z"}
{"level":"error","message":"✘ Failed to get type description: Error: Failed to print, found malformed node Failed to print, found malformed node","node":{"compiled":false,"id":"f6391c6d-dbd5-4446-aeac-db8eedd1a1e0","isOverride":false,"metadata":[],"name":"esEnemigo","parameters":[],"problems":[{"code":"malformedMember","sourceMap":{"end":{"column":28,"line":13,"offset":406},"start":{"column":21,"line":13,"offset":399}}}],"scope":{"containerScope":{"containerScope":{"containerScope":{"contributions":{},"includedScopes":[]},"contributions":{},"includedScopes":[{"contributions":{},"includedScopes":[]},{"contributions":{},"includedScopes":[]},{"contributions":{},"includedScopes":[]}]},"contributions":{},"includedScopes":[{"containerScope":{"containerScope":{"contributions":{},"includedScopes":[]},"contributions":{},"includedScopes":[{"contributions":{},"includedScopes":[]},{"contributions":{},"includedScopes":[]},{"contributions":{},"includedScopes":[]},{"contributions":{},"includedScopes":[]},{"contributions":{},"includedScopes":[]},{"contributions":{},"includedScopes":[]},{"contributions":{},"includedScopes":[]},{"contributions":{},"includedScopes":[]},{"contributions":{},"includedScopes":[]}]},"contributions":{},"includedScopes":[{"containerScope":{"containerScope":{"containerScope":{"contributions":{},"includedScopes":[]},"contributions":{},"includedScopes":[]},"contributions":{},"includedScopes":[]},"contributions":{},"includedScopes":[]}]},{"containerScope":{"containerScope":{"containerScope":{"contributions":{},"includedScopes":[]},"contributions":{},"includedScopes":[]},"contributions":{},"includedScopes":[]},"contributions":{},"includedScopes":[]}]},"contributions":{},"includedScopes":[]},"sourceMap":{"end":{"column":28,"line":13,"offset":406},"start":{"column":5,"line":13,"offset":383}}},"stack":"Error: Failed to print, found malformed node\n    at c:\\Users\\joaom\\.vscode\\extensions\\uqbar.wollok-lsp-ide-0.5.2\\out\\server\\src\\server.js:68:3585\n    at jbn (c:\\Users\\joaom\\.vscode\\extensions\\uqbar.wollok-lsp-ide-0.5.2\\out\\server\\src\\server.js:68:3396)\n    at c:\\Users\\joaom\\.vscode\\extensions\\uqbar.wollok-lsp-ide-0.5.2\\out\\server\\src\\server.js:2371:847\n    at c:\\Users\\joaom\\.vscode\\extensions\\uqbar.wollok-lsp-ide-0.5.2\\out\\server\\src\\server.js:2371:8440\n    at c:\\Users\\joaom\\.vscode\\extensions\\uqbar.wollok-lsp-ide-0.5.2\\out\\server\\src\\server.js:37:74770\n    at Ye (c:\\Users\\joaom\\.vscode\\extensions\\uqbar.wollok-lsp-ide-0.5.2\\out\\server\\src\\server.js:7:8527)\n    at Dt (c:\\Users\\joaom\\.vscode\\extensions\\uqbar.wollok-lsp-ide-0.5.2\\out\\server\\src\\server.js:7:6189)\n    at Zi (c:\\Users\\joaom\\.vscode\\extensions\\uqbar.wollok-lsp-ide-0.5.2\\out\\server\\src\\server.js:7:6378)\n    at Immediate._onImmediate (c:\\Users\\joaom\\.vscode\\extensions\\uqbar.wollok-lsp-ide-0.5.2\\out\\server\\src\\server.js:7:6142)\n    at process.processImmediate (node:internal/timers:485:21)","timestamp":"2025-07-05T23:23:33.896Z"}
{"level":"info","message":"⌛ Validating enemigos.wlk","timeElapsed":132,"timestamp":"2025-07-05T23:23:34.030Z"}
{"level":"info","message":"⌛ Validating enemigos.wlk","timeElapsed":137,"timestamp":"2025-07-05T23:23:34.173Z"}
{"level":"info","message":"⌛ Validating enemigos.wlk","timeElapsed":146,"timestamp":"2025-07-05T23:23:34.321Z"}
{"level":"info","message":"⌛ Validating enemigos.wlk","timeElapsed":204,"timestamp":"2025-07-05T23:23:34.525Z"}
{"level":"info","message":"⌛ Building environment","timeElapsed":102,"timestamp":"2025-07-05T23:23:34.634Z"}
{"level":"info","message":"⌛ Validating enemigos.wlk","timeElapsed":185,"timestamp":"2025-07-05T23:23:34.918Z"}
{"level":"info","message":"⌛ Building environment","timeElapsed":249,"timestamp":"2025-07-05T23:23:36.741Z"}
{"level":"info","message":"⌛ Validating main.wpgm","timeElapsed":145,"timestamp":"2025-07-05T23:23:36.897Z"}
{"level":"info","message":"⌛ Building environment","timeElapsed":144,"timestamp":"2025-07-05T23:23:37.193Z"}
{"level":"info","message":"⌛ Validating mana.wlk","timeElapsed":162,"timestamp":"2025-07-05T23:23:37.362Z"}
{"level":"info","message":"⌛ Building environment","timeElapsed":201,"timestamp":"2025-07-05T23:23:38.260Z"}
{"level":"info","message":"⌛ Validating main.wpgm","timeElapsed":208,"timestamp":"2025-07-05T23:23:38.482Z"}
{"level":"info","message":"⌛ Building environment","timeElapsed":158,"timestamp":"2025-07-05T23:23:38.928Z"}
{"level":"info","message":"⌛ Validating bastion.wlk","timeElapsed":152,"timestamp":"2025-07-05T23:23:39.087Z"}
{"level":"info","message":"⌛ Building environment","timeElapsed":155,"timestamp":"2025-07-05T23:23:41.593Z"}
{"level":"info","message":"⌛ Validating arcaneBastion.wlk","timeElapsed":135,"timestamp":"2025-07-05T23:23:41.740Z"}
{"level":"info","message":"⌛ Building environment","timeElapsed":151,"timestamp":"2025-07-05T23:23:43.790Z"}
{"level":"info","message":"⌛ Validating administradorDeOleadas.wlk","timeElapsed":158,"timestamp":"2025-07-05T23:23:43.957Z"}
{"level":"info","message":"⌛ Building environment","timeElapsed":208,"timestamp":"2025-07-05T23:23:51.051Z"}
{"level":"info","message":"⌛ Validating main.wpgm","timeElapsed":221,"timestamp":"2025-07-05T23:23:51.299Z"}
{"level":"info","message":"⌛ Building environment","timeElapsed":120,"timestamp":"2025-07-05T23:23:54.179Z"}
{"level":"info","message":"⌛ Validating mago.wlk","timeElapsed":156,"timestamp":"2025-07-05T23:23:54.336Z"}
{"level":"info","message":"⌛ Building environment","timeElapsed":120,"timestamp":"2025-07-05T23:23:54.538Z"}
{"level":"info","message":"⌛ Building environment","timeElapsed":123,"timestamp":"2025-07-05T23:23:54.696Z"}
{"level":"info","message":"⌛ Validating mago.wlk","timeElapsed":180,"timestamp":"2025-07-05T23:23:54.876Z"}
{"level":"info","message":"⌛ Building environment","timeElapsed":107,"timestamp":"2025-07-05T23:23:54.984Z"}
{"level":"info","message":"⌛ Validating mago.wlk","timeElapsed":156,"timestamp":"2025-07-05T23:23:55.150Z"}
{"level":"info","message":"⌛ Building environment","timeElapsed":138,"timestamp":"2025-07-05T23:23:55.288Z"}
{"level":"info","message":"⌛ Building environment","timeElapsed":112,"timestamp":"2025-07-05T23:23:55.400Z"}
{"level":"info","message":"⌛ Validating mago.wlk","timeElapsed":154,"timestamp":"2025-07-05T23:23:55.556Z"}
{"level":"error","message":"✘ Failed to rebuild document Failed to parse mago.wlk: \n-- PARSING FAILED --------------------------------------------------\n\n  52 |       self.eliminar()\n  53 |       game.removeVisual(colisionActual)\n> 54 |     } \n     |     ^\n  55 |     else {\n  56 |       position.goRight(1)\n\nExpected one of the following: \n\n'@', 'class', 'const', 'describe', 'mixin', 'object', 'only', 'package', 'program', 'test', 'var', '{', EOF, comment, not \"} \r\n    \", whitespace\n","stack":"Error: Failed to parse mago.wlk: \n-- PARSING FAILED --------------------------------------------------\n\n  52 |       self.eliminar()\n  53 |       game.removeVisual(colisionActual)\n> 54 |     } \n     |     ^\n  55 |     else {\n  56 |       position.goRight(1)\n\nExpected one of the following: \n\n'@', 'class', 'const', 'describe', 'mixin', 'object', 'only', 'package', 'program', 'test', 'var', '{', EOF, comment, not \"} \r\n    \", whitespace\n\n    at c:\\Users\\joaom\\.vscode\\extensions\\uqbar.wollok-lsp-ide-0.5.2\\out\\server\\src\\server.js:2326:13026\n    at Array.map (<anonymous>)\n    at D1n (c:\\Users\\joaom\\.vscode\\extensions\\uqbar.wollok-lsp-ide-0.5.2\\out\\server\\src\\server.js:2326:12950)\n    at W2.buildEnvironmentFrom (c:\\Users\\joaom\\.vscode\\extensions\\uqbar.wollok-lsp-ide-0.5.2\\out\\server\\src\\server.js:2371:5254)\n    at W2.updateEnvironmentWith (c:\\Users\\joaom\\.vscode\\extensions\\uqbar.wollok-lsp-ide-0.5.2\\out\\server\\src\\server.js:2371:4989)\n    at GF (c:\\Users\\joaom\\.vscode\\extensions\\uqbar.wollok-lsp-ide-0.5.2\\out\\server\\src\\server.js:2371:7383)\n    at L3.invoke (c:\\Users\\joaom\\.vscode\\extensions\\uqbar.wollok-lsp-ide-0.5.2\\out\\server\\src\\server.js:3:157326)\n    at o.fire (c:\\Users\\joaom\\.vscode\\extensions\\uqbar.wollok-lsp-ide-0.5.2\\out\\server\\src\\server.js:3:158096)\n    at c:\\Users\\joaom\\.vscode\\extensions\\uqbar.wollok-lsp-ide-0.5.2\\out\\server\\src\\server.js:37:57871\n    at Kr (c:\\Users\\joaom\\.vscode\\extensions\\uqbar.wollok-lsp-ide-0.5.2\\out\\server\\src\\server.js:8:1561)","timestamp":"2025-07-05T23:23:55.576Z"}
{"level":"error","message":"✘ Failed to rebuild document Failed to parse mago.wlk: \n-- PARSING FAILED --------------------------------------------------\n\n  52 |       self.eliminar()\n  53 |       game.removeVisual(colisionActual)\n> 54 |     } \n     |     ^\n  55 |     else {\n  56 |       position.goRight(1)\n\nExpected one of the following: \n\n'@', 'class', 'const', 'describe', 'mixin', 'object', 'only', 'package', 'program', 'test', 'var', '{', EOF, comment, not \"} \r\n    \", whitespace\n","stack":"Error: Failed to parse mago.wlk: \n-- PARSING FAILED --------------------------------------------------\n\n  52 |       self.eliminar()\n  53 |       game.removeVisual(colisionActual)\n> 54 |     } \n     |     ^\n  55 |     else {\n  56 |       position.goRight(1)\n\nExpected one of the following: \n\n'@', 'class', 'const', 'describe', 'mixin', 'object', 'only', 'package', 'program', 'test', 'var', '{', EOF, comment, not \"} \r\n    \", whitespace\n\n    at c:\\Users\\joaom\\.vscode\\extensions\\uqbar.wollok-lsp-ide-0.5.2\\out\\server\\src\\server.js:2326:13026\n    at Array.map (<anonymous>)\n    at D1n (c:\\Users\\joaom\\.vscode\\extensions\\uqbar.wollok-lsp-ide-0.5.2\\out\\server\\src\\server.js:2326:12950)\n    at W2.buildEnvironmentFrom (c:\\Users\\joaom\\.vscode\\extensions\\uqbar.wollok-lsp-ide-0.5.2\\out\\server\\src\\server.js:2371:5254)\n    at W2.updateEnvironmentWith (c:\\Users\\joaom\\.vscode\\extensions\\uqbar.wollok-lsp-ide-0.5.2\\out\\server\\src\\server.js:2371:4989)\n    at GF (c:\\Users\\joaom\\.vscode\\extensions\\uqbar.wollok-lsp-ide-0.5.2\\out\\server\\src\\server.js:2371:7383)\n    at L3.invoke (c:\\Users\\joaom\\.vscode\\extensions\\uqbar.wollok-lsp-ide-0.5.2\\out\\server\\src\\server.js:3:157326)\n    at o.fire (c:\\Users\\joaom\\.vscode\\extensions\\uqbar.wollok-lsp-ide-0.5.2\\out\\server\\src\\server.js:3:158096)\n    at c:\\Users\\joaom\\.vscode\\extensions\\uqbar.wollok-lsp-ide-0.5.2\\out\\server\\src\\server.js:37:57871\n    at Kr (c:\\Users\\joaom\\.vscode\\extensions\\uqbar.wollok-lsp-ide-0.5.2\\out\\server\\src\\server.js:8:1561)","timestamp":"2025-07-05T23:23:55.598Z"}
{"level":"info","message":"⌛ Building environment","timeElapsed":124,"timestamp":"2025-07-05T23:23:55.724Z"}
{"level":"info","message":"⌛ Validating mago.wlk","timeElapsed":139,"timestamp":"2025-07-05T23:23:55.863Z"}
{"level":"info","message":"⌛ Building environment","timeElapsed":175,"timestamp":"2025-07-05T23:23:56.039Z"}
{"level":"info","message":"⌛ Validating mago.wlk","timeElapsed":142,"timestamp":"2025-07-05T23:23:56.223Z"}
{"level":"info","message":"⌛ Building environment","timeElapsed":177,"timestamp":"2025-07-05T23:23:56.409Z"}
{"level":"info","message":"⌛ Building environment","timeElapsed":140,"timestamp":"2025-07-05T23:23:56.550Z"}
{"level":"info","message":"⌛ Validating mago.wlk","timeElapsed":192,"timestamp":"2025-07-05T23:23:56.744Z"}
{"level":"info","message":"⌛ Building environment","timeElapsed":201,"timestamp":"2025-07-05T23:23:56.953Z"}
{"level":"info","message":"⌛ Validating mago.wlk","timeElapsed":178,"timestamp":"2025-07-05T23:23:57.131Z"}
{"level":"info","message":"⌛ Building environment","timeElapsed":104,"timestamp":"2025-07-05T23:23:57.238Z"}
{"level":"info","message":"⌛ Building environment","timeElapsed":112,"timestamp":"2025-07-05T23:23:57.359Z"}
{"level":"info","message":"⌛ Validating mago.wlk","timeElapsed":160,"timestamp":"2025-07-05T23:23:57.554Z"}
{"level":"info","message":"⌛ Building environment","timeElapsed":112,"timestamp":"2025-07-05T23:23:57.666Z"}
{"level":"info","message":"⌛ Validating mago.wlk","timeElapsed":160,"timestamp":"2025-07-05T23:23:57.840Z"}
{"level":"info","message":"⌛ Building environment","timeElapsed":106,"timestamp":"2025-07-05T23:23:57.947Z"}
{"level":"info","message":"⌛ Building environment","timeElapsed":160,"timestamp":"2025-07-05T23:23:58.108Z"}
{"level":"info","message":"⌛ Validating mago.wlk","timeElapsed":141,"timestamp":"2025-07-05T23:23:58.359Z"}
{"level":"info","message":"⌛ Building environment","timeElapsed":112,"timestamp":"2025-07-05T23:23:58.472Z"}
{"level":"info","message":"⌛ Building environment","timeElapsed":105,"timestamp":"2025-07-05T23:23:58.577Z"}
{"level":"info","message":"⌛ Validating mago.wlk","timeElapsed":150,"timestamp":"2025-07-05T23:23:58.729Z"}
{"level":"info","message":"⌛ Building environment","timeElapsed":110,"timestamp":"2025-07-05T23:23:58.845Z"}
{"level":"info","message":"⌛ Validating mago.wlk","timeElapsed":128,"timestamp":"2025-07-05T23:23:58.974Z"}
{"level":"info","message":"⌛ Validating mago.wlk","timeElapsed":144,"timestamp":"2025-07-05T23:23:59.127Z"}
{"level":"info","message":"⌛ Building environment","timeElapsed":104,"timestamp":"2025-07-05T23:23:59.333Z"}
{"level":"info","message":"⌛ Validating mago.wlk","timeElapsed":148,"timestamp":"2025-07-05T23:23:59.497Z"}
{"level":"info","message":"⌛ Validating mago.wlk","timeElapsed":141,"timestamp":"2025-07-05T23:23:59.638Z"}
{"level":"info","message":"⌛ Validating mago.wlk","timeElapsed":148,"timestamp":"2025-07-05T23:23:59.801Z"}
{"level":"info","message":"⌛ Validating mago.wlk","timeElapsed":156,"timestamp":"2025-07-05T23:23:59.958Z"}
{"level":"info","message":"⌛ Validating mago.wlk","timeElapsed":182,"timestamp":"2025-07-05T23:24:00.141Z"}
{"level":"info","message":"⌛ Building environment","timeElapsed":105,"timestamp":"2025-07-05T23:24:00.247Z"}
{"level":"info","message":"⌛ Validating mago.wlk","timeElapsed":143,"timestamp":"2025-07-05T23:24:00.390Z"}
{"level":"error","message":"✘ Failed to rebuild document Failed to parse mago.wlk: \n-- PARSING FAILED --------------------------------------------------\n\n  52 |       self.eliminar()\n  53 |       game.removeVisual(colisionActual)\n> 54 |     } \n     |     ^\n  55 |     else {\n  56 |       position.goRight(1)\n\nExpected one of the following: \n\n'@', 'class', 'const', 'describe', 'mixin', 'object', 'only', 'package', 'program', 'test', 'var', '{', EOF, comment, not \"} \r\n    \", whitespace\n","stack":"Error: Failed to parse mago.wlk: \n-- PARSING FAILED --------------------------------------------------\n\n  52 |       self.eliminar()\n  53 |       game.removeVisual(colisionActual)\n> 54 |     } \n     |     ^\n  55 |     else {\n  56 |       position.goRight(1)\n\nExpected one of the following: \n\n'@', 'class', 'const', 'describe', 'mixin', 'object', 'only', 'package', 'program', 'test', 'var', '{', EOF, comment, not \"} \r\n    \", whitespace\n\n    at c:\\Users\\joaom\\.vscode\\extensions\\uqbar.wollok-lsp-ide-0.5.2\\out\\server\\src\\server.js:2326:13026\n    at Array.map (<anonymous>)\n    at D1n (c:\\Users\\joaom\\.vscode\\extensions\\uqbar.wollok-lsp-ide-0.5.2\\out\\server\\src\\server.js:2326:12950)\n    at W2.buildEnvironmentFrom (c:\\Users\\joaom\\.vscode\\extensions\\uqbar.wollok-lsp-ide-0.5.2\\out\\server\\src\\server.js:2371:5254)\n    at W2.updateEnvironmentWith (c:\\Users\\joaom\\.vscode\\extensions\\uqbar.wollok-lsp-ide-0.5.2\\out\\server\\src\\server.js:2371:4989)\n    at GF (c:\\Users\\joaom\\.vscode\\extensions\\uqbar.wollok-lsp-ide-0.5.2\\out\\server\\src\\server.js:2371:7383)\n    at L3.invoke (c:\\Users\\joaom\\.vscode\\extensions\\uqbar.wollok-lsp-ide-0.5.2\\out\\server\\src\\server.js:3:157326)\n    at o.fire (c:\\Users\\joaom\\.vscode\\extensions\\uqbar.wollok-lsp-ide-0.5.2\\out\\server\\src\\server.js:3:158096)\n    at c:\\Users\\joaom\\.vscode\\extensions\\uqbar.wollok-lsp-ide-0.5.2\\out\\server\\src\\server.js:37:57871\n    at Kr (c:\\Users\\joaom\\.vscode\\extensions\\uqbar.wollok-lsp-ide-0.5.2\\out\\server\\src\\server.js:8:1561)","timestamp":"2025-07-05T23:24:00.466Z"}
{"level":"info","message":"⌛ Validating mago.wlk","timeElapsed":163,"timestamp":"2025-07-05T23:24:00.630Z"}
{"level":"error","message":"✘ Failed to rebuild document Failed to parse mago.wlk: \n-- PARSING FAILED --------------------------------------------------\n\n  52 |       self.eliminar()\n  53 |       game.removeVisual(colisionActual)\n> 54 |     } \n     |     ^\n  55 |     else {\n  56 |       position.goRight(1)\n\nExpected one of the following: \n\n'@', 'class', 'const', 'describe', 'mixin', 'object', 'only', 'package', 'program', 'test', 'var', '{', EOF, comment, not \"} \r\n    \", whitespace\n","stack":"Error: Failed to parse mago.wlk: \n-- PARSING FAILED --------------------------------------------------\n\n  52 |       self.eliminar()\n  53 |       game.removeVisual(colisionActual)\n> 54 |     } \n     |     ^\n  55 |     else {\n  56 |       position.goRight(1)\n\nExpected one of the following: \n\n'@', 'class', 'const', 'describe', 'mixin', 'object', 'only', 'package', 'program', 'test', 'var', '{', EOF, comment, not \"} \r\n    \", whitespace\n\n    at c:\\Users\\joaom\\.vscode\\extensions\\uqbar.wollok-lsp-ide-0.5.2\\out\\server\\src\\server.js:2326:13026\n    at Array.map (<anonymous>)\n    at D1n (c:\\Users\\joaom\\.vscode\\extensions\\uqbar.wollok-lsp-ide-0.5.2\\out\\server\\src\\server.js:2326:12950)\n    at W2.buildEnvironmentFrom (c:\\Users\\joaom\\.vscode\\extensions\\uqbar.wollok-lsp-ide-0.5.2\\out\\server\\src\\server.js:2371:5254)\n    at W2.updateEnvironmentWith (c:\\Users\\joaom\\.vscode\\extensions\\uqbar.wollok-lsp-ide-0.5.2\\out\\server\\src\\server.js:2371:4989)\n    at GF (c:\\Users\\joaom\\.vscode\\extensions\\uqbar.wollok-lsp-ide-0.5.2\\out\\server\\src\\server.js:2371:7383)\n    at L3.invoke (c:\\Users\\joaom\\.vscode\\extensions\\uqbar.wollok-lsp-ide-0.5.2\\out\\server\\src\\server.js:3:157326)\n    at o.fire (c:\\Users\\joaom\\.vscode\\extensions\\uqbar.wollok-lsp-ide-0.5.2\\out\\server\\src\\server.js:3:158096)\n    at c:\\Users\\joaom\\.vscode\\extensions\\uqbar.wollok-lsp-ide-0.5.2\\out\\server\\src\\server.js:37:57871\n    at Kr (c:\\Users\\joaom\\.vscode\\extensions\\uqbar.wollok-lsp-ide-0.5.2\\out\\server\\src\\server.js:8:1561)","timestamp":"2025-07-05T23:24:00.648Z"}
{"level":"info","message":"⌛ Validating mago.wlk","timeElapsed":141,"timestamp":"2025-07-05T23:24:00.793Z"}
{"level":"info","message":"⌛ Building environment","timeElapsed":147,"timestamp":"2025-07-05T23:24:00.944Z"}
{"level":"error","message":"✘ Completions for node Return (undefined - mago.wlk) failed: Error: [Return]{44f9a0} at mago.wlk:-- exhausted all cases without a match [Return]{44f9a0} at mago.wlk:-- exhausted all cases without a match","stack":"Error: [Return]{44f9a0} at mago.wlk:-- exhausted all cases without a match\n    at c:\\Users\\joaom\\.vscode\\extensions\\uqbar.wollok-lsp-ide-0.5.2\\out\\server\\src\\server.js:38:6142\n    at C2 (c:\\Users\\joaom\\.vscode\\extensions\\uqbar.wollok-lsp-ide-0.5.2\\out\\server\\src\\server.js:2362:42)\n    at Gh (c:\\Users\\joaom\\.vscode\\extensions\\uqbar.wollok-lsp-ide-0.5.2\\out\\server\\src\\server.js:2362:1092)\n    at l8n (c:\\Users\\joaom\\.vscode\\extensions\\uqbar.wollok-lsp-ide-0.5.2\\out\\server\\src\\server.js:2362:1248)\n    at c:\\Users\\joaom\\.vscode\\extensions\\uqbar.wollok-lsp-ide-0.5.2\\out\\server\\src\\server.js:38:6131\n    at C2 (c:\\Users\\joaom\\.vscode\\extensions\\uqbar.wollok-lsp-ide-0.5.2\\out\\server\\src\\server.js:2362:42)\n    at c:\\Users\\joaom\\.vscode\\extensions\\uqbar.wollok-lsp-ide-0.5.2\\out\\server\\src\\server.js:2362:2988\n    at c:\\Users\\joaom\\.vscode\\extensions\\uqbar.wollok-lsp-ide-0.5.2\\out\\server\\src\\server.js:2371:8440\n    at c:\\Users\\joaom\\.vscode\\extensions\\uqbar.wollok-lsp-ide-0.5.2\\out\\server\\src\\server.js:37:74872\n    at Ye (c:\\Users\\joaom\\.vscode\\extensions\\uqbar.wollok-lsp-ide-0.5.2\\out\\server\\src\\server.js:7:8527)","timestamp":"2025-07-05T23:24:00.985Z"}
{"level":"info","message":"⌛ Building environment","timeElapsed":186,"timestamp":"2025-07-05T23:24:01.176Z"}
{"level":"info","message":"⌛ Building environment","timeElapsed":109,"timestamp":"2025-07-05T23:24:01.286Z"}
{"level":"info","message":"⌛ Building environment","timeElapsed":225,"timestamp":"2025-07-05T23:24:01.533Z"}
{"level":"info","message":"⌛ Building environment","timeElapsed":134,"timestamp":"2025-07-05T23:24:01.669Z"}
{"level":"info","message":"⌛ Validating mago.wlk","timeElapsed":192,"timestamp":"2025-07-05T23:24:01.861Z"}
{"level":"info","message":"⌛ Validating mago.wlk","timeElapsed":149,"timestamp":"2025-07-05T23:24:02.021Z"}
{"level":"info","message":"⌛ Validating mago.wlk","timeElapsed":149,"timestamp":"2025-07-05T23:24:02.176Z"}
{"level":"info","message":"⌛ Validating mago.wlk","timeElapsed":146,"timestamp":"2025-07-05T23:24:02.322Z"}
{"level":"info","message":"⌛ Validating mago.wlk","timeElapsed":147,"timestamp":"2025-07-05T23:24:02.469Z"}
{"level":"info","message":"⌛ Validating mago.wlk","timeElapsed":129,"timestamp":"2025-07-05T23:24:02.602Z"}
{"level":"info","message":"⌛ Building environment","timeElapsed":109,"timestamp":"2025-07-05T23:24:03.551Z"}
{"level":"info","message":"⌛ Validating mago.wlk","timeElapsed":150,"timestamp":"2025-07-05T23:24:03.702Z"}
{"level":"info","message":"⌛ Building environment","timeElapsed":101,"timestamp":"2025-07-05T23:24:04.630Z"}
{"level":"info","message":"⌛ Validating mago.wlk","timeElapsed":144,"timestamp":"2025-07-05T23:24:04.820Z"}
{"level":"info","message":"⌛ Building environment","timeElapsed":134,"timestamp":"2025-07-05T23:24:05.194Z"}
{"level":"info","message":"⌛ Validating mago.wlk","timeElapsed":151,"timestamp":"2025-07-05T23:24:05.346Z"}
{"level":"info","message":"⌛ Building environment","timeElapsed":129,"timestamp":"2025-07-05T23:24:06.762Z"}
{"level":"info","message":"⌛ Building environment","timeElapsed":101,"timestamp":"2025-07-05T23:24:06.864Z"}
{"level":"error","message":"✘ Completions for node Literal ([45:24, 45:29] - mago.wlk) failed: Error: [Literal]{2f7494} at mago.wlk:45 exhausted all cases without a match [Literal]{2f7494} at mago.wlk:45 exhausted all cases without a match","stack":"Error: [Literal]{2f7494} at mago.wlk:45 exhausted all cases without a match\n    at c:\\Users\\joaom\\.vscode\\extensions\\uqbar.wollok-lsp-ide-0.5.2\\out\\server\\src\\server.js:38:6142\n    at C2 (c:\\Users\\joaom\\.vscode\\extensions\\uqbar.wollok-lsp-ide-0.5.2\\out\\server\\src\\server.js:2362:42)\n    at c:\\Users\\joaom\\.vscode\\extensions\\uqbar.wollok-lsp-ide-0.5.2\\out\\server\\src\\server.js:2362:2988\n    at c:\\Users\\joaom\\.vscode\\extensions\\uqbar.wollok-lsp-ide-0.5.2\\out\\server\\src\\server.js:2371:8440\n    at c:\\Users\\joaom\\.vscode\\extensions\\uqbar.wollok-lsp-ide-0.5.2\\out\\server\\src\\server.js:37:74872\n    at Ye (c:\\Users\\joaom\\.vscode\\extensions\\uqbar.wollok-lsp-ide-0.5.2\\out\\server\\src\\server.js:7:8527)\n    at Dt (c:\\Users\\joaom\\.vscode\\extensions\\uqbar.wollok-lsp-ide-0.5.2\\out\\server\\src\\server.js:7:6189)\n    at Zi (c:\\Users\\joaom\\.vscode\\extensions\\uqbar.wollok-lsp-ide-0.5.2\\out\\server\\src\\server.js:7:6378)\n    at Immediate._onImmediate (c:\\Users\\joaom\\.vscode\\extensions\\uqbar.wollok-lsp-ide-0.5.2\\out\\server\\src\\server.js:7:6142)\n    at process.processImmediate (node:internal/timers:485:21)","timestamp":"2025-07-05T23:24:06.906Z"}
{"level":"error","message":"✘ Completions for node Return (undefined - mago.wlk) failed: Error: [Return]{c92dc3} at mago.wlk:-- exhausted all cases without a match [Return]{c92dc3} at mago.wlk:-- exhausted all cases without a match","stack":"Error: [Return]{c92dc3} at mago.wlk:-- exhausted all cases without a match\n    at c:\\Users\\joaom\\.vscode\\extensions\\uqbar.wollok-lsp-ide-0.5.2\\out\\server\\src\\server.js:38:6142\n    at C2 (c:\\Users\\joaom\\.vscode\\extensions\\uqbar.wollok-lsp-ide-0.5.2\\out\\server\\src\\server.js:2362:42)\n    at Gh (c:\\Users\\joaom\\.vscode\\extensions\\uqbar.wollok-lsp-ide-0.5.2\\out\\server\\src\\server.js:2362:1092)\n    at C2 (c:\\Users\\joaom\\.vscode\\extensions\\uqbar.wollok-lsp-ide-0.5.2\\out\\server\\src\\server.js:2362:544)\n    at c:\\Users\\joaom\\.vscode\\extensions\\uqbar.wollok-lsp-ide-0.5.2\\out\\server\\src\\server.js:2362:2988\n    at c:\\Users\\joaom\\.vscode\\extensions\\uqbar.wollok-lsp-ide-0.5.2\\out\\server\\src\\server.js:2371:8440\n    at c:\\Users\\joaom\\.vscode\\extensions\\uqbar.wollok-lsp-ide-0.5.2\\out\\server\\src\\server.js:37:74872\n    at Ye (c:\\Users\\joaom\\.vscode\\extensions\\uqbar.wollok-lsp-ide-0.5.2\\out\\server\\src\\server.js:7:8527)\n    at Dt (c:\\Users\\joaom\\.vscode\\extensions\\uqbar.wollok-lsp-ide-0.5.2\\out\\server\\src\\server.js:7:6189)\n    at Zi (c:\\Users\\joaom\\.vscode\\extensions\\uqbar.wollok-lsp-ide-0.5.2\\out\\server\\src\\server.js:7:6378)","timestamp":"2025-07-05T23:24:06.906Z"}
{"level":"info","message":"⌛ Validating mago.wlk","timeElapsed":151,"timestamp":"2025-07-05T23:24:07.077Z"}
{"level":"info","message":"⌛ Validating mago.wlk","timeElapsed":156,"timestamp":"2025-07-05T23:24:07.234Z"}
{"level":"info","message":"⌛ Building environment","timeElapsed":102,"timestamp":"2025-07-05T23:24:09.544Z"}
{"level":"info","message":"⌛ Validating mago.wlk","timeElapsed":157,"timestamp":"2025-07-05T23:24:09.739Z"}
{"level":"info","message":"⌛ Building environment","timeElapsed":115,"timestamp":"2025-07-05T23:24:09.862Z"}
{"level":"info","message":"⌛ Building environment","timeElapsed":114,"timestamp":"2025-07-05T23:24:09.977Z"}
{"level":"info","message":"⌛ Validating mago.wlk","timeElapsed":149,"timestamp":"2025-07-05T23:24:10.151Z"}
{"level":"info","message":"⌛ Building environment","timeElapsed":120,"timestamp":"2025-07-05T23:24:10.272Z"}
{"level":"info","message":"⌛ Validating mago.wlk","timeElapsed":142,"timestamp":"2025-07-05T23:24:10.415Z"}
{"level":"info","message":"⌛ Validating mago.wlk","timeElapsed":158,"timestamp":"2025-07-05T23:24:10.579Z"}
{"level":"info","message":"⌛ Building environment","timeElapsed":106,"timestamp":"2025-07-05T23:24:10.687Z"}
{"level":"info","message":"⌛ Validating mago.wlk","timeElapsed":168,"timestamp":"2025-07-05T23:24:10.871Z"}
{"level":"info","message":"⌛ Building environment","timeElapsed":209,"timestamp":"2025-07-05T23:24:11.081Z"}
{"level":"info","message":"⌛ Building environment","timeElapsed":108,"timestamp":"2025-07-05T23:24:11.189Z"}
{"level":"info","message":"⌛ Validating mago.wlk","timeElapsed":142,"timestamp":"2025-07-05T23:24:11.385Z"}
{"level":"info","message":"⌛ Validating mago.wlk","timeElapsed":161,"timestamp":"2025-07-05T23:24:11.553Z"}
{"level":"info","message":"⌛ Building environment","timeElapsed":170,"timestamp":"2025-07-05T23:24:11.908Z"}
{"level":"info","message":"⌛ Validating mago.wlk","timeElapsed":165,"timestamp":"2025-07-05T23:24:12.073Z"}
{"level":"info","message":"⌛ Building environment","timeElapsed":104,"timestamp":"2025-07-05T23:24:12.178Z"}
{"level":"info","message":"⌛ Building environment","timeElapsed":110,"timestamp":"2025-07-05T23:24:12.336Z"}
{"level":"info","message":"⌛ Validating mago.wlk","timeElapsed":192,"timestamp":"2025-07-05T23:24:12.529Z"}
{"level":"info","message":"⌛ Building environment","timeElapsed":118,"timestamp":"2025-07-05T23:24:12.648Z"}
{"level":"info","message":"⌛ Validating mago.wlk","timeElapsed":153,"timestamp":"2025-07-05T23:24:12.848Z"}
{"level":"info","message":"⌛ Building environment","timeElapsed":107,"timestamp":"2025-07-05T23:24:12.966Z"}
{"level":"info","message":"⌛ Validating mago.wlk","timeElapsed":148,"timestamp":"2025-07-05T23:24:13.122Z"}
{"level":"info","message":"⌛ Building environment","timeElapsed":104,"timestamp":"2025-07-05T23:24:13.231Z"}
{"level":"info","message":"⌛ Building environment","timeElapsed":138,"timestamp":"2025-07-05T23:24:13.483Z"}
{"level":"info","message":"⌛ Validating mago.wlk","timeElapsed":175,"timestamp":"2025-07-05T23:24:13.659Z"}
{"level":"info","message":"⌛ Validating mago.wlk","timeElapsed":165,"timestamp":"2025-07-05T23:24:13.831Z"}
{"level":"info","message":"⌛ Building environment","timeElapsed":106,"timestamp":"2025-07-05T23:24:13.937Z"}
{"level":"info","message":"⌛ Validating mago.wlk","timeElapsed":144,"timestamp":"2025-07-05T23:24:14.103Z"}
{"level":"info","message":"⌛ Validating mago.wlk","timeElapsed":148,"timestamp":"2025-07-05T23:24:14.265Z"}
{"level":"info","message":"⌛ Building environment","timeElapsed":128,"timestamp":"2025-07-05T23:24:14.393Z"}
{"level":"info","message":"⌛ Building environment","timeElapsed":126,"timestamp":"2025-07-05T23:24:14.520Z"}
{"level":"info","message":"⌛ Validating mago.wlk","timeElapsed":160,"timestamp":"2025-07-05T23:24:14.696Z"}
{"level":"info","message":"⌛ Building environment","timeElapsed":126,"timestamp":"2025-07-05T23:24:14.822Z"}
{"level":"info","message":"⌛ Building environment","timeElapsed":114,"timestamp":"2025-07-05T23:24:14.936Z"}
{"level":"error","message":"✘ Completions for node Return (undefined - mago.wlk) failed: Error: [Return]{9659cf} at mago.wlk:-- exhausted all cases without a match [Return]{9659cf} at mago.wlk:-- exhausted all cases without a match","stack":"Error: [Return]{9659cf} at mago.wlk:-- exhausted all cases without a match\n    at c:\\Users\\joaom\\.vscode\\extensions\\uqbar.wollok-lsp-ide-0.5.2\\out\\server\\src\\server.js:38:6142\n    at C2 (c:\\Users\\joaom\\.vscode\\extensions\\uqbar.wollok-lsp-ide-0.5.2\\out\\server\\src\\server.js:2362:42)\n    at Gh (c:\\Users\\joaom\\.vscode\\extensions\\uqbar.wollok-lsp-ide-0.5.2\\out\\server\\src\\server.js:2362:1092)\n    at l8n (c:\\Users\\joaom\\.vscode\\extensions\\uqbar.wollok-lsp-ide-0.5.2\\out\\server\\src\\server.js:2362:1248)\n    at c:\\Users\\joaom\\.vscode\\extensions\\uqbar.wollok-lsp-ide-0.5.2\\out\\server\\src\\server.js:38:6131\n    at C2 (c:\\Users\\joaom\\.vscode\\extensions\\uqbar.wollok-lsp-ide-0.5.2\\out\\server\\src\\server.js:2362:42)\n    at c:\\Users\\joaom\\.vscode\\extensions\\uqbar.wollok-lsp-ide-0.5.2\\out\\server\\src\\server.js:2362:2988\n    at c:\\Users\\joaom\\.vscode\\extensions\\uqbar.wollok-lsp-ide-0.5.2\\out\\server\\src\\server.js:2371:8440\n    at c:\\Users\\joaom\\.vscode\\extensions\\uqbar.wollok-lsp-ide-0.5.2\\out\\server\\src\\server.js:37:74872\n    at Ye (c:\\Users\\joaom\\.vscode\\extensions\\uqbar.wollok-lsp-ide-0.5.2\\out\\server\\src\\server.js:7:8527)","timestamp":"2025-07-05T23:24:14.977Z"}
{"level":"info","message":"⌛ Validating mago.wlk","timeElapsed":157,"timestamp":"2025-07-05T23:24:15.149Z"}
{"level":"info","message":"⌛ Building environment","timeElapsed":145,"timestamp":"2025-07-05T23:24:15.295Z"}
{"level":"info","message":"⌛ Building environment","timeElapsed":106,"timestamp":"2025-07-05T23:24:15.402Z"}
{"level":"info","message":"⌛ Building environment","timeElapsed":111,"timestamp":"2025-07-05T23:24:15.513Z"}
{"level":"info","message":"⌛ Validating mago.wlk","timeElapsed":167,"timestamp":"2025-07-05T23:24:15.696Z"}
{"level":"info","message":"⌛ Building environment","timeElapsed":113,"timestamp":"2025-07-05T23:24:15.809Z"}
{"level":"info","message":"⌛ Validating mago.wlk","timeElapsed":188,"timestamp":"2025-07-05T23:24:15.998Z"}
{"level":"info","message":"⌛ Validating mago.wlk","timeElapsed":167,"timestamp":"2025-07-05T23:24:16.182Z"}
{"level":"info","message":"⌛ Validating mago.wlk","timeElapsed":136,"timestamp":"2025-07-05T23:24:16.319Z"}
{"level":"info","message":"⌛ Validating mago.wlk","timeElapsed":147,"timestamp":"2025-07-05T23:24:16.476Z"}
{"level":"info","message":"⌛ Validating mago.wlk","timeElapsed":142,"timestamp":"2025-07-05T23:24:16.618Z"}
{"level":"info","message":"⌛ Building environment","timeElapsed":122,"timestamp":"2025-07-05T23:24:23.061Z"}
{"level":"error","message":"✘ Completions for node If ([37:13, 40:14] - administradorDeHechizos.wlk) failed: Error: [If]{a42ffe} at administradorDeHechizos.wlk:37 exhausted all cases without a match [If]{a42ffe} at administradorDeHechizos.wlk:37 exhausted all cases without a match","stack":"Error: [If]{a42ffe} at administradorDeHechizos.wlk:37 exhausted all cases without a match\n    at c:\\Users\\joaom\\.vscode\\extensions\\uqbar.wollok-lsp-ide-0.5.2\\out\\server\\src\\server.js:38:6142\n    at C2 (c:\\Users\\joaom\\.vscode\\extensions\\uqbar.wollok-lsp-ide-0.5.2\\out\\server\\src\\server.js:2362:42)\n    at Gh (c:\\Users\\joaom\\.vscode\\extensions\\uqbar.wollok-lsp-ide-0.5.2\\out\\server\\src\\server.js:2362:1092)\n    at l8n (c:\\Users\\joaom\\.vscode\\extensions\\uqbar.wollok-lsp-ide-0.5.2\\out\\server\\src\\server.js:2362:1248)\n    at c:\\Users\\joaom\\.vscode\\extensions\\uqbar.wollok-lsp-ide-0.5.2\\out\\server\\src\\server.js:38:6131\n    at C2 (c:\\Users\\joaom\\.vscode\\extensions\\uqbar.wollok-lsp-ide-0.5.2\\out\\server\\src\\server.js:2362:42)\n    at c:\\Users\\joaom\\.vscode\\extensions\\uqbar.wollok-lsp-ide-0.5.2\\out\\server\\src\\server.js:2362:2988\n    at c:\\Users\\joaom\\.vscode\\extensions\\uqbar.wollok-lsp-ide-0.5.2\\out\\server\\src\\server.js:2371:8440\n    at c:\\Users\\joaom\\.vscode\\extensions\\uqbar.wollok-lsp-ide-0.5.2\\out\\server\\src\\server.js:37:74872\n    at Ye (c:\\Users\\joaom\\.vscode\\extensions\\uqbar.wollok-lsp-ide-0.5.2\\out\\server\\src\\server.js:7:8527)","timestamp":"2025-07-05T23:24:23.112Z"}
{"level":"info","message":"⌛ Building environment","timeElapsed":128,"timestamp":"2025-07-05T23:24:23.244Z"}
{"level":"info","message":"⌛ Validating administradorDeHechizos.wlk","timeElapsed":144,"timestamp":"2025-07-05T23:24:23.388Z"}
{"level":"info","message":"⌛ Validating administradorDeHechizos.wlk","timeElapsed":144,"timestamp":"2025-07-05T23:24:23.543Z"}
{"level":"info","message":"⌛ Validating administradorDeHechizos.wlk","timeElapsed":149,"timestamp":"2025-07-05T23:24:24.796Z"}
{"level":"error","message":"✘ Completions for node If ([37:13, 40:14] - administradorDeHechizos.wlk) failed: Error: [If]{fee2f1} at administradorDeHechizos.wlk:37 exhausted all cases without a match [If]{fee2f1} at administradorDeHechizos.wlk:37 exhausted all cases without a match","stack":"Error: [If]{fee2f1} at administradorDeHechizos.wlk:37 exhausted all cases without a match\n    at c:\\Users\\joaom\\.vscode\\extensions\\uqbar.wollok-lsp-ide-0.5.2\\out\\server\\src\\server.js:38:6142\n    at C2 (c:\\Users\\joaom\\.vscode\\extensions\\uqbar.wollok-lsp-ide-0.5.2\\out\\server\\src\\server.js:2362:42)\n    at Gh (c:\\Users\\joaom\\.vscode\\extensions\\uqbar.wollok-lsp-ide-0.5.2\\out\\server\\src\\server.js:2362:1092)\n    at l8n (c:\\Users\\joaom\\.vscode\\extensions\\uqbar.wollok-lsp-ide-0.5.2\\out\\server\\src\\server.js:2362:1248)\n    at c:\\Users\\joaom\\.vscode\\extensions\\uqbar.wollok-lsp-ide-0.5.2\\out\\server\\src\\server.js:38:6131\n    at C2 (c:\\Users\\joaom\\.vscode\\extensions\\uqbar.wollok-lsp-ide-0.5.2\\out\\server\\src\\server.js:2362:42)\n    at c:\\Users\\joaom\\.vscode\\extensions\\uqbar.wollok-lsp-ide-0.5.2\\out\\server\\src\\server.js:2362:2988\n    at c:\\Users\\joaom\\.vscode\\extensions\\uqbar.wollok-lsp-ide-0.5.2\\out\\server\\src\\server.js:2371:8440\n    at c:\\Users\\joaom\\.vscode\\extensions\\uqbar.wollok-lsp-ide-0.5.2\\out\\server\\src\\server.js:37:74872\n    at Ye (c:\\Users\\joaom\\.vscode\\extensions\\uqbar.wollok-lsp-ide-0.5.2\\out\\server\\src\\server.js:7:8527)","timestamp":"2025-07-05T23:24:25.049Z"}
{"level":"info","message":"⌛ Validating administradorDeHechizos.wlk","timeElapsed":140,"timestamp":"2025-07-05T23:24:25.194Z"}
{"level":"info","message":"⌛ Building environment","timeElapsed":168,"timestamp":"2025-07-05T23:24:25.362Z"}
{"level":"error","message":"✘ Completions for node If ([37:13, 40:14] - administradorDeHechizos.wlk) failed: Error: [If]{54e52b} at administradorDeHechizos.wlk:37 exhausted all cases without a match [If]{54e52b} at administradorDeHechizos.wlk:37 exhausted all cases without a match","stack":"Error: [If]{54e52b} at administradorDeHechizos.wlk:37 exhausted all cases without a match\n    at c:\\Users\\joaom\\.vscode\\extensions\\uqbar.wollok-lsp-ide-0.5.2\\out\\server\\src\\server.js:38:6142\n    at C2 (c:\\Users\\joaom\\.vscode\\extensions\\uqbar.wollok-lsp-ide-0.5.2\\out\\server\\src\\server.js:2362:42)\n    at Gh (c:\\Users\\joaom\\.vscode\\extensions\\uqbar.wollok-lsp-ide-0.5.2\\out\\server\\src\\server.js:2362:1092)\n    at l8n (c:\\Users\\joaom\\.vscode\\extensions\\uqbar.wollok-lsp-ide-0.5.2\\out\\server\\src\\server.js:2362:1248)\n    at c:\\Users\\joaom\\.vscode\\extensions\\uqbar.wollok-lsp-ide-0.5.2\\out\\server\\src\\server.js:38:6131\n    at C2 (c:\\Users\\joaom\\.vscode\\extensions\\uqbar.wollok-lsp-ide-0.5.2\\out\\server\\src\\server.js:2362:42)\n    at c:\\Users\\joaom\\.vscode\\extensions\\uqbar.wollok-lsp-ide-0.5.2\\out\\server\\src\\server.js:2362:2988\n    at c:\\Users\\joaom\\.vscode\\extensions\\uqbar.wollok-lsp-ide-0.5.2\\out\\server\\src\\server.js:2371:8440\n    at c:\\Users\\joaom\\.vscode\\extensions\\uqbar.wollok-lsp-ide-0.5.2\\out\\server\\src\\server.js:37:74872\n    at Ye (c:\\Users\\joaom\\.vscode\\extensions\\uqbar.wollok-lsp-ide-0.5.2\\out\\server\\src\\server.js:7:8527)","timestamp":"2025-07-05T23:24:25.401Z"}
{"level":"info","message":"⌛ Building environment","timeElapsed":102,"timestamp":"2025-07-05T23:24:25.509Z"}
{"level":"error","message":"✘ Completions for node If ([37:13, 40:14] - administradorDeHechizos.wlk) failed: Error: [If]{e9793d} at administradorDeHechizos.wlk:37 exhausted all cases without a match [If]{e9793d} at administradorDeHechizos.wlk:37 exhausted all cases without a match","stack":"Error: [If]{e9793d} at administradorDeHechizos.wlk:37 exhausted all cases without a match\n    at c:\\Users\\joaom\\.vscode\\extensions\\uqbar.wollok-lsp-ide-0.5.2\\out\\server\\src\\server.js:38:6142\n    at C2 (c:\\Users\\joaom\\.vscode\\extensions\\uqbar.wollok-lsp-ide-0.5.2\\out\\server\\src\\server.js:2362:42)\n    at Gh (c:\\Users\\joaom\\.vscode\\extensions\\uqbar.wollok-lsp-ide-0.5.2\\out\\server\\src\\server.js:2362:1092)\n    at l8n (c:\\Users\\joaom\\.vscode\\extensions\\uqbar.wollok-lsp-ide-0.5.2\\out\\server\\src\\server.js:2362:1248)\n    at c:\\Users\\joaom\\.vscode\\extensions\\uqbar.wollok-lsp-ide-0.5.2\\out\\server\\src\\server.js:38:6131\n    at C2 (c:\\Users\\joaom\\.vscode\\extensions\\uqbar.wollok-lsp-ide-0.5.2\\out\\server\\src\\server.js:2362:42)\n    at c:\\Users\\joaom\\.vscode\\extensions\\uqbar.wollok-lsp-ide-0.5.2\\out\\server\\src\\server.js:2362:2988\n    at c:\\Users\\joaom\\.vscode\\extensions\\uqbar.wollok-lsp-ide-0.5.2\\out\\server\\src\\server.js:2371:8440\n    at c:\\Users\\joaom\\.vscode\\extensions\\uqbar.wollok-lsp-ide-0.5.2\\out\\server\\src\\server.js:37:74872\n    at Ye (c:\\Users\\joaom\\.vscode\\extensions\\uqbar.wollok-lsp-ide-0.5.2\\out\\server\\src\\server.js:7:8527)","timestamp":"2025-07-05T23:24:25.553Z"}
{"level":"info","message":"⌛ Building environment","timeElapsed":113,"timestamp":"2025-07-05T23:24:25.686Z"}
{"level":"info","message":"⌛ Validating administradorDeHechizos.wlk","timeElapsed":198,"timestamp":"2025-07-05T23:24:25.885Z"}
{"level":"info","message":"⌛ Validating administradorDeHechizos.wlk","timeElapsed":137,"timestamp":"2025-07-05T23:24:26.023Z"}
{"level":"info","message":"⌛ Building environment","timeElapsed":141,"timestamp":"2025-07-05T23:24:26.184Z"}
{"level":"error","message":"✘ Completions for node If ([37:13, 40:14] - administradorDeHechizos.wlk) failed: Error: [If]{385dca} at administradorDeHechizos.wlk:37 exhausted all cases without a match [If]{385dca} at administradorDeHechizos.wlk:37 exhausted all cases without a match","stack":"Error: [If]{385dca} at administradorDeHechizos.wlk:37 exhausted all cases without a match\n    at c:\\Users\\joaom\\.vscode\\extensions\\uqbar.wollok-lsp-ide-0.5.2\\out\\server\\src\\server.js:38:6142\n    at C2 (c:\\Users\\joaom\\.vscode\\extensions\\uqbar.wollok-lsp-ide-0.5.2\\out\\server\\src\\server.js:2362:42)\n    at Gh (c:\\Users\\joaom\\.vscode\\extensions\\uqbar.wollok-lsp-ide-0.5.2\\out\\server\\src\\server.js:2362:1092)\n    at l8n (c:\\Users\\joaom\\.vscode\\extensions\\uqbar.wollok-lsp-ide-0.5.2\\out\\server\\src\\server.js:2362:1248)\n    at c:\\Users\\joaom\\.vscode\\extensions\\uqbar.wollok-lsp-ide-0.5.2\\out\\server\\src\\server.js:38:6131\n    at C2 (c:\\Users\\joaom\\.vscode\\extensions\\uqbar.wollok-lsp-ide-0.5.2\\out\\server\\src\\server.js:2362:42)\n    at c:\\Users\\joaom\\.vscode\\extensions\\uqbar.wollok-lsp-ide-0.5.2\\out\\server\\src\\server.js:2362:2988\n    at c:\\Users\\joaom\\.vscode\\extensions\\uqbar.wollok-lsp-ide-0.5.2\\out\\server\\src\\server.js:2371:8440\n    at c:\\Users\\joaom\\.vscode\\extensions\\uqbar.wollok-lsp-ide-0.5.2\\out\\server\\src\\server.js:37:74872\n    at Ye (c:\\Users\\joaom\\.vscode\\extensions\\uqbar.wollok-lsp-ide-0.5.2\\out\\server\\src\\server.js:7:8527)","timestamp":"2025-07-05T23:24:26.298Z"}
{"level":"info","message":"⌛ Autocomplete - Reference","timeElapsed":107,"timestamp":"2025-07-05T23:24:26.321Z"}
{"level":"info","message":"⌛ Building environment","timeElapsed":118,"timestamp":"2025-07-05T23:24:26.439Z"}
{"level":"info","message":"⌛ Validating administradorDeHechizos.wlk","timeElapsed":146,"timestamp":"2025-07-05T23:24:26.587Z"}
{"level":"info","message":"⌛ Building environment","timeElapsed":130,"timestamp":"2025-07-05T23:24:26.808Z"}
{"level":"info","message":"⌛ Validating administradorDeHechizos.wlk","timeElapsed":143,"timestamp":"2025-07-05T23:24:27.052Z"}
{"level":"info","message":"⌛ Validating administradorDeHechizos.wlk","timeElapsed":154,"timestamp":"2025-07-05T23:24:27.311Z"}
{"level":"info","message":"⌛ Validating administradorDeHechizos.wlk","timeElapsed":164,"timestamp":"2025-07-05T23:24:27.491Z"}
{"level":"info","message":"⌛ Validating administradorDeHechizos.wlk","timeElapsed":145,"timestamp":"2025-07-05T23:24:27.636Z"}
{"level":"info","message":"⌛ Validating administradorDeHechizos.wlk","timeElapsed":163,"timestamp":"2025-07-05T23:24:27.805Z"}
{"level":"info","message":"⌛ Validating administradorDeHechizos.wlk","timeElapsed":154,"timestamp":"2025-07-05T23:24:27.959Z"}
{"level":"info","message":"⌛ Building environment","timeElapsed":107,"timestamp":"2025-07-05T23:24:28.071Z"}
{"level":"info","message":"⌛ Validating administradorDeHechizos.wlk","timeElapsed":175,"timestamp":"2025-07-05T23:24:28.252Z"}
{"level":"info","message":"⌛ Building environment","timeElapsed":130,"timestamp":"2025-07-05T23:24:33.004Z"}
{"level":"error","message":"✘ Completions for node If ([31:13, 34:14] - administradorDeHechizos.wlk) failed: Error: [If]{24596e} at administradorDeHechizos.wlk:31 exhausted all cases without a match [If]{24596e} at administradorDeHechizos.wlk:31 exhausted all cases without a match","stack":"Error: [If]{24596e} at administradorDeHechizos.wlk:31 exhausted all cases without a match\n    at c:\\Users\\joaom\\.vscode\\extensions\\uqbar.wollok-lsp-ide-0.5.2\\out\\server\\src\\server.js:38:6142\n    at C2 (c:\\Users\\joaom\\.vscode\\extensions\\uqbar.wollok-lsp-ide-0.5.2\\out\\server\\src\\server.js:2362:42)\n    at Gh (c:\\Users\\joaom\\.vscode\\extensions\\uqbar.wollok-lsp-ide-0.5.2\\out\\server\\src\\server.js:2362:1092)\n    at l8n (c:\\Users\\joaom\\.vscode\\extensions\\uqbar.wollok-lsp-ide-0.5.2\\out\\server\\src\\server.js:2362:1248)\n    at c:\\Users\\joaom\\.vscode\\extensions\\uqbar.wollok-lsp-ide-0.5.2\\out\\server\\src\\server.js:38:6131\n    at C2 (c:\\Users\\joaom\\.vscode\\extensions\\uqbar.wollok-lsp-ide-0.5.2\\out\\server\\src\\server.js:2362:42)\n    at c:\\Users\\joaom\\.vscode\\extensions\\uqbar.wollok-lsp-ide-0.5.2\\out\\server\\src\\server.js:2362:2988\n    at c:\\Users\\joaom\\.vscode\\extensions\\uqbar.wollok-lsp-ide-0.5.2\\out\\server\\src\\server.js:2371:8440\n    at c:\\Users\\joaom\\.vscode\\extensions\\uqbar.wollok-lsp-ide-0.5.2\\out\\server\\src\\server.js:37:74872\n    at Ye (c:\\Users\\joaom\\.vscode\\extensions\\uqbar.wollok-lsp-ide-0.5.2\\out\\server\\src\\server.js:7:8527)","timestamp":"2025-07-05T23:24:33.053Z"}
{"level":"info","message":"⌛ Building environment","timeElapsed":107,"timestamp":"2025-07-05T23:24:33.166Z"}
{"level":"info","message":"⌛ Validating administradorDeHechizos.wlk","timeElapsed":144,"timestamp":"2025-07-05T23:24:33.327Z"}
{"level":"info","message":"⌛ Validating administradorDeHechizos.wlk","timeElapsed":165,"timestamp":"2025-07-05T23:24:33.494Z"}
{"level":"info","message":"⌛ Validating administradorDeHechizos.wlk","timeElapsed":167,"timestamp":"2025-07-05T23:24:33.768Z"}
{"level":"info","message":"⌛ Building environment","timeElapsed":162,"timestamp":"2025-07-05T23:24:33.931Z"}
{"level":"error","message":"✘ Completions for node If ([31:13, 34:14] - administradorDeHechizos.wlk) failed: Error: [If]{2fd552} at administradorDeHechizos.wlk:31 exhausted all cases without a match [If]{2fd552} at administradorDeHechizos.wlk:31 exhausted all cases without a match","stack":"Error: [If]{2fd552} at administradorDeHechizos.wlk:31 exhausted all cases without a match\n    at c:\\Users\\joaom\\.vscode\\extensions\\uqbar.wollok-lsp-ide-0.5.2\\out\\server\\src\\server.js:38:6142\n    at C2 (c:\\Users\\joaom\\.vscode\\extensions\\uqbar.wollok-lsp-ide-0.5.2\\out\\server\\src\\server.js:2362:42)\n    at Gh (c:\\Users\\joaom\\.vscode\\extensions\\uqbar.wollok-lsp-ide-0.5.2\\out\\server\\src\\server.js:2362:1092)\n    at l8n (c:\\Users\\joaom\\.vscode\\extensions\\uqbar.wollok-lsp-ide-0.5.2\\out\\server\\src\\server.js:2362:1248)\n    at c:\\Users\\joaom\\.vscode\\extensions\\uqbar.wollok-lsp-ide-0.5.2\\out\\server\\src\\server.js:38:6131\n    at C2 (c:\\Users\\joaom\\.vscode\\extensions\\uqbar.wollok-lsp-ide-0.5.2\\out\\server\\src\\server.js:2362:42)\n    at c:\\Users\\joaom\\.vscode\\extensions\\uqbar.wollok-lsp-ide-0.5.2\\out\\server\\src\\server.js:2362:2988\n    at c:\\Users\\joaom\\.vscode\\extensions\\uqbar.wollok-lsp-ide-0.5.2\\out\\server\\src\\server.js:2371:8440\n    at c:\\Users\\joaom\\.vscode\\extensions\\uqbar.wollok-lsp-ide-0.5.2\\out\\server\\src\\server.js:37:74872\n    at Ye (c:\\Users\\joaom\\.vscode\\extensions\\uqbar.wollok-lsp-ide-0.5.2\\out\\server\\src\\server.js:7:8527)","timestamp":"2025-07-05T23:24:33.973Z"}
{"level":"info","message":"⌛ Building environment","timeElapsed":106,"timestamp":"2025-07-05T23:24:34.083Z"}
{"level":"info","message":"⌛ Validating administradorDeHechizos.wlk","timeElapsed":151,"timestamp":"2025-07-05T23:24:34.353Z"}
{"level":"info","message":"⌛ Building environment","timeElapsed":103,"timestamp":"2025-07-05T23:24:34.456Z"}
{"level":"info","message":"⌛ Validating administradorDeHechizos.wlk","timeElapsed":143,"timestamp":"2025-07-05T23:24:34.602Z"}
{"level":"error","message":"✘ Completions for node If ([31:13, 34:14] - administradorDeHechizos.wlk) failed: Error: [If]{c5b85d} at administradorDeHechizos.wlk:31 exhausted all cases without a match [If]{c5b85d} at administradorDeHechizos.wlk:31 exhausted all cases without a match","stack":"Error: [If]{c5b85d} at administradorDeHechizos.wlk:31 exhausted all cases without a match\n    at c:\\Users\\joaom\\.vscode\\extensions\\uqbar.wollok-lsp-ide-0.5.2\\out\\server\\src\\server.js:38:6142\n    at C2 (c:\\Users\\joaom\\.vscode\\extensions\\uqbar.wollok-lsp-ide-0.5.2\\out\\server\\src\\server.js:2362:42)\n    at Gh (c:\\Users\\joaom\\.vscode\\extensions\\uqbar.wollok-lsp-ide-0.5.2\\out\\server\\src\\server.js:2362:1092)\n    at l8n (c:\\Users\\joaom\\.vscode\\extensions\\uqbar.wollok-lsp-ide-0.5.2\\out\\server\\src\\server.js:2362:1248)\n    at c:\\Users\\joaom\\.vscode\\extensions\\uqbar.wollok-lsp-ide-0.5.2\\out\\server\\src\\server.js:38:6131\n    at C2 (c:\\Users\\joaom\\.vscode\\extensions\\uqbar.wollok-lsp-ide-0.5.2\\out\\server\\src\\server.js:2362:42)\n    at c:\\Users\\joaom\\.vscode\\extensions\\uqbar.wollok-lsp-ide-0.5.2\\out\\server\\src\\server.js:2362:2988\n    at c:\\Users\\joaom\\.vscode\\extensions\\uqbar.wollok-lsp-ide-0.5.2\\out\\server\\src\\server.js:2371:8440\n    at c:\\Users\\joaom\\.vscode\\extensions\\uqbar.wollok-lsp-ide-0.5.2\\out\\server\\src\\server.js:37:74872\n    at Ye (c:\\Users\\joaom\\.vscode\\extensions\\uqbar.wollok-lsp-ide-0.5.2\\out\\server\\src\\server.js:7:8527)","timestamp":"2025-07-05T23:24:34.648Z"}
{"level":"info","message":"⌛ Validating administradorDeHechizos.wlk","timeElapsed":163,"timestamp":"2025-07-05T23:24:34.905Z"}
{"level":"info","message":"⌛ Validating administradorDeHechizos.wlk","timeElapsed":153,"timestamp":"2025-07-05T23:24:35.156Z"}
{"level":"info","message":"⌛ Validating administradorDeHechizos.wlk","timeElapsed":152,"timestamp":"2025-07-05T23:24:35.320Z"}
{"level":"info","message":"⌛ Building environment","timeElapsed":113,"timestamp":"2025-07-05T23:24:35.434Z"}
{"level":"info","message":"⌛ Validating administradorDeHechizos.wlk","timeElapsed":169,"timestamp":"2025-07-05T23:24:35.603Z"}
{"level":"info","message":"⌛ Validating administradorDeHechizos.wlk","timeElapsed":174,"timestamp":"2025-07-05T23:24:35.785Z"}
{"level":"info","message":"⌛ Building environment","timeElapsed":117,"timestamp":"2025-07-05T23:24:41.359Z"}
{"level":"error","message":"✘ Completions for node Parameter ([30:54, 30:55] - administradorDeHechizos.wlk) failed: Error: [Parameter]{5ac345} at administradorDeHechizos.wlk:30 exhausted all cases without a match [Parameter]{5ac345} at administradorDeHechizos.wlk:30 exhausted all cases without a match","stack":"Error: [Parameter]{5ac345} at administradorDeHechizos.wlk:30 exhausted all cases without a match\n    at c:\\Users\\joaom\\.vscode\\extensions\\uqbar.wollok-lsp-ide-0.5.2\\out\\server\\src\\server.js:38:6142\n    at C2 (c:\\Users\\joaom\\.vscode\\extensions\\uqbar.wollok-lsp-ide-0.5.2\\out\\server\\src\\server.js:2362:42)\n    at c:\\Users\\joaom\\.vscode\\extensions\\uqbar.wollok-lsp-ide-0.5.2\\out\\server\\src\\server.js:2362:2988\n    at c:\\Users\\joaom\\.vscode\\extensions\\uqbar.wollok-lsp-ide-0.5.2\\out\\server\\src\\server.js:2371:8440\n    at c:\\Users\\joaom\\.vscode\\extensions\\uqbar.wollok-lsp-ide-0.5.2\\out\\server\\src\\server.js:37:74872\n    at Ye (c:\\Users\\joaom\\.vscode\\extensions\\uqbar.wollok-lsp-ide-0.5.2\\out\\server\\src\\server.js:7:8527)\n    at Dt (c:\\Users\\joaom\\.vscode\\extensions\\uqbar.wollok-lsp-ide-0.5.2\\out\\server\\src\\server.js:7:6189)\n    at Zi (c:\\Users\\joaom\\.vscode\\extensions\\uqbar.wollok-lsp-ide-0.5.2\\out\\server\\src\\server.js:7:6378)\n    at Immediate._onImmediate (c:\\Users\\joaom\\.vscode\\extensions\\uqbar.wollok-lsp-ide-0.5.2\\out\\server\\src\\server.js:7:6142)\n    at process.processImmediate (node:internal/timers:485:21)","timestamp":"2025-07-05T23:24:41.408Z"}
{"level":"info","message":"⌛ Validating administradorDeHechizos.wlk","timeElapsed":175,"timestamp":"2025-07-05T23:24:41.591Z"}
{"level":"info","message":"⌛ Building environment","timeElapsed":111,"timestamp":"2025-07-05T23:24:41.702Z"}
{"level":"info","message":"⌛ Building environment","timeElapsed":129,"timestamp":"2025-07-05T23:24:41.832Z"}
{"level":"info","message":"⌛ Validating administradorDeHechizos.wlk","timeElapsed":177,"timestamp":"2025-07-05T23:24:42.010Z"}
{"level":"info","message":"⌛ Building environment","timeElapsed":113,"timestamp":"2025-07-05T23:24:42.123Z"}
{"level":"info","message":"⌛ Validating administradorDeHechizos.wlk","timeElapsed":173,"timestamp":"2025-07-05T23:24:42.298Z"}
{"level":"info","message":"⌛ Building environment","timeElapsed":108,"timestamp":"2025-07-05T23:24:42.413Z"}
{"level":"info","message":"⌛ Building environment","timeElapsed":144,"timestamp":"2025-07-05T23:24:42.573Z"}
{"level":"info","message":"⌛ Validating administradorDeHechizos.wlk","timeElapsed":193,"timestamp":"2025-07-05T23:24:42.767Z"}
{"level":"info","message":"⌛ Building environment","timeElapsed":102,"timestamp":"2025-07-05T23:24:42.872Z"}
{"level":"info","message":"⌛ Validating administradorDeHechizos.wlk","timeElapsed":178,"timestamp":"2025-07-05T23:24:43.061Z"}
{"level":"info","message":"⌛ Validating administradorDeHechizos.wlk","timeElapsed":180,"timestamp":"2025-07-05T23:24:43.243Z"}
{"level":"info","message":"⌛ Validating administradorDeHechizos.wlk","timeElapsed":157,"timestamp":"2025-07-05T23:24:43.400Z"}
{"exitCode":"SIGHUP","level":"info","message":"👾 Game executed main.ArcaneBastion on c:\\Users\\joaom\\Documents\\asd-main","timeElapsed":149200,"timestamp":"2025-07-05T23:24:48.699Z"}
{"level":"info","message":"🚀 Program executed \u001b[3m\u001b[34mmain.ArcaneBastion\u001b[39m\u001b[23m on \u001b[3m\u001b[34mc:\\Users\\joaom\\Documents\\asd-main\u001b[39m\u001b[23m","ok":true,"timeElapsed":594,"timestamp":"2025-07-05T23:24:51.169Z"}
{"exitCode":"SIGHUP","level":"info","message":"👾 Game executed main.ArcaneBastion on c:\\Users\\joaom\\Documents\\asd-main","timeElapsed":45635,"timestamp":"2025-07-05T23:25:36.208Z"}
{"level":"info","message":"⌛ Building environment","timeElapsed":106,"timestamp":"2025-07-05T23:25:48.637Z"}
{"level":"info","message":"⌛ Validating enemigos.wlk","timeElapsed":112,"timestamp":"2025-07-05T23:25:48.767Z"}
{"level":"info","message":"⌛ Building environment","timeElapsed":134,"timestamp":"2025-07-05T23:25:49.229Z"}
{"level":"info","message":"⌛ Validating enemigos.wlk","timeElapsed":155,"timestamp":"2025-07-05T23:25:49.385Z"}
{"level":"error","message":"✘ Failed to rebuild document Failed to parse enemigos.wlk: \n-- PARSING FAILED --------------------------------------------------\n\nGot the end of the input\n\nExpected one of the following: \n\n'@', 'const', 'method', 'override', 'var', '{', '}', any character/byte, comment, sentence, whitespace\n","stack":"Error: Failed to parse enemigos.wlk: \n-- PARSING FAILED --------------------------------------------------\n\nGot the end of the input\n\nExpected one of the following: \n\n'@', 'const', 'method', 'override', 'var', '{', '}', any character/byte, comment, sentence, whitespace\n\n    at c:\\Users\\joaom\\.vscode\\extensions\\uqbar.wollok-lsp-ide-0.5.2\\out\\server\\src\\server.js:2326:13026\n    at Array.map (<anonymous>)\n    at D1n (c:\\Users\\joaom\\.vscode\\extensions\\uqbar.wollok-lsp-ide-0.5.2\\out\\server\\src\\server.js:2326:12950)\n    at W2.buildEnvironmentFrom (c:\\Users\\joaom\\.vscode\\extensions\\uqbar.wollok-lsp-ide-0.5.2\\out\\server\\src\\server.js:2371:5254)\n    at W2.updateEnvironmentWith (c:\\Users\\joaom\\.vscode\\extensions\\uqbar.wollok-lsp-ide-0.5.2\\out\\server\\src\\server.js:2371:4989)\n    at GF (c:\\Users\\joaom\\.vscode\\extensions\\uqbar.wollok-lsp-ide-0.5.2\\out\\server\\src\\server.js:2371:7383)\n    at L3.invoke (c:\\Users\\joaom\\.vscode\\extensions\\uqbar.wollok-lsp-ide-0.5.2\\out\\server\\src\\server.js:3:157326)\n    at o.fire (c:\\Users\\joaom\\.vscode\\extensions\\uqbar.wollok-lsp-ide-0.5.2\\out\\server\\src\\server.js:3:158096)\n    at c:\\Users\\joaom\\.vscode\\extensions\\uqbar.wollok-lsp-ide-0.5.2\\out\\server\\src\\server.js:37:57871\n    at Kr (c:\\Users\\joaom\\.vscode\\extensions\\uqbar.wollok-lsp-ide-0.5.2\\out\\server\\src\\server.js:8:1561)","timestamp":"2025-07-05T23:25:49.423Z"}
{"level":"error","message":"✘ Failed to rebuild document Failed to parse enemigos.wlk: \n-- PARSING FAILED --------------------------------------------------\n\nGot the end of the input\n\nExpected one of the following: \n\n'@', 'const', 'method', 'override', 'var', '{', '}', any character/byte, comment, sentence, whitespace\n","stack":"Error: Failed to parse enemigos.wlk: \n-- PARSING FAILED --------------------------------------------------\n\nGot the end of the input\n\nExpected one of the following: \n\n'@', 'const', 'method', 'override', 'var', '{', '}', any character/byte, comment, sentence, whitespace\n\n    at c:\\Users\\joaom\\.vscode\\extensions\\uqbar.wollok-lsp-ide-0.5.2\\out\\server\\src\\server.js:2326:13026\n    at Array.map (<anonymous>)\n    at D1n (c:\\Users\\joaom\\.vscode\\extensions\\uqbar.wollok-lsp-ide-0.5.2\\out\\server\\src\\server.js:2326:12950)\n    at W2.buildEnvironmentFrom (c:\\Users\\joaom\\.vscode\\extensions\\uqbar.wollok-lsp-ide-0.5.2\\out\\server\\src\\server.js:2371:5254)\n    at W2.updateEnvironmentWith (c:\\Users\\joaom\\.vscode\\extensions\\uqbar.wollok-lsp-ide-0.5.2\\out\\server\\src\\server.js:2371:4989)\n    at GF (c:\\Users\\joaom\\.vscode\\extensions\\uqbar.wollok-lsp-ide-0.5.2\\out\\server\\src\\server.js:2371:7383)\n    at L3.invoke (c:\\Users\\joaom\\.vscode\\extensions\\uqbar.wollok-lsp-ide-0.5.2\\out\\server\\src\\server.js:3:157326)\n    at o.fire (c:\\Users\\joaom\\.vscode\\extensions\\uqbar.wollok-lsp-ide-0.5.2\\out\\server\\src\\server.js:3:158096)\n    at c:\\Users\\joaom\\.vscode\\extensions\\uqbar.wollok-lsp-ide-0.5.2\\out\\server\\src\\server.js:37:57871\n    at Kr (c:\\Users\\joaom\\.vscode\\extensions\\uqbar.wollok-lsp-ide-0.5.2\\out\\server\\src\\server.js:8:1561)","timestamp":"2025-07-05T23:25:51.648Z"}
{"level":"error","message":"✘ Failed to rebuild document Failed to parse enemigos.wlk: \n-- PARSING FAILED --------------------------------------------------\n\nGot the end of the input\n\nExpected one of the following: \n\n'@', 'const', 'method', 'override', 'var', '{', '}', any character/byte, comment, sentence, whitespace\n","stack":"Error: Failed to parse enemigos.wlk: \n-- PARSING FAILED --------------------------------------------------\n\nGot the end of the input\n\nExpected one of the following: \n\n'@', 'const', 'method', 'override', 'var', '{', '}', any character/byte, comment, sentence, whitespace\n\n    at c:\\Users\\joaom\\.vscode\\extensions\\uqbar.wollok-lsp-ide-0.5.2\\out\\server\\src\\server.js:2326:13026\n    at Array.map (<anonymous>)\n    at D1n (c:\\Users\\joaom\\.vscode\\extensions\\uqbar.wollok-lsp-ide-0.5.2\\out\\server\\src\\server.js:2326:12950)\n    at W2.buildEnvironmentFrom (c:\\Users\\joaom\\.vscode\\extensions\\uqbar.wollok-lsp-ide-0.5.2\\out\\server\\src\\server.js:2371:5254)\n    at W2.updateEnvironmentWith (c:\\Users\\joaom\\.vscode\\extensions\\uqbar.wollok-lsp-ide-0.5.2\\out\\server\\src\\server.js:2371:4989)\n    at GF (c:\\Users\\joaom\\.vscode\\extensions\\uqbar.wollok-lsp-ide-0.5.2\\out\\server\\src\\server.js:2371:7383)\n    at L3.invoke (c:\\Users\\joaom\\.vscode\\extensions\\uqbar.wollok-lsp-ide-0.5.2\\out\\server\\src\\server.js:3:157326)\n    at o.fire (c:\\Users\\joaom\\.vscode\\extensions\\uqbar.wollok-lsp-ide-0.5.2\\out\\server\\src\\server.js:3:158096)\n    at c:\\Users\\joaom\\.vscode\\extensions\\uqbar.wollok-lsp-ide-0.5.2\\out\\server\\src\\server.js:37:57871\n    at Kr (c:\\Users\\joaom\\.vscode\\extensions\\uqbar.wollok-lsp-ide-0.5.2\\out\\server\\src\\server.js:8:1561)","timestamp":"2025-07-05T23:25:52.211Z"}
{"level":"info","message":"⌛ Building environment","timeElapsed":140,"timestamp":"2025-07-05T23:25:52.426Z"}
{"level":"info","message":"⌛ Validating enemigos.wlk","timeElapsed":120,"timestamp":"2025-07-05T23:25:52.547Z"}
{"errors":{"errors":[null,[null,[null,[null,"/*\r\n        if (not self.estaVivo()) {\r\n            score.aumentarScore(self.score())\r\n            self.eliminar()\r\n        }\r\n        */"]]]]},"level":"error","message":"✘ Failed to get type description: Error: {\n  \"errors\": [\n    null,\n    [\n      null,\n      [\n        null,\n        [\n          null,\n          \"/*\\r\\n        if (not self.estaVivo()) {\\r\\n            score.aumentarScore(self.score())\\r\\n            self.eliminar()\\r\\n        }\\r\\n        */\"\n        ]\n      ]\n    ]\n  ]\n} {\n  \"errors\": [\n    null,\n    [\n      null,\n      [\n        null,\n        [\n          null,\n          \"/*\\r\\n        if (not self.estaVivo()) {\\r\\n            score.aumentarScore(self.score())\\r\\n            self.eliminar()\\r\\n        }\\r\\n        */\"\n        ]\n      ]\n    ]\n  ]\n}","stack":"Error: {\n  \"errors\": [\n    null,\n    [\n      null,\n      [\n        null,\n        [\n          null,\n          \"/*\\r\\n        if (not self.estaVivo()) {\\r\\n            score.aumentarScore(self.score())\\r\\n            self.eliminar()\\r\\n        }\\r\\n        */\"\n        ]\n      ]\n    ]\n  ]\n}\n    at pS (c:\\Users\\joaom\\.vscode\\extensions\\uqbar.wollok-lsp-ide-0.5.2\\out\\server\\src\\server.js:64:34609)\n    at G1 (c:\\Users\\joaom\\.vscode\\extensions\\uqbar.wollok-lsp-ide-0.5.2\\out\\server\\src\\server.js:64:34682)\n    at c:\\Users\\joaom\\.vscode\\extensions\\uqbar.wollok-lsp-ide-0.5.2\\out\\server\\src\\server.js:64:37949\n    at o.v1 (c:\\Users\\joaom\\.vscode\\extensions\\uqbar.wollok-lsp-ide-0.5.2\\out\\server\\src\\server.js:57:57694)\n    at c4 (c:\\Users\\joaom\\.vscode\\extensions\\uqbar.wollok-lsp-ide-0.5.2\\out\\server\\src\\server.js:64:37918)\n    at c4 (c:\\Users\\joaom\\.vscode\\extensions\\uqbar.wollok-lsp-ide-0.5.2\\out\\server\\src\\server.js:57:55723)\n    at qbn (c:\\Users\\joaom\\.vscode\\extensions\\uqbar.wollok-lsp-ide-0.5.2\\out\\server\\src\\server.js:68:2842)\n    at c:\\Users\\joaom\\.vscode\\extensions\\uqbar.wollok-lsp-ide-0.5.2\\out\\server\\src\\server.js:68:2432\n    at c:\\Users\\joaom\\.vscode\\extensions\\uqbar.wollok-lsp-ide-0.5.2\\out\\server\\src\\server.js:68:5443\n    at c:\\Users\\joaom\\.vscode\\extensions\\uqbar.wollok-lsp-ide-0.5.2\\out\\server\\src\\server.js:38:6131","timestamp":"2025-07-05T23:25:53.684Z"}
{"level":"info","message":"🚀 Program executed \u001b[3m\u001b[34mmain.ArcaneBastion\u001b[39m\u001b[23m on \u001b[3m\u001b[34mc:\\Users\\joaom\\Documents\\asd-main\u001b[39m\u001b[23m","ok":true,"timeElapsed":567,"timestamp":"2025-07-05T23:26:02.532Z"}
{"errors":{"errors":[null,[null,[null,[null,"/*\r\n        if (not self.estaVivo()) {\r\n            score.aumentarScore(self.score())\r\n            self.eliminar()\r\n        }\r\n        */"]]]]},"level":"error","message":"✘ Failed to get type description: Error: {\n  \"errors\": [\n    null,\n    [\n      null,\n      [\n        null,\n        [\n          null,\n          \"/*\\r\\n        if (not self.estaVivo()) {\\r\\n            score.aumentarScore(self.score())\\r\\n            self.eliminar()\\r\\n        }\\r\\n        */\"\n        ]\n      ]\n    ]\n  ]\n} {\n  \"errors\": [\n    null,\n    [\n      null,\n      [\n        null,\n        [\n          null,\n          \"/*\\r\\n        if (not self.estaVivo()) {\\r\\n            score.aumentarScore(self.score())\\r\\n            self.eliminar()\\r\\n        }\\r\\n        */\"\n        ]\n      ]\n    ]\n  ]\n}","stack":"Error: {\n  \"errors\": [\n    null,\n    [\n      null,\n      [\n        null,\n        [\n          null,\n          \"/*\\r\\n        if (not self.estaVivo()) {\\r\\n            score.aumentarScore(self.score())\\r\\n            self.eliminar()\\r\\n        }\\r\\n        */\"\n        ]\n      ]\n    ]\n  ]\n}\n    at pS (c:\\Users\\joaom\\.vscode\\extensions\\uqbar.wollok-lsp-ide-0.5.2\\out\\server\\src\\server.js:64:34609)\n    at G1 (c:\\Users\\joaom\\.vscode\\extensions\\uqbar.wollok-lsp-ide-0.5.2\\out\\server\\src\\server.js:64:34682)\n    at c:\\Users\\joaom\\.vscode\\extensions\\uqbar.wollok-lsp-ide-0.5.2\\out\\server\\src\\server.js:64:37949\n    at o.v1 (c:\\Users\\joaom\\.vscode\\extensions\\uqbar.wollok-lsp-ide-0.5.2\\out\\server\\src\\server.js:57:57694)\n    at c4 (c:\\Users\\joaom\\.vscode\\extensions\\uqbar.wollok-lsp-ide-0.5.2\\out\\server\\src\\server.js:64:37918)\n    at c4 (c:\\Users\\joaom\\.vscode\\extensions\\uqbar.wollok-lsp-ide-0.5.2\\out\\server\\src\\server.js:57:55723)\n    at qbn (c:\\Users\\joaom\\.vscode\\extensions\\uqbar.wollok-lsp-ide-0.5.2\\out\\server\\src\\server.js:68:2842)\n    at c:\\Users\\joaom\\.vscode\\extensions\\uqbar.wollok-lsp-ide-0.5.2\\out\\server\\src\\server.js:68:2432\n    at c:\\Users\\joaom\\.vscode\\extensions\\uqbar.wollok-lsp-ide-0.5.2\\out\\server\\src\\server.js:68:5443\n    at c:\\Users\\joaom\\.vscode\\extensions\\uqbar.wollok-lsp-ide-0.5.2\\out\\server\\src\\server.js:38:6131","timestamp":"2025-07-05T23:26:10.262Z"}
{"errors":{"errors":[null,[null,[null,[null,"/*\r\n        if (not self.estaVivo()) {\r\n            score.aumentarScore(self.score())\r\n            self.eliminar()\r\n        }\r\n        */"]]]]},"level":"error","message":"✘ Failed to get type description: Error: {\n  \"errors\": [\n    null,\n    [\n      null,\n      [\n        null,\n        [\n          null,\n          \"/*\\r\\n        if (not self.estaVivo()) {\\r\\n            score.aumentarScore(self.score())\\r\\n            self.eliminar()\\r\\n        }\\r\\n        */\"\n        ]\n      ]\n    ]\n  ]\n} {\n  \"errors\": [\n    null,\n    [\n      null,\n      [\n        null,\n        [\n          null,\n          \"/*\\r\\n        if (not self.estaVivo()) {\\r\\n            score.aumentarScore(self.score())\\r\\n            self.eliminar()\\r\\n        }\\r\\n        */\"\n        ]\n      ]\n    ]\n  ]\n}","stack":"Error: {\n  \"errors\": [\n    null,\n    [\n      null,\n      [\n        null,\n        [\n          null,\n          \"/*\\r\\n        if (not self.estaVivo()) {\\r\\n            score.aumentarScore(self.score())\\r\\n            self.eliminar()\\r\\n        }\\r\\n        */\"\n        ]\n      ]\n    ]\n  ]\n}\n    at pS (c:\\Users\\joaom\\.vscode\\extensions\\uqbar.wollok-lsp-ide-0.5.2\\out\\server\\src\\server.js:64:34609)\n    at G1 (c:\\Users\\joaom\\.vscode\\extensions\\uqbar.wollok-lsp-ide-0.5.2\\out\\server\\src\\server.js:64:34682)\n    at c:\\Users\\joaom\\.vscode\\extensions\\uqbar.wollok-lsp-ide-0.5.2\\out\\server\\src\\server.js:64:37949\n    at o.v1 (c:\\Users\\joaom\\.vscode\\extensions\\uqbar.wollok-lsp-ide-0.5.2\\out\\server\\src\\server.js:57:57694)\n    at c4 (c:\\Users\\joaom\\.vscode\\extensions\\uqbar.wollok-lsp-ide-0.5.2\\out\\server\\src\\server.js:64:37918)\n    at c4 (c:\\Users\\joaom\\.vscode\\extensions\\uqbar.wollok-lsp-ide-0.5.2\\out\\server\\src\\server.js:57:55723)\n    at qbn (c:\\Users\\joaom\\.vscode\\extensions\\uqbar.wollok-lsp-ide-0.5.2\\out\\server\\src\\server.js:68:2842)\n    at c:\\Users\\joaom\\.vscode\\extensions\\uqbar.wollok-lsp-ide-0.5.2\\out\\server\\src\\server.js:68:2432\n    at c:\\Users\\joaom\\.vscode\\extensions\\uqbar.wollok-lsp-ide-0.5.2\\out\\server\\src\\server.js:68:5443\n    at c:\\Users\\joaom\\.vscode\\extensions\\uqbar.wollok-lsp-ide-0.5.2\\out\\server\\src\\server.js:38:6131","timestamp":"2025-07-05T23:26:10.671Z"}
{"level":"error","message":"✘ Failed to rebuild document Failed to parse enemigos.wlk: \n-- PARSING FAILED --------------------------------------------------\n\n  43 |         }\n  44 |         */\n> 45 |     }\n     |     ^\n  46 | \n  47 |     method lanzarAtaque() {\n\nExpected one of the following: \n\n'@', 'class', 'const', 'describe', 'mixin', 'object', 'only', 'package', 'program', 'test', 'var', '{', EOF, comment, not \"}\r\n\r\n    \", whitespace\n","stack":"Error: Failed to parse enemigos.wlk: \n-- PARSING FAILED --------------------------------------------------\n\n  43 |         }\n  44 |         */\n> 45 |     }\n     |     ^\n  46 | \n  47 |     method lanzarAtaque() {\n\nExpected one of the following: \n\n'@', 'class', 'const', 'describe', 'mixin', 'object', 'only', 'package', 'program', 'test', 'var', '{', EOF, comment, not \"}\r\n\r\n    \", whitespace\n\n    at c:\\Users\\joaom\\.vscode\\extensions\\uqbar.wollok-lsp-ide-0.5.2\\out\\server\\src\\server.js:2326:13026\n    at Array.map (<anonymous>)\n    at D1n (c:\\Users\\joaom\\.vscode\\extensions\\uqbar.wollok-lsp-ide-0.5.2\\out\\server\\src\\server.js:2326:12950)\n    at W2.buildEnvironmentFrom (c:\\Users\\joaom\\.vscode\\extensions\\uqbar.wollok-lsp-ide-0.5.2\\out\\server\\src\\server.js:2371:5254)\n    at W2.updateEnvironmentWith (c:\\Users\\joaom\\.vscode\\extensions\\uqbar.wollok-lsp-ide-0.5.2\\out\\server\\src\\server.js:2371:4989)\n    at GF (c:\\Users\\joaom\\.vscode\\extensions\\uqbar.wollok-lsp-ide-0.5.2\\out\\server\\src\\server.js:2371:7383)\n    at L3.invoke (c:\\Users\\joaom\\.vscode\\extensions\\uqbar.wollok-lsp-ide-0.5.2\\out\\server\\src\\server.js:3:157326)\n    at o.fire (c:\\Users\\joaom\\.vscode\\extensions\\uqbar.wollok-lsp-ide-0.5.2\\out\\server\\src\\server.js:3:158096)\n    at c:\\Users\\joaom\\.vscode\\extensions\\uqbar.wollok-lsp-ide-0.5.2\\out\\server\\src\\server.js:37:57871\n    at Kr (c:\\Users\\joaom\\.vscode\\extensions\\uqbar.wollok-lsp-ide-0.5.2\\out\\server\\src\\server.js:8:1561)","timestamp":"2025-07-05T23:26:11.660Z"}
{"level":"error","message":"✘ Failed to rebuild document Failed to parse enemigos.wlk: \n-- PARSING FAILED --------------------------------------------------\n\n  43 |         }\n  44 |         */\n> 45 |     }\n     |     ^\n  46 | \n  47 |     method lanzarAtaque() {\n\nExpected one of the following: \n\n'@', 'class', 'const', 'describe', 'mixin', 'object', 'only', 'package', 'program', 'test', 'var', '{', EOF, comment, not \"}\r\n\r\n    \", whitespace\n","stack":"Error: Failed to parse enemigos.wlk: \n-- PARSING FAILED --------------------------------------------------\n\n  43 |         }\n  44 |         */\n> 45 |     }\n     |     ^\n  46 | \n  47 |     method lanzarAtaque() {\n\nExpected one of the following: \n\n'@', 'class', 'const', 'describe', 'mixin', 'object', 'only', 'package', 'program', 'test', 'var', '{', EOF, comment, not \"}\r\n\r\n    \", whitespace\n\n    at c:\\Users\\joaom\\.vscode\\extensions\\uqbar.wollok-lsp-ide-0.5.2\\out\\server\\src\\server.js:2326:13026\n    at Array.map (<anonymous>)\n    at D1n (c:\\Users\\joaom\\.vscode\\extensions\\uqbar.wollok-lsp-ide-0.5.2\\out\\server\\src\\server.js:2326:12950)\n    at W2.buildEnvironmentFrom (c:\\Users\\joaom\\.vscode\\extensions\\uqbar.wollok-lsp-ide-0.5.2\\out\\server\\src\\server.js:2371:5254)\n    at W2.updateEnvironmentWith (c:\\Users\\joaom\\.vscode\\extensions\\uqbar.wollok-lsp-ide-0.5.2\\out\\server\\src\\server.js:2371:4989)\n    at GF (c:\\Users\\joaom\\.vscode\\extensions\\uqbar.wollok-lsp-ide-0.5.2\\out\\server\\src\\server.js:2371:7383)\n    at L3.invoke (c:\\Users\\joaom\\.vscode\\extensions\\uqbar.wollok-lsp-ide-0.5.2\\out\\server\\src\\server.js:3:157326)\n    at o.fire (c:\\Users\\joaom\\.vscode\\extensions\\uqbar.wollok-lsp-ide-0.5.2\\out\\server\\src\\server.js:3:158096)\n    at c:\\Users\\joaom\\.vscode\\extensions\\uqbar.wollok-lsp-ide-0.5.2\\out\\server\\src\\server.js:37:57871\n    at Kr (c:\\Users\\joaom\\.vscode\\extensions\\uqbar.wollok-lsp-ide-0.5.2\\out\\server\\src\\server.js:8:1561)","timestamp":"2025-07-05T23:26:11.811Z"}
{"level":"error","message":"✘ Failed to rebuild document Failed to parse enemigos.wlk: \n-- PARSING FAILED --------------------------------------------------\n\n  43 |         }\n  44 |         */\n> 45 |     }\n     |     ^\n  46 | \n  47 |     method lanzarAtaque() {\n\nExpected one of the following: \n\n'@', 'class', 'const', 'describe', 'mixin', 'object', 'only', 'package', 'program', 'test', 'var', '{', EOF, comment, not \"}\r\n\r\n    \", whitespace\n","stack":"Error: Failed to parse enemigos.wlk: \n-- PARSING FAILED --------------------------------------------------\n\n  43 |         }\n  44 |         */\n> 45 |     }\n     |     ^\n  46 | \n  47 |     method lanzarAtaque() {\n\nExpected one of the following: \n\n'@', 'class', 'const', 'describe', 'mixin', 'object', 'only', 'package', 'program', 'test', 'var', '{', EOF, comment, not \"}\r\n\r\n    \", whitespace\n\n    at c:\\Users\\joaom\\.vscode\\extensions\\uqbar.wollok-lsp-ide-0.5.2\\out\\server\\src\\server.js:2326:13026\n    at Array.map (<anonymous>)\n    at D1n (c:\\Users\\joaom\\.vscode\\extensions\\uqbar.wollok-lsp-ide-0.5.2\\out\\server\\src\\server.js:2326:12950)\n    at W2.buildEnvironmentFrom (c:\\Users\\joaom\\.vscode\\extensions\\uqbar.wollok-lsp-ide-0.5.2\\out\\server\\src\\server.js:2371:5254)\n    at W2.updateEnvironmentWith (c:\\Users\\joaom\\.vscode\\extensions\\uqbar.wollok-lsp-ide-0.5.2\\out\\server\\src\\server.js:2371:4989)\n    at GF (c:\\Users\\joaom\\.vscode\\extensions\\uqbar.wollok-lsp-ide-0.5.2\\out\\server\\src\\server.js:2371:7383)\n    at L3.invoke (c:\\Users\\joaom\\.vscode\\extensions\\uqbar.wollok-lsp-ide-0.5.2\\out\\server\\src\\server.js:3:157326)\n    at o.fire (c:\\Users\\joaom\\.vscode\\extensions\\uqbar.wollok-lsp-ide-0.5.2\\out\\server\\src\\server.js:3:158096)\n    at c:\\Users\\joaom\\.vscode\\extensions\\uqbar.wollok-lsp-ide-0.5.2\\out\\server\\src\\server.js:37:57871\n    at Kr (c:\\Users\\joaom\\.vscode\\extensions\\uqbar.wollok-lsp-ide-0.5.2\\out\\server\\src\\server.js:8:1561)","timestamp":"2025-07-05T23:26:12.044Z"}
{"level":"error","message":"✘ Failed to rebuild document Failed to parse enemigos.wlk: \n-- PARSING FAILED --------------------------------------------------\n\n  43 |         }\n  44 |         */\n> 45 |     }\n     |     ^\n  46 | \n  47 |     method lanzarAtaque() {\n\nExpected one of the following: \n\n'@', 'class', 'const', 'describe', 'mixin', 'object', 'only', 'package', 'program', 'test', 'var', '{', EOF, comment, not \"}\r\n\r\n    \", whitespace\n","stack":"Error: Failed to parse enemigos.wlk: \n-- PARSING FAILED --------------------------------------------------\n\n  43 |         }\n  44 |         */\n> 45 |     }\n     |     ^\n  46 | \n  47 |     method lanzarAtaque() {\n\nExpected one of the following: \n\n'@', 'class', 'const', 'describe', 'mixin', 'object', 'only', 'package', 'program', 'test', 'var', '{', EOF, comment, not \"}\r\n\r\n    \", whitespace\n\n    at c:\\Users\\joaom\\.vscode\\extensions\\uqbar.wollok-lsp-ide-0.5.2\\out\\server\\src\\server.js:2326:13026\n    at Array.map (<anonymous>)\n    at D1n (c:\\Users\\joaom\\.vscode\\extensions\\uqbar.wollok-lsp-ide-0.5.2\\out\\server\\src\\server.js:2326:12950)\n    at W2.buildEnvironmentFrom (c:\\Users\\joaom\\.vscode\\extensions\\uqbar.wollok-lsp-ide-0.5.2\\out\\server\\src\\server.js:2371:5254)\n    at W2.updateEnvironmentWith (c:\\Users\\joaom\\.vscode\\extensions\\uqbar.wollok-lsp-ide-0.5.2\\out\\server\\src\\server.js:2371:4989)\n    at GF (c:\\Users\\joaom\\.vscode\\extensions\\uqbar.wollok-lsp-ide-0.5.2\\out\\server\\src\\server.js:2371:7383)\n    at L3.invoke (c:\\Users\\joaom\\.vscode\\extensions\\uqbar.wollok-lsp-ide-0.5.2\\out\\server\\src\\server.js:3:157326)\n    at o.fire (c:\\Users\\joaom\\.vscode\\extensions\\uqbar.wollok-lsp-ide-0.5.2\\out\\server\\src\\server.js:3:158096)\n    at c:\\Users\\joaom\\.vscode\\extensions\\uqbar.wollok-lsp-ide-0.5.2\\out\\server\\src\\server.js:37:57871\n    at Kr (c:\\Users\\joaom\\.vscode\\extensions\\uqbar.wollok-lsp-ide-0.5.2\\out\\server\\src\\server.js:8:1561)","timestamp":"2025-07-05T23:26:12.292Z"}
{"level":"error","message":"✘ Failed to rebuild document Failed to parse enemigos.wlk: \n-- PARSING FAILED --------------------------------------------------\n\n  42 |         }\n  43 |         */\n> 44 |     }\n     |     ^\n  45 | \n  46 |     method lanzarAtaque() {\n\nExpected one of the following: \n\n'@', 'class', 'const', 'describe', 'mixin', 'object', 'only', 'package', 'program', 'test', 'var', '{', EOF, comment, not \"}\r\n\r\n    \", whitespace\n","stack":"Error: Failed to parse enemigos.wlk: \n-- PARSING FAILED --------------------------------------------------\n\n  42 |         }\n  43 |         */\n> 44 |     }\n     |     ^\n  45 | \n  46 |     method lanzarAtaque() {\n\nExpected one of the following: \n\n'@', 'class', 'const', 'describe', 'mixin', 'object', 'only', 'package', 'program', 'test', 'var', '{', EOF, comment, not \"}\r\n\r\n    \", whitespace\n\n    at c:\\Users\\joaom\\.vscode\\extensions\\uqbar.wollok-lsp-ide-0.5.2\\out\\server\\src\\server.js:2326:13026\n    at Array.map (<anonymous>)\n    at D1n (c:\\Users\\joaom\\.vscode\\extensions\\uqbar.wollok-lsp-ide-0.5.2\\out\\server\\src\\server.js:2326:12950)\n    at W2.buildEnvironmentFrom (c:\\Users\\joaom\\.vscode\\extensions\\uqbar.wollok-lsp-ide-0.5.2\\out\\server\\src\\server.js:2371:5254)\n    at W2.updateEnvironmentWith (c:\\Users\\joaom\\.vscode\\extensions\\uqbar.wollok-lsp-ide-0.5.2\\out\\server\\src\\server.js:2371:4989)\n    at GF (c:\\Users\\joaom\\.vscode\\extensions\\uqbar.wollok-lsp-ide-0.5.2\\out\\server\\src\\server.js:2371:7383)\n    at L3.invoke (c:\\Users\\joaom\\.vscode\\extensions\\uqbar.wollok-lsp-ide-0.5.2\\out\\server\\src\\server.js:3:157326)\n    at o.fire (c:\\Users\\joaom\\.vscode\\extensions\\uqbar.wollok-lsp-ide-0.5.2\\out\\server\\src\\server.js:3:158096)\n    at c:\\Users\\joaom\\.vscode\\extensions\\uqbar.wollok-lsp-ide-0.5.2\\out\\server\\src\\server.js:37:57871\n    at Kr (c:\\Users\\joaom\\.vscode\\extensions\\uqbar.wollok-lsp-ide-0.5.2\\out\\server\\src\\server.js:8:1561)","timestamp":"2025-07-05T23:26:12.769Z"}
{"errors":{"errors":[null,[null,[null,[null,"/*\r\n        if (not self.estaVivo()) {\r\n            score.aumentarScore(self.score())\r\n            self.eliminar()\r\n        }\r\n        */"]]]]},"level":"error","message":"✘ Failed to get type description: Error: {\n  \"errors\": [\n    null,\n    [\n      null,\n      [\n        null,\n        [\n          null,\n          \"/*\\r\\n        if (not self.estaVivo()) {\\r\\n            score.aumentarScore(self.score())\\r\\n            self.eliminar()\\r\\n        }\\r\\n        */\"\n        ]\n      ]\n    ]\n  ]\n} {\n  \"errors\": [\n    null,\n    [\n      null,\n      [\n        null,\n        [\n          null,\n          \"/*\\r\\n        if (not self.estaVivo()) {\\r\\n            score.aumentarScore(self.score())\\r\\n            self.eliminar()\\r\\n        }\\r\\n        */\"\n        ]\n      ]\n    ]\n  ]\n}","stack":"Error: {\n  \"errors\": [\n    null,\n    [\n      null,\n      [\n        null,\n        [\n          null,\n          \"/*\\r\\n        if (not self.estaVivo()) {\\r\\n            score.aumentarScore(self.score())\\r\\n            self.eliminar()\\r\\n        }\\r\\n        */\"\n        ]\n      ]\n    ]\n  ]\n}\n    at pS (c:\\Users\\joaom\\.vscode\\extensions\\uqbar.wollok-lsp-ide-0.5.2\\out\\server\\src\\server.js:64:34609)\n    at G1 (c:\\Users\\joaom\\.vscode\\extensions\\uqbar.wollok-lsp-ide-0.5.2\\out\\server\\src\\server.js:64:34682)\n    at c:\\Users\\joaom\\.vscode\\extensions\\uqbar.wollok-lsp-ide-0.5.2\\out\\server\\src\\server.js:64:37949\n    at o.v1 (c:\\Users\\joaom\\.vscode\\extensions\\uqbar.wollok-lsp-ide-0.5.2\\out\\server\\src\\server.js:57:57694)\n    at c4 (c:\\Users\\joaom\\.vscode\\extensions\\uqbar.wollok-lsp-ide-0.5.2\\out\\server\\src\\server.js:64:37918)\n    at c4 (c:\\Users\\joaom\\.vscode\\extensions\\uqbar.wollok-lsp-ide-0.5.2\\out\\server\\src\\server.js:57:55723)\n    at qbn (c:\\Users\\joaom\\.vscode\\extensions\\uqbar.wollok-lsp-ide-0.5.2\\out\\server\\src\\server.js:68:2842)\n    at c:\\Users\\joaom\\.vscode\\extensions\\uqbar.wollok-lsp-ide-0.5.2\\out\\server\\src\\server.js:68:2432\n    at c:\\Users\\joaom\\.vscode\\extensions\\uqbar.wollok-lsp-ide-0.5.2\\out\\server\\src\\server.js:68:5443\n    at c:\\Users\\joaom\\.vscode\\extensions\\uqbar.wollok-lsp-ide-0.5.2\\out\\server\\src\\server.js:38:6131","timestamp":"2025-07-05T23:26:13.293Z"}
{"errors":{"errors":[null,[null,[null,[null,"/*\r\n        if (not self.estaVivo()) {\r\n            score.aumentarScore(self.score())\r\n            self.eliminar()\r\n        }\r\n        */"]]]]},"level":"error","message":"✘ Failed to get type description: Error: {\n  \"errors\": [\n    null,\n    [\n      null,\n      [\n        null,\n        [\n          null,\n          \"/*\\r\\n        if (not self.estaVivo()) {\\r\\n            score.aumentarScore(self.score())\\r\\n            self.eliminar()\\r\\n        }\\r\\n        */\"\n        ]\n      ]\n    ]\n  ]\n} {\n  \"errors\": [\n    null,\n    [\n      null,\n      [\n        null,\n        [\n          null,\n          \"/*\\r\\n        if (not self.estaVivo()) {\\r\\n            score.aumentarScore(self.score())\\r\\n            self.eliminar()\\r\\n        }\\r\\n        */\"\n        ]\n      ]\n    ]\n  ]\n}","stack":"Error: {\n  \"errors\": [\n    null,\n    [\n      null,\n      [\n        null,\n        [\n          null,\n          \"/*\\r\\n        if (not self.estaVivo()) {\\r\\n            score.aumentarScore(self.score())\\r\\n            self.eliminar()\\r\\n        }\\r\\n        */\"\n        ]\n      ]\n    ]\n  ]\n}\n    at pS (c:\\Users\\joaom\\.vscode\\extensions\\uqbar.wollok-lsp-ide-0.5.2\\out\\server\\src\\server.js:64:34609)\n    at G1 (c:\\Users\\joaom\\.vscode\\extensions\\uqbar.wollok-lsp-ide-0.5.2\\out\\server\\src\\server.js:64:34682)\n    at c:\\Users\\joaom\\.vscode\\extensions\\uqbar.wollok-lsp-ide-0.5.2\\out\\server\\src\\server.js:64:37949\n    at o.v1 (c:\\Users\\joaom\\.vscode\\extensions\\uqbar.wollok-lsp-ide-0.5.2\\out\\server\\src\\server.js:57:57694)\n    at c4 (c:\\Users\\joaom\\.vscode\\extensions\\uqbar.wollok-lsp-ide-0.5.2\\out\\server\\src\\server.js:64:37918)\n    at c4 (c:\\Users\\joaom\\.vscode\\extensions\\uqbar.wollok-lsp-ide-0.5.2\\out\\server\\src\\server.js:57:55723)\n    at qbn (c:\\Users\\joaom\\.vscode\\extensions\\uqbar.wollok-lsp-ide-0.5.2\\out\\server\\src\\server.js:68:2842)\n    at c:\\Users\\joaom\\.vscode\\extensions\\uqbar.wollok-lsp-ide-0.5.2\\out\\server\\src\\server.js:68:2432\n    at c:\\Users\\joaom\\.vscode\\extensions\\uqbar.wollok-lsp-ide-0.5.2\\out\\server\\src\\server.js:68:5443\n    at c:\\Users\\joaom\\.vscode\\extensions\\uqbar.wollok-lsp-ide-0.5.2\\out\\server\\src\\server.js:38:6131","timestamp":"2025-07-05T23:26:14.612Z"}
{"level":"error","message":"✘ Failed to rebuild document Failed to parse enemigos.wlk: \n-- PARSING FAILED --------------------------------------------------\n\n  42 |         }\n  43 |         */\n> 44 |     }\n     |     ^\n  45 | \n  46 |     method lanzarAtaque() {\n\nExpected one of the following: \n\n'@', 'class', 'const', 'describe', 'mixin', 'object', 'only', 'package', 'program', 'test', 'var', '{', EOF, comment, not \"}\r\n\r\n    \", whitespace\n","stack":"Error: Failed to parse enemigos.wlk: \n-- PARSING FAILED --------------------------------------------------\n\n  42 |         }\n  43 |         */\n> 44 |     }\n     |     ^\n  45 | \n  46 |     method lanzarAtaque() {\n\nExpected one of the following: \n\n'@', 'class', 'const', 'describe', 'mixin', 'object', 'only', 'package', 'program', 'test', 'var', '{', EOF, comment, not \"}\r\n\r\n    \", whitespace\n\n    at c:\\Users\\joaom\\.vscode\\extensions\\uqbar.wollok-lsp-ide-0.5.2\\out\\server\\src\\server.js:2326:13026\n    at Array.map (<anonymous>)\n    at D1n (c:\\Users\\joaom\\.vscode\\extensions\\uqbar.wollok-lsp-ide-0.5.2\\out\\server\\src\\server.js:2326:12950)\n    at W2.buildEnvironmentFrom (c:\\Users\\joaom\\.vscode\\extensions\\uqbar.wollok-lsp-ide-0.5.2\\out\\server\\src\\server.js:2371:5254)\n    at W2.updateEnvironmentWith (c:\\Users\\joaom\\.vscode\\extensions\\uqbar.wollok-lsp-ide-0.5.2\\out\\server\\src\\server.js:2371:4989)\n    at GF (c:\\Users\\joaom\\.vscode\\extensions\\uqbar.wollok-lsp-ide-0.5.2\\out\\server\\src\\server.js:2371:7383)\n    at L3.invoke (c:\\Users\\joaom\\.vscode\\extensions\\uqbar.wollok-lsp-ide-0.5.2\\out\\server\\src\\server.js:3:157326)\n    at o.fire (c:\\Users\\joaom\\.vscode\\extensions\\uqbar.wollok-lsp-ide-0.5.2\\out\\server\\src\\server.js:3:158096)\n    at c:\\Users\\joaom\\.vscode\\extensions\\uqbar.wollok-lsp-ide-0.5.2\\out\\server\\src\\server.js:37:57871\n    at Kr (c:\\Users\\joaom\\.vscode\\extensions\\uqbar.wollok-lsp-ide-0.5.2\\out\\server\\src\\server.js:8:1561)","timestamp":"2025-07-05T23:26:16.065Z"}
{"level":"error","message":"✘ Failed to rebuild document Failed to parse enemigos.wlk: \n-- PARSING FAILED --------------------------------------------------\n\n  42 |         }\n  43 |         */\n> 44 |     }\n     |     ^\n  45 | \n  46 |     method lanzarAtaque() {\n\nExpected one of the following: \n\n'@', 'class', 'const', 'describe', 'mixin', 'object', 'only', 'package', 'program', 'test', 'var', '{', EOF, comment, not \"}\r\n\r\n    \", whitespace\n","stack":"Error: Failed to parse enemigos.wlk: \n-- PARSING FAILED --------------------------------------------------\n\n  42 |         }\n  43 |         */\n> 44 |     }\n     |     ^\n  45 | \n  46 |     method lanzarAtaque() {\n\nExpected one of the following: \n\n'@', 'class', 'const', 'describe', 'mixin', 'object', 'only', 'package', 'program', 'test', 'var', '{', EOF, comment, not \"}\r\n\r\n    \", whitespace\n\n    at c:\\Users\\joaom\\.vscode\\extensions\\uqbar.wollok-lsp-ide-0.5.2\\out\\server\\src\\server.js:2326:13026\n    at Array.map (<anonymous>)\n    at D1n (c:\\Users\\joaom\\.vscode\\extensions\\uqbar.wollok-lsp-ide-0.5.2\\out\\server\\src\\server.js:2326:12950)\n    at W2.buildEnvironmentFrom (c:\\Users\\joaom\\.vscode\\extensions\\uqbar.wollok-lsp-ide-0.5.2\\out\\server\\src\\server.js:2371:5254)\n    at W2.updateEnvironmentWith (c:\\Users\\joaom\\.vscode\\extensions\\uqbar.wollok-lsp-ide-0.5.2\\out\\server\\src\\server.js:2371:4989)\n    at GF (c:\\Users\\joaom\\.vscode\\extensions\\uqbar.wollok-lsp-ide-0.5.2\\out\\server\\src\\server.js:2371:7383)\n    at L3.invoke (c:\\Users\\joaom\\.vscode\\extensions\\uqbar.wollok-lsp-ide-0.5.2\\out\\server\\src\\server.js:3:157326)\n    at o.fire (c:\\Users\\joaom\\.vscode\\extensions\\uqbar.wollok-lsp-ide-0.5.2\\out\\server\\src\\server.js:3:158096)\n    at c:\\Users\\joaom\\.vscode\\extensions\\uqbar.wollok-lsp-ide-0.5.2\\out\\server\\src\\server.js:37:57871\n    at Kr (c:\\Users\\joaom\\.vscode\\extensions\\uqbar.wollok-lsp-ide-0.5.2\\out\\server\\src\\server.js:8:1561)","timestamp":"2025-07-05T23:26:16.235Z"}
{"level":"error","message":"✘ Failed to rebuild document Failed to parse enemigos.wlk: \n-- PARSING FAILED --------------------------------------------------\n\n  42 |         }\n  43 |         *\n> 44 |     }\n     |     ^\n  45 | \n  46 |     method lanzarAtaque() {\n\nExpected one of the following: \n\n'!', '(', '+', '-', '@', 'class', 'const', 'describe', 'if', 'mixin', 'new', 'not', 'object', 'only', 'package', 'program', 'self', 'super', 'test', 'throw', 'try', 'var', '{', EOF, comment, identifier, literal, not \"}\r\n\r\n    \", whitespace\n","stack":"Error: Failed to parse enemigos.wlk: \n-- PARSING FAILED --------------------------------------------------\n\n  42 |         }\n  43 |         *\n> 44 |     }\n     |     ^\n  45 | \n  46 |     method lanzarAtaque() {\n\nExpected one of the following: \n\n'!', '(', '+', '-', '@', 'class', 'const', 'describe', 'if', 'mixin', 'new', 'not', 'object', 'only', 'package', 'program', 'self', 'super', 'test', 'throw', 'try', 'var', '{', EOF, comment, identifier, literal, not \"}\r\n\r\n    \", whitespace\n\n    at c:\\Users\\joaom\\.vscode\\extensions\\uqbar.wollok-lsp-ide-0.5.2\\out\\server\\src\\server.js:2326:13026\n    at Array.map (<anonymous>)\n    at D1n (c:\\Users\\joaom\\.vscode\\extensions\\uqbar.wollok-lsp-ide-0.5.2\\out\\server\\src\\server.js:2326:12950)\n    at W2.buildEnvironmentFrom (c:\\Users\\joaom\\.vscode\\extensions\\uqbar.wollok-lsp-ide-0.5.2\\out\\server\\src\\server.js:2371:5254)\n    at W2.updateEnvironmentWith (c:\\Users\\joaom\\.vscode\\extensions\\uqbar.wollok-lsp-ide-0.5.2\\out\\server\\src\\server.js:2371:4989)\n    at GF (c:\\Users\\joaom\\.vscode\\extensions\\uqbar.wollok-lsp-ide-0.5.2\\out\\server\\src\\server.js:2371:7383)\n    at L3.invoke (c:\\Users\\joaom\\.vscode\\extensions\\uqbar.wollok-lsp-ide-0.5.2\\out\\server\\src\\server.js:3:157326)\n    at o.fire (c:\\Users\\joaom\\.vscode\\extensions\\uqbar.wollok-lsp-ide-0.5.2\\out\\server\\src\\server.js:3:158096)\n    at c:\\Users\\joaom\\.vscode\\extensions\\uqbar.wollok-lsp-ide-0.5.2\\out\\server\\src\\server.js:37:57871\n    at Kr (c:\\Users\\joaom\\.vscode\\extensions\\uqbar.wollok-lsp-ide-0.5.2\\out\\server\\src\\server.js:8:1561)","timestamp":"2025-07-05T23:26:17.746Z"}
{"level":"info","message":"⌛ Building environment","timeElapsed":116,"timestamp":"2025-07-05T23:26:18.022Z"}
{"level":"info","message":"⌛ Validating enemigos.wlk","timeElapsed":169,"timestamp":"2025-07-05T23:26:18.192Z"}
{"level":"info","message":"⌛ Building environment","timeElapsed":206,"timestamp":"2025-07-05T23:26:18.398Z"}
{"level":"info","message":"⌛ Building environment","timeElapsed":121,"timestamp":"2025-07-05T23:26:18.520Z"}
{"level":"info","message":"⌛ Validating enemigos.wlk","timeElapsed":147,"timestamp":"2025-07-05T23:26:18.668Z"}
{"level":"info","message":"⌛ Validating enemigos.wlk","timeElapsed":155,"timestamp":"2025-07-05T23:26:18.839Z"}
{"level":"info","message":"⌛ Building environment","timeElapsed":149,"timestamp":"2025-07-05T23:26:19.001Z"}
{"level":"info","message":"⌛ Validating enemigos.wlk","timeElapsed":233,"timestamp":"2025-07-05T23:26:19.234Z"}
{"exitCode":"SIGHUP","level":"info","message":"👾 Game executed main.ArcaneBastion on c:\\Users\\joaom\\Documents\\asd-main","timeElapsed":23110,"timestamp":"2025-07-05T23:26:25.074Z"}
{"level":"info","message":"🚀 Program executed \u001b[3m\u001b[34mmain.ArcaneBastion\u001b[39m\u001b[23m on \u001b[3m\u001b[34mc:\\Users\\joaom\\Documents\\asd-main\u001b[39m\u001b[23m","ok":true,"timeElapsed":620,"timestamp":"2025-07-05T23:26:27.933Z"}
{"exitCode":"SIGHUP","level":"info","message":"👾 Game executed main.ArcaneBastion on c:\\Users\\joaom\\Documents\\asd-main","timeElapsed":49386,"timestamp":"2025-07-05T23:27:16.698Z"}
{"level":"info","message":"🚀 Program executed \u001b[3m\u001b[34mmain.ArcaneBastion\u001b[39m\u001b[23m on \u001b[3m\u001b[34mc:\\Users\\joaom\\Documents\\asd-main\u001b[39m\u001b[23m","ok":true,"timeElapsed":571,"timestamp":"2025-07-05T23:27:19.123Z"}
{"level":"info","message":"⌛ Building environment","timeElapsed":174,"timestamp":"2025-07-05T23:29:24.338Z"}
{"level":"info","message":"⌛ Validating mago.wlk","timeElapsed":193,"timestamp":"2025-07-05T23:29:24.550Z"}
{"level":"info","message":"⌛ Building environment","timeElapsed":123,"timestamp":"2025-07-05T23:29:24.674Z"}
{"level":"info","message":"⌛ Validating mago.wlk","timeElapsed":149,"timestamp":"2025-07-05T23:29:24.841Z"}
{"level":"info","message":"⌛ Building environment","timeElapsed":109,"timestamp":"2025-07-05T23:29:26.815Z"}
{"level":"info","message":"⌛ Validating mago.wlk","timeElapsed":160,"timestamp":"2025-07-05T23:29:26.976Z"}
{"level":"info","message":"⌛ Building environment","timeElapsed":121,"timestamp":"2025-07-05T23:29:27.955Z"}
{"level":"info","message":"⌛ Validating mago.wlk","timeElapsed":165,"timestamp":"2025-07-05T23:29:28.121Z"}
{"level":"info","message":"⌛ Building environment","timeElapsed":149,"timestamp":"2025-07-05T23:29:44.772Z"}
{"level":"info","message":"⌛ Validating bastion.wlk","timeElapsed":202,"timestamp":"2025-07-05T23:29:45.034Z"}
{"level":"info","message":"⌛ Building environment","timeElapsed":204,"timestamp":"2025-07-05T23:29:45.441Z"}
{"level":"info","message":"⌛ Validating arcaneBastion.wlk","timeElapsed":163,"timestamp":"2025-07-05T23:29:45.621Z"}
{"level":"info","message":"⌛ Building environment","timeElapsed":222,"timestamp":"2025-07-05T23:29:45.941Z"}
{"level":"info","message":"⌛ Validating administradorDeOleadas.wlk","timeElapsed":208,"timestamp":"2025-07-05T23:29:46.157Z"}
{"level":"info","message":"⌛ Building environment","timeElapsed":186,"timestamp":"2025-07-05T23:29:48.165Z"}
{"level":"info","message":"⌛ Validating administradorDeEnemigos.wlk","timeElapsed":158,"timestamp":"2025-07-05T23:29:48.352Z"}
{"level":"info","message":"⌛ Building environment","timeElapsed":178,"timestamp":"2025-07-05T23:29:53.182Z"}
{"level":"info","message":"⌛ Validating menu.wlk","timeElapsed":169,"timestamp":"2025-07-05T23:29:53.360Z"}
{"level":"info","message":"⌛ Building environment","timeElapsed":203,"timestamp":"2025-07-05T23:29:54.324Z"}
{"level":"info","message":"⌛ Building environment","timeElapsed":312,"timestamp":"2025-07-05T23:29:54.645Z"}
{"level":"info","message":"⌛ Validating sonidos.wlk","timeElapsed":213,"timestamp":"2025-07-05T23:29:54.868Z"}
{"level":"info","message":"⌛ Validating tests.wlk","timeElapsed":238,"timestamp":"2025-07-05T23:29:55.107Z"}
{"level":"info","message":"⌛ Building environment","timeElapsed":107,"timestamp":"2025-07-05T23:29:55.215Z"}
{"level":"info","message":"⌛ Validating personajes.wlk","timeElapsed":169,"timestamp":"2025-07-05T23:29:55.391Z"}
{"level":"info","message":"⌛ Building environment","timeElapsed":141,"timestamp":"2025-07-05T23:29:56.008Z"}
{"level":"info","message":"⌛ Validating main.wpgm","timeElapsed":151,"timestamp":"2025-07-05T23:29:56.167Z"}
{"level":"info","message":"⌛ Building environment","timeElapsed":205,"timestamp":"2025-07-05T23:30:00.285Z"}
{"level":"info","message":"⌛ Validating arcaneBastion.wlk","timeElapsed":164,"timestamp":"2025-07-05T23:30:00.457Z"}
{"level":"info","message":"⌛ Building environment","timeElapsed":142,"timestamp":"2025-07-05T23:30:11.241Z"}
{"level":"info","message":"⌛ Validating main.wpgm","timeElapsed":179,"timestamp":"2025-07-05T23:30:11.508Z"}
{"level":"info","message":"⌛ Building environment","timeElapsed":161,"timestamp":"2025-07-05T23:30:12.891Z"}
{"level":"info","message":"⌛ Validating personajes.wlk","timeElapsed":188,"timestamp":"2025-07-05T23:30:13.102Z"}
{"level":"info","message":"⌛ Building environment","timeElapsed":147,"timestamp":"2025-07-05T23:30:19.127Z"}
{"level":"info","message":"⌛ Validating mago.wlk","timeElapsed":163,"timestamp":"2025-07-05T23:30:19.385Z"}
{"level":"info","message":"⌛ Validating mago.wlk","timeElapsed":144,"timestamp":"2025-07-05T23:30:19.535Z"}
{"level":"info","message":"⌛ Building environment","timeElapsed":266,"timestamp":"2025-07-05T23:30:27.734Z"}
{"level":"info","message":"⌛ Validating main.wpgm","timeElapsed":221,"timestamp":"2025-07-05T23:30:28.005Z"}
{"exitCode":"SIGHUP","level":"info","message":"👾 Game executed main.ArcaneBastion on c:\\Users\\joaom\\Documents\\asd-main","timeElapsed":190647,"timestamp":"2025-07-05T23:30:29.199Z"}
{"level":"info","message":"🚀 Program executed \u001b[3m\u001b[34mmain.ArcaneBastion\u001b[39m\u001b[23m on \u001b[3m\u001b[34mc:\\Users\\joaom\\Documents\\asd-main\u001b[39m\u001b[23m","ok":true,"timeElapsed":1078,"timestamp":"2025-07-05T23:30:31.864Z"}
{"level":"info","message":"⌛ Building environment","timeElapsed":235,"timestamp":"2025-07-05T23:33:44.938Z"}
{"level":"info","message":"⌛ Validating arcaneBastion.wlk","timeElapsed":296,"timestamp":"2025-07-05T23:33:45.302Z"}
{"level":"info","message":"⌛ Building environment","timeElapsed":269,"timestamp":"2025-07-05T23:33:45.779Z"}
{"level":"info","message":"⌛ Validating administradorDeOleadas.wlk","timeElapsed":224,"timestamp":"2025-07-05T23:33:46.059Z"}
{"level":"info","message":"⌛ Building environment","timeElapsed":134,"timestamp":"2025-07-05T23:33:57.920Z"}
{"level":"info","message":"⌛ Validating administradorDeHechizos.wlk","timeElapsed":301,"timestamp":"2025-07-05T23:33:58.221Z"}
{"level":"info","message":"⌛ Building environment","timeElapsed":175,"timestamp":"2025-07-05T23:34:03.428Z"}
{"level":"info","message":"⌛ Validating main.wpgm","timeElapsed":243,"timestamp":"2025-07-05T23:34:03.681Z"}
{"exitCode":"SIGHUP","level":"info","message":"👾 Game executed main.ArcaneBastion on c:\\Users\\joaom\\Documents\\asd-main","timeElapsed":214791,"timestamp":"2025-07-05T23:34:05.575Z"}
{"level":"info","message":"🚀 Program executed \u001b[3m\u001b[34mmain.ArcaneBastion\u001b[39m\u001b[23m on \u001b[3m\u001b[34mc:\\Users\\joaom\\Documents\\asd-main\u001b[39m\u001b[23m","ok":true,"timeElapsed":569,"timestamp":"2025-07-05T23:34:07.442Z"}
{"errors":{"errors":[null,["/*\r","que podria hacer para que cuando se apriete 1 el mago cambie \r","su tipo de magia a tipoHielo: y dispare y asi con los demas\r"]]},"level":"error","message":"✘ Failed to get type description: Error: {\n  \"errors\": [\n    null,\n    [\n      \"/*\\r\",\n      \"que podria hacer para que cuando se apriete 1 el mago cambie \\r\",\n      \"su tipo de magia a tipoHielo: y dispare y asi con los demas\\r\"\n    ]\n  ]\n} {\n  \"errors\": [\n    null,\n    [\n      \"/*\\r\",\n      \"que podria hacer para que cuando se apriete 1 el mago cambie \\r\",\n      \"su tipo de magia a tipoHielo: y dispare y asi con los demas\\r\"\n    ]\n  ]\n}","stack":"Error: {\n  \"errors\": [\n    null,\n    [\n      \"/*\\r\",\n      \"que podria hacer para que cuando se apriete 1 el mago cambie \\r\",\n      \"su tipo de magia a tipoHielo: y dispare y asi con los demas\\r\"\n    ]\n  ]\n}\n    at pS (c:\\Users\\joaom\\.vscode\\extensions\\uqbar.wollok-lsp-ide-0.5.2\\out\\server\\src\\server.js:64:34609)\n    at G1 (c:\\Users\\joaom\\.vscode\\extensions\\uqbar.wollok-lsp-ide-0.5.2\\out\\server\\src\\server.js:64:34682)\n    at c:\\Users\\joaom\\.vscode\\extensions\\uqbar.wollok-lsp-ide-0.5.2\\out\\server\\src\\server.js:64:37949\n    at o.v1 (c:\\Users\\joaom\\.vscode\\extensions\\uqbar.wollok-lsp-ide-0.5.2\\out\\server\\src\\server.js:57:57694)\n    at c:\\Users\\joaom\\.vscode\\extensions\\uqbar.wollok-lsp-ide-0.5.2\\out\\server\\src\\server.js:64:37918\n    at c:\\Users\\joaom\\.vscode\\extensions\\uqbar.wollok-lsp-ide-0.5.2\\out\\server\\src\\server.js:57:55734\n    at Ofn (c:\\Users\\joaom\\.vscode\\extensions\\uqbar.wollok-lsp-ide-0.5.2\\out\\server\\src\\server.js:68:11324)\n    at c:\\Users\\joaom\\.vscode\\extensions\\uqbar.wollok-lsp-ide-0.5.2\\out\\server\\src\\server.js:68:3629\n    at Array.map (<anonymous>)\n    at c:\\Users\\joaom\\.vscode\\extensions\\uqbar.wollok-lsp-ide-0.5.2\\out\\server\\src\\server.js:68:4693","timestamp":"2025-07-05T23:38:30.785Z"}
{"errors":{"errors":[null,["/*\r","Hace que colisionen con el pixel actual o el siguiente.\r","ya que parece que como el dragon va restando y el hechizo sumando en el eje x\r","estos se omiten\r"]]},"level":"error","message":"✘ Failed to get type description: Error: {\n  \"errors\": [\n    null,\n    [\n      \"/*\\r\",\n      \"Hace que colisionen con el pixel actual o el siguiente.\\r\",\n      \"ya que parece que como el dragon va restando y el hechizo sumando en el eje x\\r\",\n      \"estos se omiten\\r\"\n    ]\n  ]\n} {\n  \"errors\": [\n    null,\n    [\n      \"/*\\r\",\n      \"Hace que colisionen con el pixel actual o el siguiente.\\r\",\n      \"ya que parece que como el dragon va restando y el hechizo sumando en el eje x\\r\",\n      \"estos se omiten\\r\"\n    ]\n  ]\n}","stack":"Error: {\n  \"errors\": [\n    null,\n    [\n      \"/*\\r\",\n      \"Hace que colisionen con el pixel actual o el siguiente.\\r\",\n      \"ya que parece que como el dragon va restando y el hechizo sumando en el eje x\\r\",\n      \"estos se omiten\\r\"\n    ]\n  ]\n}\n    at pS (c:\\Users\\joaom\\.vscode\\extensions\\uqbar.wollok-lsp-ide-0.5.2\\out\\server\\src\\server.js:64:34609)\n    at G1 (c:\\Users\\joaom\\.vscode\\extensions\\uqbar.wollok-lsp-ide-0.5.2\\out\\server\\src\\server.js:64:34682)\n    at c:\\Users\\joaom\\.vscode\\extensions\\uqbar.wollok-lsp-ide-0.5.2\\out\\server\\src\\server.js:64:37949\n    at o.v1 (c:\\Users\\joaom\\.vscode\\extensions\\uqbar.wollok-lsp-ide-0.5.2\\out\\server\\src\\server.js:57:57694)\n    at c:\\Users\\joaom\\.vscode\\extensions\\uqbar.wollok-lsp-ide-0.5.2\\out\\server\\src\\server.js:64:37918\n    at c:\\Users\\joaom\\.vscode\\extensions\\uqbar.wollok-lsp-ide-0.5.2\\out\\server\\src\\server.js:57:55734\n    at Ofn (c:\\Users\\joaom\\.vscode\\extensions\\uqbar.wollok-lsp-ide-0.5.2\\out\\server\\src\\server.js:68:11324)\n    at c:\\Users\\joaom\\.vscode\\extensions\\uqbar.wollok-lsp-ide-0.5.2\\out\\server\\src\\server.js:68:3629\n    at jbn (c:\\Users\\joaom\\.vscode\\extensions\\uqbar.wollok-lsp-ide-0.5.2\\out\\server\\src\\server.js:68:3396)\n    at c:\\Users\\joaom\\.vscode\\extensions\\uqbar.wollok-lsp-ide-0.5.2\\out\\server\\src\\server.js:2371:847","timestamp":"2025-07-05T23:38:36.298Z"}
{"level":"info","message":"⌛ Building environment","timeElapsed":193,"timestamp":"2025-07-05T23:38:39.799Z"}
{"level":"info","message":"⌛ Validating administradorDeHechizos.wlk","timeElapsed":151,"timestamp":"2025-07-05T23:38:39.956Z"}
{"level":"info","message":"⌛ Building environment","timeElapsed":214,"timestamp":"2025-07-05T23:38:44.952Z"}
{"level":"info","message":"⌛ Validating administradorDeEnemigos.wlk","timeElapsed":200,"timestamp":"2025-07-05T23:38:45.193Z"}
{"level":"info","message":"⌛ Building environment","timeElapsed":123,"timestamp":"2025-07-05T23:38:48.293Z"}
{"level":"info","message":"⌛ Validating administradorDeEnemigos.wlk","timeElapsed":115,"timestamp":"2025-07-05T23:38:48.414Z"}
{"level":"info","message":"⌛ Building environment","timeElapsed":138,"timestamp":"2025-07-05T23:38:49.217Z"}
{"level":"info","message":"⌛ Validating administradorDeEnemigos.wlk","timeElapsed":121,"timestamp":"2025-07-05T23:38:49.340Z"}
{"level":"info","message":"⌛ Building environment","timeElapsed":122,"timestamp":"2025-07-05T23:38:49.742Z"}
{"level":"info","message":"⌛ Validating administradorDeEnemigos.wlk","timeElapsed":143,"timestamp":"2025-07-05T23:38:49.886Z"}
{"level":"info","message":"⌛ Building environment","timeElapsed":126,"timestamp":"2025-07-05T23:38:50.082Z"}
{"level":"info","message":"⌛ Validating administradorDeEnemigos.wlk","timeElapsed":118,"timestamp":"2025-07-05T23:38:50.204Z"}
{"level":"info","message":"⌛ Building environment","timeElapsed":178,"timestamp":"2025-07-05T23:38:57.369Z"}
{"level":"info","message":"⌛ Validating administradorDeEnemigos.wlk","timeElapsed":150,"timestamp":"2025-07-05T23:38:57.523Z"}
{"level":"info","message":"⌛ Building environment","timeElapsed":121,"timestamp":"2025-07-05T23:38:57.702Z"}
{"level":"info","message":"⌛ Validating administradorDeEnemigos.wlk","timeElapsed":130,"timestamp":"2025-07-05T23:38:57.833Z"}
{"level":"info","message":"⌛ Building environment","timeElapsed":117,"timestamp":"2025-07-05T23:38:58.843Z"}
{"level":"info","message":"⌛ Validating administradorDeEnemigos.wlk","timeElapsed":131,"timestamp":"2025-07-05T23:38:58.975Z"}
{"level":"info","message":"⌛ Building environment","timeElapsed":154,"timestamp":"2025-07-05T23:40:45.042Z"}
{"level":"info","message":"⌛ Validating administradorDeEnemigos.wlk","timeElapsed":150,"timestamp":"2025-07-05T23:40:45.239Z"}
{"level":"info","message":"⌛ Building environment","timeElapsed":115,"timestamp":"2025-07-05T23:40:45.518Z"}
{"level":"info","message":"⌛ Validating administradorDeEnemigos.wlk","timeElapsed":160,"timestamp":"2025-07-05T23:40:45.679Z"}
{"level":"info","message":"⌛ Building environment","timeElapsed":106,"timestamp":"2025-07-05T23:40:46.002Z"}
{"level":"info","message":"⌛ Validating administradorDeEnemigos.wlk","timeElapsed":123,"timestamp":"2025-07-05T23:40:46.153Z"}
{"level":"info","message":"⌛ Building environment","timeElapsed":109,"timestamp":"2025-07-05T23:40:48.294Z"}
{"level":"info","message":"⌛ Validating administradorDeEnemigos.wlk","timeElapsed":126,"timestamp":"2025-07-05T23:40:48.421Z"}
{"level":"info","message":"⌛ Validating administradorDeEnemigos.wlk","timeElapsed":115,"timestamp":"2025-07-05T23:40:48.744Z"}
{"level":"info","message":"⌛ Building environment","timeElapsed":199,"timestamp":"2025-07-05T23:40:49.280Z"}
{"level":"info","message":"⌛ Validating administradorDeEnemigos.wlk","timeElapsed":155,"timestamp":"2025-07-05T23:40:49.436Z"}
{"level":"info","message":"⌛ Building environment","timeElapsed":118,"timestamp":"2025-07-05T23:40:49.702Z"}
{"level":"info","message":"⌛ Validating administradorDeEnemigos.wlk","timeElapsed":123,"timestamp":"2025-07-05T23:40:49.834Z"}
{"level":"info","message":"⌛ Building environment","timeElapsed":123,"timestamp":"2025-07-05T23:40:52.319Z"}
{"level":"info","message":"⌛ Validating administradorDeEnemigos.wlk","timeElapsed":126,"timestamp":"2025-07-05T23:40:52.460Z"}
{"level":"info","message":"⌛ Building environment","timeElapsed":112,"timestamp":"2025-07-05T23:40:52.576Z"}
{"level":"info","message":"⌛ Validating administradorDeEnemigos.wlk","timeElapsed":141,"timestamp":"2025-07-05T23:40:52.718Z"}
{"level":"info","message":"⌛ Building environment","timeElapsed":164,"timestamp":"2025-07-05T23:40:52.917Z"}
{"level":"info","message":"⌛ Validating administradorDeEnemigos.wlk","timeElapsed":150,"timestamp":"2025-07-05T23:40:53.075Z"}
{"level":"info","message":"⌛ Building environment","timeElapsed":114,"timestamp":"2025-07-05T23:41:00.908Z"}
{"level":"error","message":"✘ Completions for node Parameter ([73:51, 73:52] - administradorDeEnemigos.wlk) failed: Error: [Parameter]{0fea23} at administradorDeEnemigos.wlk:73 exhausted all cases without a match [Parameter]{0fea23} at administradorDeEnemigos.wlk:73 exhausted all cases without a match","stack":"Error: [Parameter]{0fea23} at administradorDeEnemigos.wlk:73 exhausted all cases without a match\n    at c:\\Users\\joaom\\.vscode\\extensions\\uqbar.wollok-lsp-ide-0.5.2\\out\\server\\src\\server.js:38:6142\n    at C2 (c:\\Users\\joaom\\.vscode\\extensions\\uqbar.wollok-lsp-ide-0.5.2\\out\\server\\src\\server.js:2362:42)\n    at c:\\Users\\joaom\\.vscode\\extensions\\uqbar.wollok-lsp-ide-0.5.2\\out\\server\\src\\server.js:2362:2988\n    at c:\\Users\\joaom\\.vscode\\extensions\\uqbar.wollok-lsp-ide-0.5.2\\out\\server\\src\\server.js:2371:8440\n    at c:\\Users\\joaom\\.vscode\\extensions\\uqbar.wollok-lsp-ide-0.5.2\\out\\server\\src\\server.js:37:74872\n    at Ye (c:\\Users\\joaom\\.vscode\\extensions\\uqbar.wollok-lsp-ide-0.5.2\\out\\server\\src\\server.js:7:8527)\n    at Dt (c:\\Users\\joaom\\.vscode\\extensions\\uqbar.wollok-lsp-ide-0.5.2\\out\\server\\src\\server.js:7:6189)\n    at Zi (c:\\Users\\joaom\\.vscode\\extensions\\uqbar.wollok-lsp-ide-0.5.2\\out\\server\\src\\server.js:7:6378)\n    at Immediate._onImmediate (c:\\Users\\joaom\\.vscode\\extensions\\uqbar.wollok-lsp-ide-0.5.2\\out\\server\\src\\server.js:7:6142)\n    at process.processImmediate (node:internal/timers:485:21)","timestamp":"2025-07-05T23:41:00.936Z"}
{"level":"info","message":"⌛ Validating administradorDeEnemigos.wlk","timeElapsed":125,"timestamp":"2025-07-05T23:41:01.065Z"}
{"level":"info","message":"⌛ Building environment","timeElapsed":125,"timestamp":"2025-07-05T23:41:01.190Z"}
{"level":"info","message":"⌛ Validating administradorDeEnemigos.wlk","timeElapsed":134,"timestamp":"2025-07-05T23:41:01.422Z"}
{"level":"info","message":"⌛ Validating administradorDeEnemigos.wlk","timeElapsed":140,"timestamp":"2025-07-05T23:41:01.567Z"}
{"level":"info","message":"⌛ Building environment","timeElapsed":198,"timestamp":"2025-07-05T23:41:01.765Z"}
{"level":"info","message":"⌛ Building environment","timeElapsed":129,"timestamp":"2025-07-05T23:41:01.894Z"}
{"level":"info","message":"⌛ Validating administradorDeEnemigos.wlk","timeElapsed":121,"timestamp":"2025-07-05T23:41:02.215Z"}
{"level":"info","message":"⌛ Validating administradorDeEnemigos.wlk","timeElapsed":116,"timestamp":"2025-07-05T23:41:02.335Z"}
{"level":"info","message":"⌛ Validating administradorDeEnemigos.wlk","timeElapsed":122,"timestamp":"2025-07-05T23:41:02.457Z"}
{"level":"info","message":"⌛ Validating administradorDeEnemigos.wlk","timeElapsed":132,"timestamp":"2025-07-05T23:41:02.646Z"}
{"level":"info","message":"⌛ Building environment","timeElapsed":147,"timestamp":"2025-07-05T23:41:08.000Z"}
{"level":"info","message":"⌛ Validating administradorDeEnemigos.wlk","timeElapsed":121,"timestamp":"2025-07-05T23:41:08.152Z"}
{"level":"info","message":"⌛ Building environment","timeElapsed":148,"timestamp":"2025-07-05T23:41:08.788Z"}
{"level":"error","message":"✘ Completions for node Send ([74:21, 74:45] - administradorDeEnemigos.wlk) failed: Error: [Send]{af506c} at administradorDeEnemigos.wlk:74 exhausted all cases without a match [Send]{af506c} at administradorDeEnemigos.wlk:74 exhausted all cases without a match","stack":"Error: [Send]{af506c} at administradorDeEnemigos.wlk:74 exhausted all cases without a match\n    at c:\\Users\\joaom\\.vscode\\extensions\\uqbar.wollok-lsp-ide-0.5.2\\out\\server\\src\\server.js:38:6142\n    at C2 (c:\\Users\\joaom\\.vscode\\extensions\\uqbar.wollok-lsp-ide-0.5.2\\out\\server\\src\\server.js:2362:42)\n    at Gh (c:\\Users\\joaom\\.vscode\\extensions\\uqbar.wollok-lsp-ide-0.5.2\\out\\server\\src\\server.js:2362:1092)\n    at l8n (c:\\Users\\joaom\\.vscode\\extensions\\uqbar.wollok-lsp-ide-0.5.2\\out\\server\\src\\server.js:2362:1248)\n    at c:\\Users\\joaom\\.vscode\\extensions\\uqbar.wollok-lsp-ide-0.5.2\\out\\server\\src\\server.js:38:6131\n    at C2 (c:\\Users\\joaom\\.vscode\\extensions\\uqbar.wollok-lsp-ide-0.5.2\\out\\server\\src\\server.js:2362:42)\n    at c:\\Users\\joaom\\.vscode\\extensions\\uqbar.wollok-lsp-ide-0.5.2\\out\\server\\src\\server.js:2362:2988\n    at c:\\Users\\joaom\\.vscode\\extensions\\uqbar.wollok-lsp-ide-0.5.2\\out\\server\\src\\server.js:2371:8440\n    at c:\\Users\\joaom\\.vscode\\extensions\\uqbar.wollok-lsp-ide-0.5.2\\out\\server\\src\\server.js:37:74872\n    at Ye (c:\\Users\\joaom\\.vscode\\extensions\\uqbar.wollok-lsp-ide-0.5.2\\out\\server\\src\\server.js:7:8527)","timestamp":"2025-07-05T23:41:08.829Z"}
{"level":"error","message":"✘ Completions for node If ([74:17, 78:18] - administradorDeEnemigos.wlk) failed: Error: [If]{de79ca} at administradorDeEnemigos.wlk:74 exhausted all cases without a match [If]{de79ca} at administradorDeEnemigos.wlk:74 exhausted all cases without a match","stack":"Error: [If]{de79ca} at administradorDeEnemigos.wlk:74 exhausted all cases without a match\n    at c:\\Users\\joaom\\.vscode\\extensions\\uqbar.wollok-lsp-ide-0.5.2\\out\\server\\src\\server.js:38:6142\n    at C2 (c:\\Users\\joaom\\.vscode\\extensions\\uqbar.wollok-lsp-ide-0.5.2\\out\\server\\src\\server.js:2362:42)\n    at Gh (c:\\Users\\joaom\\.vscode\\extensions\\uqbar.wollok-lsp-ide-0.5.2\\out\\server\\src\\server.js:2362:1092)\n    at C2 (c:\\Users\\joaom\\.vscode\\extensions\\uqbar.wollok-lsp-ide-0.5.2\\out\\server\\src\\server.js:2362:544)\n    at Gh (c:\\Users\\joaom\\.vscode\\extensions\\uqbar.wollok-lsp-ide-0.5.2\\out\\server\\src\\server.js:2362:1092)\n    at l8n (c:\\Users\\joaom\\.vscode\\extensions\\uqbar.wollok-lsp-ide-0.5.2\\out\\server\\src\\server.js:2362:1248)\n    at c:\\Users\\joaom\\.vscode\\extensions\\uqbar.wollok-lsp-ide-0.5.2\\out\\server\\src\\server.js:38:6131\n    at C2 (c:\\Users\\joaom\\.vscode\\extensions\\uqbar.wollok-lsp-ide-0.5.2\\out\\server\\src\\server.js:2362:42)\n    at c:\\Users\\joaom\\.vscode\\extensions\\uqbar.wollok-lsp-ide-0.5.2\\out\\server\\src\\server.js:2362:2988\n    at c:\\Users\\joaom\\.vscode\\extensions\\uqbar.wollok-lsp-ide-0.5.2\\out\\server\\src\\server.js:2371:8440","timestamp":"2025-07-05T23:41:08.829Z"}
{"level":"info","message":"⌛ Building environment","timeElapsed":107,"timestamp":"2025-07-05T23:41:08.939Z"}
{"level":"info","message":"⌛ Validating administradorDeEnemigos.wlk","timeElapsed":136,"timestamp":"2025-07-05T23:41:09.090Z"}
{"level":"info","message":"⌛ Validating administradorDeEnemigos.wlk","timeElapsed":124,"timestamp":"2025-07-05T23:41:09.307Z"}
{"level":"info","message":"⌛ Building environment","timeElapsed":101,"timestamp":"2025-07-05T23:41:09.415Z"}
{"level":"error","message":"✘ Completions for node Send ([74:21, 74:48] - administradorDeEnemigos.wlk) failed: Error: [Send]{2dd4bf} at administradorDeEnemigos.wlk:74 exhausted all cases without a match [Send]{2dd4bf} at administradorDeEnemigos.wlk:74 exhausted all cases without a match","stack":"Error: [Send]{2dd4bf} at administradorDeEnemigos.wlk:74 exhausted all cases without a match\n    at c:\\Users\\joaom\\.vscode\\extensions\\uqbar.wollok-lsp-ide-0.5.2\\out\\server\\src\\server.js:38:6142\n    at C2 (c:\\Users\\joaom\\.vscode\\extensions\\uqbar.wollok-lsp-ide-0.5.2\\out\\server\\src\\server.js:2362:42)\n    at Gh (c:\\Users\\joaom\\.vscode\\extensions\\uqbar.wollok-lsp-ide-0.5.2\\out\\server\\src\\server.js:2362:1092)\n    at l8n (c:\\Users\\joaom\\.vscode\\extensions\\uqbar.wollok-lsp-ide-0.5.2\\out\\server\\src\\server.js:2362:1248)\n    at c:\\Users\\joaom\\.vscode\\extensions\\uqbar.wollok-lsp-ide-0.5.2\\out\\server\\src\\server.js:38:6131\n    at C2 (c:\\Users\\joaom\\.vscode\\extensions\\uqbar.wollok-lsp-ide-0.5.2\\out\\server\\src\\server.js:2362:42)\n    at c:\\Users\\joaom\\.vscode\\extensions\\uqbar.wollok-lsp-ide-0.5.2\\out\\server\\src\\server.js:2362:2988\n    at c:\\Users\\joaom\\.vscode\\extensions\\uqbar.wollok-lsp-ide-0.5.2\\out\\server\\src\\server.js:2371:8440\n    at c:\\Users\\joaom\\.vscode\\extensions\\uqbar.wollok-lsp-ide-0.5.2\\out\\server\\src\\server.js:37:74872\n    at Ye (c:\\Users\\joaom\\.vscode\\extensions\\uqbar.wollok-lsp-ide-0.5.2\\out\\server\\src\\server.js:7:8527)","timestamp":"2025-07-05T23:41:09.447Z"}
{"level":"error","message":"✘ Completions for node If ([74:17, 78:18] - administradorDeEnemigos.wlk) failed: Error: [If]{e08b06} at administradorDeEnemigos.wlk:74 exhausted all cases without a match [If]{e08b06} at administradorDeEnemigos.wlk:74 exhausted all cases without a match","stack":"Error: [If]{e08b06} at administradorDeEnemigos.wlk:74 exhausted all cases without a match\n    at c:\\Users\\joaom\\.vscode\\extensions\\uqbar.wollok-lsp-ide-0.5.2\\out\\server\\src\\server.js:38:6142\n    at C2 (c:\\Users\\joaom\\.vscode\\extensions\\uqbar.wollok-lsp-ide-0.5.2\\out\\server\\src\\server.js:2362:42)\n    at Gh (c:\\Users\\joaom\\.vscode\\extensions\\uqbar.wollok-lsp-ide-0.5.2\\out\\server\\src\\server.js:2362:1092)\n    at C2 (c:\\Users\\joaom\\.vscode\\extensions\\uqbar.wollok-lsp-ide-0.5.2\\out\\server\\src\\server.js:2362:544)\n    at Gh (c:\\Users\\joaom\\.vscode\\extensions\\uqbar.wollok-lsp-ide-0.5.2\\out\\server\\src\\server.js:2362:1092)\n    at l8n (c:\\Users\\joaom\\.vscode\\extensions\\uqbar.wollok-lsp-ide-0.5.2\\out\\server\\src\\server.js:2362:1248)\n    at c:\\Users\\joaom\\.vscode\\extensions\\uqbar.wollok-lsp-ide-0.5.2\\out\\server\\src\\server.js:38:6131\n    at C2 (c:\\Users\\joaom\\.vscode\\extensions\\uqbar.wollok-lsp-ide-0.5.2\\out\\server\\src\\server.js:2362:42)\n    at c:\\Users\\joaom\\.vscode\\extensions\\uqbar.wollok-lsp-ide-0.5.2\\out\\server\\src\\server.js:2362:2988\n    at c:\\Users\\joaom\\.vscode\\extensions\\uqbar.wollok-lsp-ide-0.5.2\\out\\server\\src\\server.js:2371:8440","timestamp":"2025-07-05T23:41:09.447Z"}
{"level":"info","message":"⌛ Validating administradorDeEnemigos.wlk","timeElapsed":129,"timestamp":"2025-07-05T23:41:09.582Z"}
{"level":"info","message":"⌛ Validating administradorDeEnemigos.wlk","timeElapsed":128,"timestamp":"2025-07-05T23:41:09.725Z"}
{"level":"info","message":"⌛ Building environment","timeElapsed":130,"timestamp":"2025-07-05T23:41:09.855Z"}
{"level":"error","message":"✘ Completions for node Send ([74:21, 74:49] - administradorDeEnemigos.wlk) failed: Error: [Send]{94fe85} at administradorDeEnemigos.wlk:74 exhausted all cases without a match [Send]{94fe85} at administradorDeEnemigos.wlk:74 exhausted all cases without a match","stack":"Error: [Send]{94fe85} at administradorDeEnemigos.wlk:74 exhausted all cases without a match\n    at c:\\Users\\joaom\\.vscode\\extensions\\uqbar.wollok-lsp-ide-0.5.2\\out\\server\\src\\server.js:38:6142\n    at C2 (c:\\Users\\joaom\\.vscode\\extensions\\uqbar.wollok-lsp-ide-0.5.2\\out\\server\\src\\server.js:2362:42)\n    at Gh (c:\\Users\\joaom\\.vscode\\extensions\\uqbar.wollok-lsp-ide-0.5.2\\out\\server\\src\\server.js:2362:1092)\n    at l8n (c:\\Users\\joaom\\.vscode\\extensions\\uqbar.wollok-lsp-ide-0.5.2\\out\\server\\src\\server.js:2362:1248)\n    at c:\\Users\\joaom\\.vscode\\extensions\\uqbar.wollok-lsp-ide-0.5.2\\out\\server\\src\\server.js:38:6131\n    at C2 (c:\\Users\\joaom\\.vscode\\extensions\\uqbar.wollok-lsp-ide-0.5.2\\out\\server\\src\\server.js:2362:42)\n    at c:\\Users\\joaom\\.vscode\\extensions\\uqbar.wollok-lsp-ide-0.5.2\\out\\server\\src\\server.js:2362:2988\n    at c:\\Users\\joaom\\.vscode\\extensions\\uqbar.wollok-lsp-ide-0.5.2\\out\\server\\src\\server.js:2371:8440\n    at c:\\Users\\joaom\\.vscode\\extensions\\uqbar.wollok-lsp-ide-0.5.2\\out\\server\\src\\server.js:37:74872\n    at Ye (c:\\Users\\joaom\\.vscode\\extensions\\uqbar.wollok-lsp-ide-0.5.2\\out\\server\\src\\server.js:7:8527)","timestamp":"2025-07-05T23:41:09.887Z"}
{"level":"error","message":"✘ Completions for node If ([74:17, 78:18] - administradorDeEnemigos.wlk) failed: Error: [If]{0b3314} at administradorDeEnemigos.wlk:74 exhausted all cases without a match [If]{0b3314} at administradorDeEnemigos.wlk:74 exhausted all cases without a match","stack":"Error: [If]{0b3314} at administradorDeEnemigos.wlk:74 exhausted all cases without a match\n    at c:\\Users\\joaom\\.vscode\\extensions\\uqbar.wollok-lsp-ide-0.5.2\\out\\server\\src\\server.js:38:6142\n    at C2 (c:\\Users\\joaom\\.vscode\\extensions\\uqbar.wollok-lsp-ide-0.5.2\\out\\server\\src\\server.js:2362:42)\n    at Gh (c:\\Users\\joaom\\.vscode\\extensions\\uqbar.wollok-lsp-ide-0.5.2\\out\\server\\src\\server.js:2362:1092)\n    at C2 (c:\\Users\\joaom\\.vscode\\extensions\\uqbar.wollok-lsp-ide-0.5.2\\out\\server\\src\\server.js:2362:544)\n    at Gh (c:\\Users\\joaom\\.vscode\\extensions\\uqbar.wollok-lsp-ide-0.5.2\\out\\server\\src\\server.js:2362:1092)\n    at l8n (c:\\Users\\joaom\\.vscode\\extensions\\uqbar.wollok-lsp-ide-0.5.2\\out\\server\\src\\server.js:2362:1248)\n    at c:\\Users\\joaom\\.vscode\\extensions\\uqbar.wollok-lsp-ide-0.5.2\\out\\server\\src\\server.js:38:6131\n    at C2 (c:\\Users\\joaom\\.vscode\\extensions\\uqbar.wollok-lsp-ide-0.5.2\\out\\server\\src\\server.js:2362:42)\n    at c:\\Users\\joaom\\.vscode\\extensions\\uqbar.wollok-lsp-ide-0.5.2\\out\\server\\src\\server.js:2362:2988\n    at c:\\Users\\joaom\\.vscode\\extensions\\uqbar.wollok-lsp-ide-0.5.2\\out\\server\\src\\server.js:2371:8440","timestamp":"2025-07-05T23:41:09.887Z"}
{"level":"info","message":"⌛ Building environment","timeElapsed":178,"timestamp":"2025-07-05T23:41:10.081Z"}
{"level":"info","message":"⌛ Building environment","timeElapsed":111,"timestamp":"2025-07-05T23:41:10.192Z"}
{"level":"info","message":"⌛ Validating administradorDeEnemigos.wlk","timeElapsed":141,"timestamp":"2025-07-05T23:41:10.333Z"}
{"level":"error","message":"✘ Completions for node Send ([74:21, 74:52] - administradorDeEnemigos.wlk) failed: Error: [Send]{5d1e20} at administradorDeEnemigos.wlk:74 exhausted all cases without a match [Send]{5d1e20} at administradorDeEnemigos.wlk:74 exhausted all cases without a match","stack":"Error: [Send]{5d1e20} at administradorDeEnemigos.wlk:74 exhausted all cases without a match\n    at c:\\Users\\joaom\\.vscode\\extensions\\uqbar.wollok-lsp-ide-0.5.2\\out\\server\\src\\server.js:38:6142\n    at C2 (c:\\Users\\joaom\\.vscode\\extensions\\uqbar.wollok-lsp-ide-0.5.2\\out\\server\\src\\server.js:2362:42)\n    at Gh (c:\\Users\\joaom\\.vscode\\extensions\\uqbar.wollok-lsp-ide-0.5.2\\out\\server\\src\\server.js:2362:1092)\n    at l8n (c:\\Users\\joaom\\.vscode\\extensions\\uqbar.wollok-lsp-ide-0.5.2\\out\\server\\src\\server.js:2362:1248)\n    at c:\\Users\\joaom\\.vscode\\extensions\\uqbar.wollok-lsp-ide-0.5.2\\out\\server\\src\\server.js:38:6131\n    at C2 (c:\\Users\\joaom\\.vscode\\extensions\\uqbar.wollok-lsp-ide-0.5.2\\out\\server\\src\\server.js:2362:42)\n    at c:\\Users\\joaom\\.vscode\\extensions\\uqbar.wollok-lsp-ide-0.5.2\\out\\server\\src\\server.js:2362:2988\n    at c:\\Users\\joaom\\.vscode\\extensions\\uqbar.wollok-lsp-ide-0.5.2\\out\\server\\src\\server.js:2371:8440\n    at c:\\Users\\joaom\\.vscode\\extensions\\uqbar.wollok-lsp-ide-0.5.2\\out\\server\\src\\server.js:37:74872\n    at Ye (c:\\Users\\joaom\\.vscode\\extensions\\uqbar.wollok-lsp-ide-0.5.2\\out\\server\\src\\server.js:7:8527)","timestamp":"2025-07-05T23:41:10.463Z"}
{"level":"error","message":"✘ Completions for node If ([74:17, 78:18] - administradorDeEnemigos.wlk) failed: Error: [If]{013cc6} at administradorDeEnemigos.wlk:74 exhausted all cases without a match [If]{013cc6} at administradorDeEnemigos.wlk:74 exhausted all cases without a match","stack":"Error: [If]{013cc6} at administradorDeEnemigos.wlk:74 exhausted all cases without a match\n    at c:\\Users\\joaom\\.vscode\\extensions\\uqbar.wollok-lsp-ide-0.5.2\\out\\server\\src\\server.js:38:6142\n    at C2 (c:\\Users\\joaom\\.vscode\\extensions\\uqbar.wollok-lsp-ide-0.5.2\\out\\server\\src\\server.js:2362:42)\n    at Gh (c:\\Users\\joaom\\.vscode\\extensions\\uqbar.wollok-lsp-ide-0.5.2\\out\\server\\src\\server.js:2362:1092)\n    at C2 (c:\\Users\\joaom\\.vscode\\extensions\\uqbar.wollok-lsp-ide-0.5.2\\out\\server\\src\\server.js:2362:544)\n    at Gh (c:\\Users\\joaom\\.vscode\\extensions\\uqbar.wollok-lsp-ide-0.5.2\\out\\server\\src\\server.js:2362:1092)\n    at l8n (c:\\Users\\joaom\\.vscode\\extensions\\uqbar.wollok-lsp-ide-0.5.2\\out\\server\\src\\server.js:2362:1248)\n    at c:\\Users\\joaom\\.vscode\\extensions\\uqbar.wollok-lsp-ide-0.5.2\\out\\server\\src\\server.js:38:6131\n    at C2 (c:\\Users\\joaom\\.vscode\\extensions\\uqbar.wollok-lsp-ide-0.5.2\\out\\server\\src\\server.js:2362:42)\n    at c:\\Users\\joaom\\.vscode\\extensions\\uqbar.wollok-lsp-ide-0.5.2\\out\\server\\src\\server.js:2362:2988\n    at c:\\Users\\joaom\\.vscode\\extensions\\uqbar.wollok-lsp-ide-0.5.2\\out\\server\\src\\server.js:2371:8440","timestamp":"2025-07-05T23:41:10.463Z"}
{"level":"info","message":"⌛ Validating administradorDeEnemigos.wlk","timeElapsed":108,"timestamp":"2025-07-05T23:41:10.576Z"}
{"level":"info","message":"⌛ Validating administradorDeEnemigos.wlk","timeElapsed":110,"timestamp":"2025-07-05T23:41:10.697Z"}
{"level":"info","message":"⌛ Validating administradorDeEnemigos.wlk","timeElapsed":112,"timestamp":"2025-07-05T23:41:10.812Z"}
{"level":"info","message":"⌛ Building environment","timeElapsed":195,"timestamp":"2025-07-05T23:41:11.333Z"}
{"level":"info","message":"⌛ Validating administradorDeEnemigos.wlk","timeElapsed":196,"timestamp":"2025-07-05T23:41:11.532Z"}
{"level":"info","message":"⌛ Validating administradorDeEnemigos.wlk","timeElapsed":112,"timestamp":"2025-07-05T23:41:14.189Z"}
{"level":"info","message":"⌛ Building environment","timeElapsed":144,"timestamp":"2025-07-05T23:41:14.435Z"}
{"level":"info","message":"⌛ Validating administradorDeEnemigos.wlk","timeElapsed":113,"timestamp":"2025-07-05T23:41:14.553Z"}
{"level":"info","message":"⌛ Validating administradorDeEnemigos.wlk","timeElapsed":113,"timestamp":"2025-07-05T23:41:14.847Z"}
{"level":"info","message":"⌛ Building environment","timeElapsed":148,"timestamp":"2025-07-05T23:41:18.765Z"}
{"level":"error","message":"✘ Completions for node Parameter ([73:51, 73:52] - administradorDeEnemigos.wlk) failed: Error: [Parameter]{45f448} at administradorDeEnemigos.wlk:73 exhausted all cases without a match [Parameter]{45f448} at administradorDeEnemigos.wlk:73 exhausted all cases without a match","stack":"Error: [Parameter]{45f448} at administradorDeEnemigos.wlk:73 exhausted all cases without a match\n    at c:\\Users\\joaom\\.vscode\\extensions\\uqbar.wollok-lsp-ide-0.5.2\\out\\server\\src\\server.js:38:6142\n    at C2 (c:\\Users\\joaom\\.vscode\\extensions\\uqbar.wollok-lsp-ide-0.5.2\\out\\server\\src\\server.js:2362:42)\n    at c:\\Users\\joaom\\.vscode\\extensions\\uqbar.wollok-lsp-ide-0.5.2\\out\\server\\src\\server.js:2362:2988\n    at c:\\Users\\joaom\\.vscode\\extensions\\uqbar.wollok-lsp-ide-0.5.2\\out\\server\\src\\server.js:2371:8440\n    at c:\\Users\\joaom\\.vscode\\extensions\\uqbar.wollok-lsp-ide-0.5.2\\out\\server\\src\\server.js:37:74872\n    at Ye (c:\\Users\\joaom\\.vscode\\extensions\\uqbar.wollok-lsp-ide-0.5.2\\out\\server\\src\\server.js:7:8527)\n    at Dt (c:\\Users\\joaom\\.vscode\\extensions\\uqbar.wollok-lsp-ide-0.5.2\\out\\server\\src\\server.js:7:6189)\n    at Zi (c:\\Users\\joaom\\.vscode\\extensions\\uqbar.wollok-lsp-ide-0.5.2\\out\\server\\src\\server.js:7:6378)\n    at Immediate._onImmediate (c:\\Users\\joaom\\.vscode\\extensions\\uqbar.wollok-lsp-ide-0.5.2\\out\\server\\src\\server.js:7:6142)\n    at process.processImmediate (node:internal/timers:485:21)","timestamp":"2025-07-05T23:41:18.841Z"}
{"level":"info","message":"⌛ Building environment","timeElapsed":136,"timestamp":"2025-07-05T23:41:18.986Z"}
{"level":"info","message":"⌛ Validating administradorDeEnemigos.wlk","timeElapsed":139,"timestamp":"2025-07-05T23:41:19.126Z"}
{"level":"info","message":"⌛ Building environment","timeElapsed":109,"timestamp":"2025-07-05T23:41:19.240Z"}
{"level":"info","message":"⌛ Building environment","timeElapsed":189,"timestamp":"2025-07-05T23:41:19.431Z"}
{"level":"info","message":"⌛ Validating administradorDeEnemigos.wlk","timeElapsed":153,"timestamp":"2025-07-05T23:41:19.585Z"}
{"level":"info","message":"⌛ Validating administradorDeEnemigos.wlk","timeElapsed":127,"timestamp":"2025-07-05T23:41:19.718Z"}
{"level":"info","message":"⌛ Building environment","timeElapsed":113,"timestamp":"2025-07-05T23:41:19.832Z"}
{"level":"info","message":"⌛ Validating administradorDeEnemigos.wlk","timeElapsed":128,"timestamp":"2025-07-05T23:41:19.960Z"}
{"level":"info","message":"⌛ Building environment","timeElapsed":106,"timestamp":"2025-07-05T23:41:20.067Z"}
{"level":"info","message":"⌛ Building environment","timeElapsed":144,"timestamp":"2025-07-05T23:41:20.212Z"}
{"level":"info","message":"⌛ Building environment","timeElapsed":186,"timestamp":"2025-07-05T23:41:20.400Z"}
{"level":"info","message":"⌛ Validating administradorDeEnemigos.wlk","timeElapsed":127,"timestamp":"2025-07-05T23:41:20.528Z"}
{"level":"info","message":"⌛ Building environment","timeElapsed":114,"timestamp":"2025-07-05T23:41:20.734Z"}
{"level":"info","message":"⌛ Validating administradorDeEnemigos.wlk","timeElapsed":138,"timestamp":"2025-07-05T23:41:20.873Z"}
{"level":"info","message":"⌛ Building environment","timeElapsed":130,"timestamp":"2025-07-05T23:41:21.003Z"}
{"level":"info","message":"⌛ Validating administradorDeEnemigos.wlk","timeElapsed":132,"timestamp":"2025-07-05T23:41:21.136Z"}
{"level":"info","message":"⌛ Validating administradorDeEnemigos.wlk","timeElapsed":133,"timestamp":"2025-07-05T23:41:21.289Z"}
{"level":"info","message":"⌛ Validating administradorDeEnemigos.wlk","timeElapsed":140,"timestamp":"2025-07-05T23:41:21.429Z"}
{"level":"info","message":"⌛ Validating administradorDeEnemigos.wlk","timeElapsed":130,"timestamp":"2025-07-05T23:41:21.560Z"}
{"level":"info","message":"⌛ Validating administradorDeEnemigos.wlk","timeElapsed":122,"timestamp":"2025-07-05T23:41:21.690Z"}
{"level":"info","message":"⌛ Building environment","timeElapsed":127,"timestamp":"2025-07-05T23:41:23.131Z"}
{"level":"error","message":"✘ Completions for node Send ([74:21, 74:47] - administradorDeEnemigos.wlk) failed: Error: [Send]{fde699} at administradorDeEnemigos.wlk:74 exhausted all cases without a match [Send]{fde699} at administradorDeEnemigos.wlk:74 exhausted all cases without a match","stack":"Error: [Send]{fde699} at administradorDeEnemigos.wlk:74 exhausted all cases without a match\n    at c:\\Users\\joaom\\.vscode\\extensions\\uqbar.wollok-lsp-ide-0.5.2\\out\\server\\src\\server.js:38:6142\n    at C2 (c:\\Users\\joaom\\.vscode\\extensions\\uqbar.wollok-lsp-ide-0.5.2\\out\\server\\src\\server.js:2362:42)\n    at Gh (c:\\Users\\joaom\\.vscode\\extensions\\uqbar.wollok-lsp-ide-0.5.2\\out\\server\\src\\server.js:2362:1092)\n    at l8n (c:\\Users\\joaom\\.vscode\\extensions\\uqbar.wollok-lsp-ide-0.5.2\\out\\server\\src\\server.js:2362:1248)\n    at c:\\Users\\joaom\\.vscode\\extensions\\uqbar.wollok-lsp-ide-0.5.2\\out\\server\\src\\server.js:38:6131\n    at C2 (c:\\Users\\joaom\\.vscode\\extensions\\uqbar.wollok-lsp-ide-0.5.2\\out\\server\\src\\server.js:2362:42)\n    at c:\\Users\\joaom\\.vscode\\extensions\\uqbar.wollok-lsp-ide-0.5.2\\out\\server\\src\\server.js:2362:2988\n    at c:\\Users\\joaom\\.vscode\\extensions\\uqbar.wollok-lsp-ide-0.5.2\\out\\server\\src\\server.js:2371:8440\n    at c:\\Users\\joaom\\.vscode\\extensions\\uqbar.wollok-lsp-ide-0.5.2\\out\\server\\src\\server.js:37:74872\n    at Ye (c:\\Users\\joaom\\.vscode\\extensions\\uqbar.wollok-lsp-ide-0.5.2\\out\\server\\src\\server.js:7:8527)","timestamp":"2025-07-05T23:41:23.188Z"}
{"level":"error","message":"✘ Completions for node If ([74:17, 78:18] - administradorDeEnemigos.wlk) failed: Error: [If]{8b40d2} at administradorDeEnemigos.wlk:74 exhausted all cases without a match [If]{8b40d2} at administradorDeEnemigos.wlk:74 exhausted all cases without a match","stack":"Error: [If]{8b40d2} at administradorDeEnemigos.wlk:74 exhausted all cases without a match\n    at c:\\Users\\joaom\\.vscode\\extensions\\uqbar.wollok-lsp-ide-0.5.2\\out\\server\\src\\server.js:38:6142\n    at C2 (c:\\Users\\joaom\\.vscode\\extensions\\uqbar.wollok-lsp-ide-0.5.2\\out\\server\\src\\server.js:2362:42)\n    at Gh (c:\\Users\\joaom\\.vscode\\extensions\\uqbar.wollok-lsp-ide-0.5.2\\out\\server\\src\\server.js:2362:1092)\n    at C2 (c:\\Users\\joaom\\.vscode\\extensions\\uqbar.wollok-lsp-ide-0.5.2\\out\\server\\src\\server.js:2362:544)\n    at Gh (c:\\Users\\joaom\\.vscode\\extensions\\uqbar.wollok-lsp-ide-0.5.2\\out\\server\\src\\server.js:2362:1092)\n    at l8n (c:\\Users\\joaom\\.vscode\\extensions\\uqbar.wollok-lsp-ide-0.5.2\\out\\server\\src\\server.js:2362:1248)\n    at c:\\Users\\joaom\\.vscode\\extensions\\uqbar.wollok-lsp-ide-0.5.2\\out\\server\\src\\server.js:38:6131\n    at C2 (c:\\Users\\joaom\\.vscode\\extensions\\uqbar.wollok-lsp-ide-0.5.2\\out\\server\\src\\server.js:2362:42)\n    at c:\\Users\\joaom\\.vscode\\extensions\\uqbar.wollok-lsp-ide-0.5.2\\out\\server\\src\\server.js:2362:2988\n    at c:\\Users\\joaom\\.vscode\\extensions\\uqbar.wollok-lsp-ide-0.5.2\\out\\server\\src\\server.js:2371:8440","timestamp":"2025-07-05T23:41:23.189Z"}
{"level":"info","message":"⌛ Building environment","timeElapsed":134,"timestamp":"2025-07-05T23:41:23.328Z"}
{"level":"info","message":"⌛ Validating administradorDeEnemigos.wlk","timeElapsed":127,"timestamp":"2025-07-05T23:41:23.465Z"}
{"level":"info","message":"⌛ Validating administradorDeEnemigos.wlk","timeElapsed":152,"timestamp":"2025-07-05T23:41:23.711Z"}
{"level":"info","message":"⌛ Building environment","timeElapsed":105,"timestamp":"2025-07-05T23:41:23.820Z"}
{"level":"info","message":"⌛ Validating administradorDeEnemigos.wlk","timeElapsed":125,"timestamp":"2025-07-05T23:41:23.946Z"}
{"level":"info","message":"⌛ Validating administradorDeEnemigos.wlk","timeElapsed":121,"timestamp":"2025-07-05T23:41:24.369Z"}
{"level":"info","message":"⌛ Validating administradorDeEnemigos.wlk","timeElapsed":115,"timestamp":"2025-07-05T23:41:24.487Z"}
{"level":"info","message":"⌛ Validating administradorDeEnemigos.wlk","timeElapsed":120,"timestamp":"2025-07-05T23:41:24.613Z"}
{"level":"info","message":"⌛ Validating administradorDeEnemigos.wlk","timeElapsed":132,"timestamp":"2025-07-05T23:41:24.753Z"}
{"level":"info","message":"⌛ Building environment","timeElapsed":119,"timestamp":"2025-07-05T23:41:25.393Z"}
{"level":"error","message":"✘ Completions for node Send ([74:21, 74:45] - administradorDeEnemigos.wlk) failed: Error: [Send]{5d2635} at administradorDeEnemigos.wlk:74 exhausted all cases without a match [Send]{5d2635} at administradorDeEnemigos.wlk:74 exhausted all cases without a match","stack":"Error: [Send]{5d2635} at administradorDeEnemigos.wlk:74 exhausted all cases without a match\n    at c:\\Users\\joaom\\.vscode\\extensions\\uqbar.wollok-lsp-ide-0.5.2\\out\\server\\src\\server.js:38:6142\n    at C2 (c:\\Users\\joaom\\.vscode\\extensions\\uqbar.wollok-lsp-ide-0.5.2\\out\\server\\src\\server.js:2362:42)\n    at Gh (c:\\Users\\joaom\\.vscode\\extensions\\uqbar.wollok-lsp-ide-0.5.2\\out\\server\\src\\server.js:2362:1092)\n    at l8n (c:\\Users\\joaom\\.vscode\\extensions\\uqbar.wollok-lsp-ide-0.5.2\\out\\server\\src\\server.js:2362:1248)\n    at c:\\Users\\joaom\\.vscode\\extensions\\uqbar.wollok-lsp-ide-0.5.2\\out\\server\\src\\server.js:38:6131\n    at C2 (c:\\Users\\joaom\\.vscode\\extensions\\uqbar.wollok-lsp-ide-0.5.2\\out\\server\\src\\server.js:2362:42)\n    at c:\\Users\\joaom\\.vscode\\extensions\\uqbar.wollok-lsp-ide-0.5.2\\out\\server\\src\\server.js:2362:2988\n    at c:\\Users\\joaom\\.vscode\\extensions\\uqbar.wollok-lsp-ide-0.5.2\\out\\server\\src\\server.js:2371:8440\n    at c:\\Users\\joaom\\.vscode\\extensions\\uqbar.wollok-lsp-ide-0.5.2\\out\\server\\src\\server.js:37:74872\n    at Ye (c:\\Users\\joaom\\.vscode\\extensions\\uqbar.wollok-lsp-ide-0.5.2\\out\\server\\src\\server.js:7:8527)","timestamp":"2025-07-05T23:41:25.427Z"}
{"level":"error","message":"✘ Completions for node If ([74:17, 78:18] - administradorDeEnemigos.wlk) failed: Error: [If]{4b534d} at administradorDeEnemigos.wlk:74 exhausted all cases without a match [If]{4b534d} at administradorDeEnemigos.wlk:74 exhausted all cases without a match","stack":"Error: [If]{4b534d} at administradorDeEnemigos.wlk:74 exhausted all cases without a match\n    at c:\\Users\\joaom\\.vscode\\extensions\\uqbar.wollok-lsp-ide-0.5.2\\out\\server\\src\\server.js:38:6142\n    at C2 (c:\\Users\\joaom\\.vscode\\extensions\\uqbar.wollok-lsp-ide-0.5.2\\out\\server\\src\\server.js:2362:42)\n    at Gh (c:\\Users\\joaom\\.vscode\\extensions\\uqbar.wollok-lsp-ide-0.5.2\\out\\server\\src\\server.js:2362:1092)\n    at C2 (c:\\Users\\joaom\\.vscode\\extensions\\uqbar.wollok-lsp-ide-0.5.2\\out\\server\\src\\server.js:2362:544)\n    at Gh (c:\\Users\\joaom\\.vscode\\extensions\\uqbar.wollok-lsp-ide-0.5.2\\out\\server\\src\\server.js:2362:1092)\n    at l8n (c:\\Users\\joaom\\.vscode\\extensions\\uqbar.wollok-lsp-ide-0.5.2\\out\\server\\src\\server.js:2362:1248)\n    at c:\\Users\\joaom\\.vscode\\extensions\\uqbar.wollok-lsp-ide-0.5.2\\out\\server\\src\\server.js:38:6131\n    at C2 (c:\\Users\\joaom\\.vscode\\extensions\\uqbar.wollok-lsp-ide-0.5.2\\out\\server\\src\\server.js:2362:42)\n    at c:\\Users\\joaom\\.vscode\\extensions\\uqbar.wollok-lsp-ide-0.5.2\\out\\server\\src\\server.js:2362:2988\n    at c:\\Users\\joaom\\.vscode\\extensions\\uqbar.wollok-lsp-ide-0.5.2\\out\\server\\src\\server.js:2371:8440","timestamp":"2025-07-05T23:41:25.427Z"}
{"level":"info","message":"⌛ Building environment","timeElapsed":110,"timestamp":"2025-07-05T23:41:25.542Z"}
{"level":"info","message":"⌛ Validating administradorDeEnemigos.wlk","timeElapsed":174,"timestamp":"2025-07-05T23:41:25.717Z"}
{"level":"info","message":"⌛ Validating administradorDeEnemigos.wlk","timeElapsed":117,"timestamp":"2025-07-05T23:41:25.838Z"}
{"level":"info","message":"⌛ Building environment","timeElapsed":115,"timestamp":"2025-07-05T23:41:26.116Z"}
{"level":"error","message":"✘ Completions for node Send ([74:21, 74:47] - administradorDeEnemigos.wlk) failed: Error: [Send]{fbafb6} at administradorDeEnemigos.wlk:74 exhausted all cases without a match [Send]{fbafb6} at administradorDeEnemigos.wlk:74 exhausted all cases without a match","stack":"Error: [Send]{fbafb6} at administradorDeEnemigos.wlk:74 exhausted all cases without a match\n    at c:\\Users\\joaom\\.vscode\\extensions\\uqbar.wollok-lsp-ide-0.5.2\\out\\server\\src\\server.js:38:6142\n    at C2 (c:\\Users\\joaom\\.vscode\\extensions\\uqbar.wollok-lsp-ide-0.5.2\\out\\server\\src\\server.js:2362:42)\n    at Gh (c:\\Users\\joaom\\.vscode\\extensions\\uqbar.wollok-lsp-ide-0.5.2\\out\\server\\src\\server.js:2362:1092)\n    at l8n (c:\\Users\\joaom\\.vscode\\extensions\\uqbar.wollok-lsp-ide-0.5.2\\out\\server\\src\\server.js:2362:1248)\n    at c:\\Users\\joaom\\.vscode\\extensions\\uqbar.wollok-lsp-ide-0.5.2\\out\\server\\src\\server.js:38:6131\n    at C2 (c:\\Users\\joaom\\.vscode\\extensions\\uqbar.wollok-lsp-ide-0.5.2\\out\\server\\src\\server.js:2362:42)\n    at c:\\Users\\joaom\\.vscode\\extensions\\uqbar.wollok-lsp-ide-0.5.2\\out\\server\\src\\server.js:2362:2988\n    at c:\\Users\\joaom\\.vscode\\extensions\\uqbar.wollok-lsp-ide-0.5.2\\out\\server\\src\\server.js:2371:8440\n    at c:\\Users\\joaom\\.vscode\\extensions\\uqbar.wollok-lsp-ide-0.5.2\\out\\server\\src\\server.js:37:74872\n    at Ye (c:\\Users\\joaom\\.vscode\\extensions\\uqbar.wollok-lsp-ide-0.5.2\\out\\server\\src\\server.js:7:8527)","timestamp":"2025-07-05T23:41:26.152Z"}
{"level":"error","message":"✘ Completions for node If ([74:17, 78:18] - administradorDeEnemigos.wlk) failed: Error: [If]{627507} at administradorDeEnemigos.wlk:74 exhausted all cases without a match [If]{627507} at administradorDeEnemigos.wlk:74 exhausted all cases without a match","stack":"Error: [If]{627507} at administradorDeEnemigos.wlk:74 exhausted all cases without a match\n    at c:\\Users\\joaom\\.vscode\\extensions\\uqbar.wollok-lsp-ide-0.5.2\\out\\server\\src\\server.js:38:6142\n    at C2 (c:\\Users\\joaom\\.vscode\\extensions\\uqbar.wollok-lsp-ide-0.5.2\\out\\server\\src\\server.js:2362:42)\n    at Gh (c:\\Users\\joaom\\.vscode\\extensions\\uqbar.wollok-lsp-ide-0.5.2\\out\\server\\src\\server.js:2362:1092)\n    at C2 (c:\\Users\\joaom\\.vscode\\extensions\\uqbar.wollok-lsp-ide-0.5.2\\out\\server\\src\\server.js:2362:544)\n    at Gh (c:\\Users\\joaom\\.vscode\\extensions\\uqbar.wollok-lsp-ide-0.5.2\\out\\server\\src\\server.js:2362:1092)\n    at l8n (c:\\Users\\joaom\\.vscode\\extensions\\uqbar.wollok-lsp-ide-0.5.2\\out\\server\\src\\server.js:2362:1248)\n    at c:\\Users\\joaom\\.vscode\\extensions\\uqbar.wollok-lsp-ide-0.5.2\\out\\server\\src\\server.js:38:6131\n    at C2 (c:\\Users\\joaom\\.vscode\\extensions\\uqbar.wollok-lsp-ide-0.5.2\\out\\server\\src\\server.js:2362:42)\n    at c:\\Users\\joaom\\.vscode\\extensions\\uqbar.wollok-lsp-ide-0.5.2\\out\\server\\src\\server.js:2362:2988\n    at c:\\Users\\joaom\\.vscode\\extensions\\uqbar.wollok-lsp-ide-0.5.2\\out\\server\\src\\server.js:2371:8440","timestamp":"2025-07-05T23:41:26.152Z"}
{"level":"info","message":"⌛ Validating administradorDeEnemigos.wlk","timeElapsed":114,"timestamp":"2025-07-05T23:41:26.279Z"}
{"level":"error","message":"✘ Completions for node Send ([74:21, 74:48] - administradorDeEnemigos.wlk) failed: Error: [Send]{c21a62} at administradorDeEnemigos.wlk:74 exhausted all cases without a match [Send]{c21a62} at administradorDeEnemigos.wlk:74 exhausted all cases without a match","stack":"Error: [Send]{c21a62} at administradorDeEnemigos.wlk:74 exhausted all cases without a match\n    at c:\\Users\\joaom\\.vscode\\extensions\\uqbar.wollok-lsp-ide-0.5.2\\out\\server\\src\\server.js:38:6142\n    at C2 (c:\\Users\\joaom\\.vscode\\extensions\\uqbar.wollok-lsp-ide-0.5.2\\out\\server\\src\\server.js:2362:42)\n    at Gh (c:\\Users\\joaom\\.vscode\\extensions\\uqbar.wollok-lsp-ide-0.5.2\\out\\server\\src\\server.js:2362:1092)\n    at l8n (c:\\Users\\joaom\\.vscode\\extensions\\uqbar.wollok-lsp-ide-0.5.2\\out\\server\\src\\server.js:2362:1248)\n    at c:\\Users\\joaom\\.vscode\\extensions\\uqbar.wollok-lsp-ide-0.5.2\\out\\server\\src\\server.js:38:6131\n    at C2 (c:\\Users\\joaom\\.vscode\\extensions\\uqbar.wollok-lsp-ide-0.5.2\\out\\server\\src\\server.js:2362:42)\n    at c:\\Users\\joaom\\.vscode\\extensions\\uqbar.wollok-lsp-ide-0.5.2\\out\\server\\src\\server.js:2362:2988\n    at c:\\Users\\joaom\\.vscode\\extensions\\uqbar.wollok-lsp-ide-0.5.2\\out\\server\\src\\server.js:2371:8440\n    at c:\\Users\\joaom\\.vscode\\extensions\\uqbar.wollok-lsp-ide-0.5.2\\out\\server\\src\\server.js:37:74872\n    at Ye (c:\\Users\\joaom\\.vscode\\extensions\\uqbar.wollok-lsp-ide-0.5.2\\out\\server\\src\\server.js:7:8527)","timestamp":"2025-07-05T23:41:26.658Z"}
{"level":"error","message":"✘ Completions for node If ([74:17, 78:18] - administradorDeEnemigos.wlk) failed: Error: [If]{b722d4} at administradorDeEnemigos.wlk:74 exhausted all cases without a match [If]{b722d4} at administradorDeEnemigos.wlk:74 exhausted all cases without a match","stack":"Error: [If]{b722d4} at administradorDeEnemigos.wlk:74 exhausted all cases without a match\n    at c:\\Users\\joaom\\.vscode\\extensions\\uqbar.wollok-lsp-ide-0.5.2\\out\\server\\src\\server.js:38:6142\n    at C2 (c:\\Users\\joaom\\.vscode\\extensions\\uqbar.wollok-lsp-ide-0.5.2\\out\\server\\src\\server.js:2362:42)\n    at Gh (c:\\Users\\joaom\\.vscode\\extensions\\uqbar.wollok-lsp-ide-0.5.2\\out\\server\\src\\server.js:2362:1092)\n    at C2 (c:\\Users\\joaom\\.vscode\\extensions\\uqbar.wollok-lsp-ide-0.5.2\\out\\server\\src\\server.js:2362:544)\n    at Gh (c:\\Users\\joaom\\.vscode\\extensions\\uqbar.wollok-lsp-ide-0.5.2\\out\\server\\src\\server.js:2362:1092)\n    at l8n (c:\\Users\\joaom\\.vscode\\extensions\\uqbar.wollok-lsp-ide-0.5.2\\out\\server\\src\\server.js:2362:1248)\n    at c:\\Users\\joaom\\.vscode\\extensions\\uqbar.wollok-lsp-ide-0.5.2\\out\\server\\src\\server.js:38:6131\n    at C2 (c:\\Users\\joaom\\.vscode\\extensions\\uqbar.wollok-lsp-ide-0.5.2\\out\\server\\src\\server.js:2362:42)\n    at c:\\Users\\joaom\\.vscode\\extensions\\uqbar.wollok-lsp-ide-0.5.2\\out\\server\\src\\server.js:2362:2988\n    at c:\\Users\\joaom\\.vscode\\extensions\\uqbar.wollok-lsp-ide-0.5.2\\out\\server\\src\\server.js:2371:8440","timestamp":"2025-07-05T23:41:26.659Z"}
{"level":"info","message":"⌛ Validating administradorDeEnemigos.wlk","timeElapsed":118,"timestamp":"2025-07-05T23:41:26.779Z"}
{"level":"info","message":"⌛ Building environment","timeElapsed":114,"timestamp":"2025-07-05T23:41:26.894Z"}
{"level":"error","message":"✘ Completions for node Send ([74:21, 74:49] - administradorDeEnemigos.wlk) failed: Error: [Send]{a370d1} at administradorDeEnemigos.wlk:74 exhausted all cases without a match [Send]{a370d1} at administradorDeEnemigos.wlk:74 exhausted all cases without a match","stack":"Error: [Send]{a370d1} at administradorDeEnemigos.wlk:74 exhausted all cases without a match\n    at c:\\Users\\joaom\\.vscode\\extensions\\uqbar.wollok-lsp-ide-0.5.2\\out\\server\\src\\server.js:38:6142\n    at C2 (c:\\Users\\joaom\\.vscode\\extensions\\uqbar.wollok-lsp-ide-0.5.2\\out\\server\\src\\server.js:2362:42)\n    at Gh (c:\\Users\\joaom\\.vscode\\extensions\\uqbar.wollok-lsp-ide-0.5.2\\out\\server\\src\\server.js:2362:1092)\n    at l8n (c:\\Users\\joaom\\.vscode\\extensions\\uqbar.wollok-lsp-ide-0.5.2\\out\\server\\src\\server.js:2362:1248)\n    at c:\\Users\\joaom\\.vscode\\extensions\\uqbar.wollok-lsp-ide-0.5.2\\out\\server\\src\\server.js:38:6131\n    at C2 (c:\\Users\\joaom\\.vscode\\extensions\\uqbar.wollok-lsp-ide-0.5.2\\out\\server\\src\\server.js:2362:42)\n    at c:\\Users\\joaom\\.vscode\\extensions\\uqbar.wollok-lsp-ide-0.5.2\\out\\server\\src\\server.js:2362:2988\n    at c:\\Users\\joaom\\.vscode\\extensions\\uqbar.wollok-lsp-ide-0.5.2\\out\\server\\src\\server.js:2371:8440\n    at c:\\Users\\joaom\\.vscode\\extensions\\uqbar.wollok-lsp-ide-0.5.2\\out\\server\\src\\server.js:37:74872\n    at Ye (c:\\Users\\joaom\\.vscode\\extensions\\uqbar.wollok-lsp-ide-0.5.2\\out\\server\\src\\server.js:7:8527)","timestamp":"2025-07-05T23:41:26.939Z"}
{"level":"error","message":"✘ Completions for node If ([74:17, 78:18] - administradorDeEnemigos.wlk) failed: Error: [If]{077b71} at administradorDeEnemigos.wlk:74 exhausted all cases without a match [If]{077b71} at administradorDeEnemigos.wlk:74 exhausted all cases without a match","stack":"Error: [If]{077b71} at administradorDeEnemigos.wlk:74 exhausted all cases without a match\n    at c:\\Users\\joaom\\.vscode\\extensions\\uqbar.wollok-lsp-ide-0.5.2\\out\\server\\src\\server.js:38:6142\n    at C2 (c:\\Users\\joaom\\.vscode\\extensions\\uqbar.wollok-lsp-ide-0.5.2\\out\\server\\src\\server.js:2362:42)\n    at Gh (c:\\Users\\joaom\\.vscode\\extensions\\uqbar.wollok-lsp-ide-0.5.2\\out\\server\\src\\server.js:2362:1092)\n    at C2 (c:\\Users\\joaom\\.vscode\\extensions\\uqbar.wollok-lsp-ide-0.5.2\\out\\server\\src\\server.js:2362:544)\n    at Gh (c:\\Users\\joaom\\.vscode\\extensions\\uqbar.wollok-lsp-ide-0.5.2\\out\\server\\src\\server.js:2362:1092)\n    at l8n (c:\\Users\\joaom\\.vscode\\extensions\\uqbar.wollok-lsp-ide-0.5.2\\out\\server\\src\\server.js:2362:1248)\n    at c:\\Users\\joaom\\.vscode\\extensions\\uqbar.wollok-lsp-ide-0.5.2\\out\\server\\src\\server.js:38:6131\n    at C2 (c:\\Users\\joaom\\.vscode\\extensions\\uqbar.wollok-lsp-ide-0.5.2\\out\\server\\src\\server.js:2362:42)\n    at c:\\Users\\joaom\\.vscode\\extensions\\uqbar.wollok-lsp-ide-0.5.2\\out\\server\\src\\server.js:2362:2988\n    at c:\\Users\\joaom\\.vscode\\extensions\\uqbar.wollok-lsp-ide-0.5.2\\out\\server\\src\\server.js:2371:8440","timestamp":"2025-07-05T23:41:26.939Z"}
{"level":"info","message":"⌛ Validating administradorDeEnemigos.wlk","timeElapsed":114,"timestamp":"2025-07-05T23:41:27.055Z"}
{"level":"info","message":"⌛ Building environment","timeElapsed":112,"timestamp":"2025-07-05T23:41:27.276Z"}
{"level":"error","message":"✘ Completions for node Send ([74:21, 74:51] - administradorDeEnemigos.wlk) failed: Error: [Send]{eb90ca} at administradorDeEnemigos.wlk:74 exhausted all cases without a match [Send]{eb90ca} at administradorDeEnemigos.wlk:74 exhausted all cases without a match","stack":"Error: [Send]{eb90ca} at administradorDeEnemigos.wlk:74 exhausted all cases without a match\n    at c:\\Users\\joaom\\.vscode\\extensions\\uqbar.wollok-lsp-ide-0.5.2\\out\\server\\src\\server.js:38:6142\n    at C2 (c:\\Users\\joaom\\.vscode\\extensions\\uqbar.wollok-lsp-ide-0.5.2\\out\\server\\src\\server.js:2362:42)\n    at Gh (c:\\Users\\joaom\\.vscode\\extensions\\uqbar.wollok-lsp-ide-0.5.2\\out\\server\\src\\server.js:2362:1092)\n    at l8n (c:\\Users\\joaom\\.vscode\\extensions\\uqbar.wollok-lsp-ide-0.5.2\\out\\server\\src\\server.js:2362:1248)\n    at c:\\Users\\joaom\\.vscode\\extensions\\uqbar.wollok-lsp-ide-0.5.2\\out\\server\\src\\server.js:38:6131\n    at C2 (c:\\Users\\joaom\\.vscode\\extensions\\uqbar.wollok-lsp-ide-0.5.2\\out\\server\\src\\server.js:2362:42)\n    at c:\\Users\\joaom\\.vscode\\extensions\\uqbar.wollok-lsp-ide-0.5.2\\out\\server\\src\\server.js:2362:2988\n    at c:\\Users\\joaom\\.vscode\\extensions\\uqbar.wollok-lsp-ide-0.5.2\\out\\server\\src\\server.js:2371:8440\n    at c:\\Users\\joaom\\.vscode\\extensions\\uqbar.wollok-lsp-ide-0.5.2\\out\\server\\src\\server.js:37:74872\n    at Ye (c:\\Users\\joaom\\.vscode\\extensions\\uqbar.wollok-lsp-ide-0.5.2\\out\\server\\src\\server.js:7:8527)","timestamp":"2025-07-05T23:41:27.308Z"}
{"level":"error","message":"✘ Completions for node If ([74:17, 78:18] - administradorDeEnemigos.wlk) failed: Error: [If]{5e0bcc} at administradorDeEnemigos.wlk:74 exhausted all cases without a match [If]{5e0bcc} at administradorDeEnemigos.wlk:74 exhausted all cases without a match","stack":"Error: [If]{5e0bcc} at administradorDeEnemigos.wlk:74 exhausted all cases without a match\n    at c:\\Users\\joaom\\.vscode\\extensions\\uqbar.wollok-lsp-ide-0.5.2\\out\\server\\src\\server.js:38:6142\n    at C2 (c:\\Users\\joaom\\.vscode\\extensions\\uqbar.wollok-lsp-ide-0.5.2\\out\\server\\src\\server.js:2362:42)\n    at Gh (c:\\Users\\joaom\\.vscode\\extensions\\uqbar.wollok-lsp-ide-0.5.2\\out\\server\\src\\server.js:2362:1092)\n    at C2 (c:\\Users\\joaom\\.vscode\\extensions\\uqbar.wollok-lsp-ide-0.5.2\\out\\server\\src\\server.js:2362:544)\n    at Gh (c:\\Users\\joaom\\.vscode\\extensions\\uqbar.wollok-lsp-ide-0.5.2\\out\\server\\src\\server.js:2362:1092)\n    at l8n (c:\\Users\\joaom\\.vscode\\extensions\\uqbar.wollok-lsp-ide-0.5.2\\out\\server\\src\\server.js:2362:1248)\n    at c:\\Users\\joaom\\.vscode\\extensions\\uqbar.wollok-lsp-ide-0.5.2\\out\\server\\src\\server.js:38:6131\n    at C2 (c:\\Users\\joaom\\.vscode\\extensions\\uqbar.wollok-lsp-ide-0.5.2\\out\\server\\src\\server.js:2362:42)\n    at c:\\Users\\joaom\\.vscode\\extensions\\uqbar.wollok-lsp-ide-0.5.2\\out\\server\\src\\server.js:2362:2988\n    at c:\\Users\\joaom\\.vscode\\extensions\\uqbar.wollok-lsp-ide-0.5.2\\out\\server\\src\\server.js:2371:8440","timestamp":"2025-07-05T23:41:27.309Z"}
{"level":"info","message":"⌛ Validating administradorDeEnemigos.wlk","timeElapsed":117,"timestamp":"2025-07-05T23:41:27.440Z"}
{"level":"info","message":"⌛ Building environment","timeElapsed":199,"timestamp":"2025-07-05T23:41:27.640Z"}
{"level":"info","message":"⌛ Validating administradorDeEnemigos.wlk","timeElapsed":121,"timestamp":"2025-07-05T23:41:27.761Z"}
{"level":"info","message":"⌛ Building environment","timeElapsed":116,"timestamp":"2025-07-05T23:41:27.883Z"}
{"level":"info","message":"⌛ Validating administradorDeEnemigos.wlk","timeElapsed":117,"timestamp":"2025-07-05T23:41:28.005Z"}
{"level":"info","message":"⌛ Validating administradorDeEnemigos.wlk","timeElapsed":124,"timestamp":"2025-07-05T23:41:28.144Z"}
{"level":"info","message":"⌛ Building environment","timeElapsed":130,"timestamp":"2025-07-05T23:41:30.543Z"}
{"level":"error","message":"✘ Completions for node Send ([74:21, 74:50] - administradorDeEnemigos.wlk) failed: Error: [Send]{65213b} at administradorDeEnemigos.wlk:74 exhausted all cases without a match [Send]{65213b} at administradorDeEnemigos.wlk:74 exhausted all cases without a match","stack":"Error: [Send]{65213b} at administradorDeEnemigos.wlk:74 exhausted all cases without a match\n    at c:\\Users\\joaom\\.vscode\\extensions\\uqbar.wollok-lsp-ide-0.5.2\\out\\server\\src\\server.js:38:6142\n    at C2 (c:\\Users\\joaom\\.vscode\\extensions\\uqbar.wollok-lsp-ide-0.5.2\\out\\server\\src\\server.js:2362:42)\n    at Gh (c:\\Users\\joaom\\.vscode\\extensions\\uqbar.wollok-lsp-ide-0.5.2\\out\\server\\src\\server.js:2362:1092)\n    at l8n (c:\\Users\\joaom\\.vscode\\extensions\\uqbar.wollok-lsp-ide-0.5.2\\out\\server\\src\\server.js:2362:1248)\n    at c:\\Users\\joaom\\.vscode\\extensions\\uqbar.wollok-lsp-ide-0.5.2\\out\\server\\src\\server.js:38:6131\n    at C2 (c:\\Users\\joaom\\.vscode\\extensions\\uqbar.wollok-lsp-ide-0.5.2\\out\\server\\src\\server.js:2362:42)\n    at c:\\Users\\joaom\\.vscode\\extensions\\uqbar.wollok-lsp-ide-0.5.2\\out\\server\\src\\server.js:2362:2988\n    at c:\\Users\\joaom\\.vscode\\extensions\\uqbar.wollok-lsp-ide-0.5.2\\out\\server\\src\\server.js:2371:8440\n    at c:\\Users\\joaom\\.vscode\\extensions\\uqbar.wollok-lsp-ide-0.5.2\\out\\server\\src\\server.js:37:74872\n    at Ye (c:\\Users\\joaom\\.vscode\\extensions\\uqbar.wollok-lsp-ide-0.5.2\\out\\server\\src\\server.js:7:8527)","timestamp":"2025-07-05T23:41:30.581Z"}
{"level":"error","message":"✘ Completions for node If ([74:17, 78:18] - administradorDeEnemigos.wlk) failed: Error: [If]{0bfe50} at administradorDeEnemigos.wlk:74 exhausted all cases without a match [If]{0bfe50} at administradorDeEnemigos.wlk:74 exhausted all cases without a match","stack":"Error: [If]{0bfe50} at administradorDeEnemigos.wlk:74 exhausted all cases without a match\n    at c:\\Users\\joaom\\.vscode\\extensions\\uqbar.wollok-lsp-ide-0.5.2\\out\\server\\src\\server.js:38:6142\n    at C2 (c:\\Users\\joaom\\.vscode\\extensions\\uqbar.wollok-lsp-ide-0.5.2\\out\\server\\src\\server.js:2362:42)\n    at Gh (c:\\Users\\joaom\\.vscode\\extensions\\uqbar.wollok-lsp-ide-0.5.2\\out\\server\\src\\server.js:2362:1092)\n    at C2 (c:\\Users\\joaom\\.vscode\\extensions\\uqbar.wollok-lsp-ide-0.5.2\\out\\server\\src\\server.js:2362:544)\n    at Gh (c:\\Users\\joaom\\.vscode\\extensions\\uqbar.wollok-lsp-ide-0.5.2\\out\\server\\src\\server.js:2362:1092)\n    at l8n (c:\\Users\\joaom\\.vscode\\extensions\\uqbar.wollok-lsp-ide-0.5.2\\out\\server\\src\\server.js:2362:1248)\n    at c:\\Users\\joaom\\.vscode\\extensions\\uqbar.wollok-lsp-ide-0.5.2\\out\\server\\src\\server.js:38:6131\n    at C2 (c:\\Users\\joaom\\.vscode\\extensions\\uqbar.wollok-lsp-ide-0.5.2\\out\\server\\src\\server.js:2362:42)\n    at c:\\Users\\joaom\\.vscode\\extensions\\uqbar.wollok-lsp-ide-0.5.2\\out\\server\\src\\server.js:2362:2988\n    at c:\\Users\\joaom\\.vscode\\extensions\\uqbar.wollok-lsp-ide-0.5.2\\out\\server\\src\\server.js:2371:8440","timestamp":"2025-07-05T23:41:30.582Z"}
{"level":"info","message":"⌛ Validating administradorDeEnemigos.wlk","timeElapsed":127,"timestamp":"2025-07-05T23:41:30.713Z"}
{"level":"info","message":"⌛ Building environment","timeElapsed":106,"timestamp":"2025-07-05T23:41:30.820Z"}
{"level":"info","message":"⌛ Validating administradorDeEnemigos.wlk","timeElapsed":113,"timestamp":"2025-07-05T23:41:30.942Z"}
{"level":"info","message":"⌛ Building environment","timeElapsed":142,"timestamp":"2025-07-05T23:41:31.586Z"}
{"level":"info","message":"⌛ Validating administradorDeEnemigos.wlk","timeElapsed":123,"timestamp":"2025-07-05T23:41:31.716Z"}
{"level":"error","message":"✘ Failed to rebuild document Failed to parse administradorDeEnemigos.wlk: \n-- PARSING FAILED --------------------------------------------------\n\n  76 |                     otro.activo = false\n  77 |                     otro.eliminar()\n> 78 |                 }\n     |                 ^\n  79 |             })\n  80 |         }\n\nExpected one of the following: \n\n'@', 'class', 'const', 'describe', 'mixin', 'object', 'only', 'package', 'program', 'test', 'var', '{', EOF, comment, not \"}\r\n            \", whitespace\n","stack":"Error: Failed to parse administradorDeEnemigos.wlk: \n-- PARSING FAILED --------------------------------------------------\n\n  76 |                     otro.activo = false\n  77 |                     otro.eliminar()\n> 78 |                 }\n     |                 ^\n  79 |             })\n  80 |         }\n\nExpected one of the following: \n\n'@', 'class', 'const', 'describe', 'mixin', 'object', 'only', 'package', 'program', 'test', 'var', '{', EOF, comment, not \"}\r\n            \", whitespace\n\n    at c:\\Users\\joaom\\.vscode\\extensions\\uqbar.wollok-lsp-ide-0.5.2\\out\\server\\src\\server.js:2326:13026\n    at Array.map (<anonymous>)\n    at D1n (c:\\Users\\joaom\\.vscode\\extensions\\uqbar.wollok-lsp-ide-0.5.2\\out\\server\\src\\server.js:2326:12950)\n    at W2.buildEnvironmentFrom (c:\\Users\\joaom\\.vscode\\extensions\\uqbar.wollok-lsp-ide-0.5.2\\out\\server\\src\\server.js:2371:5254)\n    at W2.updateEnvironmentWith (c:\\Users\\joaom\\.vscode\\extensions\\uqbar.wollok-lsp-ide-0.5.2\\out\\server\\src\\server.js:2371:4989)\n    at GF (c:\\Users\\joaom\\.vscode\\extensions\\uqbar.wollok-lsp-ide-0.5.2\\out\\server\\src\\server.js:2371:7383)\n    at L3.invoke (c:\\Users\\joaom\\.vscode\\extensions\\uqbar.wollok-lsp-ide-0.5.2\\out\\server\\src\\server.js:3:157326)\n    at o.fire (c:\\Users\\joaom\\.vscode\\extensions\\uqbar.wollok-lsp-ide-0.5.2\\out\\server\\src\\server.js:3:158096)\n    at c:\\Users\\joaom\\.vscode\\extensions\\uqbar.wollok-lsp-ide-0.5.2\\out\\server\\src\\server.js:37:57871\n    at Kr (c:\\Users\\joaom\\.vscode\\extensions\\uqbar.wollok-lsp-ide-0.5.2\\out\\server\\src\\server.js:8:1561)","timestamp":"2025-07-05T23:41:45.627Z"}
{"level":"info","message":"⌛ Building environment","timeElapsed":201,"timestamp":"2025-07-05T23:41:46.069Z"}
{"level":"info","message":"⌛ Validating administradorDeEnemigos.wlk","timeElapsed":142,"timestamp":"2025-07-05T23:41:46.213Z"}
{"level":"info","message":"⌛ Building environment","timeElapsed":114,"timestamp":"2025-07-05T23:41:46.358Z"}
{"level":"info","message":"⌛ Validating administradorDeEnemigos.wlk","timeElapsed":122,"timestamp":"2025-07-05T23:41:46.481Z"}
{"level":"info","message":"⌛ Building environment","timeElapsed":112,"timestamp":"2025-07-05T23:41:46.796Z"}
{"level":"info","message":"⌛ Validating administradorDeEnemigos.wlk","timeElapsed":119,"timestamp":"2025-07-05T23:41:46.916Z"}
{"level":"info","message":"⌛ Building environment","timeElapsed":112,"timestamp":"2025-07-05T23:41:47.325Z"}
{"level":"info","message":"⌛ Validating administradorDeEnemigos.wlk","timeElapsed":133,"timestamp":"2025-07-05T23:41:47.498Z"}
{"level":"info","message":"⌛ Building environment","timeElapsed":114,"timestamp":"2025-07-05T23:41:47.896Z"}
{"level":"info","message":"⌛ Validating administradorDeEnemigos.wlk","timeElapsed":114,"timestamp":"2025-07-05T23:41:48.011Z"}
{"errors":{"errors":[null,["/*\r","Hace que colisionen con el pixel actual o el siguiente.\r","ya que parece que como el dragon va restando y el hechizo sumando en el eje x\r","estos se omiten\r"]]},"level":"error","message":"✘ Failed to get type description: Error: {\n  \"errors\": [\n    null,\n    [\n      \"/*\\r\",\n      \"Hace que colisionen con el pixel actual o el siguiente.\\r\",\n      \"ya que parece que como el dragon va restando y el hechizo sumando en el eje x\\r\",\n      \"estos se omiten\\r\"\n    ]\n  ]\n} {\n  \"errors\": [\n    null,\n    [\n      \"/*\\r\",\n      \"Hace que colisionen con el pixel actual o el siguiente.\\r\",\n      \"ya que parece que como el dragon va restando y el hechizo sumando en el eje x\\r\",\n      \"estos se omiten\\r\"\n    ]\n  ]\n}","stack":"Error: {\n  \"errors\": [\n    null,\n    [\n      \"/*\\r\",\n      \"Hace que colisionen con el pixel actual o el siguiente.\\r\",\n      \"ya que parece que como el dragon va restando y el hechizo sumando en el eje x\\r\",\n      \"estos se omiten\\r\"\n    ]\n  ]\n}\n    at pS (c:\\Users\\joaom\\.vscode\\extensions\\uqbar.wollok-lsp-ide-0.5.2\\out\\server\\src\\server.js:64:34609)\n    at G1 (c:\\Users\\joaom\\.vscode\\extensions\\uqbar.wollok-lsp-ide-0.5.2\\out\\server\\src\\server.js:64:34682)\n    at c:\\Users\\joaom\\.vscode\\extensions\\uqbar.wollok-lsp-ide-0.5.2\\out\\server\\src\\server.js:64:37949\n    at o.v1 (c:\\Users\\joaom\\.vscode\\extensions\\uqbar.wollok-lsp-ide-0.5.2\\out\\server\\src\\server.js:57:57694)\n    at c:\\Users\\joaom\\.vscode\\extensions\\uqbar.wollok-lsp-ide-0.5.2\\out\\server\\src\\server.js:64:37918\n    at c:\\Users\\joaom\\.vscode\\extensions\\uqbar.wollok-lsp-ide-0.5.2\\out\\server\\src\\server.js:57:55734\n    at Ofn (c:\\Users\\joaom\\.vscode\\extensions\\uqbar.wollok-lsp-ide-0.5.2\\out\\server\\src\\server.js:68:11324)\n    at c:\\Users\\joaom\\.vscode\\extensions\\uqbar.wollok-lsp-ide-0.5.2\\out\\server\\src\\server.js:68:3629\n    at jbn (c:\\Users\\joaom\\.vscode\\extensions\\uqbar.wollok-lsp-ide-0.5.2\\out\\server\\src\\server.js:68:3396)\n    at c:\\Users\\joaom\\.vscode\\extensions\\uqbar.wollok-lsp-ide-0.5.2\\out\\server\\src\\server.js:2371:847","timestamp":"2025-07-05T23:42:17.511Z"}
{"errors":{"errors":[null,["/*\r","Hace que colisionen con el pixel actual o el siguiente.\r","ya que parece que como el dragon va restando y el hechizo sumando en el eje x\r","estos se omiten\r"]]},"level":"error","message":"✘ Failed to get type description: Error: {\n  \"errors\": [\n    null,\n    [\n      \"/*\\r\",\n      \"Hace que colisionen con el pixel actual o el siguiente.\\r\",\n      \"ya que parece que como el dragon va restando y el hechizo sumando en el eje x\\r\",\n      \"estos se omiten\\r\"\n    ]\n  ]\n} {\n  \"errors\": [\n    null,\n    [\n      \"/*\\r\",\n      \"Hace que colisionen con el pixel actual o el siguiente.\\r\",\n      \"ya que parece que como el dragon va restando y el hechizo sumando en el eje x\\r\",\n      \"estos se omiten\\r\"\n    ]\n  ]\n}","stack":"Error: {\n  \"errors\": [\n    null,\n    [\n      \"/*\\r\",\n      \"Hace que colisionen con el pixel actual o el siguiente.\\r\",\n      \"ya que parece que como el dragon va restando y el hechizo sumando en el eje x\\r\",\n      \"estos se omiten\\r\"\n    ]\n  ]\n}\n    at pS (c:\\Users\\joaom\\.vscode\\extensions\\uqbar.wollok-lsp-ide-0.5.2\\out\\server\\src\\server.js:64:34609)\n    at G1 (c:\\Users\\joaom\\.vscode\\extensions\\uqbar.wollok-lsp-ide-0.5.2\\out\\server\\src\\server.js:64:34682)\n    at c:\\Users\\joaom\\.vscode\\extensions\\uqbar.wollok-lsp-ide-0.5.2\\out\\server\\src\\server.js:64:37949\n    at o.v1 (c:\\Users\\joaom\\.vscode\\extensions\\uqbar.wollok-lsp-ide-0.5.2\\out\\server\\src\\server.js:57:57694)\n    at c:\\Users\\joaom\\.vscode\\extensions\\uqbar.wollok-lsp-ide-0.5.2\\out\\server\\src\\server.js:64:37918\n    at c:\\Users\\joaom\\.vscode\\extensions\\uqbar.wollok-lsp-ide-0.5.2\\out\\server\\src\\server.js:57:55734\n    at Ofn (c:\\Users\\joaom\\.vscode\\extensions\\uqbar.wollok-lsp-ide-0.5.2\\out\\server\\src\\server.js:68:11324)\n    at c:\\Users\\joaom\\.vscode\\extensions\\uqbar.wollok-lsp-ide-0.5.2\\out\\server\\src\\server.js:68:3629\n    at jbn (c:\\Users\\joaom\\.vscode\\extensions\\uqbar.wollok-lsp-ide-0.5.2\\out\\server\\src\\server.js:68:3396)\n    at c:\\Users\\joaom\\.vscode\\extensions\\uqbar.wollok-lsp-ide-0.5.2\\out\\server\\src\\server.js:2371:847","timestamp":"2025-07-05T23:42:24.409Z"}
{"errors":{"errors":[null,["/*\r","Hace que colisionen con el pixel actual o el siguiente.\r","ya que parece que como el dragon va restando y el hechizo sumando en el eje x\r","estos se omiten\r"]]},"level":"error","message":"✘ Failed to get type description: Error: {\n  \"errors\": [\n    null,\n    [\n      \"/*\\r\",\n      \"Hace que colisionen con el pixel actual o el siguiente.\\r\",\n      \"ya que parece que como el dragon va restando y el hechizo sumando en el eje x\\r\",\n      \"estos se omiten\\r\"\n    ]\n  ]\n} {\n  \"errors\": [\n    null,\n    [\n      \"/*\\r\",\n      \"Hace que colisionen con el pixel actual o el siguiente.\\r\",\n      \"ya que parece que como el dragon va restando y el hechizo sumando en el eje x\\r\",\n      \"estos se omiten\\r\"\n    ]\n  ]\n}","stack":"Error: {\n  \"errors\": [\n    null,\n    [\n      \"/*\\r\",\n      \"Hace que colisionen con el pixel actual o el siguiente.\\r\",\n      \"ya que parece que como el dragon va restando y el hechizo sumando en el eje x\\r\",\n      \"estos se omiten\\r\"\n    ]\n  ]\n}\n    at pS (c:\\Users\\joaom\\.vscode\\extensions\\uqbar.wollok-lsp-ide-0.5.2\\out\\server\\src\\server.js:64:34609)\n    at G1 (c:\\Users\\joaom\\.vscode\\extensions\\uqbar.wollok-lsp-ide-0.5.2\\out\\server\\src\\server.js:64:34682)\n    at c:\\Users\\joaom\\.vscode\\extensions\\uqbar.wollok-lsp-ide-0.5.2\\out\\server\\src\\server.js:64:37949\n    at o.v1 (c:\\Users\\joaom\\.vscode\\extensions\\uqbar.wollok-lsp-ide-0.5.2\\out\\server\\src\\server.js:57:57694)\n    at c:\\Users\\joaom\\.vscode\\extensions\\uqbar.wollok-lsp-ide-0.5.2\\out\\server\\src\\server.js:64:37918\n    at c:\\Users\\joaom\\.vscode\\extensions\\uqbar.wollok-lsp-ide-0.5.2\\out\\server\\src\\server.js:57:55734\n    at Ofn (c:\\Users\\joaom\\.vscode\\extensions\\uqbar.wollok-lsp-ide-0.5.2\\out\\server\\src\\server.js:68:11324)\n    at c:\\Users\\joaom\\.vscode\\extensions\\uqbar.wollok-lsp-ide-0.5.2\\out\\server\\src\\server.js:68:3629\n    at jbn (c:\\Users\\joaom\\.vscode\\extensions\\uqbar.wollok-lsp-ide-0.5.2\\out\\server\\src\\server.js:68:3396)\n    at c:\\Users\\joaom\\.vscode\\extensions\\uqbar.wollok-lsp-ide-0.5.2\\out\\server\\src\\server.js:2371:847","timestamp":"2025-07-05T23:42:36.039Z"}
{"level":"info","message":"⌛ Building environment","timeElapsed":140,"timestamp":"2025-07-05T23:42:43.787Z"}
{"level":"info","message":"⌛ Validating administradorDeHechizos.wlk","timeElapsed":130,"timestamp":"2025-07-05T23:42:43.919Z"}
{"level":"info","message":"⌛ Building environment","timeElapsed":120,"timestamp":"2025-07-05T23:43:06.850Z"}
{"level":"info","message":"⌛ Validating administradorDeHechizos.wlk","timeElapsed":128,"timestamp":"2025-07-05T23:43:06.979Z"}
{"level":"info","message":"⌛ Validating administradorDeHechizos.wlk","timeElapsed":149,"timestamp":"2025-07-05T23:43:07.248Z"}
{"errors":{"errors":[null,["/*\r","Hace que colisionen con el pixel actual o el siguiente.\r","ya que parece que como el dragon va restando y el hechizo sumando en el eje x\r","estos se omiten\r"]]},"level":"error","message":"✘ Failed to get type description: Error: {\n  \"errors\": [\n    null,\n    [\n      \"/*\\r\",\n      \"Hace que colisionen con el pixel actual o el siguiente.\\r\",\n      \"ya que parece que como el dragon va restando y el hechizo sumando en el eje x\\r\",\n      \"estos se omiten\\r\"\n    ]\n  ]\n} {\n  \"errors\": [\n    null,\n    [\n      \"/*\\r\",\n      \"Hace que colisionen con el pixel actual o el siguiente.\\r\",\n      \"ya que parece que como el dragon va restando y el hechizo sumando en el eje x\\r\",\n      \"estos se omiten\\r\"\n    ]\n  ]\n}","stack":"Error: {\n  \"errors\": [\n    null,\n    [\n      \"/*\\r\",\n      \"Hace que colisionen con el pixel actual o el siguiente.\\r\",\n      \"ya que parece que como el dragon va restando y el hechizo sumando en el eje x\\r\",\n      \"estos se omiten\\r\"\n    ]\n  ]\n}\n    at pS (c:\\Users\\joaom\\.vscode\\extensions\\uqbar.wollok-lsp-ide-0.5.2\\out\\server\\src\\server.js:64:34609)\n    at G1 (c:\\Users\\joaom\\.vscode\\extensions\\uqbar.wollok-lsp-ide-0.5.2\\out\\server\\src\\server.js:64:34682)\n    at c:\\Users\\joaom\\.vscode\\extensions\\uqbar.wollok-lsp-ide-0.5.2\\out\\server\\src\\server.js:64:37949\n    at o.v1 (c:\\Users\\joaom\\.vscode\\extensions\\uqbar.wollok-lsp-ide-0.5.2\\out\\server\\src\\server.js:57:57694)\n    at c:\\Users\\joaom\\.vscode\\extensions\\uqbar.wollok-lsp-ide-0.5.2\\out\\server\\src\\server.js:64:37918\n    at c:\\Users\\joaom\\.vscode\\extensions\\uqbar.wollok-lsp-ide-0.5.2\\out\\server\\src\\server.js:57:55734\n    at Ofn (c:\\Users\\joaom\\.vscode\\extensions\\uqbar.wollok-lsp-ide-0.5.2\\out\\server\\src\\server.js:68:11324)\n    at c:\\Users\\joaom\\.vscode\\extensions\\uqbar.wollok-lsp-ide-0.5.2\\out\\server\\src\\server.js:68:3629\n    at jbn (c:\\Users\\joaom\\.vscode\\extensions\\uqbar.wollok-lsp-ide-0.5.2\\out\\server\\src\\server.js:68:3396)\n    at c:\\Users\\joaom\\.vscode\\extensions\\uqbar.wollok-lsp-ide-0.5.2\\out\\server\\src\\server.js:2371:847","timestamp":"2025-07-05T23:43:11.292Z"}
{"level":"info","message":"⌛ Validating administradorDeHechizos.wlk","timeElapsed":125,"timestamp":"2025-07-05T23:43:18.841Z"}
{"level":"error","message":"✘ Failed to rebuild document Failed to parse administradorDeHechizos.wlk: \n-- PARSING FAILED --------------------------------------------------\n\n  37 |             if (enemigo.esEnemigo()) {\n  38 |                 enemigo.recibirAtaque(hechizo.danio())\n> 39 |                 destruirHechizo()\n     |                                ^\n  40 |             }\n  41 |         })\n\nExpected one of the following: \n\nexpression, sentence\n","stack":"Error: Failed to parse administradorDeHechizos.wlk: \n-- PARSING FAILED --------------------------------------------------\n\n  37 |             if (enemigo.esEnemigo()) {\n  38 |                 enemigo.recibirAtaque(hechizo.danio())\n> 39 |                 destruirHechizo()\n     |                                ^\n  40 |             }\n  41 |         })\n\nExpected one of the following: \n\nexpression, sentence\n\n    at c:\\Users\\joaom\\.vscode\\extensions\\uqbar.wollok-lsp-ide-0.5.2\\out\\server\\src\\server.js:2326:13026\n    at Array.map (<anonymous>)\n    at D1n (c:\\Users\\joaom\\.vscode\\extensions\\uqbar.wollok-lsp-ide-0.5.2\\out\\server\\src\\server.js:2326:12950)\n    at W2.buildEnvironmentFrom (c:\\Users\\joaom\\.vscode\\extensions\\uqbar.wollok-lsp-ide-0.5.2\\out\\server\\src\\server.js:2371:5254)\n    at W2.updateEnvironmentWith (c:\\Users\\joaom\\.vscode\\extensions\\uqbar.wollok-lsp-ide-0.5.2\\out\\server\\src\\server.js:2371:4989)\n    at GF (c:\\Users\\joaom\\.vscode\\extensions\\uqbar.wollok-lsp-ide-0.5.2\\out\\server\\src\\server.js:2371:7383)\n    at L3.invoke (c:\\Users\\joaom\\.vscode\\extensions\\uqbar.wollok-lsp-ide-0.5.2\\out\\server\\src\\server.js:3:157326)\n    at o.fire (c:\\Users\\joaom\\.vscode\\extensions\\uqbar.wollok-lsp-ide-0.5.2\\out\\server\\src\\server.js:3:158096)\n    at c:\\Users\\joaom\\.vscode\\extensions\\uqbar.wollok-lsp-ide-0.5.2\\out\\server\\src\\server.js:37:57871\n    at Kr (c:\\Users\\joaom\\.vscode\\extensions\\uqbar.wollok-lsp-ide-0.5.2\\out\\server\\src\\server.js:8:1561)","timestamp":"2025-07-05T23:43:20.085Z"}
{"level":"error","message":"✘ Failed to rebuild document Failed to parse administradorDeHechizos.wlk: \n-- PARSING FAILED --------------------------------------------------\n\n  37 |             if (enemigo.esEnemigo()) {\n  38 |                 enemigo.recibirAtaque(hechizo.danio())\n> 39 |                 sdestruirHechizo()\n     |                                 ^\n  40 |             }\n  41 |         })\n\nExpected one of the following: \n\nexpression, sentence\n","stack":"Error: Failed to parse administradorDeHechizos.wlk: \n-- PARSING FAILED --------------------------------------------------\n\n  37 |             if (enemigo.esEnemigo()) {\n  38 |                 enemigo.recibirAtaque(hechizo.danio())\n> 39 |                 sdestruirHechizo()\n     |                                 ^\n  40 |             }\n  41 |         })\n\nExpected one of the following: \n\nexpression, sentence\n\n    at c:\\Users\\joaom\\.vscode\\extensions\\uqbar.wollok-lsp-ide-0.5.2\\out\\server\\src\\server.js:2326:13026\n    at Array.map (<anonymous>)\n    at D1n (c:\\Users\\joaom\\.vscode\\extensions\\uqbar.wollok-lsp-ide-0.5.2\\out\\server\\src\\server.js:2326:12950)\n    at W2.buildEnvironmentFrom (c:\\Users\\joaom\\.vscode\\extensions\\uqbar.wollok-lsp-ide-0.5.2\\out\\server\\src\\server.js:2371:5254)\n    at W2.updateEnvironmentWith (c:\\Users\\joaom\\.vscode\\extensions\\uqbar.wollok-lsp-ide-0.5.2\\out\\server\\src\\server.js:2371:4989)\n    at GF (c:\\Users\\joaom\\.vscode\\extensions\\uqbar.wollok-lsp-ide-0.5.2\\out\\server\\src\\server.js:2371:7383)\n    at L3.invoke (c:\\Users\\joaom\\.vscode\\extensions\\uqbar.wollok-lsp-ide-0.5.2\\out\\server\\src\\server.js:3:157326)\n    at o.fire (c:\\Users\\joaom\\.vscode\\extensions\\uqbar.wollok-lsp-ide-0.5.2\\out\\server\\src\\server.js:3:158096)\n    at c:\\Users\\joaom\\.vscode\\extensions\\uqbar.wollok-lsp-ide-0.5.2\\out\\server\\src\\server.js:37:57871\n    at Kr (c:\\Users\\joaom\\.vscode\\extensions\\uqbar.wollok-lsp-ide-0.5.2\\out\\server\\src\\server.js:8:1561)","timestamp":"2025-07-05T23:43:23.292Z"}
{"level":"error","message":"✘ Completions for node If ([37:13, 40:14] - administradorDeHechizos.wlk) failed: Error: [If]{3218e9} at administradorDeHechizos.wlk:37 exhausted all cases without a match [If]{3218e9} at administradorDeHechizos.wlk:37 exhausted all cases without a match","stack":"Error: [If]{3218e9} at administradorDeHechizos.wlk:37 exhausted all cases without a match\n    at c:\\Users\\joaom\\.vscode\\extensions\\uqbar.wollok-lsp-ide-0.5.2\\out\\server\\src\\server.js:38:6142\n    at C2 (c:\\Users\\joaom\\.vscode\\extensions\\uqbar.wollok-lsp-ide-0.5.2\\out\\server\\src\\server.js:2362:42)\n    at Gh (c:\\Users\\joaom\\.vscode\\extensions\\uqbar.wollok-lsp-ide-0.5.2\\out\\server\\src\\server.js:2362:1092)\n    at p8n (c:\\Users\\joaom\\.vscode\\extensions\\uqbar.wollok-lsp-ide-0.5.2\\out\\server\\src\\server.js:2362:818)\n    at c:\\Users\\joaom\\.vscode\\extensions\\uqbar.wollok-lsp-ide-0.5.2\\out\\server\\src\\server.js:38:6131\n    at C2 (c:\\Users\\joaom\\.vscode\\extensions\\uqbar.wollok-lsp-ide-0.5.2\\out\\server\\src\\server.js:2362:42)\n    at Gh (c:\\Users\\joaom\\.vscode\\extensions\\uqbar.wollok-lsp-ide-0.5.2\\out\\server\\src\\server.js:2362:1092)\n    at l8n (c:\\Users\\joaom\\.vscode\\extensions\\uqbar.wollok-lsp-ide-0.5.2\\out\\server\\src\\server.js:2362:1248)\n    at c:\\Users\\joaom\\.vscode\\extensions\\uqbar.wollok-lsp-ide-0.5.2\\out\\server\\src\\server.js:38:6131\n    at C2 (c:\\Users\\joaom\\.vscode\\extensions\\uqbar.wollok-lsp-ide-0.5.2\\out\\server\\src\\server.js:2362:42)","timestamp":"2025-07-05T23:43:23.333Z"}
{"level":"error","message":"✘ Failed to rebuild document Failed to parse administradorDeHechizos.wlk: \n-- PARSING FAILED --------------------------------------------------\n\n  37 |             if (enemigo.esEnemigo()) {\n  38 |                 enemigo.recibirAtaque(hechizo.danio())\n> 39 |                 sedestruirHechizo()\n     |                                  ^\n  40 |             }\n  41 |         })\n\nExpected one of the following: \n\nexpression, sentence\n","stack":"Error: Failed to parse administradorDeHechizos.wlk: \n-- PARSING FAILED --------------------------------------------------\n\n  37 |             if (enemigo.esEnemigo()) {\n  38 |                 enemigo.recibirAtaque(hechizo.danio())\n> 39 |                 sedestruirHechizo()\n     |                                  ^\n  40 |             }\n  41 |         })\n\nExpected one of the following: \n\nexpression, sentence\n\n    at c:\\Users\\joaom\\.vscode\\extensions\\uqbar.wollok-lsp-ide-0.5.2\\out\\server\\src\\server.js:2326:13026\n    at Array.map (<anonymous>)\n    at D1n (c:\\Users\\joaom\\.vscode\\extensions\\uqbar.wollok-lsp-ide-0.5.2\\out\\server\\src\\server.js:2326:12950)\n    at W2.buildEnvironmentFrom (c:\\Users\\joaom\\.vscode\\extensions\\uqbar.wollok-lsp-ide-0.5.2\\out\\server\\src\\server.js:2371:5254)\n    at W2.updateEnvironmentWith (c:\\Users\\joaom\\.vscode\\extensions\\uqbar.wollok-lsp-ide-0.5.2\\out\\server\\src\\server.js:2371:4989)\n    at GF (c:\\Users\\joaom\\.vscode\\extensions\\uqbar.wollok-lsp-ide-0.5.2\\out\\server\\src\\server.js:2371:7383)\n    at L3.invoke (c:\\Users\\joaom\\.vscode\\extensions\\uqbar.wollok-lsp-ide-0.5.2\\out\\server\\src\\server.js:3:157326)\n    at o.fire (c:\\Users\\joaom\\.vscode\\extensions\\uqbar.wollok-lsp-ide-0.5.2\\out\\server\\src\\server.js:3:158096)\n    at c:\\Users\\joaom\\.vscode\\extensions\\uqbar.wollok-lsp-ide-0.5.2\\out\\server\\src\\server.js:37:57871\n    at Kr (c:\\Users\\joaom\\.vscode\\extensions\\uqbar.wollok-lsp-ide-0.5.2\\out\\server\\src\\server.js:8:1561)","timestamp":"2025-07-05T23:43:23.367Z"}
{"level":"error","message":"✘ Failed to rebuild document Failed to parse administradorDeHechizos.wlk: \n-- PARSING FAILED --------------------------------------------------\n\n  37 |             if (enemigo.esEnemigo()) {\n  38 |                 enemigo.recibirAtaque(hechizo.danio())\n> 39 |                 seldestruirHechizo()\n     |                                   ^\n  40 |             }\n  41 |         })\n\nExpected one of the following: \n\nexpression, sentence\n","stack":"Error: Failed to parse administradorDeHechizos.wlk: \n-- PARSING FAILED --------------------------------------------------\n\n  37 |             if (enemigo.esEnemigo()) {\n  38 |                 enemigo.recibirAtaque(hechizo.danio())\n> 39 |                 seldestruirHechizo()\n     |                                   ^\n  40 |             }\n  41 |         })\n\nExpected one of the following: \n\nexpression, sentence\n\n    at c:\\Users\\joaom\\.vscode\\extensions\\uqbar.wollok-lsp-ide-0.5.2\\out\\server\\src\\server.js:2326:13026\n    at Array.map (<anonymous>)\n    at D1n (c:\\Users\\joaom\\.vscode\\extensions\\uqbar.wollok-lsp-ide-0.5.2\\out\\server\\src\\server.js:2326:12950)\n    at W2.buildEnvironmentFrom (c:\\Users\\joaom\\.vscode\\extensions\\uqbar.wollok-lsp-ide-0.5.2\\out\\server\\src\\server.js:2371:5254)\n    at W2.updateEnvironmentWith (c:\\Users\\joaom\\.vscode\\extensions\\uqbar.wollok-lsp-ide-0.5.2\\out\\server\\src\\server.js:2371:4989)\n    at GF (c:\\Users\\joaom\\.vscode\\extensions\\uqbar.wollok-lsp-ide-0.5.2\\out\\server\\src\\server.js:2371:7383)\n    at L3.invoke (c:\\Users\\joaom\\.vscode\\extensions\\uqbar.wollok-lsp-ide-0.5.2\\out\\server\\src\\server.js:3:157326)\n    at o.fire (c:\\Users\\joaom\\.vscode\\extensions\\uqbar.wollok-lsp-ide-0.5.2\\out\\server\\src\\server.js:3:158096)\n    at c:\\Users\\joaom\\.vscode\\extensions\\uqbar.wollok-lsp-ide-0.5.2\\out\\server\\src\\server.js:37:57871\n    at Kr (c:\\Users\\joaom\\.vscode\\extensions\\uqbar.wollok-lsp-ide-0.5.2\\out\\server\\src\\server.js:8:1561)","timestamp":"2025-07-05T23:43:23.641Z"}
{"level":"error","message":"✘ Failed to rebuild document Failed to parse administradorDeHechizos.wlk: \n-- PARSING FAILED --------------------------------------------------\n\n  37 |             if (enemigo.esEnemigo()) {\n  38 |                 enemigo.recibirAtaque(hechizo.danio())\n> 39 |                 selfdestruirHechizo()\n     |                                    ^\n  40 |             }\n  41 |         })\n\nExpected one of the following: \n\nexpression, sentence\n","stack":"Error: Failed to parse administradorDeHechizos.wlk: \n-- PARSING FAILED --------------------------------------------------\n\n  37 |             if (enemigo.esEnemigo()) {\n  38 |                 enemigo.recibirAtaque(hechizo.danio())\n> 39 |                 selfdestruirHechizo()\n     |                                    ^\n  40 |             }\n  41 |         })\n\nExpected one of the following: \n\nexpression, sentence\n\n    at c:\\Users\\joaom\\.vscode\\extensions\\uqbar.wollok-lsp-ide-0.5.2\\out\\server\\src\\server.js:2326:13026\n    at Array.map (<anonymous>)\n    at D1n (c:\\Users\\joaom\\.vscode\\extensions\\uqbar.wollok-lsp-ide-0.5.2\\out\\server\\src\\server.js:2326:12950)\n    at W2.buildEnvironmentFrom (c:\\Users\\joaom\\.vscode\\extensions\\uqbar.wollok-lsp-ide-0.5.2\\out\\server\\src\\server.js:2371:5254)\n    at W2.updateEnvironmentWith (c:\\Users\\joaom\\.vscode\\extensions\\uqbar.wollok-lsp-ide-0.5.2\\out\\server\\src\\server.js:2371:4989)\n    at GF (c:\\Users\\joaom\\.vscode\\extensions\\uqbar.wollok-lsp-ide-0.5.2\\out\\server\\src\\server.js:2371:7383)\n    at L3.invoke (c:\\Users\\joaom\\.vscode\\extensions\\uqbar.wollok-lsp-ide-0.5.2\\out\\server\\src\\server.js:3:157326)\n    at o.fire (c:\\Users\\joaom\\.vscode\\extensions\\uqbar.wollok-lsp-ide-0.5.2\\out\\server\\src\\server.js:3:158096)\n    at c:\\Users\\joaom\\.vscode\\extensions\\uqbar.wollok-lsp-ide-0.5.2\\out\\server\\src\\server.js:37:57871\n    at Kr (c:\\Users\\joaom\\.vscode\\extensions\\uqbar.wollok-lsp-ide-0.5.2\\out\\server\\src\\server.js:8:1561)","timestamp":"2025-07-05T23:43:23.753Z"}
{"level":"info","message":"⌛ Building environment","timeElapsed":119,"timestamp":"2025-07-05T23:43:25.053Z"}
{"level":"info","message":"⌛ Validating administradorDeHechizos.wlk","timeElapsed":135,"timestamp":"2025-07-05T23:43:25.237Z"}
{"level":"info","message":"⌛ Building environment","timeElapsed":121,"timestamp":"2025-07-05T23:43:27.653Z"}
{"level":"info","message":"⌛ Validating administradorDeHechizos.wlk","timeElapsed":136,"timestamp":"2025-07-05T23:43:27.822Z"}
{"level":"info","message":"⌛ Validating administradorDeHechizos.wlk","timeElapsed":137,"timestamp":"2025-07-05T23:43:33.063Z"}
{"level":"info","message":"⌛ Building environment","timeElapsed":144,"timestamp":"2025-07-05T23:43:37.928Z"}
{"level":"info","message":"⌛ Validating administradorDeEnemigos.wlk","timeElapsed":159,"timestamp":"2025-07-05T23:43:38.088Z"}
{"level":"info","message":"⌛ Building environment","timeElapsed":181,"timestamp":"2025-07-05T23:43:46.725Z"}
{"level":"info","message":"⌛ Validating main.wpgm","timeElapsed":160,"timestamp":"2025-07-05T23:43:46.986Z"}
{"exitCode":"SIGHUP","level":"info","message":"👾 Game executed main.ArcaneBastion on c:\\Users\\joaom\\Documents\\asd-main","timeElapsed":581124,"timestamp":"2025-07-05T23:43:47.997Z"}
{"level":"info","message":"🚀 Program executed \u001b[3m\u001b[34mmain.ArcaneBastion\u001b[39m\u001b[23m on \u001b[3m\u001b[34mc:\\Users\\joaom\\Documents\\asd-main\u001b[39m\u001b[23m","ok":true,"timeElapsed":630,"timestamp":"2025-07-05T23:43:51.114Z"}
{"level":"info","message":"⌛ Building environment","timeElapsed":144,"timestamp":"2025-07-05T23:44:31.794Z"}
{"level":"error","message":"✘ Completions for node Send ([58:9, 58:33] - administradorDeHechizos.wlk) failed: Error: [Send]{2d3df6} at administradorDeHechizos.wlk:58 exhausted all cases without a match [Send]{2d3df6} at administradorDeHechizos.wlk:58 exhausted all cases without a match","stack":"Error: [Send]{2d3df6} at administradorDeHechizos.wlk:58 exhausted all cases without a match\n    at c:\\Users\\joaom\\.vscode\\extensions\\uqbar.wollok-lsp-ide-0.5.2\\out\\server\\src\\server.js:38:6142\n    at C2 (c:\\Users\\joaom\\.vscode\\extensions\\uqbar.wollok-lsp-ide-0.5.2\\out\\server\\src\\server.js:2362:42)\n    at Gh (c:\\Users\\joaom\\.vscode\\extensions\\uqbar.wollok-lsp-ide-0.5.2\\out\\server\\src\\server.js:2362:1092)\n    at l8n (c:\\Users\\joaom\\.vscode\\extensions\\uqbar.wollok-lsp-ide-0.5.2\\out\\server\\src\\server.js:2362:1248)\n    at c:\\Users\\joaom\\.vscode\\extensions\\uqbar.wollok-lsp-ide-0.5.2\\out\\server\\src\\server.js:38:6131\n    at C2 (c:\\Users\\joaom\\.vscode\\extensions\\uqbar.wollok-lsp-ide-0.5.2\\out\\server\\src\\server.js:2362:42)\n    at c:\\Users\\joaom\\.vscode\\extensions\\uqbar.wollok-lsp-ide-0.5.2\\out\\server\\src\\server.js:2362:2988\n    at c:\\Users\\joaom\\.vscode\\extensions\\uqbar.wollok-lsp-ide-0.5.2\\out\\server\\src\\server.js:2371:8440\n    at c:\\Users\\joaom\\.vscode\\extensions\\uqbar.wollok-lsp-ide-0.5.2\\out\\server\\src\\server.js:37:74872\n    at Ye (c:\\Users\\joaom\\.vscode\\extensions\\uqbar.wollok-lsp-ide-0.5.2\\out\\server\\src\\server.js:7:8527)","timestamp":"2025-07-05T23:44:31.843Z"}
{"level":"info","message":"⌛ Validating administradorDeHechizos.wlk","timeElapsed":196,"timestamp":"2025-07-05T23:44:32.047Z"}
{"level":"info","message":"⌛ Building environment","timeElapsed":129,"timestamp":"2025-07-05T23:44:33.714Z"}
{"level":"info","message":"⌛ Building environment","timeElapsed":123,"timestamp":"2025-07-05T23:44:33.851Z"}
{"level":"error","message":"✘ Completions for node Send ([58:9, 58:33] - administradorDeHechizos.wlk) failed: Error: [Send]{4e3657} at administradorDeHechizos.wlk:58 exhausted all cases without a match [Send]{4e3657} at administradorDeHechizos.wlk:58 exhausted all cases without a match","stack":"Error: [Send]{4e3657} at administradorDeHechizos.wlk:58 exhausted all cases without a match\n    at c:\\Users\\joaom\\.vscode\\extensions\\uqbar.wollok-lsp-ide-0.5.2\\out\\server\\src\\server.js:38:6142\n    at C2 (c:\\Users\\joaom\\.vscode\\extensions\\uqbar.wollok-lsp-ide-0.5.2\\out\\server\\src\\server.js:2362:42)\n    at Gh (c:\\Users\\joaom\\.vscode\\extensions\\uqbar.wollok-lsp-ide-0.5.2\\out\\server\\src\\server.js:2362:1092)\n    at l8n (c:\\Users\\joaom\\.vscode\\extensions\\uqbar.wollok-lsp-ide-0.5.2\\out\\server\\src\\server.js:2362:1248)\n    at c:\\Users\\joaom\\.vscode\\extensions\\uqbar.wollok-lsp-ide-0.5.2\\out\\server\\src\\server.js:38:6131\n    at C2 (c:\\Users\\joaom\\.vscode\\extensions\\uqbar.wollok-lsp-ide-0.5.2\\out\\server\\src\\server.js:2362:42)\n    at c:\\Users\\joaom\\.vscode\\extensions\\uqbar.wollok-lsp-ide-0.5.2\\out\\server\\src\\server.js:2362:2988\n    at c:\\Users\\joaom\\.vscode\\extensions\\uqbar.wollok-lsp-ide-0.5.2\\out\\server\\src\\server.js:2371:8440\n    at c:\\Users\\joaom\\.vscode\\extensions\\uqbar.wollok-lsp-ide-0.5.2\\out\\server\\src\\server.js:37:74872\n    at Ye (c:\\Users\\joaom\\.vscode\\extensions\\uqbar.wollok-lsp-ide-0.5.2\\out\\server\\src\\server.js:7:8527)","timestamp":"2025-07-05T23:44:33.895Z"}
{"level":"info","message":"⌛ Validating administradorDeHechizos.wlk","timeElapsed":164,"timestamp":"2025-07-05T23:44:34.063Z"}
{"level":"info","message":"⌛ Validating administradorDeHechizos.wlk","timeElapsed":152,"timestamp":"2025-07-05T23:44:34.215Z"}
{"exitCode":"SIGHUP","level":"info","message":"👾 Game executed main.ArcaneBastion on c:\\Users\\joaom\\Documents\\asd-main","timeElapsed":47488,"timestamp":"2025-07-05T23:44:37.971Z"}
{"level":"info","message":"🚀 Program executed \u001b[3m\u001b[34mmain.ArcaneBastion\u001b[39m\u001b[23m on \u001b[3m\u001b[34mc:\\Users\\joaom\\Documents\\asd-main\u001b[39m\u001b[23m","ok":true,"timeElapsed":571,"timestamp":"2025-07-05T23:44:40.196Z"}
{"exitCode":"SIGHUP","level":"info","message":"👾 Game executed main.ArcaneBastion on c:\\Users\\joaom\\Documents\\asd-main","timeElapsed":44446,"timestamp":"2025-07-05T23:45:24.071Z"}
{"level":"info","message":"🚀 Program executed \u001b[3m\u001b[34mmain.ArcaneBastion\u001b[39m\u001b[23m on \u001b[3m\u001b[34mc:\\Users\\joaom\\Documents\\asd-main\u001b[39m\u001b[23m","ok":true,"timeElapsed":592,"timestamp":"2025-07-05T23:45:26.382Z"}
{"level":"info","message":"⌛ Building environment","timeElapsed":156,"timestamp":"2025-07-05T23:45:51.154Z"}
{"level":"info","message":"⌛ Validating administradorDeEnemigos.wlk","timeElapsed":151,"timestamp":"2025-07-05T23:45:51.309Z"}
{"level":"info","message":"⌛ Building environment","timeElapsed":144,"timestamp":"2025-07-05T23:45:51.687Z"}
{"level":"info","message":"⌛ Validating administradorDeEnemigos.wlk","timeElapsed":115,"timestamp":"2025-07-05T23:45:51.803Z"}
{"level":"info","message":"⌛ Building environment","timeElapsed":134,"timestamp":"2025-07-05T23:45:52.433Z"}
{"level":"info","message":"⌛ Validating administradorDeEnemigos.wlk","timeElapsed":131,"timestamp":"2025-07-05T23:45:52.565Z"}
{"level":"info","message":"⌛ Building environment","timeElapsed":101,"timestamp":"2025-07-05T23:45:52.744Z"}
{"level":"info","message":"⌛ Validating administradorDeEnemigos.wlk","timeElapsed":117,"timestamp":"2025-07-05T23:45:52.866Z"}
{"level":"info","message":"⌛ Building environment","timeElapsed":112,"timestamp":"2025-07-05T23:45:53.002Z"}
{"level":"info","message":"⌛ Validating administradorDeEnemigos.wlk","timeElapsed":119,"timestamp":"2025-07-05T23:45:53.122Z"}
{"level":"info","message":"⌛ Building environment","timeElapsed":110,"timestamp":"2025-07-05T23:45:53.296Z"}
{"level":"info","message":"⌛ Validating administradorDeEnemigos.wlk","timeElapsed":121,"timestamp":"2025-07-05T23:45:53.418Z"}
{"level":"info","message":"⌛ Building environment","timeElapsed":124,"timestamp":"2025-07-05T23:45:53.663Z"}
{"level":"info","message":"⌛ Validating administradorDeEnemigos.wlk","timeElapsed":130,"timestamp":"2025-07-05T23:45:53.798Z"}
{"level":"info","message":"⌛ Building environment","timeElapsed":117,"timestamp":"2025-07-05T23:45:54.331Z"}
{"level":"info","message":"⌛ Validating administradorDeEnemigos.wlk","timeElapsed":119,"timestamp":"2025-07-05T23:45:54.450Z"}
{"level":"info","message":"⌛ Validating administradorDeEnemigos.wlk","timeElapsed":115,"timestamp":"2025-07-05T23:45:54.904Z"}
{"level":"info","message":"⌛ Validating administradorDeEnemigos.wlk","timeElapsed":116,"timestamp":"2025-07-05T23:45:55.260Z"}
{"level":"info","message":"⌛ Validating administradorDeEnemigos.wlk","timeElapsed":116,"timestamp":"2025-07-05T23:45:55.731Z"}
{"level":"info","message":"⌛ Building environment","timeElapsed":118,"timestamp":"2025-07-05T23:45:56.229Z"}
{"level":"info","message":"⌛ Validating administradorDeEnemigos.wlk","timeElapsed":119,"timestamp":"2025-07-05T23:45:56.348Z"}
{"level":"info","message":"⌛ Building environment","timeElapsed":153,"timestamp":"2025-07-05T23:45:56.726Z"}
{"level":"info","message":"⌛ Validating administradorDeEnemigos.wlk","timeElapsed":120,"timestamp":"2025-07-05T23:45:56.847Z"}
{"level":"info","message":"⌛ Building environment","timeElapsed":117,"timestamp":"2025-07-05T23:46:12.616Z"}
{"level":"info","message":"⌛ Validating administradorDeHechizos.wlk","timeElapsed":136,"timestamp":"2025-07-05T23:46:12.752Z"}
{"level":"info","message":"⌛ Building environment","timeElapsed":101,"timestamp":"2025-07-05T23:46:12.853Z"}
{"level":"info","message":"⌛ Validating administradorDeHechizos.wlk","timeElapsed":125,"timestamp":"2025-07-05T23:46:12.979Z"}
{"level":"info","message":"⌛ Building environment","timeElapsed":108,"timestamp":"2025-07-05T23:46:14.804Z"}
{"level":"info","message":"⌛ Validating administradorDeHechizos.wlk","timeElapsed":118,"timestamp":"2025-07-05T23:46:14.923Z"}
{"level":"info","message":"⌛ Building environment","timeElapsed":109,"timestamp":"2025-07-05T23:46:15.127Z"}
{"level":"info","message":"⌛ Validating administradorDeHechizos.wlk","timeElapsed":138,"timestamp":"2025-07-05T23:46:15.281Z"}
{"exitCode":"SIGHUP","level":"info","message":"👾 Game executed main.ArcaneBastion on c:\\Users\\joaom\\Documents\\asd-main","timeElapsed":53183,"timestamp":"2025-07-05T23:46:18.971Z"}
{"level":"info","message":"🚀 Program executed \u001b[3m\u001b[34mmain.ArcaneBastion\u001b[39m\u001b[23m on \u001b[3m\u001b[34mc:\\Users\\joaom\\Documents\\asd-main\u001b[39m\u001b[23m","ok":true,"timeElapsed":632,"timestamp":"2025-07-05T23:46:21.345Z"}
{"errors":{"errors":[null,["/*\r","Hace que colisionen con el pixel actual o el siguiente.\r","ya que parece que como el dragon va restando y el hechizo sumando en el eje x\r","estos se omiten\r"]]},"level":"error","message":"✘ Failed to get type description: Error: {\n  \"errors\": [\n    null,\n    [\n      \"/*\\r\",\n      \"Hace que colisionen con el pixel actual o el siguiente.\\r\",\n      \"ya que parece que como el dragon va restando y el hechizo sumando en el eje x\\r\",\n      \"estos se omiten\\r\"\n    ]\n  ]\n} {\n  \"errors\": [\n    null,\n    [\n      \"/*\\r\",\n      \"Hace que colisionen con el pixel actual o el siguiente.\\r\",\n      \"ya que parece que como el dragon va restando y el hechizo sumando en el eje x\\r\",\n      \"estos se omiten\\r\"\n    ]\n  ]\n}","stack":"Error: {\n  \"errors\": [\n    null,\n    [\n      \"/*\\r\",\n      \"Hace que colisionen con el pixel actual o el siguiente.\\r\",\n      \"ya que parece que como el dragon va restando y el hechizo sumando en el eje x\\r\",\n      \"estos se omiten\\r\"\n    ]\n  ]\n}\n    at pS (c:\\Users\\joaom\\.vscode\\extensions\\uqbar.wollok-lsp-ide-0.5.2\\out\\server\\src\\server.js:64:34609)\n    at G1 (c:\\Users\\joaom\\.vscode\\extensions\\uqbar.wollok-lsp-ide-0.5.2\\out\\server\\src\\server.js:64:34682)\n    at c:\\Users\\joaom\\.vscode\\extensions\\uqbar.wollok-lsp-ide-0.5.2\\out\\server\\src\\server.js:64:37949\n    at o.v1 (c:\\Users\\joaom\\.vscode\\extensions\\uqbar.wollok-lsp-ide-0.5.2\\out\\server\\src\\server.js:57:57694)\n    at c:\\Users\\joaom\\.vscode\\extensions\\uqbar.wollok-lsp-ide-0.5.2\\out\\server\\src\\server.js:64:37918\n    at c:\\Users\\joaom\\.vscode\\extensions\\uqbar.wollok-lsp-ide-0.5.2\\out\\server\\src\\server.js:57:55734\n    at Ofn (c:\\Users\\joaom\\.vscode\\extensions\\uqbar.wollok-lsp-ide-0.5.2\\out\\server\\src\\server.js:68:11324)\n    at c:\\Users\\joaom\\.vscode\\extensions\\uqbar.wollok-lsp-ide-0.5.2\\out\\server\\src\\server.js:68:3629\n    at jbn (c:\\Users\\joaom\\.vscode\\extensions\\uqbar.wollok-lsp-ide-0.5.2\\out\\server\\src\\server.js:68:3396)\n    at c:\\Users\\joaom\\.vscode\\extensions\\uqbar.wollok-lsp-ide-0.5.2\\out\\server\\src\\server.js:2371:847","timestamp":"2025-07-05T23:46:46.640Z"}
{"errors":{"errors":[null,["/*\r","Hace que colisionen con el pixel actual o el siguiente.\r","ya que parece que como el dragon va restando y el hechizo sumando en el eje x\r","estos se omiten\r"]]},"level":"error","message":"✘ Failed to get type description: Error: {\n  \"errors\": [\n    null,\n    [\n      \"/*\\r\",\n      \"Hace que colisionen con el pixel actual o el siguiente.\\r\",\n      \"ya que parece que como el dragon va restando y el hechizo sumando en el eje x\\r\",\n      \"estos se omiten\\r\"\n    ]\n  ]\n} {\n  \"errors\": [\n    null,\n    [\n      \"/*\\r\",\n      \"Hace que colisionen con el pixel actual o el siguiente.\\r\",\n      \"ya que parece que como el dragon va restando y el hechizo sumando en el eje x\\r\",\n      \"estos se omiten\\r\"\n    ]\n  ]\n}","stack":"Error: {\n  \"errors\": [\n    null,\n    [\n      \"/*\\r\",\n      \"Hace que colisionen con el pixel actual o el siguiente.\\r\",\n      \"ya que parece que como el dragon va restando y el hechizo sumando en el eje x\\r\",\n      \"estos se omiten\\r\"\n    ]\n  ]\n}\n    at pS (c:\\Users\\joaom\\.vscode\\extensions\\uqbar.wollok-lsp-ide-0.5.2\\out\\server\\src\\server.js:64:34609)\n    at G1 (c:\\Users\\joaom\\.vscode\\extensions\\uqbar.wollok-lsp-ide-0.5.2\\out\\server\\src\\server.js:64:34682)\n    at c:\\Users\\joaom\\.vscode\\extensions\\uqbar.wollok-lsp-ide-0.5.2\\out\\server\\src\\server.js:64:37949\n    at o.v1 (c:\\Users\\joaom\\.vscode\\extensions\\uqbar.wollok-lsp-ide-0.5.2\\out\\server\\src\\server.js:57:57694)\n    at c:\\Users\\joaom\\.vscode\\extensions\\uqbar.wollok-lsp-ide-0.5.2\\out\\server\\src\\server.js:64:37918\n    at c:\\Users\\joaom\\.vscode\\extensions\\uqbar.wollok-lsp-ide-0.5.2\\out\\server\\src\\server.js:57:55734\n    at Ofn (c:\\Users\\joaom\\.vscode\\extensions\\uqbar.wollok-lsp-ide-0.5.2\\out\\server\\src\\server.js:68:11324)\n    at c:\\Users\\joaom\\.vscode\\extensions\\uqbar.wollok-lsp-ide-0.5.2\\out\\server\\src\\server.js:68:3629\n    at jbn (c:\\Users\\joaom\\.vscode\\extensions\\uqbar.wollok-lsp-ide-0.5.2\\out\\server\\src\\server.js:68:3396)\n    at c:\\Users\\joaom\\.vscode\\extensions\\uqbar.wollok-lsp-ide-0.5.2\\out\\server\\src\\server.js:2371:847","timestamp":"2025-07-05T23:46:50.725Z"}
{"level":"info","message":"⌛ Building environment","timeElapsed":195,"timestamp":"2025-07-05T23:46:53.596Z"}
{"level":"info","message":"⌛ Validating administradorDeHechizos.wlk","timeElapsed":143,"timestamp":"2025-07-05T23:46:53.740Z"}
{"exitCode":"SIGHUP","level":"info","message":"👾 Game executed main.ArcaneBastion on c:\\Users\\joaom\\Documents\\asd-main","timeElapsed":44156,"timestamp":"2025-07-05T23:47:04.869Z"}
{"level":"info","message":"🚀 Program executed \u001b[3m\u001b[34mmain.ArcaneBastion\u001b[39m\u001b[23m on \u001b[3m\u001b[34mc:\\Users\\joaom\\Documents\\asd-main\u001b[39m\u001b[23m","ok":true,"timeElapsed":682,"timestamp":"2025-07-05T23:47:07.229Z"}
{"exitCode":"SIGHUP","level":"info","message":"👾 Game executed main.ArcaneBastion on c:\\Users\\joaom\\Documents\\asd-main","timeElapsed":23942,"timestamp":"2025-07-05T23:47:30.487Z"}
{"level":"info","message":"🚀 Program executed \u001b[3m\u001b[34mmain.ArcaneBastion\u001b[39m\u001b[23m on \u001b[3m\u001b[34mc:\\Users\\joaom\\Documents\\asd-main\u001b[39m\u001b[23m","ok":true,"timeElapsed":615,"timestamp":"2025-07-05T23:47:32.667Z"}
{"errors":{"errors":[null,["/*\r","object dragon inherits Enemigo(tipo = dragonTipo, position = new MutablePosition(x = 96, y = 12)) {\r","override method lanzarAtaque() {\r","// Lógica especial si querés\r","}\r","}\r"]]},"level":"error","message":"✘ Failed to get type description: Error: {\n  \"errors\": [\n    null,\n    [\n      \"/*\\r\",\n      \"object dragon inherits Enemigo(tipo = dragonTipo, position = new MutablePosition(x = 96, y = 12)) {\\r\",\n      \"override method lanzarAtaque() {\\r\",\n      \"// Lógica especial si querés\\r\",\n      \"}\\r\",\n      \"}\\r\"\n    ]\n  ]\n} {\n  \"errors\": [\n    null,\n    [\n      \"/*\\r\",\n      \"object dragon inherits Enemigo(tipo = dragonTipo, position = new MutablePosition(x = 96, y = 12)) {\\r\",\n      \"override method lanzarAtaque() {\\r\",\n      \"// Lógica especial si querés\\r\",\n      \"}\\r\",\n      \"}\\r\"\n    ]\n  ]\n}","stack":"Error: {\n  \"errors\": [\n    null,\n    [\n      \"/*\\r\",\n      \"object dragon inherits Enemigo(tipo = dragonTipo, position = new MutablePosition(x = 96, y = 12)) {\\r\",\n      \"override method lanzarAtaque() {\\r\",\n      \"// Lógica especial si querés\\r\",\n      \"}\\r\",\n      \"}\\r\"\n    ]\n  ]\n}\n    at pS (c:\\Users\\joaom\\.vscode\\extensions\\uqbar.wollok-lsp-ide-0.5.2\\out\\server\\src\\server.js:64:34609)\n    at G1 (c:\\Users\\joaom\\.vscode\\extensions\\uqbar.wollok-lsp-ide-0.5.2\\out\\server\\src\\server.js:64:34682)\n    at c:\\Users\\joaom\\.vscode\\extensions\\uqbar.wollok-lsp-ide-0.5.2\\out\\server\\src\\server.js:64:37949\n    at o.v1 (c:\\Users\\joaom\\.vscode\\extensions\\uqbar.wollok-lsp-ide-0.5.2\\out\\server\\src\\server.js:57:57694)\n    at c:\\Users\\joaom\\.vscode\\extensions\\uqbar.wollok-lsp-ide-0.5.2\\out\\server\\src\\server.js:64:37918\n    at c:\\Users\\joaom\\.vscode\\extensions\\uqbar.wollok-lsp-ide-0.5.2\\out\\server\\src\\server.js:57:55734\n    at Ofn (c:\\Users\\joaom\\.vscode\\extensions\\uqbar.wollok-lsp-ide-0.5.2\\out\\server\\src\\server.js:68:11324)\n    at c:\\Users\\joaom\\.vscode\\extensions\\uqbar.wollok-lsp-ide-0.5.2\\out\\server\\src\\server.js:68:3629\n    at jbn (c:\\Users\\joaom\\.vscode\\extensions\\uqbar.wollok-lsp-ide-0.5.2\\out\\server\\src\\server.js:68:3396)\n    at c:\\Users\\joaom\\.vscode\\extensions\\uqbar.wollok-lsp-ide-0.5.2\\out\\server\\src\\server.js:2371:847","timestamp":"2025-07-05T23:47:57.841Z"}
{"errors":{"errors":[null,["/*\r","Hace que colisionen con el pixel actual o el siguiente.\r","ya que parece que como el dragon va restando y el hechizo sumando en el eje x\r","estos se omiten\r"]]},"level":"error","message":"✘ Failed to get type description: Error: {\n  \"errors\": [\n    null,\n    [\n      \"/*\\r\",\n      \"Hace que colisionen con el pixel actual o el siguiente.\\r\",\n      \"ya que parece que como el dragon va restando y el hechizo sumando en el eje x\\r\",\n      \"estos se omiten\\r\"\n    ]\n  ]\n} {\n  \"errors\": [\n    null,\n    [\n      \"/*\\r\",\n      \"Hace que colisionen con el pixel actual o el siguiente.\\r\",\n      \"ya que parece que como el dragon va restando y el hechizo sumando en el eje x\\r\",\n      \"estos se omiten\\r\"\n    ]\n  ]\n}","stack":"Error: {\n  \"errors\": [\n    null,\n    [\n      \"/*\\r\",\n      \"Hace que colisionen con el pixel actual o el siguiente.\\r\",\n      \"ya que parece que como el dragon va restando y el hechizo sumando en el eje x\\r\",\n      \"estos se omiten\\r\"\n    ]\n  ]\n}\n    at pS (c:\\Users\\joaom\\.vscode\\extensions\\uqbar.wollok-lsp-ide-0.5.2\\out\\server\\src\\server.js:64:34609)\n    at G1 (c:\\Users\\joaom\\.vscode\\extensions\\uqbar.wollok-lsp-ide-0.5.2\\out\\server\\src\\server.js:64:34682)\n    at c:\\Users\\joaom\\.vscode\\extensions\\uqbar.wollok-lsp-ide-0.5.2\\out\\server\\src\\server.js:64:37949\n    at o.v1 (c:\\Users\\joaom\\.vscode\\extensions\\uqbar.wollok-lsp-ide-0.5.2\\out\\server\\src\\server.js:57:57694)\n    at c:\\Users\\joaom\\.vscode\\extensions\\uqbar.wollok-lsp-ide-0.5.2\\out\\server\\src\\server.js:64:37918\n    at c:\\Users\\joaom\\.vscode\\extensions\\uqbar.wollok-lsp-ide-0.5.2\\out\\server\\src\\server.js:57:55734\n    at Ofn (c:\\Users\\joaom\\.vscode\\extensions\\uqbar.wollok-lsp-ide-0.5.2\\out\\server\\src\\server.js:68:11324)\n    at c:\\Users\\joaom\\.vscode\\extensions\\uqbar.wollok-lsp-ide-0.5.2\\out\\server\\src\\server.js:68:3629\n    at jbn (c:\\Users\\joaom\\.vscode\\extensions\\uqbar.wollok-lsp-ide-0.5.2\\out\\server\\src\\server.js:68:3396)\n    at c:\\Users\\joaom\\.vscode\\extensions\\uqbar.wollok-lsp-ide-0.5.2\\out\\server\\src\\server.js:2371:847","timestamp":"2025-07-05T23:48:07.703Z"}
{"level":"info","message":"⌛ Building environment","timeElapsed":146,"timestamp":"2025-07-05T23:48:08.921Z"}
{"level":"info","message":"⌛ Validating administradorDeHechizos.wlk","timeElapsed":124,"timestamp":"2025-07-05T23:48:09.045Z"}
{"level":"info","message":"⌛ Building environment","timeElapsed":140,"timestamp":"2025-07-05T23:48:09.278Z"}
{"level":"info","message":"⌛ Validating administradorDeHechizos.wlk","timeElapsed":116,"timestamp":"2025-07-05T23:48:09.401Z"}
{"level":"info","message":"⌛ Validating administradorDeHechizos.wlk","timeElapsed":125,"timestamp":"2025-07-05T23:48:09.724Z"}
{"level":"info","message":"⌛ Building environment","timeElapsed":110,"timestamp":"2025-07-05T23:48:10.003Z"}
{"level":"info","message":"⌛ Validating administradorDeHechizos.wlk","timeElapsed":114,"timestamp":"2025-07-05T23:48:10.122Z"}
{"level":"info","message":"⌛ Validating administradorDeHechizos.wlk","timeElapsed":115,"timestamp":"2025-07-05T23:48:10.466Z"}
{"level":"info","message":"⌛ Validating administradorDeHechizos.wlk","timeElapsed":126,"timestamp":"2025-07-05T23:48:10.870Z"}
{"level":"info","message":"⌛ Building environment","timeElapsed":110,"timestamp":"2025-07-05T23:48:11.072Z"}
{"level":"info","message":"⌛ Validating administradorDeHechizos.wlk","timeElapsed":116,"timestamp":"2025-07-05T23:48:11.189Z"}
{"level":"info","message":"⌛ Validating administradorDeHechizos.wlk","timeElapsed":119,"timestamp":"2025-07-05T23:48:11.481Z"}
{"level":"info","message":"⌛ Validating administradorDeHechizos.wlk","timeElapsed":117,"timestamp":"2025-07-05T23:48:11.779Z"}
{"level":"info","message":"⌛ Validating administradorDeHechizos.wlk","timeElapsed":110,"timestamp":"2025-07-05T23:48:12.032Z"}
{"level":"error","message":"✘ Failed to rebuild document Failed to parse administradorDeHechizos.wlk: \n-- PARSING FAILED --------------------------------------------------\n\n  37 |             if (enemigo.esEnemigo()) {\n  38 |                 enemigo.recibirAtaque(hechizo.danio())\n> 39 |                 selfdestruirHechizo()\n     |                                    ^\n  40 |             }\n  41 |         })\n\nExpected one of the following: \n\nexpression, sentence\n","stack":"Error: Failed to parse administradorDeHechizos.wlk: \n-- PARSING FAILED --------------------------------------------------\n\n  37 |             if (enemigo.esEnemigo()) {\n  38 |                 enemigo.recibirAtaque(hechizo.danio())\n> 39 |                 selfdestruirHechizo()\n     |                                    ^\n  40 |             }\n  41 |         })\n\nExpected one of the following: \n\nexpression, sentence\n\n    at c:\\Users\\joaom\\.vscode\\extensions\\uqbar.wollok-lsp-ide-0.5.2\\out\\server\\src\\server.js:2326:13026\n    at Array.map (<anonymous>)\n    at D1n (c:\\Users\\joaom\\.vscode\\extensions\\uqbar.wollok-lsp-ide-0.5.2\\out\\server\\src\\server.js:2326:12950)\n    at W2.buildEnvironmentFrom (c:\\Users\\joaom\\.vscode\\extensions\\uqbar.wollok-lsp-ide-0.5.2\\out\\server\\src\\server.js:2371:5254)\n    at W2.updateEnvironmentWith (c:\\Users\\joaom\\.vscode\\extensions\\uqbar.wollok-lsp-ide-0.5.2\\out\\server\\src\\server.js:2371:4989)\n    at GF (c:\\Users\\joaom\\.vscode\\extensions\\uqbar.wollok-lsp-ide-0.5.2\\out\\server\\src\\server.js:2371:7383)\n    at L3.invoke (c:\\Users\\joaom\\.vscode\\extensions\\uqbar.wollok-lsp-ide-0.5.2\\out\\server\\src\\server.js:3:157326)\n    at o.fire (c:\\Users\\joaom\\.vscode\\extensions\\uqbar.wollok-lsp-ide-0.5.2\\out\\server\\src\\server.js:3:158096)\n    at c:\\Users\\joaom\\.vscode\\extensions\\uqbar.wollok-lsp-ide-0.5.2\\out\\server\\src\\server.js:37:57871\n    at Kr (c:\\Users\\joaom\\.vscode\\extensions\\uqbar.wollok-lsp-ide-0.5.2\\out\\server\\src\\server.js:8:1561)","timestamp":"2025-07-05T23:48:13.219Z"}
{"level":"error","message":"✘ Failed to rebuild document Failed to parse administradorDeHechizos.wlk: \n-- PARSING FAILED --------------------------------------------------\n\n  37 |             if (enemigo.esEnemigo()) {\n  38 |                 enemigo.recibirAtaque(hechizo.danio())\n> 39 |                 destruirHechizo()\n     |                                ^\n  40 |             }\n  41 |         })\n\nExpected one of the following: \n\nexpression, sentence\n","stack":"Error: Failed to parse administradorDeHechizos.wlk: \n-- PARSING FAILED --------------------------------------------------\n\n  37 |             if (enemigo.esEnemigo()) {\n  38 |                 enemigo.recibirAtaque(hechizo.danio())\n> 39 |                 destruirHechizo()\n     |                                ^\n  40 |             }\n  41 |         })\n\nExpected one of the following: \n\nexpression, sentence\n\n    at c:\\Users\\joaom\\.vscode\\extensions\\uqbar.wollok-lsp-ide-0.5.2\\out\\server\\src\\server.js:2326:13026\n    at Array.map (<anonymous>)\n    at D1n (c:\\Users\\joaom\\.vscode\\extensions\\uqbar.wollok-lsp-ide-0.5.2\\out\\server\\src\\server.js:2326:12950)\n    at W2.buildEnvironmentFrom (c:\\Users\\joaom\\.vscode\\extensions\\uqbar.wollok-lsp-ide-0.5.2\\out\\server\\src\\server.js:2371:5254)\n    at W2.updateEnvironmentWith (c:\\Users\\joaom\\.vscode\\extensions\\uqbar.wollok-lsp-ide-0.5.2\\out\\server\\src\\server.js:2371:4989)\n    at GF (c:\\Users\\joaom\\.vscode\\extensions\\uqbar.wollok-lsp-ide-0.5.2\\out\\server\\src\\server.js:2371:7383)\n    at L3.invoke (c:\\Users\\joaom\\.vscode\\extensions\\uqbar.wollok-lsp-ide-0.5.2\\out\\server\\src\\server.js:3:157326)\n    at o.fire (c:\\Users\\joaom\\.vscode\\extensions\\uqbar.wollok-lsp-ide-0.5.2\\out\\server\\src\\server.js:3:158096)\n    at c:\\Users\\joaom\\.vscode\\extensions\\uqbar.wollok-lsp-ide-0.5.2\\out\\server\\src\\server.js:37:57871\n    at Kr (c:\\Users\\joaom\\.vscode\\extensions\\uqbar.wollok-lsp-ide-0.5.2\\out\\server\\src\\server.js:8:1561)","timestamp":"2025-07-05T23:48:13.769Z"}
{"level":"info","message":"⌛ Validating administradorDeHechizos.wlk","timeElapsed":115,"timestamp":"2025-07-05T23:48:14.377Z"}
{"level":"info","message":"⌛ Building environment","timeElapsed":116,"timestamp":"2025-07-05T23:48:14.755Z"}
{"level":"info","message":"⌛ Validating administradorDeHechizos.wlk","timeElapsed":117,"timestamp":"2025-07-05T23:48:14.872Z"}
{"exitCode":"SIGHUP","level":"info","message":"👾 Game executed main.ArcaneBastion on c:\\Users\\joaom\\Documents\\asd-main","timeElapsed":49733,"timestamp":"2025-07-05T23:48:21.782Z"}
{"level":"info","message":"🚀 Program executed \u001b[3m\u001b[34mmain.ArcaneBastion\u001b[39m\u001b[23m on \u001b[3m\u001b[34mc:\\Users\\joaom\\Documents\\asd-main\u001b[39m\u001b[23m","ok":true,"timeElapsed":577,"timestamp":"2025-07-05T23:48:24.050Z"}
{"level":"info","message":"⌛ Building environment","timeElapsed":165,"timestamp":"2025-07-05T23:49:18.309Z"}
{"level":"info","message":"⌛ Validating administradorDeHechizos.wlk","timeElapsed":190,"timestamp":"2025-07-05T23:49:18.502Z"}
{"level":"info","message":"⌛ Building environment","timeElapsed":113,"timestamp":"2025-07-05T23:49:18.706Z"}
{"level":"info","message":"⌛ Validating administradorDeHechizos.wlk","timeElapsed":320,"timestamp":"2025-07-05T23:49:19.045Z"}
{"errors":{"errors":[null,["/*\r","Hace que colisionen con el pixel actual o el siguiente.\r","ya que parece que como el dragon va restando y el hechizo sumando en el eje x\r","estos se omiten\r"]]},"level":"error","message":"✘ Failed to get type description: Error: {\n  \"errors\": [\n    null,\n    [\n      \"/*\\r\",\n      \"Hace que colisionen con el pixel actual o el siguiente.\\r\",\n      \"ya que parece que como el dragon va restando y el hechizo sumando en el eje x\\r\",\n      \"estos se omiten\\r\"\n    ]\n  ]\n} {\n  \"errors\": [\n    null,\n    [\n      \"/*\\r\",\n      \"Hace que colisionen con el pixel actual o el siguiente.\\r\",\n      \"ya que parece que como el dragon va restando y el hechizo sumando en el eje x\\r\",\n      \"estos se omiten\\r\"\n    ]\n  ]\n}","stack":"Error: {\n  \"errors\": [\n    null,\n    [\n      \"/*\\r\",\n      \"Hace que colisionen con el pixel actual o el siguiente.\\r\",\n      \"ya que parece que como el dragon va restando y el hechizo sumando en el eje x\\r\",\n      \"estos se omiten\\r\"\n    ]\n  ]\n}\n    at pS (c:\\Users\\joaom\\.vscode\\extensions\\uqbar.wollok-lsp-ide-0.5.2\\out\\server\\src\\server.js:64:34609)\n    at G1 (c:\\Users\\joaom\\.vscode\\extensions\\uqbar.wollok-lsp-ide-0.5.2\\out\\server\\src\\server.js:64:34682)\n    at c:\\Users\\joaom\\.vscode\\extensions\\uqbar.wollok-lsp-ide-0.5.2\\out\\server\\src\\server.js:64:37949\n    at o.v1 (c:\\Users\\joaom\\.vscode\\extensions\\uqbar.wollok-lsp-ide-0.5.2\\out\\server\\src\\server.js:57:57694)\n    at c:\\Users\\joaom\\.vscode\\extensions\\uqbar.wollok-lsp-ide-0.5.2\\out\\server\\src\\server.js:64:37918\n    at c:\\Users\\joaom\\.vscode\\extensions\\uqbar.wollok-lsp-ide-0.5.2\\out\\server\\src\\server.js:57:55734\n    at Ofn (c:\\Users\\joaom\\.vscode\\extensions\\uqbar.wollok-lsp-ide-0.5.2\\out\\server\\src\\server.js:68:11324)\n    at c:\\Users\\joaom\\.vscode\\extensions\\uqbar.wollok-lsp-ide-0.5.2\\out\\server\\src\\server.js:68:3629\n    at jbn (c:\\Users\\joaom\\.vscode\\extensions\\uqbar.wollok-lsp-ide-0.5.2\\out\\server\\src\\server.js:68:3396)\n    at c:\\Users\\joaom\\.vscode\\extensions\\uqbar.wollok-lsp-ide-0.5.2\\out\\server\\src\\server.js:2371:847","timestamp":"2025-07-05T23:49:34.641Z"}
{"level":"error","message":"✘ Completions for node Send ([58:9, 58:33] - administradorDeHechizos.wlk) failed: Error: [Send]{60f0fb} at administradorDeHechizos.wlk:58 exhausted all cases without a match [Send]{60f0fb} at administradorDeHechizos.wlk:58 exhausted all cases without a match","stack":"Error: [Send]{60f0fb} at administradorDeHechizos.wlk:58 exhausted all cases without a match\n    at c:\\Users\\joaom\\.vscode\\extensions\\uqbar.wollok-lsp-ide-0.5.2\\out\\server\\src\\server.js:38:6142\n    at C2 (c:\\Users\\joaom\\.vscode\\extensions\\uqbar.wollok-lsp-ide-0.5.2\\out\\server\\src\\server.js:2362:42)\n    at Gh (c:\\Users\\joaom\\.vscode\\extensions\\uqbar.wollok-lsp-ide-0.5.2\\out\\server\\src\\server.js:2362:1092)\n    at l8n (c:\\Users\\joaom\\.vscode\\extensions\\uqbar.wollok-lsp-ide-0.5.2\\out\\server\\src\\server.js:2362:1248)\n    at c:\\Users\\joaom\\.vscode\\extensions\\uqbar.wollok-lsp-ide-0.5.2\\out\\server\\src\\server.js:38:6131\n    at C2 (c:\\Users\\joaom\\.vscode\\extensions\\uqbar.wollok-lsp-ide-0.5.2\\out\\server\\src\\server.js:2362:42)\n    at c:\\Users\\joaom\\.vscode\\extensions\\uqbar.wollok-lsp-ide-0.5.2\\out\\server\\src\\server.js:2362:2988\n    at c:\\Users\\joaom\\.vscode\\extensions\\uqbar.wollok-lsp-ide-0.5.2\\out\\server\\src\\server.js:2371:8440\n    at c:\\Users\\joaom\\.vscode\\extensions\\uqbar.wollok-lsp-ide-0.5.2\\out\\server\\src\\server.js:37:74872\n    at Ye (c:\\Users\\joaom\\.vscode\\extensions\\uqbar.wollok-lsp-ide-0.5.2\\out\\server\\src\\server.js:7:8527)","timestamp":"2025-07-05T23:49:45.208Z"}
{"level":"info","message":"⌛ Validating administradorDeHechizos.wlk","timeElapsed":181,"timestamp":"2025-07-05T23:49:45.407Z"}
{"level":"info","message":"⌛ Validating administradorDeHechizos.wlk","timeElapsed":157,"timestamp":"2025-07-05T23:49:47.650Z"}
{"level":"info","message":"⌛ Building environment","timeElapsed":114,"timestamp":"2025-07-05T23:49:47.768Z"}
{"level":"error","message":"✘ Completions for node Send ([58:9, 58:33] - administradorDeHechizos.wlk) failed: Error: [Send]{308b86} at administradorDeHechizos.wlk:58 exhausted all cases without a match [Send]{308b86} at administradorDeHechizos.wlk:58 exhausted all cases without a match","stack":"Error: [Send]{308b86} at administradorDeHechizos.wlk:58 exhausted all cases without a match\n    at c:\\Users\\joaom\\.vscode\\extensions\\uqbar.wollok-lsp-ide-0.5.2\\out\\server\\src\\server.js:38:6142\n    at C2 (c:\\Users\\joaom\\.vscode\\extensions\\uqbar.wollok-lsp-ide-0.5.2\\out\\server\\src\\server.js:2362:42)\n    at Gh (c:\\Users\\joaom\\.vscode\\extensions\\uqbar.wollok-lsp-ide-0.5.2\\out\\server\\src\\server.js:2362:1092)\n    at l8n (c:\\Users\\joaom\\.vscode\\extensions\\uqbar.wollok-lsp-ide-0.5.2\\out\\server\\src\\server.js:2362:1248)\n    at c:\\Users\\joaom\\.vscode\\extensions\\uqbar.wollok-lsp-ide-0.5.2\\out\\server\\src\\server.js:38:6131\n    at C2 (c:\\Users\\joaom\\.vscode\\extensions\\uqbar.wollok-lsp-ide-0.5.2\\out\\server\\src\\server.js:2362:42)\n    at c:\\Users\\joaom\\.vscode\\extensions\\uqbar.wollok-lsp-ide-0.5.2\\out\\server\\src\\server.js:2362:2988\n    at c:\\Users\\joaom\\.vscode\\extensions\\uqbar.wollok-lsp-ide-0.5.2\\out\\server\\src\\server.js:2371:8440\n    at c:\\Users\\joaom\\.vscode\\extensions\\uqbar.wollok-lsp-ide-0.5.2\\out\\server\\src\\server.js:37:74872\n    at Ye (c:\\Users\\joaom\\.vscode\\extensions\\uqbar.wollok-lsp-ide-0.5.2\\out\\server\\src\\server.js:7:8527)","timestamp":"2025-07-05T23:49:47.816Z"}
{"level":"info","message":"⌛ Validating administradorDeHechizos.wlk","timeElapsed":160,"timestamp":"2025-07-05T23:49:47.979Z"}
{"exitCode":"SIGHUP","level":"info","message":"👾 Game executed main.ArcaneBastion on c:\\Users\\joaom\\Documents\\asd-main","timeElapsed":88950,"timestamp":"2025-07-05T23:49:52.421Z"}
