{"level":"info","message":"⌛ Building environment","timeElapsed":393,"timestamp":"2025-07-03T19:55:11.504Z"}
{"level":"info","message":"⌛ Building environment","timeElapsed":326,"timestamp":"2025-07-03T19:55:12.557Z"}
{"level":"info","message":"⌛ Building environment","timeElapsed":315,"timestamp":"2025-07-03T19:55:12.557Z"}
{"level":"info","message":"⌛ Building environment","timeElapsed":311,"timestamp":"2025-07-03T19:55:12.558Z"}
{"level":"info","message":"⌛ Building environment","timeElapsed":308,"timestamp":"2025-07-03T19:55:12.871Z"}
{"level":"info","message":"⌛ Building environment","timeElapsed":306,"timestamp":"2025-07-03T19:55:13.211Z"}
{"level":"info","message":"⌛ Building environment","timeElapsed":301,"timestamp":"2025-07-03T19:55:13.519Z"}
{"level":"info","message":"⌛ Building environment","timeElapsed":294,"timestamp":"2025-07-03T19:55:14.000Z"}
{"level":"info","message":"⌛ Building environment","timeElapsed":652,"timestamp":"2025-07-03T19:55:14.654Z"}
{"level":"info","message":"⌛ Building environment","timeElapsed":694,"timestamp":"2025-07-03T19:55:15.416Z"}
{"level":"info","message":"⌛ Building environment","timeElapsed":356,"timestamp":"2025-07-03T19:55:15.775Z"}
{"level":"info","message":"⌛ Building environment","timeElapsed":328,"timestamp":"2025-07-03T19:55:16.105Z"}
{"level":"info","message":"⌛ Building environment","timeElapsed":300,"timestamp":"2025-07-03T19:55:16.407Z"}
{"level":"info","message":"⌛ Building environment","timeElapsed":358,"timestamp":"2025-07-03T19:55:16.822Z"}
{"level":"info","message":"⌛ Building environment","timeElapsed":337,"timestamp":"2025-07-03T19:55:17.161Z"}
{"level":"info","message":"⌛ Building environment","timeElapsed":288,"timestamp":"2025-07-03T19:55:17.497Z"}
{"level":"info","message":"⌛ Building environment","timeElapsed":317,"timestamp":"2025-07-03T19:55:17.883Z"}
{"level":"info","message":"⌛ Building environment","timeElapsed":1239,"timestamp":"2025-07-03T19:55:19.182Z"}
{"level":"info","message":"⌛ Building environment","timeElapsed":311,"timestamp":"2025-07-03T19:55:19.501Z"}
{"level":"info","message":"⌛ Building environment","timeElapsed":314,"timestamp":"2025-07-03T19:55:19.873Z"}
{"level":"info","message":"⌛ Building environment","timeElapsed":302,"timestamp":"2025-07-03T19:55:20.208Z"}
{"level":"info","message":"⌛ Validating enemigos.wlk","timeElapsed":464,"timestamp":"2025-07-03T19:55:20.675Z"}
{"level":"info","message":"⌛ Validating enemigos.wlk","timeElapsed":508,"timestamp":"2025-07-03T19:55:21.234Z"}
{"level":"info","message":"⌛ Validating enemigos.wlk","timeElapsed":455,"timestamp":"2025-07-03T19:55:21.694Z"}
{"level":"info","message":"⌛ Building environment","timeElapsed":355,"timestamp":"2025-07-03T19:55:22.056Z"}
{"level":"info","message":"⌛ Building environment","timeElapsed":310,"timestamp":"2025-07-03T19:55:22.367Z"}
{"level":"info","message":"⌛ Validating enemigos.wlk","timeElapsed":382,"timestamp":"2025-07-03T19:55:22.752Z"}
{"level":"info","message":"⌛ Building environment","timeElapsed":304,"timestamp":"2025-07-03T19:55:23.058Z"}
{"level":"info","message":"⌛ Building environment","timeElapsed":316,"timestamp":"2025-07-03T19:55:23.410Z"}
{"level":"info","message":"⌛ Building environment","timeElapsed":307,"timestamp":"2025-07-03T19:55:23.724Z"}
{"level":"info","message":"⌛ Validating enemigos.wlk","timeElapsed":471,"timestamp":"2025-07-03T19:55:24.196Z"}
{"level":"info","message":"⌛ Building environment","timeElapsed":308,"timestamp":"2025-07-03T19:55:24.510Z"}
{"level":"info","message":"⌛ Building environment","timeElapsed":306,"timestamp":"2025-07-03T19:55:24.822Z"}
{"level":"info","message":"⌛ Building environment","timeElapsed":327,"timestamp":"2025-07-03T19:55:25.201Z"}
{"level":"info","message":"⌛ Validating enemigos.wlk","timeElapsed":388,"timestamp":"2025-07-03T19:55:25.590Z"}
{"level":"info","message":"⌛ Building environment","timeElapsed":1017,"timestamp":"2025-07-03T19:55:26.618Z"}
{"level":"info","message":"⌛ Building environment","timeElapsed":304,"timestamp":"2025-07-03T19:55:26.925Z"}
{"level":"info","message":"⌛ Building environment","timeElapsed":380,"timestamp":"2025-07-03T19:55:27.308Z"}
{"level":"info","message":"⌛ Building environment","timeElapsed":616,"timestamp":"2025-07-03T19:55:28.194Z"}
{"level":"info","message":"⌛ Building environment","timeElapsed":997,"timestamp":"2025-07-03T19:55:29.201Z"}
{"level":"info","message":"⌛ Validating enemigos.wlk","timeElapsed":408,"timestamp":"2025-07-03T19:55:29.614Z"}
{"level":"info","message":"⌛ Building environment","timeElapsed":275,"timestamp":"2025-07-03T19:55:29.926Z"}
{"level":"info","message":"⌛ Autocomplete - Body","timeElapsed":105,"timestamp":"2025-07-03T19:55:30.083Z"}
{"level":"info","message":"⌛ Validating enemigos.wlk","timeElapsed":345,"timestamp":"2025-07-03T19:55:30.432Z"}
{"level":"info","message":"⌛ Building environment","timeElapsed":348,"timestamp":"2025-07-03T19:55:30.787Z"}
{"level":"error","message":"✘ Completions for node Send ([40:13, 40:37] - enemigos.wlk) failed: Error: [Send]{034a92} at enemigos.wlk:40 exhausted all cases without a match [Send]{034a92} at enemigos.wlk:40 exhausted all cases without a match","stack":"Error: [Send]{034a92} at enemigos.wlk:40 exhausted all cases without a match\n    at c:\\Users\\LUZ RAMIREZ\\.vscode\\extensions\\uqbar.wollok-lsp-ide-0.5.2\\out\\server\\src\\server.js:38:6142\n    at C2 (c:\\Users\\LUZ RAMIREZ\\.vscode\\extensions\\uqbar.wollok-lsp-ide-0.5.2\\out\\server\\src\\server.js:2362:42)\n    at Gh (c:\\Users\\LUZ RAMIREZ\\.vscode\\extensions\\uqbar.wollok-lsp-ide-0.5.2\\out\\server\\src\\server.js:2362:1092)\n    at l8n (c:\\Users\\LUZ RAMIREZ\\.vscode\\extensions\\uqbar.wollok-lsp-ide-0.5.2\\out\\server\\src\\server.js:2362:1248)\n    at c:\\Users\\LUZ RAMIREZ\\.vscode\\extensions\\uqbar.wollok-lsp-ide-0.5.2\\out\\server\\src\\server.js:38:6131\n    at C2 (c:\\Users\\LUZ RAMIREZ\\.vscode\\extensions\\uqbar.wollok-lsp-ide-0.5.2\\out\\server\\src\\server.js:2362:42)\n    at c:\\Users\\LUZ RAMIREZ\\.vscode\\extensions\\uqbar.wollok-lsp-ide-0.5.2\\out\\server\\src\\server.js:2362:2988\n    at c:\\Users\\LUZ RAMIREZ\\.vscode\\extensions\\uqbar.wollok-lsp-ide-0.5.2\\out\\server\\src\\server.js:2371:8440\n    at c:\\Users\\LUZ RAMIREZ\\.vscode\\extensions\\uqbar.wollok-lsp-ide-0.5.2\\out\\server\\src\\server.js:37:74872\n    at Ye (c:\\Users\\LUZ RAMIREZ\\.vscode\\extensions\\uqbar.wollok-lsp-ide-0.5.2\\out\\server\\src\\server.js:7:8527)","timestamp":"2025-07-03T19:55:30.872Z"}
{"level":"error","message":"✘ Completions for node If ([39:9, 42:10] - enemigos.wlk) failed: Error: [If]{fff0c9} at enemigos.wlk:39 exhausted all cases without a match [If]{fff0c9} at enemigos.wlk:39 exhausted all cases without a match","stack":"Error: [If]{fff0c9} at enemigos.wlk:39 exhausted all cases without a match\n    at c:\\Users\\LUZ RAMIREZ\\.vscode\\extensions\\uqbar.wollok-lsp-ide-0.5.2\\out\\server\\src\\server.js:38:6142\n    at C2 (c:\\Users\\LUZ RAMIREZ\\.vscode\\extensions\\uqbar.wollok-lsp-ide-0.5.2\\out\\server\\src\\server.js:2362:42)\n    at Gh (c:\\Users\\LUZ RAMIREZ\\.vscode\\extensions\\uqbar.wollok-lsp-ide-0.5.2\\out\\server\\src\\server.js:2362:1092)\n    at p8n (c:\\Users\\LUZ RAMIREZ\\.vscode\\extensions\\uqbar.wollok-lsp-ide-0.5.2\\out\\server\\src\\server.js:2362:818)\n    at c:\\Users\\LUZ RAMIREZ\\.vscode\\extensions\\uqbar.wollok-lsp-ide-0.5.2\\out\\server\\src\\server.js:38:6131\n    at C2 (c:\\Users\\LUZ RAMIREZ\\.vscode\\extensions\\uqbar.wollok-lsp-ide-0.5.2\\out\\server\\src\\server.js:2362:42)\n    at Gh (c:\\Users\\LUZ RAMIREZ\\.vscode\\extensions\\uqbar.wollok-lsp-ide-0.5.2\\out\\server\\src\\server.js:2362:1092)\n    at C2 (c:\\Users\\LUZ RAMIREZ\\.vscode\\extensions\\uqbar.wollok-lsp-ide-0.5.2\\out\\server\\src\\server.js:2362:544)\n    at Gh (c:\\Users\\LUZ RAMIREZ\\.vscode\\extensions\\uqbar.wollok-lsp-ide-0.5.2\\out\\server\\src\\server.js:2362:1092)\n    at l8n (c:\\Users\\LUZ RAMIREZ\\.vscode\\extensions\\uqbar.wollok-lsp-ide-0.5.2\\out\\server\\src\\server.js:2362:1248)","timestamp":"2025-07-03T19:55:30.872Z"}
{"level":"info","message":"⌛ Building environment","timeElapsed":305,"timestamp":"2025-07-03T19:55:31.190Z"}
{"level":"info","message":"⌛ Building environment","timeElapsed":376,"timestamp":"2025-07-03T19:55:31.609Z"}
{"level":"info","message":"⌛ Validating enemigos.wlk","timeElapsed":450,"timestamp":"2025-07-03T19:55:32.228Z"}
{"level":"info","message":"⌛ Building environment","timeElapsed":364,"timestamp":"2025-07-03T19:55:32.608Z"}
{"level":"info","message":"⌛ Validating enemigos.wlk","timeElapsed":361,"timestamp":"2025-07-03T19:55:32.996Z"}
{"level":"info","message":"⌛ Building environment","timeElapsed":307,"timestamp":"2025-07-03T19:55:33.339Z"}
{"level":"info","message":"⌛ Building environment","timeElapsed":376,"timestamp":"2025-07-03T19:55:33.733Z"}
{"level":"info","message":"⌛ Building environment","timeElapsed":361,"timestamp":"2025-07-03T19:55:34.124Z"}
{"level":"info","message":"⌛ Validating enemigos.wlk","timeElapsed":396,"timestamp":"2025-07-03T19:55:34.536Z"}
{"level":"info","message":"⌛ Building environment","timeElapsed":466,"timestamp":"2025-07-03T19:55:35.038Z"}
{"level":"info","message":"⌛ Building environment","timeElapsed":381,"timestamp":"2025-07-03T19:55:35.422Z"}
{"level":"info","message":"⌛ Building environment","timeElapsed":291,"timestamp":"2025-07-03T19:55:35.742Z"}
{"level":"info","message":"⌛ Validating enemigos.wlk","timeElapsed":681,"timestamp":"2025-07-03T19:55:36.454Z"}
{"level":"info","message":"⌛ Validating enemigos.wlk","timeElapsed":365,"timestamp":"2025-07-03T19:55:36.842Z"}
{"level":"info","message":"⌛ Building environment","timeElapsed":401,"timestamp":"2025-07-03T19:55:37.253Z"}
{"level":"info","message":"⌛ Validating enemigos.wlk","timeElapsed":467,"timestamp":"2025-07-03T19:55:37.723Z"}
{"level":"info","message":"⌛ Building environment","timeElapsed":360,"timestamp":"2025-07-03T19:55:38.099Z"}
{"level":"info","message":"⌛ Building environment","timeElapsed":341,"timestamp":"2025-07-03T19:55:38.443Z"}
{"level":"info","message":"⌛ Building environment","timeElapsed":5031,"timestamp":"2025-07-03T19:55:43.537Z"}
{"level":"info","message":"⌛ Building environment","timeElapsed":325,"timestamp":"2025-07-03T19:55:43.913Z"}
{"level":"info","message":"⌛ Building environment","timeElapsed":337,"timestamp":"2025-07-03T19:55:44.251Z"}
{"level":"info","message":"⌛ Building environment","timeElapsed":300,"timestamp":"2025-07-03T19:55:44.553Z"}
{"level":"info","message":"⌛ Building environment","timeElapsed":347,"timestamp":"2025-07-03T19:55:44.903Z"}
{"level":"info","message":"⌛ Validating enemigos.wlk","timeElapsed":445,"timestamp":"2025-07-03T19:55:45.402Z"}
{"level":"info","message":"⌛ Building environment","timeElapsed":331,"timestamp":"2025-07-03T19:55:45.735Z"}
{"level":"info","message":"⌛ Building environment","timeElapsed":298,"timestamp":"2025-07-03T19:55:46.036Z"}
{"level":"info","message":"⌛ Validating enemigos.wlk","timeElapsed":419,"timestamp":"2025-07-03T19:55:46.489Z"}
{"level":"info","message":"⌛ Validating enemigos.wlk","timeElapsed":334,"timestamp":"2025-07-03T19:55:46.832Z"}
{"level":"info","message":"⌛ Validating enemigos.wlk","timeElapsed":344,"timestamp":"2025-07-03T19:55:47.178Z"}
{"level":"info","message":"⌛ Validating enemigos.wlk","timeElapsed":330,"timestamp":"2025-07-03T19:55:47.508Z"}
{"level":"info","message":"⌛ Validating enemigos.wlk","timeElapsed":341,"timestamp":"2025-07-03T19:55:47.849Z"}
{"level":"info","message":"⌛ Validating enemigos.wlk","timeElapsed":358,"timestamp":"2025-07-03T19:55:48.208Z"}
{"level":"info","message":"⌛ Validating enemigos.wlk","timeElapsed":340,"timestamp":"2025-07-03T19:55:48.556Z"}
{"level":"info","message":"⌛ Validating enemigos.wlk","timeElapsed":343,"timestamp":"2025-07-03T19:55:48.908Z"}
{"level":"info","message":"⌛ Validating enemigos.wlk","timeElapsed":337,"timestamp":"2025-07-03T19:55:49.250Z"}
{"level":"info","message":"⌛ Validating enemigos.wlk","timeElapsed":319,"timestamp":"2025-07-03T19:55:49.579Z"}
{"level":"info","message":"⌛ Validating enemigos.wlk","timeElapsed":318,"timestamp":"2025-07-03T19:55:49.898Z"}
{"level":"info","message":"⌛ Validating enemigos.wlk","timeElapsed":338,"timestamp":"2025-07-03T19:55:50.240Z"}
{"level":"info","message":"⌛ Validating enemigos.wlk","timeElapsed":313,"timestamp":"2025-07-03T19:55:50.558Z"}
{"level":"info","message":"⌛ Building environment","timeElapsed":268,"timestamp":"2025-07-03T19:55:50.833Z"}
{"level":"info","message":"⌛ Validating enemigos.wlk","timeElapsed":360,"timestamp":"2025-07-03T19:55:51.223Z"}
{"level":"info","message":"⌛ Validating enemigos.wlk","timeElapsed":308,"timestamp":"2025-07-03T19:55:51.544Z"}
{"level":"info","message":"⌛ Validating enemigos.wlk","timeElapsed":316,"timestamp":"2025-07-03T19:55:51.866Z"}
{"level":"info","message":"⌛ Validating enemigos.wlk","timeElapsed":334,"timestamp":"2025-07-03T19:55:52.207Z"}
{"level":"info","message":"⌛ Validating enemigos.wlk","timeElapsed":313,"timestamp":"2025-07-03T19:55:52.525Z"}
{"level":"info","message":"⌛ Validating enemigos.wlk","timeElapsed":316,"timestamp":"2025-07-03T19:55:52.846Z"}
{"level":"info","message":"⌛ Validating enemigos.wlk","timeElapsed":319,"timestamp":"2025-07-03T19:55:53.169Z"}
{"level":"info","message":"⌛ Validating enemigos.wlk","timeElapsed":316,"timestamp":"2025-07-03T19:55:53.485Z"}
{"level":"info","message":"⌛ Validating enemigos.wlk","timeElapsed":340,"timestamp":"2025-07-03T19:55:53.865Z"}
{"level":"info","message":"⌛ Validating enemigos.wlk","timeElapsed":347,"timestamp":"2025-07-03T19:55:54.214Z"}
{"level":"info","message":"⌛ Validating enemigos.wlk","timeElapsed":313,"timestamp":"2025-07-03T19:55:54.541Z"}
{"level":"info","message":"⌛ Validating enemigos.wlk","timeElapsed":321,"timestamp":"2025-07-03T19:55:54.867Z"}
{"level":"info","message":"⌛ Validating enemigos.wlk","timeElapsed":340,"timestamp":"2025-07-03T19:55:55.220Z"}
{"level":"info","message":"⌛ Validating enemigos.wlk","timeElapsed":322,"timestamp":"2025-07-03T19:55:55.622Z"}
{"level":"info","message":"⌛ Validating enemigos.wlk","timeElapsed":325,"timestamp":"2025-07-03T19:55:56.030Z"}
{"level":"info","message":"⌛ Validating enemigos.wlk","timeElapsed":334,"timestamp":"2025-07-03T19:55:56.358Z"}
{"level":"info","message":"⌛ Validating enemigos.wlk","timeElapsed":325,"timestamp":"2025-07-03T19:55:56.758Z"}
{"level":"info","message":"⌛ Validating enemigos.wlk","timeElapsed":318,"timestamp":"2025-07-03T19:55:57.077Z"}
{"level":"info","message":"⌛ Validating enemigos.wlk","timeElapsed":349,"timestamp":"2025-07-03T19:55:57.431Z"}
{"level":"info","message":"⌛ Validating enemigos.wlk","timeElapsed":319,"timestamp":"2025-07-03T19:55:57.894Z"}
{"level":"info","message":"⌛ Validating enemigos.wlk","timeElapsed":328,"timestamp":"2025-07-03T19:55:58.285Z"}
{"level":"info","message":"⌛ Validating enemigos.wlk","timeElapsed":313,"timestamp":"2025-07-03T19:55:58.680Z"}
{"level":"info","message":"⌛ Validating enemigos.wlk","timeElapsed":312,"timestamp":"2025-07-03T19:55:59.025Z"}
{"level":"info","message":"⌛ Validating enemigos.wlk","timeElapsed":399,"timestamp":"2025-07-03T19:55:59.424Z"}
{"level":"info","message":"⌛ Validating enemigos.wlk","timeElapsed":338,"timestamp":"2025-07-03T19:55:59.768Z"}
{"level":"info","message":"⌛ Validating enemigos.wlk","timeElapsed":326,"timestamp":"2025-07-03T19:56:00.172Z"}
{"level":"info","message":"⌛ Validating enemigos.wlk","timeElapsed":320,"timestamp":"2025-07-03T19:56:00.578Z"}
{"level":"info","message":"⌛ Validating enemigos.wlk","timeElapsed":324,"timestamp":"2025-07-03T19:56:00.902Z"}
{"level":"info","message":"⌛ Validating enemigos.wlk","timeElapsed":334,"timestamp":"2025-07-03T19:56:01.241Z"}
{"level":"info","message":"⌛ Validating enemigos.wlk","timeElapsed":312,"timestamp":"2025-07-03T19:56:01.564Z"}
{"level":"info","message":"⌛ Validating enemigos.wlk","timeElapsed":313,"timestamp":"2025-07-03T19:56:01.899Z"}
{"level":"info","message":"⌛ Validating enemigos.wlk","timeElapsed":329,"timestamp":"2025-07-03T19:56:02.244Z"}
{"level":"info","message":"⌛ Validating enemigos.wlk","timeElapsed":314,"timestamp":"2025-07-03T19:56:02.588Z"}
{"level":"info","message":"⌛ Validating enemigos.wlk","timeElapsed":340,"timestamp":"2025-07-03T19:56:02.938Z"}
{"level":"info","message":"⌛ Validating enemigos.wlk","timeElapsed":326,"timestamp":"2025-07-03T19:56:03.265Z"}
{"level":"info","message":"⌛ Validating enemigos.wlk","timeElapsed":322,"timestamp":"2025-07-03T19:56:03.760Z"}
{"level":"info","message":"⌛ Validating enemigos.wlk","timeElapsed":318,"timestamp":"2025-07-03T19:56:04.087Z"}
{"level":"info","message":"⌛ Validating enemigos.wlk","timeElapsed":332,"timestamp":"2025-07-03T19:56:04.425Z"}
{"level":"info","message":"⌛ Validating enemigos.wlk","timeElapsed":323,"timestamp":"2025-07-03T19:56:04.756Z"}
{"level":"info","message":"⌛ Validating enemigos.wlk","timeElapsed":315,"timestamp":"2025-07-03T19:56:05.075Z"}
{"level":"info","message":"⌛ Validating enemigos.wlk","timeElapsed":324,"timestamp":"2025-07-03T19:56:05.412Z"}
{"level":"info","message":"⌛ Validating enemigos.wlk","timeElapsed":320,"timestamp":"2025-07-03T19:56:05.744Z"}
{"level":"info","message":"⌛ Validating enemigos.wlk","timeElapsed":317,"timestamp":"2025-07-03T19:56:06.076Z"}
{"level":"info","message":"⌛ Building environment","timeElapsed":1054,"timestamp":"2025-07-04T00:54:34.182Z"}
{"level":"info","message":"⌛ Building environment","timeElapsed":1017,"timestamp":"2025-07-04T00:54:35.248Z"}
{"level":"info","message":"⌛ Building environment","timeElapsed":536,"timestamp":"2025-07-04T00:54:35.904Z"}
{"level":"info","message":"⌛ Building environment","timeElapsed":401,"timestamp":"2025-07-04T00:54:36.335Z"}
{"level":"info","message":"⌛ Building environment","timeElapsed":642,"timestamp":"2025-07-04T00:54:36.980Z"}
{"level":"info","message":"⌛ Building environment","timeElapsed":575,"timestamp":"2025-07-04T00:54:37.564Z"}
{"level":"info","message":"⌛ Building environment","timeElapsed":359,"timestamp":"2025-07-04T00:54:37.967Z"}
{"level":"info","message":"⌛ Building environment","timeElapsed":396,"timestamp":"2025-07-04T00:54:38.383Z"}
{"level":"info","message":"⌛ Building environment","timeElapsed":575,"timestamp":"2025-07-04T00:54:38.963Z"}
{"level":"info","message":"⌛ Building environment","timeElapsed":879,"timestamp":"2025-07-04T00:54:39.850Z"}
{"level":"info","message":"⌛ Building environment","timeElapsed":423,"timestamp":"2025-07-04T00:54:40.295Z"}
{"level":"info","message":"⌛ Building environment","timeElapsed":804,"timestamp":"2025-07-04T00:54:41.144Z"}
{"level":"info","message":"⌛ Building environment","timeElapsed":459,"timestamp":"2025-07-04T00:54:41.609Z"}
{"level":"info","message":"⌛ Building environment","timeElapsed":635,"timestamp":"2025-07-04T00:54:42.251Z"}
{"level":"info","message":"⌛ Building environment","timeElapsed":508,"timestamp":"2025-07-04T00:54:42.766Z"}
{"level":"info","message":"⌛ Validating bastion.wlk","timeElapsed":647,"timestamp":"2025-07-04T00:54:43.417Z"}
{"level":"info","message":"⌛ Building environment","timeElapsed":895,"timestamp":"2025-07-04T00:54:44.318Z"}
{"level":"info","message":"⌛ Validating sonidos.wlk","timeElapsed":467,"timestamp":"2025-07-04T00:54:44.896Z"}
{"level":"info","message":"⌛ Validating personajes.wlk","timeElapsed":455,"timestamp":"2025-07-04T00:54:45.363Z"}
{"level":"info","message":"⌛ Validating niveles.wlk","timeElapsed":563,"timestamp":"2025-07-04T00:54:45.927Z"}
{"level":"info","message":"⌛ Validating menu.wlk","timeElapsed":405,"timestamp":"2025-07-04T00:54:46.341Z"}
{"level":"info","message":"⌛ Validating mana.wlk","timeElapsed":354,"timestamp":"2025-07-04T00:54:46.696Z"}
{"level":"info","message":"⌛ Validating main.wpgm","timeElapsed":413,"timestamp":"2025-07-04T00:54:47.110Z"}
{"level":"info","message":"⌛ Validating mago.wlk","timeElapsed":383,"timestamp":"2025-07-04T00:54:47.497Z"}
{"level":"info","message":"⌛ Validating enemigos.wlk","timeElapsed":471,"timestamp":"2025-07-04T00:54:47.970Z"}
{"level":"info","message":"⌛ Validating arcaneBastion.wlk","timeElapsed":429,"timestamp":"2025-07-04T00:54:48.402Z"}
{"level":"info","message":"⌛ Validating adminProyectiles.wlk","timeElapsed":396,"timestamp":"2025-07-04T00:54:48.813Z"}
{"level":"info","message":"⌛ Validating administradorDeOleadas.wlk","timeElapsed":359,"timestamp":"2025-07-04T00:54:49.186Z"}
{"level":"info","message":"⌛ Validating administradorDeHechizos.wlk","timeElapsed":446,"timestamp":"2025-07-04T00:54:49.669Z"}
{"level":"info","message":"⌛ Validating administradorDeEnemigos.wlk","timeElapsed":421,"timestamp":"2025-07-04T00:54:50.111Z"}
{"level":"info","message":"⌛ Validating bastion.wlk","timeElapsed":392,"timestamp":"2025-07-04T00:54:50.513Z"}
{"level":"info","message":"⌛ Validating sonidos.wlk","timeElapsed":300,"timestamp":"2025-07-04T00:54:50.819Z"}
{"level":"info","message":"⌛ Validating personajes.wlk","timeElapsed":406,"timestamp":"2025-07-04T00:54:51.281Z"}
{"level":"info","message":"⌛ Validating niveles.wlk","timeElapsed":310,"timestamp":"2025-07-04T00:54:51.598Z"}
{"level":"info","message":"⌛ Validating menu.wlk","timeElapsed":273,"timestamp":"2025-07-04T00:54:51.887Z"}
{"level":"info","message":"⌛ Validating mana.wlk","timeElapsed":277,"timestamp":"2025-07-04T00:54:52.167Z"}
{"level":"info","message":"⌛ Validating main.wpgm","timeElapsed":444,"timestamp":"2025-07-04T00:54:52.619Z"}
{"level":"info","message":"⌛ Validating mago.wlk","timeElapsed":298,"timestamp":"2025-07-04T00:54:52.928Z"}
{"level":"info","message":"⌛ Validating enemigos.wlk","timeElapsed":287,"timestamp":"2025-07-04T00:54:53.229Z"}
{"level":"info","message":"⌛ Validating arcaneBastion.wlk","timeElapsed":254,"timestamp":"2025-07-04T00:54:53.489Z"}
{"level":"info","message":"⌛ Validating adminProyectiles.wlk","timeElapsed":292,"timestamp":"2025-07-04T00:54:53.786Z"}
{"level":"info","message":"⌛ Validating administradorDeOleadas.wlk","timeElapsed":279,"timestamp":"2025-07-04T00:54:54.076Z"}
{"level":"info","message":"⌛ Validating administradorDeHechizos.wlk","timeElapsed":264,"timestamp":"2025-07-04T00:54:54.347Z"}
{"level":"info","message":"⌛ Validating administradorDeEnemigos.wlk","timeElapsed":276,"timestamp":"2025-07-04T00:54:54.632Z"}
{"level":"info","message":"⌛ Building environment","timeElapsed":684,"timestamp":"2025-07-04T00:57:04.065Z"}
{"level":"info","message":"⌛ Building environment","timeElapsed":646,"timestamp":"2025-07-04T00:57:04.739Z"}
{"level":"info","message":"⌛ Validating bastion.wlk","timeElapsed":574,"timestamp":"2025-07-04T00:57:05.345Z"}
{"level":"info","message":"⌛ Validating bastion.wlk","timeElapsed":429,"timestamp":"2025-07-04T00:57:05.779Z"}
{"level":"info","message":"⌛ Building environment","timeElapsed":332,"timestamp":"2025-07-04T00:57:08.500Z"}
{"level":"info","message":"⌛ Building environment","timeElapsed":830,"timestamp":"2025-07-04T00:57:09.435Z"}
{"level":"info","message":"⌛ Building environment","timeElapsed":423,"timestamp":"2025-07-04T00:57:10.155Z"}
{"level":"info","message":"⌛ Validating bastion.wlk","timeElapsed":531,"timestamp":"2025-07-04T00:57:10.811Z"}
{"level":"info","message":"⌛ Building environment","timeElapsed":461,"timestamp":"2025-07-04T00:57:11.275Z"}
{"level":"info","message":"⌛ Building environment","timeElapsed":432,"timestamp":"2025-07-04T00:57:11.713Z"}
{"level":"info","message":"⌛ Building environment","timeElapsed":293,"timestamp":"2025-07-04T00:57:12.007Z"}
{"level":"info","message":"⌛ Building environment","timeElapsed":328,"timestamp":"2025-07-04T00:57:12.438Z"}
{"level":"info","message":"⌛ Building environment","timeElapsed":269,"timestamp":"2025-07-04T00:57:12.784Z"}
{"level":"info","message":"⌛ Building environment","timeElapsed":630,"timestamp":"2025-07-04T00:57:13.504Z"}
{"level":"info","message":"⌛ Validating bastion.wlk","timeElapsed":625,"timestamp":"2025-07-04T00:57:14.182Z"}
{"level":"info","message":"⌛ Building environment","timeElapsed":868,"timestamp":"2025-07-04T00:57:15.053Z"}
{"level":"info","message":"⌛ Building environment","timeElapsed":730,"timestamp":"2025-07-04T00:57:15.785Z"}
{"level":"info","message":"⌛ Building environment","timeElapsed":359,"timestamp":"2025-07-04T00:57:16.147Z"}
{"level":"info","message":"⌛ Building environment","timeElapsed":435,"timestamp":"2025-07-04T00:57:16.583Z"}
{"level":"info","message":"⌛ Building environment","timeElapsed":482,"timestamp":"2025-07-04T00:57:17.066Z"}
{"level":"info","message":"⌛ Validating bastion.wlk","timeElapsed":622,"timestamp":"2025-07-04T00:57:17.690Z"}
{"level":"info","message":"⌛ Building environment","timeElapsed":342,"timestamp":"2025-07-04T00:57:18.046Z"}
{"level":"info","message":"⌛ Building environment","timeElapsed":465,"timestamp":"2025-07-04T00:57:18.514Z"}
{"level":"info","message":"⌛ Building environment","timeElapsed":445,"timestamp":"2025-07-04T00:57:18.962Z"}
{"level":"info","message":"⌛ Building environment","timeElapsed":643,"timestamp":"2025-07-04T00:57:19.679Z"}
{"level":"info","message":"⌛ Validating bastion.wlk","timeElapsed":648,"timestamp":"2025-07-04T00:57:20.346Z"}
{"level":"info","message":"⌛ Building environment","timeElapsed":461,"timestamp":"2025-07-04T00:57:20.814Z"}
{"level":"info","message":"⌛ Validating bastion.wlk","timeElapsed":600,"timestamp":"2025-07-04T00:57:21.451Z"}
{"level":"info","message":"⌛ Building environment","timeElapsed":1248,"timestamp":"2025-07-04T00:57:22.820Z"}
{"level":"info","message":"⌛ Validating bastion.wlk","timeElapsed":738,"timestamp":"2025-07-04T00:57:23.577Z"}
{"level":"info","message":"⌛ Building environment","timeElapsed":424,"timestamp":"2025-07-04T00:57:24.004Z"}
{"level":"info","message":"⌛ Building environment","timeElapsed":425,"timestamp":"2025-07-04T00:57:24.463Z"}
{"level":"info","message":"⌛ Building environment","timeElapsed":344,"timestamp":"2025-07-04T00:57:24.857Z"}
{"level":"info","message":"⌛ Building environment","timeElapsed":614,"timestamp":"2025-07-04T00:57:25.545Z"}
{"level":"info","message":"⌛ Validating bastion.wlk","timeElapsed":453,"timestamp":"2025-07-04T00:57:26.049Z"}
{"level":"info","message":"⌛ Building environment","timeElapsed":331,"timestamp":"2025-07-04T00:57:26.390Z"}
{"level":"info","message":"⌛ Validating bastion.wlk","timeElapsed":452,"timestamp":"2025-07-04T00:57:26.917Z"}
{"level":"info","message":"⌛ Building environment","timeElapsed":345,"timestamp":"2025-07-04T00:57:27.263Z"}
{"level":"info","message":"⌛ Building environment","timeElapsed":251,"timestamp":"2025-07-04T00:57:27.555Z"}
{"level":"info","message":"⌛ Building environment","timeElapsed":245,"timestamp":"2025-07-04T00:57:27.856Z"}
{"level":"info","message":"⌛ Building environment","timeElapsed":543,"timestamp":"2025-07-04T00:57:28.453Z"}
{"level":"info","message":"⌛ Building environment","timeElapsed":239,"timestamp":"2025-07-04T00:57:28.743Z"}
{"level":"info","message":"⌛ Building environment","timeElapsed":238,"timestamp":"2025-07-04T00:57:29.028Z"}
{"level":"info","message":"⌛ Validating bastion.wlk","timeElapsed":366,"timestamp":"2025-07-04T00:57:29.450Z"}
{"level":"info","message":"⌛ Building environment","timeElapsed":319,"timestamp":"2025-07-04T00:57:29.780Z"}
{"level":"info","message":"⌛ Building environment","timeElapsed":352,"timestamp":"2025-07-04T00:57:30.180Z"}
{"level":"info","message":"⌛ Building environment","timeElapsed":322,"timestamp":"2025-07-04T00:57:30.563Z"}
{"level":"info","message":"⌛ Building environment","timeElapsed":288,"timestamp":"2025-07-04T00:57:30.926Z"}
{"level":"info","message":"⌛ Building environment","timeElapsed":270,"timestamp":"2025-07-04T00:57:31.250Z"}
{"level":"info","message":"⌛ Building environment","timeElapsed":1224,"timestamp":"2025-07-04T00:57:32.542Z"}
{"level":"info","message":"⌛ Building environment","timeElapsed":304,"timestamp":"2025-07-04T00:57:32.848Z"}
{"level":"info","message":"⌛ Building environment","timeElapsed":311,"timestamp":"2025-07-04T00:57:33.161Z"}
{"level":"info","message":"⌛ Building environment","timeElapsed":297,"timestamp":"2025-07-04T00:57:33.461Z"}
{"level":"info","message":"⌛ Building environment","timeElapsed":285,"timestamp":"2025-07-04T00:57:33.749Z"}
{"level":"info","message":"⌛ Building environment","timeElapsed":288,"timestamp":"2025-07-04T00:57:34.044Z"}
{"level":"info","message":"⌛ Building environment","timeElapsed":343,"timestamp":"2025-07-04T00:57:34.389Z"}
{"level":"info","message":"⌛ Building environment","timeElapsed":321,"timestamp":"2025-07-04T00:57:34.717Z"}
{"level":"info","message":"⌛ Validating bastion.wlk","timeElapsed":427,"timestamp":"2025-07-04T00:57:35.149Z"}
{"level":"info","message":"⌛ Building environment","timeElapsed":285,"timestamp":"2025-07-04T00:57:35.443Z"}
{"level":"info","message":"⌛ Building environment","timeElapsed":299,"timestamp":"2025-07-04T00:57:35.746Z"}
{"level":"info","message":"⌛ Building environment","timeElapsed":303,"timestamp":"2025-07-04T00:57:36.079Z"}
{"level":"info","message":"⌛ Validating bastion.wlk","timeElapsed":382,"timestamp":"2025-07-04T00:57:36.466Z"}
{"level":"info","message":"⌛ Building environment","timeElapsed":257,"timestamp":"2025-07-04T00:57:36.735Z"}
{"level":"info","message":"⌛ Building environment","timeElapsed":291,"timestamp":"2025-07-04T00:57:37.028Z"}
{"level":"info","message":"⌛ Building environment","timeElapsed":288,"timestamp":"2025-07-04T00:57:37.320Z"}
{"level":"info","message":"⌛ Validating bastion.wlk","timeElapsed":365,"timestamp":"2025-07-04T00:57:37.687Z"}
{"level":"info","message":"⌛ Building environment","timeElapsed":294,"timestamp":"2025-07-04T00:57:37.982Z"}
{"level":"info","message":"⌛ Building environment","timeElapsed":306,"timestamp":"2025-07-04T00:57:38.293Z"}
{"level":"info","message":"⌛ Building environment","timeElapsed":250,"timestamp":"2025-07-04T00:57:38.545Z"}
{"level":"info","message":"⌛ Validating bastion.wlk","timeElapsed":358,"timestamp":"2025-07-04T00:57:38.961Z"}
{"level":"info","message":"⌛ Building environment","timeElapsed":268,"timestamp":"2025-07-04T00:57:39.255Z"}
{"level":"info","message":"⌛ Validating bastion.wlk","timeElapsed":356,"timestamp":"2025-07-04T00:57:39.635Z"}
{"level":"info","message":"⌛ Building environment","timeElapsed":276,"timestamp":"2025-07-04T00:57:39.922Z"}
{"level":"info","message":"⌛ Validating bastion.wlk","timeElapsed":374,"timestamp":"2025-07-04T00:57:40.299Z"}
{"level":"info","message":"⌛ Building environment","timeElapsed":293,"timestamp":"2025-07-04T00:57:40.603Z"}
{"level":"info","message":"⌛ Building environment","timeElapsed":280,"timestamp":"2025-07-04T00:57:40.885Z"}
{"level":"info","message":"⌛ Building environment","timeElapsed":323,"timestamp":"2025-07-04T00:57:41.263Z"}
{"level":"info","message":"⌛ Building environment","timeElapsed":239,"timestamp":"2025-07-04T00:57:41.555Z"}
{"level":"info","message":"⌛ Validating bastion.wlk","timeElapsed":342,"timestamp":"2025-07-04T00:57:41.955Z"}
{"level":"info","message":"⌛ Building environment","timeElapsed":244,"timestamp":"2025-07-04T00:57:42.201Z"}
{"level":"info","message":"⌛ Building environment","timeElapsed":249,"timestamp":"2025-07-04T00:57:42.484Z"}
{"level":"info","message":"⌛ Validating bastion.wlk","timeElapsed":340,"timestamp":"2025-07-04T00:57:42.876Z"}
{"level":"info","message":"⌛ Building environment","timeElapsed":263,"timestamp":"2025-07-04T00:57:43.161Z"}
{"level":"info","message":"⌛ Building environment","timeElapsed":248,"timestamp":"2025-07-04T00:57:43.412Z"}
{"level":"info","message":"⌛ Building environment","timeElapsed":232,"timestamp":"2025-07-04T00:57:43.714Z"}
{"level":"info","message":"⌛ Validating bastion.wlk","timeElapsed":344,"timestamp":"2025-07-04T00:57:44.109Z"}
{"level":"info","message":"⌛ Building environment","timeElapsed":249,"timestamp":"2025-07-04T00:57:44.360Z"}
{"level":"info","message":"⌛ Building environment","timeElapsed":242,"timestamp":"2025-07-04T00:57:44.651Z"}
{"level":"info","message":"⌛ Building environment","timeElapsed":2560,"timestamp":"2025-07-04T00:57:47.317Z"}
{"level":"info","message":"⌛ Building environment","timeElapsed":575,"timestamp":"2025-07-04T00:57:47.919Z"}
{"level":"info","message":"⌛ Validating bastion.wlk","timeElapsed":403,"timestamp":"2025-07-04T00:57:48.331Z"}
{"level":"info","message":"⌛ Building environment","timeElapsed":240,"timestamp":"2025-07-04T00:57:48.611Z"}
{"level":"info","message":"⌛ Building environment","timeElapsed":233,"timestamp":"2025-07-04T00:57:48.888Z"}
{"level":"info","message":"⌛ Building environment","timeElapsed":235,"timestamp":"2025-07-04T00:57:49.180Z"}
{"level":"info","message":"⌛ Building environment","timeElapsed":233,"timestamp":"2025-07-04T00:57:49.464Z"}
{"level":"info","message":"⌛ Building environment","timeElapsed":227,"timestamp":"2025-07-04T00:57:49.760Z"}
{"level":"info","message":"⌛ Building environment","timeElapsed":241,"timestamp":"2025-07-04T00:57:50.065Z"}
{"level":"info","message":"⌛ Building environment","timeElapsed":233,"timestamp":"2025-07-04T00:57:50.347Z"}
{"level":"info","message":"⌛ Building environment","timeElapsed":226,"timestamp":"2025-07-04T00:57:50.625Z"}
{"level":"info","message":"⌛ Building environment","timeElapsed":237,"timestamp":"2025-07-04T00:57:50.909Z"}
{"level":"info","message":"⌛ Building environment","timeElapsed":227,"timestamp":"2025-07-04T00:57:51.185Z"}
{"level":"info","message":"⌛ Validating bastion.wlk","timeElapsed":352,"timestamp":"2025-07-04T00:57:51.592Z"}
{"level":"info","message":"⌛ Building environment","timeElapsed":289,"timestamp":"2025-07-04T00:57:51.886Z"}
{"level":"info","message":"⌛ Building environment","timeElapsed":230,"timestamp":"2025-07-04T00:57:52.152Z"}
{"level":"info","message":"⌛ Building environment","timeElapsed":224,"timestamp":"2025-07-04T00:57:52.426Z"}
{"level":"info","message":"⌛ Building environment","timeElapsed":328,"timestamp":"2025-07-04T00:57:52.804Z"}
{"level":"info","message":"⌛ Building environment","timeElapsed":229,"timestamp":"2025-07-04T00:57:53.084Z"}
{"level":"info","message":"⌛ Building environment","timeElapsed":484,"timestamp":"2025-07-04T00:57:53.615Z"}
{"level":"info","message":"⌛ Building environment","timeElapsed":230,"timestamp":"2025-07-04T00:57:53.895Z"}
{"level":"info","message":"⌛ Building environment","timeElapsed":229,"timestamp":"2025-07-04T00:57:54.177Z"}
{"level":"info","message":"⌛ Validating bastion.wlk","timeElapsed":353,"timestamp":"2025-07-04T00:57:54.580Z"}
{"level":"info","message":"⌛ Building environment","timeElapsed":248,"timestamp":"2025-07-04T00:57:54.830Z"}
{"level":"info","message":"⌛ Building environment","timeElapsed":239,"timestamp":"2025-07-04T00:57:55.108Z"}
{"level":"info","message":"⌛ Building environment","timeElapsed":334,"timestamp":"2025-07-04T00:57:55.494Z"}
{"level":"info","message":"⌛ Validating bastion.wlk","timeElapsed":346,"timestamp":"2025-07-04T00:57:55.902Z"}
{"level":"info","message":"⌛ Building environment","timeElapsed":240,"timestamp":"2025-07-04T00:57:56.144Z"}
{"level":"info","message":"⌛ Building environment","timeElapsed":256,"timestamp":"2025-07-04T00:57:56.436Z"}
{"level":"info","message":"⌛ Building environment","timeElapsed":228,"timestamp":"2025-07-04T00:57:56.715Z"}
{"level":"info","message":"⌛ Validating bastion.wlk","timeElapsed":357,"timestamp":"2025-07-04T00:57:57.125Z"}
{"level":"info","message":"⌛ Building environment","timeElapsed":234,"timestamp":"2025-07-04T00:57:57.375Z"}
{"level":"info","message":"⌛ Building environment","timeElapsed":345,"timestamp":"2025-07-04T00:57:57.753Z"}
{"level":"info","message":"⌛ Building environment","timeElapsed":226,"timestamp":"2025-07-04T00:57:58.048Z"}
{"level":"info","message":"⌛ Building environment","timeElapsed":233,"timestamp":"2025-07-04T00:57:58.343Z"}
{"level":"info","message":"⌛ Validating bastion.wlk","timeElapsed":365,"timestamp":"2025-07-04T00:57:58.761Z"}
{"level":"info","message":"⌛ Building environment","timeElapsed":237,"timestamp":"2025-07-04T00:57:58.999Z"}
{"level":"info","message":"⌛ Building environment","timeElapsed":296,"timestamp":"2025-07-04T00:57:59.333Z"}
{"level":"info","message":"⌛ Building environment","timeElapsed":229,"timestamp":"2025-07-04T00:57:59.635Z"}
{"level":"info","message":"⌛ Validating bastion.wlk","timeElapsed":348,"timestamp":"2025-07-04T00:58:00.031Z"}
{"level":"info","message":"⌛ Building environment","timeElapsed":247,"timestamp":"2025-07-04T00:58:00.279Z"}
{"level":"info","message":"⌛ Building environment","timeElapsed":239,"timestamp":"2025-07-04T00:58:00.550Z"}
{"level":"info","message":"⌛ Building environment","timeElapsed":227,"timestamp":"2025-07-04T00:58:00.830Z"}
{"level":"info","message":"⌛ Building environment","timeElapsed":280,"timestamp":"2025-07-04T00:58:01.162Z"}
{"level":"info","message":"⌛ Building environment","timeElapsed":230,"timestamp":"2025-07-04T00:58:01.447Z"}
{"level":"info","message":"⌛ Validating bastion.wlk","timeElapsed":365,"timestamp":"2025-07-04T00:58:01.882Z"}
{"level":"info","message":"⌛ Validating bastion.wlk","timeElapsed":339,"timestamp":"2025-07-04T00:58:02.225Z"}
{"level":"info","message":"⌛ Validating bastion.wlk","timeElapsed":515,"timestamp":"2025-07-04T00:58:02.742Z"}
{"level":"info","message":"⌛ Validating bastion.wlk","timeElapsed":391,"timestamp":"2025-07-04T00:58:03.141Z"}
{"level":"info","message":"⌛ Validating bastion.wlk","timeElapsed":346,"timestamp":"2025-07-04T00:58:03.497Z"}
{"level":"info","message":"⌛ Validating bastion.wlk","timeElapsed":327,"timestamp":"2025-07-04T00:58:03.834Z"}
{"level":"info","message":"⌛ Validating bastion.wlk","timeElapsed":336,"timestamp":"2025-07-04T00:58:04.178Z"}
{"level":"info","message":"⌛ Validating bastion.wlk","timeElapsed":347,"timestamp":"2025-07-04T00:58:04.525Z"}
{"level":"info","message":"⌛ Validating bastion.wlk","timeElapsed":344,"timestamp":"2025-07-04T00:58:04.876Z"}
{"level":"info","message":"⌛ Validating bastion.wlk","timeElapsed":1930,"timestamp":"2025-07-04T00:58:06.825Z"}
{"level":"info","message":"⌛ Validating bastion.wlk","timeElapsed":335,"timestamp":"2025-07-04T00:58:07.184Z"}
{"level":"info","message":"⌛ Validating bastion.wlk","timeElapsed":339,"timestamp":"2025-07-04T00:58:07.525Z"}
{"level":"info","message":"⌛ Validating bastion.wlk","timeElapsed":338,"timestamp":"2025-07-04T00:58:07.871Z"}
{"level":"info","message":"⌛ Validating bastion.wlk","timeElapsed":328,"timestamp":"2025-07-04T00:58:08.204Z"}
{"level":"info","message":"⌛ Validating bastion.wlk","timeElapsed":321,"timestamp":"2025-07-04T00:58:08.530Z"}
{"level":"info","message":"⌛ Validating bastion.wlk","timeElapsed":325,"timestamp":"2025-07-04T00:58:08.861Z"}
{"level":"info","message":"⌛ Validating bastion.wlk","timeElapsed":330,"timestamp":"2025-07-04T00:58:09.201Z"}
{"level":"info","message":"⌛ Validating bastion.wlk","timeElapsed":321,"timestamp":"2025-07-04T00:58:09.536Z"}
{"level":"info","message":"⌛ Validating bastion.wlk","timeElapsed":313,"timestamp":"2025-07-04T00:58:09.873Z"}
{"level":"info","message":"⌛ Validating bastion.wlk","timeElapsed":314,"timestamp":"2025-07-04T00:58:10.210Z"}
{"level":"info","message":"⌛ Validating bastion.wlk","timeElapsed":333,"timestamp":"2025-07-04T00:58:10.547Z"}
{"level":"info","message":"⌛ Validating bastion.wlk","timeElapsed":339,"timestamp":"2025-07-04T00:58:10.888Z"}
{"level":"info","message":"⌛ Validating bastion.wlk","timeElapsed":326,"timestamp":"2025-07-04T00:58:11.225Z"}
{"level":"info","message":"⌛ Validating bastion.wlk","timeElapsed":347,"timestamp":"2025-07-04T00:58:11.574Z"}
{"level":"info","message":"⌛ Validating bastion.wlk","timeElapsed":475,"timestamp":"2025-07-04T00:58:12.066Z"}
{"level":"info","message":"⌛ Validating bastion.wlk","timeElapsed":329,"timestamp":"2025-07-04T00:58:12.398Z"}
{"level":"info","message":"⌛ Validating bastion.wlk","timeElapsed":327,"timestamp":"2025-07-04T00:58:12.729Z"}
{"level":"info","message":"⌛ Validating bastion.wlk","timeElapsed":466,"timestamp":"2025-07-04T00:58:13.204Z"}
{"level":"info","message":"⌛ Validating bastion.wlk","timeElapsed":360,"timestamp":"2025-07-04T00:58:13.586Z"}
{"level":"info","message":"⌛ Validating bastion.wlk","timeElapsed":359,"timestamp":"2025-07-04T00:58:13.946Z"}
{"level":"info","message":"⌛ Validating bastion.wlk","timeElapsed":369,"timestamp":"2025-07-04T00:58:14.316Z"}
{"level":"info","message":"⌛ Validating bastion.wlk","timeElapsed":399,"timestamp":"2025-07-04T00:58:14.716Z"}
{"level":"info","message":"⌛ Validating bastion.wlk","timeElapsed":326,"timestamp":"2025-07-04T00:58:15.046Z"}
{"level":"info","message":"⌛ Validating bastion.wlk","timeElapsed":346,"timestamp":"2025-07-04T00:58:15.397Z"}
{"level":"info","message":"⌛ Validating bastion.wlk","timeElapsed":325,"timestamp":"2025-07-04T00:58:15.729Z"}
{"level":"info","message":"⌛ Validating bastion.wlk","timeElapsed":342,"timestamp":"2025-07-04T00:58:16.074Z"}
{"level":"info","message":"⌛ Validating bastion.wlk","timeElapsed":311,"timestamp":"2025-07-04T00:58:16.389Z"}
{"level":"info","message":"⌛ Validating bastion.wlk","timeElapsed":341,"timestamp":"2025-07-04T00:58:16.735Z"}
{"level":"info","message":"⌛ Validating bastion.wlk","timeElapsed":327,"timestamp":"2025-07-04T00:58:17.077Z"}
{"level":"info","message":"⌛ Validating bastion.wlk","timeElapsed":325,"timestamp":"2025-07-04T00:58:17.405Z"}
{"level":"info","message":"⌛ Validating bastion.wlk","timeElapsed":338,"timestamp":"2025-07-04T00:58:17.746Z"}
{"level":"info","message":"⌛ Validating bastion.wlk","timeElapsed":329,"timestamp":"2025-07-04T00:58:18.088Z"}
{"level":"info","message":"⌛ Validating bastion.wlk","timeElapsed":377,"timestamp":"2025-07-04T00:58:18.467Z"}
{"level":"info","message":"⌛ Validating bastion.wlk","timeElapsed":324,"timestamp":"2025-07-04T00:58:18.795Z"}
{"level":"info","message":"⌛ Validating bastion.wlk","timeElapsed":323,"timestamp":"2025-07-04T00:58:19.121Z"}
{"level":"info","message":"⌛ Validating bastion.wlk","timeElapsed":324,"timestamp":"2025-07-04T00:58:19.448Z"}
{"level":"info","message":"⌛ Validating bastion.wlk","timeElapsed":313,"timestamp":"2025-07-04T00:58:19.790Z"}
{"level":"info","message":"⌛ Validating bastion.wlk","timeElapsed":317,"timestamp":"2025-07-04T00:58:20.108Z"}
{"level":"info","message":"⌛ Validating bastion.wlk","timeElapsed":334,"timestamp":"2025-07-04T00:58:20.449Z"}
{"level":"info","message":"⌛ Validating bastion.wlk","timeElapsed":317,"timestamp":"2025-07-04T00:58:20.770Z"}
{"level":"info","message":"⌛ Validating bastion.wlk","timeElapsed":340,"timestamp":"2025-07-04T00:58:21.111Z"}
{"level":"info","message":"⌛ Validating bastion.wlk","timeElapsed":331,"timestamp":"2025-07-04T00:58:21.447Z"}
{"level":"info","message":"⌛ Validating bastion.wlk","timeElapsed":312,"timestamp":"2025-07-04T00:58:21.768Z"}
{"level":"info","message":"⌛ Validating bastion.wlk","timeElapsed":329,"timestamp":"2025-07-04T00:58:22.101Z"}
{"level":"info","message":"⌛ Validating bastion.wlk","timeElapsed":514,"timestamp":"2025-07-04T00:58:22.619Z"}
{"level":"info","message":"⌛ Validating bastion.wlk","timeElapsed":331,"timestamp":"2025-07-04T00:58:22.955Z"}
{"level":"info","message":"⌛ Validating bastion.wlk","timeElapsed":330,"timestamp":"2025-07-04T00:58:23.290Z"}
{"level":"info","message":"⌛ Validating bastion.wlk","timeElapsed":323,"timestamp":"2025-07-04T00:58:23.620Z"}
{"level":"info","message":"⌛ Validating bastion.wlk","timeElapsed":324,"timestamp":"2025-07-04T00:58:23.950Z"}
{"level":"info","message":"⌛ Validating bastion.wlk","timeElapsed":326,"timestamp":"2025-07-04T00:58:24.284Z"}
{"level":"info","message":"⌛ Validating bastion.wlk","timeElapsed":331,"timestamp":"2025-07-04T00:58:24.620Z"}
{"level":"info","message":"⌛ Validating bastion.wlk","timeElapsed":344,"timestamp":"2025-07-04T00:58:24.968Z"}
{"level":"info","message":"⌛ Validating bastion.wlk","timeElapsed":308,"timestamp":"2025-07-04T00:58:25.280Z"}
{"level":"info","message":"⌛ Validating bastion.wlk","timeElapsed":336,"timestamp":"2025-07-04T00:58:25.618Z"}
{"level":"info","message":"⌛ Validating bastion.wlk","timeElapsed":344,"timestamp":"2025-07-04T00:58:25.968Z"}
{"level":"info","message":"⌛ Validating bastion.wlk","timeElapsed":315,"timestamp":"2025-07-04T00:58:26.301Z"}
{"level":"info","message":"⌛ Validating bastion.wlk","timeElapsed":324,"timestamp":"2025-07-04T00:58:26.635Z"}
{"level":"info","message":"⌛ Validating bastion.wlk","timeElapsed":747,"timestamp":"2025-07-04T00:58:27.447Z"}
{"level":"info","message":"⌛ Validating bastion.wlk","timeElapsed":332,"timestamp":"2025-07-04T00:58:27.798Z"}
{"level":"info","message":"⌛ Validating bastion.wlk","timeElapsed":331,"timestamp":"2025-07-04T00:58:28.132Z"}
{"level":"info","message":"⌛ Validating bastion.wlk","timeElapsed":331,"timestamp":"2025-07-04T00:58:28.467Z"}
{"level":"info","message":"⌛ Validating bastion.wlk","timeElapsed":328,"timestamp":"2025-07-04T00:58:28.801Z"}
{"level":"info","message":"⌛ Validating bastion.wlk","timeElapsed":319,"timestamp":"2025-07-04T00:58:29.128Z"}
{"level":"info","message":"⌛ Validating bastion.wlk","timeElapsed":329,"timestamp":"2025-07-04T00:58:29.471Z"}
{"level":"info","message":"⌛ Validating bastion.wlk","timeElapsed":324,"timestamp":"2025-07-04T00:58:29.801Z"}
{"level":"info","message":"⌛ Validating bastion.wlk","timeElapsed":333,"timestamp":"2025-07-04T00:58:30.139Z"}
{"level":"info","message":"⌛ Validating bastion.wlk","timeElapsed":328,"timestamp":"2025-07-04T00:58:30.471Z"}
{"level":"info","message":"⌛ Validating bastion.wlk","timeElapsed":307,"timestamp":"2025-07-04T00:58:30.799Z"}
{"level":"info","message":"⌛ Validating bastion.wlk","timeElapsed":317,"timestamp":"2025-07-04T00:58:31.127Z"}
{"level":"info","message":"⌛ Building environment","timeElapsed":577,"timestamp":"2025-07-04T01:05:01.807Z"}
{"level":"info","message":"⌛ Building environment","timeElapsed":366,"timestamp":"2025-07-04T01:05:02.340Z"}
{"level":"info","message":"⌛ Validating bastion.wlk","timeElapsed":462,"timestamp":"2025-07-04T01:05:02.805Z"}
{"level":"info","message":"⌛ Building environment","timeElapsed":560,"timestamp":"2025-07-04T01:05:03.367Z"}
{"level":"info","message":"⌛ Validating bastion.wlk","timeElapsed":488,"timestamp":"2025-07-04T01:05:03.878Z"}
{"level":"info","message":"⌛ Building environment","timeElapsed":566,"timestamp":"2025-07-04T01:05:04.599Z"}
{"level":"info","message":"⌛ Building environment","timeElapsed":406,"timestamp":"2025-07-04T01:05:05.010Z"}
{"level":"info","message":"⌛ Building environment","timeElapsed":432,"timestamp":"2025-07-04T01:05:05.498Z"}
{"level":"info","message":"⌛ Validating bastion.wlk","timeElapsed":710,"timestamp":"2025-07-04T01:05:06.211Z"}
{"level":"info","message":"⌛ Building environment","timeElapsed":425,"timestamp":"2025-07-04T01:05:06.864Z"}
{"level":"info","message":"⌛ Building environment","timeElapsed":245,"timestamp":"2025-07-04T01:05:07.143Z"}
{"level":"info","message":"⌛ Building environment","timeElapsed":243,"timestamp":"2025-07-04T01:05:07.440Z"}
{"level":"info","message":"⌛ Building environment","timeElapsed":309,"timestamp":"2025-07-04T01:05:07.800Z"}
{"level":"info","message":"⌛ Building environment","timeElapsed":281,"timestamp":"2025-07-04T01:05:08.126Z"}
{"level":"info","message":"⌛ Building environment","timeElapsed":716,"timestamp":"2025-07-04T01:05:08.954Z"}
{"level":"info","message":"⌛ Validating bastion.wlk","timeElapsed":587,"timestamp":"2025-07-04T01:05:09.548Z"}
{"level":"info","message":"⌛ Building environment","timeElapsed":285,"timestamp":"2025-07-04T01:05:09.841Z"}
{"level":"info","message":"⌛ Building environment","timeElapsed":239,"timestamp":"2025-07-04T01:05:10.121Z"}
{"level":"info","message":"⌛ Validating bastion.wlk","timeElapsed":351,"timestamp":"2025-07-04T01:05:10.523Z"}
{"level":"info","message":"⌛ Building environment","timeElapsed":244,"timestamp":"2025-07-04T01:05:10.768Z"}
{"level":"info","message":"⌛ Building environment","timeElapsed":235,"timestamp":"2025-07-04T01:05:11.039Z"}
{"level":"info","message":"⌛ Building environment","timeElapsed":425,"timestamp":"2025-07-04T01:05:11.517Z"}
{"level":"info","message":"⌛ Validating bastion.wlk","timeElapsed":607,"timestamp":"2025-07-04T01:05:12.219Z"}
{"level":"info","message":"⌛ Building environment","timeElapsed":317,"timestamp":"2025-07-04T01:05:12.538Z"}
{"level":"info","message":"⌛ Building environment","timeElapsed":295,"timestamp":"2025-07-04T01:05:12.838Z"}
{"level":"info","message":"⌛ Validating bastion.wlk","timeElapsed":364,"timestamp":"2025-07-04T01:05:13.239Z"}
{"level":"info","message":"⌛ Validating bastion.wlk","timeElapsed":333,"timestamp":"2025-07-04T01:05:13.573Z"}
{"level":"info","message":"⌛ Validating bastion.wlk","timeElapsed":331,"timestamp":"2025-07-04T01:05:13.905Z"}
{"level":"info","message":"⌛ Validating bastion.wlk","timeElapsed":319,"timestamp":"2025-07-04T01:05:14.229Z"}
{"level":"info","message":"⌛ Validating bastion.wlk","timeElapsed":321,"timestamp":"2025-07-04T01:05:14.552Z"}
{"level":"info","message":"⌛ Validating bastion.wlk","timeElapsed":327,"timestamp":"2025-07-04T01:05:14.880Z"}
{"level":"info","message":"⌛ Validating bastion.wlk","timeElapsed":315,"timestamp":"2025-07-04T01:05:15.196Z"}
{"level":"info","message":"⌛ Validating bastion.wlk","timeElapsed":346,"timestamp":"2025-07-04T01:05:15.543Z"}
{"level":"info","message":"⌛ Validating bastion.wlk","timeElapsed":321,"timestamp":"2025-07-04T01:05:15.865Z"}
{"level":"info","message":"⌛ Validating bastion.wlk","timeElapsed":311,"timestamp":"2025-07-04T01:05:16.177Z"}
{"level":"info","message":"⌛ Validating bastion.wlk","timeElapsed":353,"timestamp":"2025-07-04T01:05:16.531Z"}
{"level":"info","message":"⌛ Validating bastion.wlk","timeElapsed":319,"timestamp":"2025-07-04T01:05:16.858Z"}
{"level":"info","message":"⌛ Validating bastion.wlk","timeElapsed":316,"timestamp":"2025-07-04T01:05:17.174Z"}
{"level":"info","message":"⌛ Building environment","timeElapsed":548,"timestamp":"2025-07-04T01:08:40.031Z"}
{"level":"info","message":"⌛ Building environment","timeElapsed":491,"timestamp":"2025-07-04T01:08:40.699Z"}
{"level":"info","message":"⌛ Validating bastion.wlk","timeElapsed":508,"timestamp":"2025-07-04T01:08:41.208Z"}
{"level":"info","message":"⌛ Building environment","timeElapsed":350,"timestamp":"2025-07-04T01:08:41.560Z"}
{"level":"info","message":"⌛ Building environment","timeElapsed":445,"timestamp":"2025-07-04T01:08:42.011Z"}
{"level":"info","message":"⌛ Building environment","timeElapsed":412,"timestamp":"2025-07-04T01:08:42.434Z"}
{"level":"info","message":"⌛ Validating bastion.wlk","timeElapsed":565,"timestamp":"2025-07-04T01:08:43.003Z"}
{"level":"info","message":"⌛ Building environment","timeElapsed":379,"timestamp":"2025-07-04T01:08:43.406Z"}
{"level":"info","message":"⌛ Building environment","timeElapsed":347,"timestamp":"2025-07-04T01:08:43.757Z"}
{"level":"info","message":"⌛ Building environment","timeElapsed":293,"timestamp":"2025-07-04T01:08:44.083Z"}
{"level":"info","message":"⌛ Building environment","timeElapsed":285,"timestamp":"2025-07-04T01:08:44.371Z"}
{"level":"info","message":"⌛ Validating bastion.wlk","timeElapsed":425,"timestamp":"2025-07-04T01:08:44.799Z"}
{"level":"info","message":"⌛ Building environment","timeElapsed":499,"timestamp":"2025-07-04T01:08:45.299Z"}
{"level":"info","message":"⌛ Building environment","timeElapsed":534,"timestamp":"2025-07-04T01:08:45.836Z"}
{"level":"info","message":"⌛ Building environment","timeElapsed":462,"timestamp":"2025-07-04T01:08:46.322Z"}
{"level":"info","message":"⌛ Building environment","timeElapsed":1156,"timestamp":"2025-07-04T01:08:47.622Z"}
{"level":"info","message":"⌛ Validating bastion.wlk","timeElapsed":489,"timestamp":"2025-07-04T01:08:48.114Z"}
{"level":"info","message":"⌛ Building environment","timeElapsed":426,"timestamp":"2025-07-04T01:08:48.554Z"}
{"level":"info","message":"⌛ Building environment","timeElapsed":280,"timestamp":"2025-07-04T01:08:48.836Z"}
{"level":"info","message":"⌛ Building environment","timeElapsed":352,"timestamp":"2025-07-04T01:08:49.193Z"}
{"level":"info","message":"⌛ Validating bastion.wlk","timeElapsed":377,"timestamp":"2025-07-04T01:08:49.576Z"}
{"level":"info","message":"⌛ Validating bastion.wlk","timeElapsed":354,"timestamp":"2025-07-04T01:08:49.961Z"}
{"level":"info","message":"⌛ Validating bastion.wlk","timeElapsed":317,"timestamp":"2025-07-04T01:08:50.280Z"}
{"level":"info","message":"⌛ Validating bastion.wlk","timeElapsed":324,"timestamp":"2025-07-04T01:08:50.604Z"}
{"level":"info","message":"⌛ Validating bastion.wlk","timeElapsed":332,"timestamp":"2025-07-04T01:08:50.944Z"}
{"level":"info","message":"⌛ Validating bastion.wlk","timeElapsed":412,"timestamp":"2025-07-04T01:08:51.362Z"}
{"level":"info","message":"⌛ Building environment","timeElapsed":303,"timestamp":"2025-07-04T01:08:51.666Z"}
{"level":"info","message":"⌛ Building environment","timeElapsed":303,"timestamp":"2025-07-04T01:08:52.008Z"}
{"level":"info","message":"⌛ Building environment","timeElapsed":300,"timestamp":"2025-07-04T01:08:52.359Z"}
{"level":"info","message":"⌛ Validating bastion.wlk","timeElapsed":362,"timestamp":"2025-07-04T01:08:52.772Z"}
{"level":"info","message":"⌛ Building environment","timeElapsed":234,"timestamp":"2025-07-04T01:08:53.009Z"}
{"level":"info","message":"⌛ Building environment","timeElapsed":238,"timestamp":"2025-07-04T01:08:53.285Z"}
{"level":"info","message":"⌛ Validating bastion.wlk","timeElapsed":334,"timestamp":"2025-07-04T01:08:53.672Z"}
{"level":"info","message":"⌛ Building environment","timeElapsed":243,"timestamp":"2025-07-04T01:08:53.916Z"}
{"level":"info","message":"⌛ Building environment","timeElapsed":247,"timestamp":"2025-07-04T01:08:54.200Z"}
{"level":"info","message":"⌛ Building environment","timeElapsed":231,"timestamp":"2025-07-04T01:08:54.483Z"}
{"level":"info","message":"⌛ Building environment","timeElapsed":472,"timestamp":"2025-07-04T01:08:55.008Z"}
{"level":"info","message":"⌛ Building environment","timeElapsed":1031,"timestamp":"2025-07-04T01:08:56.139Z"}
{"level":"info","message":"⌛ Building environment","timeElapsed":308,"timestamp":"2025-07-04T01:08:56.449Z"}
{"level":"info","message":"⌛ Building environment","timeElapsed":298,"timestamp":"2025-07-04T01:08:56.749Z"}
{"level":"info","message":"⌛ Building environment","timeElapsed":306,"timestamp":"2025-07-04T01:08:57.058Z"}
{"level":"info","message":"⌛ Validating bastion.wlk","timeElapsed":412,"timestamp":"2025-07-04T01:08:57.474Z"}
{"level":"info","message":"⌛ Building environment","timeElapsed":234,"timestamp":"2025-07-04T01:08:57.718Z"}
{"level":"info","message":"⌛ Building environment","timeElapsed":238,"timestamp":"2025-07-04T01:08:57.988Z"}
{"level":"info","message":"⌛ Validating bastion.wlk","timeElapsed":357,"timestamp":"2025-07-04T01:08:58.408Z"}
{"level":"info","message":"⌛ Validating bastion.wlk","timeElapsed":329,"timestamp":"2025-07-04T01:08:58.737Z"}
{"level":"info","message":"⌛ Validating bastion.wlk","timeElapsed":331,"timestamp":"2025-07-04T01:08:59.068Z"}
{"level":"info","message":"⌛ Validating bastion.wlk","timeElapsed":329,"timestamp":"2025-07-04T01:08:59.399Z"}
{"level":"info","message":"⌛ Validating bastion.wlk","timeElapsed":316,"timestamp":"2025-07-04T01:08:59.716Z"}
{"level":"info","message":"⌛ Validating bastion.wlk","timeElapsed":338,"timestamp":"2025-07-04T01:09:00.055Z"}
{"level":"info","message":"⌛ Validating bastion.wlk","timeElapsed":316,"timestamp":"2025-07-04T01:09:00.371Z"}
{"level":"info","message":"⌛ Validating bastion.wlk","timeElapsed":318,"timestamp":"2025-07-04T01:09:00.692Z"}
{"level":"info","message":"⌛ Validating bastion.wlk","timeElapsed":318,"timestamp":"2025-07-04T01:09:01.011Z"}
{"level":"info","message":"⌛ Validating bastion.wlk","timeElapsed":326,"timestamp":"2025-07-04T01:09:01.340Z"}
{"level":"info","message":"⌛ Validating bastion.wlk","timeElapsed":324,"timestamp":"2025-07-04T01:09:01.665Z"}
{"level":"info","message":"⌛ Validating bastion.wlk","timeElapsed":313,"timestamp":"2025-07-04T01:09:01.979Z"}
{"level":"info","message":"⌛ Validating bastion.wlk","timeElapsed":323,"timestamp":"2025-07-04T01:09:02.302Z"}
{"level":"info","message":"⌛ Validating bastion.wlk","timeElapsed":319,"timestamp":"2025-07-04T01:09:02.623Z"}
{"level":"info","message":"⌛ Validating bastion.wlk","timeElapsed":332,"timestamp":"2025-07-04T01:09:02.964Z"}
{"level":"info","message":"⌛ Validating bastion.wlk","timeElapsed":321,"timestamp":"2025-07-04T01:09:03.287Z"}
{"level":"info","message":"⌛ Validating bastion.wlk","timeElapsed":314,"timestamp":"2025-07-04T01:09:03.603Z"}
{"level":"info","message":"⌛ Validating bastion.wlk","timeElapsed":325,"timestamp":"2025-07-04T01:09:03.930Z"}
{"level":"info","message":"⌛ Building environment","timeElapsed":717,"timestamp":"2025-07-04T01:12:17.295Z"}
{"level":"info","message":"⌛ Building environment","timeElapsed":598,"timestamp":"2025-07-04T01:12:17.897Z"}
{"level":"info","message":"⌛ Building environment","timeElapsed":613,"timestamp":"2025-07-04T01:12:18.736Z"}
{"level":"info","message":"⌛ Building environment","timeElapsed":400,"timestamp":"2025-07-04T01:12:19.138Z"}
{"level":"info","message":"⌛ Validating bastion.wlk","timeElapsed":669,"timestamp":"2025-07-04T01:12:19.809Z"}
{"level":"info","message":"⌛ Building environment","timeElapsed":409,"timestamp":"2025-07-04T01:12:20.231Z"}
{"level":"info","message":"⌛ Building environment","timeElapsed":335,"timestamp":"2025-07-04T01:12:20.631Z"}
{"level":"info","message":"⌛ Validating bastion.wlk","timeElapsed":487,"timestamp":"2025-07-04T01:12:21.120Z"}
{"level":"info","message":"⌛ Building environment","timeElapsed":333,"timestamp":"2025-07-04T01:12:21.462Z"}
{"level":"info","message":"⌛ Building environment","timeElapsed":964,"timestamp":"2025-07-04T01:12:22.496Z"}
{"level":"info","message":"⌛ Building environment","timeElapsed":385,"timestamp":"2025-07-04T01:12:22.898Z"}
{"level":"info","message":"⌛ Autocomplete - Package","timeElapsed":108,"timestamp":"2025-07-04T01:12:23.009Z"}
{"level":"info","message":"⌛ Building environment","timeElapsed":345,"timestamp":"2025-07-04T01:12:23.357Z"}
{"level":"info","message":"⌛ Building environment","timeElapsed":377,"timestamp":"2025-07-04T01:12:23.755Z"}
{"level":"info","message":"⌛ Validating bastion.wlk","timeElapsed":605,"timestamp":"2025-07-04T01:12:24.361Z"}
{"level":"info","message":"⌛ Building environment","timeElapsed":1220,"timestamp":"2025-07-04T01:12:25.657Z"}
{"level":"info","message":"⌛ Building environment","timeElapsed":443,"timestamp":"2025-07-04T01:12:26.103Z"}
{"level":"info","message":"⌛ Validating bastion.wlk","timeElapsed":500,"timestamp":"2025-07-04T01:12:26.605Z"}
{"level":"info","message":"⌛ Building environment","timeElapsed":340,"timestamp":"2025-07-04T01:12:26.967Z"}
{"level":"info","message":"⌛ Building environment","timeElapsed":362,"timestamp":"2025-07-04T01:12:27.357Z"}
{"level":"info","message":"⌛ Building environment","timeElapsed":316,"timestamp":"2025-07-04T01:12:27.690Z"}
{"level":"info","message":"⌛ Validating bastion.wlk","timeElapsed":453,"timestamp":"2025-07-04T01:12:28.148Z"}
{"level":"info","message":"⌛ Building environment","timeElapsed":1185,"timestamp":"2025-07-04T01:12:29.407Z"}
{"level":"info","message":"⌛ Building environment","timeElapsed":377,"timestamp":"2025-07-04T01:12:29.789Z"}
{"level":"info","message":"⌛ Building environment","timeElapsed":361,"timestamp":"2025-07-04T01:12:30.151Z"}
{"level":"info","message":"⌛ Validating bastion.wlk","timeElapsed":427,"timestamp":"2025-07-04T01:12:30.582Z"}
{"level":"info","message":"⌛ Building environment","timeElapsed":240,"timestamp":"2025-07-04T01:12:30.850Z"}
{"level":"info","message":"⌛ Validating bastion.wlk","timeElapsed":441,"timestamp":"2025-07-04T01:12:31.335Z"}
{"level":"info","message":"⌛ Building environment","timeElapsed":325,"timestamp":"2025-07-04T01:12:31.664Z"}
{"level":"info","message":"⌛ Building environment","timeElapsed":352,"timestamp":"2025-07-04T01:12:32.019Z"}
{"level":"info","message":"⌛ Validating bastion.wlk","timeElapsed":395,"timestamp":"2025-07-04T01:12:32.443Z"}
{"level":"info","message":"⌛ Building environment","timeElapsed":283,"timestamp":"2025-07-04T01:12:32.729Z"}
{"level":"info","message":"⌛ Building environment","timeElapsed":325,"timestamp":"2025-07-04T01:12:33.057Z"}
{"level":"info","message":"⌛ Validating bastion.wlk","timeElapsed":396,"timestamp":"2025-07-04T01:12:33.456Z"}
{"level":"info","message":"⌛ Building environment","timeElapsed":278,"timestamp":"2025-07-04T01:12:33.749Z"}
{"level":"info","message":"⌛ Validating bastion.wlk","timeElapsed":422,"timestamp":"2025-07-04T01:12:34.173Z"}
{"level":"info","message":"⌛ Validating bastion.wlk","timeElapsed":338,"timestamp":"2025-07-04T01:12:34.542Z"}
{"level":"info","message":"⌛ Building environment","timeElapsed":291,"timestamp":"2025-07-04T01:12:34.834Z"}
{"level":"info","message":"⌛ Building environment","timeElapsed":330,"timestamp":"2025-07-04T01:12:35.187Z"}
{"level":"info","message":"⌛ Building environment","timeElapsed":384,"timestamp":"2025-07-04T01:12:35.574Z"}
{"level":"info","message":"⌛ Building environment","timeElapsed":659,"timestamp":"2025-07-04T01:12:36.246Z"}
{"level":"info","message":"⌛ Building environment","timeElapsed":371,"timestamp":"2025-07-04T01:12:36.621Z"}
{"level":"info","message":"⌛ Building environment","timeElapsed":401,"timestamp":"2025-07-04T01:12:37.030Z"}
{"level":"info","message":"⌛ Building environment","timeElapsed":1271,"timestamp":"2025-07-04T01:12:38.347Z"}
{"level":"info","message":"⌛ Building environment","timeElapsed":521,"timestamp":"2025-07-04T01:12:38.873Z"}
{"level":"info","message":"⌛ Building environment","timeElapsed":639,"timestamp":"2025-07-04T01:12:39.513Z"}
{"level":"info","message":"⌛ Building environment","timeElapsed":441,"timestamp":"2025-07-04T01:12:39.955Z"}
{"level":"info","message":"⌛ Validating bastion.wlk","timeElapsed":504,"timestamp":"2025-07-04T01:12:40.466Z"}
{"level":"info","message":"⌛ Building environment","timeElapsed":308,"timestamp":"2025-07-04T01:12:40.785Z"}
{"level":"info","message":"⌛ Building environment","timeElapsed":242,"timestamp":"2025-07-04T01:12:41.064Z"}
{"level":"info","message":"⌛ Validating bastion.wlk","timeElapsed":432,"timestamp":"2025-07-04T01:12:41.645Z"}
{"level":"info","message":"⌛ Building environment","timeElapsed":558,"timestamp":"2025-07-04T01:12:42.206Z"}
{"level":"info","message":"⌛ Building environment","timeElapsed":336,"timestamp":"2025-07-04T01:12:42.550Z"}
{"level":"info","message":"⌛ Building environment","timeElapsed":316,"timestamp":"2025-07-04T01:12:42.867Z"}
{"level":"info","message":"⌛ Building environment","timeElapsed":386,"timestamp":"2025-07-04T01:12:43.256Z"}
{"level":"info","message":"⌛ Validating bastion.wlk","timeElapsed":631,"timestamp":"2025-07-04T01:12:43.987Z"}
{"level":"info","message":"⌛ Building environment","timeElapsed":461,"timestamp":"2025-07-04T01:12:44.466Z"}
{"level":"info","message":"⌛ Validating bastion.wlk","timeElapsed":510,"timestamp":"2025-07-04T01:12:44.979Z"}
{"level":"info","message":"⌛ Validating bastion.wlk","timeElapsed":498,"timestamp":"2025-07-04T01:12:45.503Z"}
{"level":"info","message":"⌛ Building environment","timeElapsed":332,"timestamp":"2025-07-04T01:12:45.836Z"}
{"level":"info","message":"⌛ Building environment","timeElapsed":342,"timestamp":"2025-07-04T01:12:46.203Z"}
{"level":"info","message":"⌛ Building environment","timeElapsed":615,"timestamp":"2025-07-04T01:12:46.839Z"}
{"level":"info","message":"⌛ Validating bastion.wlk","timeElapsed":458,"timestamp":"2025-07-04T01:12:47.337Z"}
{"level":"info","message":"⌛ Building environment","timeElapsed":611,"timestamp":"2025-07-04T01:12:47.949Z"}
{"level":"info","message":"⌛ Building environment","timeElapsed":386,"timestamp":"2025-07-04T01:12:48.338Z"}
{"level":"info","message":"⌛ Validating bastion.wlk","timeElapsed":408,"timestamp":"2025-07-04T01:12:48.752Z"}
{"level":"info","message":"⌛ Building environment","timeElapsed":317,"timestamp":"2025-07-04T01:12:49.133Z"}
{"level":"info","message":"⌛ Validating bastion.wlk","timeElapsed":425,"timestamp":"2025-07-04T01:12:49.561Z"}
{"level":"info","message":"⌛ Validating bastion.wlk","timeElapsed":557,"timestamp":"2025-07-04T01:12:50.142Z"}
{"level":"info","message":"⌛ Building environment","timeElapsed":506,"timestamp":"2025-07-04T01:12:50.651Z"}
{"level":"info","message":"⌛ Building environment","timeElapsed":433,"timestamp":"2025-07-04T01:12:51.087Z"}
{"level":"info","message":"⌛ Building environment","timeElapsed":313,"timestamp":"2025-07-04T01:12:51.402Z"}
{"level":"info","message":"⌛ Validating bastion.wlk","timeElapsed":376,"timestamp":"2025-07-04T01:12:51.805Z"}
{"level":"info","message":"⌛ Building environment","timeElapsed":1735,"timestamp":"2025-07-04T01:12:53.604Z"}
{"level":"info","message":"⌛ Validating bastion.wlk","timeElapsed":462,"timestamp":"2025-07-04T01:12:54.070Z"}
{"level":"info","message":"⌛ Validating bastion.wlk","timeElapsed":357,"timestamp":"2025-07-04T01:12:54.459Z"}
{"level":"info","message":"⌛ Building environment","timeElapsed":840,"timestamp":"2025-07-04T01:12:55.303Z"}
{"level":"info","message":"⌛ Validating bastion.wlk","timeElapsed":356,"timestamp":"2025-07-04T01:12:55.700Z"}
{"level":"info","message":"⌛ Validating bastion.wlk","timeElapsed":402,"timestamp":"2025-07-04T01:12:56.131Z"}
{"level":"info","message":"⌛ Building environment","timeElapsed":1259,"timestamp":"2025-07-04T01:12:57.394Z"}
{"level":"info","message":"⌛ Validating bastion.wlk","timeElapsed":358,"timestamp":"2025-07-04T01:12:57.769Z"}
{"level":"info","message":"⌛ Validating bastion.wlk","timeElapsed":411,"timestamp":"2025-07-04T01:12:58.181Z"}
{"level":"info","message":"⌛ Validating bastion.wlk","timeElapsed":420,"timestamp":"2025-07-04T01:12:58.602Z"}
{"level":"info","message":"⌛ Validating bastion.wlk","timeElapsed":419,"timestamp":"2025-07-04T01:12:59.022Z"}
{"level":"info","message":"⌛ Validating bastion.wlk","timeElapsed":332,"timestamp":"2025-07-04T01:12:59.356Z"}
{"level":"info","message":"⌛ Validating bastion.wlk","timeElapsed":417,"timestamp":"2025-07-04T01:12:59.781Z"}
{"level":"info","message":"⌛ Building environment","timeElapsed":1130,"timestamp":"2025-07-04T01:13:00.958Z"}
{"level":"info","message":"⌛ Validating bastion.wlk","timeElapsed":404,"timestamp":"2025-07-04T01:13:01.365Z"}
{"level":"info","message":"⌛ Building environment","timeElapsed":719,"timestamp":"2025-07-04T01:13:02.087Z"}
{"level":"info","message":"⌛ Building environment","timeElapsed":806,"timestamp":"2025-07-04T01:13:02.899Z"}
{"level":"info","message":"⌛ Building environment","timeElapsed":684,"timestamp":"2025-07-04T01:13:03.584Z"}
{"level":"info","message":"⌛ Validating bastion.wlk","timeElapsed":640,"timestamp":"2025-07-04T01:13:04.232Z"}
{"level":"info","message":"⌛ Building environment","timeElapsed":820,"timestamp":"2025-07-04T01:13:05.067Z"}
{"level":"info","message":"⌛ Building environment","timeElapsed":406,"timestamp":"2025-07-04T01:13:05.513Z"}
{"level":"info","message":"⌛ Building environment","timeElapsed":235,"timestamp":"2025-07-04T01:13:05.832Z"}
{"level":"info","message":"⌛ Validating bastion.wlk","timeElapsed":460,"timestamp":"2025-07-04T01:13:06.366Z"}
{"level":"info","message":"⌛ Building environment","timeElapsed":2015,"timestamp":"2025-07-04T01:13:08.385Z"}
{"level":"info","message":"⌛ Building environment","timeElapsed":2427,"timestamp":"2025-07-04T01:13:10.852Z"}
{"level":"info","message":"⌛ Autocomplete - Package","timeElapsed":110,"timestamp":"2025-07-04T01:13:10.970Z"}
{"level":"info","message":"⌛ Building environment","timeElapsed":422,"timestamp":"2025-07-04T01:13:11.394Z"}
{"level":"info","message":"⌛ Building environment","timeElapsed":487,"timestamp":"2025-07-04T01:13:11.900Z"}
{"level":"info","message":"⌛ Validating bastion.wlk","timeElapsed":478,"timestamp":"2025-07-04T01:13:12.380Z"}
{"level":"info","message":"⌛ Building environment","timeElapsed":346,"timestamp":"2025-07-04T01:13:12.728Z"}
{"level":"info","message":"⌛ Building environment","timeElapsed":430,"timestamp":"2025-07-04T01:13:13.162Z"}
{"level":"info","message":"⌛ Validating bastion.wlk","timeElapsed":614,"timestamp":"2025-07-04T01:13:13.841Z"}
{"level":"info","message":"⌛ Validating bastion.wlk","timeElapsed":700,"timestamp":"2025-07-04T01:13:14.542Z"}
{"level":"info","message":"⌛ Building environment","timeElapsed":371,"timestamp":"2025-07-04T01:13:14.921Z"}
{"level":"info","message":"⌛ Validating bastion.wlk","timeElapsed":460,"timestamp":"2025-07-04T01:13:15.410Z"}
{"level":"info","message":"⌛ Validating bastion.wlk","timeElapsed":503,"timestamp":"2025-07-04T01:13:15.915Z"}
{"level":"info","message":"⌛ Validating bastion.wlk","timeElapsed":563,"timestamp":"2025-07-04T01:13:16.480Z"}
{"level":"info","message":"⌛ Building environment","timeElapsed":388,"timestamp":"2025-07-04T01:13:16.870Z"}
{"level":"info","message":"⌛ Autocomplete - Class","timeElapsed":107,"timestamp":"2025-07-04T01:13:16.983Z"}
{"level":"info","message":"⌛ Validating bastion.wlk","timeElapsed":474,"timestamp":"2025-07-04T01:13:17.459Z"}
{"level":"info","message":"⌛ Building environment","timeElapsed":794,"timestamp":"2025-07-04T01:13:18.283Z"}
{"level":"info","message":"⌛ Building environment","timeElapsed":314,"timestamp":"2025-07-04T01:13:18.726Z"}
{"level":"info","message":"⌛ Building environment","timeElapsed":246,"timestamp":"2025-07-04T01:13:19.031Z"}
{"level":"error","message":"✘ Failed to rebuild document Failed to parse bastion.wlk: \n-- PARSING FAILED --------------------------------------------------\n\n  35 | class Nivel {\n  36 |     const\n> 37 | }\n     | ^\n  38 | // Descontando puntos si el mago colisiona con algun enemigo y si el mago mata un enemigo que este de puntos y se refleje\n  39 | \n\nExpected one of the following: \n\n'property', identifier, whitespace\n","stack":"Error: Failed to parse bastion.wlk: \n-- PARSING FAILED --------------------------------------------------\n\n  35 | class Nivel {\n  36 |     const\n> 37 | }\n     | ^\n  38 | // Descontando puntos si el mago colisiona con algun enemigo y si el mago mata un enemigo que este de puntos y se refleje\n  39 | \n\nExpected one of the following: \n\n'property', identifier, whitespace\n\n    at c:\\Users\\LUZ RAMIREZ\\.vscode\\extensions\\uqbar.wollok-lsp-ide-0.5.2\\out\\server\\src\\server.js:2326:13026\n    at Array.map (<anonymous>)\n    at D1n (c:\\Users\\LUZ RAMIREZ\\.vscode\\extensions\\uqbar.wollok-lsp-ide-0.5.2\\out\\server\\src\\server.js:2326:12950)\n    at W2.buildEnvironmentFrom (c:\\Users\\LUZ RAMIREZ\\.vscode\\extensions\\uqbar.wollok-lsp-ide-0.5.2\\out\\server\\src\\server.js:2371:5254)\n    at W2.updateEnvironmentWith (c:\\Users\\LUZ RAMIREZ\\.vscode\\extensions\\uqbar.wollok-lsp-ide-0.5.2\\out\\server\\src\\server.js:2371:4989)\n    at GF (c:\\Users\\LUZ RAMIREZ\\.vscode\\extensions\\uqbar.wollok-lsp-ide-0.5.2\\out\\server\\src\\server.js:2371:7383)\n    at L3.invoke (c:\\Users\\LUZ RAMIREZ\\.vscode\\extensions\\uqbar.wollok-lsp-ide-0.5.2\\out\\server\\src\\server.js:3:157326)\n    at o.fire (c:\\Users\\LUZ RAMIREZ\\.vscode\\extensions\\uqbar.wollok-lsp-ide-0.5.2\\out\\server\\src\\server.js:3:158096)\n    at c:\\Users\\LUZ RAMIREZ\\.vscode\\extensions\\uqbar.wollok-lsp-ide-0.5.2\\out\\server\\src\\server.js:37:57871\n    at Kr (c:\\Users\\LUZ RAMIREZ\\.vscode\\extensions\\uqbar.wollok-lsp-ide-0.5.2\\out\\server\\src\\server.js:8:1561)","timestamp":"2025-07-04T01:13:19.202Z"}
{"level":"error","message":"✘ Failed to rebuild document Failed to parse bastion.wlk: \n-- PARSING FAILED --------------------------------------------------\n\n  35 | class Nivel {\n  36 |     const \n> 37 | }\n     | ^\n  38 | // Descontando puntos si el mago colisiona con algun enemigo y si el mago mata un enemigo que este de puntos y se refleje\n  39 | \n\nExpected one of the following: \n\n'property', identifier, whitespace\n","stack":"Error: Failed to parse bastion.wlk: \n-- PARSING FAILED --------------------------------------------------\n\n  35 | class Nivel {\n  36 |     const \n> 37 | }\n     | ^\n  38 | // Descontando puntos si el mago colisiona con algun enemigo y si el mago mata un enemigo que este de puntos y se refleje\n  39 | \n\nExpected one of the following: \n\n'property', identifier, whitespace\n\n    at c:\\Users\\LUZ RAMIREZ\\.vscode\\extensions\\uqbar.wollok-lsp-ide-0.5.2\\out\\server\\src\\server.js:2326:13026\n    at Array.map (<anonymous>)\n    at D1n (c:\\Users\\LUZ RAMIREZ\\.vscode\\extensions\\uqbar.wollok-lsp-ide-0.5.2\\out\\server\\src\\server.js:2326:12950)\n    at W2.buildEnvironmentFrom (c:\\Users\\LUZ RAMIREZ\\.vscode\\extensions\\uqbar.wollok-lsp-ide-0.5.2\\out\\server\\src\\server.js:2371:5254)\n    at W2.updateEnvironmentWith (c:\\Users\\LUZ RAMIREZ\\.vscode\\extensions\\uqbar.wollok-lsp-ide-0.5.2\\out\\server\\src\\server.js:2371:4989)\n    at GF (c:\\Users\\LUZ RAMIREZ\\.vscode\\extensions\\uqbar.wollok-lsp-ide-0.5.2\\out\\server\\src\\server.js:2371:7383)\n    at L3.invoke (c:\\Users\\LUZ RAMIREZ\\.vscode\\extensions\\uqbar.wollok-lsp-ide-0.5.2\\out\\server\\src\\server.js:3:157326)\n    at o.fire (c:\\Users\\LUZ RAMIREZ\\.vscode\\extensions\\uqbar.wollok-lsp-ide-0.5.2\\out\\server\\src\\server.js:3:158096)\n    at c:\\Users\\LUZ RAMIREZ\\.vscode\\extensions\\uqbar.wollok-lsp-ide-0.5.2\\out\\server\\src\\server.js:37:57871\n    at Kr (c:\\Users\\LUZ RAMIREZ\\.vscode\\extensions\\uqbar.wollok-lsp-ide-0.5.2\\out\\server\\src\\server.js:8:1561)","timestamp":"2025-07-04T01:13:19.353Z"}
{"level":"info","message":"⌛ Building environment","timeElapsed":356,"timestamp":"2025-07-04T01:13:19.716Z"}
{"level":"info","message":"⌛ Validating bastion.wlk","timeElapsed":474,"timestamp":"2025-07-04T01:13:20.193Z"}
{"level":"info","message":"⌛ Building environment","timeElapsed":335,"timestamp":"2025-07-04T01:13:20.530Z"}
{"level":"info","message":"⌛ Building environment","timeElapsed":334,"timestamp":"2025-07-04T01:13:20.887Z"}
{"level":"info","message":"⌛ Building environment","timeElapsed":2710,"timestamp":"2025-07-04T01:13:23.623Z"}
{"level":"info","message":"⌛ Building environment","timeElapsed":320,"timestamp":"2025-07-04T01:13:23.944Z"}
{"level":"info","message":"⌛ Building environment","timeElapsed":309,"timestamp":"2025-07-04T01:13:24.255Z"}
{"level":"info","message":"⌛ Building environment","timeElapsed":321,"timestamp":"2025-07-04T01:13:24.580Z"}
{"level":"info","message":"⌛ Validating bastion.wlk","timeElapsed":473,"timestamp":"2025-07-04T01:13:25.055Z"}
{"level":"info","message":"⌛ Building environment","timeElapsed":283,"timestamp":"2025-07-04T01:13:25.342Z"}
{"level":"info","message":"⌛ Building environment","timeElapsed":334,"timestamp":"2025-07-04T01:13:25.678Z"}
{"level":"info","message":"⌛ Validating bastion.wlk","timeElapsed":568,"timestamp":"2025-07-04T01:13:26.250Z"}
{"level":"info","message":"⌛ Building environment","timeElapsed":843,"timestamp":"2025-07-04T01:13:27.125Z"}
{"level":"info","message":"⌛ Building environment","timeElapsed":449,"timestamp":"2025-07-04T01:13:27.606Z"}
{"level":"info","message":"⌛ Building environment","timeElapsed":381,"timestamp":"2025-07-04T01:13:27.990Z"}
{"level":"info","message":"⌛ Building environment","timeElapsed":354,"timestamp":"2025-07-04T01:13:28.347Z"}
{"level":"info","message":"⌛ Validating bastion.wlk","timeElapsed":428,"timestamp":"2025-07-04T01:13:28.778Z"}
{"level":"info","message":"⌛ Building environment","timeElapsed":317,"timestamp":"2025-07-04T01:13:29.096Z"}
{"level":"info","message":"⌛ Building environment","timeElapsed":347,"timestamp":"2025-07-04T01:13:29.445Z"}
{"level":"info","message":"⌛ Building environment","timeElapsed":409,"timestamp":"2025-07-04T01:13:29.882Z"}
{"level":"info","message":"⌛ Validating bastion.wlk","timeElapsed":380,"timestamp":"2025-07-04T01:13:30.268Z"}
{"level":"info","message":"⌛ Building environment","timeElapsed":279,"timestamp":"2025-07-04T01:13:30.549Z"}
{"level":"info","message":"⌛ Building environment","timeElapsed":295,"timestamp":"2025-07-04T01:13:30.866Z"}
{"level":"info","message":"⌛ Validating bastion.wlk","timeElapsed":545,"timestamp":"2025-07-04T01:13:31.463Z"}
{"level":"info","message":"⌛ Building environment","timeElapsed":309,"timestamp":"2025-07-04T01:13:31.778Z"}
{"level":"info","message":"⌛ Building environment","timeElapsed":503,"timestamp":"2025-07-04T01:13:32.333Z"}
{"level":"info","message":"⌛ Building environment","timeElapsed":609,"timestamp":"2025-07-04T01:13:32.956Z"}
{"level":"info","message":"⌛ Validating bastion.wlk","timeElapsed":730,"timestamp":"2025-07-04T01:13:33.690Z"}
{"level":"info","message":"⌛ Building environment","timeElapsed":337,"timestamp":"2025-07-04T01:13:34.060Z"}
{"level":"info","message":"⌛ Building environment","timeElapsed":303,"timestamp":"2025-07-04T01:13:34.379Z"}
{"level":"info","message":"⌛ Building environment","timeElapsed":297,"timestamp":"2025-07-04T01:13:34.698Z"}
{"level":"info","message":"⌛ Building environment","timeElapsed":286,"timestamp":"2025-07-04T01:13:35.012Z"}
{"level":"info","message":"⌛ Validating bastion.wlk","timeElapsed":348,"timestamp":"2025-07-04T01:13:35.365Z"}
{"level":"info","message":"⌛ Validating bastion.wlk","timeElapsed":364,"timestamp":"2025-07-04T01:13:35.744Z"}
{"level":"info","message":"⌛ Validating bastion.wlk","timeElapsed":382,"timestamp":"2025-07-04T01:13:36.132Z"}
{"level":"info","message":"⌛ Validating bastion.wlk","timeElapsed":491,"timestamp":"2025-07-04T01:13:36.630Z"}
{"level":"error","message":"✘ Failed to get type description: Error: Failed to print, found malformed node Failed to print, found malformed node","node":{"id":"2f3c12d4-3a67-4ac9-944d-8b2345a49a44","members":[{"id":"32ac0c5e-2a14-4a86-bdd7-6324ad018121","isConstant":true,"isProperty":false,"metadata":[],"name":"propert","scope":{"containerScope":{"containerScope":{"containerScope":{"contributions":{},"includedScopes":[]},"contributions":{},"includedScopes":[{"contributions":{},"includedScopes":[]},{"contributions":{},"includedScopes":[]}]},"contributions":{},"includedScopes":[{"containerScope":{"containerScope":{"containerScope":{"contributions":{},"includedScopes":[]},"contributions":{},"includedScopes":[]},"contributions":{},"includedScopes":[]},"contributions":{},"includedScopes":[]}]},"contributions":{},"includedScopes":[]},"sourceMap":{"end":{"column":18,"line":36,"offset":920},"start":{"column":5,"line":36,"offset":907}},"value":{"id":"148f0eb0-8eea-4d1e-8ffc-097c5ec4f036","metadata":[],"scope":{"containerScope":{"containerScope":{"containerScope":{"containerScope":{"contributions":{},"includedScopes":[]},"contributions":{},"includedScopes":[{"contributions":{},"includedScopes":[]},{"contributions":{},"includedScopes":[]}]},"contributions":{},"includedScopes":[{"containerScope":{"containerScope":{"containerScope":{"contributions":{},"includedScopes":[]},"contributions":{},"includedScopes":[]},"contributions":{},"includedScopes":[]},"contributions":{},"includedScopes":[]}]},"contributions":{},"includedScopes":[]},"contributions":{},"includedScopes":[]},"value":null}}],"metadata":[{"args":{"position":"end","text":"// Descontando puntos si el mago colisiona con algun enemigo y si el mago mata un enemigo que este de puntos y se refleje"},"name":"comment"}],"name":"Nivel","problems":[{"code":"malformedMember","sourceMap":{"end":{"column":24,"line":36,"offset":926},"start":{"column":19,"line":36,"offset":921}}}],"scope":{"containerScope":{"containerScope":{"contributions":{},"includedScopes":[]},"contributions":{},"includedScopes":[{"contributions":{},"includedScopes":[]},{"contributions":{},"includedScopes":[]}]},"contributions":{},"includedScopes":[{"containerScope":{"containerScope":{"containerScope":{"contributions":{},"includedScopes":[]},"contributions":{},"includedScopes":[]},"contributions":{},"includedScopes":[]},"contributions":{},"includedScopes":[]}]},"sourceMap":{"end":{"column":2,"line":38,"offset":935},"start":{"column":1,"line":35,"offset":888}},"supertypes":[]},"stack":"Error: Failed to print, found malformed node\n    at c:\\Users\\LUZ RAMIREZ\\.vscode\\extensions\\uqbar.wollok-lsp-ide-0.5.2\\out\\server\\src\\server.js:68:3585\n    at jbn (c:\\Users\\LUZ RAMIREZ\\.vscode\\extensions\\uqbar.wollok-lsp-ide-0.5.2\\out\\server\\src\\server.js:68:3396)\n    at c:\\Users\\LUZ RAMIREZ\\.vscode\\extensions\\uqbar.wollok-lsp-ide-0.5.2\\out\\server\\src\\server.js:2371:847\n    at c:\\Users\\LUZ RAMIREZ\\.vscode\\extensions\\uqbar.wollok-lsp-ide-0.5.2\\out\\server\\src\\server.js:2371:8440\n    at c:\\Users\\LUZ RAMIREZ\\.vscode\\extensions\\uqbar.wollok-lsp-ide-0.5.2\\out\\server\\src\\server.js:37:74770\n    at Ye (c:\\Users\\LUZ RAMIREZ\\.vscode\\extensions\\uqbar.wollok-lsp-ide-0.5.2\\out\\server\\src\\server.js:7:8527)\n    at Dt (c:\\Users\\LUZ RAMIREZ\\.vscode\\extensions\\uqbar.wollok-lsp-ide-0.5.2\\out\\server\\src\\server.js:7:6189)\n    at Zi (c:\\Users\\LUZ RAMIREZ\\.vscode\\extensions\\uqbar.wollok-lsp-ide-0.5.2\\out\\server\\src\\server.js:7:6378)\n    at Immediate._onImmediate (c:\\Users\\LUZ RAMIREZ\\.vscode\\extensions\\uqbar.wollok-lsp-ide-0.5.2\\out\\server\\src\\server.js:7:6142)\n    at process.processImmediate (node:internal/timers:485:21)","timestamp":"2025-07-04T01:13:36.766Z"}
{"level":"info","message":"⌛ Validating bastion.wlk","timeElapsed":436,"timestamp":"2025-07-04T01:13:37.214Z"}
{"level":"info","message":"⌛ Validating bastion.wlk","timeElapsed":573,"timestamp":"2025-07-04T01:13:37.799Z"}
{"level":"info","message":"⌛ Validating bastion.wlk","timeElapsed":494,"timestamp":"2025-07-04T01:13:38.299Z"}
{"level":"info","message":"⌛ Validating bastion.wlk","timeElapsed":528,"timestamp":"2025-07-04T01:13:38.842Z"}
{"level":"info","message":"⌛ Validating bastion.wlk","timeElapsed":393,"timestamp":"2025-07-04T01:13:39.236Z"}
{"level":"info","message":"⌛ Validating bastion.wlk","timeElapsed":377,"timestamp":"2025-07-04T01:13:39.615Z"}
{"level":"info","message":"⌛ Validating bastion.wlk","timeElapsed":373,"timestamp":"2025-07-04T01:13:39.993Z"}
{"level":"info","message":"⌛ Validating bastion.wlk","timeElapsed":365,"timestamp":"2025-07-04T01:13:40.360Z"}
{"level":"info","message":"⌛ Validating bastion.wlk","timeElapsed":408,"timestamp":"2025-07-04T01:13:40.768Z"}
{"level":"info","message":"⌛ Validating bastion.wlk","timeElapsed":347,"timestamp":"2025-07-04T01:13:41.122Z"}
{"level":"info","message":"⌛ Validating bastion.wlk","timeElapsed":399,"timestamp":"2025-07-04T01:13:41.523Z"}
{"level":"info","message":"⌛ Validating bastion.wlk","timeElapsed":671,"timestamp":"2025-07-04T01:13:42.195Z"}
{"level":"info","message":"⌛ Validating bastion.wlk","timeElapsed":431,"timestamp":"2025-07-04T01:13:42.627Z"}
{"level":"info","message":"⌛ Validating bastion.wlk","timeElapsed":358,"timestamp":"2025-07-04T01:13:42.989Z"}
{"level":"info","message":"⌛ Validating bastion.wlk","timeElapsed":422,"timestamp":"2025-07-04T01:13:43.415Z"}
{"level":"info","message":"⌛ Validating bastion.wlk","timeElapsed":374,"timestamp":"2025-07-04T01:13:43.795Z"}
{"level":"info","message":"⌛ Validating bastion.wlk","timeElapsed":1079,"timestamp":"2025-07-04T01:13:44.919Z"}
{"level":"info","message":"⌛ Validating bastion.wlk","timeElapsed":389,"timestamp":"2025-07-04T01:13:45.344Z"}
{"level":"info","message":"⌛ Validating bastion.wlk","timeElapsed":400,"timestamp":"2025-07-04T01:13:45.745Z"}
{"level":"info","message":"⌛ Validating bastion.wlk","timeElapsed":375,"timestamp":"2025-07-04T01:13:46.121Z"}
{"level":"info","message":"⌛ Validating bastion.wlk","timeElapsed":361,"timestamp":"2025-07-04T01:13:46.482Z"}
{"level":"info","message":"⌛ Validating bastion.wlk","timeElapsed":380,"timestamp":"2025-07-04T01:13:46.863Z"}
{"level":"info","message":"⌛ Validating bastion.wlk","timeElapsed":439,"timestamp":"2025-07-04T01:13:47.305Z"}
{"level":"info","message":"⌛ Validating bastion.wlk","timeElapsed":403,"timestamp":"2025-07-04T01:13:47.712Z"}
{"level":"info","message":"⌛ Validating bastion.wlk","timeElapsed":367,"timestamp":"2025-07-04T01:13:48.080Z"}
{"level":"info","message":"⌛ Validating bastion.wlk","timeElapsed":395,"timestamp":"2025-07-04T01:13:48.476Z"}
{"level":"info","message":"⌛ Validating bastion.wlk","timeElapsed":385,"timestamp":"2025-07-04T01:13:48.863Z"}
{"level":"info","message":"⌛ Validating bastion.wlk","timeElapsed":317,"timestamp":"2025-07-04T01:13:49.180Z"}
{"level":"info","message":"⌛ Validating bastion.wlk","timeElapsed":356,"timestamp":"2025-07-04T01:13:49.536Z"}
{"level":"info","message":"⌛ Validating bastion.wlk","timeElapsed":369,"timestamp":"2025-07-04T01:13:49.906Z"}
{"level":"info","message":"⌛ Validating bastion.wlk","timeElapsed":374,"timestamp":"2025-07-04T01:13:50.281Z"}
{"level":"info","message":"⌛ Validating bastion.wlk","timeElapsed":316,"timestamp":"2025-07-04T01:13:50.600Z"}
{"level":"info","message":"⌛ Validating bastion.wlk","timeElapsed":320,"timestamp":"2025-07-04T01:13:50.922Z"}
{"level":"info","message":"⌛ Validating bastion.wlk","timeElapsed":314,"timestamp":"2025-07-04T01:13:51.237Z"}
{"level":"info","message":"⌛ Validating bastion.wlk","timeElapsed":326,"timestamp":"2025-07-04T01:13:51.579Z"}
{"level":"info","message":"⌛ Validating bastion.wlk","timeElapsed":393,"timestamp":"2025-07-04T01:13:51.974Z"}
{"level":"info","message":"⌛ Validating bastion.wlk","timeElapsed":371,"timestamp":"2025-07-04T01:13:52.345Z"}
{"level":"info","message":"⌛ Validating bastion.wlk","timeElapsed":350,"timestamp":"2025-07-04T01:13:52.697Z"}
{"level":"info","message":"⌛ Validating bastion.wlk","timeElapsed":331,"timestamp":"2025-07-04T01:13:53.029Z"}
{"level":"info","message":"⌛ Validating bastion.wlk","timeElapsed":409,"timestamp":"2025-07-04T01:13:53.440Z"}
{"level":"info","message":"⌛ Validating bastion.wlk","timeElapsed":354,"timestamp":"2025-07-04T01:13:53.797Z"}
{"level":"info","message":"⌛ Validating bastion.wlk","timeElapsed":316,"timestamp":"2025-07-04T01:13:54.113Z"}
{"level":"info","message":"⌛ Validating bastion.wlk","timeElapsed":309,"timestamp":"2025-07-04T01:13:54.424Z"}
{"level":"info","message":"⌛ Validating bastion.wlk","timeElapsed":312,"timestamp":"2025-07-04T01:13:54.736Z"}
{"level":"info","message":"⌛ Validating bastion.wlk","timeElapsed":314,"timestamp":"2025-07-04T01:13:55.051Z"}
{"level":"info","message":"⌛ Building environment","timeElapsed":1387,"timestamp":"2025-07-04T01:16:56.452Z"}
{"level":"info","message":"⌛ Validating niveles.wlk","timeElapsed":583,"timestamp":"2025-07-04T01:16:57.295Z"}
{"level":"info","message":"⌛ Building environment","timeElapsed":591,"timestamp":"2025-07-04T01:17:07.203Z"}
{"level":"info","message":"⌛ Validating menu.wlk","timeElapsed":564,"timestamp":"2025-07-04T01:17:07.825Z"}
{"level":"info","message":"⌛ Building environment","timeElapsed":399,"timestamp":"2025-07-04T01:17:08.420Z"}
{"level":"info","message":"⌛ Validating mana.wlk","timeElapsed":564,"timestamp":"2025-07-04T01:17:09.012Z"}
{"level":"info","message":"⌛ Building environment","timeElapsed":410,"timestamp":"2025-07-04T01:17:09.831Z"}
{"level":"info","message":"⌛ Validating main.wpgm","timeElapsed":631,"timestamp":"2025-07-04T01:17:10.498Z"}
{"level":"info","message":"⌛ Building environment","timeElapsed":717,"timestamp":"2025-07-04T01:17:12.003Z"}
{"level":"info","message":"⌛ Validating mago.wlk","timeElapsed":735,"timestamp":"2025-07-04T01:17:12.831Z"}
{"level":"info","message":"⌛ Building environment","timeElapsed":772,"timestamp":"2025-07-04T01:17:16.431Z"}
{"level":"info","message":"⌛ Validating niveles.wlk","timeElapsed":656,"timestamp":"2025-07-04T01:17:17.160Z"}
{"level":"info","message":"⌛ Building environment","timeElapsed":1171,"timestamp":"2025-07-04T01:27:22.361Z"}
{"level":"info","message":"⌛ Building environment","timeElapsed":851,"timestamp":"2025-07-04T01:27:23.231Z"}
{"level":"info","message":"⌛ Building environment","timeElapsed":521,"timestamp":"2025-07-04T01:27:23.841Z"}
{"level":"info","message":"⌛ Building environment","timeElapsed":430,"timestamp":"2025-07-04T01:27:24.278Z"}
{"level":"info","message":"⌛ Building environment","timeElapsed":467,"timestamp":"2025-07-04T01:27:24.752Z"}
{"level":"info","message":"⌛ Building environment","timeElapsed":543,"timestamp":"2025-07-04T01:27:25.368Z"}
{"level":"info","message":"⌛ Building environment","timeElapsed":476,"timestamp":"2025-07-04T01:27:25.865Z"}
{"level":"info","message":"⌛ Building environment","timeElapsed":491,"timestamp":"2025-07-04T01:27:26.364Z"}
{"level":"info","message":"⌛ Building environment","timeElapsed":510,"timestamp":"2025-07-04T01:27:26.882Z"}
{"level":"info","message":"⌛ Building environment","timeElapsed":472,"timestamp":"2025-07-04T01:27:27.357Z"}
{"level":"info","message":"⌛ Building environment","timeElapsed":523,"timestamp":"2025-07-04T01:27:27.881Z"}
{"level":"info","message":"⌛ Building environment","timeElapsed":761,"timestamp":"2025-07-04T01:27:28.644Z"}
{"level":"info","message":"⌛ Building environment","timeElapsed":333,"timestamp":"2025-07-04T01:27:28.980Z"}
{"level":"info","message":"⌛ Building environment","timeElapsed":315,"timestamp":"2025-07-04T01:27:29.298Z"}
{"level":"info","message":"⌛ Building environment","timeElapsed":336,"timestamp":"2025-07-04T01:27:29.642Z"}
{"level":"info","message":"⌛ Validating niveles.wlk","timeElapsed":434,"timestamp":"2025-07-04T01:27:30.079Z"}
{"level":"info","message":"⌛ Building environment","timeElapsed":749,"timestamp":"2025-07-04T01:27:30.833Z"}
{"level":"info","message":"⌛ Validating sonidos.wlk","timeElapsed":413,"timestamp":"2025-07-04T01:27:31.345Z"}
{"level":"info","message":"⌛ Validating personajes.wlk","timeElapsed":353,"timestamp":"2025-07-04T01:27:31.707Z"}
{"level":"info","message":"⌛ Validating menu.wlk","timeElapsed":349,"timestamp":"2025-07-04T01:27:32.061Z"}
{"level":"info","message":"⌛ Validating mana.wlk","timeElapsed":330,"timestamp":"2025-07-04T01:27:32.392Z"}
{"level":"info","message":"⌛ Validating main.wpgm","timeElapsed":342,"timestamp":"2025-07-04T01:27:32.737Z"}
{"level":"info","message":"⌛ Validating mago.wlk","timeElapsed":359,"timestamp":"2025-07-04T01:27:33.097Z"}
{"level":"info","message":"⌛ Validating enemigos.wlk","timeElapsed":368,"timestamp":"2025-07-04T01:27:33.468Z"}
{"level":"info","message":"⌛ Validating bastion.wlk","timeElapsed":370,"timestamp":"2025-07-04T01:27:33.840Z"}
{"level":"info","message":"⌛ Validating arcaneBastion.wlk","timeElapsed":373,"timestamp":"2025-07-04T01:27:34.215Z"}
{"level":"info","message":"⌛ Validating adminProyectiles.wlk","timeElapsed":398,"timestamp":"2025-07-04T01:27:34.614Z"}
{"level":"info","message":"⌛ Validating administradorDeOleadas.wlk","timeElapsed":340,"timestamp":"2025-07-04T01:27:34.965Z"}
{"level":"info","message":"⌛ Validating administradorDeHechizos.wlk","timeElapsed":391,"timestamp":"2025-07-04T01:27:35.422Z"}
{"level":"info","message":"⌛ Validating administradorDeEnemigos.wlk","timeElapsed":369,"timestamp":"2025-07-04T01:27:35.803Z"}
{"level":"info","message":"⌛ Validating niveles.wlk","timeElapsed":374,"timestamp":"2025-07-04T01:27:36.183Z"}
{"level":"info","message":"⌛ Validating sonidos.wlk","timeElapsed":397,"timestamp":"2025-07-04T01:27:36.600Z"}
{"level":"info","message":"⌛ Validating personajes.wlk","timeElapsed":285,"timestamp":"2025-07-04T01:27:36.886Z"}
{"level":"info","message":"⌛ Validating menu.wlk","timeElapsed":290,"timestamp":"2025-07-04T01:27:37.187Z"}
{"level":"info","message":"⌛ Validating mana.wlk","timeElapsed":258,"timestamp":"2025-07-04T01:27:37.446Z"}
{"level":"info","message":"⌛ Validating main.wpgm","timeElapsed":269,"timestamp":"2025-07-04T01:27:37.728Z"}
{"level":"info","message":"⌛ Validating mago.wlk","timeElapsed":258,"timestamp":"2025-07-04T01:27:37.992Z"}
{"level":"info","message":"⌛ Validating enemigos.wlk","timeElapsed":254,"timestamp":"2025-07-04T01:27:38.249Z"}
{"level":"info","message":"⌛ Validating bastion.wlk","timeElapsed":259,"timestamp":"2025-07-04T01:27:38.521Z"}
{"level":"info","message":"⌛ Validating arcaneBastion.wlk","timeElapsed":246,"timestamp":"2025-07-04T01:27:38.782Z"}
{"level":"info","message":"⌛ Validating adminProyectiles.wlk","timeElapsed":268,"timestamp":"2025-07-04T01:27:39.057Z"}
{"level":"info","message":"⌛ Validating administradorDeOleadas.wlk","timeElapsed":247,"timestamp":"2025-07-04T01:27:39.321Z"}
{"level":"info","message":"⌛ Validating administradorDeHechizos.wlk","timeElapsed":249,"timestamp":"2025-07-04T01:27:39.584Z"}
{"level":"info","message":"⌛ Validating administradorDeEnemigos.wlk","timeElapsed":252,"timestamp":"2025-07-04T01:27:39.854Z"}
{"level":"info","message":"⌛ Building environment","timeElapsed":846,"timestamp":"2025-07-04T01:32:49.873Z"}
{"level":"info","message":"⌛ Validating tests.wlk","timeElapsed":1120,"timestamp":"2025-07-04T01:32:51.139Z"}
{"level":"info","message":"⌛ Building environment","timeElapsed":862,"timestamp":"2025-07-04T01:32:52.015Z"}
{"level":"info","message":"⌛ Validating tests.wlk","timeElapsed":1389,"timestamp":"2025-07-04T01:32:53.632Z"}
{"level":"info","message":"⌛ Building environment","timeElapsed":497,"timestamp":"2025-07-04T01:35:33.070Z"}
{"level":"info","message":"⌛ Building environment","timeElapsed":672,"timestamp":"2025-07-04T01:35:33.804Z"}
{"level":"info","message":"⌛ Autocomplete - Class","timeElapsed":293,"timestamp":"2025-07-04T01:35:34.104Z"}
{"level":"info","message":"⌛ Validating tests.wlk","timeElapsed":619,"timestamp":"2025-07-04T01:35:34.729Z"}
{"level":"info","message":"⌛ Building environment","timeElapsed":774,"timestamp":"2025-07-04T01:35:35.505Z"}
{"level":"info","message":"⌛ Building environment","timeElapsed":478,"timestamp":"2025-07-04T01:35:36.014Z"}
{"level":"info","message":"⌛ Building environment","timeElapsed":652,"timestamp":"2025-07-04T01:35:36.928Z"}
{"level":"info","message":"⌛ Validating tests.wlk","timeElapsed":458,"timestamp":"2025-07-04T01:35:37.388Z"}
{"level":"info","message":"⌛ Building environment","timeElapsed":494,"timestamp":"2025-07-04T01:35:37.884Z"}
{"level":"info","message":"⌛ Building environment","timeElapsed":348,"timestamp":"2025-07-04T01:35:38.233Z"}
{"level":"info","message":"⌛ Building environment","timeElapsed":826,"timestamp":"2025-07-04T01:35:39.102Z"}
{"level":"info","message":"⌛ Autocomplete - Class","timeElapsed":147,"timestamp":"2025-07-04T01:35:39.251Z"}
{"level":"info","message":"⌛ Building environment","timeElapsed":434,"timestamp":"2025-07-04T01:35:39.687Z"}
{"level":"info","message":"⌛ Building environment","timeElapsed":420,"timestamp":"2025-07-04T01:35:40.217Z"}
{"level":"info","message":"⌛ Building environment","timeElapsed":663,"timestamp":"2025-07-04T01:35:40.886Z"}
{"level":"info","message":"⌛ Building environment","timeElapsed":400,"timestamp":"2025-07-04T01:35:41.315Z"}
{"level":"info","message":"⌛ Building environment","timeElapsed":358,"timestamp":"2025-07-04T01:35:41.680Z"}
{"level":"info","message":"⌛ Building environment","timeElapsed":493,"timestamp":"2025-07-04T01:35:42.177Z"}
{"level":"info","message":"⌛ Building environment","timeElapsed":542,"timestamp":"2025-07-04T01:35:42.783Z"}
{"level":"info","message":"⌛ Building environment","timeElapsed":356,"timestamp":"2025-07-04T01:35:43.149Z"}
{"level":"info","message":"⌛ Validating tests.wlk","timeElapsed":402,"timestamp":"2025-07-04T01:35:43.560Z"}
{"level":"info","message":"⌛ Building environment","timeElapsed":403,"timestamp":"2025-07-04T01:35:43.966Z"}
{"level":"info","message":"⌛ Building environment","timeElapsed":387,"timestamp":"2025-07-04T01:35:44.360Z"}
{"level":"info","message":"⌛ Building environment","timeElapsed":443,"timestamp":"2025-07-04T01:35:44.865Z"}
{"level":"info","message":"⌛ Validating tests.wlk","timeElapsed":775,"timestamp":"2025-07-04T01:35:45.832Z"}
{"level":"info","message":"⌛ Building environment","timeElapsed":473,"timestamp":"2025-07-04T01:35:46.333Z"}
{"level":"info","message":"⌛ Building environment","timeElapsed":332,"timestamp":"2025-07-04T01:35:46.683Z"}
{"level":"info","message":"⌛ Building environment","timeElapsed":513,"timestamp":"2025-07-04T01:35:47.198Z"}
{"level":"info","message":"⌛ Building environment","timeElapsed":850,"timestamp":"2025-07-04T01:35:48.069Z"}
{"level":"info","message":"⌛ Validating tests.wlk","timeElapsed":1045,"timestamp":"2025-07-04T01:35:49.164Z"}
{"level":"info","message":"⌛ Building environment","timeElapsed":437,"timestamp":"2025-07-04T01:35:49.648Z"}
{"level":"info","message":"⌛ Building environment","timeElapsed":379,"timestamp":"2025-07-04T01:35:50.032Z"}
{"level":"info","message":"⌛ Building environment","timeElapsed":335,"timestamp":"2025-07-04T01:35:50.431Z"}
{"level":"info","message":"⌛ Building environment","timeElapsed":627,"timestamp":"2025-07-04T01:35:51.060Z"}
{"level":"info","message":"⌛ Building environment","timeElapsed":357,"timestamp":"2025-07-04T01:35:51.420Z"}
{"level":"info","message":"⌛ Validating tests.wlk","timeElapsed":506,"timestamp":"2025-07-04T01:35:51.931Z"}
{"level":"info","message":"⌛ Validating tests.wlk","timeElapsed":810,"timestamp":"2025-07-04T01:35:52.808Z"}
{"level":"info","message":"⌛ Building environment","timeElapsed":517,"timestamp":"2025-07-04T01:35:53.327Z"}
{"level":"info","message":"⌛ Building environment","timeElapsed":508,"timestamp":"2025-07-04T01:35:53.903Z"}
{"level":"info","message":"⌛ Building environment","timeElapsed":426,"timestamp":"2025-07-04T01:35:54.342Z"}
{"level":"info","message":"⌛ Building environment","timeElapsed":358,"timestamp":"2025-07-04T01:35:54.703Z"}
{"level":"info","message":"⌛ Validating tests.wlk","timeElapsed":643,"timestamp":"2025-07-04T01:35:55.352Z"}
{"level":"info","message":"⌛ Building environment","timeElapsed":305,"timestamp":"2025-07-04T01:35:55.704Z"}
{"level":"info","message":"⌛ Validating tests.wlk","timeElapsed":357,"timestamp":"2025-07-04T01:35:56.160Z"}
{"level":"info","message":"⌛ Building environment","timeElapsed":350,"timestamp":"2025-07-04T01:35:56.511Z"}
{"level":"info","message":"⌛ Building environment","timeElapsed":346,"timestamp":"2025-07-04T01:35:56.947Z"}
{"level":"info","message":"⌛ Validating tests.wlk","timeElapsed":348,"timestamp":"2025-07-04T01:35:57.343Z"}
{"level":"info","message":"⌛ Building environment","timeElapsed":349,"timestamp":"2025-07-04T01:35:57.727Z"}
{"level":"info","message":"⌛ Building environment","timeElapsed":306,"timestamp":"2025-07-04T01:35:58.036Z"}
{"level":"info","message":"⌛ Building environment","timeElapsed":335,"timestamp":"2025-07-04T01:35:58.378Z"}
{"level":"info","message":"⌛ Validating tests.wlk","timeElapsed":404,"timestamp":"2025-07-04T01:35:58.785Z"}
{"level":"info","message":"⌛ Building environment","timeElapsed":335,"timestamp":"2025-07-04T01:35:59.143Z"}
{"level":"info","message":"⌛ Building environment","timeElapsed":452,"timestamp":"2025-07-04T01:35:59.602Z"}
{"level":"info","message":"⌛ Validating tests.wlk","timeElapsed":502,"timestamp":"2025-07-04T01:36:00.111Z"}
{"level":"info","message":"⌛ Validating tests.wlk","timeElapsed":462,"timestamp":"2025-07-04T01:36:01.479Z"}
{"level":"info","message":"⌛ Validating tests.wlk","timeElapsed":379,"timestamp":"2025-07-04T01:36:01.861Z"}
{"level":"info","message":"⌛ Validating tests.wlk","timeElapsed":390,"timestamp":"2025-07-04T01:36:02.268Z"}
{"level":"info","message":"⌛ Validating tests.wlk","timeElapsed":382,"timestamp":"2025-07-04T01:36:02.651Z"}
{"level":"info","message":"⌛ Validating tests.wlk","timeElapsed":388,"timestamp":"2025-07-04T01:36:03.059Z"}
{"level":"info","message":"⌛ Validating tests.wlk","timeElapsed":376,"timestamp":"2025-07-04T01:36:03.445Z"}
{"level":"info","message":"⌛ Validating tests.wlk","timeElapsed":341,"timestamp":"2025-07-04T01:36:03.788Z"}
{"level":"info","message":"⌛ Validating tests.wlk","timeElapsed":350,"timestamp":"2025-07-04T01:36:04.140Z"}
{"level":"info","message":"⌛ Validating tests.wlk","timeElapsed":344,"timestamp":"2025-07-04T01:36:04.501Z"}
{"level":"info","message":"⌛ Validating tests.wlk","timeElapsed":341,"timestamp":"2025-07-04T01:36:04.843Z"}
{"level":"info","message":"⌛ Validating tests.wlk","timeElapsed":335,"timestamp":"2025-07-04T01:36:05.213Z"}
{"level":"info","message":"⌛ Building environment","timeElapsed":1021,"timestamp":"2025-07-04T01:36:06.244Z"}
{"level":"info","message":"⌛ Building environment","timeElapsed":341,"timestamp":"2025-07-04T01:36:06.667Z"}
{"level":"info","message":"⌛ Building environment","timeElapsed":377,"timestamp":"2025-07-04T01:36:07.045Z"}
{"level":"info","message":"⌛ Building environment","timeElapsed":299,"timestamp":"2025-07-04T01:36:07.348Z"}
{"level":"info","message":"⌛ Building environment","timeElapsed":307,"timestamp":"2025-07-04T01:36:07.699Z"}
{"level":"info","message":"⌛ Building environment","timeElapsed":1698,"timestamp":"2025-07-04T01:36:09.454Z"}
{"level":"info","message":"⌛ Building environment","timeElapsed":320,"timestamp":"2025-07-04T01:36:09.813Z"}
{"level":"info","message":"⌛ Validating tests.wlk","timeElapsed":430,"timestamp":"2025-07-04T01:36:10.244Z"}
{"level":"info","message":"⌛ Building environment","timeElapsed":290,"timestamp":"2025-07-04T01:36:10.539Z"}
{"level":"info","message":"⌛ Validating tests.wlk","timeElapsed":388,"timestamp":"2025-07-04T01:36:10.930Z"}
{"level":"info","message":"⌛ Validating tests.wlk","timeElapsed":345,"timestamp":"2025-07-04T01:36:11.315Z"}
{"level":"info","message":"⌛ Validating tests.wlk","timeElapsed":351,"timestamp":"2025-07-04T01:36:11.678Z"}
{"level":"info","message":"⌛ Building environment","timeElapsed":298,"timestamp":"2025-07-04T01:36:11.977Z"}
{"level":"info","message":"⌛ Validating tests.wlk","timeElapsed":365,"timestamp":"2025-07-04T01:36:12.351Z"}
{"level":"info","message":"⌛ Building environment","timeElapsed":284,"timestamp":"2025-07-04T01:36:12.636Z"}
{"level":"info","message":"⌛ Building environment","timeElapsed":293,"timestamp":"2025-07-04T01:36:12.960Z"}
{"level":"info","message":"⌛ Building environment","timeElapsed":296,"timestamp":"2025-07-04T01:36:13.307Z"}
{"level":"info","message":"⌛ Building environment","timeElapsed":299,"timestamp":"2025-07-04T01:36:13.607Z"}
{"level":"info","message":"⌛ Building environment","timeElapsed":299,"timestamp":"2025-07-04T01:36:13.909Z"}
{"level":"info","message":"⌛ Building environment","timeElapsed":289,"timestamp":"2025-07-04T01:36:14.201Z"}
{"level":"info","message":"⌛ Building environment","timeElapsed":305,"timestamp":"2025-07-04T01:36:14.508Z"}
{"level":"info","message":"⌛ Building environment","timeElapsed":348,"timestamp":"2025-07-04T01:36:14.859Z"}
{"level":"info","message":"⌛ Building environment","timeElapsed":304,"timestamp":"2025-07-04T01:36:15.218Z"}
{"level":"info","message":"⌛ Building environment","timeElapsed":303,"timestamp":"2025-07-04T01:36:15.550Z"}
{"level":"info","message":"⌛ Validating tests.wlk","timeElapsed":358,"timestamp":"2025-07-04T01:36:15.911Z"}
{"level":"info","message":"⌛ Building environment","timeElapsed":321,"timestamp":"2025-07-04T01:36:16.235Z"}
{"level":"info","message":"⌛ Building environment","timeElapsed":310,"timestamp":"2025-07-04T01:36:16.576Z"}
{"level":"info","message":"⌛ Validating tests.wlk","timeElapsed":358,"timestamp":"2025-07-04T01:36:16.984Z"}
{"level":"info","message":"⌛ Validating tests.wlk","timeElapsed":337,"timestamp":"2025-07-04T01:36:17.350Z"}
{"level":"info","message":"⌛ Validating tests.wlk","timeElapsed":371,"timestamp":"2025-07-04T01:36:17.729Z"}
{"level":"info","message":"⌛ Validating tests.wlk","timeElapsed":354,"timestamp":"2025-07-04T01:36:18.112Z"}
{"level":"info","message":"⌛ Validating tests.wlk","timeElapsed":345,"timestamp":"2025-07-04T01:36:18.485Z"}
{"level":"info","message":"⌛ Validating tests.wlk","timeElapsed":344,"timestamp":"2025-07-04T01:36:18.833Z"}
{"level":"info","message":"⌛ Validating tests.wlk","timeElapsed":368,"timestamp":"2025-07-04T01:36:19.214Z"}
{"level":"info","message":"⌛ Validating tests.wlk","timeElapsed":351,"timestamp":"2025-07-04T01:36:19.567Z"}
{"level":"info","message":"⌛ Validating tests.wlk","timeElapsed":353,"timestamp":"2025-07-04T01:36:19.922Z"}
{"level":"info","message":"⌛ Validating tests.wlk","timeElapsed":863,"timestamp":"2025-07-04T01:36:20.935Z"}
{"level":"info","message":"⌛ Validating tests.wlk","timeElapsed":369,"timestamp":"2025-07-04T01:36:21.306Z"}
{"level":"info","message":"⌛ Validating tests.wlk","timeElapsed":332,"timestamp":"2025-07-04T01:36:21.755Z"}
{"level":"info","message":"⌛ Validating tests.wlk","timeElapsed":360,"timestamp":"2025-07-04T01:36:22.116Z"}
{"level":"info","message":"⌛ Validating tests.wlk","timeElapsed":351,"timestamp":"2025-07-04T01:36:22.474Z"}
{"level":"info","message":"⌛ Validating tests.wlk","timeElapsed":355,"timestamp":"2025-07-04T01:36:22.831Z"}
{"level":"info","message":"⌛ Validating tests.wlk","timeElapsed":426,"timestamp":"2025-07-04T01:36:23.258Z"}
{"level":"info","message":"⌛ Validating tests.wlk","timeElapsed":370,"timestamp":"2025-07-04T01:36:23.632Z"}
{"level":"info","message":"⌛ Validating tests.wlk","timeElapsed":343,"timestamp":"2025-07-04T01:36:23.995Z"}
{"level":"info","message":"⌛ Validating tests.wlk","timeElapsed":368,"timestamp":"2025-07-04T01:36:24.374Z"}
{"level":"info","message":"⌛ Validating tests.wlk","timeElapsed":536,"timestamp":"2025-07-04T01:36:24.985Z"}
{"level":"info","message":"⌛ Validating tests.wlk","timeElapsed":415,"timestamp":"2025-07-04T01:36:25.411Z"}
{"level":"info","message":"⌛ Validating tests.wlk","timeElapsed":400,"timestamp":"2025-07-04T01:36:25.825Z"}
{"level":"info","message":"⌛ Validating tests.wlk","timeElapsed":373,"timestamp":"2025-07-04T01:36:26.200Z"}
{"level":"info","message":"⌛ Validating tests.wlk","timeElapsed":344,"timestamp":"2025-07-04T01:36:26.546Z"}
{"level":"info","message":"⌛ Validating tests.wlk","timeElapsed":374,"timestamp":"2025-07-04T01:36:26.924Z"}
{"level":"info","message":"⌛ Validating tests.wlk","timeElapsed":386,"timestamp":"2025-07-04T01:36:27.312Z"}
{"level":"info","message":"⌛ Validating tests.wlk","timeElapsed":366,"timestamp":"2025-07-04T01:36:27.679Z"}
{"level":"info","message":"⌛ Validating tests.wlk","timeElapsed":347,"timestamp":"2025-07-04T01:36:28.037Z"}
{"level":"info","message":"⌛ Validating tests.wlk","timeElapsed":337,"timestamp":"2025-07-04T01:36:28.395Z"}
{"level":"info","message":"⌛ Validating tests.wlk","timeElapsed":357,"timestamp":"2025-07-04T01:36:28.752Z"}
{"level":"info","message":"⌛ Validating tests.wlk","timeElapsed":334,"timestamp":"2025-07-04T01:36:29.108Z"}
{"level":"info","message":"⌛ Validating tests.wlk","timeElapsed":339,"timestamp":"2025-07-04T01:36:29.448Z"}
{"level":"info","message":"⌛ Building environment","timeElapsed":785,"timestamp":"2025-07-04T01:38:23.593Z"}
{"level":"info","message":"⌛ Validating bastion.wlk","timeElapsed":1097,"timestamp":"2025-07-04T01:38:24.964Z"}
{"level":"info","message":"⌛ Building environment","timeElapsed":959,"timestamp":"2025-07-04T12:30:38.070Z"}
{"level":"info","message":"⌛ Building environment","timeElapsed":965,"timestamp":"2025-07-04T12:30:39.112Z"}
{"level":"info","message":"⌛ Building environment","timeElapsed":499,"timestamp":"2025-07-04T12:30:39.643Z"}
{"level":"info","message":"⌛ Building environment","timeElapsed":556,"timestamp":"2025-07-04T12:30:40.256Z"}
{"level":"info","message":"⌛ Building environment","timeElapsed":615,"timestamp":"2025-07-04T12:30:40.875Z"}
{"level":"info","message":"⌛ Building environment","timeElapsed":466,"timestamp":"2025-07-04T12:30:41.342Z"}
{"level":"info","message":"⌛ Building environment","timeElapsed":952,"timestamp":"2025-07-04T12:30:42.305Z"}
{"level":"info","message":"⌛ Building environment","timeElapsed":346,"timestamp":"2025-07-04T12:30:42.698Z"}
{"level":"info","message":"⌛ Building environment","timeElapsed":312,"timestamp":"2025-07-04T12:30:43.075Z"}
{"level":"info","message":"⌛ Building environment","timeElapsed":552,"timestamp":"2025-07-04T12:30:43.632Z"}
{"level":"info","message":"⌛ Building environment","timeElapsed":543,"timestamp":"2025-07-04T12:30:44.190Z"}
{"level":"info","message":"⌛ Building environment","timeElapsed":421,"timestamp":"2025-07-04T12:30:44.675Z"}
{"level":"info","message":"⌛ Building environment","timeElapsed":714,"timestamp":"2025-07-04T12:30:45.465Z"}
{"level":"info","message":"⌛ Building environment","timeElapsed":302,"timestamp":"2025-07-04T12:30:45.774Z"}
{"level":"info","message":"⌛ Building environment","timeElapsed":408,"timestamp":"2025-07-04T12:30:46.183Z"}
{"level":"info","message":"⌛ Building environment","timeElapsed":488,"timestamp":"2025-07-04T12:30:46.678Z"}
{"level":"info","message":"⌛ Validating bastion.wlk","timeElapsed":643,"timestamp":"2025-07-04T12:30:47.324Z"}
{"level":"info","message":"⌛ Validating main.wpgm","timeElapsed":549,"timestamp":"2025-07-04T12:30:47.874Z"}
{"level":"info","message":"⌛ Building environment","timeElapsed":1356,"timestamp":"2025-07-04T12:30:49.239Z"}
{"level":"info","message":"⌛ Validating tests.wlk","timeElapsed":450,"timestamp":"2025-07-04T12:30:49.802Z"}
{"level":"info","message":"⌛ Validating sonidos.wlk","timeElapsed":433,"timestamp":"2025-07-04T12:30:50.257Z"}
{"level":"info","message":"⌛ Validating personajes.wlk","timeElapsed":475,"timestamp":"2025-07-04T12:30:50.736Z"}
{"level":"info","message":"⌛ Validating niveles.wlk","timeElapsed":466,"timestamp":"2025-07-04T12:30:51.203Z"}
{"level":"info","message":"⌛ Validating menu.wlk","timeElapsed":417,"timestamp":"2025-07-04T12:30:51.627Z"}
{"level":"info","message":"⌛ Validating mana.wlk","timeElapsed":387,"timestamp":"2025-07-04T12:30:52.028Z"}
{"level":"info","message":"⌛ Validating mago.wlk","timeElapsed":467,"timestamp":"2025-07-04T12:30:52.502Z"}
{"level":"info","message":"⌛ Validating enemigos.wlk","timeElapsed":510,"timestamp":"2025-07-04T12:30:53.014Z"}
{"level":"info","message":"⌛ Validating arcaneBastion.wlk","timeElapsed":589,"timestamp":"2025-07-04T12:30:53.606Z"}
{"level":"info","message":"⌛ Validating adminProyectiles.wlk","timeElapsed":529,"timestamp":"2025-07-04T12:30:54.140Z"}
{"level":"info","message":"⌛ Validating administradorDeOleadas.wlk","timeElapsed":1921,"timestamp":"2025-07-04T12:30:56.064Z"}
{"level":"info","message":"⌛ Validating administradorDeHechizos.wlk","timeElapsed":812,"timestamp":"2025-07-04T12:30:56.885Z"}
{"level":"info","message":"⌛ Validating administradorDeEnemigos.wlk","timeElapsed":770,"timestamp":"2025-07-04T12:30:57.657Z"}
{"level":"info","message":"⌛ Validating bastion.wlk","timeElapsed":667,"timestamp":"2025-07-04T12:30:58.328Z"}
{"level":"info","message":"⌛ Validating main.wpgm","timeElapsed":602,"timestamp":"2025-07-04T12:30:58.937Z"}
{"level":"info","message":"⌛ Validating tests.wlk","timeElapsed":868,"timestamp":"2025-07-04T12:30:59.876Z"}
{"level":"info","message":"⌛ Validating sonidos.wlk","timeElapsed":799,"timestamp":"2025-07-04T12:31:00.676Z"}
{"level":"info","message":"⌛ Validating personajes.wlk","timeElapsed":403,"timestamp":"2025-07-04T12:31:01.080Z"}
{"level":"info","message":"⌛ Validating niveles.wlk","timeElapsed":598,"timestamp":"2025-07-04T12:31:01.695Z"}
{"level":"info","message":"⌛ Validating menu.wlk","timeElapsed":623,"timestamp":"2025-07-04T12:31:02.319Z"}
{"level":"info","message":"⌛ Validating mana.wlk","timeElapsed":498,"timestamp":"2025-07-04T12:31:02.821Z"}
{"level":"info","message":"⌛ Validating mago.wlk","timeElapsed":524,"timestamp":"2025-07-04T12:31:03.346Z"}
{"level":"info","message":"⌛ Validating enemigos.wlk","timeElapsed":391,"timestamp":"2025-07-04T12:31:03.753Z"}
{"level":"info","message":"⌛ Validating arcaneBastion.wlk","timeElapsed":490,"timestamp":"2025-07-04T12:31:04.279Z"}
{"level":"info","message":"⌛ Validating adminProyectiles.wlk","timeElapsed":548,"timestamp":"2025-07-04T12:31:04.828Z"}
{"level":"info","message":"⌛ Validating administradorDeOleadas.wlk","timeElapsed":400,"timestamp":"2025-07-04T12:31:05.253Z"}
{"level":"info","message":"⌛ Validating administradorDeHechizos.wlk","timeElapsed":611,"timestamp":"2025-07-04T12:31:05.868Z"}
{"level":"info","message":"⌛ Validating administradorDeEnemigos.wlk","timeElapsed":458,"timestamp":"2025-07-04T12:31:06.331Z"}
{"level":"info","message":"🚀 Program executed \u001b[3m\u001b[34mmain.ArcaneBastion\u001b[39m\u001b[23m on \u001b[3m\u001b[34mc:\\Users\\LUZ RAMIREZ\\Documents\\TPGameIntegrador-wollokers-group\u001b[39m\u001b[23m","ok":true,"timeElapsed":4115,"timestamp":"2025-07-04T12:31:25.662Z"}
{"level":"info","message":"⌛ Building environment","timeElapsed":627,"timestamp":"2025-07-04T12:31:29.652Z"}
{"level":"info","message":"⌛ Autocomplete - Field","timeElapsed":124,"timestamp":"2025-07-04T12:31:29.817Z"}
{"level":"info","message":"⌛ Validating bastion.wlk","timeElapsed":1050,"timestamp":"2025-07-04T12:31:30.890Z"}
{"level":"info","message":"⌛ Building environment","timeElapsed":593,"timestamp":"2025-07-04T12:31:44.766Z"}
{"level":"info","message":"⌛ Validating tests.wlk","timeElapsed":680,"timestamp":"2025-07-04T12:31:45.495Z"}
{"level":"info","message":"⌛ Building environment","timeElapsed":542,"timestamp":"2025-07-04T12:31:47.980Z"}
{"level":"info","message":"⌛ Validating tests.wlk","timeElapsed":697,"timestamp":"2025-07-04T12:31:48.710Z"}
{"level":"info","message":"⌛ Building environment","timeElapsed":570,"timestamp":"2025-07-04T12:31:51.766Z"}
{"level":"info","message":"⌛ Validating tests.wlk","timeElapsed":583,"timestamp":"2025-07-04T12:31:52.401Z"}
{"level":"info","message":"⌛ Building environment","timeElapsed":360,"timestamp":"2025-07-04T12:31:53.978Z"}
{"level":"info","message":"⌛ Validating tests.wlk","timeElapsed":662,"timestamp":"2025-07-04T12:31:54.695Z"}
{"level":"info","message":"⌛ Building environment","timeElapsed":621,"timestamp":"2025-07-04T12:31:55.378Z"}
{"level":"info","message":"⌛ Validating tests.wlk","timeElapsed":753,"timestamp":"2025-07-04T12:31:56.346Z"}
{"level":"info","message":"⌛ Building environment","timeElapsed":681,"timestamp":"2025-07-04T12:31:57.027Z"}
{"level":"info","message":"⌛ Building environment","timeElapsed":361,"timestamp":"2025-07-04T12:31:57.390Z"}
{"level":"info","message":"⌛ Building environment","timeElapsed":323,"timestamp":"2025-07-04T12:31:57.840Z"}
{"level":"info","message":"⌛ Validating tests.wlk","timeElapsed":497,"timestamp":"2025-07-04T12:31:58.379Z"}
{"level":"info","message":"⌛ Validating tests.wlk","timeElapsed":1232,"timestamp":"2025-07-04T12:31:59.625Z"}
{"level":"info","message":"⌛ Validating tests.wlk","timeElapsed":1347,"timestamp":"2025-07-04T12:32:00.981Z"}
{"level":"info","message":"⌛ Building environment","timeElapsed":472,"timestamp":"2025-07-04T12:32:02.292Z"}
{"level":"info","message":"⌛ Validating tests.wlk","timeElapsed":419,"timestamp":"2025-07-04T12:32:02.734Z"}
{"level":"info","message":"⌛ Building environment","timeElapsed":527,"timestamp":"2025-07-04T12:32:04.289Z"}
{"level":"info","message":"⌛ Building environment","timeElapsed":337,"timestamp":"2025-07-04T12:32:04.630Z"}
{"level":"info","message":"⌛ Validating tests.wlk","timeElapsed":568,"timestamp":"2025-07-04T12:32:05.233Z"}
{"level":"info","message":"⌛ Validating tests.wlk","timeElapsed":499,"timestamp":"2025-07-04T12:32:05.745Z"}
{"level":"info","message":"⌛ Building environment","timeElapsed":411,"timestamp":"2025-07-04T12:32:06.163Z"}
{"level":"info","message":"⌛ Building environment","timeElapsed":342,"timestamp":"2025-07-04T12:32:06.511Z"}
{"level":"info","message":"⌛ Building environment","timeElapsed":352,"timestamp":"2025-07-04T12:32:06.947Z"}
{"level":"info","message":"⌛ Validating tests.wlk","timeElapsed":658,"timestamp":"2025-07-04T12:32:07.622Z"}
{"level":"info","message":"⌛ Validating tests.wlk","timeElapsed":668,"timestamp":"2025-07-04T12:32:08.545Z"}
{"level":"info","message":"⌛ Validating tests.wlk","timeElapsed":770,"timestamp":"2025-07-04T12:32:09.323Z"}
{"level":"info","message":"⌛ Building environment","timeElapsed":517,"timestamp":"2025-07-04T12:32:09.845Z"}
{"level":"info","message":"⌛ Validating tests.wlk","timeElapsed":579,"timestamp":"2025-07-04T12:32:10.495Z"}
{"exitCode":"SIGHUP","level":"info","message":"👾 Game executed main.ArcaneBastion on c:\\Users\\LUZ RAMIREZ\\Documents\\TPGameIntegrador-wollokers-group","timeElapsed":69043,"timestamp":"2025-07-04T12:32:30.577Z"}
{"level":"info","message":"🚀 Program executed \u001b[3m\u001b[34mmain.ArcaneBastion\u001b[39m\u001b[23m on \u001b[3m\u001b[34mc:\\Users\\LUZ RAMIREZ\\Documents\\TPGameIntegrador-wollokers-group\u001b[39m\u001b[23m","ok":true,"timeElapsed":2937,"timestamp":"2025-07-04T12:32:44.759Z"}
{"exitCode":"SIGHUP","level":"info","message":"👾 Game executed main.ArcaneBastion on c:\\Users\\LUZ RAMIREZ\\Documents\\TPGameIntegrador-wollokers-group","timeElapsed":133522,"timestamp":"2025-07-04T12:34:55.339Z"}
{"level":"info","message":"⌛ Building environment","timeElapsed":1772,"timestamp":"2025-07-04T12:34:58.462Z"}
{"level":"info","message":"⌛ Validating administradorDeEnemigos.wlk","timeElapsed":720,"timestamp":"2025-07-04T12:34:59.753Z"}
{"level":"info","message":"⌛ Building environment","timeElapsed":923,"timestamp":"2025-07-04T12:35:19.689Z"}
{"level":"info","message":"⌛ Validating arcaneBastion.wlk","timeElapsed":652,"timestamp":"2025-07-04T12:35:20.915Z"}
{"level":"info","message":"⌛ Building environment","timeElapsed":917,"timestamp":"2025-07-04T12:35:44.289Z"}
{"level":"info","message":"⌛ Validating enemigos.wlk","timeElapsed":1676,"timestamp":"2025-07-04T12:35:46.203Z"}
{"level":"info","message":"⌛ Building environment","timeElapsed":1381,"timestamp":"2025-07-04T12:35:49.056Z"}
{"level":"info","message":"⌛ Validating administradorDeHechizos.wlk","timeElapsed":781,"timestamp":"2025-07-04T12:35:49.982Z"}
{"level":"info","message":"⌛ Building environment","timeElapsed":1136,"timestamp":"2025-07-04T12:36:19.773Z"}
{"level":"info","message":"⌛ Validating mago.wlk","timeElapsed":1138,"timestamp":"2025-07-04T12:36:21.431Z"}
{"level":"info","message":"⌛ Building environment","timeElapsed":413,"timestamp":"2025-07-04T12:37:01.189Z"}
{"level":"info","message":"⌛ Validating mago.wlk","timeElapsed":631,"timestamp":"2025-07-04T12:37:01.838Z"}
{"level":"info","message":"⌛ Building environment","timeElapsed":518,"timestamp":"2025-07-04T12:37:02.357Z"}
{"level":"info","message":"⌛ Building environment","timeElapsed":644,"timestamp":"2025-07-04T12:37:03.006Z"}
{"level":"info","message":"⌛ Validating mago.wlk","timeElapsed":551,"timestamp":"2025-07-04T12:37:03.657Z"}
{"level":"info","message":"⌛ Validating mago.wlk","timeElapsed":578,"timestamp":"2025-07-04T12:37:04.255Z"}
{"errors":{"errors":[null,["/*\r","Hace que colisionen con el pixel actual o el siguiente.\r","ya que parece que como el dragon va restando y el hechizo sumando en el eje x\r","estos se omiten\r"]]},"level":"error","message":"✘ Failed to get type description: Error: {\n  \"errors\": [\n    null,\n    [\n      \"/*\\r\",\n      \"Hace que colisionen con el pixel actual o el siguiente.\\r\",\n      \"ya que parece que como el dragon va restando y el hechizo sumando en el eje x\\r\",\n      \"estos se omiten\\r\"\n    ]\n  ]\n} {\n  \"errors\": [\n    null,\n    [\n      \"/*\\r\",\n      \"Hace que colisionen con el pixel actual o el siguiente.\\r\",\n      \"ya que parece que como el dragon va restando y el hechizo sumando en el eje x\\r\",\n      \"estos se omiten\\r\"\n    ]\n  ]\n}","stack":"Error: {\n  \"errors\": [\n    null,\n    [\n      \"/*\\r\",\n      \"Hace que colisionen con el pixel actual o el siguiente.\\r\",\n      \"ya que parece que como el dragon va restando y el hechizo sumando en el eje x\\r\",\n      \"estos se omiten\\r\"\n    ]\n  ]\n}\n    at pS (c:\\Users\\LUZ RAMIREZ\\.vscode\\extensions\\uqbar.wollok-lsp-ide-0.5.2\\out\\server\\src\\server.js:64:34609)\n    at G1 (c:\\Users\\LUZ RAMIREZ\\.vscode\\extensions\\uqbar.wollok-lsp-ide-0.5.2\\out\\server\\src\\server.js:64:34682)\n    at c:\\Users\\LUZ RAMIREZ\\.vscode\\extensions\\uqbar.wollok-lsp-ide-0.5.2\\out\\server\\src\\server.js:64:37949\n    at o.v1 (c:\\Users\\LUZ RAMIREZ\\.vscode\\extensions\\uqbar.wollok-lsp-ide-0.5.2\\out\\server\\src\\server.js:57:57694)\n    at c:\\Users\\LUZ RAMIREZ\\.vscode\\extensions\\uqbar.wollok-lsp-ide-0.5.2\\out\\server\\src\\server.js:64:37918\n    at c:\\Users\\LUZ RAMIREZ\\.vscode\\extensions\\uqbar.wollok-lsp-ide-0.5.2\\out\\server\\src\\server.js:57:55734\n    at Ofn (c:\\Users\\LUZ RAMIREZ\\.vscode\\extensions\\uqbar.wollok-lsp-ide-0.5.2\\out\\server\\src\\server.js:68:11324)\n    at c:\\Users\\LUZ RAMIREZ\\.vscode\\extensions\\uqbar.wollok-lsp-ide-0.5.2\\out\\server\\src\\server.js:68:3629\n    at jbn (c:\\Users\\LUZ RAMIREZ\\.vscode\\extensions\\uqbar.wollok-lsp-ide-0.5.2\\out\\server\\src\\server.js:68:3396)\n    at c:\\Users\\LUZ RAMIREZ\\.vscode\\extensions\\uqbar.wollok-lsp-ide-0.5.2\\out\\server\\src\\server.js:2371:847","timestamp":"2025-07-04T12:39:03.628Z"}
{"level":"info","message":"⌛ Building environment","timeElapsed":477,"timestamp":"2025-07-04T12:39:24.085Z"}
{"level":"info","message":"⌛ Validating administradorDeHechizos.wlk","timeElapsed":530,"timestamp":"2025-07-04T12:39:24.757Z"}
{"errors":{"errors":[null,["/*\r","Hace que colisionen con el pixel actual o el siguiente.\r","ya que parece que como el dragon va restando y el hechizo sumando en el eje x\r","estos se omiten\r"]]},"level":"error","message":"✘ Failed to get type description: Error: {\n  \"errors\": [\n    null,\n    [\n      \"/*\\r\",\n      \"Hace que colisionen con el pixel actual o el siguiente.\\r\",\n      \"ya que parece que como el dragon va restando y el hechizo sumando en el eje x\\r\",\n      \"estos se omiten\\r\"\n    ]\n  ]\n} {\n  \"errors\": [\n    null,\n    [\n      \"/*\\r\",\n      \"Hace que colisionen con el pixel actual o el siguiente.\\r\",\n      \"ya que parece que como el dragon va restando y el hechizo sumando en el eje x\\r\",\n      \"estos se omiten\\r\"\n    ]\n  ]\n}","stack":"Error: {\n  \"errors\": [\n    null,\n    [\n      \"/*\\r\",\n      \"Hace que colisionen con el pixel actual o el siguiente.\\r\",\n      \"ya que parece que como el dragon va restando y el hechizo sumando en el eje x\\r\",\n      \"estos se omiten\\r\"\n    ]\n  ]\n}\n    at pS (c:\\Users\\LUZ RAMIREZ\\.vscode\\extensions\\uqbar.wollok-lsp-ide-0.5.2\\out\\server\\src\\server.js:64:34609)\n    at G1 (c:\\Users\\LUZ RAMIREZ\\.vscode\\extensions\\uqbar.wollok-lsp-ide-0.5.2\\out\\server\\src\\server.js:64:34682)\n    at c:\\Users\\LUZ RAMIREZ\\.vscode\\extensions\\uqbar.wollok-lsp-ide-0.5.2\\out\\server\\src\\server.js:64:37949\n    at o.v1 (c:\\Users\\LUZ RAMIREZ\\.vscode\\extensions\\uqbar.wollok-lsp-ide-0.5.2\\out\\server\\src\\server.js:57:57694)\n    at c:\\Users\\LUZ RAMIREZ\\.vscode\\extensions\\uqbar.wollok-lsp-ide-0.5.2\\out\\server\\src\\server.js:64:37918\n    at c:\\Users\\LUZ RAMIREZ\\.vscode\\extensions\\uqbar.wollok-lsp-ide-0.5.2\\out\\server\\src\\server.js:57:55734\n    at Ofn (c:\\Users\\LUZ RAMIREZ\\.vscode\\extensions\\uqbar.wollok-lsp-ide-0.5.2\\out\\server\\src\\server.js:68:11324)\n    at c:\\Users\\LUZ RAMIREZ\\.vscode\\extensions\\uqbar.wollok-lsp-ide-0.5.2\\out\\server\\src\\server.js:68:3629\n    at jbn (c:\\Users\\LUZ RAMIREZ\\.vscode\\extensions\\uqbar.wollok-lsp-ide-0.5.2\\out\\server\\src\\server.js:68:3396)\n    at c:\\Users\\LUZ RAMIREZ\\.vscode\\extensions\\uqbar.wollok-lsp-ide-0.5.2\\out\\server\\src\\server.js:2371:847","timestamp":"2025-07-04T12:39:24.882Z"}
{"level":"info","message":"⌛ Building environment","timeElapsed":508,"timestamp":"2025-07-04T12:39:26.808Z"}
{"level":"info","message":"⌛ Validating administradorDeHechizos.wlk","timeElapsed":440,"timestamp":"2025-07-04T12:39:27.334Z"}
{"level":"info","message":"⌛ Building environment","timeElapsed":423,"timestamp":"2025-07-04T12:39:28.341Z"}
{"level":"info","message":"⌛ Validating administradorDeHechizos.wlk","timeElapsed":444,"timestamp":"2025-07-04T12:39:28.941Z"}
{"level":"info","message":"⌛ Building environment","timeElapsed":394,"timestamp":"2025-07-04T12:39:31.226Z"}
{"level":"info","message":"⌛ Validating administradorDeHechizos.wlk","timeElapsed":502,"timestamp":"2025-07-04T12:39:31.761Z"}
{"level":"info","message":"⌛ Building environment","timeElapsed":903,"timestamp":"2025-07-04T12:39:33.976Z"}
{"level":"info","message":"⌛ Building environment","timeElapsed":425,"timestamp":"2025-07-04T12:39:34.420Z"}
{"level":"error","message":"✘ Completions for node Return (undefined - administradorDeHechizos.wlk) failed: Error: [Return]{067d74} at administradorDeHechizos.wlk:-- exhausted all cases without a match [Return]{067d74} at administradorDeHechizos.wlk:-- exhausted all cases without a match","stack":"Error: [Return]{067d74} at administradorDeHechizos.wlk:-- exhausted all cases without a match\n    at c:\\Users\\LUZ RAMIREZ\\.vscode\\extensions\\uqbar.wollok-lsp-ide-0.5.2\\out\\server\\src\\server.js:38:6142\n    at C2 (c:\\Users\\LUZ RAMIREZ\\.vscode\\extensions\\uqbar.wollok-lsp-ide-0.5.2\\out\\server\\src\\server.js:2362:42)\n    at Gh (c:\\Users\\LUZ RAMIREZ\\.vscode\\extensions\\uqbar.wollok-lsp-ide-0.5.2\\out\\server\\src\\server.js:2362:1092)\n    at l8n (c:\\Users\\LUZ RAMIREZ\\.vscode\\extensions\\uqbar.wollok-lsp-ide-0.5.2\\out\\server\\src\\server.js:2362:1248)\n    at c:\\Users\\LUZ RAMIREZ\\.vscode\\extensions\\uqbar.wollok-lsp-ide-0.5.2\\out\\server\\src\\server.js:38:6131\n    at C2 (c:\\Users\\LUZ RAMIREZ\\.vscode\\extensions\\uqbar.wollok-lsp-ide-0.5.2\\out\\server\\src\\server.js:2362:42)\n    at c:\\Users\\LUZ RAMIREZ\\.vscode\\extensions\\uqbar.wollok-lsp-ide-0.5.2\\out\\server\\src\\server.js:2362:2988\n    at c:\\Users\\LUZ RAMIREZ\\.vscode\\extensions\\uqbar.wollok-lsp-ide-0.5.2\\out\\server\\src\\server.js:2371:8440\n    at c:\\Users\\LUZ RAMIREZ\\.vscode\\extensions\\uqbar.wollok-lsp-ide-0.5.2\\out\\server\\src\\server.js:37:74872\n    at Ye (c:\\Users\\LUZ RAMIREZ\\.vscode\\extensions\\uqbar.wollok-lsp-ide-0.5.2\\out\\server\\src\\server.js:7:8527)","timestamp":"2025-07-04T12:39:34.564Z"}
{"level":"info","message":"⌛ Building environment","timeElapsed":466,"timestamp":"2025-07-04T12:39:35.044Z"}
{"level":"info","message":"⌛ Building environment","timeElapsed":423,"timestamp":"2025-07-04T12:39:35.477Z"}
{"level":"info","message":"⌛ Building environment","timeElapsed":363,"timestamp":"2025-07-04T12:39:35.842Z"}
{"level":"info","message":"⌛ Validating administradorDeHechizos.wlk","timeElapsed":593,"timestamp":"2025-07-04T12:39:36.518Z"}
{"level":"info","message":"⌛ Building environment","timeElapsed":388,"timestamp":"2025-07-04T12:39:36.922Z"}
{"level":"info","message":"⌛ Building environment","timeElapsed":478,"timestamp":"2025-07-04T12:39:37.439Z"}
{"level":"info","message":"⌛ Building environment","timeElapsed":736,"timestamp":"2025-07-04T12:39:38.177Z"}
{"level":"info","message":"⌛ Validating administradorDeHechizos.wlk","timeElapsed":1159,"timestamp":"2025-07-04T12:39:39.338Z"}
{"level":"info","message":"⌛ Building environment","timeElapsed":688,"timestamp":"2025-07-04T12:39:40.134Z"}
{"level":"error","message":"✘ Completions for node Return (undefined - administradorDeHechizos.wlk) failed: Error: [Return]{5e6ece} at administradorDeHechizos.wlk:-- exhausted all cases without a match [Return]{5e6ece} at administradorDeHechizos.wlk:-- exhausted all cases without a match","stack":"Error: [Return]{5e6ece} at administradorDeHechizos.wlk:-- exhausted all cases without a match\n    at c:\\Users\\LUZ RAMIREZ\\.vscode\\extensions\\uqbar.wollok-lsp-ide-0.5.2\\out\\server\\src\\server.js:38:6142\n    at C2 (c:\\Users\\LUZ RAMIREZ\\.vscode\\extensions\\uqbar.wollok-lsp-ide-0.5.2\\out\\server\\src\\server.js:2362:42)\n    at Gh (c:\\Users\\LUZ RAMIREZ\\.vscode\\extensions\\uqbar.wollok-lsp-ide-0.5.2\\out\\server\\src\\server.js:2362:1092)\n    at l8n (c:\\Users\\LUZ RAMIREZ\\.vscode\\extensions\\uqbar.wollok-lsp-ide-0.5.2\\out\\server\\src\\server.js:2362:1248)\n    at c:\\Users\\LUZ RAMIREZ\\.vscode\\extensions\\uqbar.wollok-lsp-ide-0.5.2\\out\\server\\src\\server.js:38:6131\n    at C2 (c:\\Users\\LUZ RAMIREZ\\.vscode\\extensions\\uqbar.wollok-lsp-ide-0.5.2\\out\\server\\src\\server.js:2362:42)\n    at c:\\Users\\LUZ RAMIREZ\\.vscode\\extensions\\uqbar.wollok-lsp-ide-0.5.2\\out\\server\\src\\server.js:2362:2988\n    at c:\\Users\\LUZ RAMIREZ\\.vscode\\extensions\\uqbar.wollok-lsp-ide-0.5.2\\out\\server\\src\\server.js:2371:8440\n    at c:\\Users\\LUZ RAMIREZ\\.vscode\\extensions\\uqbar.wollok-lsp-ide-0.5.2\\out\\server\\src\\server.js:37:74872\n    at Ye (c:\\Users\\LUZ RAMIREZ\\.vscode\\extensions\\uqbar.wollok-lsp-ide-0.5.2\\out\\server\\src\\server.js:7:8527)","timestamp":"2025-07-04T12:39:40.401Z"}
{"level":"info","message":"⌛ Autocomplete - Reference","timeElapsed":235,"timestamp":"2025-07-04T12:39:40.411Z"}
{"level":"info","message":"⌛ Building environment","timeElapsed":658,"timestamp":"2025-07-04T12:39:41.074Z"}
{"level":"info","message":"⌛ Validating administradorDeHechizos.wlk","timeElapsed":556,"timestamp":"2025-07-04T12:39:41.636Z"}
{"level":"info","message":"⌛ Building environment","timeElapsed":483,"timestamp":"2025-07-04T12:39:42.128Z"}
{"level":"info","message":"⌛ Building environment","timeElapsed":346,"timestamp":"2025-07-04T12:39:42.485Z"}
{"level":"info","message":"⌛ Building environment","timeElapsed":330,"timestamp":"2025-07-04T12:39:42.819Z"}
{"level":"info","message":"⌛ Validating administradorDeHechizos.wlk","timeElapsed":443,"timestamp":"2025-07-04T12:39:43.270Z"}
{"level":"info","message":"⌛ Building environment","timeElapsed":742,"timestamp":"2025-07-04T12:39:44.065Z"}
{"level":"info","message":"⌛ Building environment","timeElapsed":328,"timestamp":"2025-07-04T12:39:44.403Z"}
{"level":"info","message":"⌛ Building environment","timeElapsed":415,"timestamp":"2025-07-04T12:39:44.821Z"}
{"level":"info","message":"⌛ Validating administradorDeHechizos.wlk","timeElapsed":517,"timestamp":"2025-07-04T12:39:45.340Z"}
{"level":"info","message":"⌛ Building environment","timeElapsed":476,"timestamp":"2025-07-04T12:39:45.865Z"}
{"level":"info","message":"⌛ Validating administradorDeHechizos.wlk","timeElapsed":737,"timestamp":"2025-07-04T12:39:46.636Z"}
{"level":"info","message":"⌛ Building environment","timeElapsed":651,"timestamp":"2025-07-04T12:39:47.343Z"}
{"level":"info","message":"⌛ Building environment","timeElapsed":441,"timestamp":"2025-07-04T12:39:47.810Z"}
{"level":"info","message":"⌛ Building environment","timeElapsed":412,"timestamp":"2025-07-04T12:39:48.231Z"}
{"level":"info","message":"⌛ Building environment","timeElapsed":378,"timestamp":"2025-07-04T12:39:48.615Z"}
{"level":"info","message":"⌛ Validating administradorDeHechizos.wlk","timeElapsed":497,"timestamp":"2025-07-04T12:39:49.115Z"}
{"level":"info","message":"⌛ Building environment","timeElapsed":353,"timestamp":"2025-07-04T12:39:49.469Z"}
{"level":"info","message":"⌛ Building environment","timeElapsed":381,"timestamp":"2025-07-04T12:39:49.852Z"}
{"level":"info","message":"⌛ Building environment","timeElapsed":642,"timestamp":"2025-07-04T12:39:50.519Z"}
{"level":"error","message":"✘ Completions for node Return (undefined - administradorDeHechizos.wlk) failed: Error: [Return]{d7a56f} at administradorDeHechizos.wlk:-- exhausted all cases without a match [Return]{d7a56f} at administradorDeHechizos.wlk:-- exhausted all cases without a match","stack":"Error: [Return]{d7a56f} at administradorDeHechizos.wlk:-- exhausted all cases without a match\n    at c:\\Users\\LUZ RAMIREZ\\.vscode\\extensions\\uqbar.wollok-lsp-ide-0.5.2\\out\\server\\src\\server.js:38:6142\n    at C2 (c:\\Users\\LUZ RAMIREZ\\.vscode\\extensions\\uqbar.wollok-lsp-ide-0.5.2\\out\\server\\src\\server.js:2362:42)\n    at Gh (c:\\Users\\LUZ RAMIREZ\\.vscode\\extensions\\uqbar.wollok-lsp-ide-0.5.2\\out\\server\\src\\server.js:2362:1092)\n    at l8n (c:\\Users\\LUZ RAMIREZ\\.vscode\\extensions\\uqbar.wollok-lsp-ide-0.5.2\\out\\server\\src\\server.js:2362:1248)\n    at c:\\Users\\LUZ RAMIREZ\\.vscode\\extensions\\uqbar.wollok-lsp-ide-0.5.2\\out\\server\\src\\server.js:38:6131\n    at C2 (c:\\Users\\LUZ RAMIREZ\\.vscode\\extensions\\uqbar.wollok-lsp-ide-0.5.2\\out\\server\\src\\server.js:2362:42)\n    at c:\\Users\\LUZ RAMIREZ\\.vscode\\extensions\\uqbar.wollok-lsp-ide-0.5.2\\out\\server\\src\\server.js:2362:2988\n    at c:\\Users\\LUZ RAMIREZ\\.vscode\\extensions\\uqbar.wollok-lsp-ide-0.5.2\\out\\server\\src\\server.js:2371:8440\n    at c:\\Users\\LUZ RAMIREZ\\.vscode\\extensions\\uqbar.wollok-lsp-ide-0.5.2\\out\\server\\src\\server.js:37:74872\n    at Ye (c:\\Users\\LUZ RAMIREZ\\.vscode\\extensions\\uqbar.wollok-lsp-ide-0.5.2\\out\\server\\src\\server.js:7:8527)","timestamp":"2025-07-04T12:39:50.616Z"}
{"level":"info","message":"⌛ Validating administradorDeHechizos.wlk","timeElapsed":399,"timestamp":"2025-07-04T12:39:51.085Z"}
{"level":"error","message":"✘ Failed to rebuild document Failed to parse administradorDeHechizos.wlk: \n-- PARSING FAILED --------------------------------------------------\n\n  65 |         nombreHechizo = 0\n  66 |         hechizos = []\n> 67 |     }\n     |     ^\n  68 | }\n  69 | \n\nExpected one of the following: \n\n'@', 'class', 'const', 'describe', 'mixin', 'object', 'only', 'package', 'program', 'test', 'var', '{', EOF, comment, not \"}\r\n\", whitespace\n","stack":"Error: Failed to parse administradorDeHechizos.wlk: \n-- PARSING FAILED --------------------------------------------------\n\n  65 |         nombreHechizo = 0\n  66 |         hechizos = []\n> 67 |     }\n     |     ^\n  68 | }\n  69 | \n\nExpected one of the following: \n\n'@', 'class', 'const', 'describe', 'mixin', 'object', 'only', 'package', 'program', 'test', 'var', '{', EOF, comment, not \"}\r\n\", whitespace\n\n    at c:\\Users\\LUZ RAMIREZ\\.vscode\\extensions\\uqbar.wollok-lsp-ide-0.5.2\\out\\server\\src\\server.js:2326:13026\n    at Array.map (<anonymous>)\n    at D1n (c:\\Users\\LUZ RAMIREZ\\.vscode\\extensions\\uqbar.wollok-lsp-ide-0.5.2\\out\\server\\src\\server.js:2326:12950)\n    at W2.buildEnvironmentFrom (c:\\Users\\LUZ RAMIREZ\\.vscode\\extensions\\uqbar.wollok-lsp-ide-0.5.2\\out\\server\\src\\server.js:2371:5254)\n    at W2.updateEnvironmentWith (c:\\Users\\LUZ RAMIREZ\\.vscode\\extensions\\uqbar.wollok-lsp-ide-0.5.2\\out\\server\\src\\server.js:2371:4989)\n    at GF (c:\\Users\\LUZ RAMIREZ\\.vscode\\extensions\\uqbar.wollok-lsp-ide-0.5.2\\out\\server\\src\\server.js:2371:7383)\n    at L3.invoke (c:\\Users\\LUZ RAMIREZ\\.vscode\\extensions\\uqbar.wollok-lsp-ide-0.5.2\\out\\server\\src\\server.js:3:157326)\n    at o.fire (c:\\Users\\LUZ RAMIREZ\\.vscode\\extensions\\uqbar.wollok-lsp-ide-0.5.2\\out\\server\\src\\server.js:3:158096)\n    at c:\\Users\\LUZ RAMIREZ\\.vscode\\extensions\\uqbar.wollok-lsp-ide-0.5.2\\out\\server\\src\\server.js:37:57871\n    at Kr (c:\\Users\\LUZ RAMIREZ\\.vscode\\extensions\\uqbar.wollok-lsp-ide-0.5.2\\out\\server\\src\\server.js:8:1561)","timestamp":"2025-07-04T12:39:51.168Z"}
{"level":"info","message":"⌛ Building environment","timeElapsed":278,"timestamp":"2025-07-04T12:39:51.588Z"}
{"level":"info","message":"⌛ Building environment","timeElapsed":295,"timestamp":"2025-07-04T12:39:51.914Z"}
{"level":"info","message":"⌛ Building environment","timeElapsed":321,"timestamp":"2025-07-04T12:39:52.239Z"}
{"level":"info","message":"⌛ Building environment","timeElapsed":327,"timestamp":"2025-07-04T12:39:52.619Z"}
{"level":"info","message":"⌛ Building environment","timeElapsed":1470,"timestamp":"2025-07-04T12:39:54.120Z"}
{"level":"info","message":"⌛ Building environment","timeElapsed":460,"timestamp":"2025-07-04T12:39:54.581Z"}
{"level":"info","message":"⌛ Building environment","timeElapsed":308,"timestamp":"2025-07-04T12:39:54.964Z"}
{"level":"info","message":"⌛ Building environment","timeElapsed":535,"timestamp":"2025-07-04T12:39:55.502Z"}
{"level":"info","message":"⌛ Building environment","timeElapsed":347,"timestamp":"2025-07-04T12:39:55.852Z"}
{"level":"info","message":"⌛ Validating administradorDeHechizos.wlk","timeElapsed":402,"timestamp":"2025-07-04T12:39:56.257Z"}
{"level":"info","message":"⌛ Building environment","timeElapsed":273,"timestamp":"2025-07-04T12:39:56.576Z"}
{"level":"info","message":"⌛ Building environment","timeElapsed":288,"timestamp":"2025-07-04T12:39:56.885Z"}
{"level":"info","message":"⌛ Building environment","timeElapsed":298,"timestamp":"2025-07-04T12:39:57.188Z"}
{"level":"info","message":"⌛ Building environment","timeElapsed":301,"timestamp":"2025-07-04T12:39:57.492Z"}
{"level":"info","message":"⌛ Validating administradorDeHechizos.wlk","timeElapsed":399,"timestamp":"2025-07-04T12:39:57.922Z"}
{"level":"info","message":"⌛ Building environment","timeElapsed":283,"timestamp":"2025-07-04T12:39:58.230Z"}
{"level":"info","message":"⌛ Validating administradorDeHechizos.wlk","timeElapsed":343,"timestamp":"2025-07-04T12:39:58.640Z"}
{"level":"info","message":"⌛ Validating administradorDeHechizos.wlk","timeElapsed":371,"timestamp":"2025-07-04T12:39:59.013Z"}
{"level":"info","message":"⌛ Validating administradorDeHechizos.wlk","timeElapsed":354,"timestamp":"2025-07-04T12:39:59.372Z"}
{"level":"info","message":"⌛ Validating administradorDeHechizos.wlk","timeElapsed":352,"timestamp":"2025-07-04T12:39:59.747Z"}
{"level":"info","message":"⌛ Validating administradorDeHechizos.wlk","timeElapsed":358,"timestamp":"2025-07-04T12:40:00.106Z"}
{"level":"info","message":"⌛ Validating administradorDeHechizos.wlk","timeElapsed":391,"timestamp":"2025-07-04T12:40:00.497Z"}
{"level":"info","message":"⌛ Validating administradorDeHechizos.wlk","timeElapsed":346,"timestamp":"2025-07-04T12:40:00.869Z"}
{"level":"error","message":"✘ Failed to rebuild document Failed to parse administradorDeHechizos.wlk: \n-- PARSING FAILED --------------------------------------------------\n\n  65 |         nombreHechizo = 0\n  66 |         hechizos = []\n> 67 |     }\n     |     ^\n  68 | }\n  69 | \n\nExpected one of the following: \n\n'@', 'class', 'const', 'describe', 'mixin', 'object', 'only', 'package', 'program', 'test', 'var', '{', EOF, comment, not \"}\r\n\", whitespace\n","stack":"Error: Failed to parse administradorDeHechizos.wlk: \n-- PARSING FAILED --------------------------------------------------\n\n  65 |         nombreHechizo = 0\n  66 |         hechizos = []\n> 67 |     }\n     |     ^\n  68 | }\n  69 | \n\nExpected one of the following: \n\n'@', 'class', 'const', 'describe', 'mixin', 'object', 'only', 'package', 'program', 'test', 'var', '{', EOF, comment, not \"}\r\n\", whitespace\n\n    at c:\\Users\\LUZ RAMIREZ\\.vscode\\extensions\\uqbar.wollok-lsp-ide-0.5.2\\out\\server\\src\\server.js:2326:13026\n    at Array.map (<anonymous>)\n    at D1n (c:\\Users\\LUZ RAMIREZ\\.vscode\\extensions\\uqbar.wollok-lsp-ide-0.5.2\\out\\server\\src\\server.js:2326:12950)\n    at W2.buildEnvironmentFrom (c:\\Users\\LUZ RAMIREZ\\.vscode\\extensions\\uqbar.wollok-lsp-ide-0.5.2\\out\\server\\src\\server.js:2371:5254)\n    at W2.updateEnvironmentWith (c:\\Users\\LUZ RAMIREZ\\.vscode\\extensions\\uqbar.wollok-lsp-ide-0.5.2\\out\\server\\src\\server.js:2371:4989)\n    at GF (c:\\Users\\LUZ RAMIREZ\\.vscode\\extensions\\uqbar.wollok-lsp-ide-0.5.2\\out\\server\\src\\server.js:2371:7383)\n    at L3.invoke (c:\\Users\\LUZ RAMIREZ\\.vscode\\extensions\\uqbar.wollok-lsp-ide-0.5.2\\out\\server\\src\\server.js:3:157326)\n    at o.fire (c:\\Users\\LUZ RAMIREZ\\.vscode\\extensions\\uqbar.wollok-lsp-ide-0.5.2\\out\\server\\src\\server.js:3:158096)\n    at c:\\Users\\LUZ RAMIREZ\\.vscode\\extensions\\uqbar.wollok-lsp-ide-0.5.2\\out\\server\\src\\server.js:37:57871\n    at Kr (c:\\Users\\LUZ RAMIREZ\\.vscode\\extensions\\uqbar.wollok-lsp-ide-0.5.2\\out\\server\\src\\server.js:8:1561)","timestamp":"2025-07-04T12:40:00.938Z"}
{"level":"error","message":"✘ Failed to rebuild document Failed to parse administradorDeHechizos.wlk: \n-- PARSING FAILED --------------------------------------------------\n\n  65 |         nombreHechizo = 0\n  66 |         hechizos = []\n> 67 |     }\n     |     ^\n  68 | }\n  69 | \n\nExpected one of the following: \n\n'@', 'class', 'const', 'describe', 'mixin', 'object', 'only', 'package', 'program', 'test', 'var', '{', EOF, comment, not \"}\r\n\", whitespace\n","stack":"Error: Failed to parse administradorDeHechizos.wlk: \n-- PARSING FAILED --------------------------------------------------\n\n  65 |         nombreHechizo = 0\n  66 |         hechizos = []\n> 67 |     }\n     |     ^\n  68 | }\n  69 | \n\nExpected one of the following: \n\n'@', 'class', 'const', 'describe', 'mixin', 'object', 'only', 'package', 'program', 'test', 'var', '{', EOF, comment, not \"}\r\n\", whitespace\n\n    at c:\\Users\\LUZ RAMIREZ\\.vscode\\extensions\\uqbar.wollok-lsp-ide-0.5.2\\out\\server\\src\\server.js:2326:13026\n    at Array.map (<anonymous>)\n    at D1n (c:\\Users\\LUZ RAMIREZ\\.vscode\\extensions\\uqbar.wollok-lsp-ide-0.5.2\\out\\server\\src\\server.js:2326:12950)\n    at W2.buildEnvironmentFrom (c:\\Users\\LUZ RAMIREZ\\.vscode\\extensions\\uqbar.wollok-lsp-ide-0.5.2\\out\\server\\src\\server.js:2371:5254)\n    at W2.updateEnvironmentWith (c:\\Users\\LUZ RAMIREZ\\.vscode\\extensions\\uqbar.wollok-lsp-ide-0.5.2\\out\\server\\src\\server.js:2371:4989)\n    at GF (c:\\Users\\LUZ RAMIREZ\\.vscode\\extensions\\uqbar.wollok-lsp-ide-0.5.2\\out\\server\\src\\server.js:2371:7383)\n    at L3.invoke (c:\\Users\\LUZ RAMIREZ\\.vscode\\extensions\\uqbar.wollok-lsp-ide-0.5.2\\out\\server\\src\\server.js:3:157326)\n    at o.fire (c:\\Users\\LUZ RAMIREZ\\.vscode\\extensions\\uqbar.wollok-lsp-ide-0.5.2\\out\\server\\src\\server.js:3:158096)\n    at c:\\Users\\LUZ RAMIREZ\\.vscode\\extensions\\uqbar.wollok-lsp-ide-0.5.2\\out\\server\\src\\server.js:37:57871\n    at Kr (c:\\Users\\LUZ RAMIREZ\\.vscode\\extensions\\uqbar.wollok-lsp-ide-0.5.2\\out\\server\\src\\server.js:8:1561)","timestamp":"2025-07-04T12:40:01.130Z"}
{"level":"error","message":"✘ Failed to rebuild document Failed to parse administradorDeHechizos.wlk: \n-- PARSING FAILED --------------------------------------------------\n\n  65 |         nombreHechizo = 0\n  66 |         hechizos = []\n> 67 |     }\n     |     ^\n  68 | }\n  69 | \n\nExpected one of the following: \n\n'@', 'class', 'const', 'describe', 'mixin', 'object', 'only', 'package', 'program', 'test', 'var', '{', EOF, comment, not \"}\r\n\", whitespace\n","stack":"Error: Failed to parse administradorDeHechizos.wlk: \n-- PARSING FAILED --------------------------------------------------\n\n  65 |         nombreHechizo = 0\n  66 |         hechizos = []\n> 67 |     }\n     |     ^\n  68 | }\n  69 | \n\nExpected one of the following: \n\n'@', 'class', 'const', 'describe', 'mixin', 'object', 'only', 'package', 'program', 'test', 'var', '{', EOF, comment, not \"}\r\n\", whitespace\n\n    at c:\\Users\\LUZ RAMIREZ\\.vscode\\extensions\\uqbar.wollok-lsp-ide-0.5.2\\out\\server\\src\\server.js:2326:13026\n    at Array.map (<anonymous>)\n    at D1n (c:\\Users\\LUZ RAMIREZ\\.vscode\\extensions\\uqbar.wollok-lsp-ide-0.5.2\\out\\server\\src\\server.js:2326:12950)\n    at W2.buildEnvironmentFrom (c:\\Users\\LUZ RAMIREZ\\.vscode\\extensions\\uqbar.wollok-lsp-ide-0.5.2\\out\\server\\src\\server.js:2371:5254)\n    at W2.updateEnvironmentWith (c:\\Users\\LUZ RAMIREZ\\.vscode\\extensions\\uqbar.wollok-lsp-ide-0.5.2\\out\\server\\src\\server.js:2371:4989)\n    at GF (c:\\Users\\LUZ RAMIREZ\\.vscode\\extensions\\uqbar.wollok-lsp-ide-0.5.2\\out\\server\\src\\server.js:2371:7383)\n    at L3.invoke (c:\\Users\\LUZ RAMIREZ\\.vscode\\extensions\\uqbar.wollok-lsp-ide-0.5.2\\out\\server\\src\\server.js:3:157326)\n    at o.fire (c:\\Users\\LUZ RAMIREZ\\.vscode\\extensions\\uqbar.wollok-lsp-ide-0.5.2\\out\\server\\src\\server.js:3:158096)\n    at c:\\Users\\LUZ RAMIREZ\\.vscode\\extensions\\uqbar.wollok-lsp-ide-0.5.2\\out\\server\\src\\server.js:37:57871\n    at Kr (c:\\Users\\LUZ RAMIREZ\\.vscode\\extensions\\uqbar.wollok-lsp-ide-0.5.2\\out\\server\\src\\server.js:8:1561)","timestamp":"2025-07-04T12:40:01.202Z"}
{"level":"error","message":"✘ Failed to rebuild document Failed to parse administradorDeHechizos.wlk: \n-- PARSING FAILED --------------------------------------------------\n\n  65 |         nombreHechizo = 0\n  66 |         hechizos = []\n> 67 |     }\n     |     ^\n  68 | }\n  69 | \n\nExpected one of the following: \n\n'@', 'class', 'const', 'describe', 'mixin', 'object', 'only', 'package', 'program', 'test', 'var', '{', EOF, comment, not \"}\r\n\", whitespace\n","stack":"Error: Failed to parse administradorDeHechizos.wlk: \n-- PARSING FAILED --------------------------------------------------\n\n  65 |         nombreHechizo = 0\n  66 |         hechizos = []\n> 67 |     }\n     |     ^\n  68 | }\n  69 | \n\nExpected one of the following: \n\n'@', 'class', 'const', 'describe', 'mixin', 'object', 'only', 'package', 'program', 'test', 'var', '{', EOF, comment, not \"}\r\n\", whitespace\n\n    at c:\\Users\\LUZ RAMIREZ\\.vscode\\extensions\\uqbar.wollok-lsp-ide-0.5.2\\out\\server\\src\\server.js:2326:13026\n    at Array.map (<anonymous>)\n    at D1n (c:\\Users\\LUZ RAMIREZ\\.vscode\\extensions\\uqbar.wollok-lsp-ide-0.5.2\\out\\server\\src\\server.js:2326:12950)\n    at W2.buildEnvironmentFrom (c:\\Users\\LUZ RAMIREZ\\.vscode\\extensions\\uqbar.wollok-lsp-ide-0.5.2\\out\\server\\src\\server.js:2371:5254)\n    at W2.updateEnvironmentWith (c:\\Users\\LUZ RAMIREZ\\.vscode\\extensions\\uqbar.wollok-lsp-ide-0.5.2\\out\\server\\src\\server.js:2371:4989)\n    at GF (c:\\Users\\LUZ RAMIREZ\\.vscode\\extensions\\uqbar.wollok-lsp-ide-0.5.2\\out\\server\\src\\server.js:2371:7383)\n    at L3.invoke (c:\\Users\\LUZ RAMIREZ\\.vscode\\extensions\\uqbar.wollok-lsp-ide-0.5.2\\out\\server\\src\\server.js:3:157326)\n    at o.fire (c:\\Users\\LUZ RAMIREZ\\.vscode\\extensions\\uqbar.wollok-lsp-ide-0.5.2\\out\\server\\src\\server.js:3:158096)\n    at c:\\Users\\LUZ RAMIREZ\\.vscode\\extensions\\uqbar.wollok-lsp-ide-0.5.2\\out\\server\\src\\server.js:37:57871\n    at Kr (c:\\Users\\LUZ RAMIREZ\\.vscode\\extensions\\uqbar.wollok-lsp-ide-0.5.2\\out\\server\\src\\server.js:8:1561)","timestamp":"2025-07-04T12:40:01.258Z"}
{"level":"error","message":"✘ Failed to rebuild document Failed to parse administradorDeHechizos.wlk: \n-- PARSING FAILED --------------------------------------------------\n\n  65 |         nombreHechizo = 0\n  66 |         hechizos = []\n> 67 |     }\n     |     ^\n  68 | }\n  69 | \n\nExpected one of the following: \n\n'@', 'class', 'const', 'describe', 'mixin', 'object', 'only', 'package', 'program', 'test', 'var', '{', EOF, comment, not \"}\r\n\", whitespace\n","stack":"Error: Failed to parse administradorDeHechizos.wlk: \n-- PARSING FAILED --------------------------------------------------\n\n  65 |         nombreHechizo = 0\n  66 |         hechizos = []\n> 67 |     }\n     |     ^\n  68 | }\n  69 | \n\nExpected one of the following: \n\n'@', 'class', 'const', 'describe', 'mixin', 'object', 'only', 'package', 'program', 'test', 'var', '{', EOF, comment, not \"}\r\n\", whitespace\n\n    at c:\\Users\\LUZ RAMIREZ\\.vscode\\extensions\\uqbar.wollok-lsp-ide-0.5.2\\out\\server\\src\\server.js:2326:13026\n    at Array.map (<anonymous>)\n    at D1n (c:\\Users\\LUZ RAMIREZ\\.vscode\\extensions\\uqbar.wollok-lsp-ide-0.5.2\\out\\server\\src\\server.js:2326:12950)\n    at W2.buildEnvironmentFrom (c:\\Users\\LUZ RAMIREZ\\.vscode\\extensions\\uqbar.wollok-lsp-ide-0.5.2\\out\\server\\src\\server.js:2371:5254)\n    at W2.updateEnvironmentWith (c:\\Users\\LUZ RAMIREZ\\.vscode\\extensions\\uqbar.wollok-lsp-ide-0.5.2\\out\\server\\src\\server.js:2371:4989)\n    at GF (c:\\Users\\LUZ RAMIREZ\\.vscode\\extensions\\uqbar.wollok-lsp-ide-0.5.2\\out\\server\\src\\server.js:2371:7383)\n    at L3.invoke (c:\\Users\\LUZ RAMIREZ\\.vscode\\extensions\\uqbar.wollok-lsp-ide-0.5.2\\out\\server\\src\\server.js:3:157326)\n    at o.fire (c:\\Users\\LUZ RAMIREZ\\.vscode\\extensions\\uqbar.wollok-lsp-ide-0.5.2\\out\\server\\src\\server.js:3:158096)\n    at c:\\Users\\LUZ RAMIREZ\\.vscode\\extensions\\uqbar.wollok-lsp-ide-0.5.2\\out\\server\\src\\server.js:37:57871\n    at Kr (c:\\Users\\LUZ RAMIREZ\\.vscode\\extensions\\uqbar.wollok-lsp-ide-0.5.2\\out\\server\\src\\server.js:8:1561)","timestamp":"2025-07-04T12:40:01.321Z"}
{"level":"error","message":"✘ Failed to rebuild document Failed to parse administradorDeHechizos.wlk: \n-- PARSING FAILED --------------------------------------------------\n\n  65 |         nombreHechizo = 0\n  66 |         hechizos = []\n> 67 |     }\n     |     ^\n  68 | }\n  69 | \n\nExpected one of the following: \n\n'@', 'class', 'const', 'describe', 'mixin', 'object', 'only', 'package', 'program', 'test', 'var', '{', EOF, comment, not \"}\r\n\", whitespace\n","stack":"Error: Failed to parse administradorDeHechizos.wlk: \n-- PARSING FAILED --------------------------------------------------\n\n  65 |         nombreHechizo = 0\n  66 |         hechizos = []\n> 67 |     }\n     |     ^\n  68 | }\n  69 | \n\nExpected one of the following: \n\n'@', 'class', 'const', 'describe', 'mixin', 'object', 'only', 'package', 'program', 'test', 'var', '{', EOF, comment, not \"}\r\n\", whitespace\n\n    at c:\\Users\\LUZ RAMIREZ\\.vscode\\extensions\\uqbar.wollok-lsp-ide-0.5.2\\out\\server\\src\\server.js:2326:13026\n    at Array.map (<anonymous>)\n    at D1n (c:\\Users\\LUZ RAMIREZ\\.vscode\\extensions\\uqbar.wollok-lsp-ide-0.5.2\\out\\server\\src\\server.js:2326:12950)\n    at W2.buildEnvironmentFrom (c:\\Users\\LUZ RAMIREZ\\.vscode\\extensions\\uqbar.wollok-lsp-ide-0.5.2\\out\\server\\src\\server.js:2371:5254)\n    at W2.updateEnvironmentWith (c:\\Users\\LUZ RAMIREZ\\.vscode\\extensions\\uqbar.wollok-lsp-ide-0.5.2\\out\\server\\src\\server.js:2371:4989)\n    at GF (c:\\Users\\LUZ RAMIREZ\\.vscode\\extensions\\uqbar.wollok-lsp-ide-0.5.2\\out\\server\\src\\server.js:2371:7383)\n    at L3.invoke (c:\\Users\\LUZ RAMIREZ\\.vscode\\extensions\\uqbar.wollok-lsp-ide-0.5.2\\out\\server\\src\\server.js:3:157326)\n    at o.fire (c:\\Users\\LUZ RAMIREZ\\.vscode\\extensions\\uqbar.wollok-lsp-ide-0.5.2\\out\\server\\src\\server.js:3:158096)\n    at c:\\Users\\LUZ RAMIREZ\\.vscode\\extensions\\uqbar.wollok-lsp-ide-0.5.2\\out\\server\\src\\server.js:37:57871\n    at Kr (c:\\Users\\LUZ RAMIREZ\\.vscode\\extensions\\uqbar.wollok-lsp-ide-0.5.2\\out\\server\\src\\server.js:8:1561)","timestamp":"2025-07-04T12:40:01.379Z"}
{"level":"info","message":"⌛ Validating administradorDeHechizos.wlk","timeElapsed":353,"timestamp":"2025-07-04T12:40:01.739Z"}
{"level":"info","message":"⌛ Validating administradorDeHechizos.wlk","timeElapsed":364,"timestamp":"2025-07-04T12:40:02.121Z"}
{"level":"error","message":"✘ Failed to rebuild document Failed to parse administradorDeHechizos.wlk: \n-- PARSING FAILED --------------------------------------------------\n\n  65 |         nombreHechizo = 0\n  66 |         hechizos = []\n> 67 |     }\n     |     ^\n  68 | }\n  69 | \n\nExpected one of the following: \n\n'@', 'class', 'const', 'describe', 'mixin', 'object', 'only', 'package', 'program', 'test', 'var', '{', EOF, comment, not \"}\r\n\", whitespace\n","stack":"Error: Failed to parse administradorDeHechizos.wlk: \n-- PARSING FAILED --------------------------------------------------\n\n  65 |         nombreHechizo = 0\n  66 |         hechizos = []\n> 67 |     }\n     |     ^\n  68 | }\n  69 | \n\nExpected one of the following: \n\n'@', 'class', 'const', 'describe', 'mixin', 'object', 'only', 'package', 'program', 'test', 'var', '{', EOF, comment, not \"}\r\n\", whitespace\n\n    at c:\\Users\\LUZ RAMIREZ\\.vscode\\extensions\\uqbar.wollok-lsp-ide-0.5.2\\out\\server\\src\\server.js:2326:13026\n    at Array.map (<anonymous>)\n    at D1n (c:\\Users\\LUZ RAMIREZ\\.vscode\\extensions\\uqbar.wollok-lsp-ide-0.5.2\\out\\server\\src\\server.js:2326:12950)\n    at W2.buildEnvironmentFrom (c:\\Users\\LUZ RAMIREZ\\.vscode\\extensions\\uqbar.wollok-lsp-ide-0.5.2\\out\\server\\src\\server.js:2371:5254)\n    at W2.updateEnvironmentWith (c:\\Users\\LUZ RAMIREZ\\.vscode\\extensions\\uqbar.wollok-lsp-ide-0.5.2\\out\\server\\src\\server.js:2371:4989)\n    at GF (c:\\Users\\LUZ RAMIREZ\\.vscode\\extensions\\uqbar.wollok-lsp-ide-0.5.2\\out\\server\\src\\server.js:2371:7383)\n    at L3.invoke (c:\\Users\\LUZ RAMIREZ\\.vscode\\extensions\\uqbar.wollok-lsp-ide-0.5.2\\out\\server\\src\\server.js:3:157326)\n    at o.fire (c:\\Users\\LUZ RAMIREZ\\.vscode\\extensions\\uqbar.wollok-lsp-ide-0.5.2\\out\\server\\src\\server.js:3:158096)\n    at c:\\Users\\LUZ RAMIREZ\\.vscode\\extensions\\uqbar.wollok-lsp-ide-0.5.2\\out\\server\\src\\server.js:37:57871\n    at Kr (c:\\Users\\LUZ RAMIREZ\\.vscode\\extensions\\uqbar.wollok-lsp-ide-0.5.2\\out\\server\\src\\server.js:8:1561)","timestamp":"2025-07-04T12:40:02.170Z"}
{"level":"info","message":"⌛ Validating administradorDeHechizos.wlk","timeElapsed":381,"timestamp":"2025-07-04T12:40:02.562Z"}
{"level":"error","message":"✘ Failed to rebuild document Failed to parse administradorDeHechizos.wlk: \n-- PARSING FAILED --------------------------------------------------\n\n  65 |         nombreHechizo = 0\n  66 |         hechizos = []\n> 67 |     }\n     |     ^\n  68 | }\n  69 | \n\nExpected one of the following: \n\n'@', 'class', 'const', 'describe', 'mixin', 'object', 'only', 'package', 'program', 'test', 'var', '{', EOF, comment, not \"}\r\n\", whitespace\n","stack":"Error: Failed to parse administradorDeHechizos.wlk: \n-- PARSING FAILED --------------------------------------------------\n\n  65 |         nombreHechizo = 0\n  66 |         hechizos = []\n> 67 |     }\n     |     ^\n  68 | }\n  69 | \n\nExpected one of the following: \n\n'@', 'class', 'const', 'describe', 'mixin', 'object', 'only', 'package', 'program', 'test', 'var', '{', EOF, comment, not \"}\r\n\", whitespace\n\n    at c:\\Users\\LUZ RAMIREZ\\.vscode\\extensions\\uqbar.wollok-lsp-ide-0.5.2\\out\\server\\src\\server.js:2326:13026\n    at Array.map (<anonymous>)\n    at D1n (c:\\Users\\LUZ RAMIREZ\\.vscode\\extensions\\uqbar.wollok-lsp-ide-0.5.2\\out\\server\\src\\server.js:2326:12950)\n    at W2.buildEnvironmentFrom (c:\\Users\\LUZ RAMIREZ\\.vscode\\extensions\\uqbar.wollok-lsp-ide-0.5.2\\out\\server\\src\\server.js:2371:5254)\n    at W2.updateEnvironmentWith (c:\\Users\\LUZ RAMIREZ\\.vscode\\extensions\\uqbar.wollok-lsp-ide-0.5.2\\out\\server\\src\\server.js:2371:4989)\n    at GF (c:\\Users\\LUZ RAMIREZ\\.vscode\\extensions\\uqbar.wollok-lsp-ide-0.5.2\\out\\server\\src\\server.js:2371:7383)\n    at L3.invoke (c:\\Users\\LUZ RAMIREZ\\.vscode\\extensions\\uqbar.wollok-lsp-ide-0.5.2\\out\\server\\src\\server.js:3:157326)\n    at o.fire (c:\\Users\\LUZ RAMIREZ\\.vscode\\extensions\\uqbar.wollok-lsp-ide-0.5.2\\out\\server\\src\\server.js:3:158096)\n    at c:\\Users\\LUZ RAMIREZ\\.vscode\\extensions\\uqbar.wollok-lsp-ide-0.5.2\\out\\server\\src\\server.js:37:57871\n    at Kr (c:\\Users\\LUZ RAMIREZ\\.vscode\\extensions\\uqbar.wollok-lsp-ide-0.5.2\\out\\server\\src\\server.js:8:1561)","timestamp":"2025-07-04T12:40:02.629Z"}
{"level":"error","message":"✘ Failed to rebuild document Failed to parse administradorDeHechizos.wlk: \n-- PARSING FAILED --------------------------------------------------\n\n  65 |         nombreHechizo = 0\n  66 |         hechizos = []\n> 67 |     }\n     |     ^\n  68 | }\n  69 | \n\nExpected one of the following: \n\n'@', 'class', 'const', 'describe', 'mixin', 'object', 'only', 'package', 'program', 'test', 'var', '{', EOF, comment, not \"}\r\n\", whitespace\n","stack":"Error: Failed to parse administradorDeHechizos.wlk: \n-- PARSING FAILED --------------------------------------------------\n\n  65 |         nombreHechizo = 0\n  66 |         hechizos = []\n> 67 |     }\n     |     ^\n  68 | }\n  69 | \n\nExpected one of the following: \n\n'@', 'class', 'const', 'describe', 'mixin', 'object', 'only', 'package', 'program', 'test', 'var', '{', EOF, comment, not \"}\r\n\", whitespace\n\n    at c:\\Users\\LUZ RAMIREZ\\.vscode\\extensions\\uqbar.wollok-lsp-ide-0.5.2\\out\\server\\src\\server.js:2326:13026\n    at Array.map (<anonymous>)\n    at D1n (c:\\Users\\LUZ RAMIREZ\\.vscode\\extensions\\uqbar.wollok-lsp-ide-0.5.2\\out\\server\\src\\server.js:2326:12950)\n    at W2.buildEnvironmentFrom (c:\\Users\\LUZ RAMIREZ\\.vscode\\extensions\\uqbar.wollok-lsp-ide-0.5.2\\out\\server\\src\\server.js:2371:5254)\n    at W2.updateEnvironmentWith (c:\\Users\\LUZ RAMIREZ\\.vscode\\extensions\\uqbar.wollok-lsp-ide-0.5.2\\out\\server\\src\\server.js:2371:4989)\n    at GF (c:\\Users\\LUZ RAMIREZ\\.vscode\\extensions\\uqbar.wollok-lsp-ide-0.5.2\\out\\server\\src\\server.js:2371:7383)\n    at L3.invoke (c:\\Users\\LUZ RAMIREZ\\.vscode\\extensions\\uqbar.wollok-lsp-ide-0.5.2\\out\\server\\src\\server.js:3:157326)\n    at o.fire (c:\\Users\\LUZ RAMIREZ\\.vscode\\extensions\\uqbar.wollok-lsp-ide-0.5.2\\out\\server\\src\\server.js:3:158096)\n    at c:\\Users\\LUZ RAMIREZ\\.vscode\\extensions\\uqbar.wollok-lsp-ide-0.5.2\\out\\server\\src\\server.js:37:57871\n    at Kr (c:\\Users\\LUZ RAMIREZ\\.vscode\\extensions\\uqbar.wollok-lsp-ide-0.5.2\\out\\server\\src\\server.js:8:1561)","timestamp":"2025-07-04T12:40:02.718Z"}
{"level":"info","message":"⌛ Validating administradorDeHechizos.wlk","timeElapsed":348,"timestamp":"2025-07-04T12:40:03.071Z"}
{"level":"error","message":"✘ Failed to rebuild document Failed to parse administradorDeHechizos.wlk: \n-- PARSING FAILED --------------------------------------------------\n\n  65 |         nombreHechizo = 0\n  66 |         hechizos = []\n> 67 |     }\n     |     ^\n  68 | }\n  69 | \n\nExpected one of the following: \n\n'@', 'class', 'const', 'describe', 'mixin', 'object', 'only', 'package', 'program', 'test', 'var', '{', EOF, comment, not \"}\r\n\", whitespace\n","stack":"Error: Failed to parse administradorDeHechizos.wlk: \n-- PARSING FAILED --------------------------------------------------\n\n  65 |         nombreHechizo = 0\n  66 |         hechizos = []\n> 67 |     }\n     |     ^\n  68 | }\n  69 | \n\nExpected one of the following: \n\n'@', 'class', 'const', 'describe', 'mixin', 'object', 'only', 'package', 'program', 'test', 'var', '{', EOF, comment, not \"}\r\n\", whitespace\n\n    at c:\\Users\\LUZ RAMIREZ\\.vscode\\extensions\\uqbar.wollok-lsp-ide-0.5.2\\out\\server\\src\\server.js:2326:13026\n    at Array.map (<anonymous>)\n    at D1n (c:\\Users\\LUZ RAMIREZ\\.vscode\\extensions\\uqbar.wollok-lsp-ide-0.5.2\\out\\server\\src\\server.js:2326:12950)\n    at W2.buildEnvironmentFrom (c:\\Users\\LUZ RAMIREZ\\.vscode\\extensions\\uqbar.wollok-lsp-ide-0.5.2\\out\\server\\src\\server.js:2371:5254)\n    at W2.updateEnvironmentWith (c:\\Users\\LUZ RAMIREZ\\.vscode\\extensions\\uqbar.wollok-lsp-ide-0.5.2\\out\\server\\src\\server.js:2371:4989)\n    at GF (c:\\Users\\LUZ RAMIREZ\\.vscode\\extensions\\uqbar.wollok-lsp-ide-0.5.2\\out\\server\\src\\server.js:2371:7383)\n    at L3.invoke (c:\\Users\\LUZ RAMIREZ\\.vscode\\extensions\\uqbar.wollok-lsp-ide-0.5.2\\out\\server\\src\\server.js:3:157326)\n    at o.fire (c:\\Users\\LUZ RAMIREZ\\.vscode\\extensions\\uqbar.wollok-lsp-ide-0.5.2\\out\\server\\src\\server.js:3:158096)\n    at c:\\Users\\LUZ RAMIREZ\\.vscode\\extensions\\uqbar.wollok-lsp-ide-0.5.2\\out\\server\\src\\server.js:37:57871\n    at Kr (c:\\Users\\LUZ RAMIREZ\\.vscode\\extensions\\uqbar.wollok-lsp-ide-0.5.2\\out\\server\\src\\server.js:8:1561)","timestamp":"2025-07-04T12:40:03.139Z"}
{"level":"error","message":"✘ Failed to rebuild document Failed to parse administradorDeHechizos.wlk: \n-- PARSING FAILED --------------------------------------------------\n\n  65 |         nombreHechizo = 0\n  66 |         hechizos = []\n> 67 |     }\n     |     ^\n  68 | }\n  69 | \n\nExpected one of the following: \n\n'@', 'class', 'const', 'describe', 'mixin', 'object', 'only', 'package', 'program', 'test', 'var', '{', EOF, comment, not \"}\r\n\", whitespace\n","stack":"Error: Failed to parse administradorDeHechizos.wlk: \n-- PARSING FAILED --------------------------------------------------\n\n  65 |         nombreHechizo = 0\n  66 |         hechizos = []\n> 67 |     }\n     |     ^\n  68 | }\n  69 | \n\nExpected one of the following: \n\n'@', 'class', 'const', 'describe', 'mixin', 'object', 'only', 'package', 'program', 'test', 'var', '{', EOF, comment, not \"}\r\n\", whitespace\n\n    at c:\\Users\\LUZ RAMIREZ\\.vscode\\extensions\\uqbar.wollok-lsp-ide-0.5.2\\out\\server\\src\\server.js:2326:13026\n    at Array.map (<anonymous>)\n    at D1n (c:\\Users\\LUZ RAMIREZ\\.vscode\\extensions\\uqbar.wollok-lsp-ide-0.5.2\\out\\server\\src\\server.js:2326:12950)\n    at W2.buildEnvironmentFrom (c:\\Users\\LUZ RAMIREZ\\.vscode\\extensions\\uqbar.wollok-lsp-ide-0.5.2\\out\\server\\src\\server.js:2371:5254)\n    at W2.updateEnvironmentWith (c:\\Users\\LUZ RAMIREZ\\.vscode\\extensions\\uqbar.wollok-lsp-ide-0.5.2\\out\\server\\src\\server.js:2371:4989)\n    at GF (c:\\Users\\LUZ RAMIREZ\\.vscode\\extensions\\uqbar.wollok-lsp-ide-0.5.2\\out\\server\\src\\server.js:2371:7383)\n    at L3.invoke (c:\\Users\\LUZ RAMIREZ\\.vscode\\extensions\\uqbar.wollok-lsp-ide-0.5.2\\out\\server\\src\\server.js:3:157326)\n    at o.fire (c:\\Users\\LUZ RAMIREZ\\.vscode\\extensions\\uqbar.wollok-lsp-ide-0.5.2\\out\\server\\src\\server.js:3:158096)\n    at c:\\Users\\LUZ RAMIREZ\\.vscode\\extensions\\uqbar.wollok-lsp-ide-0.5.2\\out\\server\\src\\server.js:37:57871\n    at Kr (c:\\Users\\LUZ RAMIREZ\\.vscode\\extensions\\uqbar.wollok-lsp-ide-0.5.2\\out\\server\\src\\server.js:8:1561)","timestamp":"2025-07-04T12:40:03.241Z"}
{"level":"error","message":"✘ Failed to rebuild document Failed to parse administradorDeHechizos.wlk: \n-- PARSING FAILED --------------------------------------------------\n\n  65 |         nombreHechizo = 0\n  66 |         hechizos = []\n> 67 |     }\n     |     ^\n  68 | }\n  69 | \n\nExpected one of the following: \n\n'@', 'class', 'const', 'describe', 'mixin', 'object', 'only', 'package', 'program', 'test', 'var', '{', EOF, comment, not \"}\r\n\", whitespace\n","stack":"Error: Failed to parse administradorDeHechizos.wlk: \n-- PARSING FAILED --------------------------------------------------\n\n  65 |         nombreHechizo = 0\n  66 |         hechizos = []\n> 67 |     }\n     |     ^\n  68 | }\n  69 | \n\nExpected one of the following: \n\n'@', 'class', 'const', 'describe', 'mixin', 'object', 'only', 'package', 'program', 'test', 'var', '{', EOF, comment, not \"}\r\n\", whitespace\n\n    at c:\\Users\\LUZ RAMIREZ\\.vscode\\extensions\\uqbar.wollok-lsp-ide-0.5.2\\out\\server\\src\\server.js:2326:13026\n    at Array.map (<anonymous>)\n    at D1n (c:\\Users\\LUZ RAMIREZ\\.vscode\\extensions\\uqbar.wollok-lsp-ide-0.5.2\\out\\server\\src\\server.js:2326:12950)\n    at W2.buildEnvironmentFrom (c:\\Users\\LUZ RAMIREZ\\.vscode\\extensions\\uqbar.wollok-lsp-ide-0.5.2\\out\\server\\src\\server.js:2371:5254)\n    at W2.updateEnvironmentWith (c:\\Users\\LUZ RAMIREZ\\.vscode\\extensions\\uqbar.wollok-lsp-ide-0.5.2\\out\\server\\src\\server.js:2371:4989)\n    at GF (c:\\Users\\LUZ RAMIREZ\\.vscode\\extensions\\uqbar.wollok-lsp-ide-0.5.2\\out\\server\\src\\server.js:2371:7383)\n    at L3.invoke (c:\\Users\\LUZ RAMIREZ\\.vscode\\extensions\\uqbar.wollok-lsp-ide-0.5.2\\out\\server\\src\\server.js:3:157326)\n    at o.fire (c:\\Users\\LUZ RAMIREZ\\.vscode\\extensions\\uqbar.wollok-lsp-ide-0.5.2\\out\\server\\src\\server.js:3:158096)\n    at c:\\Users\\LUZ RAMIREZ\\.vscode\\extensions\\uqbar.wollok-lsp-ide-0.5.2\\out\\server\\src\\server.js:37:57871\n    at Kr (c:\\Users\\LUZ RAMIREZ\\.vscode\\extensions\\uqbar.wollok-lsp-ide-0.5.2\\out\\server\\src\\server.js:8:1561)","timestamp":"2025-07-04T12:40:03.304Z"}
{"level":"error","message":"✘ Failed to rebuild document Failed to parse administradorDeHechizos.wlk: \n-- PARSING FAILED --------------------------------------------------\n\n  65 |         nombreHechizo = 0\n  66 |         hechizos = []\n> 67 |     }\n     |     ^\n  68 | }\n  69 | \n\nExpected one of the following: \n\n'@', 'class', 'const', 'describe', 'mixin', 'object', 'only', 'package', 'program', 'test', 'var', '{', EOF, comment, not \"}\r\n\", whitespace\n","stack":"Error: Failed to parse administradorDeHechizos.wlk: \n-- PARSING FAILED --------------------------------------------------\n\n  65 |         nombreHechizo = 0\n  66 |         hechizos = []\n> 67 |     }\n     |     ^\n  68 | }\n  69 | \n\nExpected one of the following: \n\n'@', 'class', 'const', 'describe', 'mixin', 'object', 'only', 'package', 'program', 'test', 'var', '{', EOF, comment, not \"}\r\n\", whitespace\n\n    at c:\\Users\\LUZ RAMIREZ\\.vscode\\extensions\\uqbar.wollok-lsp-ide-0.5.2\\out\\server\\src\\server.js:2326:13026\n    at Array.map (<anonymous>)\n    at D1n (c:\\Users\\LUZ RAMIREZ\\.vscode\\extensions\\uqbar.wollok-lsp-ide-0.5.2\\out\\server\\src\\server.js:2326:12950)\n    at W2.buildEnvironmentFrom (c:\\Users\\LUZ RAMIREZ\\.vscode\\extensions\\uqbar.wollok-lsp-ide-0.5.2\\out\\server\\src\\server.js:2371:5254)\n    at W2.updateEnvironmentWith (c:\\Users\\LUZ RAMIREZ\\.vscode\\extensions\\uqbar.wollok-lsp-ide-0.5.2\\out\\server\\src\\server.js:2371:4989)\n    at GF (c:\\Users\\LUZ RAMIREZ\\.vscode\\extensions\\uqbar.wollok-lsp-ide-0.5.2\\out\\server\\src\\server.js:2371:7383)\n    at L3.invoke (c:\\Users\\LUZ RAMIREZ\\.vscode\\extensions\\uqbar.wollok-lsp-ide-0.5.2\\out\\server\\src\\server.js:3:157326)\n    at o.fire (c:\\Users\\LUZ RAMIREZ\\.vscode\\extensions\\uqbar.wollok-lsp-ide-0.5.2\\out\\server\\src\\server.js:3:158096)\n    at c:\\Users\\LUZ RAMIREZ\\.vscode\\extensions\\uqbar.wollok-lsp-ide-0.5.2\\out\\server\\src\\server.js:37:57871\n    at Kr (c:\\Users\\LUZ RAMIREZ\\.vscode\\extensions\\uqbar.wollok-lsp-ide-0.5.2\\out\\server\\src\\server.js:8:1561)","timestamp":"2025-07-04T12:40:03.354Z"}
{"level":"info","message":"⌛ Validating administradorDeHechizos.wlk","timeElapsed":343,"timestamp":"2025-07-04T12:40:03.704Z"}
{"level":"info","message":"⌛ Building environment","timeElapsed":284,"timestamp":"2025-07-04T12:40:04.006Z"}
{"level":"info","message":"⌛ Validating administradorDeHechizos.wlk","timeElapsed":373,"timestamp":"2025-07-04T12:40:04.382Z"}
{"level":"info","message":"⌛ Validating administradorDeHechizos.wlk","timeElapsed":346,"timestamp":"2025-07-04T12:40:04.770Z"}
{"level":"info","message":"⌛ Validating administradorDeHechizos.wlk","timeElapsed":369,"timestamp":"2025-07-04T12:40:05.187Z"}
{"level":"info","message":"⌛ Validating administradorDeHechizos.wlk","timeElapsed":365,"timestamp":"2025-07-04T12:40:05.565Z"}
{"level":"info","message":"⌛ Validating administradorDeHechizos.wlk","timeElapsed":381,"timestamp":"2025-07-04T12:40:05.947Z"}
{"level":"info","message":"⌛ Validating administradorDeHechizos.wlk","timeElapsed":1029,"timestamp":"2025-07-04T12:40:06.989Z"}
{"level":"info","message":"⌛ Validating administradorDeHechizos.wlk","timeElapsed":364,"timestamp":"2025-07-04T12:40:07.377Z"}
{"level":"info","message":"⌛ Validating administradorDeHechizos.wlk","timeElapsed":347,"timestamp":"2025-07-04T12:40:07.726Z"}
{"level":"info","message":"⌛ Validating administradorDeHechizos.wlk","timeElapsed":362,"timestamp":"2025-07-04T12:40:08.089Z"}
{"level":"info","message":"⌛ Validating administradorDeHechizos.wlk","timeElapsed":356,"timestamp":"2025-07-04T12:40:08.453Z"}
{"level":"info","message":"⌛ Validating administradorDeHechizos.wlk","timeElapsed":358,"timestamp":"2025-07-04T12:40:08.815Z"}
{"level":"info","message":"⌛ Validating administradorDeHechizos.wlk","timeElapsed":338,"timestamp":"2025-07-04T12:40:09.168Z"}
{"level":"info","message":"⌛ Validating administradorDeHechizos.wlk","timeElapsed":360,"timestamp":"2025-07-04T12:40:09.530Z"}
{"level":"info","message":"⌛ Validating administradorDeHechizos.wlk","timeElapsed":355,"timestamp":"2025-07-04T12:40:09.895Z"}
{"level":"info","message":"⌛ Validating administradorDeHechizos.wlk","timeElapsed":331,"timestamp":"2025-07-04T12:40:10.230Z"}
{"level":"info","message":"⌛ Validating administradorDeHechizos.wlk","timeElapsed":334,"timestamp":"2025-07-04T12:40:10.573Z"}
{"level":"info","message":"⌛ Validating administradorDeHechizos.wlk","timeElapsed":352,"timestamp":"2025-07-04T12:40:11.038Z"}
{"level":"info","message":"⌛ Building environment","timeElapsed":1428,"timestamp":"2025-07-04T12:40:19.697Z"}
{"level":"info","message":"⌛ Validating main.wpgm","timeElapsed":842,"timestamp":"2025-07-04T12:40:20.714Z"}
{"level":"info","message":"⌛ Building environment","timeElapsed":507,"timestamp":"2025-07-04T12:40:41.556Z"}
{"level":"info","message":"⌛ Building environment","timeElapsed":373,"timestamp":"2025-07-04T12:40:41.946Z"}
{"level":"info","message":"⌛ Validating mago.wlk","timeElapsed":341,"timestamp":"2025-07-04T12:40:42.307Z"}
{"level":"info","message":"⌛ Validating mago.wlk","timeElapsed":408,"timestamp":"2025-07-04T12:40:42.758Z"}
{"level":"info","message":"⌛ Building environment","timeElapsed":402,"timestamp":"2025-07-04T12:40:59.149Z"}
{"level":"info","message":"⌛ Validating mago.wlk","timeElapsed":456,"timestamp":"2025-07-04T12:40:59.631Z"}
{"level":"info","message":"⌛ Building environment","timeElapsed":377,"timestamp":"2025-07-04T12:41:00.036Z"}
{"level":"info","message":"⌛ Validating mago.wlk","timeElapsed":346,"timestamp":"2025-07-04T12:41:00.425Z"}
{"errors":{"errors":[null,["/*\r","Hace que colisionen con el pixel actual o el siguiente.\r","ya que parece que como el dragon va restando y el hechizo sumando en el eje x\r","estos se omiten\r"]]},"level":"error","message":"✘ Failed to get type description: Error: {\n  \"errors\": [\n    null,\n    [\n      \"/*\\r\",\n      \"Hace que colisionen con el pixel actual o el siguiente.\\r\",\n      \"ya que parece que como el dragon va restando y el hechizo sumando en el eje x\\r\",\n      \"estos se omiten\\r\"\n    ]\n  ]\n} {\n  \"errors\": [\n    null,\n    [\n      \"/*\\r\",\n      \"Hace que colisionen con el pixel actual o el siguiente.\\r\",\n      \"ya que parece que como el dragon va restando y el hechizo sumando en el eje x\\r\",\n      \"estos se omiten\\r\"\n    ]\n  ]\n}","stack":"Error: {\n  \"errors\": [\n    null,\n    [\n      \"/*\\r\",\n      \"Hace que colisionen con el pixel actual o el siguiente.\\r\",\n      \"ya que parece que como el dragon va restando y el hechizo sumando en el eje x\\r\",\n      \"estos se omiten\\r\"\n    ]\n  ]\n}\n    at pS (c:\\Users\\LUZ RAMIREZ\\.vscode\\extensions\\uqbar.wollok-lsp-ide-0.5.2\\out\\server\\src\\server.js:64:34609)\n    at G1 (c:\\Users\\LUZ RAMIREZ\\.vscode\\extensions\\uqbar.wollok-lsp-ide-0.5.2\\out\\server\\src\\server.js:64:34682)\n    at c:\\Users\\LUZ RAMIREZ\\.vscode\\extensions\\uqbar.wollok-lsp-ide-0.5.2\\out\\server\\src\\server.js:64:37949\n    at o.v1 (c:\\Users\\LUZ RAMIREZ\\.vscode\\extensions\\uqbar.wollok-lsp-ide-0.5.2\\out\\server\\src\\server.js:57:57694)\n    at c:\\Users\\LUZ RAMIREZ\\.vscode\\extensions\\uqbar.wollok-lsp-ide-0.5.2\\out\\server\\src\\server.js:64:37918\n    at c:\\Users\\LUZ RAMIREZ\\.vscode\\extensions\\uqbar.wollok-lsp-ide-0.5.2\\out\\server\\src\\server.js:57:55734\n    at Ofn (c:\\Users\\LUZ RAMIREZ\\.vscode\\extensions\\uqbar.wollok-lsp-ide-0.5.2\\out\\server\\src\\server.js:68:11324)\n    at c:\\Users\\LUZ RAMIREZ\\.vscode\\extensions\\uqbar.wollok-lsp-ide-0.5.2\\out\\server\\src\\server.js:68:3629\n    at Array.map (<anonymous>)\n    at c:\\Users\\LUZ RAMIREZ\\.vscode\\extensions\\uqbar.wollok-lsp-ide-0.5.2\\out\\server\\src\\server.js:68:4693","timestamp":"2025-07-04T12:42:51.686Z"}
{"level":"info","message":"⌛ Building environment","timeElapsed":482,"timestamp":"2025-07-04T12:44:29.298Z"}
{"level":"info","message":"⌛ Validating mago.wlk","timeElapsed":474,"timestamp":"2025-07-04T12:44:29.910Z"}
{"level":"info","message":"⌛ Building environment","timeElapsed":464,"timestamp":"2025-07-04T12:44:32.718Z"}
{"level":"error","message":"✘ Completions for node If ([52:7, 58:8] - mago.wlk) failed: Error: [If]{1f02ff} at mago.wlk:52 exhausted all cases without a match [If]{1f02ff} at mago.wlk:52 exhausted all cases without a match","stack":"Error: [If]{1f02ff} at mago.wlk:52 exhausted all cases without a match\n    at c:\\Users\\LUZ RAMIREZ\\.vscode\\extensions\\uqbar.wollok-lsp-ide-0.5.2\\out\\server\\src\\server.js:38:6142\n    at C2 (c:\\Users\\LUZ RAMIREZ\\.vscode\\extensions\\uqbar.wollok-lsp-ide-0.5.2\\out\\server\\src\\server.js:2362:42)\n    at Gh (c:\\Users\\LUZ RAMIREZ\\.vscode\\extensions\\uqbar.wollok-lsp-ide-0.5.2\\out\\server\\src\\server.js:2362:1092)\n    at p8n (c:\\Users\\LUZ RAMIREZ\\.vscode\\extensions\\uqbar.wollok-lsp-ide-0.5.2\\out\\server\\src\\server.js:2362:818)\n    at c:\\Users\\LUZ RAMIREZ\\.vscode\\extensions\\uqbar.wollok-lsp-ide-0.5.2\\out\\server\\src\\server.js:38:6131\n    at C2 (c:\\Users\\LUZ RAMIREZ\\.vscode\\extensions\\uqbar.wollok-lsp-ide-0.5.2\\out\\server\\src\\server.js:2362:42)\n    at Gh (c:\\Users\\LUZ RAMIREZ\\.vscode\\extensions\\uqbar.wollok-lsp-ide-0.5.2\\out\\server\\src\\server.js:2362:1092)\n    at l8n (c:\\Users\\LUZ RAMIREZ\\.vscode\\extensions\\uqbar.wollok-lsp-ide-0.5.2\\out\\server\\src\\server.js:2362:1248)\n    at c:\\Users\\LUZ RAMIREZ\\.vscode\\extensions\\uqbar.wollok-lsp-ide-0.5.2\\out\\server\\src\\server.js:38:6131\n    at C2 (c:\\Users\\LUZ RAMIREZ\\.vscode\\extensions\\uqbar.wollok-lsp-ide-0.5.2\\out\\server\\src\\server.js:2362:42)","timestamp":"2025-07-04T12:44:32.962Z"}
{"level":"info","message":"⌛ Building environment","timeElapsed":524,"timestamp":"2025-07-04T12:44:33.498Z"}
{"level":"info","message":"⌛ Validating mago.wlk","timeElapsed":423,"timestamp":"2025-07-04T12:44:34.032Z"}
{"level":"info","message":"⌛ Building environment","timeElapsed":506,"timestamp":"2025-07-04T12:44:34.629Z"}
{"level":"info","message":"⌛ Building environment","timeElapsed":339,"timestamp":"2025-07-04T12:44:34.971Z"}
{"level":"info","message":"⌛ Building environment","timeElapsed":380,"timestamp":"2025-07-04T12:44:35.361Z"}
{"level":"info","message":"⌛ Validating mago.wlk","timeElapsed":623,"timestamp":"2025-07-04T12:44:36.283Z"}
{"level":"info","message":"⌛ Validating mago.wlk","timeElapsed":900,"timestamp":"2025-07-04T12:44:37.245Z"}
{"level":"info","message":"⌛ Validating mago.wlk","timeElapsed":561,"timestamp":"2025-07-04T12:44:37.806Z"}
{"level":"info","message":"⌛ Validating mago.wlk","timeElapsed":503,"timestamp":"2025-07-04T12:44:38.314Z"}
{"level":"info","message":"⌛ Building environment","timeElapsed":982,"timestamp":"2025-07-04T12:45:13.675Z"}
{"level":"info","message":"⌛ Building environment","timeElapsed":435,"timestamp":"2025-07-04T12:45:14.130Z"}
{"level":"info","message":"⌛ Building environment","timeElapsed":375,"timestamp":"2025-07-04T12:45:14.506Z"}
{"level":"info","message":"⌛ Building environment","timeElapsed":405,"timestamp":"2025-07-04T12:45:15.000Z"}
{"level":"info","message":"⌛ Autocomplete - Reference","timeElapsed":322,"timestamp":"2025-07-04T12:45:15.445Z"}
{"level":"info","message":"⌛ Validating mago.wlk","timeElapsed":642,"timestamp":"2025-07-04T12:45:16.085Z"}
{"level":"info","message":"⌛ Building environment","timeElapsed":395,"timestamp":"2025-07-04T12:45:16.488Z"}
{"level":"info","message":"⌛ Building environment","timeElapsed":362,"timestamp":"2025-07-04T12:45:16.852Z"}
{"level":"info","message":"⌛ Validating mago.wlk","timeElapsed":465,"timestamp":"2025-07-04T12:45:17.354Z"}
{"level":"info","message":"⌛ Building environment","timeElapsed":364,"timestamp":"2025-07-04T12:45:17.722Z"}
{"level":"info","message":"⌛ Validating mago.wlk","timeElapsed":475,"timestamp":"2025-07-04T12:45:18.201Z"}
{"level":"info","message":"⌛ Building environment","timeElapsed":1341,"timestamp":"2025-07-04T12:45:19.611Z"}
{"level":"info","message":"⌛ Building environment","timeElapsed":462,"timestamp":"2025-07-04T12:45:20.159Z"}
{"level":"info","message":"⌛ Building environment","timeElapsed":352,"timestamp":"2025-07-04T12:45:20.519Z"}
{"level":"info","message":"⌛ Building environment","timeElapsed":355,"timestamp":"2025-07-04T12:45:20.878Z"}
{"level":"info","message":"⌛ Validating mago.wlk","timeElapsed":436,"timestamp":"2025-07-04T12:45:21.365Z"}
{"level":"info","message":"⌛ Building environment","timeElapsed":493,"timestamp":"2025-07-04T12:45:21.859Z"}
{"level":"info","message":"⌛ Building environment","timeElapsed":372,"timestamp":"2025-07-04T12:45:22.240Z"}
{"level":"info","message":"⌛ Autocomplete - Class","timeElapsed":119,"timestamp":"2025-07-04T12:45:22.364Z"}
{"level":"info","message":"⌛ Building environment","timeElapsed":358,"timestamp":"2025-07-04T12:45:22.756Z"}
{"level":"info","message":"⌛ Validating mago.wlk","timeElapsed":409,"timestamp":"2025-07-04T12:45:23.249Z"}
{"level":"info","message":"⌛ Validating mago.wlk","timeElapsed":459,"timestamp":"2025-07-04T12:45:23.719Z"}
{"level":"info","message":"⌛ Validating mago.wlk","timeElapsed":846,"timestamp":"2025-07-04T12:45:24.603Z"}
{"level":"info","message":"⌛ Validating mago.wlk","timeElapsed":744,"timestamp":"2025-07-04T12:45:25.420Z"}
{"level":"info","message":"⌛ Validating mago.wlk","timeElapsed":435,"timestamp":"2025-07-04T12:45:25.859Z"}
{"level":"info","message":"⌛ Validating mago.wlk","timeElapsed":379,"timestamp":"2025-07-04T12:45:26.253Z"}
{"level":"info","message":"⌛ Validating mago.wlk","timeElapsed":446,"timestamp":"2025-07-04T12:45:26.717Z"}
{"level":"info","message":"⌛ Validating mago.wlk","timeElapsed":419,"timestamp":"2025-07-04T12:45:27.152Z"}
{"level":"info","message":"⌛ Validating mago.wlk","timeElapsed":515,"timestamp":"2025-07-04T12:45:27.686Z"}
{"level":"info","message":"⌛ Validating mago.wlk","timeElapsed":456,"timestamp":"2025-07-04T12:45:28.172Z"}
{"level":"info","message":"⌛ Building environment","timeElapsed":523,"timestamp":"2025-07-04T12:45:28.715Z"}
{"level":"info","message":"⌛ Autocomplete - Class","timeElapsed":121,"timestamp":"2025-07-04T12:45:28.838Z"}
{"level":"info","message":"⌛ Building environment","timeElapsed":445,"timestamp":"2025-07-04T12:45:29.288Z"}
{"level":"info","message":"⌛ Building environment","timeElapsed":378,"timestamp":"2025-07-04T12:45:29.741Z"}
{"level":"info","message":"⌛ Building environment","timeElapsed":323,"timestamp":"2025-07-04T12:45:30.085Z"}
{"level":"info","message":"⌛ Building environment","timeElapsed":321,"timestamp":"2025-07-04T12:45:30.409Z"}
{"level":"info","message":"⌛ Building environment","timeElapsed":491,"timestamp":"2025-07-04T12:45:31.100Z"}
{"level":"info","message":"⌛ Building environment","timeElapsed":347,"timestamp":"2025-07-04T12:45:31.449Z"}
{"level":"info","message":"⌛ Building environment","timeElapsed":693,"timestamp":"2025-07-04T12:45:32.152Z"}
{"level":"info","message":"⌛ Building environment","timeElapsed":440,"timestamp":"2025-07-04T12:45:32.593Z"}
{"level":"info","message":"⌛ Building environment","timeElapsed":884,"timestamp":"2025-07-04T12:45:33.875Z"}
{"level":"info","message":"⌛ Building environment","timeElapsed":514,"timestamp":"2025-07-04T12:45:34.449Z"}
{"level":"info","message":"⌛ Building environment","timeElapsed":388,"timestamp":"2025-07-04T12:45:34.875Z"}
{"level":"info","message":"⌛ Building environment","timeElapsed":359,"timestamp":"2025-07-04T12:45:35.284Z"}
{"level":"info","message":"⌛ Building environment","timeElapsed":374,"timestamp":"2025-07-04T12:45:35.693Z"}
{"level":"info","message":"⌛ Building environment","timeElapsed":351,"timestamp":"2025-07-04T12:45:36.052Z"}
{"level":"info","message":"⌛ Building environment","timeElapsed":302,"timestamp":"2025-07-04T12:45:36.404Z"}
{"level":"info","message":"⌛ Building environment","timeElapsed":341,"timestamp":"2025-07-04T12:45:36.752Z"}
{"level":"info","message":"⌛ Building environment","timeElapsed":417,"timestamp":"2025-07-04T12:45:37.172Z"}
{"level":"info","message":"⌛ Building environment","timeElapsed":1517,"timestamp":"2025-07-04T12:45:38.757Z"}
{"level":"info","message":"⌛ Building environment","timeElapsed":451,"timestamp":"2025-07-04T12:45:39.226Z"}
{"level":"info","message":"⌛ Building environment","timeElapsed":407,"timestamp":"2025-07-04T12:45:39.666Z"}
{"level":"info","message":"⌛ Validating mago.wlk","timeElapsed":967,"timestamp":"2025-07-04T12:45:40.721Z"}
{"level":"info","message":"⌛ Building environment","timeElapsed":371,"timestamp":"2025-07-04T12:45:41.097Z"}
{"level":"info","message":"⌛ Building environment","timeElapsed":334,"timestamp":"2025-07-04T12:45:41.434Z"}
{"level":"info","message":"⌛ Building environment","timeElapsed":399,"timestamp":"2025-07-04T12:45:41.842Z"}
{"level":"info","message":"⌛ Building environment","timeElapsed":1165,"timestamp":"2025-07-04T12:45:43.017Z"}
{"level":"info","message":"⌛ Validating mago.wlk","timeElapsed":409,"timestamp":"2025-07-04T12:45:43.458Z"}
{"level":"info","message":"⌛ Building environment","timeElapsed":351,"timestamp":"2025-07-04T12:45:43.818Z"}
{"level":"info","message":"⌛ Validating mago.wlk","timeElapsed":383,"timestamp":"2025-07-04T12:45:44.286Z"}
{"level":"info","message":"⌛ Validating mago.wlk","timeElapsed":367,"timestamp":"2025-07-04T12:45:44.658Z"}
{"level":"info","message":"⌛ Validating mago.wlk","timeElapsed":356,"timestamp":"2025-07-04T12:45:45.040Z"}
{"level":"info","message":"⌛ Validating mago.wlk","timeElapsed":425,"timestamp":"2025-07-04T12:45:45.475Z"}
{"level":"info","message":"⌛ Validating mago.wlk","timeElapsed":429,"timestamp":"2025-07-04T12:45:45.915Z"}
{"level":"info","message":"⌛ Validating mago.wlk","timeElapsed":353,"timestamp":"2025-07-04T12:45:46.272Z"}
{"level":"info","message":"⌛ Validating mago.wlk","timeElapsed":361,"timestamp":"2025-07-04T12:45:46.637Z"}
{"level":"info","message":"⌛ Building environment","timeElapsed":504,"timestamp":"2025-07-04T12:45:47.149Z"}
{"level":"info","message":"⌛ Building environment","timeElapsed":348,"timestamp":"2025-07-04T12:45:47.500Z"}
{"level":"info","message":"⌛ Building environment","timeElapsed":336,"timestamp":"2025-07-04T12:45:47.838Z"}
{"level":"info","message":"⌛ Building environment","timeElapsed":464,"timestamp":"2025-07-04T12:45:48.356Z"}
{"level":"info","message":"⌛ Validating mago.wlk","timeElapsed":354,"timestamp":"2025-07-04T12:45:48.800Z"}
{"level":"info","message":"⌛ Building environment","timeElapsed":640,"timestamp":"2025-07-04T12:45:49.442Z"}
{"level":"info","message":"⌛ Building environment","timeElapsed":436,"timestamp":"2025-07-04T12:45:49.968Z"}
{"level":"info","message":"⌛ Validating mago.wlk","timeElapsed":396,"timestamp":"2025-07-04T12:45:50.368Z"}
{"level":"info","message":"⌛ Building environment","timeElapsed":418,"timestamp":"2025-07-04T12:45:50.788Z"}
{"level":"info","message":"⌛ Validating mago.wlk","timeElapsed":451,"timestamp":"2025-07-04T12:45:51.287Z"}
{"level":"info","message":"⌛ Validating mago.wlk","timeElapsed":398,"timestamp":"2025-07-04T12:45:51.702Z"}
{"level":"info","message":"⌛ Building environment","timeElapsed":846,"timestamp":"2025-07-04T12:45:52.552Z"}
{"level":"info","message":"⌛ Validating mago.wlk","timeElapsed":512,"timestamp":"2025-07-04T12:45:53.067Z"}
{"level":"info","message":"⌛ Validating mago.wlk","timeElapsed":457,"timestamp":"2025-07-04T12:45:53.577Z"}
{"level":"info","message":"⌛ Validating mago.wlk","timeElapsed":404,"timestamp":"2025-07-04T12:45:53.982Z"}
{"level":"info","message":"⌛ Validating mago.wlk","timeElapsed":393,"timestamp":"2025-07-04T12:45:54.378Z"}
{"level":"info","message":"⌛ Validating mago.wlk","timeElapsed":650,"timestamp":"2025-07-04T12:45:55.036Z"}
{"level":"info","message":"⌛ Validating mago.wlk","timeElapsed":409,"timestamp":"2025-07-04T12:45:55.494Z"}
{"level":"info","message":"⌛ Validating mago.wlk","timeElapsed":414,"timestamp":"2025-07-04T12:45:55.951Z"}
{"level":"info","message":"⌛ Validating mago.wlk","timeElapsed":447,"timestamp":"2025-07-04T12:45:56.401Z"}
{"level":"info","message":"⌛ Validating mago.wlk","timeElapsed":401,"timestamp":"2025-07-04T12:45:57.107Z"}
{"level":"info","message":"⌛ Validating mago.wlk","timeElapsed":459,"timestamp":"2025-07-04T12:45:57.606Z"}
{"level":"info","message":"⌛ Validating mago.wlk","timeElapsed":445,"timestamp":"2025-07-04T12:45:58.134Z"}
{"level":"info","message":"⌛ Validating mago.wlk","timeElapsed":394,"timestamp":"2025-07-04T12:45:58.533Z"}
{"level":"info","message":"⌛ Validating mago.wlk","timeElapsed":362,"timestamp":"2025-07-04T12:45:58.979Z"}
{"level":"info","message":"⌛ Validating mago.wlk","timeElapsed":380,"timestamp":"2025-07-04T12:45:59.930Z"}
{"level":"info","message":"⌛ Validating mago.wlk","timeElapsed":352,"timestamp":"2025-07-04T12:46:00.316Z"}
{"level":"info","message":"⌛ Validating mago.wlk","timeElapsed":567,"timestamp":"2025-07-04T12:46:00.885Z"}
{"level":"info","message":"⌛ Validating mago.wlk","timeElapsed":441,"timestamp":"2025-07-04T12:46:01.696Z"}
{"level":"info","message":"⌛ Building environment","timeElapsed":763,"timestamp":"2025-07-04T12:46:02.486Z"}
{"level":"info","message":"⌛ Building environment","timeElapsed":335,"timestamp":"2025-07-04T12:46:02.852Z"}
{"level":"info","message":"⌛ Validating mago.wlk","timeElapsed":487,"timestamp":"2025-07-04T12:46:03.342Z"}
{"level":"info","message":"⌛ Validating mago.wlk","timeElapsed":413,"timestamp":"2025-07-04T12:46:03.825Z"}
{"level":"info","message":"⌛ Validating mago.wlk","timeElapsed":397,"timestamp":"2025-07-04T12:46:04.257Z"}
{"level":"info","message":"⌛ Validating mago.wlk","timeElapsed":639,"timestamp":"2025-07-04T12:46:04.941Z"}
{"level":"info","message":"⌛ Building environment","timeElapsed":482,"timestamp":"2025-07-04T12:46:05.578Z"}
{"level":"error","message":"✘ Completions for node If ([44:7, 50:8] - mago.wlk) failed: Error: [If]{a146cc} at mago.wlk:44 exhausted all cases without a match [If]{a146cc} at mago.wlk:44 exhausted all cases without a match","stack":"Error: [If]{a146cc} at mago.wlk:44 exhausted all cases without a match\n    at c:\\Users\\LUZ RAMIREZ\\.vscode\\extensions\\uqbar.wollok-lsp-ide-0.5.2\\out\\server\\src\\server.js:38:6142\n    at C2 (c:\\Users\\LUZ RAMIREZ\\.vscode\\extensions\\uqbar.wollok-lsp-ide-0.5.2\\out\\server\\src\\server.js:2362:42)\n    at Gh (c:\\Users\\LUZ RAMIREZ\\.vscode\\extensions\\uqbar.wollok-lsp-ide-0.5.2\\out\\server\\src\\server.js:2362:1092)\n    at p8n (c:\\Users\\LUZ RAMIREZ\\.vscode\\extensions\\uqbar.wollok-lsp-ide-0.5.2\\out\\server\\src\\server.js:2362:818)\n    at c:\\Users\\LUZ RAMIREZ\\.vscode\\extensions\\uqbar.wollok-lsp-ide-0.5.2\\out\\server\\src\\server.js:38:6131\n    at C2 (c:\\Users\\LUZ RAMIREZ\\.vscode\\extensions\\uqbar.wollok-lsp-ide-0.5.2\\out\\server\\src\\server.js:2362:42)\n    at c:\\Users\\LUZ RAMIREZ\\.vscode\\extensions\\uqbar.wollok-lsp-ide-0.5.2\\out\\server\\src\\server.js:2362:2988\n    at c:\\Users\\LUZ RAMIREZ\\.vscode\\extensions\\uqbar.wollok-lsp-ide-0.5.2\\out\\server\\src\\server.js:2371:8440\n    at c:\\Users\\LUZ RAMIREZ\\.vscode\\extensions\\uqbar.wollok-lsp-ide-0.5.2\\out\\server\\src\\server.js:37:74872\n    at Ye (c:\\Users\\LUZ RAMIREZ\\.vscode\\extensions\\uqbar.wollok-lsp-ide-0.5.2\\out\\server\\src\\server.js:7:8527)","timestamp":"2025-07-04T12:46:05.710Z"}
{"level":"info","message":"⌛ Autocomplete - Body","timeElapsed":127,"timestamp":"2025-07-04T12:46:05.724Z"}
{"level":"info","message":"⌛ Building environment","timeElapsed":411,"timestamp":"2025-07-04T12:46:06.139Z"}
{"level":"info","message":"⌛ Building environment","timeElapsed":496,"timestamp":"2025-07-04T12:46:06.645Z"}
{"level":"info","message":"⌛ Building environment","timeElapsed":335,"timestamp":"2025-07-04T12:46:07.051Z"}
{"level":"info","message":"⌛ Building environment","timeElapsed":427,"timestamp":"2025-07-04T12:46:07.500Z"}
{"level":"info","message":"⌛ Building environment","timeElapsed":399,"timestamp":"2025-07-04T12:46:07.922Z"}
{"level":"info","message":"⌛ Building environment","timeElapsed":1376,"timestamp":"2025-07-04T12:46:09.306Z"}
{"level":"info","message":"⌛ Building environment","timeElapsed":383,"timestamp":"2025-07-04T12:46:09.752Z"}
{"level":"info","message":"⌛ Building environment","timeElapsed":1023,"timestamp":"2025-07-04T12:46:10.821Z"}
{"level":"info","message":"⌛ Building environment","timeElapsed":436,"timestamp":"2025-07-04T12:46:11.296Z"}
{"level":"info","message":"⌛ Building environment","timeElapsed":396,"timestamp":"2025-07-04T12:46:11.695Z"}
{"level":"info","message":"⌛ Building environment","timeElapsed":416,"timestamp":"2025-07-04T12:46:12.150Z"}
{"level":"info","message":"⌛ Building environment","timeElapsed":343,"timestamp":"2025-07-04T12:46:12.539Z"}
{"level":"info","message":"⌛ Building environment","timeElapsed":374,"timestamp":"2025-07-04T12:46:12.915Z"}
{"level":"info","message":"⌛ Building environment","timeElapsed":382,"timestamp":"2025-07-04T12:46:13.300Z"}
{"level":"info","message":"⌛ Building environment","timeElapsed":316,"timestamp":"2025-07-04T12:46:13.757Z"}
{"level":"info","message":"⌛ Building environment","timeElapsed":509,"timestamp":"2025-07-04T12:46:14.382Z"}
{"level":"info","message":"⌛ Building environment","timeElapsed":677,"timestamp":"2025-07-04T12:46:15.061Z"}
{"level":"info","message":"⌛ Building environment","timeElapsed":1919,"timestamp":"2025-07-04T12:46:16.986Z"}
{"level":"info","message":"⌛ Autocomplete - Body","timeElapsed":101,"timestamp":"2025-07-04T12:46:17.129Z"}
{"level":"info","message":"⌛ Validating mago.wlk","timeElapsed":475,"timestamp":"2025-07-04T12:46:17.657Z"}
{"level":"info","message":"⌛ Validating mago.wlk","timeElapsed":461,"timestamp":"2025-07-04T12:46:18.157Z"}
{"level":"info","message":"⌛ Building environment","timeElapsed":427,"timestamp":"2025-07-04T12:46:18.620Z"}
{"level":"info","message":"⌛ Building environment","timeElapsed":418,"timestamp":"2025-07-04T12:46:19.040Z"}
{"level":"info","message":"⌛ Building environment","timeElapsed":417,"timestamp":"2025-07-04T12:46:19.457Z"}
{"level":"info","message":"⌛ Building environment","timeElapsed":324,"timestamp":"2025-07-04T12:46:19.783Z"}
{"level":"info","message":"⌛ Building environment","timeElapsed":1096,"timestamp":"2025-07-04T12:46:20.887Z"}
{"level":"info","message":"⌛ Building environment","timeElapsed":368,"timestamp":"2025-07-04T12:46:21.318Z"}
{"level":"info","message":"⌛ Building environment","timeElapsed":400,"timestamp":"2025-07-04T12:46:21.720Z"}
{"level":"info","message":"⌛ Building environment","timeElapsed":476,"timestamp":"2025-07-04T12:46:22.205Z"}
{"level":"info","message":"⌛ Validating mago.wlk","timeElapsed":746,"timestamp":"2025-07-04T12:46:23.066Z"}
{"level":"info","message":"⌛ Building environment","timeElapsed":550,"timestamp":"2025-07-04T12:46:23.618Z"}
{"level":"info","message":"⌛ Building environment","timeElapsed":871,"timestamp":"2025-07-04T12:46:24.498Z"}
{"level":"info","message":"⌛ Building environment","timeElapsed":370,"timestamp":"2025-07-04T12:46:24.870Z"}
{"level":"info","message":"⌛ Validating mago.wlk","timeElapsed":429,"timestamp":"2025-07-04T12:46:25.364Z"}
{"level":"info","message":"⌛ Building environment","timeElapsed":469,"timestamp":"2025-07-04T12:46:25.840Z"}
{"level":"info","message":"⌛ Validating mago.wlk","timeElapsed":470,"timestamp":"2025-07-04T12:46:26.372Z"}
{"level":"info","message":"⌛ Validating mago.wlk","timeElapsed":463,"timestamp":"2025-07-04T12:46:26.837Z"}
{"level":"info","message":"⌛ Validating mago.wlk","timeElapsed":505,"timestamp":"2025-07-04T12:46:27.348Z"}
{"level":"info","message":"⌛ Validating mago.wlk","timeElapsed":333,"timestamp":"2025-07-04T12:46:27.699Z"}
{"level":"info","message":"⌛ Building environment","timeElapsed":1180,"timestamp":"2025-07-04T12:46:28.882Z"}
{"level":"info","message":"⌛ Building environment","timeElapsed":898,"timestamp":"2025-07-04T12:46:30.024Z"}
{"level":"info","message":"⌛ Building environment","timeElapsed":527,"timestamp":"2025-07-04T12:46:30.597Z"}
{"level":"info","message":"⌛ Building environment","timeElapsed":434,"timestamp":"2025-07-04T12:46:31.036Z"}
{"level":"info","message":"⌛ Validating mago.wlk","timeElapsed":587,"timestamp":"2025-07-04T12:46:31.874Z"}
{"level":"info","message":"⌛ Building environment","timeElapsed":307,"timestamp":"2025-07-04T12:46:32.190Z"}
{"level":"error","message":"✘ Completions for node If ([44:7, 50:8] - mago.wlk) failed: Error: [If]{1df320} at mago.wlk:44 exhausted all cases without a match [If]{1df320} at mago.wlk:44 exhausted all cases without a match","stack":"Error: [If]{1df320} at mago.wlk:44 exhausted all cases without a match\n    at c:\\Users\\LUZ RAMIREZ\\.vscode\\extensions\\uqbar.wollok-lsp-ide-0.5.2\\out\\server\\src\\server.js:38:6142\n    at C2 (c:\\Users\\LUZ RAMIREZ\\.vscode\\extensions\\uqbar.wollok-lsp-ide-0.5.2\\out\\server\\src\\server.js:2362:42)\n    at Gh (c:\\Users\\LUZ RAMIREZ\\.vscode\\extensions\\uqbar.wollok-lsp-ide-0.5.2\\out\\server\\src\\server.js:2362:1092)\n    at p8n (c:\\Users\\LUZ RAMIREZ\\.vscode\\extensions\\uqbar.wollok-lsp-ide-0.5.2\\out\\server\\src\\server.js:2362:818)\n    at c:\\Users\\LUZ RAMIREZ\\.vscode\\extensions\\uqbar.wollok-lsp-ide-0.5.2\\out\\server\\src\\server.js:38:6131\n    at C2 (c:\\Users\\LUZ RAMIREZ\\.vscode\\extensions\\uqbar.wollok-lsp-ide-0.5.2\\out\\server\\src\\server.js:2362:42)\n    at c:\\Users\\LUZ RAMIREZ\\.vscode\\extensions\\uqbar.wollok-lsp-ide-0.5.2\\out\\server\\src\\server.js:2362:2988\n    at c:\\Users\\LUZ RAMIREZ\\.vscode\\extensions\\uqbar.wollok-lsp-ide-0.5.2\\out\\server\\src\\server.js:2371:8440\n    at c:\\Users\\LUZ RAMIREZ\\.vscode\\extensions\\uqbar.wollok-lsp-ide-0.5.2\\out\\server\\src\\server.js:37:74872\n    at Ye (c:\\Users\\LUZ RAMIREZ\\.vscode\\extensions\\uqbar.wollok-lsp-ide-0.5.2\\out\\server\\src\\server.js:7:8527)","timestamp":"2025-07-04T12:46:32.273Z"}
{"level":"info","message":"⌛ Building environment","timeElapsed":314,"timestamp":"2025-07-04T12:46:32.598Z"}
{"level":"error","message":"✘ Completions for node If ([44:7, 50:8] - mago.wlk) failed: Error: [If]{5b86da} at mago.wlk:44 exhausted all cases without a match [If]{5b86da} at mago.wlk:44 exhausted all cases without a match","stack":"Error: [If]{5b86da} at mago.wlk:44 exhausted all cases without a match\n    at c:\\Users\\LUZ RAMIREZ\\.vscode\\extensions\\uqbar.wollok-lsp-ide-0.5.2\\out\\server\\src\\server.js:38:6142\n    at C2 (c:\\Users\\LUZ RAMIREZ\\.vscode\\extensions\\uqbar.wollok-lsp-ide-0.5.2\\out\\server\\src\\server.js:2362:42)\n    at Gh (c:\\Users\\LUZ RAMIREZ\\.vscode\\extensions\\uqbar.wollok-lsp-ide-0.5.2\\out\\server\\src\\server.js:2362:1092)\n    at p8n (c:\\Users\\LUZ RAMIREZ\\.vscode\\extensions\\uqbar.wollok-lsp-ide-0.5.2\\out\\server\\src\\server.js:2362:818)\n    at c:\\Users\\LUZ RAMIREZ\\.vscode\\extensions\\uqbar.wollok-lsp-ide-0.5.2\\out\\server\\src\\server.js:38:6131\n    at C2 (c:\\Users\\LUZ RAMIREZ\\.vscode\\extensions\\uqbar.wollok-lsp-ide-0.5.2\\out\\server\\src\\server.js:2362:42)\n    at c:\\Users\\LUZ RAMIREZ\\.vscode\\extensions\\uqbar.wollok-lsp-ide-0.5.2\\out\\server\\src\\server.js:2362:2988\n    at c:\\Users\\LUZ RAMIREZ\\.vscode\\extensions\\uqbar.wollok-lsp-ide-0.5.2\\out\\server\\src\\server.js:2371:8440\n    at c:\\Users\\LUZ RAMIREZ\\.vscode\\extensions\\uqbar.wollok-lsp-ide-0.5.2\\out\\server\\src\\server.js:37:74872\n    at Ye (c:\\Users\\LUZ RAMIREZ\\.vscode\\extensions\\uqbar.wollok-lsp-ide-0.5.2\\out\\server\\src\\server.js:7:8527)","timestamp":"2025-07-04T12:46:32.706Z"}
{"level":"info","message":"⌛ Autocomplete - Body","timeElapsed":105,"timestamp":"2025-07-04T12:46:32.717Z"}
{"level":"info","message":"⌛ Validating mago.wlk","timeElapsed":365,"timestamp":"2025-07-04T12:46:33.126Z"}
{"level":"info","message":"⌛ Building environment","timeElapsed":415,"timestamp":"2025-07-04T12:46:33.549Z"}
{"level":"info","message":"⌛ Building environment","timeElapsed":352,"timestamp":"2025-07-04T12:46:33.933Z"}
{"level":"info","message":"⌛ Building environment","timeElapsed":399,"timestamp":"2025-07-04T12:46:34.464Z"}
{"level":"info","message":"⌛ Validating mago.wlk","timeElapsed":446,"timestamp":"2025-07-04T12:46:34.916Z"}
{"level":"info","message":"⌛ Building environment","timeElapsed":315,"timestamp":"2025-07-04T12:46:35.237Z"}
{"level":"info","message":"⌛ Building environment","timeElapsed":340,"timestamp":"2025-07-04T12:46:35.580Z"}
{"level":"info","message":"⌛ Validating mago.wlk","timeElapsed":416,"timestamp":"2025-07-04T12:46:36.001Z"}
{"level":"info","message":"⌛ Building environment","timeElapsed":327,"timestamp":"2025-07-04T12:46:36.345Z"}
{"level":"info","message":"⌛ Building environment","timeElapsed":366,"timestamp":"2025-07-04T12:46:36.712Z"}
{"level":"info","message":"⌛ Validating mago.wlk","timeElapsed":1386,"timestamp":"2025-07-04T12:46:38.123Z"}
{"level":"info","message":"⌛ Building environment","timeElapsed":1902,"timestamp":"2025-07-04T12:46:40.039Z"}
{"level":"info","message":"⌛ Building environment","timeElapsed":441,"timestamp":"2025-07-04T12:46:40.484Z"}
{"level":"info","message":"⌛ Building environment","timeElapsed":368,"timestamp":"2025-07-04T12:46:40.857Z"}
{"level":"info","message":"⌛ Building environment","timeElapsed":325,"timestamp":"2025-07-04T12:46:41.187Z"}
{"level":"info","message":"⌛ Validating mago.wlk","timeElapsed":399,"timestamp":"2025-07-04T12:46:41.631Z"}
{"level":"info","message":"⌛ Validating mago.wlk","timeElapsed":403,"timestamp":"2025-07-04T12:46:42.089Z"}
{"level":"info","message":"⌛ Validating mago.wlk","timeElapsed":423,"timestamp":"2025-07-04T12:46:42.514Z"}
{"level":"info","message":"⌛ Validating mago.wlk","timeElapsed":366,"timestamp":"2025-07-04T12:46:42.885Z"}
{"level":"info","message":"⌛ Validating mago.wlk","timeElapsed":421,"timestamp":"2025-07-04T12:46:43.360Z"}
{"level":"info","message":"⌛ Building environment","timeElapsed":614,"timestamp":"2025-07-04T12:46:43.982Z"}
{"level":"info","message":"⌛ Building environment","timeElapsed":387,"timestamp":"2025-07-04T12:46:44.373Z"}
{"level":"error","message":"✘ Completions for node If ([44:7, 51:8] - mago.wlk) failed: Error: [If]{bea61d} at mago.wlk:44 exhausted all cases without a match [If]{bea61d} at mago.wlk:44 exhausted all cases without a match","stack":"Error: [If]{bea61d} at mago.wlk:44 exhausted all cases without a match\n    at c:\\Users\\LUZ RAMIREZ\\.vscode\\extensions\\uqbar.wollok-lsp-ide-0.5.2\\out\\server\\src\\server.js:38:6142\n    at C2 (c:\\Users\\LUZ RAMIREZ\\.vscode\\extensions\\uqbar.wollok-lsp-ide-0.5.2\\out\\server\\src\\server.js:2362:42)\n    at Gh (c:\\Users\\LUZ RAMIREZ\\.vscode\\extensions\\uqbar.wollok-lsp-ide-0.5.2\\out\\server\\src\\server.js:2362:1092)\n    at p8n (c:\\Users\\LUZ RAMIREZ\\.vscode\\extensions\\uqbar.wollok-lsp-ide-0.5.2\\out\\server\\src\\server.js:2362:818)\n    at c:\\Users\\LUZ RAMIREZ\\.vscode\\extensions\\uqbar.wollok-lsp-ide-0.5.2\\out\\server\\src\\server.js:38:6131\n    at C2 (c:\\Users\\LUZ RAMIREZ\\.vscode\\extensions\\uqbar.wollok-lsp-ide-0.5.2\\out\\server\\src\\server.js:2362:42)\n    at Gh (c:\\Users\\LUZ RAMIREZ\\.vscode\\extensions\\uqbar.wollok-lsp-ide-0.5.2\\out\\server\\src\\server.js:2362:1092)\n    at l8n (c:\\Users\\LUZ RAMIREZ\\.vscode\\extensions\\uqbar.wollok-lsp-ide-0.5.2\\out\\server\\src\\server.js:2362:1248)\n    at c:\\Users\\LUZ RAMIREZ\\.vscode\\extensions\\uqbar.wollok-lsp-ide-0.5.2\\out\\server\\src\\server.js:38:6131\n    at C2 (c:\\Users\\LUZ RAMIREZ\\.vscode\\extensions\\uqbar.wollok-lsp-ide-0.5.2\\out\\server\\src\\server.js:2362:42)","timestamp":"2025-07-04T12:46:44.533Z"}
{"level":"info","message":"⌛ Building environment","timeElapsed":332,"timestamp":"2025-07-04T12:46:44.878Z"}
{"level":"info","message":"⌛ Building environment","timeElapsed":306,"timestamp":"2025-07-04T12:46:45.187Z"}
{"level":"info","message":"⌛ Validating mago.wlk","timeElapsed":490,"timestamp":"2025-07-04T12:46:45.679Z"}
{"level":"info","message":"⌛ Building environment","timeElapsed":370,"timestamp":"2025-07-04T12:46:46.056Z"}
{"level":"info","message":"⌛ Building environment","timeElapsed":335,"timestamp":"2025-07-04T12:46:46.398Z"}
{"level":"info","message":"⌛ Building environment","timeElapsed":328,"timestamp":"2025-07-04T12:46:46.872Z"}
{"level":"info","message":"⌛ Building environment","timeElapsed":353,"timestamp":"2025-07-04T12:46:47.273Z"}
{"level":"info","message":"⌛ Validating mago.wlk","timeElapsed":452,"timestamp":"2025-07-04T12:46:47.730Z"}
{"level":"info","message":"⌛ Building environment","timeElapsed":865,"timestamp":"2025-07-04T12:46:48.603Z"}
{"level":"info","message":"⌛ Building environment","timeElapsed":357,"timestamp":"2025-07-04T12:46:48.962Z"}
{"level":"info","message":"⌛ Building environment","timeElapsed":344,"timestamp":"2025-07-04T12:46:49.311Z"}
{"level":"info","message":"⌛ Building environment","timeElapsed":364,"timestamp":"2025-07-04T12:46:49.728Z"}
{"level":"info","message":"⌛ Building environment","timeElapsed":336,"timestamp":"2025-07-04T12:46:50.067Z"}
{"level":"info","message":"⌛ Building environment","timeElapsed":290,"timestamp":"2025-07-04T12:46:50.395Z"}
{"level":"info","message":"⌛ Building environment","timeElapsed":355,"timestamp":"2025-07-04T12:46:50.832Z"}
{"level":"info","message":"⌛ Validating mago.wlk","timeElapsed":557,"timestamp":"2025-07-04T12:46:51.422Z"}
{"level":"info","message":"⌛ Building environment","timeElapsed":666,"timestamp":"2025-07-04T12:46:52.136Z"}
{"level":"info","message":"⌛ Building environment","timeElapsed":747,"timestamp":"2025-07-04T12:46:52.900Z"}
{"level":"info","message":"⌛ Building environment","timeElapsed":368,"timestamp":"2025-07-04T12:46:53.330Z"}
{"level":"info","message":"⌛ Building environment","timeElapsed":366,"timestamp":"2025-07-04T12:46:53.699Z"}
{"level":"info","message":"⌛ Building environment","timeElapsed":333,"timestamp":"2025-07-04T12:46:54.065Z"}
{"level":"info","message":"⌛ Building environment","timeElapsed":449,"timestamp":"2025-07-04T12:46:54.572Z"}
{"level":"info","message":"⌛ Validating mago.wlk","timeElapsed":461,"timestamp":"2025-07-04T12:46:55.044Z"}
{"level":"info","message":"⌛ Building environment","timeElapsed":338,"timestamp":"2025-07-04T12:46:55.388Z"}
{"level":"info","message":"⌛ Building environment","timeElapsed":416,"timestamp":"2025-07-04T12:46:55.806Z"}
{"level":"info","message":"⌛ Building environment","timeElapsed":444,"timestamp":"2025-07-04T12:46:56.265Z"}
{"level":"info","message":"⌛ Validating mago.wlk","timeElapsed":471,"timestamp":"2025-07-04T12:46:56.889Z"}
{"level":"info","message":"⌛ Validating mago.wlk","timeElapsed":366,"timestamp":"2025-07-04T12:46:57.285Z"}
{"level":"info","message":"⌛ Validating mago.wlk","timeElapsed":398,"timestamp":"2025-07-04T12:46:57.684Z"}
{"level":"info","message":"⌛ Validating mago.wlk","timeElapsed":1950,"timestamp":"2025-07-04T12:46:59.778Z"}
{"level":"info","message":"⌛ Building environment","timeElapsed":998,"timestamp":"2025-07-04T12:47:00.788Z"}
{"level":"info","message":"⌛ Validating mago.wlk","timeElapsed":365,"timestamp":"2025-07-04T12:47:01.164Z"}
{"level":"info","message":"⌛ Building environment","timeElapsed":365,"timestamp":"2025-07-04T12:47:01.570Z"}
{"level":"info","message":"⌛ Building environment","timeElapsed":292,"timestamp":"2025-07-04T12:47:01.872Z"}
{"level":"info","message":"⌛ Validating mago.wlk","timeElapsed":371,"timestamp":"2025-07-04T12:47:02.250Z"}
{"level":"info","message":"⌛ Building environment","timeElapsed":304,"timestamp":"2025-07-04T12:47:02.581Z"}
{"level":"info","message":"⌛ Building environment","timeElapsed":312,"timestamp":"2025-07-04T12:47:02.897Z"}
{"level":"info","message":"⌛ Validating mago.wlk","timeElapsed":356,"timestamp":"2025-07-04T12:47:03.256Z"}
{"level":"info","message":"⌛ Building environment","timeElapsed":271,"timestamp":"2025-07-04T12:47:03.567Z"}
{"level":"info","message":"⌛ Building environment","timeElapsed":296,"timestamp":"2025-07-04T12:47:03.865Z"}
{"level":"info","message":"⌛ Building environment","timeElapsed":301,"timestamp":"2025-07-04T12:47:04.219Z"}
{"level":"info","message":"⌛ Building environment","timeElapsed":309,"timestamp":"2025-07-04T12:47:04.532Z"}
{"level":"info","message":"⌛ Building environment","timeElapsed":297,"timestamp":"2025-07-04T12:47:04.832Z"}
{"level":"info","message":"⌛ Validating mago.wlk","timeElapsed":338,"timestamp":"2025-07-04T12:47:05.233Z"}
{"level":"info","message":"⌛ Building environment","timeElapsed":304,"timestamp":"2025-07-04T12:47:05.544Z"}
{"level":"info","message":"⌛ Building environment","timeElapsed":292,"timestamp":"2025-07-04T12:47:05.838Z"}
{"level":"info","message":"⌛ Building environment","timeElapsed":377,"timestamp":"2025-07-04T12:47:06.220Z"}
{"level":"info","message":"⌛ Building environment","timeElapsed":453,"timestamp":"2025-07-04T12:47:06.679Z"}
{"level":"info","message":"⌛ Validating mago.wlk","timeElapsed":341,"timestamp":"2025-07-04T12:47:07.022Z"}
{"level":"info","message":"⌛ Building environment","timeElapsed":309,"timestamp":"2025-07-04T12:47:07.333Z"}
{"level":"info","message":"⌛ Validating mago.wlk","timeElapsed":349,"timestamp":"2025-07-04T12:47:07.684Z"}
{"level":"info","message":"⌛ Building environment","timeElapsed":270,"timestamp":"2025-07-04T12:47:07.995Z"}
{"level":"info","message":"⌛ Building environment","timeElapsed":305,"timestamp":"2025-07-04T12:47:08.304Z"}
{"level":"info","message":"⌛ Building environment","timeElapsed":777,"timestamp":"2025-07-04T12:47:09.132Z"}
{"level":"info","message":"⌛ Validating mago.wlk","timeElapsed":359,"timestamp":"2025-07-04T12:47:09.496Z"}
{"level":"info","message":"⌛ Building environment","timeElapsed":303,"timestamp":"2025-07-04T12:47:09.812Z"}
{"level":"info","message":"⌛ Building environment","timeElapsed":299,"timestamp":"2025-07-04T12:47:10.113Z"}
{"level":"info","message":"⌛ Building environment","timeElapsed":361,"timestamp":"2025-07-04T12:47:10.476Z"}
{"level":"info","message":"⌛ Building environment","timeElapsed":302,"timestamp":"2025-07-04T12:47:10.830Z"}
{"level":"info","message":"⌛ Building environment","timeElapsed":286,"timestamp":"2025-07-04T12:47:11.150Z"}
{"level":"info","message":"⌛ Validating mago.wlk","timeElapsed":347,"timestamp":"2025-07-04T12:47:11.596Z"}
{"level":"info","message":"⌛ Validating mago.wlk","timeElapsed":332,"timestamp":"2025-07-04T12:47:11.958Z"}
{"level":"info","message":"⌛ Validating mago.wlk","timeElapsed":339,"timestamp":"2025-07-04T12:47:12.316Z"}
{"level":"info","message":"⌛ Validating mago.wlk","timeElapsed":951,"timestamp":"2025-07-04T12:47:14.181Z"}
{"level":"info","message":"⌛ Validating mago.wlk","timeElapsed":345,"timestamp":"2025-07-04T12:47:14.584Z"}
{"level":"info","message":"⌛ Validating mago.wlk","timeElapsed":343,"timestamp":"2025-07-04T12:47:14.946Z"}
{"level":"info","message":"⌛ Validating mago.wlk","timeElapsed":338,"timestamp":"2025-07-04T12:47:15.303Z"}
{"level":"info","message":"⌛ Validating mago.wlk","timeElapsed":345,"timestamp":"2025-07-04T12:47:15.659Z"}
{"level":"info","message":"⌛ Validating mago.wlk","timeElapsed":339,"timestamp":"2025-07-04T12:47:16.001Z"}
{"level":"info","message":"⌛ Validating mago.wlk","timeElapsed":349,"timestamp":"2025-07-04T12:47:16.357Z"}
{"level":"info","message":"⌛ Validating mago.wlk","timeElapsed":338,"timestamp":"2025-07-04T12:47:16.739Z"}
{"level":"info","message":"⌛ Validating mago.wlk","timeElapsed":334,"timestamp":"2025-07-04T12:47:17.111Z"}
{"level":"info","message":"⌛ Validating mago.wlk","timeElapsed":326,"timestamp":"2025-07-04T12:47:17.468Z"}
{"level":"info","message":"⌛ Validating mago.wlk","timeElapsed":327,"timestamp":"2025-07-04T12:47:17.899Z"}
{"level":"info","message":"⌛ Validating mago.wlk","timeElapsed":347,"timestamp":"2025-07-04T12:47:18.250Z"}
{"level":"info","message":"⌛ Validating mago.wlk","timeElapsed":333,"timestamp":"2025-07-04T12:47:18.585Z"}
{"level":"info","message":"⌛ Validating mago.wlk","timeElapsed":326,"timestamp":"2025-07-04T12:47:18.939Z"}
{"level":"info","message":"⌛ Validating mago.wlk","timeElapsed":316,"timestamp":"2025-07-04T12:47:19.527Z"}
{"level":"info","message":"⌛ Validating mago.wlk","timeElapsed":333,"timestamp":"2025-07-04T12:47:19.868Z"}
{"level":"info","message":"⌛ Validating mago.wlk","timeElapsed":349,"timestamp":"2025-07-04T12:47:20.311Z"}
{"level":"info","message":"⌛ Validating mago.wlk","timeElapsed":338,"timestamp":"2025-07-04T12:47:20.650Z"}
{"level":"info","message":"⌛ Building environment","timeElapsed":1000,"timestamp":"2025-07-04T12:47:21.659Z"}
{"level":"error","message":"✘ Completions for node If ([44:7, 51:8] - mago.wlk) failed: Error: [If]{d8a76f} at mago.wlk:44 exhausted all cases without a match [If]{d8a76f} at mago.wlk:44 exhausted all cases without a match","stack":"Error: [If]{d8a76f} at mago.wlk:44 exhausted all cases without a match\n    at c:\\Users\\LUZ RAMIREZ\\.vscode\\extensions\\uqbar.wollok-lsp-ide-0.5.2\\out\\server\\src\\server.js:38:6142\n    at C2 (c:\\Users\\LUZ RAMIREZ\\.vscode\\extensions\\uqbar.wollok-lsp-ide-0.5.2\\out\\server\\src\\server.js:2362:42)\n    at Gh (c:\\Users\\LUZ RAMIREZ\\.vscode\\extensions\\uqbar.wollok-lsp-ide-0.5.2\\out\\server\\src\\server.js:2362:1092)\n    at p8n (c:\\Users\\LUZ RAMIREZ\\.vscode\\extensions\\uqbar.wollok-lsp-ide-0.5.2\\out\\server\\src\\server.js:2362:818)\n    at c:\\Users\\LUZ RAMIREZ\\.vscode\\extensions\\uqbar.wollok-lsp-ide-0.5.2\\out\\server\\src\\server.js:38:6131\n    at C2 (c:\\Users\\LUZ RAMIREZ\\.vscode\\extensions\\uqbar.wollok-lsp-ide-0.5.2\\out\\server\\src\\server.js:2362:42)\n    at c:\\Users\\LUZ RAMIREZ\\.vscode\\extensions\\uqbar.wollok-lsp-ide-0.5.2\\out\\server\\src\\server.js:2362:2988\n    at c:\\Users\\LUZ RAMIREZ\\.vscode\\extensions\\uqbar.wollok-lsp-ide-0.5.2\\out\\server\\src\\server.js:2371:8440\n    at c:\\Users\\LUZ RAMIREZ\\.vscode\\extensions\\uqbar.wollok-lsp-ide-0.5.2\\out\\server\\src\\server.js:37:74872\n    at Ye (c:\\Users\\LUZ RAMIREZ\\.vscode\\extensions\\uqbar.wollok-lsp-ide-0.5.2\\out\\server\\src\\server.js:7:8527)","timestamp":"2025-07-04T12:47:21.745Z"}
{"level":"info","message":"⌛ Building environment","timeElapsed":310,"timestamp":"2025-07-04T12:47:22.082Z"}
{"level":"error","message":"✘ Completions for node If ([44:7, 51:8] - mago.wlk) failed: Error: [If]{242b96} at mago.wlk:44 exhausted all cases without a match [If]{242b96} at mago.wlk:44 exhausted all cases without a match","stack":"Error: [If]{242b96} at mago.wlk:44 exhausted all cases without a match\n    at c:\\Users\\LUZ RAMIREZ\\.vscode\\extensions\\uqbar.wollok-lsp-ide-0.5.2\\out\\server\\src\\server.js:38:6142\n    at C2 (c:\\Users\\LUZ RAMIREZ\\.vscode\\extensions\\uqbar.wollok-lsp-ide-0.5.2\\out\\server\\src\\server.js:2362:42)\n    at Gh (c:\\Users\\LUZ RAMIREZ\\.vscode\\extensions\\uqbar.wollok-lsp-ide-0.5.2\\out\\server\\src\\server.js:2362:1092)\n    at p8n (c:\\Users\\LUZ RAMIREZ\\.vscode\\extensions\\uqbar.wollok-lsp-ide-0.5.2\\out\\server\\src\\server.js:2362:818)\n    at c:\\Users\\LUZ RAMIREZ\\.vscode\\extensions\\uqbar.wollok-lsp-ide-0.5.2\\out\\server\\src\\server.js:38:6131\n    at C2 (c:\\Users\\LUZ RAMIREZ\\.vscode\\extensions\\uqbar.wollok-lsp-ide-0.5.2\\out\\server\\src\\server.js:2362:42)\n    at c:\\Users\\LUZ RAMIREZ\\.vscode\\extensions\\uqbar.wollok-lsp-ide-0.5.2\\out\\server\\src\\server.js:2362:2988\n    at c:\\Users\\LUZ RAMIREZ\\.vscode\\extensions\\uqbar.wollok-lsp-ide-0.5.2\\out\\server\\src\\server.js:2371:8440\n    at c:\\Users\\LUZ RAMIREZ\\.vscode\\extensions\\uqbar.wollok-lsp-ide-0.5.2\\out\\server\\src\\server.js:37:74872\n    at Ye (c:\\Users\\LUZ RAMIREZ\\.vscode\\extensions\\uqbar.wollok-lsp-ide-0.5.2\\out\\server\\src\\server.js:7:8527)","timestamp":"2025-07-04T12:47:22.193Z"}
{"level":"info","message":"⌛ Validating mago.wlk","timeElapsed":341,"timestamp":"2025-07-04T12:47:22.563Z"}
{"level":"info","message":"⌛ Validating mago.wlk","timeElapsed":332,"timestamp":"2025-07-04T12:47:22.901Z"}
{"level":"info","message":"⌛ Building environment","timeElapsed":292,"timestamp":"2025-07-04T12:47:23.198Z"}
{"level":"info","message":"⌛ Validating mago.wlk","timeElapsed":353,"timestamp":"2025-07-04T12:47:23.586Z"}
{"level":"info","message":"⌛ Building environment","timeElapsed":382,"timestamp":"2025-07-04T12:47:23.984Z"}
{"level":"error","message":"✘ Completions for node If ([44:7, 51:8] - mago.wlk) failed: Error: [If]{106926} at mago.wlk:44 exhausted all cases without a match [If]{106926} at mago.wlk:44 exhausted all cases without a match","stack":"Error: [If]{106926} at mago.wlk:44 exhausted all cases without a match\n    at c:\\Users\\LUZ RAMIREZ\\.vscode\\extensions\\uqbar.wollok-lsp-ide-0.5.2\\out\\server\\src\\server.js:38:6142\n    at C2 (c:\\Users\\LUZ RAMIREZ\\.vscode\\extensions\\uqbar.wollok-lsp-ide-0.5.2\\out\\server\\src\\server.js:2362:42)\n    at Gh (c:\\Users\\LUZ RAMIREZ\\.vscode\\extensions\\uqbar.wollok-lsp-ide-0.5.2\\out\\server\\src\\server.js:2362:1092)\n    at p8n (c:\\Users\\LUZ RAMIREZ\\.vscode\\extensions\\uqbar.wollok-lsp-ide-0.5.2\\out\\server\\src\\server.js:2362:818)\n    at c:\\Users\\LUZ RAMIREZ\\.vscode\\extensions\\uqbar.wollok-lsp-ide-0.5.2\\out\\server\\src\\server.js:38:6131\n    at C2 (c:\\Users\\LUZ RAMIREZ\\.vscode\\extensions\\uqbar.wollok-lsp-ide-0.5.2\\out\\server\\src\\server.js:2362:42)\n    at c:\\Users\\LUZ RAMIREZ\\.vscode\\extensions\\uqbar.wollok-lsp-ide-0.5.2\\out\\server\\src\\server.js:2362:2988\n    at c:\\Users\\LUZ RAMIREZ\\.vscode\\extensions\\uqbar.wollok-lsp-ide-0.5.2\\out\\server\\src\\server.js:2371:8440\n    at c:\\Users\\LUZ RAMIREZ\\.vscode\\extensions\\uqbar.wollok-lsp-ide-0.5.2\\out\\server\\src\\server.js:37:74872\n    at Ye (c:\\Users\\LUZ RAMIREZ\\.vscode\\extensions\\uqbar.wollok-lsp-ide-0.5.2\\out\\server\\src\\server.js:7:8527)","timestamp":"2025-07-04T12:47:24.067Z"}
{"level":"info","message":"⌛ Validating mago.wlk","timeElapsed":336,"timestamp":"2025-07-04T12:47:24.414Z"}
{"level":"info","message":"⌛ Building environment","timeElapsed":466,"timestamp":"2025-07-04T12:47:24.993Z"}
{"level":"info","message":"⌛ Building environment","timeElapsed":307,"timestamp":"2025-07-04T12:47:25.305Z"}
{"level":"info","message":"⌛ Building environment","timeElapsed":306,"timestamp":"2025-07-04T12:47:25.663Z"}
{"level":"info","message":"⌛ Building environment","timeElapsed":300,"timestamp":"2025-07-04T12:47:25.966Z"}
{"level":"info","message":"⌛ Building environment","timeElapsed":298,"timestamp":"2025-07-04T12:47:26.267Z"}
{"level":"info","message":"⌛ Building environment","timeElapsed":310,"timestamp":"2025-07-04T12:47:26.585Z"}
{"level":"info","message":"⌛ Building environment","timeElapsed":304,"timestamp":"2025-07-04T12:47:26.941Z"}
{"level":"info","message":"⌛ Validating mago.wlk","timeElapsed":366,"timestamp":"2025-07-04T12:47:27.310Z"}
{"level":"info","message":"⌛ Validating mago.wlk","timeElapsed":340,"timestamp":"2025-07-04T12:47:27.695Z"}
{"level":"info","message":"⌛ Validating mago.wlk","timeElapsed":336,"timestamp":"2025-07-04T12:47:28.035Z"}
{"level":"info","message":"⌛ Validating mago.wlk","timeElapsed":341,"timestamp":"2025-07-04T12:47:28.384Z"}
{"level":"info","message":"⌛ Validating mago.wlk","timeElapsed":343,"timestamp":"2025-07-04T12:47:28.736Z"}
{"level":"info","message":"⌛ Validating mago.wlk","timeElapsed":339,"timestamp":"2025-07-04T12:47:29.088Z"}
{"level":"info","message":"⌛ Validating mago.wlk","timeElapsed":344,"timestamp":"2025-07-04T12:47:29.435Z"}
{"level":"info","message":"⌛ Building environment","timeElapsed":300,"timestamp":"2025-07-04T12:47:29.760Z"}
{"level":"info","message":"⌛ Building environment","timeElapsed":315,"timestamp":"2025-07-04T12:47:30.081Z"}
{"level":"info","message":"⌛ Building environment","timeElapsed":295,"timestamp":"2025-07-04T12:47:30.379Z"}
{"level":"info","message":"⌛ Building environment","timeElapsed":3739,"timestamp":"2025-07-04T12:47:34.133Z"}
{"level":"info","message":"⌛ Building environment","timeElapsed":318,"timestamp":"2025-07-04T12:47:34.500Z"}
{"level":"info","message":"⌛ Building environment","timeElapsed":297,"timestamp":"2025-07-04T12:47:34.802Z"}
{"level":"info","message":"⌛ Validating mago.wlk","timeElapsed":397,"timestamp":"2025-07-04T12:47:35.210Z"}
{"level":"info","message":"⌛ Building environment","timeElapsed":288,"timestamp":"2025-07-04T12:47:35.507Z"}
{"level":"info","message":"⌛ Building environment","timeElapsed":309,"timestamp":"2025-07-04T12:47:35.850Z"}
{"level":"info","message":"⌛ Building environment","timeElapsed":297,"timestamp":"2025-07-04T12:47:36.152Z"}
{"level":"info","message":"⌛ Building environment","timeElapsed":288,"timestamp":"2025-07-04T12:47:36.445Z"}
{"level":"info","message":"⌛ Building environment","timeElapsed":300,"timestamp":"2025-07-04T12:47:36.748Z"}
{"level":"info","message":"⌛ Validating mago.wlk","timeElapsed":366,"timestamp":"2025-07-04T12:47:37.262Z"}
{"level":"info","message":"⌛ Validating mago.wlk","timeElapsed":334,"timestamp":"2025-07-04T12:47:37.629Z"}
{"level":"info","message":"⌛ Building environment","timeElapsed":278,"timestamp":"2025-07-04T12:47:37.916Z"}
{"level":"info","message":"⌛ Building environment","timeElapsed":299,"timestamp":"2025-07-04T12:47:38.216Z"}
{"level":"info","message":"⌛ Validating mago.wlk","timeElapsed":346,"timestamp":"2025-07-04T12:47:38.642Z"}
{"level":"info","message":"⌛ Validating mago.wlk","timeElapsed":348,"timestamp":"2025-07-04T12:47:38.998Z"}
{"level":"info","message":"⌛ Building environment","timeElapsed":305,"timestamp":"2025-07-04T12:47:39.309Z"}
{"level":"info","message":"⌛ Building environment","timeElapsed":303,"timestamp":"2025-07-04T12:47:39.615Z"}
{"level":"info","message":"⌛ Building environment","timeElapsed":311,"timestamp":"2025-07-04T12:47:39.928Z"}
{"level":"info","message":"⌛ Validating mago.wlk","timeElapsed":338,"timestamp":"2025-07-04T12:47:40.316Z"}
{"level":"info","message":"⌛ Building environment","timeElapsed":305,"timestamp":"2025-07-04T12:47:40.623Z"}
{"level":"info","message":"⌛ Building environment","timeElapsed":292,"timestamp":"2025-07-04T12:47:40.917Z"}
{"level":"info","message":"⌛ Building environment","timeElapsed":296,"timestamp":"2025-07-04T12:47:41.245Z"}
{"level":"info","message":"⌛ Validating mago.wlk","timeElapsed":336,"timestamp":"2025-07-04T12:47:41.626Z"}
{"level":"info","message":"⌛ Validating mago.wlk","timeElapsed":326,"timestamp":"2025-07-04T12:47:41.995Z"}
{"level":"info","message":"⌛ Validating mago.wlk","timeElapsed":345,"timestamp":"2025-07-04T12:47:42.348Z"}
{"level":"info","message":"⌛ Building environment","timeElapsed":292,"timestamp":"2025-07-04T12:47:42.642Z"}
{"level":"info","message":"⌛ Validating mago.wlk","timeElapsed":326,"timestamp":"2025-07-04T12:47:43.088Z"}
{"level":"info","message":"⌛ Validating mago.wlk","timeElapsed":325,"timestamp":"2025-07-04T12:47:43.454Z"}
{"level":"info","message":"⌛ Validating mago.wlk","timeElapsed":347,"timestamp":"2025-07-04T12:47:43.806Z"}
{"level":"info","message":"⌛ Validating mago.wlk","timeElapsed":345,"timestamp":"2025-07-04T12:47:44.176Z"}
{"level":"info","message":"⌛ Validating mago.wlk","timeElapsed":326,"timestamp":"2025-07-04T12:47:44.509Z"}
{"level":"info","message":"⌛ Validating mago.wlk","timeElapsed":328,"timestamp":"2025-07-04T12:47:44.872Z"}
{"level":"info","message":"⌛ Validating mago.wlk","timeElapsed":340,"timestamp":"2025-07-04T12:47:45.234Z"}
{"level":"info","message":"⌛ Validating mago.wlk","timeElapsed":341,"timestamp":"2025-07-04T12:47:45.582Z"}
{"level":"info","message":"⌛ Validating mago.wlk","timeElapsed":341,"timestamp":"2025-07-04T12:47:45.924Z"}
{"level":"info","message":"⌛ Validating mago.wlk","timeElapsed":330,"timestamp":"2025-07-04T12:47:46.256Z"}
{"level":"info","message":"⌛ Validating mago.wlk","timeElapsed":342,"timestamp":"2025-07-04T12:47:46.626Z"}
{"level":"info","message":"⌛ Validating mago.wlk","timeElapsed":330,"timestamp":"2025-07-04T12:47:46.959Z"}
{"level":"info","message":"⌛ Validating mago.wlk","timeElapsed":339,"timestamp":"2025-07-04T12:47:47.302Z"}
{"level":"info","message":"⌛ Validating mago.wlk","timeElapsed":396,"timestamp":"2025-07-04T12:47:47.706Z"}
{"level":"info","message":"⌛ Validating mago.wlk","timeElapsed":488,"timestamp":"2025-07-04T12:47:48.301Z"}
{"level":"info","message":"⌛ Validating mago.wlk","timeElapsed":341,"timestamp":"2025-07-04T12:47:48.664Z"}
{"level":"info","message":"⌛ Validating mago.wlk","timeElapsed":343,"timestamp":"2025-07-04T12:47:49.012Z"}
{"level":"info","message":"⌛ Validating mago.wlk","timeElapsed":335,"timestamp":"2025-07-04T12:47:49.375Z"}
{"level":"info","message":"⌛ Validating mago.wlk","timeElapsed":329,"timestamp":"2025-07-04T12:47:49.728Z"}
{"level":"info","message":"⌛ Validating mago.wlk","timeElapsed":343,"timestamp":"2025-07-04T12:47:50.075Z"}
{"level":"info","message":"⌛ Validating mago.wlk","timeElapsed":327,"timestamp":"2025-07-04T12:47:50.404Z"}
{"level":"info","message":"⌛ Validating mago.wlk","timeElapsed":346,"timestamp":"2025-07-04T12:47:50.758Z"}
{"level":"info","message":"⌛ Validating mago.wlk","timeElapsed":333,"timestamp":"2025-07-04T12:47:51.096Z"}
{"level":"info","message":"⌛ Validating mago.wlk","timeElapsed":315,"timestamp":"2025-07-04T12:47:51.689Z"}
{"level":"info","message":"⌛ Validating mago.wlk","timeElapsed":325,"timestamp":"2025-07-04T12:47:52.025Z"}
{"level":"info","message":"⌛ Validating mago.wlk","timeElapsed":317,"timestamp":"2025-07-04T12:47:52.381Z"}
{"level":"info","message":"⌛ Validating mago.wlk","timeElapsed":329,"timestamp":"2025-07-04T12:47:52.745Z"}
{"level":"info","message":"⌛ Validating mago.wlk","timeElapsed":341,"timestamp":"2025-07-04T12:47:53.109Z"}
{"level":"info","message":"⌛ Validating mago.wlk","timeElapsed":336,"timestamp":"2025-07-04T12:47:53.449Z"}
{"level":"info","message":"⌛ Validating mago.wlk","timeElapsed":337,"timestamp":"2025-07-04T12:47:53.798Z"}
{"level":"info","message":"⌛ Validating mago.wlk","timeElapsed":333,"timestamp":"2025-07-04T12:47:54.141Z"}
{"level":"info","message":"⌛ Validating mago.wlk","timeElapsed":332,"timestamp":"2025-07-04T12:47:54.474Z"}
{"level":"info","message":"⌛ Validating mago.wlk","timeElapsed":336,"timestamp":"2025-07-04T12:47:54.814Z"}
{"level":"info","message":"⌛ Validating mago.wlk","timeElapsed":340,"timestamp":"2025-07-04T12:47:55.160Z"}
{"level":"info","message":"⌛ Validating mago.wlk","timeElapsed":321,"timestamp":"2025-07-04T12:47:55.593Z"}
{"level":"info","message":"⌛ Validating mago.wlk","timeElapsed":330,"timestamp":"2025-07-04T12:47:55.923Z"}
{"level":"info","message":"⌛ Validating mago.wlk","timeElapsed":339,"timestamp":"2025-07-04T12:47:56.265Z"}
{"level":"info","message":"⌛ Validating mago.wlk","timeElapsed":355,"timestamp":"2025-07-04T12:47:56.626Z"}
{"level":"info","message":"⌛ Validating mago.wlk","timeElapsed":337,"timestamp":"2025-07-04T12:47:56.967Z"}
{"level":"info","message":"⌛ Validating mago.wlk","timeElapsed":345,"timestamp":"2025-07-04T12:47:57.314Z"}
{"level":"info","message":"⌛ Validating mago.wlk","timeElapsed":339,"timestamp":"2025-07-04T12:47:57.673Z"}
{"level":"info","message":"⌛ Validating mago.wlk","timeElapsed":338,"timestamp":"2025-07-04T12:47:58.016Z"}
{"level":"info","message":"⌛ Validating mago.wlk","timeElapsed":827,"timestamp":"2025-07-04T12:47:58.889Z"}
{"level":"info","message":"⌛ Validating mago.wlk","timeElapsed":349,"timestamp":"2025-07-04T12:47:59.262Z"}
{"level":"info","message":"⌛ Validating mago.wlk","timeElapsed":346,"timestamp":"2025-07-04T12:47:59.611Z"}
{"level":"info","message":"⌛ Validating mago.wlk","timeElapsed":322,"timestamp":"2025-07-04T12:47:59.974Z"}
{"level":"info","message":"⌛ Validating mago.wlk","timeElapsed":351,"timestamp":"2025-07-04T12:48:00.327Z"}
{"level":"info","message":"⌛ Validating mago.wlk","timeElapsed":331,"timestamp":"2025-07-04T12:48:00.693Z"}
{"level":"info","message":"⌛ Validating mago.wlk","timeElapsed":330,"timestamp":"2025-07-04T12:48:01.030Z"}
{"level":"info","message":"⌛ Validating mago.wlk","timeElapsed":350,"timestamp":"2025-07-04T12:48:01.387Z"}
{"level":"info","message":"⌛ Validating mago.wlk","timeElapsed":341,"timestamp":"2025-07-04T12:48:01.757Z"}
{"level":"info","message":"⌛ Validating mago.wlk","timeElapsed":327,"timestamp":"2025-07-04T12:48:02.092Z"}
{"level":"info","message":"⌛ Validating mago.wlk","timeElapsed":328,"timestamp":"2025-07-04T12:48:02.427Z"}
{"level":"info","message":"⌛ Validating mago.wlk","timeElapsed":327,"timestamp":"2025-07-04T12:48:02.803Z"}
{"level":"info","message":"⌛ Building environment","timeElapsed":586,"timestamp":"2025-07-04T12:50:03.118Z"}
{"level":"info","message":"⌛ Building environment","timeElapsed":432,"timestamp":"2025-07-04T12:50:03.716Z"}
{"level":"info","message":"⌛ Validating mago.wlk","timeElapsed":416,"timestamp":"2025-07-04T12:50:04.134Z"}
{"level":"info","message":"⌛ Validating mago.wlk","timeElapsed":487,"timestamp":"2025-07-04T12:50:04.670Z"}
{"level":"info","message":"⌛ Building environment","timeElapsed":350,"timestamp":"2025-07-04T12:50:21.331Z"}
{"level":"info","message":"⌛ Validating mago.wlk","timeElapsed":413,"timestamp":"2025-07-04T12:50:21.880Z"}
{"level":"info","message":"⌛ Building environment","timeElapsed":422,"timestamp":"2025-07-04T12:50:30.612Z"}
{"level":"info","message":"⌛ Validating mago.wlk","timeElapsed":405,"timestamp":"2025-07-04T12:50:31.052Z"}
{"level":"info","message":"⌛ Building environment","timeElapsed":355,"timestamp":"2025-07-04T12:50:31.409Z"}
{"level":"info","message":"⌛ Validating mago.wlk","timeElapsed":337,"timestamp":"2025-07-04T12:50:31.806Z"}
{"level":"info","message":"⌛ Building environment","timeElapsed":1032,"timestamp":"2025-07-04T13:45:57.696Z"}
{"level":"info","message":"⌛ Building environment","timeElapsed":1109,"timestamp":"2025-07-04T13:45:58.844Z"}
{"level":"info","message":"⌛ Building environment","timeElapsed":1086,"timestamp":"2025-07-04T13:46:00.029Z"}
{"level":"info","message":"⌛ Building environment","timeElapsed":859,"timestamp":"2025-07-04T13:46:00.900Z"}
{"level":"info","message":"⌛ Building environment","timeElapsed":818,"timestamp":"2025-07-04T13:46:01.765Z"}
{"level":"info","message":"⌛ Building environment","timeElapsed":566,"timestamp":"2025-07-04T13:46:02.333Z"}
{"level":"info","message":"⌛ Building environment","timeElapsed":618,"timestamp":"2025-07-04T13:46:03.009Z"}
{"level":"info","message":"⌛ Building environment","timeElapsed":528,"timestamp":"2025-07-04T13:46:03.544Z"}
{"level":"info","message":"⌛ Building environment","timeElapsed":583,"timestamp":"2025-07-04T13:46:04.131Z"}
{"level":"info","message":"⌛ Validating mago.wlk","timeElapsed":792,"timestamp":"2025-07-04T13:46:04.925Z"}
{"level":"info","message":"⌛ Building environment","timeElapsed":718,"timestamp":"2025-07-04T13:46:05.649Z"}
{"level":"info","message":"⌛ Building environment","timeElapsed":521,"timestamp":"2025-07-04T13:46:06.276Z"}
{"level":"info","message":"⌛ Validating tests.wlk","timeElapsed":750,"timestamp":"2025-07-04T13:46:07.121Z"}
{"level":"info","message":"⌛ Building environment","timeElapsed":621,"timestamp":"2025-07-04T13:46:07.744Z"}
{"level":"info","message":"⌛ Building environment","timeElapsed":451,"timestamp":"2025-07-04T13:46:08.196Z"}
{"level":"info","message":"⌛ Building environment","timeElapsed":378,"timestamp":"2025-07-04T13:46:08.575Z"}
{"level":"info","message":"⌛ Building environment","timeElapsed":249,"timestamp":"2025-07-04T13:46:08.941Z"}
{"level":"info","message":"⌛ Validating sonidos.wlk","timeElapsed":351,"timestamp":"2025-07-04T13:46:09.344Z"}
{"level":"info","message":"⌛ Building environment","timeElapsed":343,"timestamp":"2025-07-04T13:46:09.688Z"}
{"level":"info","message":"⌛ Building environment","timeElapsed":452,"timestamp":"2025-07-04T13:46:10.161Z"}
{"level":"info","message":"⌛ Validating personajes.wlk","timeElapsed":372,"timestamp":"2025-07-04T13:46:10.554Z"}
{"level":"info","message":"⌛ Validating niveles.wlk","timeElapsed":347,"timestamp":"2025-07-04T13:46:10.928Z"}
{"level":"info","message":"⌛ Validating menu.wlk","timeElapsed":352,"timestamp":"2025-07-04T13:46:11.291Z"}
{"level":"info","message":"⌛ Validating mana.wlk","timeElapsed":353,"timestamp":"2025-07-04T13:46:11.645Z"}
{"level":"info","message":"⌛ Validating main.wpgm","timeElapsed":458,"timestamp":"2025-07-04T13:46:12.144Z"}
{"level":"info","message":"⌛ Validating mago.wlk","timeElapsed":415,"timestamp":"2025-07-04T13:46:12.585Z"}
{"level":"info","message":"⌛ Validating tests.wlk","timeElapsed":293,"timestamp":"2025-07-04T13:46:12.882Z"}
{"level":"info","message":"⌛ Validating sonidos.wlk","timeElapsed":313,"timestamp":"2025-07-04T13:46:13.202Z"}
{"level":"info","message":"⌛ Validating personajes.wlk","timeElapsed":336,"timestamp":"2025-07-04T13:46:13.540Z"}
{"level":"info","message":"⌛ Validating niveles.wlk","timeElapsed":272,"timestamp":"2025-07-04T13:46:13.817Z"}
{"level":"info","message":"⌛ Validating menu.wlk","timeElapsed":259,"timestamp":"2025-07-04T13:46:14.081Z"}
{"level":"info","message":"⌛ Validating mana.wlk","timeElapsed":246,"timestamp":"2025-07-04T13:46:14.328Z"}
{"level":"info","message":"⌛ Validating main.wpgm","timeElapsed":248,"timestamp":"2025-07-04T13:46:14.577Z"}
{"level":"info","message":"⌛ Validating enemigos.wlk","timeElapsed":339,"timestamp":"2025-07-04T13:46:14.919Z"}
{"level":"info","message":"⌛ Validating bastion.wlk","timeElapsed":432,"timestamp":"2025-07-04T13:46:15.376Z"}
{"level":"info","message":"⌛ Validating arcaneBastion.wlk","timeElapsed":428,"timestamp":"2025-07-04T13:46:15.809Z"}
{"level":"info","message":"⌛ Validating adminProyectiles.wlk","timeElapsed":393,"timestamp":"2025-07-04T13:46:16.203Z"}
{"level":"info","message":"⌛ Validating administradorDeOleadas.wlk","timeElapsed":664,"timestamp":"2025-07-04T13:46:16.871Z"}
{"level":"info","message":"⌛ Validating administradorDeHechizos.wlk","timeElapsed":382,"timestamp":"2025-07-04T13:46:17.290Z"}
{"level":"info","message":"⌛ Validating administradorDeEnemigos.wlk","timeElapsed":429,"timestamp":"2025-07-04T13:46:17.719Z"}
{"level":"info","message":"⌛ Building environment","timeElapsed":582,"timestamp":"2025-07-04T13:53:01.481Z"}
{"level":"info","message":"⌛ Validating mago.wlk","timeElapsed":508,"timestamp":"2025-07-04T13:53:02.140Z"}
{"level":"info","message":"⌛ Building environment","timeElapsed":477,"timestamp":"2025-07-04T13:53:07.045Z"}
{"level":"info","message":"⌛ Validating mago.wlk","timeElapsed":503,"timestamp":"2025-07-04T13:53:07.698Z"}
{"level":"info","message":"⌛ Building environment","timeElapsed":882,"timestamp":"2025-07-04T13:53:16.800Z"}
{"level":"info","message":"⌛ Validating main.wpgm","timeElapsed":720,"timestamp":"2025-07-04T13:53:17.683Z"}
{"level":"info","message":"⌛ Building environment","timeElapsed":989,"timestamp":"2025-07-04T13:53:21.084Z"}
{"level":"info","message":"⌛ Validating mago.wlk","timeElapsed":418,"timestamp":"2025-07-04T13:53:21.512Z"}
{"level":"info","message":"⌛ Validating main.wpgm","timeElapsed":509,"timestamp":"2025-07-04T13:53:22.062Z"}
{"level":"info","message":"🚀 Program executed \u001b[3m\u001b[34mmain.ArcaneBastion\u001b[39m\u001b[23m on \u001b[3m\u001b[34mc:\\Users\\LUZ RAMIREZ\\Documents\\TPGameIntegrador-wollokers-group\u001b[39m\u001b[23m","ok":true,"timeElapsed":2802,"timestamp":"2025-07-04T13:53:41.745Z"}
{"level":"info","message":"⌛ Building environment","timeElapsed":864,"timestamp":"2025-07-04T13:55:12.381Z"}
{"level":"info","message":"⌛ Validating administradorDeHechizos.wlk","timeElapsed":763,"timestamp":"2025-07-04T13:55:13.277Z"}
{"level":"info","message":"⌛ Building environment","timeElapsed":689,"timestamp":"2025-07-04T13:55:26.217Z"}
{"level":"info","message":"⌛ Validating arcaneBastion.wlk","timeElapsed":765,"timestamp":"2025-07-04T13:55:27.067Z"}
{"level":"info","message":"⌛ Building environment","timeElapsed":618,"timestamp":"2025-07-04T13:56:10.974Z"}
{"level":"info","message":"⌛ Building environment","timeElapsed":546,"timestamp":"2025-07-04T13:56:11.583Z"}
{"level":"info","message":"⌛ Validating administradorDeHechizos.wlk","timeElapsed":608,"timestamp":"2025-07-04T13:56:12.408Z"}
{"level":"info","message":"⌛ Validating administradorDeHechizos.wlk","timeElapsed":541,"timestamp":"2025-07-04T13:56:12.962Z"}
{"exitCode":"SIGHUP","level":"info","message":"👾 Game executed main.ArcaneBastion on c:\\Users\\LUZ RAMIREZ\\Documents\\TPGameIntegrador-wollokers-group","timeElapsed":162610,"timestamp":"2025-07-04T13:56:21.536Z"}
{"level":"info","message":"🚀 Program executed \u001b[3m\u001b[34mmain.ArcaneBastion\u001b[39m\u001b[23m on \u001b[3m\u001b[34mc:\\Users\\LUZ RAMIREZ\\Documents\\TPGameIntegrador-wollokers-group\u001b[39m\u001b[23m","ok":true,"timeElapsed":2349,"timestamp":"2025-07-04T13:56:33.711Z"}
{"exitCode":"SIGHUP","level":"info","message":"👾 Game executed main.ArcaneBastion on c:\\Users\\LUZ RAMIREZ\\Documents\\TPGameIntegrador-wollokers-group","timeElapsed":178640,"timestamp":"2025-07-04T13:59:30.001Z"}
{"level":"info","message":"⌛ Building environment","timeElapsed":815,"timestamp":"2025-07-04T14:00:59.281Z"}
{"level":"info","message":"⌛ Validating arcaneBastion.wtest","timeElapsed":761,"timestamp":"2025-07-04T14:01:00.232Z"}
{"level":"info","message":"⌛ Building environment","timeElapsed":517,"timestamp":"2025-07-04T14:01:12.661Z"}
{"level":"info","message":"⌛ Building environment","timeElapsed":364,"timestamp":"2025-07-04T14:01:13.095Z"}
{"level":"info","message":"⌛ Autocomplete - Package","timeElapsed":101,"timestamp":"2025-07-04T14:01:13.198Z"}
{"level":"info","message":"⌛ Building environment","timeElapsed":346,"timestamp":"2025-07-04T14:01:13.573Z"}
{"level":"error","message":"✘ Failed to rebuild document Failed to parse arcaneBastion.wtest: \n-- PARSING FAILED --------------------------------------------------\n\nGot the end of the input\n\nExpected one of the following: \n\nstring literal, whitespace\n","stack":"Error: Failed to parse arcaneBastion.wtest: \n-- PARSING FAILED --------------------------------------------------\n\nGot the end of the input\n\nExpected one of the following: \n\nstring literal, whitespace\n\n    at c:\\Users\\LUZ RAMIREZ\\.vscode\\extensions\\uqbar.wollok-lsp-ide-0.5.2\\out\\server\\src\\server.js:2326:13026\n    at Array.map (<anonymous>)\n    at D1n (c:\\Users\\LUZ RAMIREZ\\.vscode\\extensions\\uqbar.wollok-lsp-ide-0.5.2\\out\\server\\src\\server.js:2326:12950)\n    at W2.buildEnvironmentFrom (c:\\Users\\LUZ RAMIREZ\\.vscode\\extensions\\uqbar.wollok-lsp-ide-0.5.2\\out\\server\\src\\server.js:2371:5254)\n    at W2.updateEnvironmentWith (c:\\Users\\LUZ RAMIREZ\\.vscode\\extensions\\uqbar.wollok-lsp-ide-0.5.2\\out\\server\\src\\server.js:2371:4989)\n    at GF (c:\\Users\\LUZ RAMIREZ\\.vscode\\extensions\\uqbar.wollok-lsp-ide-0.5.2\\out\\server\\src\\server.js:2371:7383)\n    at L3.invoke (c:\\Users\\LUZ RAMIREZ\\.vscode\\extensions\\uqbar.wollok-lsp-ide-0.5.2\\out\\server\\src\\server.js:3:157326)\n    at o.fire (c:\\Users\\LUZ RAMIREZ\\.vscode\\extensions\\uqbar.wollok-lsp-ide-0.5.2\\out\\server\\src\\server.js:3:158096)\n    at c:\\Users\\LUZ RAMIREZ\\.vscode\\extensions\\uqbar.wollok-lsp-ide-0.5.2\\out\\server\\src\\server.js:37:57871\n    at Kr (c:\\Users\\LUZ RAMIREZ\\.vscode\\extensions\\uqbar.wollok-lsp-ide-0.5.2\\out\\server\\src\\server.js:8:1561)","timestamp":"2025-07-04T14:01:13.593Z"}
{"level":"info","message":"⌛ Validating arcaneBastion.wtest","timeElapsed":463,"timestamp":"2025-07-04T14:01:14.057Z"}
{"level":"error","message":"✘ Failed to rebuild document Failed to parse arcaneBastion.wtest: \n-- PARSING FAILED --------------------------------------------------\n\nGot the end of the input\n\nExpected one of the following: \n\nstring literal, whitespace\n","stack":"Error: Failed to parse arcaneBastion.wtest: \n-- PARSING FAILED --------------------------------------------------\n\nGot the end of the input\n\nExpected one of the following: \n\nstring literal, whitespace\n\n    at c:\\Users\\LUZ RAMIREZ\\.vscode\\extensions\\uqbar.wollok-lsp-ide-0.5.2\\out\\server\\src\\server.js:2326:13026\n    at Array.map (<anonymous>)\n    at D1n (c:\\Users\\LUZ RAMIREZ\\.vscode\\extensions\\uqbar.wollok-lsp-ide-0.5.2\\out\\server\\src\\server.js:2326:12950)\n    at W2.buildEnvironmentFrom (c:\\Users\\LUZ RAMIREZ\\.vscode\\extensions\\uqbar.wollok-lsp-ide-0.5.2\\out\\server\\src\\server.js:2371:5254)\n    at W2.updateEnvironmentWith (c:\\Users\\LUZ RAMIREZ\\.vscode\\extensions\\uqbar.wollok-lsp-ide-0.5.2\\out\\server\\src\\server.js:2371:4989)\n    at GF (c:\\Users\\LUZ RAMIREZ\\.vscode\\extensions\\uqbar.wollok-lsp-ide-0.5.2\\out\\server\\src\\server.js:2371:7383)\n    at L3.invoke (c:\\Users\\LUZ RAMIREZ\\.vscode\\extensions\\uqbar.wollok-lsp-ide-0.5.2\\out\\server\\src\\server.js:3:157326)\n    at o.fire (c:\\Users\\LUZ RAMIREZ\\.vscode\\extensions\\uqbar.wollok-lsp-ide-0.5.2\\out\\server\\src\\server.js:3:158096)\n    at c:\\Users\\LUZ RAMIREZ\\.vscode\\extensions\\uqbar.wollok-lsp-ide-0.5.2\\out\\server\\src\\server.js:37:57871\n    at Kr (c:\\Users\\LUZ RAMIREZ\\.vscode\\extensions\\uqbar.wollok-lsp-ide-0.5.2\\out\\server\\src\\server.js:8:1561)","timestamp":"2025-07-04T14:01:14.142Z"}
{"level":"info","message":"⌛ Validating arcaneBastion.wtest","timeElapsed":486,"timestamp":"2025-07-04T14:01:14.629Z"}
{"level":"error","message":"✘ Failed to rebuild document Failed to parse arcaneBastion.wtest: \n-- PARSING FAILED --------------------------------------------------\n\nGot the end of the input\n\nExpected one of the following: \n\n'@', '{', comment, whitespace\n","stack":"Error: Failed to parse arcaneBastion.wtest: \n-- PARSING FAILED --------------------------------------------------\n\nGot the end of the input\n\nExpected one of the following: \n\n'@', '{', comment, whitespace\n\n    at c:\\Users\\LUZ RAMIREZ\\.vscode\\extensions\\uqbar.wollok-lsp-ide-0.5.2\\out\\server\\src\\server.js:2326:13026\n    at Array.map (<anonymous>)\n    at D1n (c:\\Users\\LUZ RAMIREZ\\.vscode\\extensions\\uqbar.wollok-lsp-ide-0.5.2\\out\\server\\src\\server.js:2326:12950)\n    at W2.buildEnvironmentFrom (c:\\Users\\LUZ RAMIREZ\\.vscode\\extensions\\uqbar.wollok-lsp-ide-0.5.2\\out\\server\\src\\server.js:2371:5254)\n    at W2.updateEnvironmentWith (c:\\Users\\LUZ RAMIREZ\\.vscode\\extensions\\uqbar.wollok-lsp-ide-0.5.2\\out\\server\\src\\server.js:2371:4989)\n    at GF (c:\\Users\\LUZ RAMIREZ\\.vscode\\extensions\\uqbar.wollok-lsp-ide-0.5.2\\out\\server\\src\\server.js:2371:7383)\n    at L3.invoke (c:\\Users\\LUZ RAMIREZ\\.vscode\\extensions\\uqbar.wollok-lsp-ide-0.5.2\\out\\server\\src\\server.js:3:157326)\n    at o.fire (c:\\Users\\LUZ RAMIREZ\\.vscode\\extensions\\uqbar.wollok-lsp-ide-0.5.2\\out\\server\\src\\server.js:3:158096)\n    at c:\\Users\\LUZ RAMIREZ\\.vscode\\extensions\\uqbar.wollok-lsp-ide-0.5.2\\out\\server\\src\\server.js:37:57871\n    at Kr (c:\\Users\\LUZ RAMIREZ\\.vscode\\extensions\\uqbar.wollok-lsp-ide-0.5.2\\out\\server\\src\\server.js:8:1561)","timestamp":"2025-07-04T14:01:14.667Z"}
{"level":"info","message":"⌛ Validating arcaneBastion.wtest","timeElapsed":403,"timestamp":"2025-07-04T14:01:15.078Z"}
{"level":"error","message":"✘ Failed to rebuild document Failed to parse arcaneBastion.wtest: \n-- PARSING FAILED --------------------------------------------------\n\nGot the end of the input\n\nExpected one of the following: \n\n'@', '{', comment, whitespace\n","stack":"Error: Failed to parse arcaneBastion.wtest: \n-- PARSING FAILED --------------------------------------------------\n\nGot the end of the input\n\nExpected one of the following: \n\n'@', '{', comment, whitespace\n\n    at c:\\Users\\LUZ RAMIREZ\\.vscode\\extensions\\uqbar.wollok-lsp-ide-0.5.2\\out\\server\\src\\server.js:2326:13026\n    at Array.map (<anonymous>)\n    at D1n (c:\\Users\\LUZ RAMIREZ\\.vscode\\extensions\\uqbar.wollok-lsp-ide-0.5.2\\out\\server\\src\\server.js:2326:12950)\n    at W2.buildEnvironmentFrom (c:\\Users\\LUZ RAMIREZ\\.vscode\\extensions\\uqbar.wollok-lsp-ide-0.5.2\\out\\server\\src\\server.js:2371:5254)\n    at W2.updateEnvironmentWith (c:\\Users\\LUZ RAMIREZ\\.vscode\\extensions\\uqbar.wollok-lsp-ide-0.5.2\\out\\server\\src\\server.js:2371:4989)\n    at GF (c:\\Users\\LUZ RAMIREZ\\.vscode\\extensions\\uqbar.wollok-lsp-ide-0.5.2\\out\\server\\src\\server.js:2371:7383)\n    at L3.invoke (c:\\Users\\LUZ RAMIREZ\\.vscode\\extensions\\uqbar.wollok-lsp-ide-0.5.2\\out\\server\\src\\server.js:3:157326)\n    at o.fire (c:\\Users\\LUZ RAMIREZ\\.vscode\\extensions\\uqbar.wollok-lsp-ide-0.5.2\\out\\server\\src\\server.js:3:158096)\n    at c:\\Users\\LUZ RAMIREZ\\.vscode\\extensions\\uqbar.wollok-lsp-ide-0.5.2\\out\\server\\src\\server.js:37:57871\n    at Kr (c:\\Users\\LUZ RAMIREZ\\.vscode\\extensions\\uqbar.wollok-lsp-ide-0.5.2\\out\\server\\src\\server.js:8:1561)","timestamp":"2025-07-04T14:01:15.765Z"}
{"level":"error","message":"✘ Failed to rebuild document Failed to parse arcaneBastion.wtest: \n-- PARSING FAILED --------------------------------------------------\n\nGot the end of the input\n\nExpected one of the following: \n\n'@', '{', comment, whitespace\n","stack":"Error: Failed to parse arcaneBastion.wtest: \n-- PARSING FAILED --------------------------------------------------\n\nGot the end of the input\n\nExpected one of the following: \n\n'@', '{', comment, whitespace\n\n    at c:\\Users\\LUZ RAMIREZ\\.vscode\\extensions\\uqbar.wollok-lsp-ide-0.5.2\\out\\server\\src\\server.js:2326:13026\n    at Array.map (<anonymous>)\n    at D1n (c:\\Users\\LUZ RAMIREZ\\.vscode\\extensions\\uqbar.wollok-lsp-ide-0.5.2\\out\\server\\src\\server.js:2326:12950)\n    at W2.buildEnvironmentFrom (c:\\Users\\LUZ RAMIREZ\\.vscode\\extensions\\uqbar.wollok-lsp-ide-0.5.2\\out\\server\\src\\server.js:2371:5254)\n    at W2.updateEnvironmentWith (c:\\Users\\LUZ RAMIREZ\\.vscode\\extensions\\uqbar.wollok-lsp-ide-0.5.2\\out\\server\\src\\server.js:2371:4989)\n    at GF (c:\\Users\\LUZ RAMIREZ\\.vscode\\extensions\\uqbar.wollok-lsp-ide-0.5.2\\out\\server\\src\\server.js:2371:7383)\n    at L3.invoke (c:\\Users\\LUZ RAMIREZ\\.vscode\\extensions\\uqbar.wollok-lsp-ide-0.5.2\\out\\server\\src\\server.js:3:157326)\n    at o.fire (c:\\Users\\LUZ RAMIREZ\\.vscode\\extensions\\uqbar.wollok-lsp-ide-0.5.2\\out\\server\\src\\server.js:3:158096)\n    at c:\\Users\\LUZ RAMIREZ\\.vscode\\extensions\\uqbar.wollok-lsp-ide-0.5.2\\out\\server\\src\\server.js:37:57871\n    at Kr (c:\\Users\\LUZ RAMIREZ\\.vscode\\extensions\\uqbar.wollok-lsp-ide-0.5.2\\out\\server\\src\\server.js:8:1561)","timestamp":"2025-07-04T14:01:15.899Z"}
{"level":"error","message":"✘ Failed to rebuild document Failed to parse arcaneBastion.wtest: \n-- PARSING FAILED --------------------------------------------------\n\nGot the end of the input\n\nExpected one of the following: \n\n'@', '{', comment, whitespace\n","stack":"Error: Failed to parse arcaneBastion.wtest: \n-- PARSING FAILED --------------------------------------------------\n\nGot the end of the input\n\nExpected one of the following: \n\n'@', '{', comment, whitespace\n\n    at c:\\Users\\LUZ RAMIREZ\\.vscode\\extensions\\uqbar.wollok-lsp-ide-0.5.2\\out\\server\\src\\server.js:2326:13026\n    at Array.map (<anonymous>)\n    at D1n (c:\\Users\\LUZ RAMIREZ\\.vscode\\extensions\\uqbar.wollok-lsp-ide-0.5.2\\out\\server\\src\\server.js:2326:12950)\n    at W2.buildEnvironmentFrom (c:\\Users\\LUZ RAMIREZ\\.vscode\\extensions\\uqbar.wollok-lsp-ide-0.5.2\\out\\server\\src\\server.js:2371:5254)\n    at W2.updateEnvironmentWith (c:\\Users\\LUZ RAMIREZ\\.vscode\\extensions\\uqbar.wollok-lsp-ide-0.5.2\\out\\server\\src\\server.js:2371:4989)\n    at GF (c:\\Users\\LUZ RAMIREZ\\.vscode\\extensions\\uqbar.wollok-lsp-ide-0.5.2\\out\\server\\src\\server.js:2371:7383)\n    at L3.invoke (c:\\Users\\LUZ RAMIREZ\\.vscode\\extensions\\uqbar.wollok-lsp-ide-0.5.2\\out\\server\\src\\server.js:3:157326)\n    at o.fire (c:\\Users\\LUZ RAMIREZ\\.vscode\\extensions\\uqbar.wollok-lsp-ide-0.5.2\\out\\server\\src\\server.js:3:158096)\n    at c:\\Users\\LUZ RAMIREZ\\.vscode\\extensions\\uqbar.wollok-lsp-ide-0.5.2\\out\\server\\src\\server.js:37:57871\n    at Kr (c:\\Users\\LUZ RAMIREZ\\.vscode\\extensions\\uqbar.wollok-lsp-ide-0.5.2\\out\\server\\src\\server.js:8:1561)","timestamp":"2025-07-04T14:01:16.111Z"}
{"level":"error","message":"✘ Failed to rebuild document Failed to parse arcaneBastion.wtest: \n-- PARSING FAILED --------------------------------------------------\n\nGot the end of the input\n\nExpected one of the following: \n\n'@', '{', comment, whitespace\n","stack":"Error: Failed to parse arcaneBastion.wtest: \n-- PARSING FAILED --------------------------------------------------\n\nGot the end of the input\n\nExpected one of the following: \n\n'@', '{', comment, whitespace\n\n    at c:\\Users\\LUZ RAMIREZ\\.vscode\\extensions\\uqbar.wollok-lsp-ide-0.5.2\\out\\server\\src\\server.js:2326:13026\n    at Array.map (<anonymous>)\n    at D1n (c:\\Users\\LUZ RAMIREZ\\.vscode\\extensions\\uqbar.wollok-lsp-ide-0.5.2\\out\\server\\src\\server.js:2326:12950)\n    at W2.buildEnvironmentFrom (c:\\Users\\LUZ RAMIREZ\\.vscode\\extensions\\uqbar.wollok-lsp-ide-0.5.2\\out\\server\\src\\server.js:2371:5254)\n    at W2.updateEnvironmentWith (c:\\Users\\LUZ RAMIREZ\\.vscode\\extensions\\uqbar.wollok-lsp-ide-0.5.2\\out\\server\\src\\server.js:2371:4989)\n    at GF (c:\\Users\\LUZ RAMIREZ\\.vscode\\extensions\\uqbar.wollok-lsp-ide-0.5.2\\out\\server\\src\\server.js:2371:7383)\n    at L3.invoke (c:\\Users\\LUZ RAMIREZ\\.vscode\\extensions\\uqbar.wollok-lsp-ide-0.5.2\\out\\server\\src\\server.js:3:157326)\n    at o.fire (c:\\Users\\LUZ RAMIREZ\\.vscode\\extensions\\uqbar.wollok-lsp-ide-0.5.2\\out\\server\\src\\server.js:3:158096)\n    at c:\\Users\\LUZ RAMIREZ\\.vscode\\extensions\\uqbar.wollok-lsp-ide-0.5.2\\out\\server\\src\\server.js:37:57871\n    at Kr (c:\\Users\\LUZ RAMIREZ\\.vscode\\extensions\\uqbar.wollok-lsp-ide-0.5.2\\out\\server\\src\\server.js:8:1561)","timestamp":"2025-07-04T14:01:16.286Z"}
{"level":"error","message":"✘ Failed to rebuild document Failed to parse arcaneBastion.wtest: \n-- PARSING FAILED --------------------------------------------------\n\nGot the end of the input\n\nExpected one of the following: \n\n'@', '{', comment, whitespace\n","stack":"Error: Failed to parse arcaneBastion.wtest: \n-- PARSING FAILED --------------------------------------------------\n\nGot the end of the input\n\nExpected one of the following: \n\n'@', '{', comment, whitespace\n\n    at c:\\Users\\LUZ RAMIREZ\\.vscode\\extensions\\uqbar.wollok-lsp-ide-0.5.2\\out\\server\\src\\server.js:2326:13026\n    at Array.map (<anonymous>)\n    at D1n (c:\\Users\\LUZ RAMIREZ\\.vscode\\extensions\\uqbar.wollok-lsp-ide-0.5.2\\out\\server\\src\\server.js:2326:12950)\n    at W2.buildEnvironmentFrom (c:\\Users\\LUZ RAMIREZ\\.vscode\\extensions\\uqbar.wollok-lsp-ide-0.5.2\\out\\server\\src\\server.js:2371:5254)\n    at W2.updateEnvironmentWith (c:\\Users\\LUZ RAMIREZ\\.vscode\\extensions\\uqbar.wollok-lsp-ide-0.5.2\\out\\server\\src\\server.js:2371:4989)\n    at GF (c:\\Users\\LUZ RAMIREZ\\.vscode\\extensions\\uqbar.wollok-lsp-ide-0.5.2\\out\\server\\src\\server.js:2371:7383)\n    at L3.invoke (c:\\Users\\LUZ RAMIREZ\\.vscode\\extensions\\uqbar.wollok-lsp-ide-0.5.2\\out\\server\\src\\server.js:3:157326)\n    at o.fire (c:\\Users\\LUZ RAMIREZ\\.vscode\\extensions\\uqbar.wollok-lsp-ide-0.5.2\\out\\server\\src\\server.js:3:158096)\n    at c:\\Users\\LUZ RAMIREZ\\.vscode\\extensions\\uqbar.wollok-lsp-ide-0.5.2\\out\\server\\src\\server.js:37:57871\n    at Kr (c:\\Users\\LUZ RAMIREZ\\.vscode\\extensions\\uqbar.wollok-lsp-ide-0.5.2\\out\\server\\src\\server.js:8:1561)","timestamp":"2025-07-04T14:01:16.335Z"}
{"level":"error","message":"✘ Failed to rebuild document Failed to parse arcaneBastion.wtest: \n-- PARSING FAILED --------------------------------------------------\n\nGot the end of the input\n\nExpected one of the following: \n\n'@', '{', comment, whitespace\n","stack":"Error: Failed to parse arcaneBastion.wtest: \n-- PARSING FAILED --------------------------------------------------\n\nGot the end of the input\n\nExpected one of the following: \n\n'@', '{', comment, whitespace\n\n    at c:\\Users\\LUZ RAMIREZ\\.vscode\\extensions\\uqbar.wollok-lsp-ide-0.5.2\\out\\server\\src\\server.js:2326:13026\n    at Array.map (<anonymous>)\n    at D1n (c:\\Users\\LUZ RAMIREZ\\.vscode\\extensions\\uqbar.wollok-lsp-ide-0.5.2\\out\\server\\src\\server.js:2326:12950)\n    at W2.buildEnvironmentFrom (c:\\Users\\LUZ RAMIREZ\\.vscode\\extensions\\uqbar.wollok-lsp-ide-0.5.2\\out\\server\\src\\server.js:2371:5254)\n    at W2.updateEnvironmentWith (c:\\Users\\LUZ RAMIREZ\\.vscode\\extensions\\uqbar.wollok-lsp-ide-0.5.2\\out\\server\\src\\server.js:2371:4989)\n    at GF (c:\\Users\\LUZ RAMIREZ\\.vscode\\extensions\\uqbar.wollok-lsp-ide-0.5.2\\out\\server\\src\\server.js:2371:7383)\n    at L3.invoke (c:\\Users\\LUZ RAMIREZ\\.vscode\\extensions\\uqbar.wollok-lsp-ide-0.5.2\\out\\server\\src\\server.js:3:157326)\n    at o.fire (c:\\Users\\LUZ RAMIREZ\\.vscode\\extensions\\uqbar.wollok-lsp-ide-0.5.2\\out\\server\\src\\server.js:3:158096)\n    at c:\\Users\\LUZ RAMIREZ\\.vscode\\extensions\\uqbar.wollok-lsp-ide-0.5.2\\out\\server\\src\\server.js:37:57871\n    at Kr (c:\\Users\\LUZ RAMIREZ\\.vscode\\extensions\\uqbar.wollok-lsp-ide-0.5.2\\out\\server\\src\\server.js:8:1561)","timestamp":"2025-07-04T14:01:16.561Z"}
{"level":"error","message":"✘ Failed to rebuild document Failed to parse arcaneBastion.wtest: \n-- PARSING FAILED --------------------------------------------------\n\nGot the end of the input\n\nExpected one of the following: \n\n'@', '{', comment, whitespace\n","stack":"Error: Failed to parse arcaneBastion.wtest: \n-- PARSING FAILED --------------------------------------------------\n\nGot the end of the input\n\nExpected one of the following: \n\n'@', '{', comment, whitespace\n\n    at c:\\Users\\LUZ RAMIREZ\\.vscode\\extensions\\uqbar.wollok-lsp-ide-0.5.2\\out\\server\\src\\server.js:2326:13026\n    at Array.map (<anonymous>)\n    at D1n (c:\\Users\\LUZ RAMIREZ\\.vscode\\extensions\\uqbar.wollok-lsp-ide-0.5.2\\out\\server\\src\\server.js:2326:12950)\n    at W2.buildEnvironmentFrom (c:\\Users\\LUZ RAMIREZ\\.vscode\\extensions\\uqbar.wollok-lsp-ide-0.5.2\\out\\server\\src\\server.js:2371:5254)\n    at W2.updateEnvironmentWith (c:\\Users\\LUZ RAMIREZ\\.vscode\\extensions\\uqbar.wollok-lsp-ide-0.5.2\\out\\server\\src\\server.js:2371:4989)\n    at GF (c:\\Users\\LUZ RAMIREZ\\.vscode\\extensions\\uqbar.wollok-lsp-ide-0.5.2\\out\\server\\src\\server.js:2371:7383)\n    at L3.invoke (c:\\Users\\LUZ RAMIREZ\\.vscode\\extensions\\uqbar.wollok-lsp-ide-0.5.2\\out\\server\\src\\server.js:3:157326)\n    at o.fire (c:\\Users\\LUZ RAMIREZ\\.vscode\\extensions\\uqbar.wollok-lsp-ide-0.5.2\\out\\server\\src\\server.js:3:158096)\n    at c:\\Users\\LUZ RAMIREZ\\.vscode\\extensions\\uqbar.wollok-lsp-ide-0.5.2\\out\\server\\src\\server.js:37:57871\n    at Kr (c:\\Users\\LUZ RAMIREZ\\.vscode\\extensions\\uqbar.wollok-lsp-ide-0.5.2\\out\\server\\src\\server.js:8:1561)","timestamp":"2025-07-04T14:01:16.614Z"}
{"level":"error","message":"✘ Failed to rebuild document Failed to parse arcaneBastion.wtest: \n-- PARSING FAILED --------------------------------------------------\n\nGot the end of the input\n\nExpected one of the following: \n\n'@', '{', comment, whitespace\n","stack":"Error: Failed to parse arcaneBastion.wtest: \n-- PARSING FAILED --------------------------------------------------\n\nGot the end of the input\n\nExpected one of the following: \n\n'@', '{', comment, whitespace\n\n    at c:\\Users\\LUZ RAMIREZ\\.vscode\\extensions\\uqbar.wollok-lsp-ide-0.5.2\\out\\server\\src\\server.js:2326:13026\n    at Array.map (<anonymous>)\n    at D1n (c:\\Users\\LUZ RAMIREZ\\.vscode\\extensions\\uqbar.wollok-lsp-ide-0.5.2\\out\\server\\src\\server.js:2326:12950)\n    at W2.buildEnvironmentFrom (c:\\Users\\LUZ RAMIREZ\\.vscode\\extensions\\uqbar.wollok-lsp-ide-0.5.2\\out\\server\\src\\server.js:2371:5254)\n    at W2.updateEnvironmentWith (c:\\Users\\LUZ RAMIREZ\\.vscode\\extensions\\uqbar.wollok-lsp-ide-0.5.2\\out\\server\\src\\server.js:2371:4989)\n    at GF (c:\\Users\\LUZ RAMIREZ\\.vscode\\extensions\\uqbar.wollok-lsp-ide-0.5.2\\out\\server\\src\\server.js:2371:7383)\n    at L3.invoke (c:\\Users\\LUZ RAMIREZ\\.vscode\\extensions\\uqbar.wollok-lsp-ide-0.5.2\\out\\server\\src\\server.js:3:157326)\n    at o.fire (c:\\Users\\LUZ RAMIREZ\\.vscode\\extensions\\uqbar.wollok-lsp-ide-0.5.2\\out\\server\\src\\server.js:3:158096)\n    at c:\\Users\\LUZ RAMIREZ\\.vscode\\extensions\\uqbar.wollok-lsp-ide-0.5.2\\out\\server\\src\\server.js:37:57871\n    at Kr (c:\\Users\\LUZ RAMIREZ\\.vscode\\extensions\\uqbar.wollok-lsp-ide-0.5.2\\out\\server\\src\\server.js:8:1561)","timestamp":"2025-07-04T14:01:16.812Z"}
{"level":"error","message":"✘ Failed to rebuild document Failed to parse arcaneBastion.wtest: \n-- PARSING FAILED --------------------------------------------------\n\nGot the end of the input\n\nExpected one of the following: \n\n'@', '{', comment, whitespace\n","stack":"Error: Failed to parse arcaneBastion.wtest: \n-- PARSING FAILED --------------------------------------------------\n\nGot the end of the input\n\nExpected one of the following: \n\n'@', '{', comment, whitespace\n\n    at c:\\Users\\LUZ RAMIREZ\\.vscode\\extensions\\uqbar.wollok-lsp-ide-0.5.2\\out\\server\\src\\server.js:2326:13026\n    at Array.map (<anonymous>)\n    at D1n (c:\\Users\\LUZ RAMIREZ\\.vscode\\extensions\\uqbar.wollok-lsp-ide-0.5.2\\out\\server\\src\\server.js:2326:12950)\n    at W2.buildEnvironmentFrom (c:\\Users\\LUZ RAMIREZ\\.vscode\\extensions\\uqbar.wollok-lsp-ide-0.5.2\\out\\server\\src\\server.js:2371:5254)\n    at W2.updateEnvironmentWith (c:\\Users\\LUZ RAMIREZ\\.vscode\\extensions\\uqbar.wollok-lsp-ide-0.5.2\\out\\server\\src\\server.js:2371:4989)\n    at GF (c:\\Users\\LUZ RAMIREZ\\.vscode\\extensions\\uqbar.wollok-lsp-ide-0.5.2\\out\\server\\src\\server.js:2371:7383)\n    at L3.invoke (c:\\Users\\LUZ RAMIREZ\\.vscode\\extensions\\uqbar.wollok-lsp-ide-0.5.2\\out\\server\\src\\server.js:3:157326)\n    at o.fire (c:\\Users\\LUZ RAMIREZ\\.vscode\\extensions\\uqbar.wollok-lsp-ide-0.5.2\\out\\server\\src\\server.js:3:158096)\n    at c:\\Users\\LUZ RAMIREZ\\.vscode\\extensions\\uqbar.wollok-lsp-ide-0.5.2\\out\\server\\src\\server.js:37:57871\n    at Kr (c:\\Users\\LUZ RAMIREZ\\.vscode\\extensions\\uqbar.wollok-lsp-ide-0.5.2\\out\\server\\src\\server.js:8:1561)","timestamp":"2025-07-04T14:01:16.894Z"}
{"level":"error","message":"✘ Failed to rebuild document Failed to parse arcaneBastion.wtest: \n-- PARSING FAILED --------------------------------------------------\n\nGot the end of the input\n\nExpected one of the following: \n\n'@', '{', comment, whitespace\n","stack":"Error: Failed to parse arcaneBastion.wtest: \n-- PARSING FAILED --------------------------------------------------\n\nGot the end of the input\n\nExpected one of the following: \n\n'@', '{', comment, whitespace\n\n    at c:\\Users\\LUZ RAMIREZ\\.vscode\\extensions\\uqbar.wollok-lsp-ide-0.5.2\\out\\server\\src\\server.js:2326:13026\n    at Array.map (<anonymous>)\n    at D1n (c:\\Users\\LUZ RAMIREZ\\.vscode\\extensions\\uqbar.wollok-lsp-ide-0.5.2\\out\\server\\src\\server.js:2326:12950)\n    at W2.buildEnvironmentFrom (c:\\Users\\LUZ RAMIREZ\\.vscode\\extensions\\uqbar.wollok-lsp-ide-0.5.2\\out\\server\\src\\server.js:2371:5254)\n    at W2.updateEnvironmentWith (c:\\Users\\LUZ RAMIREZ\\.vscode\\extensions\\uqbar.wollok-lsp-ide-0.5.2\\out\\server\\src\\server.js:2371:4989)\n    at GF (c:\\Users\\LUZ RAMIREZ\\.vscode\\extensions\\uqbar.wollok-lsp-ide-0.5.2\\out\\server\\src\\server.js:2371:7383)\n    at L3.invoke (c:\\Users\\LUZ RAMIREZ\\.vscode\\extensions\\uqbar.wollok-lsp-ide-0.5.2\\out\\server\\src\\server.js:3:157326)\n    at o.fire (c:\\Users\\LUZ RAMIREZ\\.vscode\\extensions\\uqbar.wollok-lsp-ide-0.5.2\\out\\server\\src\\server.js:3:158096)\n    at c:\\Users\\LUZ RAMIREZ\\.vscode\\extensions\\uqbar.wollok-lsp-ide-0.5.2\\out\\server\\src\\server.js:37:57871\n    at Kr (c:\\Users\\LUZ RAMIREZ\\.vscode\\extensions\\uqbar.wollok-lsp-ide-0.5.2\\out\\server\\src\\server.js:8:1561)","timestamp":"2025-07-04T14:01:17.019Z"}
{"level":"error","message":"✘ Failed to rebuild document Failed to parse arcaneBastion.wtest: \n-- PARSING FAILED --------------------------------------------------\n\nGot the end of the input\n\nExpected one of the following: \n\n'@', '{', comment, whitespace\n","stack":"Error: Failed to parse arcaneBastion.wtest: \n-- PARSING FAILED --------------------------------------------------\n\nGot the end of the input\n\nExpected one of the following: \n\n'@', '{', comment, whitespace\n\n    at c:\\Users\\LUZ RAMIREZ\\.vscode\\extensions\\uqbar.wollok-lsp-ide-0.5.2\\out\\server\\src\\server.js:2326:13026\n    at Array.map (<anonymous>)\n    at D1n (c:\\Users\\LUZ RAMIREZ\\.vscode\\extensions\\uqbar.wollok-lsp-ide-0.5.2\\out\\server\\src\\server.js:2326:12950)\n    at W2.buildEnvironmentFrom (c:\\Users\\LUZ RAMIREZ\\.vscode\\extensions\\uqbar.wollok-lsp-ide-0.5.2\\out\\server\\src\\server.js:2371:5254)\n    at W2.updateEnvironmentWith (c:\\Users\\LUZ RAMIREZ\\.vscode\\extensions\\uqbar.wollok-lsp-ide-0.5.2\\out\\server\\src\\server.js:2371:4989)\n    at GF (c:\\Users\\LUZ RAMIREZ\\.vscode\\extensions\\uqbar.wollok-lsp-ide-0.5.2\\out\\server\\src\\server.js:2371:7383)\n    at L3.invoke (c:\\Users\\LUZ RAMIREZ\\.vscode\\extensions\\uqbar.wollok-lsp-ide-0.5.2\\out\\server\\src\\server.js:3:157326)\n    at o.fire (c:\\Users\\LUZ RAMIREZ\\.vscode\\extensions\\uqbar.wollok-lsp-ide-0.5.2\\out\\server\\src\\server.js:3:158096)\n    at c:\\Users\\LUZ RAMIREZ\\.vscode\\extensions\\uqbar.wollok-lsp-ide-0.5.2\\out\\server\\src\\server.js:37:57871\n    at Kr (c:\\Users\\LUZ RAMIREZ\\.vscode\\extensions\\uqbar.wollok-lsp-ide-0.5.2\\out\\server\\src\\server.js:8:1561)","timestamp":"2025-07-04T14:01:17.151Z"}
{"level":"error","message":"✘ Failed to rebuild document Failed to parse arcaneBastion.wtest: \n-- PARSING FAILED --------------------------------------------------\n\nGot the end of the input\n\nExpected one of the following: \n\n'@', '{', comment, whitespace\n","stack":"Error: Failed to parse arcaneBastion.wtest: \n-- PARSING FAILED --------------------------------------------------\n\nGot the end of the input\n\nExpected one of the following: \n\n'@', '{', comment, whitespace\n\n    at c:\\Users\\LUZ RAMIREZ\\.vscode\\extensions\\uqbar.wollok-lsp-ide-0.5.2\\out\\server\\src\\server.js:2326:13026\n    at Array.map (<anonymous>)\n    at D1n (c:\\Users\\LUZ RAMIREZ\\.vscode\\extensions\\uqbar.wollok-lsp-ide-0.5.2\\out\\server\\src\\server.js:2326:12950)\n    at W2.buildEnvironmentFrom (c:\\Users\\LUZ RAMIREZ\\.vscode\\extensions\\uqbar.wollok-lsp-ide-0.5.2\\out\\server\\src\\server.js:2371:5254)\n    at W2.updateEnvironmentWith (c:\\Users\\LUZ RAMIREZ\\.vscode\\extensions\\uqbar.wollok-lsp-ide-0.5.2\\out\\server\\src\\server.js:2371:4989)\n    at GF (c:\\Users\\LUZ RAMIREZ\\.vscode\\extensions\\uqbar.wollok-lsp-ide-0.5.2\\out\\server\\src\\server.js:2371:7383)\n    at L3.invoke (c:\\Users\\LUZ RAMIREZ\\.vscode\\extensions\\uqbar.wollok-lsp-ide-0.5.2\\out\\server\\src\\server.js:3:157326)\n    at o.fire (c:\\Users\\LUZ RAMIREZ\\.vscode\\extensions\\uqbar.wollok-lsp-ide-0.5.2\\out\\server\\src\\server.js:3:158096)\n    at c:\\Users\\LUZ RAMIREZ\\.vscode\\extensions\\uqbar.wollok-lsp-ide-0.5.2\\out\\server\\src\\server.js:37:57871\n    at Kr (c:\\Users\\LUZ RAMIREZ\\.vscode\\extensions\\uqbar.wollok-lsp-ide-0.5.2\\out\\server\\src\\server.js:8:1561)","timestamp":"2025-07-04T14:01:17.220Z"}
{"level":"error","message":"✘ Failed to rebuild document Failed to parse arcaneBastion.wtest: \n-- PARSING FAILED --------------------------------------------------\n\nGot the end of the input\n\nExpected one of the following: \n\n'@', '{', comment, whitespace\n","stack":"Error: Failed to parse arcaneBastion.wtest: \n-- PARSING FAILED --------------------------------------------------\n\nGot the end of the input\n\nExpected one of the following: \n\n'@', '{', comment, whitespace\n\n    at c:\\Users\\LUZ RAMIREZ\\.vscode\\extensions\\uqbar.wollok-lsp-ide-0.5.2\\out\\server\\src\\server.js:2326:13026\n    at Array.map (<anonymous>)\n    at D1n (c:\\Users\\LUZ RAMIREZ\\.vscode\\extensions\\uqbar.wollok-lsp-ide-0.5.2\\out\\server\\src\\server.js:2326:12950)\n    at W2.buildEnvironmentFrom (c:\\Users\\LUZ RAMIREZ\\.vscode\\extensions\\uqbar.wollok-lsp-ide-0.5.2\\out\\server\\src\\server.js:2371:5254)\n    at W2.updateEnvironmentWith (c:\\Users\\LUZ RAMIREZ\\.vscode\\extensions\\uqbar.wollok-lsp-ide-0.5.2\\out\\server\\src\\server.js:2371:4989)\n    at GF (c:\\Users\\LUZ RAMIREZ\\.vscode\\extensions\\uqbar.wollok-lsp-ide-0.5.2\\out\\server\\src\\server.js:2371:7383)\n    at L3.invoke (c:\\Users\\LUZ RAMIREZ\\.vscode\\extensions\\uqbar.wollok-lsp-ide-0.5.2\\out\\server\\src\\server.js:3:157326)\n    at o.fire (c:\\Users\\LUZ RAMIREZ\\.vscode\\extensions\\uqbar.wollok-lsp-ide-0.5.2\\out\\server\\src\\server.js:3:158096)\n    at c:\\Users\\LUZ RAMIREZ\\.vscode\\extensions\\uqbar.wollok-lsp-ide-0.5.2\\out\\server\\src\\server.js:37:57871\n    at Kr (c:\\Users\\LUZ RAMIREZ\\.vscode\\extensions\\uqbar.wollok-lsp-ide-0.5.2\\out\\server\\src\\server.js:8:1561)","timestamp":"2025-07-04T14:01:17.350Z"}
{"level":"error","message":"✘ Failed to rebuild document Failed to parse arcaneBastion.wtest: \n-- PARSING FAILED --------------------------------------------------\n\nGot the end of the input\n\nExpected one of the following: \n\n'@', '{', comment, whitespace\n","stack":"Error: Failed to parse arcaneBastion.wtest: \n-- PARSING FAILED --------------------------------------------------\n\nGot the end of the input\n\nExpected one of the following: \n\n'@', '{', comment, whitespace\n\n    at c:\\Users\\LUZ RAMIREZ\\.vscode\\extensions\\uqbar.wollok-lsp-ide-0.5.2\\out\\server\\src\\server.js:2326:13026\n    at Array.map (<anonymous>)\n    at D1n (c:\\Users\\LUZ RAMIREZ\\.vscode\\extensions\\uqbar.wollok-lsp-ide-0.5.2\\out\\server\\src\\server.js:2326:12950)\n    at W2.buildEnvironmentFrom (c:\\Users\\LUZ RAMIREZ\\.vscode\\extensions\\uqbar.wollok-lsp-ide-0.5.2\\out\\server\\src\\server.js:2371:5254)\n    at W2.updateEnvironmentWith (c:\\Users\\LUZ RAMIREZ\\.vscode\\extensions\\uqbar.wollok-lsp-ide-0.5.2\\out\\server\\src\\server.js:2371:4989)\n    at GF (c:\\Users\\LUZ RAMIREZ\\.vscode\\extensions\\uqbar.wollok-lsp-ide-0.5.2\\out\\server\\src\\server.js:2371:7383)\n    at L3.invoke (c:\\Users\\LUZ RAMIREZ\\.vscode\\extensions\\uqbar.wollok-lsp-ide-0.5.2\\out\\server\\src\\server.js:3:157326)\n    at o.fire (c:\\Users\\LUZ RAMIREZ\\.vscode\\extensions\\uqbar.wollok-lsp-ide-0.5.2\\out\\server\\src\\server.js:3:158096)\n    at c:\\Users\\LUZ RAMIREZ\\.vscode\\extensions\\uqbar.wollok-lsp-ide-0.5.2\\out\\server\\src\\server.js:37:57871\n    at Kr (c:\\Users\\LUZ RAMIREZ\\.vscode\\extensions\\uqbar.wollok-lsp-ide-0.5.2\\out\\server\\src\\server.js:8:1561)","timestamp":"2025-07-04T14:01:17.545Z"}
{"level":"error","message":"✘ Failed to rebuild document Failed to parse arcaneBastion.wtest: \n-- PARSING FAILED --------------------------------------------------\n\nGot the end of the input\n\nExpected one of the following: \n\n'@', '{', comment, whitespace\n","stack":"Error: Failed to parse arcaneBastion.wtest: \n-- PARSING FAILED --------------------------------------------------\n\nGot the end of the input\n\nExpected one of the following: \n\n'@', '{', comment, whitespace\n\n    at c:\\Users\\LUZ RAMIREZ\\.vscode\\extensions\\uqbar.wollok-lsp-ide-0.5.2\\out\\server\\src\\server.js:2326:13026\n    at Array.map (<anonymous>)\n    at D1n (c:\\Users\\LUZ RAMIREZ\\.vscode\\extensions\\uqbar.wollok-lsp-ide-0.5.2\\out\\server\\src\\server.js:2326:12950)\n    at W2.buildEnvironmentFrom (c:\\Users\\LUZ RAMIREZ\\.vscode\\extensions\\uqbar.wollok-lsp-ide-0.5.2\\out\\server\\src\\server.js:2371:5254)\n    at W2.updateEnvironmentWith (c:\\Users\\LUZ RAMIREZ\\.vscode\\extensions\\uqbar.wollok-lsp-ide-0.5.2\\out\\server\\src\\server.js:2371:4989)\n    at GF (c:\\Users\\LUZ RAMIREZ\\.vscode\\extensions\\uqbar.wollok-lsp-ide-0.5.2\\out\\server\\src\\server.js:2371:7383)\n    at L3.invoke (c:\\Users\\LUZ RAMIREZ\\.vscode\\extensions\\uqbar.wollok-lsp-ide-0.5.2\\out\\server\\src\\server.js:3:157326)\n    at o.fire (c:\\Users\\LUZ RAMIREZ\\.vscode\\extensions\\uqbar.wollok-lsp-ide-0.5.2\\out\\server\\src\\server.js:3:158096)\n    at c:\\Users\\LUZ RAMIREZ\\.vscode\\extensions\\uqbar.wollok-lsp-ide-0.5.2\\out\\server\\src\\server.js:37:57871\n    at Kr (c:\\Users\\LUZ RAMIREZ\\.vscode\\extensions\\uqbar.wollok-lsp-ide-0.5.2\\out\\server\\src\\server.js:8:1561)","timestamp":"2025-07-04T14:01:17.867Z"}
{"level":"error","message":"✘ Failed to rebuild document Failed to parse arcaneBastion.wtest: \n-- PARSING FAILED --------------------------------------------------\n\nGot the end of the input\n\nExpected one of the following: \n\n'@', '{', comment, whitespace\n","stack":"Error: Failed to parse arcaneBastion.wtest: \n-- PARSING FAILED --------------------------------------------------\n\nGot the end of the input\n\nExpected one of the following: \n\n'@', '{', comment, whitespace\n\n    at c:\\Users\\LUZ RAMIREZ\\.vscode\\extensions\\uqbar.wollok-lsp-ide-0.5.2\\out\\server\\src\\server.js:2326:13026\n    at Array.map (<anonymous>)\n    at D1n (c:\\Users\\LUZ RAMIREZ\\.vscode\\extensions\\uqbar.wollok-lsp-ide-0.5.2\\out\\server\\src\\server.js:2326:12950)\n    at W2.buildEnvironmentFrom (c:\\Users\\LUZ RAMIREZ\\.vscode\\extensions\\uqbar.wollok-lsp-ide-0.5.2\\out\\server\\src\\server.js:2371:5254)\n    at W2.updateEnvironmentWith (c:\\Users\\LUZ RAMIREZ\\.vscode\\extensions\\uqbar.wollok-lsp-ide-0.5.2\\out\\server\\src\\server.js:2371:4989)\n    at GF (c:\\Users\\LUZ RAMIREZ\\.vscode\\extensions\\uqbar.wollok-lsp-ide-0.5.2\\out\\server\\src\\server.js:2371:7383)\n    at L3.invoke (c:\\Users\\LUZ RAMIREZ\\.vscode\\extensions\\uqbar.wollok-lsp-ide-0.5.2\\out\\server\\src\\server.js:3:157326)\n    at o.fire (c:\\Users\\LUZ RAMIREZ\\.vscode\\extensions\\uqbar.wollok-lsp-ide-0.5.2\\out\\server\\src\\server.js:3:158096)\n    at c:\\Users\\LUZ RAMIREZ\\.vscode\\extensions\\uqbar.wollok-lsp-ide-0.5.2\\out\\server\\src\\server.js:37:57871\n    at Kr (c:\\Users\\LUZ RAMIREZ\\.vscode\\extensions\\uqbar.wollok-lsp-ide-0.5.2\\out\\server\\src\\server.js:8:1561)","timestamp":"2025-07-04T14:01:17.870Z"}
{"level":"error","message":"✘ Failed to rebuild document Failed to parse arcaneBastion.wtest: \n-- PARSING FAILED --------------------------------------------------\n\nGot the end of the input\n\nExpected one of the following: \n\n'@', '{', comment, whitespace\n","stack":"Error: Failed to parse arcaneBastion.wtest: \n-- PARSING FAILED --------------------------------------------------\n\nGot the end of the input\n\nExpected one of the following: \n\n'@', '{', comment, whitespace\n\n    at c:\\Users\\LUZ RAMIREZ\\.vscode\\extensions\\uqbar.wollok-lsp-ide-0.5.2\\out\\server\\src\\server.js:2326:13026\n    at Array.map (<anonymous>)\n    at D1n (c:\\Users\\LUZ RAMIREZ\\.vscode\\extensions\\uqbar.wollok-lsp-ide-0.5.2\\out\\server\\src\\server.js:2326:12950)\n    at W2.buildEnvironmentFrom (c:\\Users\\LUZ RAMIREZ\\.vscode\\extensions\\uqbar.wollok-lsp-ide-0.5.2\\out\\server\\src\\server.js:2371:5254)\n    at W2.updateEnvironmentWith (c:\\Users\\LUZ RAMIREZ\\.vscode\\extensions\\uqbar.wollok-lsp-ide-0.5.2\\out\\server\\src\\server.js:2371:4989)\n    at GF (c:\\Users\\LUZ RAMIREZ\\.vscode\\extensions\\uqbar.wollok-lsp-ide-0.5.2\\out\\server\\src\\server.js:2371:7383)\n    at L3.invoke (c:\\Users\\LUZ RAMIREZ\\.vscode\\extensions\\uqbar.wollok-lsp-ide-0.5.2\\out\\server\\src\\server.js:3:157326)\n    at o.fire (c:\\Users\\LUZ RAMIREZ\\.vscode\\extensions\\uqbar.wollok-lsp-ide-0.5.2\\out\\server\\src\\server.js:3:158096)\n    at c:\\Users\\LUZ RAMIREZ\\.vscode\\extensions\\uqbar.wollok-lsp-ide-0.5.2\\out\\server\\src\\server.js:37:57871\n    at Kr (c:\\Users\\LUZ RAMIREZ\\.vscode\\extensions\\uqbar.wollok-lsp-ide-0.5.2\\out\\server\\src\\server.js:8:1561)","timestamp":"2025-07-04T14:01:18.419Z"}
{"level":"error","message":"✘ Failed to rebuild document Failed to parse arcaneBastion.wtest: \n-- PARSING FAILED --------------------------------------------------\n\nGot the end of the input\n\nExpected one of the following: \n\n'@', '{', comment, whitespace\n","stack":"Error: Failed to parse arcaneBastion.wtest: \n-- PARSING FAILED --------------------------------------------------\n\nGot the end of the input\n\nExpected one of the following: \n\n'@', '{', comment, whitespace\n\n    at c:\\Users\\LUZ RAMIREZ\\.vscode\\extensions\\uqbar.wollok-lsp-ide-0.5.2\\out\\server\\src\\server.js:2326:13026\n    at Array.map (<anonymous>)\n    at D1n (c:\\Users\\LUZ RAMIREZ\\.vscode\\extensions\\uqbar.wollok-lsp-ide-0.5.2\\out\\server\\src\\server.js:2326:12950)\n    at W2.buildEnvironmentFrom (c:\\Users\\LUZ RAMIREZ\\.vscode\\extensions\\uqbar.wollok-lsp-ide-0.5.2\\out\\server\\src\\server.js:2371:5254)\n    at W2.updateEnvironmentWith (c:\\Users\\LUZ RAMIREZ\\.vscode\\extensions\\uqbar.wollok-lsp-ide-0.5.2\\out\\server\\src\\server.js:2371:4989)\n    at GF (c:\\Users\\LUZ RAMIREZ\\.vscode\\extensions\\uqbar.wollok-lsp-ide-0.5.2\\out\\server\\src\\server.js:2371:7383)\n    at L3.invoke (c:\\Users\\LUZ RAMIREZ\\.vscode\\extensions\\uqbar.wollok-lsp-ide-0.5.2\\out\\server\\src\\server.js:3:157326)\n    at o.fire (c:\\Users\\LUZ RAMIREZ\\.vscode\\extensions\\uqbar.wollok-lsp-ide-0.5.2\\out\\server\\src\\server.js:3:158096)\n    at c:\\Users\\LUZ RAMIREZ\\.vscode\\extensions\\uqbar.wollok-lsp-ide-0.5.2\\out\\server\\src\\server.js:37:57871\n    at Kr (c:\\Users\\LUZ RAMIREZ\\.vscode\\extensions\\uqbar.wollok-lsp-ide-0.5.2\\out\\server\\src\\server.js:8:1561)","timestamp":"2025-07-04T14:01:18.601Z"}
{"level":"error","message":"✘ Failed to rebuild document Failed to parse arcaneBastion.wtest: \n-- PARSING FAILED --------------------------------------------------\n\nGot the end of the input\n\nExpected one of the following: \n\n'@', '{', comment, whitespace\n","stack":"Error: Failed to parse arcaneBastion.wtest: \n-- PARSING FAILED --------------------------------------------------\n\nGot the end of the input\n\nExpected one of the following: \n\n'@', '{', comment, whitespace\n\n    at c:\\Users\\LUZ RAMIREZ\\.vscode\\extensions\\uqbar.wollok-lsp-ide-0.5.2\\out\\server\\src\\server.js:2326:13026\n    at Array.map (<anonymous>)\n    at D1n (c:\\Users\\LUZ RAMIREZ\\.vscode\\extensions\\uqbar.wollok-lsp-ide-0.5.2\\out\\server\\src\\server.js:2326:12950)\n    at W2.buildEnvironmentFrom (c:\\Users\\LUZ RAMIREZ\\.vscode\\extensions\\uqbar.wollok-lsp-ide-0.5.2\\out\\server\\src\\server.js:2371:5254)\n    at W2.updateEnvironmentWith (c:\\Users\\LUZ RAMIREZ\\.vscode\\extensions\\uqbar.wollok-lsp-ide-0.5.2\\out\\server\\src\\server.js:2371:4989)\n    at GF (c:\\Users\\LUZ RAMIREZ\\.vscode\\extensions\\uqbar.wollok-lsp-ide-0.5.2\\out\\server\\src\\server.js:2371:7383)\n    at L3.invoke (c:\\Users\\LUZ RAMIREZ\\.vscode\\extensions\\uqbar.wollok-lsp-ide-0.5.2\\out\\server\\src\\server.js:3:157326)\n    at o.fire (c:\\Users\\LUZ RAMIREZ\\.vscode\\extensions\\uqbar.wollok-lsp-ide-0.5.2\\out\\server\\src\\server.js:3:158096)\n    at c:\\Users\\LUZ RAMIREZ\\.vscode\\extensions\\uqbar.wollok-lsp-ide-0.5.2\\out\\server\\src\\server.js:37:57871\n    at Kr (c:\\Users\\LUZ RAMIREZ\\.vscode\\extensions\\uqbar.wollok-lsp-ide-0.5.2\\out\\server\\src\\server.js:8:1561)","timestamp":"2025-07-04T14:01:18.736Z"}
{"level":"error","message":"✘ Failed to rebuild document Failed to parse arcaneBastion.wtest: \n-- PARSING FAILED --------------------------------------------------\n\nGot the end of the input\n\nExpected one of the following: \n\n'@', '{', comment, whitespace\n","stack":"Error: Failed to parse arcaneBastion.wtest: \n-- PARSING FAILED --------------------------------------------------\n\nGot the end of the input\n\nExpected one of the following: \n\n'@', '{', comment, whitespace\n\n    at c:\\Users\\LUZ RAMIREZ\\.vscode\\extensions\\uqbar.wollok-lsp-ide-0.5.2\\out\\server\\src\\server.js:2326:13026\n    at Array.map (<anonymous>)\n    at D1n (c:\\Users\\LUZ RAMIREZ\\.vscode\\extensions\\uqbar.wollok-lsp-ide-0.5.2\\out\\server\\src\\server.js:2326:12950)\n    at W2.buildEnvironmentFrom (c:\\Users\\LUZ RAMIREZ\\.vscode\\extensions\\uqbar.wollok-lsp-ide-0.5.2\\out\\server\\src\\server.js:2371:5254)\n    at W2.updateEnvironmentWith (c:\\Users\\LUZ RAMIREZ\\.vscode\\extensions\\uqbar.wollok-lsp-ide-0.5.2\\out\\server\\src\\server.js:2371:4989)\n    at GF (c:\\Users\\LUZ RAMIREZ\\.vscode\\extensions\\uqbar.wollok-lsp-ide-0.5.2\\out\\server\\src\\server.js:2371:7383)\n    at L3.invoke (c:\\Users\\LUZ RAMIREZ\\.vscode\\extensions\\uqbar.wollok-lsp-ide-0.5.2\\out\\server\\src\\server.js:3:157326)\n    at o.fire (c:\\Users\\LUZ RAMIREZ\\.vscode\\extensions\\uqbar.wollok-lsp-ide-0.5.2\\out\\server\\src\\server.js:3:158096)\n    at c:\\Users\\LUZ RAMIREZ\\.vscode\\extensions\\uqbar.wollok-lsp-ide-0.5.2\\out\\server\\src\\server.js:37:57871\n    at Kr (c:\\Users\\LUZ RAMIREZ\\.vscode\\extensions\\uqbar.wollok-lsp-ide-0.5.2\\out\\server\\src\\server.js:8:1561)","timestamp":"2025-07-04T14:01:18.832Z"}
{"level":"error","message":"✘ Failed to rebuild document Failed to parse arcaneBastion.wtest: \n-- PARSING FAILED --------------------------------------------------\n\nGot the end of the input\n\nExpected one of the following: \n\n'@', '{', comment, whitespace\n","stack":"Error: Failed to parse arcaneBastion.wtest: \n-- PARSING FAILED --------------------------------------------------\n\nGot the end of the input\n\nExpected one of the following: \n\n'@', '{', comment, whitespace\n\n    at c:\\Users\\LUZ RAMIREZ\\.vscode\\extensions\\uqbar.wollok-lsp-ide-0.5.2\\out\\server\\src\\server.js:2326:13026\n    at Array.map (<anonymous>)\n    at D1n (c:\\Users\\LUZ RAMIREZ\\.vscode\\extensions\\uqbar.wollok-lsp-ide-0.5.2\\out\\server\\src\\server.js:2326:12950)\n    at W2.buildEnvironmentFrom (c:\\Users\\LUZ RAMIREZ\\.vscode\\extensions\\uqbar.wollok-lsp-ide-0.5.2\\out\\server\\src\\server.js:2371:5254)\n    at W2.updateEnvironmentWith (c:\\Users\\LUZ RAMIREZ\\.vscode\\extensions\\uqbar.wollok-lsp-ide-0.5.2\\out\\server\\src\\server.js:2371:4989)\n    at GF (c:\\Users\\LUZ RAMIREZ\\.vscode\\extensions\\uqbar.wollok-lsp-ide-0.5.2\\out\\server\\src\\server.js:2371:7383)\n    at L3.invoke (c:\\Users\\LUZ RAMIREZ\\.vscode\\extensions\\uqbar.wollok-lsp-ide-0.5.2\\out\\server\\src\\server.js:3:157326)\n    at o.fire (c:\\Users\\LUZ RAMIREZ\\.vscode\\extensions\\uqbar.wollok-lsp-ide-0.5.2\\out\\server\\src\\server.js:3:158096)\n    at c:\\Users\\LUZ RAMIREZ\\.vscode\\extensions\\uqbar.wollok-lsp-ide-0.5.2\\out\\server\\src\\server.js:37:57871\n    at Kr (c:\\Users\\LUZ RAMIREZ\\.vscode\\extensions\\uqbar.wollok-lsp-ide-0.5.2\\out\\server\\src\\server.js:8:1561)","timestamp":"2025-07-04T14:01:18.956Z"}
{"level":"error","message":"✘ Failed to rebuild document Failed to parse arcaneBastion.wtest: \n-- PARSING FAILED --------------------------------------------------\n\nGot the end of the input\n\nExpected one of the following: \n\n'@', '{', comment, whitespace\n","stack":"Error: Failed to parse arcaneBastion.wtest: \n-- PARSING FAILED --------------------------------------------------\n\nGot the end of the input\n\nExpected one of the following: \n\n'@', '{', comment, whitespace\n\n    at c:\\Users\\LUZ RAMIREZ\\.vscode\\extensions\\uqbar.wollok-lsp-ide-0.5.2\\out\\server\\src\\server.js:2326:13026\n    at Array.map (<anonymous>)\n    at D1n (c:\\Users\\LUZ RAMIREZ\\.vscode\\extensions\\uqbar.wollok-lsp-ide-0.5.2\\out\\server\\src\\server.js:2326:12950)\n    at W2.buildEnvironmentFrom (c:\\Users\\LUZ RAMIREZ\\.vscode\\extensions\\uqbar.wollok-lsp-ide-0.5.2\\out\\server\\src\\server.js:2371:5254)\n    at W2.updateEnvironmentWith (c:\\Users\\LUZ RAMIREZ\\.vscode\\extensions\\uqbar.wollok-lsp-ide-0.5.2\\out\\server\\src\\server.js:2371:4989)\n    at GF (c:\\Users\\LUZ RAMIREZ\\.vscode\\extensions\\uqbar.wollok-lsp-ide-0.5.2\\out\\server\\src\\server.js:2371:7383)\n    at L3.invoke (c:\\Users\\LUZ RAMIREZ\\.vscode\\extensions\\uqbar.wollok-lsp-ide-0.5.2\\out\\server\\src\\server.js:3:157326)\n    at o.fire (c:\\Users\\LUZ RAMIREZ\\.vscode\\extensions\\uqbar.wollok-lsp-ide-0.5.2\\out\\server\\src\\server.js:3:158096)\n    at c:\\Users\\LUZ RAMIREZ\\.vscode\\extensions\\uqbar.wollok-lsp-ide-0.5.2\\out\\server\\src\\server.js:37:57871\n    at Kr (c:\\Users\\LUZ RAMIREZ\\.vscode\\extensions\\uqbar.wollok-lsp-ide-0.5.2\\out\\server\\src\\server.js:8:1561)","timestamp":"2025-07-04T14:01:19.315Z"}
{"level":"error","message":"✘ Failed to rebuild document Failed to parse arcaneBastion.wtest: \n-- PARSING FAILED --------------------------------------------------\n\nGot the end of the input\n\nExpected one of the following: \n\n'@', '{', comment, whitespace\n","stack":"Error: Failed to parse arcaneBastion.wtest: \n-- PARSING FAILED --------------------------------------------------\n\nGot the end of the input\n\nExpected one of the following: \n\n'@', '{', comment, whitespace\n\n    at c:\\Users\\LUZ RAMIREZ\\.vscode\\extensions\\uqbar.wollok-lsp-ide-0.5.2\\out\\server\\src\\server.js:2326:13026\n    at Array.map (<anonymous>)\n    at D1n (c:\\Users\\LUZ RAMIREZ\\.vscode\\extensions\\uqbar.wollok-lsp-ide-0.5.2\\out\\server\\src\\server.js:2326:12950)\n    at W2.buildEnvironmentFrom (c:\\Users\\LUZ RAMIREZ\\.vscode\\extensions\\uqbar.wollok-lsp-ide-0.5.2\\out\\server\\src\\server.js:2371:5254)\n    at W2.updateEnvironmentWith (c:\\Users\\LUZ RAMIREZ\\.vscode\\extensions\\uqbar.wollok-lsp-ide-0.5.2\\out\\server\\src\\server.js:2371:4989)\n    at GF (c:\\Users\\LUZ RAMIREZ\\.vscode\\extensions\\uqbar.wollok-lsp-ide-0.5.2\\out\\server\\src\\server.js:2371:7383)\n    at L3.invoke (c:\\Users\\LUZ RAMIREZ\\.vscode\\extensions\\uqbar.wollok-lsp-ide-0.5.2\\out\\server\\src\\server.js:3:157326)\n    at o.fire (c:\\Users\\LUZ RAMIREZ\\.vscode\\extensions\\uqbar.wollok-lsp-ide-0.5.2\\out\\server\\src\\server.js:3:158096)\n    at c:\\Users\\LUZ RAMIREZ\\.vscode\\extensions\\uqbar.wollok-lsp-ide-0.5.2\\out\\server\\src\\server.js:37:57871\n    at Kr (c:\\Users\\LUZ RAMIREZ\\.vscode\\extensions\\uqbar.wollok-lsp-ide-0.5.2\\out\\server\\src\\server.js:8:1561)","timestamp":"2025-07-04T14:01:21.638Z"}
{"level":"error","message":"✘ Failed to rebuild document Failed to parse arcaneBastion.wtest: \n-- PARSING FAILED --------------------------------------------------\n\n> 1 | test \"El hechizo empieza en \" ¨\n    |                               ^\n\nExpected one of the following: \n\n'@', '{', comment, whitespace\n","stack":"Error: Failed to parse arcaneBastion.wtest: \n-- PARSING FAILED --------------------------------------------------\n\n> 1 | test \"El hechizo empieza en \" ¨\n    |                               ^\n\nExpected one of the following: \n\n'@', '{', comment, whitespace\n\n    at c:\\Users\\LUZ RAMIREZ\\.vscode\\extensions\\uqbar.wollok-lsp-ide-0.5.2\\out\\server\\src\\server.js:2326:13026\n    at Array.map (<anonymous>)\n    at D1n (c:\\Users\\LUZ RAMIREZ\\.vscode\\extensions\\uqbar.wollok-lsp-ide-0.5.2\\out\\server\\src\\server.js:2326:12950)\n    at W2.buildEnvironmentFrom (c:\\Users\\LUZ RAMIREZ\\.vscode\\extensions\\uqbar.wollok-lsp-ide-0.5.2\\out\\server\\src\\server.js:2371:5254)\n    at W2.updateEnvironmentWith (c:\\Users\\LUZ RAMIREZ\\.vscode\\extensions\\uqbar.wollok-lsp-ide-0.5.2\\out\\server\\src\\server.js:2371:4989)\n    at GF (c:\\Users\\LUZ RAMIREZ\\.vscode\\extensions\\uqbar.wollok-lsp-ide-0.5.2\\out\\server\\src\\server.js:2371:7383)\n    at L3.invoke (c:\\Users\\LUZ RAMIREZ\\.vscode\\extensions\\uqbar.wollok-lsp-ide-0.5.2\\out\\server\\src\\server.js:3:157326)\n    at o.fire (c:\\Users\\LUZ RAMIREZ\\.vscode\\extensions\\uqbar.wollok-lsp-ide-0.5.2\\out\\server\\src\\server.js:3:158096)\n    at c:\\Users\\LUZ RAMIREZ\\.vscode\\extensions\\uqbar.wollok-lsp-ide-0.5.2\\out\\server\\src\\server.js:37:57871\n    at Kr (c:\\Users\\LUZ RAMIREZ\\.vscode\\extensions\\uqbar.wollok-lsp-ide-0.5.2\\out\\server\\src\\server.js:8:1561)","timestamp":"2025-07-04T14:01:22.906Z"}
{"level":"error","message":"✘ Failed to rebuild document Failed to parse arcaneBastion.wtest: \n-- PARSING FAILED --------------------------------------------------\n\n> 1 | test \"El hechizo empieza en \" ¨´\n    |                               ^\n\nExpected one of the following: \n\n'@', '{', comment, whitespace\n","stack":"Error: Failed to parse arcaneBastion.wtest: \n-- PARSING FAILED --------------------------------------------------\n\n> 1 | test \"El hechizo empieza en \" ¨´\n    |                               ^\n\nExpected one of the following: \n\n'@', '{', comment, whitespace\n\n    at c:\\Users\\LUZ RAMIREZ\\.vscode\\extensions\\uqbar.wollok-lsp-ide-0.5.2\\out\\server\\src\\server.js:2326:13026\n    at Array.map (<anonymous>)\n    at D1n (c:\\Users\\LUZ RAMIREZ\\.vscode\\extensions\\uqbar.wollok-lsp-ide-0.5.2\\out\\server\\src\\server.js:2326:12950)\n    at W2.buildEnvironmentFrom (c:\\Users\\LUZ RAMIREZ\\.vscode\\extensions\\uqbar.wollok-lsp-ide-0.5.2\\out\\server\\src\\server.js:2371:5254)\n    at W2.updateEnvironmentWith (c:\\Users\\LUZ RAMIREZ\\.vscode\\extensions\\uqbar.wollok-lsp-ide-0.5.2\\out\\server\\src\\server.js:2371:4989)\n    at GF (c:\\Users\\LUZ RAMIREZ\\.vscode\\extensions\\uqbar.wollok-lsp-ide-0.5.2\\out\\server\\src\\server.js:2371:7383)\n    at L3.invoke (c:\\Users\\LUZ RAMIREZ\\.vscode\\extensions\\uqbar.wollok-lsp-ide-0.5.2\\out\\server\\src\\server.js:3:157326)\n    at o.fire (c:\\Users\\LUZ RAMIREZ\\.vscode\\extensions\\uqbar.wollok-lsp-ide-0.5.2\\out\\server\\src\\server.js:3:158096)\n    at c:\\Users\\LUZ RAMIREZ\\.vscode\\extensions\\uqbar.wollok-lsp-ide-0.5.2\\out\\server\\src\\server.js:37:57871\n    at Kr (c:\\Users\\LUZ RAMIREZ\\.vscode\\extensions\\uqbar.wollok-lsp-ide-0.5.2\\out\\server\\src\\server.js:8:1561)","timestamp":"2025-07-04T14:01:22.924Z"}
{"level":"error","message":"✘ Failed to rebuild document Failed to parse arcaneBastion.wtest: \n-- PARSING FAILED --------------------------------------------------\n\n> 1 | test \"El hechizo empieza en \" ¨\n    |                               ^\n\nExpected one of the following: \n\n'@', '{', comment, whitespace\n","stack":"Error: Failed to parse arcaneBastion.wtest: \n-- PARSING FAILED --------------------------------------------------\n\n> 1 | test \"El hechizo empieza en \" ¨\n    |                               ^\n\nExpected one of the following: \n\n'@', '{', comment, whitespace\n\n    at c:\\Users\\LUZ RAMIREZ\\.vscode\\extensions\\uqbar.wollok-lsp-ide-0.5.2\\out\\server\\src\\server.js:2326:13026\n    at Array.map (<anonymous>)\n    at D1n (c:\\Users\\LUZ RAMIREZ\\.vscode\\extensions\\uqbar.wollok-lsp-ide-0.5.2\\out\\server\\src\\server.js:2326:12950)\n    at W2.buildEnvironmentFrom (c:\\Users\\LUZ RAMIREZ\\.vscode\\extensions\\uqbar.wollok-lsp-ide-0.5.2\\out\\server\\src\\server.js:2371:5254)\n    at W2.updateEnvironmentWith (c:\\Users\\LUZ RAMIREZ\\.vscode\\extensions\\uqbar.wollok-lsp-ide-0.5.2\\out\\server\\src\\server.js:2371:4989)\n    at GF (c:\\Users\\LUZ RAMIREZ\\.vscode\\extensions\\uqbar.wollok-lsp-ide-0.5.2\\out\\server\\src\\server.js:2371:7383)\n    at L3.invoke (c:\\Users\\LUZ RAMIREZ\\.vscode\\extensions\\uqbar.wollok-lsp-ide-0.5.2\\out\\server\\src\\server.js:3:157326)\n    at o.fire (c:\\Users\\LUZ RAMIREZ\\.vscode\\extensions\\uqbar.wollok-lsp-ide-0.5.2\\out\\server\\src\\server.js:3:158096)\n    at c:\\Users\\LUZ RAMIREZ\\.vscode\\extensions\\uqbar.wollok-lsp-ide-0.5.2\\out\\server\\src\\server.js:37:57871\n    at Kr (c:\\Users\\LUZ RAMIREZ\\.vscode\\extensions\\uqbar.wollok-lsp-ide-0.5.2\\out\\server\\src\\server.js:8:1561)","timestamp":"2025-07-04T14:01:23.360Z"}
{"level":"error","message":"✘ Failed to rebuild document Failed to parse arcaneBastion.wtest: \n-- PARSING FAILED --------------------------------------------------\n\nGot the end of the input\n\nExpected one of the following: \n\n'@', '{', comment, whitespace\n","stack":"Error: Failed to parse arcaneBastion.wtest: \n-- PARSING FAILED --------------------------------------------------\n\nGot the end of the input\n\nExpected one of the following: \n\n'@', '{', comment, whitespace\n\n    at c:\\Users\\LUZ RAMIREZ\\.vscode\\extensions\\uqbar.wollok-lsp-ide-0.5.2\\out\\server\\src\\server.js:2326:13026\n    at Array.map (<anonymous>)\n    at D1n (c:\\Users\\LUZ RAMIREZ\\.vscode\\extensions\\uqbar.wollok-lsp-ide-0.5.2\\out\\server\\src\\server.js:2326:12950)\n    at W2.buildEnvironmentFrom (c:\\Users\\LUZ RAMIREZ\\.vscode\\extensions\\uqbar.wollok-lsp-ide-0.5.2\\out\\server\\src\\server.js:2371:5254)\n    at W2.updateEnvironmentWith (c:\\Users\\LUZ RAMIREZ\\.vscode\\extensions\\uqbar.wollok-lsp-ide-0.5.2\\out\\server\\src\\server.js:2371:4989)\n    at GF (c:\\Users\\LUZ RAMIREZ\\.vscode\\extensions\\uqbar.wollok-lsp-ide-0.5.2\\out\\server\\src\\server.js:2371:7383)\n    at L3.invoke (c:\\Users\\LUZ RAMIREZ\\.vscode\\extensions\\uqbar.wollok-lsp-ide-0.5.2\\out\\server\\src\\server.js:3:157326)\n    at o.fire (c:\\Users\\LUZ RAMIREZ\\.vscode\\extensions\\uqbar.wollok-lsp-ide-0.5.2\\out\\server\\src\\server.js:3:158096)\n    at c:\\Users\\LUZ RAMIREZ\\.vscode\\extensions\\uqbar.wollok-lsp-ide-0.5.2\\out\\server\\src\\server.js:37:57871\n    at Kr (c:\\Users\\LUZ RAMIREZ\\.vscode\\extensions\\uqbar.wollok-lsp-ide-0.5.2\\out\\server\\src\\server.js:8:1561)","timestamp":"2025-07-04T14:01:23.584Z"}
{"level":"error","message":"✘ Failed to rebuild document Failed to parse arcaneBastion.wtest: \n-- PARSING FAILED --------------------------------------------------\n\n> 1 | test \"El hechizo empieza en \" ´\n    |                               ^\n\nExpected one of the following: \n\n'@', '{', comment, whitespace\n","stack":"Error: Failed to parse arcaneBastion.wtest: \n-- PARSING FAILED --------------------------------------------------\n\n> 1 | test \"El hechizo empieza en \" ´\n    |                               ^\n\nExpected one of the following: \n\n'@', '{', comment, whitespace\n\n    at c:\\Users\\LUZ RAMIREZ\\.vscode\\extensions\\uqbar.wollok-lsp-ide-0.5.2\\out\\server\\src\\server.js:2326:13026\n    at Array.map (<anonymous>)\n    at D1n (c:\\Users\\LUZ RAMIREZ\\.vscode\\extensions\\uqbar.wollok-lsp-ide-0.5.2\\out\\server\\src\\server.js:2326:12950)\n    at W2.buildEnvironmentFrom (c:\\Users\\LUZ RAMIREZ\\.vscode\\extensions\\uqbar.wollok-lsp-ide-0.5.2\\out\\server\\src\\server.js:2371:5254)\n    at W2.updateEnvironmentWith (c:\\Users\\LUZ RAMIREZ\\.vscode\\extensions\\uqbar.wollok-lsp-ide-0.5.2\\out\\server\\src\\server.js:2371:4989)\n    at GF (c:\\Users\\LUZ RAMIREZ\\.vscode\\extensions\\uqbar.wollok-lsp-ide-0.5.2\\out\\server\\src\\server.js:2371:7383)\n    at L3.invoke (c:\\Users\\LUZ RAMIREZ\\.vscode\\extensions\\uqbar.wollok-lsp-ide-0.5.2\\out\\server\\src\\server.js:3:157326)\n    at o.fire (c:\\Users\\LUZ RAMIREZ\\.vscode\\extensions\\uqbar.wollok-lsp-ide-0.5.2\\out\\server\\src\\server.js:3:158096)\n    at c:\\Users\\LUZ RAMIREZ\\.vscode\\extensions\\uqbar.wollok-lsp-ide-0.5.2\\out\\server\\src\\server.js:37:57871\n    at Kr (c:\\Users\\LUZ RAMIREZ\\.vscode\\extensions\\uqbar.wollok-lsp-ide-0.5.2\\out\\server\\src\\server.js:8:1561)","timestamp":"2025-07-04T14:01:25.730Z"}
{"level":"error","message":"✘ Failed to rebuild document Failed to parse arcaneBastion.wtest: \n-- PARSING FAILED --------------------------------------------------\n\n> 1 | test \"El hechizo empieza en \" ´´\n    |                               ^\n\nExpected one of the following: \n\n'@', '{', comment, whitespace\n","stack":"Error: Failed to parse arcaneBastion.wtest: \n-- PARSING FAILED --------------------------------------------------\n\n> 1 | test \"El hechizo empieza en \" ´´\n    |                               ^\n\nExpected one of the following: \n\n'@', '{', comment, whitespace\n\n    at c:\\Users\\LUZ RAMIREZ\\.vscode\\extensions\\uqbar.wollok-lsp-ide-0.5.2\\out\\server\\src\\server.js:2326:13026\n    at Array.map (<anonymous>)\n    at D1n (c:\\Users\\LUZ RAMIREZ\\.vscode\\extensions\\uqbar.wollok-lsp-ide-0.5.2\\out\\server\\src\\server.js:2326:12950)\n    at W2.buildEnvironmentFrom (c:\\Users\\LUZ RAMIREZ\\.vscode\\extensions\\uqbar.wollok-lsp-ide-0.5.2\\out\\server\\src\\server.js:2371:5254)\n    at W2.updateEnvironmentWith (c:\\Users\\LUZ RAMIREZ\\.vscode\\extensions\\uqbar.wollok-lsp-ide-0.5.2\\out\\server\\src\\server.js:2371:4989)\n    at GF (c:\\Users\\LUZ RAMIREZ\\.vscode\\extensions\\uqbar.wollok-lsp-ide-0.5.2\\out\\server\\src\\server.js:2371:7383)\n    at L3.invoke (c:\\Users\\LUZ RAMIREZ\\.vscode\\extensions\\uqbar.wollok-lsp-ide-0.5.2\\out\\server\\src\\server.js:3:157326)\n    at o.fire (c:\\Users\\LUZ RAMIREZ\\.vscode\\extensions\\uqbar.wollok-lsp-ide-0.5.2\\out\\server\\src\\server.js:3:158096)\n    at c:\\Users\\LUZ RAMIREZ\\.vscode\\extensions\\uqbar.wollok-lsp-ide-0.5.2\\out\\server\\src\\server.js:37:57871\n    at Kr (c:\\Users\\LUZ RAMIREZ\\.vscode\\extensions\\uqbar.wollok-lsp-ide-0.5.2\\out\\server\\src\\server.js:8:1561)","timestamp":"2025-07-04T14:01:25.754Z"}
{"level":"error","message":"✘ Failed to rebuild document Failed to parse arcaneBastion.wtest: \n-- PARSING FAILED --------------------------------------------------\n\n> 1 | test \"El hechizo empieza en \" ´´Ç\n    |                               ^\n\nExpected one of the following: \n\n'@', '{', comment, whitespace\n","stack":"Error: Failed to parse arcaneBastion.wtest: \n-- PARSING FAILED --------------------------------------------------\n\n> 1 | test \"El hechizo empieza en \" ´´Ç\n    |                               ^\n\nExpected one of the following: \n\n'@', '{', comment, whitespace\n\n    at c:\\Users\\LUZ RAMIREZ\\.vscode\\extensions\\uqbar.wollok-lsp-ide-0.5.2\\out\\server\\src\\server.js:2326:13026\n    at Array.map (<anonymous>)\n    at D1n (c:\\Users\\LUZ RAMIREZ\\.vscode\\extensions\\uqbar.wollok-lsp-ide-0.5.2\\out\\server\\src\\server.js:2326:12950)\n    at W2.buildEnvironmentFrom (c:\\Users\\LUZ RAMIREZ\\.vscode\\extensions\\uqbar.wollok-lsp-ide-0.5.2\\out\\server\\src\\server.js:2371:5254)\n    at W2.updateEnvironmentWith (c:\\Users\\LUZ RAMIREZ\\.vscode\\extensions\\uqbar.wollok-lsp-ide-0.5.2\\out\\server\\src\\server.js:2371:4989)\n    at GF (c:\\Users\\LUZ RAMIREZ\\.vscode\\extensions\\uqbar.wollok-lsp-ide-0.5.2\\out\\server\\src\\server.js:2371:7383)\n    at L3.invoke (c:\\Users\\LUZ RAMIREZ\\.vscode\\extensions\\uqbar.wollok-lsp-ide-0.5.2\\out\\server\\src\\server.js:3:157326)\n    at o.fire (c:\\Users\\LUZ RAMIREZ\\.vscode\\extensions\\uqbar.wollok-lsp-ide-0.5.2\\out\\server\\src\\server.js:3:158096)\n    at c:\\Users\\LUZ RAMIREZ\\.vscode\\extensions\\uqbar.wollok-lsp-ide-0.5.2\\out\\server\\src\\server.js:37:57871\n    at Kr (c:\\Users\\LUZ RAMIREZ\\.vscode\\extensions\\uqbar.wollok-lsp-ide-0.5.2\\out\\server\\src\\server.js:8:1561)","timestamp":"2025-07-04T14:01:25.914Z"}
{"level":"error","message":"✘ Failed to rebuild document Failed to parse arcaneBastion.wtest: \n-- PARSING FAILED --------------------------------------------------\n\n> 1 | test \"El hechizo empieza en \" ´´\n    |                               ^\n\nExpected one of the following: \n\n'@', '{', comment, whitespace\n","stack":"Error: Failed to parse arcaneBastion.wtest: \n-- PARSING FAILED --------------------------------------------------\n\n> 1 | test \"El hechizo empieza en \" ´´\n    |                               ^\n\nExpected one of the following: \n\n'@', '{', comment, whitespace\n\n    at c:\\Users\\LUZ RAMIREZ\\.vscode\\extensions\\uqbar.wollok-lsp-ide-0.5.2\\out\\server\\src\\server.js:2326:13026\n    at Array.map (<anonymous>)\n    at D1n (c:\\Users\\LUZ RAMIREZ\\.vscode\\extensions\\uqbar.wollok-lsp-ide-0.5.2\\out\\server\\src\\server.js:2326:12950)\n    at W2.buildEnvironmentFrom (c:\\Users\\LUZ RAMIREZ\\.vscode\\extensions\\uqbar.wollok-lsp-ide-0.5.2\\out\\server\\src\\server.js:2371:5254)\n    at W2.updateEnvironmentWith (c:\\Users\\LUZ RAMIREZ\\.vscode\\extensions\\uqbar.wollok-lsp-ide-0.5.2\\out\\server\\src\\server.js:2371:4989)\n    at GF (c:\\Users\\LUZ RAMIREZ\\.vscode\\extensions\\uqbar.wollok-lsp-ide-0.5.2\\out\\server\\src\\server.js:2371:7383)\n    at L3.invoke (c:\\Users\\LUZ RAMIREZ\\.vscode\\extensions\\uqbar.wollok-lsp-ide-0.5.2\\out\\server\\src\\server.js:3:157326)\n    at o.fire (c:\\Users\\LUZ RAMIREZ\\.vscode\\extensions\\uqbar.wollok-lsp-ide-0.5.2\\out\\server\\src\\server.js:3:158096)\n    at c:\\Users\\LUZ RAMIREZ\\.vscode\\extensions\\uqbar.wollok-lsp-ide-0.5.2\\out\\server\\src\\server.js:37:57871\n    at Kr (c:\\Users\\LUZ RAMIREZ\\.vscode\\extensions\\uqbar.wollok-lsp-ide-0.5.2\\out\\server\\src\\server.js:8:1561)","timestamp":"2025-07-04T14:01:26.262Z"}
{"level":"error","message":"✘ Failed to rebuild document Failed to parse arcaneBastion.wtest: \n-- PARSING FAILED --------------------------------------------------\n\n> 1 | test \"El hechizo empieza en \" ´\n    |                               ^\n\nExpected one of the following: \n\n'@', '{', comment, whitespace\n","stack":"Error: Failed to parse arcaneBastion.wtest: \n-- PARSING FAILED --------------------------------------------------\n\n> 1 | test \"El hechizo empieza en \" ´\n    |                               ^\n\nExpected one of the following: \n\n'@', '{', comment, whitespace\n\n    at c:\\Users\\LUZ RAMIREZ\\.vscode\\extensions\\uqbar.wollok-lsp-ide-0.5.2\\out\\server\\src\\server.js:2326:13026\n    at Array.map (<anonymous>)\n    at D1n (c:\\Users\\LUZ RAMIREZ\\.vscode\\extensions\\uqbar.wollok-lsp-ide-0.5.2\\out\\server\\src\\server.js:2326:12950)\n    at W2.buildEnvironmentFrom (c:\\Users\\LUZ RAMIREZ\\.vscode\\extensions\\uqbar.wollok-lsp-ide-0.5.2\\out\\server\\src\\server.js:2371:5254)\n    at W2.updateEnvironmentWith (c:\\Users\\LUZ RAMIREZ\\.vscode\\extensions\\uqbar.wollok-lsp-ide-0.5.2\\out\\server\\src\\server.js:2371:4989)\n    at GF (c:\\Users\\LUZ RAMIREZ\\.vscode\\extensions\\uqbar.wollok-lsp-ide-0.5.2\\out\\server\\src\\server.js:2371:7383)\n    at L3.invoke (c:\\Users\\LUZ RAMIREZ\\.vscode\\extensions\\uqbar.wollok-lsp-ide-0.5.2\\out\\server\\src\\server.js:3:157326)\n    at o.fire (c:\\Users\\LUZ RAMIREZ\\.vscode\\extensions\\uqbar.wollok-lsp-ide-0.5.2\\out\\server\\src\\server.js:3:158096)\n    at c:\\Users\\LUZ RAMIREZ\\.vscode\\extensions\\uqbar.wollok-lsp-ide-0.5.2\\out\\server\\src\\server.js:37:57871\n    at Kr (c:\\Users\\LUZ RAMIREZ\\.vscode\\extensions\\uqbar.wollok-lsp-ide-0.5.2\\out\\server\\src\\server.js:8:1561)","timestamp":"2025-07-04T14:01:26.466Z"}
{"level":"error","message":"✘ Failed to rebuild document Failed to parse arcaneBastion.wtest: \n-- PARSING FAILED --------------------------------------------------\n\nGot the end of the input\n\nExpected one of the following: \n\n'@', '{', comment, whitespace\n","stack":"Error: Failed to parse arcaneBastion.wtest: \n-- PARSING FAILED --------------------------------------------------\n\nGot the end of the input\n\nExpected one of the following: \n\n'@', '{', comment, whitespace\n\n    at c:\\Users\\LUZ RAMIREZ\\.vscode\\extensions\\uqbar.wollok-lsp-ide-0.5.2\\out\\server\\src\\server.js:2326:13026\n    at Array.map (<anonymous>)\n    at D1n (c:\\Users\\LUZ RAMIREZ\\.vscode\\extensions\\uqbar.wollok-lsp-ide-0.5.2\\out\\server\\src\\server.js:2326:12950)\n    at W2.buildEnvironmentFrom (c:\\Users\\LUZ RAMIREZ\\.vscode\\extensions\\uqbar.wollok-lsp-ide-0.5.2\\out\\server\\src\\server.js:2371:5254)\n    at W2.updateEnvironmentWith (c:\\Users\\LUZ RAMIREZ\\.vscode\\extensions\\uqbar.wollok-lsp-ide-0.5.2\\out\\server\\src\\server.js:2371:4989)\n    at GF (c:\\Users\\LUZ RAMIREZ\\.vscode\\extensions\\uqbar.wollok-lsp-ide-0.5.2\\out\\server\\src\\server.js:2371:7383)\n    at L3.invoke (c:\\Users\\LUZ RAMIREZ\\.vscode\\extensions\\uqbar.wollok-lsp-ide-0.5.2\\out\\server\\src\\server.js:3:157326)\n    at o.fire (c:\\Users\\LUZ RAMIREZ\\.vscode\\extensions\\uqbar.wollok-lsp-ide-0.5.2\\out\\server\\src\\server.js:3:158096)\n    at c:\\Users\\LUZ RAMIREZ\\.vscode\\extensions\\uqbar.wollok-lsp-ide-0.5.2\\out\\server\\src\\server.js:37:57871\n    at Kr (c:\\Users\\LUZ RAMIREZ\\.vscode\\extensions\\uqbar.wollok-lsp-ide-0.5.2\\out\\server\\src\\server.js:8:1561)","timestamp":"2025-07-04T14:01:26.685Z"}
{"level":"error","message":"✘ Failed to rebuild document Failed to parse arcaneBastion.wtest: \n-- PARSING FAILED --------------------------------------------------\n\nGot the end of the input\n\nExpected one of the following: \n\n'@', '{', comment, whitespace\n","stack":"Error: Failed to parse arcaneBastion.wtest: \n-- PARSING FAILED --------------------------------------------------\n\nGot the end of the input\n\nExpected one of the following: \n\n'@', '{', comment, whitespace\n\n    at c:\\Users\\LUZ RAMIREZ\\.vscode\\extensions\\uqbar.wollok-lsp-ide-0.5.2\\out\\server\\src\\server.js:2326:13026\n    at Array.map (<anonymous>)\n    at D1n (c:\\Users\\LUZ RAMIREZ\\.vscode\\extensions\\uqbar.wollok-lsp-ide-0.5.2\\out\\server\\src\\server.js:2326:12950)\n    at W2.buildEnvironmentFrom (c:\\Users\\LUZ RAMIREZ\\.vscode\\extensions\\uqbar.wollok-lsp-ide-0.5.2\\out\\server\\src\\server.js:2371:5254)\n    at W2.updateEnvironmentWith (c:\\Users\\LUZ RAMIREZ\\.vscode\\extensions\\uqbar.wollok-lsp-ide-0.5.2\\out\\server\\src\\server.js:2371:4989)\n    at GF (c:\\Users\\LUZ RAMIREZ\\.vscode\\extensions\\uqbar.wollok-lsp-ide-0.5.2\\out\\server\\src\\server.js:2371:7383)\n    at L3.invoke (c:\\Users\\LUZ RAMIREZ\\.vscode\\extensions\\uqbar.wollok-lsp-ide-0.5.2\\out\\server\\src\\server.js:3:157326)\n    at o.fire (c:\\Users\\LUZ RAMIREZ\\.vscode\\extensions\\uqbar.wollok-lsp-ide-0.5.2\\out\\server\\src\\server.js:3:158096)\n    at c:\\Users\\LUZ RAMIREZ\\.vscode\\extensions\\uqbar.wollok-lsp-ide-0.5.2\\out\\server\\src\\server.js:37:57871\n    at Kr (c:\\Users\\LUZ RAMIREZ\\.vscode\\extensions\\uqbar.wollok-lsp-ide-0.5.2\\out\\server\\src\\server.js:8:1561)","timestamp":"2025-07-04T14:01:27.367Z"}
{"level":"error","message":"✘ Failed to rebuild document Failed to parse arcaneBastion.wtest: \n-- PARSING FAILED --------------------------------------------------\n\nGot the end of the input\n\nExpected one of the following: \n\n'@', '{', comment, whitespace\n","stack":"Error: Failed to parse arcaneBastion.wtest: \n-- PARSING FAILED --------------------------------------------------\n\nGot the end of the input\n\nExpected one of the following: \n\n'@', '{', comment, whitespace\n\n    at c:\\Users\\LUZ RAMIREZ\\.vscode\\extensions\\uqbar.wollok-lsp-ide-0.5.2\\out\\server\\src\\server.js:2326:13026\n    at Array.map (<anonymous>)\n    at D1n (c:\\Users\\LUZ RAMIREZ\\.vscode\\extensions\\uqbar.wollok-lsp-ide-0.5.2\\out\\server\\src\\server.js:2326:12950)\n    at W2.buildEnvironmentFrom (c:\\Users\\LUZ RAMIREZ\\.vscode\\extensions\\uqbar.wollok-lsp-ide-0.5.2\\out\\server\\src\\server.js:2371:5254)\n    at W2.updateEnvironmentWith (c:\\Users\\LUZ RAMIREZ\\.vscode\\extensions\\uqbar.wollok-lsp-ide-0.5.2\\out\\server\\src\\server.js:2371:4989)\n    at GF (c:\\Users\\LUZ RAMIREZ\\.vscode\\extensions\\uqbar.wollok-lsp-ide-0.5.2\\out\\server\\src\\server.js:2371:7383)\n    at L3.invoke (c:\\Users\\LUZ RAMIREZ\\.vscode\\extensions\\uqbar.wollok-lsp-ide-0.5.2\\out\\server\\src\\server.js:3:157326)\n    at o.fire (c:\\Users\\LUZ RAMIREZ\\.vscode\\extensions\\uqbar.wollok-lsp-ide-0.5.2\\out\\server\\src\\server.js:3:158096)\n    at c:\\Users\\LUZ RAMIREZ\\.vscode\\extensions\\uqbar.wollok-lsp-ide-0.5.2\\out\\server\\src\\server.js:37:57871\n    at Kr (c:\\Users\\LUZ RAMIREZ\\.vscode\\extensions\\uqbar.wollok-lsp-ide-0.5.2\\out\\server\\src\\server.js:8:1561)","timestamp":"2025-07-04T14:01:27.965Z"}
{"level":"info","message":"⌛ Building environment","timeElapsed":336,"timestamp":"2025-07-04T14:01:30.217Z"}
{"level":"info","message":"⌛ Validating arcaneBastion.wtest","timeElapsed":357,"timestamp":"2025-07-04T14:01:30.607Z"}
{"level":"info","message":"⌛ Building environment","timeElapsed":325,"timestamp":"2025-07-04T14:01:31.333Z"}
{"level":"info","message":"⌛ Validating arcaneBastion.wtest","timeElapsed":397,"timestamp":"2025-07-04T14:01:31.751Z"}
{"level":"info","message":"⌛ Building environment","timeElapsed":335,"timestamp":"2025-07-04T14:01:33.525Z"}
{"level":"info","message":"⌛ Autocomplete - Reference","timeElapsed":127,"timestamp":"2025-07-04T14:01:33.813Z"}
{"level":"info","message":"⌛ Building environment","timeElapsed":507,"timestamp":"2025-07-04T14:01:34.348Z"}
{"level":"info","message":"⌛ Validating arcaneBastion.wtest","timeElapsed":433,"timestamp":"2025-07-04T14:01:34.844Z"}
{"level":"info","message":"⌛ Building environment","timeElapsed":335,"timestamp":"2025-07-04T14:01:35.331Z"}
{"level":"info","message":"⌛ Building environment","timeElapsed":279,"timestamp":"2025-07-04T14:01:35.633Z"}
{"level":"info","message":"⌛ Validating arcaneBastion.wtest","timeElapsed":931,"timestamp":"2025-07-04T14:01:36.575Z"}
{"level":"info","message":"⌛ Building environment","timeElapsed":259,"timestamp":"2025-07-04T14:01:36.873Z"}
{"level":"info","message":"⌛ Validating arcaneBastion.wtest","timeElapsed":406,"timestamp":"2025-07-04T14:01:37.305Z"}
{"level":"info","message":"⌛ Validating arcaneBastion.wtest","timeElapsed":422,"timestamp":"2025-07-04T14:01:37.762Z"}
{"level":"info","message":"⌛ Building environment","timeElapsed":308,"timestamp":"2025-07-04T14:01:38.074Z"}
{"level":"info","message":"⌛ Validating arcaneBastion.wtest","timeElapsed":483,"timestamp":"2025-07-04T14:01:38.588Z"}
{"level":"info","message":"⌛ Building environment","timeElapsed":472,"timestamp":"2025-07-04T14:01:39.126Z"}
{"level":"info","message":"⌛ Building environment","timeElapsed":387,"timestamp":"2025-07-04T14:01:39.545Z"}
{"level":"info","message":"⌛ Building environment","timeElapsed":591,"timestamp":"2025-07-04T14:01:40.142Z"}
{"level":"info","message":"⌛ Building environment","timeElapsed":332,"timestamp":"2025-07-04T14:01:40.483Z"}
{"level":"info","message":"⌛ Building environment","timeElapsed":382,"timestamp":"2025-07-04T14:01:40.989Z"}
{"level":"info","message":"⌛ Autocomplete - Reference","timeElapsed":133,"timestamp":"2025-07-04T14:01:41.164Z"}
{"level":"info","message":"⌛ Validating arcaneBastion.wtest","timeElapsed":494,"timestamp":"2025-07-04T14:01:41.723Z"}
{"level":"info","message":"⌛ Building environment","timeElapsed":831,"timestamp":"2025-07-04T14:01:42.557Z"}
{"level":"info","message":"⌛ Building environment","timeElapsed":318,"timestamp":"2025-07-04T14:01:42.877Z"}
{"level":"info","message":"⌛ Building environment","timeElapsed":295,"timestamp":"2025-07-04T14:01:43.173Z"}
{"level":"info","message":"⌛ Building environment","timeElapsed":569,"timestamp":"2025-07-04T14:01:43.745Z"}
{"level":"info","message":"⌛ Building environment","timeElapsed":334,"timestamp":"2025-07-04T14:01:44.083Z"}
{"level":"info","message":"⌛ Building environment","timeElapsed":362,"timestamp":"2025-07-04T14:01:44.450Z"}
{"level":"info","message":"⌛ Validating arcaneBastion.wtest","timeElapsed":469,"timestamp":"2025-07-04T14:01:44.925Z"}
{"level":"info","message":"⌛ Building environment","timeElapsed":351,"timestamp":"2025-07-04T14:01:45.306Z"}
{"level":"info","message":"⌛ Validating arcaneBastion.wtest","timeElapsed":472,"timestamp":"2025-07-04T14:01:45.781Z"}
{"level":"info","message":"⌛ Building environment","timeElapsed":331,"timestamp":"2025-07-04T14:01:46.117Z"}
{"level":"info","message":"⌛ Building environment","timeElapsed":684,"timestamp":"2025-07-04T14:01:46.847Z"}
{"level":"info","message":"⌛ Building environment","timeElapsed":469,"timestamp":"2025-07-04T14:01:47.366Z"}
{"level":"info","message":"⌛ Validating arcaneBastion.wtest","timeElapsed":570,"timestamp":"2025-07-04T14:01:47.966Z"}
{"level":"info","message":"⌛ Building environment","timeElapsed":581,"timestamp":"2025-07-04T14:01:48.799Z"}
{"level":"info","message":"⌛ Validating arcaneBastion.wtest","timeElapsed":422,"timestamp":"2025-07-04T14:01:49.226Z"}
{"level":"info","message":"⌛ Building environment","timeElapsed":417,"timestamp":"2025-07-04T14:01:49.665Z"}
{"level":"info","message":"⌛ Autocomplete - Body","timeElapsed":447,"timestamp":"2025-07-04T14:01:50.124Z"}
{"level":"info","message":"⌛ Building environment","timeElapsed":308,"timestamp":"2025-07-04T14:01:50.442Z"}
{"level":"info","message":"⌛ Validating arcaneBastion.wtest","timeElapsed":468,"timestamp":"2025-07-04T14:01:50.912Z"}
{"level":"info","message":"⌛ Building environment","timeElapsed":308,"timestamp":"2025-07-04T14:01:51.224Z"}
{"level":"info","message":"⌛ Building environment","timeElapsed":277,"timestamp":"2025-07-04T14:01:51.529Z"}
{"level":"info","message":"⌛ Building environment","timeElapsed":243,"timestamp":"2025-07-04T14:01:51.842Z"}
{"level":"info","message":"⌛ Building environment","timeElapsed":382,"timestamp":"2025-07-04T14:01:52.229Z"}
{"level":"info","message":"⌛ Building environment","timeElapsed":330,"timestamp":"2025-07-04T14:01:52.561Z"}
{"level":"info","message":"⌛ Building environment","timeElapsed":395,"timestamp":"2025-07-04T14:01:52.974Z"}
{"level":"info","message":"⌛ Validating arcaneBastion.wtest","timeElapsed":1209,"timestamp":"2025-07-04T14:01:54.209Z"}
{"level":"info","message":"⌛ Validating arcaneBastion.wtest","timeElapsed":719,"timestamp":"2025-07-04T14:01:54.932Z"}
{"level":"info","message":"⌛ Validating arcaneBastion.wtest","timeElapsed":546,"timestamp":"2025-07-04T14:01:55.481Z"}
{"level":"info","message":"⌛ Validating arcaneBastion.wtest","timeElapsed":516,"timestamp":"2025-07-04T14:01:56.014Z"}
{"level":"info","message":"⌛ Building environment","timeElapsed":937,"timestamp":"2025-07-04T14:01:56.954Z"}
{"level":"info","message":"⌛ Validating arcaneBastion.wtest","timeElapsed":397,"timestamp":"2025-07-04T14:01:57.353Z"}
{"level":"info","message":"⌛ Building environment","timeElapsed":400,"timestamp":"2025-07-04T14:01:57.766Z"}
{"level":"info","message":"⌛ Validating arcaneBastion.wtest","timeElapsed":707,"timestamp":"2025-07-04T14:01:58.512Z"}
{"level":"info","message":"⌛ Building environment","timeElapsed":219,"timestamp":"2025-07-04T14:01:58.759Z"}
{"level":"info","message":"⌛ Building environment","timeElapsed":481,"timestamp":"2025-07-04T14:01:59.287Z"}
{"level":"info","message":"⌛ Building environment","timeElapsed":256,"timestamp":"2025-07-04T14:01:59.601Z"}
{"level":"info","message":"⌛ Validating arcaneBastion.wtest","timeElapsed":467,"timestamp":"2025-07-04T14:02:00.070Z"}
{"level":"info","message":"⌛ Building environment","timeElapsed":290,"timestamp":"2025-07-04T14:02:00.400Z"}
{"level":"info","message":"⌛ Building environment","timeElapsed":371,"timestamp":"2025-07-04T14:02:00.788Z"}
{"level":"info","message":"⌛ Building environment","timeElapsed":1404,"timestamp":"2025-07-04T14:02:02.252Z"}
{"level":"info","message":"⌛ Validating arcaneBastion.wtest","timeElapsed":407,"timestamp":"2025-07-04T14:02:02.660Z"}
{"level":"info","message":"⌛ Building environment","timeElapsed":232,"timestamp":"2025-07-04T14:02:02.926Z"}
{"level":"info","message":"⌛ Building environment","timeElapsed":273,"timestamp":"2025-07-04T14:02:03.225Z"}
{"level":"info","message":"⌛ Building environment","timeElapsed":289,"timestamp":"2025-07-04T14:02:03.517Z"}
{"level":"info","message":"⌛ Validating arcaneBastion.wtest","timeElapsed":377,"timestamp":"2025-07-04T14:02:03.903Z"}
{"level":"info","message":"⌛ Building environment","timeElapsed":277,"timestamp":"2025-07-04T14:02:04.200Z"}
{"level":"info","message":"⌛ Building environment","timeElapsed":226,"timestamp":"2025-07-04T14:02:04.428Z"}
{"level":"info","message":"⌛ Validating arcaneBastion.wtest","timeElapsed":391,"timestamp":"2025-07-04T14:02:04.871Z"}
{"level":"info","message":"⌛ Building environment","timeElapsed":240,"timestamp":"2025-07-04T14:02:05.150Z"}
{"level":"info","message":"⌛ Building environment","timeElapsed":220,"timestamp":"2025-07-04T14:02:05.417Z"}
{"level":"info","message":"⌛ Building environment","timeElapsed":220,"timestamp":"2025-07-04T14:02:05.686Z"}
{"level":"info","message":"⌛ Building environment","timeElapsed":231,"timestamp":"2025-07-04T14:02:05.986Z"}
{"level":"info","message":"⌛ Validating arcaneBastion.wtest","timeElapsed":390,"timestamp":"2025-07-04T14:02:06.447Z"}
{"level":"info","message":"⌛ Validating arcaneBastion.wtest","timeElapsed":368,"timestamp":"2025-07-04T14:02:06.819Z"}
{"level":"info","message":"⌛ Validating arcaneBastion.wtest","timeElapsed":359,"timestamp":"2025-07-04T14:02:07.186Z"}
{"level":"info","message":"⌛ Validating arcaneBastion.wtest","timeElapsed":343,"timestamp":"2025-07-04T14:02:07.538Z"}
{"level":"info","message":"⌛ Validating arcaneBastion.wtest","timeElapsed":398,"timestamp":"2025-07-04T14:02:07.937Z"}
{"level":"info","message":"⌛ Validating arcaneBastion.wtest","timeElapsed":383,"timestamp":"2025-07-04T14:02:08.321Z"}
{"level":"info","message":"⌛ Validating arcaneBastion.wtest","timeElapsed":338,"timestamp":"2025-07-04T14:02:08.664Z"}
{"level":"info","message":"⌛ Validating arcaneBastion.wtest","timeElapsed":341,"timestamp":"2025-07-04T14:02:09.006Z"}
{"level":"info","message":"⌛ Validating arcaneBastion.wtest","timeElapsed":325,"timestamp":"2025-07-04T14:02:09.346Z"}
{"level":"info","message":"⌛ Validating arcaneBastion.wtest","timeElapsed":343,"timestamp":"2025-07-04T14:02:09.866Z"}
{"level":"info","message":"⌛ Validating arcaneBastion.wtest","timeElapsed":381,"timestamp":"2025-07-04T14:02:10.287Z"}
{"level":"info","message":"⌛ Validating arcaneBastion.wtest","timeElapsed":393,"timestamp":"2025-07-04T14:02:10.703Z"}
{"level":"info","message":"⌛ Validating arcaneBastion.wtest","timeElapsed":355,"timestamp":"2025-07-04T14:02:11.065Z"}
{"level":"info","message":"⌛ Validating arcaneBastion.wtest","timeElapsed":335,"timestamp":"2025-07-04T14:02:11.439Z"}
{"level":"info","message":"⌛ Validating arcaneBastion.wtest","timeElapsed":333,"timestamp":"2025-07-04T14:02:11.802Z"}
{"level":"info","message":"⌛ Validating arcaneBastion.wtest","timeElapsed":333,"timestamp":"2025-07-04T14:02:12.136Z"}
{"level":"info","message":"⌛ Validating arcaneBastion.wtest","timeElapsed":628,"timestamp":"2025-07-04T14:02:12.815Z"}
{"level":"info","message":"⌛ Validating arcaneBastion.wtest","timeElapsed":391,"timestamp":"2025-07-04T14:02:13.258Z"}
{"level":"info","message":"⌛ Validating arcaneBastion.wtest","timeElapsed":433,"timestamp":"2025-07-04T14:02:13.711Z"}
{"level":"info","message":"⌛ Validating arcaneBastion.wtest","timeElapsed":445,"timestamp":"2025-07-04T14:02:14.160Z"}
{"level":"info","message":"⌛ Validating arcaneBastion.wtest","timeElapsed":480,"timestamp":"2025-07-04T14:02:14.655Z"}
{"level":"info","message":"⌛ Validating arcaneBastion.wtest","timeElapsed":474,"timestamp":"2025-07-04T14:02:15.135Z"}
{"level":"info","message":"⌛ Validating arcaneBastion.wtest","timeElapsed":365,"timestamp":"2025-07-04T14:02:15.531Z"}
{"level":"info","message":"⌛ Validating arcaneBastion.wtest","timeElapsed":419,"timestamp":"2025-07-04T14:02:15.956Z"}
{"level":"info","message":"⌛ Validating arcaneBastion.wtest","timeElapsed":1291,"timestamp":"2025-07-04T14:02:17.252Z"}
{"level":"info","message":"⌛ Validating arcaneBastion.wtest","timeElapsed":459,"timestamp":"2025-07-04T14:02:17.712Z"}
{"errors":{"errors":[null,["/*\r","Hace que colisionen con el pixel actual o el siguiente.\r","ya que parece que como el dragon va restando y el hechizo sumando en el eje x\r","estos se omiten\r"]]},"level":"error","message":"✘ Failed to get type description: Error: {\n  \"errors\": [\n    null,\n    [\n      \"/*\\r\",\n      \"Hace que colisionen con el pixel actual o el siguiente.\\r\",\n      \"ya que parece que como el dragon va restando y el hechizo sumando en el eje x\\r\",\n      \"estos se omiten\\r\"\n    ]\n  ]\n} {\n  \"errors\": [\n    null,\n    [\n      \"/*\\r\",\n      \"Hace que colisionen con el pixel actual o el siguiente.\\r\",\n      \"ya que parece que como el dragon va restando y el hechizo sumando en el eje x\\r\",\n      \"estos se omiten\\r\"\n    ]\n  ]\n}","stack":"Error: {\n  \"errors\": [\n    null,\n    [\n      \"/*\\r\",\n      \"Hace que colisionen con el pixel actual o el siguiente.\\r\",\n      \"ya que parece que como el dragon va restando y el hechizo sumando en el eje x\\r\",\n      \"estos se omiten\\r\"\n    ]\n  ]\n}\n    at pS (c:\\Users\\LUZ RAMIREZ\\.vscode\\extensions\\uqbar.wollok-lsp-ide-0.5.2\\out\\server\\src\\server.js:64:34609)\n    at G1 (c:\\Users\\LUZ RAMIREZ\\.vscode\\extensions\\uqbar.wollok-lsp-ide-0.5.2\\out\\server\\src\\server.js:64:34682)\n    at c:\\Users\\LUZ RAMIREZ\\.vscode\\extensions\\uqbar.wollok-lsp-ide-0.5.2\\out\\server\\src\\server.js:64:37949\n    at o.v1 (c:\\Users\\LUZ RAMIREZ\\.vscode\\extensions\\uqbar.wollok-lsp-ide-0.5.2\\out\\server\\src\\server.js:57:57694)\n    at c:\\Users\\LUZ RAMIREZ\\.vscode\\extensions\\uqbar.wollok-lsp-ide-0.5.2\\out\\server\\src\\server.js:64:37918\n    at c:\\Users\\LUZ RAMIREZ\\.vscode\\extensions\\uqbar.wollok-lsp-ide-0.5.2\\out\\server\\src\\server.js:57:55734\n    at Ofn (c:\\Users\\LUZ RAMIREZ\\.vscode\\extensions\\uqbar.wollok-lsp-ide-0.5.2\\out\\server\\src\\server.js:68:11324)\n    at c:\\Users\\LUZ RAMIREZ\\.vscode\\extensions\\uqbar.wollok-lsp-ide-0.5.2\\out\\server\\src\\server.js:68:3629\n    at Array.map (<anonymous>)\n    at c:\\Users\\LUZ RAMIREZ\\.vscode\\extensions\\uqbar.wollok-lsp-ide-0.5.2\\out\\server\\src\\server.js:68:4693","timestamp":"2025-07-04T14:03:10.698Z"}
{"level":"info","message":"⌛ Building environment","timeElapsed":918,"timestamp":"2025-07-04T14:03:36.278Z"}
{"level":"info","message":"⌛ Building environment","timeElapsed":232,"timestamp":"2025-07-04T14:03:36.542Z"}
{"level":"info","message":"⌛ Validating arcaneBastion.wtest","timeElapsed":410,"timestamp":"2025-07-04T14:03:37.058Z"}
{"level":"info","message":"⌛ Validating arcaneBastion.wtest","timeElapsed":479,"timestamp":"2025-07-04T14:03:37.538Z"}
{"level":"info","message":"⌛ Building environment","timeElapsed":320,"timestamp":"2025-07-04T14:03:37.873Z"}
{"level":"info","message":"⌛ Building environment","timeElapsed":449,"timestamp":"2025-07-04T14:03:38.472Z"}
{"level":"info","message":"⌛ Building environment","timeElapsed":401,"timestamp":"2025-07-04T14:03:38.977Z"}
{"level":"info","message":"⌛ Building environment","timeElapsed":452,"timestamp":"2025-07-04T14:03:39.486Z"}
{"level":"info","message":"⌛ Building environment","timeElapsed":219,"timestamp":"2025-07-04T14:03:39.774Z"}
{"level":"info","message":"⌛ Validating arcaneBastion.wtest","timeElapsed":373,"timestamp":"2025-07-04T14:03:40.214Z"}
{"level":"info","message":"⌛ Building environment","timeElapsed":588,"timestamp":"2025-07-04T14:03:40.806Z"}
{"level":"info","message":"⌛ Building environment","timeElapsed":352,"timestamp":"2025-07-04T14:03:41.166Z"}
{"level":"info","message":"⌛ Building environment","timeElapsed":289,"timestamp":"2025-07-04T14:03:41.457Z"}
{"level":"info","message":"⌛ Building environment","timeElapsed":268,"timestamp":"2025-07-04T14:03:41.731Z"}
{"level":"info","message":"⌛ Validating arcaneBastion.wtest","timeElapsed":446,"timestamp":"2025-07-04T14:03:42.179Z"}
{"level":"info","message":"⌛ Building environment","timeElapsed":256,"timestamp":"2025-07-04T14:03:42.436Z"}
{"level":"info","message":"⌛ Building environment","timeElapsed":375,"timestamp":"2025-07-04T14:03:42.850Z"}
{"level":"info","message":"⌛ Building environment","timeElapsed":239,"timestamp":"2025-07-04T14:03:43.137Z"}
{"level":"info","message":"⌛ Building environment","timeElapsed":282,"timestamp":"2025-07-04T14:03:43.572Z"}
{"level":"info","message":"⌛ Validating arcaneBastion.wtest","timeElapsed":457,"timestamp":"2025-07-04T14:03:44.032Z"}
{"level":"info","message":"⌛ Building environment","timeElapsed":798,"timestamp":"2025-07-04T14:03:44.948Z"}
{"level":"info","message":"⌛ Building environment","timeElapsed":418,"timestamp":"2025-07-04T14:03:45.367Z"}
{"level":"info","message":"⌛ Validating arcaneBastion.wtest","timeElapsed":607,"timestamp":"2025-07-04T14:03:45.993Z"}
{"level":"info","message":"⌛ Validating arcaneBastion.wtest","timeElapsed":379,"timestamp":"2025-07-04T14:03:46.381Z"}
{"level":"info","message":"⌛ Building environment","timeElapsed":468,"timestamp":"2025-07-04T14:03:46.851Z"}
{"level":"info","message":"⌛ Validating arcaneBastion.wtest","timeElapsed":393,"timestamp":"2025-07-04T14:03:47.263Z"}
{"level":"info","message":"⌛ Validating arcaneBastion.wtest","timeElapsed":413,"timestamp":"2025-07-04T14:03:47.677Z"}
{"level":"info","message":"⌛ Validating arcaneBastion.wtest","timeElapsed":390,"timestamp":"2025-07-04T14:03:48.068Z"}
{"level":"info","message":"⌛ Validating arcaneBastion.wtest","timeElapsed":363,"timestamp":"2025-07-04T14:03:48.438Z"}
{"level":"info","message":"⌛ Building environment","timeElapsed":677,"timestamp":"2025-07-04T14:03:49.123Z"}
{"level":"info","message":"⌛ Validating arcaneBastion.wtest","timeElapsed":354,"timestamp":"2025-07-04T14:03:49.495Z"}
{"level":"info","message":"⌛ Validating arcaneBastion.wtest","timeElapsed":346,"timestamp":"2025-07-04T14:03:49.849Z"}
{"level":"info","message":"⌛ Building environment","timeElapsed":259,"timestamp":"2025-07-04T14:03:50.115Z"}
{"level":"info","message":"⌛ Validating arcaneBastion.wtest","timeElapsed":337,"timestamp":"2025-07-04T14:03:50.453Z"}
{"level":"info","message":"⌛ Building environment","timeElapsed":254,"timestamp":"2025-07-04T14:03:50.734Z"}
{"level":"info","message":"⌛ Validating arcaneBastion.wtest","timeElapsed":486,"timestamp":"2025-07-04T14:03:51.224Z"}
{"level":"info","message":"⌛ Building environment","timeElapsed":301,"timestamp":"2025-07-04T14:03:51.540Z"}
{"level":"info","message":"⌛ Building environment","timeElapsed":300,"timestamp":"2025-07-04T14:03:51.901Z"}
{"level":"info","message":"⌛ Building environment","timeElapsed":345,"timestamp":"2025-07-04T14:03:52.318Z"}
{"level":"info","message":"⌛ Building environment","timeElapsed":250,"timestamp":"2025-07-04T14:03:52.625Z"}
{"level":"info","message":"⌛ Validating arcaneBastion.wtest","timeElapsed":356,"timestamp":"2025-07-04T14:03:53.049Z"}
{"level":"info","message":"⌛ Validating arcaneBastion.wtest","timeElapsed":729,"timestamp":"2025-07-04T14:03:53.801Z"}
{"level":"info","message":"⌛ Building environment","timeElapsed":472,"timestamp":"2025-07-04T14:03:54.307Z"}
{"level":"info","message":"⌛ Validating arcaneBastion.wtest","timeElapsed":366,"timestamp":"2025-07-04T14:03:54.839Z"}
{"level":"info","message":"⌛ Building environment","timeElapsed":257,"timestamp":"2025-07-04T14:03:55.108Z"}
{"level":"info","message":"⌛ Building environment","timeElapsed":226,"timestamp":"2025-07-04T14:03:55.398Z"}
{"level":"info","message":"⌛ Validating arcaneBastion.wtest","timeElapsed":419,"timestamp":"2025-07-04T14:03:55.885Z"}
{"level":"info","message":"⌛ Validating arcaneBastion.wtest","timeElapsed":397,"timestamp":"2025-07-04T14:03:56.296Z"}
{"level":"info","message":"⌛ Validating arcaneBastion.wtest","timeElapsed":348,"timestamp":"2025-07-04T14:03:56.647Z"}
{"level":"info","message":"⌛ Validating arcaneBastion.wtest","timeElapsed":380,"timestamp":"2025-07-04T14:03:57.049Z"}
{"level":"info","message":"⌛ Validating arcaneBastion.wtest","timeElapsed":402,"timestamp":"2025-07-04T14:03:57.451Z"}
{"level":"info","message":"⌛ Validating arcaneBastion.wtest","timeElapsed":360,"timestamp":"2025-07-04T14:03:57.816Z"}
{"level":"info","message":"⌛ Validating arcaneBastion.wtest","timeElapsed":482,"timestamp":"2025-07-04T14:03:58.305Z"}
{"level":"info","message":"⌛ Validating arcaneBastion.wtest","timeElapsed":436,"timestamp":"2025-07-04T14:03:58.989Z"}
{"level":"info","message":"⌛ Validating arcaneBastion.wtest","timeElapsed":475,"timestamp":"2025-07-04T14:03:59.473Z"}
{"level":"info","message":"⌛ Validating arcaneBastion.wtest","timeElapsed":612,"timestamp":"2025-07-04T14:04:00.104Z"}
{"level":"info","message":"⌛ Building environment","timeElapsed":407,"timestamp":"2025-07-04T14:04:00.513Z"}
{"level":"info","message":"⌛ Building environment","timeElapsed":384,"timestamp":"2025-07-04T14:04:00.909Z"}
{"level":"info","message":"⌛ Building environment","timeElapsed":251,"timestamp":"2025-07-04T14:04:01.386Z"}
{"level":"info","message":"⌛ Building environment","timeElapsed":332,"timestamp":"2025-07-04T14:04:01.721Z"}
{"level":"info","message":"⌛ Building environment","timeElapsed":727,"timestamp":"2025-07-04T14:04:02.449Z"}
{"level":"info","message":"⌛ Building environment","timeElapsed":768,"timestamp":"2025-07-04T14:04:03.340Z"}
{"level":"info","message":"⌛ Building environment","timeElapsed":386,"timestamp":"2025-07-04T14:04:03.741Z"}
{"level":"info","message":"⌛ Building environment","timeElapsed":356,"timestamp":"2025-07-04T14:04:04.120Z"}
{"level":"info","message":"⌛ Building environment","timeElapsed":265,"timestamp":"2025-07-04T14:04:04.387Z"}
{"level":"info","message":"⌛ Building environment","timeElapsed":237,"timestamp":"2025-07-04T14:04:04.704Z"}
{"level":"info","message":"⌛ Building environment","timeElapsed":231,"timestamp":"2025-07-04T14:04:04.986Z"}
{"level":"info","message":"⌛ Building environment","timeElapsed":284,"timestamp":"2025-07-04T14:04:05.273Z"}
{"level":"info","message":"⌛ Validating arcaneBastion.wtest","timeElapsed":510,"timestamp":"2025-07-04T14:04:05.785Z"}
{"level":"info","message":"⌛ Building environment","timeElapsed":274,"timestamp":"2025-07-04T14:04:06.090Z"}
{"level":"info","message":"⌛ Building environment","timeElapsed":288,"timestamp":"2025-07-04T14:04:06.381Z"}
{"level":"info","message":"⌛ Building environment","timeElapsed":871,"timestamp":"2025-07-04T14:04:07.256Z"}
{"level":"info","message":"⌛ Validating arcaneBastion.wtest","timeElapsed":519,"timestamp":"2025-07-04T14:04:07.776Z"}
{"level":"info","message":"⌛ Building environment","timeElapsed":338,"timestamp":"2025-07-04T14:04:08.123Z"}
{"level":"error","message":"✘ Completions for node Variable ([5:5, 5:14] - arcaneBastion.wtest) failed: Error: hec [Variable]{50e531} at arcaneBastion.wtest:5 exhausted all cases without a match hec [Variable]{50e531} at arcaneBastion.wtest:5 exhausted all cases without a match","stack":"Error: hec [Variable]{50e531} at arcaneBastion.wtest:5 exhausted all cases without a match\n    at c:\\Users\\LUZ RAMIREZ\\.vscode\\extensions\\uqbar.wollok-lsp-ide-0.5.2\\out\\server\\src\\server.js:38:6142\n    at C2 (c:\\Users\\LUZ RAMIREZ\\.vscode\\extensions\\uqbar.wollok-lsp-ide-0.5.2\\out\\server\\src\\server.js:2362:42)\n    at c:\\Users\\LUZ RAMIREZ\\.vscode\\extensions\\uqbar.wollok-lsp-ide-0.5.2\\out\\server\\src\\server.js:2362:2988\n    at c:\\Users\\LUZ RAMIREZ\\.vscode\\extensions\\uqbar.wollok-lsp-ide-0.5.2\\out\\server\\src\\server.js:2371:8440\n    at c:\\Users\\LUZ RAMIREZ\\.vscode\\extensions\\uqbar.wollok-lsp-ide-0.5.2\\out\\server\\src\\server.js:37:74872\n    at Ye (c:\\Users\\LUZ RAMIREZ\\.vscode\\extensions\\uqbar.wollok-lsp-ide-0.5.2\\out\\server\\src\\server.js:7:8527)\n    at Dt (c:\\Users\\LUZ RAMIREZ\\.vscode\\extensions\\uqbar.wollok-lsp-ide-0.5.2\\out\\server\\src\\server.js:7:6189)\n    at Zi (c:\\Users\\LUZ RAMIREZ\\.vscode\\extensions\\uqbar.wollok-lsp-ide-0.5.2\\out\\server\\src\\server.js:7:6378)\n    at Immediate._onImmediate (c:\\Users\\LUZ RAMIREZ\\.vscode\\extensions\\uqbar.wollok-lsp-ide-0.5.2\\out\\server\\src\\server.js:7:6142)\n    at process.processImmediate (node:internal/timers:485:21)","timestamp":"2025-07-04T14:04:08.206Z"}
{"level":"info","message":"⌛ Building environment","timeElapsed":269,"timestamp":"2025-07-04T14:04:08.487Z"}
{"level":"info","message":"⌛ Building environment","timeElapsed":221,"timestamp":"2025-07-04T14:04:08.714Z"}
{"level":"info","message":"⌛ Validating arcaneBastion.wtest","timeElapsed":344,"timestamp":"2025-07-04T14:04:09.106Z"}
{"level":"info","message":"⌛ Building environment","timeElapsed":1322,"timestamp":"2025-07-04T14:04:10.454Z"}
{"level":"info","message":"⌛ Building environment","timeElapsed":390,"timestamp":"2025-07-04T14:04:10.846Z"}
{"level":"info","message":"⌛ Validating arcaneBastion.wtest","timeElapsed":432,"timestamp":"2025-07-04T14:04:11.280Z"}
{"level":"info","message":"⌛ Building environment","timeElapsed":271,"timestamp":"2025-07-04T14:04:11.552Z"}
{"level":"info","message":"⌛ Building environment","timeElapsed":265,"timestamp":"2025-07-04T14:04:11.819Z"}
{"level":"info","message":"⌛ Building environment","timeElapsed":253,"timestamp":"2025-07-04T14:04:12.073Z"}
{"level":"info","message":"⌛ Validating arcaneBastion.wtest","timeElapsed":346,"timestamp":"2025-07-04T14:04:12.479Z"}
{"level":"info","message":"⌛ Building environment","timeElapsed":227,"timestamp":"2025-07-04T14:04:12.714Z"}
{"level":"info","message":"⌛ Building environment","timeElapsed":224,"timestamp":"2025-07-04T14:04:12.972Z"}
{"level":"info","message":"⌛ Building environment","timeElapsed":216,"timestamp":"2025-07-04T14:04:13.239Z"}
{"level":"info","message":"⌛ Building environment","timeElapsed":225,"timestamp":"2025-07-04T14:04:13.519Z"}
{"level":"info","message":"⌛ Validating arcaneBastion.wtest","timeElapsed":349,"timestamp":"2025-07-04T14:04:13.917Z"}
{"level":"info","message":"⌛ Building environment","timeElapsed":235,"timestamp":"2025-07-04T14:04:14.157Z"}
{"level":"info","message":"⌛ Building environment","timeElapsed":216,"timestamp":"2025-07-04T14:04:14.412Z"}
{"level":"info","message":"⌛ Building environment","timeElapsed":220,"timestamp":"2025-07-04T14:04:14.686Z"}
{"level":"info","message":"⌛ Validating arcaneBastion.wtest","timeElapsed":344,"timestamp":"2025-07-04T14:04:15.077Z"}
{"level":"info","message":"⌛ Building environment","timeElapsed":229,"timestamp":"2025-07-04T14:04:15.318Z"}
{"level":"info","message":"⌛ Building environment","timeElapsed":230,"timestamp":"2025-07-04T14:04:15.582Z"}
{"level":"info","message":"⌛ Building environment","timeElapsed":251,"timestamp":"2025-07-04T14:04:15.881Z"}
{"level":"info","message":"⌛ Validating arcaneBastion.wtest","timeElapsed":350,"timestamp":"2025-07-04T14:04:16.281Z"}
{"level":"info","message":"⌛ Validating arcaneBastion.wtest","timeElapsed":329,"timestamp":"2025-07-04T14:04:16.628Z"}
{"level":"info","message":"⌛ Building environment","timeElapsed":234,"timestamp":"2025-07-04T14:04:16.873Z"}
{"level":"info","message":"⌛ Validating arcaneBastion.wtest","timeElapsed":339,"timestamp":"2025-07-04T14:04:17.265Z"}
{"level":"info","message":"⌛ Validating arcaneBastion.wtest","timeElapsed":925,"timestamp":"2025-07-04T14:04:18.201Z"}
{"level":"info","message":"⌛ Validating arcaneBastion.wtest","timeElapsed":346,"timestamp":"2025-07-04T14:04:18.575Z"}
{"level":"info","message":"⌛ Validating arcaneBastion.wtest","timeElapsed":333,"timestamp":"2025-07-04T14:04:18.994Z"}
{"level":"info","message":"⌛ Validating arcaneBastion.wtest","timeElapsed":332,"timestamp":"2025-07-04T14:04:19.400Z"}
{"level":"info","message":"⌛ Validating arcaneBastion.wtest","timeElapsed":355,"timestamp":"2025-07-04T14:04:19.756Z"}
{"level":"info","message":"⌛ Validating arcaneBastion.wtest","timeElapsed":353,"timestamp":"2025-07-04T14:04:20.143Z"}
{"level":"info","message":"⌛ Validating arcaneBastion.wtest","timeElapsed":333,"timestamp":"2025-07-04T14:04:20.476Z"}
{"level":"info","message":"⌛ Validating arcaneBastion.wtest","timeElapsed":331,"timestamp":"2025-07-04T14:04:20.815Z"}
{"level":"info","message":"⌛ Validating arcaneBastion.wtest","timeElapsed":409,"timestamp":"2025-07-04T14:04:21.233Z"}
{"level":"info","message":"⌛ Validating arcaneBastion.wtest","timeElapsed":511,"timestamp":"2025-07-04T14:04:21.746Z"}
{"level":"info","message":"⌛ Validating arcaneBastion.wtest","timeElapsed":439,"timestamp":"2025-07-04T14:04:22.271Z"}
{"level":"info","message":"⌛ Validating arcaneBastion.wtest","timeElapsed":339,"timestamp":"2025-07-04T14:04:22.629Z"}
{"level":"info","message":"⌛ Validating arcaneBastion.wtest","timeElapsed":343,"timestamp":"2025-07-04T14:04:22.979Z"}
{"level":"info","message":"⌛ Validating arcaneBastion.wtest","timeElapsed":325,"timestamp":"2025-07-04T14:04:23.306Z"}
{"level":"info","message":"⌛ Validating arcaneBastion.wtest","timeElapsed":333,"timestamp":"2025-07-04T14:04:23.640Z"}
{"level":"info","message":"⌛ Validating arcaneBastion.wtest","timeElapsed":327,"timestamp":"2025-07-04T14:04:23.972Z"}
{"level":"info","message":"⌛ Validating arcaneBastion.wtest","timeElapsed":333,"timestamp":"2025-07-04T14:04:24.309Z"}
{"level":"info","message":"⌛ Validating arcaneBastion.wtest","timeElapsed":340,"timestamp":"2025-07-04T14:04:24.655Z"}
{"level":"info","message":"⌛ Validating arcaneBastion.wtest","timeElapsed":326,"timestamp":"2025-07-04T14:04:24.990Z"}
{"level":"info","message":"⌛ Validating arcaneBastion.wtest","timeElapsed":325,"timestamp":"2025-07-04T14:04:25.318Z"}
{"level":"info","message":"⌛ Validating arcaneBastion.wtest","timeElapsed":329,"timestamp":"2025-07-04T14:04:25.653Z"}
{"level":"info","message":"⌛ Validating arcaneBastion.wtest","timeElapsed":397,"timestamp":"2025-07-04T14:04:26.057Z"}
{"level":"info","message":"⌛ Validating arcaneBastion.wtest","timeElapsed":376,"timestamp":"2025-07-04T14:04:26.453Z"}
{"level":"info","message":"⌛ Validating arcaneBastion.wtest","timeElapsed":341,"timestamp":"2025-07-04T14:04:26.797Z"}
{"level":"info","message":"⌛ Building environment","timeElapsed":388,"timestamp":"2025-07-04T14:04:53.963Z"}
{"level":"error","message":"✘ Completions for node Send ([5:22, 5:32] - arcaneBastion.wtest) failed: Error: [Send]{38ed41} at arcaneBastion.wtest:5 exhausted all cases without a match [Send]{38ed41} at arcaneBastion.wtest:5 exhausted all cases without a match","stack":"Error: [Send]{38ed41} at arcaneBastion.wtest:5 exhausted all cases without a match\n    at c:\\Users\\LUZ RAMIREZ\\.vscode\\extensions\\uqbar.wollok-lsp-ide-0.5.2\\out\\server\\src\\server.js:38:6142\n    at C2 (c:\\Users\\LUZ RAMIREZ\\.vscode\\extensions\\uqbar.wollok-lsp-ide-0.5.2\\out\\server\\src\\server.js:2362:42)\n    at Gh (c:\\Users\\LUZ RAMIREZ\\.vscode\\extensions\\uqbar.wollok-lsp-ide-0.5.2\\out\\server\\src\\server.js:2362:1092)\n    at l8n (c:\\Users\\LUZ RAMIREZ\\.vscode\\extensions\\uqbar.wollok-lsp-ide-0.5.2\\out\\server\\src\\server.js:2362:1248)\n    at c:\\Users\\LUZ RAMIREZ\\.vscode\\extensions\\uqbar.wollok-lsp-ide-0.5.2\\out\\server\\src\\server.js:38:6131\n    at C2 (c:\\Users\\LUZ RAMIREZ\\.vscode\\extensions\\uqbar.wollok-lsp-ide-0.5.2\\out\\server\\src\\server.js:2362:42)\n    at c:\\Users\\LUZ RAMIREZ\\.vscode\\extensions\\uqbar.wollok-lsp-ide-0.5.2\\out\\server\\src\\server.js:2362:2988\n    at c:\\Users\\LUZ RAMIREZ\\.vscode\\extensions\\uqbar.wollok-lsp-ide-0.5.2\\out\\server\\src\\server.js:2371:8440\n    at c:\\Users\\LUZ RAMIREZ\\.vscode\\extensions\\uqbar.wollok-lsp-ide-0.5.2\\out\\server\\src\\server.js:37:74872\n    at Ye (c:\\Users\\LUZ RAMIREZ\\.vscode\\extensions\\uqbar.wollok-lsp-ide-0.5.2\\out\\server\\src\\server.js:7:8527)","timestamp":"2025-07-04T14:04:54.082Z"}
{"level":"error","message":"✘ Completions for node Variable ([5:5, 5:32] - arcaneBastion.wtest) failed: Error: hechizo1 [Variable]{2a9230} at arcaneBastion.wtest:5 exhausted all cases without a match hechizo1 [Variable]{2a9230} at arcaneBastion.wtest:5 exhausted all cases without a match","stack":"Error: hechizo1 [Variable]{2a9230} at arcaneBastion.wtest:5 exhausted all cases without a match\n    at c:\\Users\\LUZ RAMIREZ\\.vscode\\extensions\\uqbar.wollok-lsp-ide-0.5.2\\out\\server\\src\\server.js:38:6142\n    at C2 (c:\\Users\\LUZ RAMIREZ\\.vscode\\extensions\\uqbar.wollok-lsp-ide-0.5.2\\out\\server\\src\\server.js:2362:42)\n    at Gh (c:\\Users\\LUZ RAMIREZ\\.vscode\\extensions\\uqbar.wollok-lsp-ide-0.5.2\\out\\server\\src\\server.js:2362:1092)\n    at C2 (c:\\Users\\LUZ RAMIREZ\\.vscode\\extensions\\uqbar.wollok-lsp-ide-0.5.2\\out\\server\\src\\server.js:2362:544)\n    at Gh (c:\\Users\\LUZ RAMIREZ\\.vscode\\extensions\\uqbar.wollok-lsp-ide-0.5.2\\out\\server\\src\\server.js:2362:1092)\n    at l8n (c:\\Users\\LUZ RAMIREZ\\.vscode\\extensions\\uqbar.wollok-lsp-ide-0.5.2\\out\\server\\src\\server.js:2362:1248)\n    at c:\\Users\\LUZ RAMIREZ\\.vscode\\extensions\\uqbar.wollok-lsp-ide-0.5.2\\out\\server\\src\\server.js:38:6131\n    at C2 (c:\\Users\\LUZ RAMIREZ\\.vscode\\extensions\\uqbar.wollok-lsp-ide-0.5.2\\out\\server\\src\\server.js:2362:42)\n    at c:\\Users\\LUZ RAMIREZ\\.vscode\\extensions\\uqbar.wollok-lsp-ide-0.5.2\\out\\server\\src\\server.js:2362:2988\n    at c:\\Users\\LUZ RAMIREZ\\.vscode\\extensions\\uqbar.wollok-lsp-ide-0.5.2\\out\\server\\src\\server.js:2371:8440","timestamp":"2025-07-04T14:04:54.082Z"}
{"level":"info","message":"⌛ Autocomplete - Reference","timeElapsed":103,"timestamp":"2025-07-04T14:04:54.100Z"}
{"level":"info","message":"⌛ Building environment","timeElapsed":302,"timestamp":"2025-07-04T14:04:54.479Z"}
{"level":"info","message":"⌛ Validating arcaneBastion.wtest","timeElapsed":455,"timestamp":"2025-07-04T14:04:54.987Z"}
{"level":"info","message":"⌛ Building environment","timeElapsed":301,"timestamp":"2025-07-04T14:04:55.293Z"}
{"level":"info","message":"⌛ Building environment","timeElapsed":355,"timestamp":"2025-07-04T14:04:55.692Z"}
{"level":"info","message":"⌛ Validating arcaneBastion.wtest","timeElapsed":551,"timestamp":"2025-07-04T14:04:56.310Z"}
{"level":"info","message":"⌛ Building environment","timeElapsed":286,"timestamp":"2025-07-04T14:04:56.598Z"}
{"level":"info","message":"⌛ Building environment","timeElapsed":233,"timestamp":"2025-07-04T14:04:56.871Z"}
{"level":"info","message":"⌛ Building environment","timeElapsed":233,"timestamp":"2025-07-04T14:04:57.159Z"}
{"level":"info","message":"⌛ Validating arcaneBastion.wtest","timeElapsed":525,"timestamp":"2025-07-04T14:04:57.747Z"}
{"level":"info","message":"⌛ Building environment","timeElapsed":366,"timestamp":"2025-07-04T14:04:58.120Z"}
{"level":"info","message":"⌛ Building environment","timeElapsed":352,"timestamp":"2025-07-04T14:04:58.575Z"}
{"level":"info","message":"⌛ Validating arcaneBastion.wtest","timeElapsed":472,"timestamp":"2025-07-04T14:04:59.049Z"}
{"level":"info","message":"⌛ Building environment","timeElapsed":352,"timestamp":"2025-07-04T14:04:59.421Z"}
{"level":"info","message":"⌛ Building environment","timeElapsed":372,"timestamp":"2025-07-04T14:04:59.803Z"}
{"level":"info","message":"⌛ Building environment","timeElapsed":283,"timestamp":"2025-07-04T14:05:00.141Z"}
{"level":"info","message":"⌛ Validating arcaneBastion.wtest","timeElapsed":431,"timestamp":"2025-07-04T14:05:00.646Z"}
{"level":"info","message":"⌛ Validating arcaneBastion.wtest","timeElapsed":394,"timestamp":"2025-07-04T14:05:01.065Z"}
{"level":"info","message":"⌛ Validating arcaneBastion.wtest","timeElapsed":440,"timestamp":"2025-07-04T14:05:01.509Z"}
{"level":"info","message":"⌛ Validating arcaneBastion.wtest","timeElapsed":406,"timestamp":"2025-07-04T14:05:01.925Z"}
{"level":"info","message":"⌛ Validating arcaneBastion.wtest","timeElapsed":406,"timestamp":"2025-07-04T14:05:02.332Z"}
{"level":"info","message":"⌛ Validating arcaneBastion.wtest","timeElapsed":360,"timestamp":"2025-07-04T14:05:02.706Z"}
{"level":"info","message":"⌛ Validating arcaneBastion.wtest","timeElapsed":353,"timestamp":"2025-07-04T14:05:03.074Z"}
{"level":"info","message":"⌛ Validating arcaneBastion.wtest","timeElapsed":489,"timestamp":"2025-07-04T14:05:03.726Z"}
{"level":"info","message":"⌛ Building environment","timeElapsed":455,"timestamp":"2025-07-04T14:05:16.977Z"}
{"level":"info","message":"⌛ Building environment","timeElapsed":346,"timestamp":"2025-07-04T14:05:17.440Z"}
{"level":"info","message":"⌛ Building environment","timeElapsed":295,"timestamp":"2025-07-04T14:05:17.739Z"}
{"level":"info","message":"⌛ Building environment","timeElapsed":294,"timestamp":"2025-07-04T14:05:18.091Z"}
{"level":"info","message":"⌛ Validating arcaneBastion.wtest","timeElapsed":385,"timestamp":"2025-07-04T14:05:18.525Z"}
{"level":"info","message":"⌛ Validating arcaneBastion.wtest","timeElapsed":380,"timestamp":"2025-07-04T14:05:18.939Z"}
{"level":"info","message":"⌛ Validating arcaneBastion.wtest","timeElapsed":550,"timestamp":"2025-07-04T14:05:19.737Z"}
{"level":"info","message":"⌛ Validating arcaneBastion.wtest","timeElapsed":484,"timestamp":"2025-07-04T14:05:20.225Z"}
{"level":"info","message":"⌛ Building environment","timeElapsed":193,"timestamp":"2025-07-05T22:30:46.619Z"}
{"level":"info","message":"⌛ Building environment","timeElapsed":204,"timestamp":"2025-07-05T22:30:46.835Z"}
{"level":"info","message":"⌛ Building environment","timeElapsed":215,"timestamp":"2025-07-05T22:30:47.230Z"}
{"level":"info","message":"⌛ Building environment","timeElapsed":106,"timestamp":"2025-07-05T22:30:47.460Z"}
{"level":"info","message":"⌛ Building environment","timeElapsed":122,"timestamp":"2025-07-05T22:30:47.584Z"}
{"level":"info","message":"⌛ Building environment","timeElapsed":233,"timestamp":"2025-07-05T22:30:47.819Z"}
{"level":"info","message":"⌛ Building environment","timeElapsed":248,"timestamp":"2025-07-05T22:30:48.069Z"}
{"level":"info","message":"⌛ Building environment","timeElapsed":149,"timestamp":"2025-07-05T22:30:48.260Z"}
{"level":"info","message":"⌛ Building environment","timeElapsed":127,"timestamp":"2025-07-05T22:30:48.389Z"}
{"level":"info","message":"⌛ Building environment","timeElapsed":186,"timestamp":"2025-07-05T22:30:48.607Z"}
{"level":"info","message":"⌛ Building environment","timeElapsed":139,"timestamp":"2025-07-05T22:30:48.749Z"}
{"level":"info","message":"⌛ Building environment","timeElapsed":136,"timestamp":"2025-07-05T22:30:49.061Z"}
{"level":"info","message":"⌛ Validating bastion.wlk","timeElapsed":200,"timestamp":"2025-07-05T22:30:49.263Z"}
{"level":"info","message":"⌛ Building environment","timeElapsed":228,"timestamp":"2025-07-05T22:30:49.492Z"}
{"level":"info","message":"⌛ Validating main.wpgm","timeElapsed":129,"timestamp":"2025-07-05T22:30:49.638Z"}
{"level":"info","message":"⌛ Validating menu.wlk","timeElapsed":111,"timestamp":"2025-07-05T22:30:49.947Z"}
{"level":"info","message":"⌛ Validating sonidos.wlk","timeElapsed":104,"timestamp":"2025-07-05T22:30:50.146Z"}
{"level":"info","message":"⌛ Validating mago.wlk","timeElapsed":112,"timestamp":"2025-07-05T22:30:50.261Z"}
{"level":"info","message":"⌛ Validating tests.wlk","timeElapsed":127,"timestamp":"2025-07-05T22:30:50.390Z"}
{"level":"info","message":"⌛ Validating enemigos.wlk","timeElapsed":129,"timestamp":"2025-07-05T22:30:50.520Z"}
{"level":"info","message":"⌛ Validating arcaneBastion.wtest","timeElapsed":114,"timestamp":"2025-07-05T22:30:50.634Z"}
{"level":"info","message":"⌛ Validating arcaneBastion.wlk","timeElapsed":113,"timestamp":"2025-07-05T22:30:50.784Z"}
{"level":"info","message":"⌛ Validating adminProyectiles.wlk","timeElapsed":140,"timestamp":"2025-07-05T22:30:50.957Z"}
{"level":"info","message":"⌛ Validating administradorDeOleadas.wlk","timeElapsed":110,"timestamp":"2025-07-05T22:30:51.068Z"}
{"level":"info","message":"⌛ Validating administradorDeHechizos.wlk","timeElapsed":103,"timestamp":"2025-07-05T22:30:51.182Z"}
{"level":"info","message":"⌛ Validating administradorDeEnemigos.wlk","timeElapsed":195,"timestamp":"2025-07-05T22:30:51.382Z"}
{"level":"info","message":"⌛ Validating bastion.wlk","timeElapsed":163,"timestamp":"2025-07-05T22:30:51.545Z"}
{"level":"info","message":"⌛ Validating main.wpgm","timeElapsed":145,"timestamp":"2025-07-05T22:30:51.691Z"}
{"level":"info","message":"⌛ Validating enemigos.wlk","timeElapsed":103,"timestamp":"2025-07-05T22:30:52.384Z"}
{"level":"info","message":"⌛ Validating arcaneBastion.wtest","timeElapsed":105,"timestamp":"2025-07-05T22:30:52.490Z"}
{"level":"info","message":"⌛ Validating administradorDeEnemigos.wlk","timeElapsed":149,"timestamp":"2025-07-05T22:30:52.992Z"}
{"level":"info","message":"⌛ Building environment","timeElapsed":138,"timestamp":"2025-07-05T22:30:56.237Z"}
{"level":"info","message":"⌛ Validating arcaneBastion.wtest","timeElapsed":196,"timestamp":"2025-07-05T22:30:56.433Z"}
{"level":"info","message":"⌛ Validating arcaneBastion.wtest","timeElapsed":133,"timestamp":"2025-07-05T22:30:56.660Z"}
{"level":"error","message":"✘ Failed to rebuild document Failed to parse arcaneBastion.wtest: \n-- PARSING FAILED --------------------------------------------------\n\nGot the end of the input\n\nExpected one of the following: \n\n'{', '}', comment, sentence, whitespace\n","stack":"Error: Failed to parse arcaneBastion.wtest: \n-- PARSING FAILED --------------------------------------------------\n\nGot the end of the input\n\nExpected one of the following: \n\n'{', '}', comment, sentence, whitespace\n\n    at c:\\Users\\joaom\\.vscode\\extensions\\uqbar.wollok-lsp-ide-0.5.2\\out\\server\\src\\server.js:2326:13026\n    at Array.map (<anonymous>)\n    at D1n (c:\\Users\\joaom\\.vscode\\extensions\\uqbar.wollok-lsp-ide-0.5.2\\out\\server\\src\\server.js:2326:12950)\n    at W2.buildEnvironmentFrom (c:\\Users\\joaom\\.vscode\\extensions\\uqbar.wollok-lsp-ide-0.5.2\\out\\server\\src\\server.js:2371:5254)\n    at W2.updateEnvironmentWith (c:\\Users\\joaom\\.vscode\\extensions\\uqbar.wollok-lsp-ide-0.5.2\\out\\server\\src\\server.js:2371:4989)\n    at GF (c:\\Users\\joaom\\.vscode\\extensions\\uqbar.wollok-lsp-ide-0.5.2\\out\\server\\src\\server.js:2371:7383)\n    at L3.invoke (c:\\Users\\joaom\\.vscode\\extensions\\uqbar.wollok-lsp-ide-0.5.2\\out\\server\\src\\server.js:3:157326)\n    at o.fire (c:\\Users\\joaom\\.vscode\\extensions\\uqbar.wollok-lsp-ide-0.5.2\\out\\server\\src\\server.js:3:158096)\n    at c:\\Users\\joaom\\.vscode\\extensions\\uqbar.wollok-lsp-ide-0.5.2\\out\\server\\src\\server.js:37:57871\n    at Kr (c:\\Users\\joaom\\.vscode\\extensions\\uqbar.wollok-lsp-ide-0.5.2\\out\\server\\src\\server.js:8:1561)","timestamp":"2025-07-05T22:30:57.282Z"}
{"level":"error","message":"✘ Failed to rebuild document Failed to parse arcaneBastion.wtest: \n-- PARSING FAILED --------------------------------------------------\n\n  6 |     assert.equals(5, )\n  7 | \n> 8 | *\n    | ^\n\nExpected one of the following: \n\n'{', '}', comment, sentence, whitespace\n","stack":"Error: Failed to parse arcaneBastion.wtest: \n-- PARSING FAILED --------------------------------------------------\n\n  6 |     assert.equals(5, )\n  7 | \n> 8 | *\n    | ^\n\nExpected one of the following: \n\n'{', '}', comment, sentence, whitespace\n\n    at c:\\Users\\joaom\\.vscode\\extensions\\uqbar.wollok-lsp-ide-0.5.2\\out\\server\\src\\server.js:2326:13026\n    at Array.map (<anonymous>)\n    at D1n (c:\\Users\\joaom\\.vscode\\extensions\\uqbar.wollok-lsp-ide-0.5.2\\out\\server\\src\\server.js:2326:12950)\n    at W2.buildEnvironmentFrom (c:\\Users\\joaom\\.vscode\\extensions\\uqbar.wollok-lsp-ide-0.5.2\\out\\server\\src\\server.js:2371:5254)\n    at W2.updateEnvironmentWith (c:\\Users\\joaom\\.vscode\\extensions\\uqbar.wollok-lsp-ide-0.5.2\\out\\server\\src\\server.js:2371:4989)\n    at GF (c:\\Users\\joaom\\.vscode\\extensions\\uqbar.wollok-lsp-ide-0.5.2\\out\\server\\src\\server.js:2371:7383)\n    at L3.invoke (c:\\Users\\joaom\\.vscode\\extensions\\uqbar.wollok-lsp-ide-0.5.2\\out\\server\\src\\server.js:3:157326)\n    at o.fire (c:\\Users\\joaom\\.vscode\\extensions\\uqbar.wollok-lsp-ide-0.5.2\\out\\server\\src\\server.js:3:158096)\n    at c:\\Users\\joaom\\.vscode\\extensions\\uqbar.wollok-lsp-ide-0.5.2\\out\\server\\src\\server.js:37:57871\n    at Kr (c:\\Users\\joaom\\.vscode\\extensions\\uqbar.wollok-lsp-ide-0.5.2\\out\\server\\src\\server.js:8:1561)","timestamp":"2025-07-05T22:30:57.864Z"}
{"level":"info","message":"⌛ Building environment","timeElapsed":125,"timestamp":"2025-07-05T22:30:58.270Z"}
{"level":"info","message":"⌛ Validating arcaneBastion.wtest","timeElapsed":133,"timestamp":"2025-07-05T22:30:58.404Z"}
{"level":"info","message":"⌛ Building environment","timeElapsed":107,"timestamp":"2025-07-05T22:31:00.609Z"}
{"level":"info","message":"⌛ Validating arcaneBastion.wtest","timeElapsed":115,"timestamp":"2025-07-05T22:31:00.725Z"}
{"level":"info","message":"🚀 Program executed \u001b[3m\u001b[34mmain.ArcaneBastion\u001b[39m\u001b[23m on \u001b[3m\u001b[34mc:\\Users\\joaom\\Documents\\asd-main\u001b[39m\u001b[23m","ok":true,"timeElapsed":565,"timestamp":"2025-07-05T22:31:08.125Z"}
{"level":"info","message":"⌛ Building environment","timeElapsed":254,"timestamp":"2025-07-05T22:34:21.008Z"}
{"level":"info","message":"⌛ Validating administradorDeHechizos.wlk","timeElapsed":179,"timestamp":"2025-07-05T22:34:21.236Z"}
{"errors":{"errors":[null,["/*\r","Hace que colisionen con el pixel actual o el siguiente.\r","ya que parece que como el dragon va restando y el hechizo sumando en el eje x\r","estos se omiten\r"]]},"level":"error","message":"✘ Failed to get type description: Error: {\n  \"errors\": [\n    null,\n    [\n      \"/*\\r\",\n      \"Hace que colisionen con el pixel actual o el siguiente.\\r\",\n      \"ya que parece que como el dragon va restando y el hechizo sumando en el eje x\\r\",\n      \"estos se omiten\\r\"\n    ]\n  ]\n} {\n  \"errors\": [\n    null,\n    [\n      \"/*\\r\",\n      \"Hace que colisionen con el pixel actual o el siguiente.\\r\",\n      \"ya que parece que como el dragon va restando y el hechizo sumando en el eje x\\r\",\n      \"estos se omiten\\r\"\n    ]\n  ]\n}","stack":"Error: {\n  \"errors\": [\n    null,\n    [\n      \"/*\\r\",\n      \"Hace que colisionen con el pixel actual o el siguiente.\\r\",\n      \"ya que parece que como el dragon va restando y el hechizo sumando en el eje x\\r\",\n      \"estos se omiten\\r\"\n    ]\n  ]\n}\n    at pS (c:\\Users\\joaom\\.vscode\\extensions\\uqbar.wollok-lsp-ide-0.5.2\\out\\server\\src\\server.js:64:34609)\n    at G1 (c:\\Users\\joaom\\.vscode\\extensions\\uqbar.wollok-lsp-ide-0.5.2\\out\\server\\src\\server.js:64:34682)\n    at c:\\Users\\joaom\\.vscode\\extensions\\uqbar.wollok-lsp-ide-0.5.2\\out\\server\\src\\server.js:64:37949\n    at o.v1 (c:\\Users\\joaom\\.vscode\\extensions\\uqbar.wollok-lsp-ide-0.5.2\\out\\server\\src\\server.js:57:57694)\n    at c:\\Users\\joaom\\.vscode\\extensions\\uqbar.wollok-lsp-ide-0.5.2\\out\\server\\src\\server.js:64:37918\n    at c:\\Users\\joaom\\.vscode\\extensions\\uqbar.wollok-lsp-ide-0.5.2\\out\\server\\src\\server.js:57:55734\n    at Ofn (c:\\Users\\joaom\\.vscode\\extensions\\uqbar.wollok-lsp-ide-0.5.2\\out\\server\\src\\server.js:68:11324)\n    at c:\\Users\\joaom\\.vscode\\extensions\\uqbar.wollok-lsp-ide-0.5.2\\out\\server\\src\\server.js:68:3629\n    at jbn (c:\\Users\\joaom\\.vscode\\extensions\\uqbar.wollok-lsp-ide-0.5.2\\out\\server\\src\\server.js:68:3396)\n    at c:\\Users\\joaom\\.vscode\\extensions\\uqbar.wollok-lsp-ide-0.5.2\\out\\server\\src\\server.js:2371:847","timestamp":"2025-07-05T22:34:21.630Z"}
{"errors":{"errors":[null,["/*\r","Hace que colisionen con el pixel actual o el siguiente.\r","ya que parece que como el dragon va restando y el hechizo sumando en el eje x\r","estos se omiten\r"]]},"level":"error","message":"✘ Failed to get type description: Error: {\n  \"errors\": [\n    null,\n    [\n      \"/*\\r\",\n      \"Hace que colisionen con el pixel actual o el siguiente.\\r\",\n      \"ya que parece que como el dragon va restando y el hechizo sumando en el eje x\\r\",\n      \"estos se omiten\\r\"\n    ]\n  ]\n} {\n  \"errors\": [\n    null,\n    [\n      \"/*\\r\",\n      \"Hace que colisionen con el pixel actual o el siguiente.\\r\",\n      \"ya que parece que como el dragon va restando y el hechizo sumando en el eje x\\r\",\n      \"estos se omiten\\r\"\n    ]\n  ]\n}","stack":"Error: {\n  \"errors\": [\n    null,\n    [\n      \"/*\\r\",\n      \"Hace que colisionen con el pixel actual o el siguiente.\\r\",\n      \"ya que parece que como el dragon va restando y el hechizo sumando en el eje x\\r\",\n      \"estos se omiten\\r\"\n    ]\n  ]\n}\n    at pS (c:\\Users\\joaom\\.vscode\\extensions\\uqbar.wollok-lsp-ide-0.5.2\\out\\server\\src\\server.js:64:34609)\n    at G1 (c:\\Users\\joaom\\.vscode\\extensions\\uqbar.wollok-lsp-ide-0.5.2\\out\\server\\src\\server.js:64:34682)\n    at c:\\Users\\joaom\\.vscode\\extensions\\uqbar.wollok-lsp-ide-0.5.2\\out\\server\\src\\server.js:64:37949\n    at o.v1 (c:\\Users\\joaom\\.vscode\\extensions\\uqbar.wollok-lsp-ide-0.5.2\\out\\server\\src\\server.js:57:57694)\n    at c:\\Users\\joaom\\.vscode\\extensions\\uqbar.wollok-lsp-ide-0.5.2\\out\\server\\src\\server.js:64:37918\n    at c:\\Users\\joaom\\.vscode\\extensions\\uqbar.wollok-lsp-ide-0.5.2\\out\\server\\src\\server.js:57:55734\n    at Ofn (c:\\Users\\joaom\\.vscode\\extensions\\uqbar.wollok-lsp-ide-0.5.2\\out\\server\\src\\server.js:68:11324)\n    at c:\\Users\\joaom\\.vscode\\extensions\\uqbar.wollok-lsp-ide-0.5.2\\out\\server\\src\\server.js:68:3629\n    at jbn (c:\\Users\\joaom\\.vscode\\extensions\\uqbar.wollok-lsp-ide-0.5.2\\out\\server\\src\\server.js:68:3396)\n    at c:\\Users\\joaom\\.vscode\\extensions\\uqbar.wollok-lsp-ide-0.5.2\\out\\server\\src\\server.js:2371:847","timestamp":"2025-07-05T22:34:21.819Z"}
{"level":"info","message":"⌛ Building environment","timeElapsed":102,"timestamp":"2025-07-05T22:34:27.631Z"}
{"level":"info","message":"⌛ Validating administradorDeHechizos.wlk","timeElapsed":134,"timestamp":"2025-07-05T22:34:27.766Z"}
{"level":"info","message":"⌛ Building environment","timeElapsed":297,"timestamp":"2025-07-05T22:34:30.952Z"}
{"level":"info","message":"⌛ Validating mago.wlk","timeElapsed":144,"timestamp":"2025-07-05T22:34:31.126Z"}
{"level":"info","message":"⌛ Building environment","timeElapsed":137,"timestamp":"2025-07-05T22:34:44.206Z"}
{"level":"info","message":"⌛ Validating mago.wlk","timeElapsed":200,"timestamp":"2025-07-05T22:34:44.407Z"}
{"level":"info","message":"⌛ Building environment","timeElapsed":113,"timestamp":"2025-07-05T22:34:45.278Z"}
{"level":"info","message":"⌛ Validating mago.wlk","timeElapsed":162,"timestamp":"2025-07-05T22:34:45.443Z"}
{"level":"info","message":"⌛ Validating mago.wlk","timeElapsed":119,"timestamp":"2025-07-05T22:34:46.094Z"}
{"level":"info","message":"⌛ Building environment","timeElapsed":113,"timestamp":"2025-07-05T22:34:49.409Z"}
{"level":"info","message":"⌛ Validating mago.wlk","timeElapsed":119,"timestamp":"2025-07-05T22:34:49.529Z"}
{"level":"info","message":"⌛ Building environment","timeElapsed":104,"timestamp":"2025-07-05T22:34:50.219Z"}
{"level":"info","message":"⌛ Validating mago.wlk","timeElapsed":129,"timestamp":"2025-07-05T22:34:50.350Z"}
{"level":"info","message":"⌛ Validating mago.wlk","timeElapsed":132,"timestamp":"2025-07-05T22:34:52.102Z"}
{"level":"info","message":"⌛ Building environment","timeElapsed":106,"timestamp":"2025-07-05T22:34:52.948Z"}
{"level":"info","message":"⌛ Validating mago.wlk","timeElapsed":121,"timestamp":"2025-07-05T22:34:53.071Z"}
{"level":"info","message":"⌛ Building environment","timeElapsed":104,"timestamp":"2025-07-05T22:34:53.291Z"}
{"level":"info","message":"⌛ Validating mago.wlk","timeElapsed":122,"timestamp":"2025-07-05T22:34:53.420Z"}
{"level":"info","message":"⌛ Building environment","timeElapsed":107,"timestamp":"2025-07-05T22:34:54.495Z"}
{"level":"info","message":"⌛ Validating mago.wlk","timeElapsed":122,"timestamp":"2025-07-05T22:34:54.617Z"}
{"level":"info","message":"⌛ Validating mago.wlk","timeElapsed":127,"timestamp":"2025-07-05T22:34:54.975Z"}
{"level":"info","message":"⌛ Building environment","timeElapsed":113,"timestamp":"2025-07-05T22:34:55.578Z"}
{"level":"info","message":"⌛ Validating mago.wlk","timeElapsed":133,"timestamp":"2025-07-05T22:34:55.712Z"}
{"level":"info","message":"⌛ Building environment","timeElapsed":126,"timestamp":"2025-07-05T22:34:56.963Z"}
{"level":"info","message":"⌛ Validating mago.wlk","timeElapsed":124,"timestamp":"2025-07-05T22:34:57.088Z"}
{"level":"info","message":"⌛ Validating mago.wlk","timeElapsed":141,"timestamp":"2025-07-05T22:34:58.101Z"}
{"level":"info","message":"⌛ Building environment","timeElapsed":108,"timestamp":"2025-07-05T22:34:58.485Z"}
{"level":"info","message":"⌛ Validating mago.wlk","timeElapsed":125,"timestamp":"2025-07-05T22:34:58.612Z"}
{"level":"info","message":"⌛ Building environment","timeElapsed":104,"timestamp":"2025-07-05T22:35:00.087Z"}
{"level":"info","message":"⌛ Validating mago.wlk","timeElapsed":122,"timestamp":"2025-07-05T22:35:00.210Z"}
{"level":"info","message":"⌛ Building environment","timeElapsed":103,"timestamp":"2025-07-05T22:35:02.576Z"}
{"level":"info","message":"⌛ Validating mago.wlk","timeElapsed":120,"timestamp":"2025-07-05T22:35:02.698Z"}
{"level":"info","message":"⌛ Building environment","timeElapsed":149,"timestamp":"2025-07-05T22:35:02.887Z"}
{"level":"info","message":"⌛ Validating mago.wlk","timeElapsed":116,"timestamp":"2025-07-05T22:35:03.005Z"}
{"level":"info","message":"⌛ Building environment","timeElapsed":112,"timestamp":"2025-07-05T22:35:03.176Z"}
{"level":"info","message":"⌛ Validating mago.wlk","timeElapsed":126,"timestamp":"2025-07-05T22:35:03.311Z"}
{"level":"info","message":"⌛ Validating mago.wlk","timeElapsed":119,"timestamp":"2025-07-05T22:35:04.293Z"}
{"level":"info","message":"⌛ Building environment","timeElapsed":155,"timestamp":"2025-07-05T22:35:06.680Z"}
{"level":"info","message":"⌛ Validating mago.wlk","timeElapsed":124,"timestamp":"2025-07-05T22:35:06.805Z"}
{"level":"info","message":"⌛ Validating mago.wlk","timeElapsed":152,"timestamp":"2025-07-05T22:35:17.310Z"}
{"level":"info","message":"⌛ Validating mago.wlk","timeElapsed":123,"timestamp":"2025-07-05T22:35:18.888Z"}
{"level":"info","message":"⌛ Building environment","timeElapsed":136,"timestamp":"2025-07-05T22:35:19.050Z"}
{"level":"info","message":"⌛ Validating mago.wlk","timeElapsed":141,"timestamp":"2025-07-05T22:35:19.192Z"}
{"level":"info","message":"⌛ Validating mago.wlk","timeElapsed":137,"timestamp":"2025-07-05T22:35:19.795Z"}
{"level":"info","message":"⌛ Building environment","timeElapsed":129,"timestamp":"2025-07-05T22:35:23.542Z"}
{"level":"info","message":"⌛ Validating mago.wlk","timeElapsed":134,"timestamp":"2025-07-05T22:35:23.677Z"}
{"level":"info","message":"⌛ Building environment","timeElapsed":111,"timestamp":"2025-07-05T22:35:24.853Z"}
{"level":"info","message":"⌛ Validating mago.wlk","timeElapsed":156,"timestamp":"2025-07-05T22:35:25.010Z"}
{"level":"info","message":"⌛ Building environment","timeElapsed":127,"timestamp":"2025-07-05T22:35:29.743Z"}
{"level":"info","message":"⌛ Validating main.wpgm","timeElapsed":145,"timestamp":"2025-07-05T22:35:29.894Z"}
{"exitCode":"SIGHUP","level":"info","message":"👾 Game executed main.ArcaneBastion on c:\\Users\\joaom\\Documents\\asd-main","timeElapsed":263513,"timestamp":"2025-07-05T22:35:31.072Z"}
{"level":"info","message":"🚀 Program executed \u001b[3m\u001b[34mmain.ArcaneBastion\u001b[39m\u001b[23m on \u001b[3m\u001b[34mc:\\Users\\joaom\\Documents\\asd-main\u001b[39m\u001b[23m","ok":true,"timeElapsed":638,"timestamp":"2025-07-05T22:35:33.396Z"}
{"exitCode":"SIGHUP","level":"info","message":"👾 Game executed main.ArcaneBastion on c:\\Users\\joaom\\Documents\\asd-main","timeElapsed":32787,"timestamp":"2025-07-05T22:36:05.545Z"}
{"level":"info","message":"🚀 Program executed \u001b[3m\u001b[34mmain.ArcaneBastion\u001b[39m\u001b[23m on \u001b[3m\u001b[34mc:\\Users\\joaom\\Documents\\asd-main\u001b[39m\u001b[23m","ok":true,"timeElapsed":617,"timestamp":"2025-07-05T22:36:10.005Z"}
{"exitCode":"SIGHUP","level":"info","message":"👾 Game executed main.ArcaneBastion on c:\\Users\\joaom\\Documents\\asd-main","timeElapsed":25030,"timestamp":"2025-07-05T22:36:34.418Z"}
{"level":"info","message":"⌛ Building environment","timeElapsed":163,"timestamp":"2025-07-05T22:37:58.576Z"}
{"level":"info","message":"⌛ Validating mago.wlk","timeElapsed":197,"timestamp":"2025-07-05T22:37:58.778Z"}
{"level":"info","message":"⌛ Building environment","timeElapsed":110,"timestamp":"2025-07-05T22:38:00.773Z"}
{"level":"info","message":"⌛ Validating mago.wlk","timeElapsed":115,"timestamp":"2025-07-05T22:38:00.896Z"}
{"level":"info","message":"⌛ Validating mago.wlk","timeElapsed":131,"timestamp":"2025-07-05T22:38:03.616Z"}
{"level":"info","message":"⌛ Validating mago.wlk","timeElapsed":115,"timestamp":"2025-07-05T22:38:03.859Z"}
{"level":"info","message":"⌛ Validating mago.wlk","timeElapsed":128,"timestamp":"2025-07-05T22:38:04.065Z"}
{"level":"info","message":"⌛ Validating mago.wlk","timeElapsed":107,"timestamp":"2025-07-05T22:38:04.270Z"}
{"level":"info","message":"⌛ Building environment","timeElapsed":191,"timestamp":"2025-07-05T22:38:14.361Z"}
{"level":"info","message":"⌛ Validating mago.wlk","timeElapsed":145,"timestamp":"2025-07-05T22:38:14.514Z"}
{"level":"info","message":"⌛ Building environment","timeElapsed":118,"timestamp":"2025-07-05T22:38:16.208Z"}
{"level":"info","message":"⌛ Validating mago.wlk","timeElapsed":118,"timestamp":"2025-07-05T22:38:16.337Z"}
{"level":"info","message":"⌛ Building environment","timeElapsed":129,"timestamp":"2025-07-05T22:38:17.229Z"}
{"level":"info","message":"⌛ Validating mago.wlk","timeElapsed":131,"timestamp":"2025-07-05T22:38:17.361Z"}
{"level":"info","message":"⌛ Building environment","timeElapsed":136,"timestamp":"2025-07-05T22:38:18.136Z"}
{"level":"info","message":"⌛ Validating mago.wlk","timeElapsed":134,"timestamp":"2025-07-05T22:38:18.272Z"}
{"level":"info","message":"⌛ Building environment","timeElapsed":110,"timestamp":"2025-07-05T22:38:18.987Z"}
{"level":"info","message":"⌛ Validating mago.wlk","timeElapsed":159,"timestamp":"2025-07-05T22:38:19.148Z"}
{"level":"info","message":"⌛ Building environment","timeElapsed":162,"timestamp":"2025-07-05T22:38:20.361Z"}
{"level":"info","message":"⌛ Validating mago.wlk","timeElapsed":147,"timestamp":"2025-07-05T22:38:20.512Z"}
{"level":"info","message":"⌛ Building environment","timeElapsed":114,"timestamp":"2025-07-05T22:38:43.807Z"}
{"level":"info","message":"⌛ Validating mago.wlk","timeElapsed":116,"timestamp":"2025-07-05T22:38:43.924Z"}
{"level":"info","message":"⌛ Building environment","timeElapsed":116,"timestamp":"2025-07-05T22:38:44.138Z"}
{"level":"info","message":"⌛ Validating mago.wlk","timeElapsed":124,"timestamp":"2025-07-05T22:38:44.267Z"}
{"level":"info","message":"⌛ Validating mago.wlk","timeElapsed":120,"timestamp":"2025-07-05T22:38:44.889Z"}
{"level":"info","message":"⌛ Validating mago.wlk","timeElapsed":106,"timestamp":"2025-07-05T22:38:45.104Z"}
{"level":"info","message":"⌛ Building environment","timeElapsed":163,"timestamp":"2025-07-05T22:38:45.310Z"}
{"level":"info","message":"⌛ Validating mago.wlk","timeElapsed":126,"timestamp":"2025-07-05T22:38:45.437Z"}
{"level":"info","message":"⌛ Validating mago.wlk","timeElapsed":126,"timestamp":"2025-07-05T22:38:46.471Z"}
{"level":"info","message":"⌛ Building environment","timeElapsed":128,"timestamp":"2025-07-05T22:38:48.040Z"}
{"level":"info","message":"⌛ Validating mago.wlk","timeElapsed":116,"timestamp":"2025-07-05T22:38:48.157Z"}
{"level":"info","message":"⌛ Building environment","timeElapsed":107,"timestamp":"2025-07-05T22:38:48.283Z"}
{"level":"info","message":"⌛ Validating mago.wlk","timeElapsed":110,"timestamp":"2025-07-05T22:38:48.395Z"}
{"level":"info","message":"⌛ Building environment","timeElapsed":155,"timestamp":"2025-07-05T22:38:49.571Z"}
{"level":"info","message":"⌛ Validating mago.wlk","timeElapsed":120,"timestamp":"2025-07-05T22:38:49.692Z"}
{"level":"info","message":"⌛ Validating mago.wlk","timeElapsed":114,"timestamp":"2025-07-05T22:38:49.897Z"}
{"level":"info","message":"⌛ Validating mago.wlk","timeElapsed":110,"timestamp":"2025-07-05T22:38:50.181Z"}
{"level":"info","message":"⌛ Building environment","timeElapsed":141,"timestamp":"2025-07-05T22:38:51.269Z"}
{"level":"info","message":"⌛ Validating mago.wlk","timeElapsed":110,"timestamp":"2025-07-05T22:38:51.387Z"}
{"level":"info","message":"⌛ Validating mago.wlk","timeElapsed":116,"timestamp":"2025-07-05T22:38:51.743Z"}
{"level":"info","message":"⌛ Building environment","timeElapsed":116,"timestamp":"2025-07-05T22:38:54.016Z"}
{"level":"info","message":"⌛ Validating mago.wlk","timeElapsed":140,"timestamp":"2025-07-05T22:38:54.158Z"}
{"level":"info","message":"⌛ Building environment","timeElapsed":103,"timestamp":"2025-07-05T22:38:54.261Z"}
{"level":"info","message":"⌛ Validating mago.wlk","timeElapsed":125,"timestamp":"2025-07-05T22:38:54.387Z"}
{"level":"info","message":"⌛ Validating mago.wlk","timeElapsed":108,"timestamp":"2025-07-05T22:38:54.583Z"}
{"level":"info","message":"⌛ Validating mago.wlk","timeElapsed":112,"timestamp":"2025-07-05T22:38:55.728Z"}
{"level":"info","message":"⌛ Validating mago.wlk","timeElapsed":116,"timestamp":"2025-07-05T22:38:57.989Z"}
{"level":"info","message":"⌛ Building environment","timeElapsed":132,"timestamp":"2025-07-05T22:38:59.694Z"}
{"level":"info","message":"⌛ Validating mago.wlk","timeElapsed":109,"timestamp":"2025-07-05T22:38:59.810Z"}
{"level":"info","message":"⌛ Building environment","timeElapsed":139,"timestamp":"2025-07-05T22:39:00.105Z"}
{"level":"info","message":"⌛ Validating mago.wlk","timeElapsed":112,"timestamp":"2025-07-05T22:39:00.217Z"}
{"level":"info","message":"⌛ Building environment","timeElapsed":185,"timestamp":"2025-07-05T22:39:00.985Z"}
{"level":"info","message":"⌛ Validating mago.wlk","timeElapsed":116,"timestamp":"2025-07-05T22:39:01.102Z"}
{"level":"info","message":"⌛ Building environment","timeElapsed":110,"timestamp":"2025-07-05T22:39:01.955Z"}
{"level":"info","message":"⌛ Validating mago.wlk","timeElapsed":114,"timestamp":"2025-07-05T22:39:02.071Z"}
{"level":"error","message":"✘ Failed to rebuild document Failed to parse mago.wlk: \n-- PARSING FAILED --------------------------------------------------\n\n  38 |   }\n  39 | }\n> 40 | }\n     | ^\n  41 | class Hechizo inherits CosaAnimada{\n  42 |   const property tipo\n\nExpected one of the following: \n\n' ', '@', 'class', 'const', 'describe', 'mixin', 'object', 'only', 'package', 'program', 'test', 'var', '{', EOF, comment, not \"}\r\n\", whitespace\n","stack":"Error: Failed to parse mago.wlk: \n-- PARSING FAILED --------------------------------------------------\n\n  38 |   }\n  39 | }\n> 40 | }\n     | ^\n  41 | class Hechizo inherits CosaAnimada{\n  42 |   const property tipo\n\nExpected one of the following: \n\n' ', '@', 'class', 'const', 'describe', 'mixin', 'object', 'only', 'package', 'program', 'test', 'var', '{', EOF, comment, not \"}\r\n\", whitespace\n\n    at c:\\Users\\joaom\\.vscode\\extensions\\uqbar.wollok-lsp-ide-0.5.2\\out\\server\\src\\server.js:2326:13026\n    at Array.map (<anonymous>)\n    at D1n (c:\\Users\\joaom\\.vscode\\extensions\\uqbar.wollok-lsp-ide-0.5.2\\out\\server\\src\\server.js:2326:12950)\n    at W2.buildEnvironmentFrom (c:\\Users\\joaom\\.vscode\\extensions\\uqbar.wollok-lsp-ide-0.5.2\\out\\server\\src\\server.js:2371:5254)\n    at W2.updateEnvironmentWith (c:\\Users\\joaom\\.vscode\\extensions\\uqbar.wollok-lsp-ide-0.5.2\\out\\server\\src\\server.js:2371:4989)\n    at GF (c:\\Users\\joaom\\.vscode\\extensions\\uqbar.wollok-lsp-ide-0.5.2\\out\\server\\src\\server.js:2371:7383)\n    at L3.invoke (c:\\Users\\joaom\\.vscode\\extensions\\uqbar.wollok-lsp-ide-0.5.2\\out\\server\\src\\server.js:3:157326)\n    at o.fire (c:\\Users\\joaom\\.vscode\\extensions\\uqbar.wollok-lsp-ide-0.5.2\\out\\server\\src\\server.js:3:158096)\n    at c:\\Users\\joaom\\.vscode\\extensions\\uqbar.wollok-lsp-ide-0.5.2\\out\\server\\src\\server.js:37:57871\n    at Kr (c:\\Users\\joaom\\.vscode\\extensions\\uqbar.wollok-lsp-ide-0.5.2\\out\\server\\src\\server.js:8:1561)","timestamp":"2025-07-05T22:39:41.060Z"}
{"level":"info","message":"⌛ Building environment","timeElapsed":126,"timestamp":"2025-07-05T22:39:42.230Z"}
{"level":"info","message":"⌛ Validating mago.wlk","timeElapsed":138,"timestamp":"2025-07-05T22:39:42.369Z"}
{"level":"info","message":"⌛ Building environment","timeElapsed":113,"timestamp":"2025-07-05T22:39:43.873Z"}
{"level":"info","message":"⌛ Validating mago.wlk","timeElapsed":139,"timestamp":"2025-07-05T22:39:44.012Z"}
{"level":"error","message":"✘ Failed to get type description: Error: Failed to print, found malformed node Failed to print, found malformed node","node":{"id":"dad666a8-0cb3-404a-ba71-d33a0d840282","members":[{"id":"992ee265-cef7-49ae-919b-f18ea0b83947","isConstant":false,"isProperty":true,"metadata":[],"name":"position","scope":{"containerScope":{"containerScope":{"containerScope":{"contributions":{},"includedScopes":[]},"contributions":{},"includedScopes":[{"contributions":{},"includedScopes":[]},{"contributions":{},"includedScopes":[]}]},"contributions":{},"includedScopes":[{"containerScope":{"containerScope":{"containerScope":{"contributions":{},"includedScopes":[]},"contributions":{},"includedScopes":[]},"contributions":{},"includedScopes":[]},"contributions":{},"includedScopes":[]}]},"contributions":{},"includedScopes":[]},"sourceMap":{"end":{"column":24,"line":33,"offset":873},"start":{"column":3,"line":33,"offset":852}},"value":{"id":"894734bb-6e3b-456f-9724-7fcf601c7a94","metadata":[],"scope":{"containerScope":{"containerScope":{"containerScope":{"containerScope":{"contributions":{},"includedScopes":[]},"contributions":{},"includedScopes":[{"contributions":{},"includedScopes":[]},{"contributions":{},"includedScopes":[]}]},"contributions":{},"includedScopes":[{"containerScope":{"containerScope":{"containerScope":{"contributions":{},"includedScopes":[]},"contributions":{},"includedScopes":[]},"contributions":{},"includedScopes":[]},"contributions":{},"includedScopes":[]}]},"contributions":{},"includedScopes":[]},"contributions":{},"includedScopes":[]},"value":null}},{"body":{"id":"a2588136-baad-470a-a195-01fb49b041bc","metadata":[],"scope":{"containerScope":{"containerScope":{"containerScope":{"containerScope":{"contributions":{},"includedScopes":[]},"contributions":{},"includedScopes":[{"contributions":{},"includedScopes":[]},{"contributions":{},"includedScopes":[]}]},"contributions":{},"includedScopes":[{"containerScope":{"containerScope":{"containerScope":{"contributions":{},"includedScopes":[]},"contributions":{},"includedScopes":[]},"contributions":{},"includedScopes":[]},"contributions":{},"includedScopes":[]}]},"contributions":{},"includedScopes":[]},"contributions":{},"includedScopes":[]},"sentences":[{"id":"a838ebaa-f255-4fc1-99bd-371cfdf16faf","metadata":[],"scope":{"containerScope":{"containerScope":{"containerScope":{"containerScope":{"containerScope":{"contributions":{},"includedScopes":[]},"contributions":{},"includedScopes":[{"contributions":{},"includedScopes":[]},{"contributions":{},"includedScopes":[]}]},"contributions":{},"includedScopes":[{"containerScope":{"containerScope":{"containerScope":{"contributions":{},"includedScopes":[]},"contributions":{},"includedScopes":[]},"contributions":{},"includedScopes":[]},"contributions":{},"includedScopes":[]}]},"contributions":{},"includedScopes":[]},"contributions":{},"includedScopes":[]},"contributions":{},"includedScopes":[]},"value":{"id":"92897570-ff35-4262-96b9-43ef99f41429","metadata":[],"name":"position","scope":{"containerScope":{"containerScope":{"containerScope":{"containerScope":{"containerScope":{"containerScope":{"contributions":{},"includedScopes":[]},"contributions":{},"includedScopes":[{"contributions":{},"includedScopes":[]},{"contributions":{},"includedScopes":[]}]},"contributions":{},"includedScopes":[{"containerScope":{"containerScope":{"containerScope":{"contributions":{},"includedScopes":[]},"contributions":{},"includedScopes":[]},"contributions":{},"includedScopes":[]},"contributions":{},"includedScopes":[]}]},"contributions":{},"includedScopes":[]},"contributions":{},"includedScopes":[]},"contributions":{},"includedScopes":[]},"contributions":{},"includedScopes":[]}}}]},"compiled":false,"id":"225c60f7-799b-4441-aa28-301cf64b0310","isOverride":false,"metadata":[],"name":"position","parameters":[],"scope":{"containerScope":{"containerScope":{"containerScope":{"contributions":{},"includedScopes":[]},"contributions":{},"includedScopes":[{"contributions":{},"includedScopes":[]},{"contributions":{},"includedScopes":[]}]},"contributions":{},"includedScopes":[{"containerScope":{"containerScope":{"containerScope":{"contributions":{},"includedScopes":[]},"contributions":{},"includedScopes":[]},"contributions":{},"includedScopes":[]},"contributions":{},"includedScopes":[]}]},"contributions":{},"includedScopes":[]}},{"body":{"id":"21560b83-4233-4814-b1f6-4431bbc30079","metadata":[],"scope":{"containerScope":{"containerScope":{"containerScope":{"containerScope":{"contributions":{},"includedScopes":[]},"contributions":{},"includedScopes":[{"contributions":{},"includedScopes":[]},{"contributions":{},"includedScopes":[]}]},"contributions":{},"includedScopes":[{"containerScope":{"containerScope":{"containerScope":{"contributions":{},"includedScopes":[]},"contributions":{},"includedScopes":[]},"contributions":{},"includedScopes":[]},"contributions":{},"includedScopes":[]}]},"contributions":{},"includedScopes":[]},"contributions":{},"includedScopes":[]},"sentences":[{"id":"8def98bf-c611-4362-a9c3-ff3b5a40ecb2","metadata":[],"scope":{"containerScope":{"containerScope":{"containerScope":{"containerScope":{"containerScope":{"contributions":{},"includedScopes":[]},"contributions":{},"includedScopes":[{"contributions":{},"includedScopes":[]},{"contributions":{},"includedScopes":[]}]},"contributions":{},"includedScopes":[{"containerScope":{"containerScope":{"containerScope":{"contributions":{},"includedScopes":[]},"contributions":{},"includedScopes":[]},"contributions":{},"includedScopes":[]},"contributions":{},"includedScopes":[]}]},"contributions":{},"includedScopes":[]},"contributions":{},"includedScopes":[]},"contributions":{},"includedScopes":[]},"value":{"id":"b54e73b9-369d-478e-a862-f78c40e0f2e2","metadata":[],"name":"<value>","scope":{"containerScope":{"containerScope":{"containerScope":{"containerScope":{"containerScope":{"containerScope":{"contributions":{},"includedScopes":[]},"contributions":{},"includedScopes":[{"contributions":{},"includedScopes":[]},{"contributions":{},"includedScopes":[]}]},"contributions":{},"includedScopes":[{"containerScope":{"containerScope":{"containerScope":{"contributions":{},"includedScopes":[]},"contributions":{},"includedScopes":[]},"contributions":{},"includedScopes":[]},"contributions":{},"includedScopes":[]}]},"contributions":{},"includedScopes":[]},"contributions":{},"includedScopes":[]},"contributions":{},"includedScopes":[]},"contributions":{},"includedScopes":[]}},"variable":{"id":"f377fcc7-c8fc-4f08-938f-ffcf7ed9faa1","metadata":[],"name":"position","scope":{"containerScope":{"containerScope":{"containerScope":{"containerScope":{"containerScope":{"containerScope":{"contributions":{},"includedScopes":[]},"contributions":{},"includedScopes":[{"contributions":{},"includedScopes":[]},{"contributions":{},"includedScopes":[]}]},"contributions":{},"includedScopes":[{"containerScope":{"containerScope":{"containerScope":{"contributions":{},"includedScopes":[]},"contributions":{},"includedScopes":[]},"contributions":{},"includedScopes":[]},"contributions":{},"includedScopes":[]}]},"contributions":{},"includedScopes":[]},"contributions":{},"includedScopes":[]},"contributions":{},"includedScopes":[]},"contributions":{},"includedScopes":[]}}}]},"compiled":false,"id":"25e3c5ab-97fd-4313-b265-a70a1405db1d","isOverride":false,"metadata":[],"name":"position","parameters":[{"id":"c61a471c-cfa4-4475-8986-5f7395e87641","isVarArg":false,"metadata":[],"name":"<value>","scope":{"containerScope":{"containerScope":{"containerScope":{"containerScope":{"contributions":{},"includedScopes":[]},"contributions":{},"includedScopes":[{"contributions":{},"includedScopes":[]},{"contributions":{},"includedScopes":[]}]},"contributions":{},"includedScopes":[{"containerScope":{"containerScope":{"containerScope":{"contributions":{},"includedScopes":[]},"contributions":{},"includedScopes":[]},"contributions":{},"includedScopes":[]},"contributions":{},"includedScopes":[]}]},"contributions":{},"includedScopes":[]},"contributions":{},"includedScopes":[]}}],"scope":{"containerScope":{"containerScope":{"containerScope":{"contributions":{},"includedScopes":[]},"contributions":{},"includedScopes":[{"contributions":{},"includedScopes":[]},{"contributions":{},"includedScopes":[]}]},"contributions":{},"includedScopes":[{"containerScope":{"containerScope":{"containerScope":{"contributions":{},"includedScopes":[]},"contributions":{},"includedScopes":[]},"contributions":{},"includedScopes":[]},"contributions":{},"includedScopes":[]}]},"contributions":{},"includedScopes":[]}}],"metadata":[],"name":"ColisionExtra","problems":[{"code":"malformedMember","sourceMap":{"end":{"column":1,"line":38,"offset":959},"start":{"column":3,"line":35,"offset":879}}}],"scope":{"containerScope":{"containerScope":{"contributions":{},"includedScopes":[]},"contributions":{},"includedScopes":[{"contributions":{},"includedScopes":[]},{"contributions":{},"includedScopes":[]}]},"contributions":{},"includedScopes":[{"containerScope":{"containerScope":{"containerScope":{"contributions":{},"includedScopes":[]},"contributions":{},"includedScopes":[]},"contributions":{},"includedScopes":[]},"contributions":{},"includedScopes":[]}]},"sourceMap":{"end":{"column":2,"line":38,"offset":960},"start":{"column":1,"line":32,"offset":827}},"supertypes":[]},"stack":"Error: Failed to print, found malformed node\n    at c:\\Users\\joaom\\.vscode\\extensions\\uqbar.wollok-lsp-ide-0.5.2\\out\\server\\src\\server.js:68:3585\n    at jbn (c:\\Users\\joaom\\.vscode\\extensions\\uqbar.wollok-lsp-ide-0.5.2\\out\\server\\src\\server.js:68:3396)\n    at c:\\Users\\joaom\\.vscode\\extensions\\uqbar.wollok-lsp-ide-0.5.2\\out\\server\\src\\server.js:2371:847\n    at c:\\Users\\joaom\\.vscode\\extensions\\uqbar.wollok-lsp-ide-0.5.2\\out\\server\\src\\server.js:2371:8440\n    at c:\\Users\\joaom\\.vscode\\extensions\\uqbar.wollok-lsp-ide-0.5.2\\out\\server\\src\\server.js:37:74770\n    at Ye (c:\\Users\\joaom\\.vscode\\extensions\\uqbar.wollok-lsp-ide-0.5.2\\out\\server\\src\\server.js:7:8527)\n    at Dt (c:\\Users\\joaom\\.vscode\\extensions\\uqbar.wollok-lsp-ide-0.5.2\\out\\server\\src\\server.js:7:6189)\n    at Zi (c:\\Users\\joaom\\.vscode\\extensions\\uqbar.wollok-lsp-ide-0.5.2\\out\\server\\src\\server.js:7:6378)\n    at Immediate._onImmediate (c:\\Users\\joaom\\.vscode\\extensions\\uqbar.wollok-lsp-ide-0.5.2\\out\\server\\src\\server.js:7:6142)\n    at process.processImmediate (node:internal/timers:485:21)","timestamp":"2025-07-05T22:39:46.073Z"}
{"level":"error","message":"✘ Failed to get type description: Error: Failed to print, found malformed node Failed to print, found malformed node","node":{"id":"dad666a8-0cb3-404a-ba71-d33a0d840282","members":[{"id":"992ee265-cef7-49ae-919b-f18ea0b83947","isConstant":false,"isProperty":true,"metadata":[],"name":"position","scope":{"containerScope":{"containerScope":{"containerScope":{"contributions":{},"includedScopes":[]},"contributions":{},"includedScopes":[{"contributions":{},"includedScopes":[]},{"contributions":{},"includedScopes":[]}]},"contributions":{},"includedScopes":[{"containerScope":{"containerScope":{"containerScope":{"contributions":{},"includedScopes":[]},"contributions":{},"includedScopes":[]},"contributions":{},"includedScopes":[]},"contributions":{},"includedScopes":[]}]},"contributions":{},"includedScopes":[]},"sourceMap":{"end":{"column":24,"line":33,"offset":873},"start":{"column":3,"line":33,"offset":852}},"value":{"id":"894734bb-6e3b-456f-9724-7fcf601c7a94","metadata":[],"scope":{"containerScope":{"containerScope":{"containerScope":{"containerScope":{"contributions":{},"includedScopes":[]},"contributions":{},"includedScopes":[{"contributions":{},"includedScopes":[]},{"contributions":{},"includedScopes":[]}]},"contributions":{},"includedScopes":[{"containerScope":{"containerScope":{"containerScope":{"contributions":{},"includedScopes":[]},"contributions":{},"includedScopes":[]},"contributions":{},"includedScopes":[]},"contributions":{},"includedScopes":[]}]},"contributions":{},"includedScopes":[]},"contributions":{},"includedScopes":[]},"value":null}},{"body":{"id":"a2588136-baad-470a-a195-01fb49b041bc","metadata":[],"scope":{"containerScope":{"containerScope":{"containerScope":{"containerScope":{"contributions":{},"includedScopes":[]},"contributions":{},"includedScopes":[{"contributions":{},"includedScopes":[]},{"contributions":{},"includedScopes":[]}]},"contributions":{},"includedScopes":[{"containerScope":{"containerScope":{"containerScope":{"contributions":{},"includedScopes":[]},"contributions":{},"includedScopes":[]},"contributions":{},"includedScopes":[]},"contributions":{},"includedScopes":[]}]},"contributions":{},"includedScopes":[]},"contributions":{},"includedScopes":[]},"sentences":[{"id":"a838ebaa-f255-4fc1-99bd-371cfdf16faf","metadata":[],"scope":{"containerScope":{"containerScope":{"containerScope":{"containerScope":{"containerScope":{"contributions":{},"includedScopes":[]},"contributions":{},"includedScopes":[{"contributions":{},"includedScopes":[]},{"contributions":{},"includedScopes":[]}]},"contributions":{},"includedScopes":[{"containerScope":{"containerScope":{"containerScope":{"contributions":{},"includedScopes":[]},"contributions":{},"includedScopes":[]},"contributions":{},"includedScopes":[]},"contributions":{},"includedScopes":[]}]},"contributions":{},"includedScopes":[]},"contributions":{},"includedScopes":[]},"contributions":{},"includedScopes":[]},"value":{"id":"92897570-ff35-4262-96b9-43ef99f41429","metadata":[],"name":"position","scope":{"containerScope":{"containerScope":{"containerScope":{"containerScope":{"containerScope":{"containerScope":{"contributions":{},"includedScopes":[]},"contributions":{},"includedScopes":[{"contributions":{},"includedScopes":[]},{"contributions":{},"includedScopes":[]}]},"contributions":{},"includedScopes":[{"containerScope":{"containerScope":{"containerScope":{"contributions":{},"includedScopes":[]},"contributions":{},"includedScopes":[]},"contributions":{},"includedScopes":[]},"contributions":{},"includedScopes":[]}]},"contributions":{},"includedScopes":[]},"contributions":{},"includedScopes":[]},"contributions":{},"includedScopes":[]},"contributions":{},"includedScopes":[]}}}]},"compiled":false,"id":"225c60f7-799b-4441-aa28-301cf64b0310","isOverride":false,"metadata":[],"name":"position","parameters":[],"scope":{"containerScope":{"containerScope":{"containerScope":{"contributions":{},"includedScopes":[]},"contributions":{},"includedScopes":[{"contributions":{},"includedScopes":[]},{"contributions":{},"includedScopes":[]}]},"contributions":{},"includedScopes":[{"containerScope":{"containerScope":{"containerScope":{"contributions":{},"includedScopes":[]},"contributions":{},"includedScopes":[]},"contributions":{},"includedScopes":[]},"contributions":{},"includedScopes":[]}]},"contributions":{},"includedScopes":[]}},{"body":{"id":"21560b83-4233-4814-b1f6-4431bbc30079","metadata":[],"scope":{"containerScope":{"containerScope":{"containerScope":{"containerScope":{"contributions":{},"includedScopes":[]},"contributions":{},"includedScopes":[{"contributions":{},"includedScopes":[]},{"contributions":{},"includedScopes":[]}]},"contributions":{},"includedScopes":[{"containerScope":{"containerScope":{"containerScope":{"contributions":{},"includedScopes":[]},"contributions":{},"includedScopes":[]},"contributions":{},"includedScopes":[]},"contributions":{},"includedScopes":[]}]},"contributions":{},"includedScopes":[]},"contributions":{},"includedScopes":[]},"sentences":[{"id":"8def98bf-c611-4362-a9c3-ff3b5a40ecb2","metadata":[],"scope":{"containerScope":{"containerScope":{"containerScope":{"containerScope":{"containerScope":{"contributions":{},"includedScopes":[]},"contributions":{},"includedScopes":[{"contributions":{},"includedScopes":[]},{"contributions":{},"includedScopes":[]}]},"contributions":{},"includedScopes":[{"containerScope":{"containerScope":{"containerScope":{"contributions":{},"includedScopes":[]},"contributions":{},"includedScopes":[]},"contributions":{},"includedScopes":[]},"contributions":{},"includedScopes":[]}]},"contributions":{},"includedScopes":[]},"contributions":{},"includedScopes":[]},"contributions":{},"includedScopes":[]},"value":{"id":"b54e73b9-369d-478e-a862-f78c40e0f2e2","metadata":[],"name":"<value>","scope":{"containerScope":{"containerScope":{"containerScope":{"containerScope":{"containerScope":{"containerScope":{"contributions":{},"includedScopes":[]},"contributions":{},"includedScopes":[{"contributions":{},"includedScopes":[]},{"contributions":{},"includedScopes":[]}]},"contributions":{},"includedScopes":[{"containerScope":{"containerScope":{"containerScope":{"contributions":{},"includedScopes":[]},"contributions":{},"includedScopes":[]},"contributions":{},"includedScopes":[]},"contributions":{},"includedScopes":[]}]},"contributions":{},"includedScopes":[]},"contributions":{},"includedScopes":[]},"contributions":{},"includedScopes":[]},"contributions":{},"includedScopes":[]}},"variable":{"id":"f377fcc7-c8fc-4f08-938f-ffcf7ed9faa1","metadata":[],"name":"position","scope":{"containerScope":{"containerScope":{"containerScope":{"containerScope":{"containerScope":{"containerScope":{"contributions":{},"includedScopes":[]},"contributions":{},"includedScopes":[{"contributions":{},"includedScopes":[]},{"contributions":{},"includedScopes":[]}]},"contributions":{},"includedScopes":[{"containerScope":{"containerScope":{"containerScope":{"contributions":{},"includedScopes":[]},"contributions":{},"includedScopes":[]},"contributions":{},"includedScopes":[]},"contributions":{},"includedScopes":[]}]},"contributions":{},"includedScopes":[]},"contributions":{},"includedScopes":[]},"contributions":{},"includedScopes":[]},"contributions":{},"includedScopes":[]}}}]},"compiled":false,"id":"25e3c5ab-97fd-4313-b265-a70a1405db1d","isOverride":false,"metadata":[],"name":"position","parameters":[{"id":"c61a471c-cfa4-4475-8986-5f7395e87641","isVarArg":false,"metadata":[],"name":"<value>","scope":{"containerScope":{"containerScope":{"containerScope":{"containerScope":{"contributions":{},"includedScopes":[]},"contributions":{},"includedScopes":[{"contributions":{},"includedScopes":[]},{"contributions":{},"includedScopes":[]}]},"contributions":{},"includedScopes":[{"containerScope":{"containerScope":{"containerScope":{"contributions":{},"includedScopes":[]},"contributions":{},"includedScopes":[]},"contributions":{},"includedScopes":[]},"contributions":{},"includedScopes":[]}]},"contributions":{},"includedScopes":[]},"contributions":{},"includedScopes":[]}}],"scope":{"containerScope":{"containerScope":{"containerScope":{"contributions":{},"includedScopes":[]},"contributions":{},"includedScopes":[{"contributions":{},"includedScopes":[]},{"contributions":{},"includedScopes":[]}]},"contributions":{},"includedScopes":[{"containerScope":{"containerScope":{"containerScope":{"contributions":{},"includedScopes":[]},"contributions":{},"includedScopes":[]},"contributions":{},"includedScopes":[]},"contributions":{},"includedScopes":[]}]},"contributions":{},"includedScopes":[]}}],"metadata":[],"name":"ColisionExtra","problems":[{"code":"malformedMember","sourceMap":{"end":{"column":1,"line":38,"offset":959},"start":{"column":3,"line":35,"offset":879}}}],"scope":{"containerScope":{"containerScope":{"contributions":{},"includedScopes":[]},"contributions":{},"includedScopes":[{"contributions":{},"includedScopes":[]},{"contributions":{},"includedScopes":[]}]},"contributions":{},"includedScopes":[{"containerScope":{"containerScope":{"containerScope":{"contributions":{},"includedScopes":[]},"contributions":{},"includedScopes":[]},"contributions":{},"includedScopes":[]},"contributions":{},"includedScopes":[]}]},"sourceMap":{"end":{"column":2,"line":38,"offset":960},"start":{"column":1,"line":32,"offset":827}},"supertypes":[]},"stack":"Error: Failed to print, found malformed node\n    at c:\\Users\\joaom\\.vscode\\extensions\\uqbar.wollok-lsp-ide-0.5.2\\out\\server\\src\\server.js:68:3585\n    at jbn (c:\\Users\\joaom\\.vscode\\extensions\\uqbar.wollok-lsp-ide-0.5.2\\out\\server\\src\\server.js:68:3396)\n    at c:\\Users\\joaom\\.vscode\\extensions\\uqbar.wollok-lsp-ide-0.5.2\\out\\server\\src\\server.js:2371:847\n    at c:\\Users\\joaom\\.vscode\\extensions\\uqbar.wollok-lsp-ide-0.5.2\\out\\server\\src\\server.js:2371:8440\n    at c:\\Users\\joaom\\.vscode\\extensions\\uqbar.wollok-lsp-ide-0.5.2\\out\\server\\src\\server.js:37:74770\n    at Ye (c:\\Users\\joaom\\.vscode\\extensions\\uqbar.wollok-lsp-ide-0.5.2\\out\\server\\src\\server.js:7:8527)\n    at Dt (c:\\Users\\joaom\\.vscode\\extensions\\uqbar.wollok-lsp-ide-0.5.2\\out\\server\\src\\server.js:7:6189)\n    at Zi (c:\\Users\\joaom\\.vscode\\extensions\\uqbar.wollok-lsp-ide-0.5.2\\out\\server\\src\\server.js:7:6378)\n    at Immediate._onImmediate (c:\\Users\\joaom\\.vscode\\extensions\\uqbar.wollok-lsp-ide-0.5.2\\out\\server\\src\\server.js:7:6142)\n    at process.processImmediate (node:internal/timers:485:21)","timestamp":"2025-07-05T22:39:46.946Z"}
{"level":"info","message":"⌛ Building environment","timeElapsed":114,"timestamp":"2025-07-05T22:39:48.399Z"}
{"level":"info","message":"⌛ Validating mago.wlk","timeElapsed":136,"timestamp":"2025-07-05T22:39:48.672Z"}
{"level":"info","message":"⌛ Validating mago.wlk","timeElapsed":118,"timestamp":"2025-07-05T22:39:48.792Z"}
{"level":"info","message":"⌛ Validating mago.wlk","timeElapsed":133,"timestamp":"2025-07-05T22:39:49.107Z"}
{"level":"info","message":"⌛ Validating mago.wlk","timeElapsed":106,"timestamp":"2025-07-05T22:39:49.311Z"}
{"level":"info","message":"⌛ Validating mago.wlk","timeElapsed":115,"timestamp":"2025-07-05T22:39:49.622Z"}
{"level":"info","message":"⌛ Validating mago.wlk","timeElapsed":104,"timestamp":"2025-07-05T22:39:49.732Z"}
{"level":"info","message":"⌛ Validating mago.wlk","timeElapsed":109,"timestamp":"2025-07-05T22:39:49.842Z"}
{"level":"info","message":"⌛ Building environment","timeElapsed":138,"timestamp":"2025-07-05T22:40:13.177Z"}
{"level":"info","message":"⌛ Validating mago.wlk","timeElapsed":163,"timestamp":"2025-07-05T22:40:13.342Z"}
{"level":"info","message":"⌛ Building environment","timeElapsed":151,"timestamp":"2025-07-05T22:42:34.817Z"}
{"level":"info","message":"⌛ Validating mago.wlk","timeElapsed":141,"timestamp":"2025-07-05T22:42:34.961Z"}
{"level":"info","message":"⌛ Building environment","timeElapsed":135,"timestamp":"2025-07-05T22:42:35.290Z"}
{"level":"info","message":"⌛ Validating mago.wlk","timeElapsed":138,"timestamp":"2025-07-05T22:42:35.434Z"}
{"level":"info","message":"⌛ Building environment","timeElapsed":138,"timestamp":"2025-07-05T22:42:37.915Z"}
{"level":"error","message":"✘ Completions for node Send ([47:45, 47:58] - mago.wlk) failed: Error: [Send]{fdbe3b} at mago.wlk:47 exhausted all cases without a match [Send]{fdbe3b} at mago.wlk:47 exhausted all cases without a match","stack":"Error: [Send]{fdbe3b} at mago.wlk:47 exhausted all cases without a match\n    at c:\\Users\\joaom\\.vscode\\extensions\\uqbar.wollok-lsp-ide-0.5.2\\out\\server\\src\\server.js:38:6142\n    at C2 (c:\\Users\\joaom\\.vscode\\extensions\\uqbar.wollok-lsp-ide-0.5.2\\out\\server\\src\\server.js:2362:42)\n    at Gh (c:\\Users\\joaom\\.vscode\\extensions\\uqbar.wollok-lsp-ide-0.5.2\\out\\server\\src\\server.js:2362:1092)\n    at l8n (c:\\Users\\joaom\\.vscode\\extensions\\uqbar.wollok-lsp-ide-0.5.2\\out\\server\\src\\server.js:2362:1248)\n    at c:\\Users\\joaom\\.vscode\\extensions\\uqbar.wollok-lsp-ide-0.5.2\\out\\server\\src\\server.js:38:6131\n    at C2 (c:\\Users\\joaom\\.vscode\\extensions\\uqbar.wollok-lsp-ide-0.5.2\\out\\server\\src\\server.js:2362:42)\n    at c:\\Users\\joaom\\.vscode\\extensions\\uqbar.wollok-lsp-ide-0.5.2\\out\\server\\src\\server.js:2362:2988\n    at c:\\Users\\joaom\\.vscode\\extensions\\uqbar.wollok-lsp-ide-0.5.2\\out\\server\\src\\server.js:2371:8440\n    at c:\\Users\\joaom\\.vscode\\extensions\\uqbar.wollok-lsp-ide-0.5.2\\out\\server\\src\\server.js:37:74872\n    at Ye (c:\\Users\\joaom\\.vscode\\extensions\\uqbar.wollok-lsp-ide-0.5.2\\out\\server\\src\\server.js:7:8527)","timestamp":"2025-07-05T22:42:37.992Z"}
{"level":"error","message":"✘ Completions for node NamedArgument ([47:41, 47:58] - mago.wlk) failed: Error: [NamedArgument]{8d35e4} at mago.wlk:47 exhausted all cases without a match [NamedArgument]{8d35e4} at mago.wlk:47 exhausted all cases without a match","stack":"Error: [NamedArgument]{8d35e4} at mago.wlk:47 exhausted all cases without a match\n    at c:\\Users\\joaom\\.vscode\\extensions\\uqbar.wollok-lsp-ide-0.5.2\\out\\server\\src\\server.js:38:6142\n    at C2 (c:\\Users\\joaom\\.vscode\\extensions\\uqbar.wollok-lsp-ide-0.5.2\\out\\server\\src\\server.js:2362:42)\n    at Gh (c:\\Users\\joaom\\.vscode\\extensions\\uqbar.wollok-lsp-ide-0.5.2\\out\\server\\src\\server.js:2362:1092)\n    at C2 (c:\\Users\\joaom\\.vscode\\extensions\\uqbar.wollok-lsp-ide-0.5.2\\out\\server\\src\\server.js:2362:544)\n    at Gh (c:\\Users\\joaom\\.vscode\\extensions\\uqbar.wollok-lsp-ide-0.5.2\\out\\server\\src\\server.js:2362:1092)\n    at l8n (c:\\Users\\joaom\\.vscode\\extensions\\uqbar.wollok-lsp-ide-0.5.2\\out\\server\\src\\server.js:2362:1248)\n    at c:\\Users\\joaom\\.vscode\\extensions\\uqbar.wollok-lsp-ide-0.5.2\\out\\server\\src\\server.js:38:6131\n    at C2 (c:\\Users\\joaom\\.vscode\\extensions\\uqbar.wollok-lsp-ide-0.5.2\\out\\server\\src\\server.js:2362:42)\n    at c:\\Users\\joaom\\.vscode\\extensions\\uqbar.wollok-lsp-ide-0.5.2\\out\\server\\src\\server.js:2362:2988\n    at c:\\Users\\joaom\\.vscode\\extensions\\uqbar.wollok-lsp-ide-0.5.2\\out\\server\\src\\server.js:2371:8440","timestamp":"2025-07-05T22:42:37.992Z"}
{"level":"info","message":"⌛ Building environment","timeElapsed":126,"timestamp":"2025-07-05T22:42:38.120Z"}
{"level":"info","message":"⌛ Building environment","timeElapsed":107,"timestamp":"2025-07-05T22:42:38.227Z"}
{"level":"info","message":"⌛ Validating mago.wlk","timeElapsed":127,"timestamp":"2025-07-05T22:42:38.355Z"}
{"level":"info","message":"⌛ Validating mago.wlk","timeElapsed":152,"timestamp":"2025-07-05T22:42:38.514Z"}
{"level":"info","message":"⌛ Validating mago.wlk","timeElapsed":112,"timestamp":"2025-07-05T22:42:38.719Z"}
{"level":"info","message":"⌛ Validating mago.wlk","timeElapsed":136,"timestamp":"2025-07-05T22:42:39.035Z"}
{"level":"info","message":"⌛ Validating mago.wlk","timeElapsed":113,"timestamp":"2025-07-05T22:42:39.149Z"}
{"level":"error","message":"✘ Failed to get type description: Error: Failed to print, found malformed node Failed to print, found malformed node","node":{"id":"91090f04-b406-4206-9b18-add2a0f91454","metadata":[],"problems":[{"code":"malformedSentence","sourceMap":{"end":{"column":81,"line":47,"offset":1288},"start":{"column":27,"line":47,"offset":1234}}}],"scope":{"containerScope":{"containerScope":{"containerScope":{"containerScope":{"contributions":{},"includedScopes":[]},"contributions":{},"includedScopes":[{"contributions":{},"includedScopes":[]},{"contributions":{},"includedScopes":[]}]},"contributions":{},"includedScopes":[{"containerScope":{"containerScope":{"contributions":{},"includedScopes":[]},"contributions":{},"includedScopes":[{"contributions":{},"includedScopes":[]},{"contributions":{},"includedScopes":[]},{"contributions":{},"includedScopes":[]},{"contributions":{},"includedScopes":[]},{"contributions":{},"includedScopes":[]},{"contributions":{},"includedScopes":[]},{"contributions":{},"includedScopes":[]},{"contributions":{},"includedScopes":[]},{"contributions":{},"includedScopes":[]}]},"contributions":{},"includedScopes":[{"containerScope":{"containerScope":{"containerScope":{"contributions":{},"includedScopes":[]},"contributions":{},"includedScopes":[]},"contributions":{},"includedScopes":[]},"contributions":{},"includedScopes":[]}]},{"containerScope":{"containerScope":{"containerScope":{"contributions":{},"includedScopes":[]},"contributions":{},"includedScopes":[]},"contributions":{},"includedScopes":[]},"contributions":{},"includedScopes":[]}]},"contributions":{},"includedScopes":[]},"contributions":{},"includedScopes":[]},"sentences":[{"id":"c9c1f8b3-d8f7-490a-8483-8e419c1bb972","metadata":[],"scope":{"containerScope":{"containerScope":{"containerScope":{"containerScope":{"containerScope":{"contributions":{},"includedScopes":[]},"contributions":{},"includedScopes":[{"contributions":{},"includedScopes":[]},{"contributions":{},"includedScopes":[]}]},"contributions":{},"includedScopes":[{"containerScope":{"containerScope":{"contributions":{},"includedScopes":[]},"contributions":{},"includedScopes":[{"contributions":{},"includedScopes":[]},{"contributions":{},"includedScopes":[]},{"contributions":{},"includedScopes":[]},{"contributions":{},"includedScopes":[]},{"contributions":{},"includedScopes":[]},{"contributions":{},"includedScopes":[]},{"contributions":{},"includedScopes":[]},{"contributions":{},"includedScopes":[]},{"contributions":{},"includedScopes":[]}]},"contributions":{},"includedScopes":[{"containerScope":{"containerScope":{"containerScope":{"contributions":{},"includedScopes":[]},"contributions":{},"includedScopes":[]},"contributions":{},"includedScopes":[]},"contributions":{},"includedScopes":[]}]},{"containerScope":{"containerScope":{"containerScope":{"contributions":{},"includedScopes":[]},"contributions":{},"includedScopes":[]},"contributions":{},"includedScopes":[]},"contributions":{},"includedScopes":[]}]},"contributions":{},"includedScopes":[]},"contributions":{},"includedScopes":[]},"contributions":{},"includedScopes":[]},"sourceMap":{"end":{"column":26,"line":47,"offset":1233},"start":{"column":7,"line":47,"offset":1214}},"value":{"id":"f5019b0b-5b8f-460f-91ec-dca60bc1cfd2","metadata":[],"name":"new","scope":{"containerScope":{"containerScope":{"containerScope":{"containerScope":{"containerScope":{"containerScope":{"contributions":{},"includedScopes":[]},"contributions":{},"includedScopes":[{"contributions":{},"includedScopes":[]},{"contributions":{},"includedScopes":[]}]},"contributions":{},"includedScopes":[{"containerScope":{"containerScope":{"contributions":{},"includedScopes":[]},"contributions":{},"includedScopes":[{"contributions":{},"includedScopes":[]},{"contributions":{},"includedScopes":[]},{"contributions":{},"includedScopes":[]},{"contributions":{},"includedScopes":[]},{"contributions":{},"includedScopes":[]},{"contributions":{},"includedScopes":[]},{"contributions":{},"includedScopes":[]},{"contributions":{},"includedScopes":[]},{"contributions":{},"includedScopes":[]}]},"contributions":{},"includedScopes":[{"containerScope":{"containerScope":{"containerScope":{"contributions":{},"includedScopes":[]},"contributions":{},"includedScopes":[]},"contributions":{},"includedScopes":[]},"contributions":{},"includedScopes":[]}]},{"containerScope":{"containerScope":{"containerScope":{"contributions":{},"includedScopes":[]},"contributions":{},"includedScopes":[]},"contributions":{},"includedScopes":[]},"contributions":{},"includedScopes":[]}]},"contributions":{},"includedScopes":[]},"contributions":{},"includedScopes":[]},"contributions":{},"includedScopes":[]},"contributions":{},"includedScopes":[]},"sourceMap":{"end":{"column":26,"line":47,"offset":1233},"start":{"column":23,"line":47,"offset":1230}}},"variable":{"id":"4ff79d2f-b483-4c4e-b2a7-dae46527f24d","metadata":[],"name":"colisionExtra","scope":{"containerScope":{"containerScope":{"containerScope":{"containerScope":{"containerScope":{"containerScope":{"contributions":{},"includedScopes":[]},"contributions":{},"includedScopes":[{"contributions":{},"includedScopes":[]},{"contributions":{},"includedScopes":[]}]},"contributions":{},"includedScopes":[{"containerScope":{"containerScope":{"contributions":{},"includedScopes":[]},"contributions":{},"includedScopes":[{"contributions":{},"includedScopes":[]},{"contributions":{},"includedScopes":[]},{"contributions":{},"includedScopes":[]},{"contributions":{},"includedScopes":[]},{"contributions":{},"includedScopes":[]},{"contributions":{},"includedScopes":[]},{"contributions":{},"includedScopes":[]},{"contributions":{},"includedScopes":[]},{"contributions":{},"includedScopes":[]}]},"contributions":{},"includedScopes":[{"containerScope":{"containerScope":{"containerScope":{"contributions":{},"includedScopes":[]},"contributions":{},"includedScopes":[]},"contributions":{},"includedScopes":[]},"contributions":{},"includedScopes":[]}]},{"containerScope":{"containerScope":{"containerScope":{"contributions":{},"includedScopes":[]},"contributions":{},"includedScopes":[]},"contributions":{},"includedScopes":[]},"contributions":{},"includedScopes":[]}]},"contributions":{},"includedScopes":[]},"contributions":{},"includedScopes":[]},"contributions":{},"includedScopes":[]},"contributions":{},"includedScopes":[]},"sourceMap":{"end":{"column":20,"line":47,"offset":1227},"start":{"column":7,"line":47,"offset":1214}}}}],"sourceMap":{"end":{"column":4,"line":48,"offset":1293},"start":{"column":39,"line":46,"offset":1205}}},"stack":"Error: Failed to print, found malformed node\n    at c:\\Users\\joaom\\.vscode\\extensions\\uqbar.wollok-lsp-ide-0.5.2\\out\\server\\src\\server.js:68:3585\n    at c:\\Users\\joaom\\.vscode\\extensions\\uqbar.wollok-lsp-ide-0.5.2\\out\\server\\src\\server.js:68:5370\n    at c:\\Users\\joaom\\.vscode\\extensions\\uqbar.wollok-lsp-ide-0.5.2\\out\\server\\src\\server.js:38:6131\n    at c:\\Users\\joaom\\.vscode\\extensions\\uqbar.wollok-lsp-ide-0.5.2\\out\\server\\src\\server.js:68:3664\n    at jbn (c:\\Users\\joaom\\.vscode\\extensions\\uqbar.wollok-lsp-ide-0.5.2\\out\\server\\src\\server.js:68:3396)\n    at c:\\Users\\joaom\\.vscode\\extensions\\uqbar.wollok-lsp-ide-0.5.2\\out\\server\\src\\server.js:2371:847\n    at c:\\Users\\joaom\\.vscode\\extensions\\uqbar.wollok-lsp-ide-0.5.2\\out\\server\\src\\server.js:2371:8440\n    at c:\\Users\\joaom\\.vscode\\extensions\\uqbar.wollok-lsp-ide-0.5.2\\out\\server\\src\\server.js:37:74770\n    at Ye (c:\\Users\\joaom\\.vscode\\extensions\\uqbar.wollok-lsp-ide-0.5.2\\out\\server\\src\\server.js:7:8527)\n    at Dt (c:\\Users\\joaom\\.vscode\\extensions\\uqbar.wollok-lsp-ide-0.5.2\\out\\server\\src\\server.js:7:6189)","timestamp":"2025-07-05T22:42:39.309Z"}
{"level":"error","message":"✘ Failed to get type description: Error: Failed to print, found malformed node Failed to print, found malformed node","node":{"id":"91090f04-b406-4206-9b18-add2a0f91454","metadata":[],"problems":[{"code":"malformedSentence","sourceMap":{"end":{"column":81,"line":47,"offset":1288},"start":{"column":27,"line":47,"offset":1234}}}],"scope":{"containerScope":{"containerScope":{"containerScope":{"containerScope":{"contributions":{},"includedScopes":[]},"contributions":{},"includedScopes":[{"contributions":{},"includedScopes":[]},{"contributions":{},"includedScopes":[]}]},"contributions":{},"includedScopes":[{"containerScope":{"containerScope":{"contributions":{},"includedScopes":[]},"contributions":{},"includedScopes":[{"contributions":{},"includedScopes":[]},{"contributions":{},"includedScopes":[]},{"contributions":{},"includedScopes":[]},{"contributions":{},"includedScopes":[]},{"contributions":{},"includedScopes":[]},{"contributions":{},"includedScopes":[]},{"contributions":{},"includedScopes":[]},{"contributions":{},"includedScopes":[]},{"contributions":{},"includedScopes":[]}]},"contributions":{},"includedScopes":[{"containerScope":{"containerScope":{"containerScope":{"contributions":{},"includedScopes":[]},"contributions":{},"includedScopes":[]},"contributions":{},"includedScopes":[]},"contributions":{},"includedScopes":[]}]},{"containerScope":{"containerScope":{"containerScope":{"contributions":{},"includedScopes":[]},"contributions":{},"includedScopes":[]},"contributions":{},"includedScopes":[]},"contributions":{},"includedScopes":[]}]},"contributions":{},"includedScopes":[]},"contributions":{},"includedScopes":[]},"sentences":[{"id":"c9c1f8b3-d8f7-490a-8483-8e419c1bb972","metadata":[],"scope":{"containerScope":{"containerScope":{"containerScope":{"containerScope":{"containerScope":{"contributions":{},"includedScopes":[]},"contributions":{},"includedScopes":[{"contributions":{},"includedScopes":[]},{"contributions":{},"includedScopes":[]}]},"contributions":{},"includedScopes":[{"containerScope":{"containerScope":{"contributions":{},"includedScopes":[]},"contributions":{},"includedScopes":[{"contributions":{},"includedScopes":[]},{"contributions":{},"includedScopes":[]},{"contributions":{},"includedScopes":[]},{"contributions":{},"includedScopes":[]},{"contributions":{},"includedScopes":[]},{"contributions":{},"includedScopes":[]},{"contributions":{},"includedScopes":[]},{"contributions":{},"includedScopes":[]},{"contributions":{},"includedScopes":[]}]},"contributions":{},"includedScopes":[{"containerScope":{"containerScope":{"containerScope":{"contributions":{},"includedScopes":[]},"contributions":{},"includedScopes":[]},"contributions":{},"includedScopes":[]},"contributions":{},"includedScopes":[]}]},{"containerScope":{"containerScope":{"containerScope":{"contributions":{},"includedScopes":[]},"contributions":{},"includedScopes":[]},"contributions":{},"includedScopes":[]},"contributions":{},"includedScopes":[]}]},"contributions":{},"includedScopes":[]},"contributions":{},"includedScopes":[]},"contributions":{},"includedScopes":[]},"sourceMap":{"end":{"column":26,"line":47,"offset":1233},"start":{"column":7,"line":47,"offset":1214}},"value":{"id":"f5019b0b-5b8f-460f-91ec-dca60bc1cfd2","metadata":[],"name":"new","scope":{"containerScope":{"containerScope":{"containerScope":{"containerScope":{"containerScope":{"containerScope":{"contributions":{},"includedScopes":[]},"contributions":{},"includedScopes":[{"contributions":{},"includedScopes":[]},{"contributions":{},"includedScopes":[]}]},"contributions":{},"includedScopes":[{"containerScope":{"containerScope":{"contributions":{},"includedScopes":[]},"contributions":{},"includedScopes":[{"contributions":{},"includedScopes":[]},{"contributions":{},"includedScopes":[]},{"contributions":{},"includedScopes":[]},{"contributions":{},"includedScopes":[]},{"contributions":{},"includedScopes":[]},{"contributions":{},"includedScopes":[]},{"contributions":{},"includedScopes":[]},{"contributions":{},"includedScopes":[]},{"contributions":{},"includedScopes":[]}]},"contributions":{},"includedScopes":[{"containerScope":{"containerScope":{"containerScope":{"contributions":{},"includedScopes":[]},"contributions":{},"includedScopes":[]},"contributions":{},"includedScopes":[]},"contributions":{},"includedScopes":[]}]},{"containerScope":{"containerScope":{"containerScope":{"contributions":{},"includedScopes":[]},"contributions":{},"includedScopes":[]},"contributions":{},"includedScopes":[]},"contributions":{},"includedScopes":[]}]},"contributions":{},"includedScopes":[]},"contributions":{},"includedScopes":[]},"contributions":{},"includedScopes":[]},"contributions":{},"includedScopes":[]},"sourceMap":{"end":{"column":26,"line":47,"offset":1233},"start":{"column":23,"line":47,"offset":1230}}},"variable":{"id":"4ff79d2f-b483-4c4e-b2a7-dae46527f24d","metadata":[],"name":"colisionExtra","scope":{"containerScope":{"containerScope":{"containerScope":{"containerScope":{"containerScope":{"containerScope":{"contributions":{},"includedScopes":[]},"contributions":{},"includedScopes":[{"contributions":{},"includedScopes":[]},{"contributions":{},"includedScopes":[]}]},"contributions":{},"includedScopes":[{"containerScope":{"containerScope":{"contributions":{},"includedScopes":[]},"contributions":{},"includedScopes":[{"contributions":{},"includedScopes":[]},{"contributions":{},"includedScopes":[]},{"contributions":{},"includedScopes":[]},{"contributions":{},"includedScopes":[]},{"contributions":{},"includedScopes":[]},{"contributions":{},"includedScopes":[]},{"contributions":{},"includedScopes":[]},{"contributions":{},"includedScopes":[]},{"contributions":{},"includedScopes":[]}]},"contributions":{},"includedScopes":[{"containerScope":{"containerScope":{"containerScope":{"contributions":{},"includedScopes":[]},"contributions":{},"includedScopes":[]},"contributions":{},"includedScopes":[]},"contributions":{},"includedScopes":[]}]},{"containerScope":{"containerScope":{"containerScope":{"contributions":{},"includedScopes":[]},"contributions":{},"includedScopes":[]},"contributions":{},"includedScopes":[]},"contributions":{},"includedScopes":[]}]},"contributions":{},"includedScopes":[]},"contributions":{},"includedScopes":[]},"contributions":{},"includedScopes":[]},"contributions":{},"includedScopes":[]},"sourceMap":{"end":{"column":20,"line":47,"offset":1227},"start":{"column":7,"line":47,"offset":1214}}}}],"sourceMap":{"end":{"column":4,"line":48,"offset":1293},"start":{"column":39,"line":46,"offset":1205}}},"stack":"Error: Failed to print, found malformed node\n    at c:\\Users\\joaom\\.vscode\\extensions\\uqbar.wollok-lsp-ide-0.5.2\\out\\server\\src\\server.js:68:3585\n    at c:\\Users\\joaom\\.vscode\\extensions\\uqbar.wollok-lsp-ide-0.5.2\\out\\server\\src\\server.js:68:5370\n    at c:\\Users\\joaom\\.vscode\\extensions\\uqbar.wollok-lsp-ide-0.5.2\\out\\server\\src\\server.js:38:6131\n    at c:\\Users\\joaom\\.vscode\\extensions\\uqbar.wollok-lsp-ide-0.5.2\\out\\server\\src\\server.js:68:3664\n    at jbn (c:\\Users\\joaom\\.vscode\\extensions\\uqbar.wollok-lsp-ide-0.5.2\\out\\server\\src\\server.js:68:3396)\n    at c:\\Users\\joaom\\.vscode\\extensions\\uqbar.wollok-lsp-ide-0.5.2\\out\\server\\src\\server.js:2371:847\n    at c:\\Users\\joaom\\.vscode\\extensions\\uqbar.wollok-lsp-ide-0.5.2\\out\\server\\src\\server.js:2371:8440\n    at c:\\Users\\joaom\\.vscode\\extensions\\uqbar.wollok-lsp-ide-0.5.2\\out\\server\\src\\server.js:37:74770\n    at Ye (c:\\Users\\joaom\\.vscode\\extensions\\uqbar.wollok-lsp-ide-0.5.2\\out\\server\\src\\server.js:7:8527)\n    at Dt (c:\\Users\\joaom\\.vscode\\extensions\\uqbar.wollok-lsp-ide-0.5.2\\out\\server\\src\\server.js:7:6189)","timestamp":"2025-07-05T22:42:40.623Z"}
{"level":"error","message":"✘ Failed to get type description: Error: Failed to print, found malformed node Failed to print, found malformed node","node":{"id":"91090f04-b406-4206-9b18-add2a0f91454","metadata":[],"problems":[{"code":"malformedSentence","sourceMap":{"end":{"column":81,"line":47,"offset":1288},"start":{"column":27,"line":47,"offset":1234}}}],"scope":{"containerScope":{"containerScope":{"containerScope":{"containerScope":{"contributions":{},"includedScopes":[]},"contributions":{},"includedScopes":[{"contributions":{},"includedScopes":[]},{"contributions":{},"includedScopes":[]}]},"contributions":{},"includedScopes":[{"containerScope":{"containerScope":{"contributions":{},"includedScopes":[]},"contributions":{},"includedScopes":[{"contributions":{},"includedScopes":[]},{"contributions":{},"includedScopes":[]},{"contributions":{},"includedScopes":[]},{"contributions":{},"includedScopes":[]},{"contributions":{},"includedScopes":[]},{"contributions":{},"includedScopes":[]},{"contributions":{},"includedScopes":[]},{"contributions":{},"includedScopes":[]},{"contributions":{},"includedScopes":[]}]},"contributions":{},"includedScopes":[{"containerScope":{"containerScope":{"containerScope":{"contributions":{},"includedScopes":[]},"contributions":{},"includedScopes":[]},"contributions":{},"includedScopes":[]},"contributions":{},"includedScopes":[]}]},{"containerScope":{"containerScope":{"containerScope":{"contributions":{},"includedScopes":[]},"contributions":{},"includedScopes":[]},"contributions":{},"includedScopes":[]},"contributions":{},"includedScopes":[]}]},"contributions":{},"includedScopes":[]},"contributions":{},"includedScopes":[]},"sentences":[{"id":"c9c1f8b3-d8f7-490a-8483-8e419c1bb972","metadata":[],"scope":{"containerScope":{"containerScope":{"containerScope":{"containerScope":{"containerScope":{"contributions":{},"includedScopes":[]},"contributions":{},"includedScopes":[{"contributions":{},"includedScopes":[]},{"contributions":{},"includedScopes":[]}]},"contributions":{},"includedScopes":[{"containerScope":{"containerScope":{"contributions":{},"includedScopes":[]},"contributions":{},"includedScopes":[{"contributions":{},"includedScopes":[]},{"contributions":{},"includedScopes":[]},{"contributions":{},"includedScopes":[]},{"contributions":{},"includedScopes":[]},{"contributions":{},"includedScopes":[]},{"contributions":{},"includedScopes":[]},{"contributions":{},"includedScopes":[]},{"contributions":{},"includedScopes":[]},{"contributions":{},"includedScopes":[]}]},"contributions":{},"includedScopes":[{"containerScope":{"containerScope":{"containerScope":{"contributions":{},"includedScopes":[]},"contributions":{},"includedScopes":[]},"contributions":{},"includedScopes":[]},"contributions":{},"includedScopes":[]}]},{"containerScope":{"containerScope":{"containerScope":{"contributions":{},"includedScopes":[]},"contributions":{},"includedScopes":[]},"contributions":{},"includedScopes":[]},"contributions":{},"includedScopes":[]}]},"contributions":{},"includedScopes":[]},"contributions":{},"includedScopes":[]},"contributions":{},"includedScopes":[]},"sourceMap":{"end":{"column":26,"line":47,"offset":1233},"start":{"column":7,"line":47,"offset":1214}},"value":{"id":"f5019b0b-5b8f-460f-91ec-dca60bc1cfd2","metadata":[],"name":"new","scope":{"containerScope":{"containerScope":{"containerScope":{"containerScope":{"containerScope":{"containerScope":{"contributions":{},"includedScopes":[]},"contributions":{},"includedScopes":[{"contributions":{},"includedScopes":[]},{"contributions":{},"includedScopes":[]}]},"contributions":{},"includedScopes":[{"containerScope":{"containerScope":{"contributions":{},"includedScopes":[]},"contributions":{},"includedScopes":[{"contributions":{},"includedScopes":[]},{"contributions":{},"includedScopes":[]},{"contributions":{},"includedScopes":[]},{"contributions":{},"includedScopes":[]},{"contributions":{},"includedScopes":[]},{"contributions":{},"includedScopes":[]},{"contributions":{},"includedScopes":[]},{"contributions":{},"includedScopes":[]},{"contributions":{},"includedScopes":[]}]},"contributions":{},"includedScopes":[{"containerScope":{"containerScope":{"containerScope":{"contributions":{},"includedScopes":[]},"contributions":{},"includedScopes":[]},"contributions":{},"includedScopes":[]},"contributions":{},"includedScopes":[]}]},{"containerScope":{"containerScope":{"containerScope":{"contributions":{},"includedScopes":[]},"contributions":{},"includedScopes":[]},"contributions":{},"includedScopes":[]},"contributions":{},"includedScopes":[]}]},"contributions":{},"includedScopes":[]},"contributions":{},"includedScopes":[]},"contributions":{},"includedScopes":[]},"contributions":{},"includedScopes":[]},"sourceMap":{"end":{"column":26,"line":47,"offset":1233},"start":{"column":23,"line":47,"offset":1230}}},"variable":{"id":"4ff79d2f-b483-4c4e-b2a7-dae46527f24d","metadata":[],"name":"colisionExtra","scope":{"containerScope":{"containerScope":{"containerScope":{"containerScope":{"containerScope":{"containerScope":{"contributions":{},"includedScopes":[]},"contributions":{},"includedScopes":[{"contributions":{},"includedScopes":[]},{"contributions":{},"includedScopes":[]}]},"contributions":{},"includedScopes":[{"containerScope":{"containerScope":{"contributions":{},"includedScopes":[]},"contributions":{},"includedScopes":[{"contributions":{},"includedScopes":[]},{"contributions":{},"includedScopes":[]},{"contributions":{},"includedScopes":[]},{"contributions":{},"includedScopes":[]},{"contributions":{},"includedScopes":[]},{"contributions":{},"includedScopes":[]},{"contributions":{},"includedScopes":[]},{"contributions":{},"includedScopes":[]},{"contributions":{},"includedScopes":[]}]},"contributions":{},"includedScopes":[{"containerScope":{"containerScope":{"containerScope":{"contributions":{},"includedScopes":[]},"contributions":{},"includedScopes":[]},"contributions":{},"includedScopes":[]},"contributions":{},"includedScopes":[]}]},{"containerScope":{"containerScope":{"containerScope":{"contributions":{},"includedScopes":[]},"contributions":{},"includedScopes":[]},"contributions":{},"includedScopes":[]},"contributions":{},"includedScopes":[]}]},"contributions":{},"includedScopes":[]},"contributions":{},"includedScopes":[]},"contributions":{},"includedScopes":[]},"contributions":{},"includedScopes":[]},"sourceMap":{"end":{"column":20,"line":47,"offset":1227},"start":{"column":7,"line":47,"offset":1214}}}}],"sourceMap":{"end":{"column":4,"line":48,"offset":1293},"start":{"column":39,"line":46,"offset":1205}}},"stack":"Error: Failed to print, found malformed node\n    at c:\\Users\\joaom\\.vscode\\extensions\\uqbar.wollok-lsp-ide-0.5.2\\out\\server\\src\\server.js:68:3585\n    at c:\\Users\\joaom\\.vscode\\extensions\\uqbar.wollok-lsp-ide-0.5.2\\out\\server\\src\\server.js:68:5370\n    at c:\\Users\\joaom\\.vscode\\extensions\\uqbar.wollok-lsp-ide-0.5.2\\out\\server\\src\\server.js:38:6131\n    at c:\\Users\\joaom\\.vscode\\extensions\\uqbar.wollok-lsp-ide-0.5.2\\out\\server\\src\\server.js:68:3664\n    at jbn (c:\\Users\\joaom\\.vscode\\extensions\\uqbar.wollok-lsp-ide-0.5.2\\out\\server\\src\\server.js:68:3396)\n    at c:\\Users\\joaom\\.vscode\\extensions\\uqbar.wollok-lsp-ide-0.5.2\\out\\server\\src\\server.js:2371:847\n    at c:\\Users\\joaom\\.vscode\\extensions\\uqbar.wollok-lsp-ide-0.5.2\\out\\server\\src\\server.js:2371:8440\n    at c:\\Users\\joaom\\.vscode\\extensions\\uqbar.wollok-lsp-ide-0.5.2\\out\\server\\src\\server.js:37:74770\n    at Ye (c:\\Users\\joaom\\.vscode\\extensions\\uqbar.wollok-lsp-ide-0.5.2\\out\\server\\src\\server.js:7:8527)\n    at Dt (c:\\Users\\joaom\\.vscode\\extensions\\uqbar.wollok-lsp-ide-0.5.2\\out\\server\\src\\server.js:7:6189)","timestamp":"2025-07-05T22:42:41.290Z"}
{"level":"error","message":"✘ Failed to get type description: Error: Failed to print, found malformed node Failed to print, found malformed node","node":{"id":"91090f04-b406-4206-9b18-add2a0f91454","metadata":[],"problems":[{"code":"malformedSentence","sourceMap":{"end":{"column":81,"line":47,"offset":1288},"start":{"column":27,"line":47,"offset":1234}}}],"scope":{"containerScope":{"containerScope":{"containerScope":{"containerScope":{"contributions":{},"includedScopes":[]},"contributions":{},"includedScopes":[{"contributions":{},"includedScopes":[]},{"contributions":{},"includedScopes":[]}]},"contributions":{},"includedScopes":[{"containerScope":{"containerScope":{"contributions":{},"includedScopes":[]},"contributions":{},"includedScopes":[{"contributions":{},"includedScopes":[]},{"contributions":{},"includedScopes":[]},{"contributions":{},"includedScopes":[]},{"contributions":{},"includedScopes":[]},{"contributions":{},"includedScopes":[]},{"contributions":{},"includedScopes":[]},{"contributions":{},"includedScopes":[]},{"contributions":{},"includedScopes":[]},{"contributions":{},"includedScopes":[]}]},"contributions":{},"includedScopes":[{"containerScope":{"containerScope":{"containerScope":{"contributions":{},"includedScopes":[]},"contributions":{},"includedScopes":[]},"contributions":{},"includedScopes":[]},"contributions":{},"includedScopes":[]}]},{"containerScope":{"containerScope":{"containerScope":{"contributions":{},"includedScopes":[]},"contributions":{},"includedScopes":[]},"contributions":{},"includedScopes":[]},"contributions":{},"includedScopes":[]}]},"contributions":{},"includedScopes":[]},"contributions":{},"includedScopes":[]},"sentences":[{"id":"c9c1f8b3-d8f7-490a-8483-8e419c1bb972","metadata":[],"scope":{"containerScope":{"containerScope":{"containerScope":{"containerScope":{"containerScope":{"contributions":{},"includedScopes":[]},"contributions":{},"includedScopes":[{"contributions":{},"includedScopes":[]},{"contributions":{},"includedScopes":[]}]},"contributions":{},"includedScopes":[{"containerScope":{"containerScope":{"contributions":{},"includedScopes":[]},"contributions":{},"includedScopes":[{"contributions":{},"includedScopes":[]},{"contributions":{},"includedScopes":[]},{"contributions":{},"includedScopes":[]},{"contributions":{},"includedScopes":[]},{"contributions":{},"includedScopes":[]},{"contributions":{},"includedScopes":[]},{"contributions":{},"includedScopes":[]},{"contributions":{},"includedScopes":[]},{"contributions":{},"includedScopes":[]}]},"contributions":{},"includedScopes":[{"containerScope":{"containerScope":{"containerScope":{"contributions":{},"includedScopes":[]},"contributions":{},"includedScopes":[]},"contributions":{},"includedScopes":[]},"contributions":{},"includedScopes":[]}]},{"containerScope":{"containerScope":{"containerScope":{"contributions":{},"includedScopes":[]},"contributions":{},"includedScopes":[]},"contributions":{},"includedScopes":[]},"contributions":{},"includedScopes":[]}]},"contributions":{},"includedScopes":[]},"contributions":{},"includedScopes":[]},"contributions":{},"includedScopes":[]},"sourceMap":{"end":{"column":26,"line":47,"offset":1233},"start":{"column":7,"line":47,"offset":1214}},"value":{"id":"f5019b0b-5b8f-460f-91ec-dca60bc1cfd2","metadata":[],"name":"new","scope":{"containerScope":{"containerScope":{"containerScope":{"containerScope":{"containerScope":{"containerScope":{"contributions":{},"includedScopes":[]},"contributions":{},"includedScopes":[{"contributions":{},"includedScopes":[]},{"contributions":{},"includedScopes":[]}]},"contributions":{},"includedScopes":[{"containerScope":{"containerScope":{"contributions":{},"includedScopes":[]},"contributions":{},"includedScopes":[{"contributions":{},"includedScopes":[]},{"contributions":{},"includedScopes":[]},{"contributions":{},"includedScopes":[]},{"contributions":{},"includedScopes":[]},{"contributions":{},"includedScopes":[]},{"contributions":{},"includedScopes":[]},{"contributions":{},"includedScopes":[]},{"contributions":{},"includedScopes":[]},{"contributions":{},"includedScopes":[]}]},"contributions":{},"includedScopes":[{"containerScope":{"containerScope":{"containerScope":{"contributions":{},"includedScopes":[]},"contributions":{},"includedScopes":[]},"contributions":{},"includedScopes":[]},"contributions":{},"includedScopes":[]}]},{"containerScope":{"containerScope":{"containerScope":{"contributions":{},"includedScopes":[]},"contributions":{},"includedScopes":[]},"contributions":{},"includedScopes":[]},"contributions":{},"includedScopes":[]}]},"contributions":{},"includedScopes":[]},"contributions":{},"includedScopes":[]},"contributions":{},"includedScopes":[]},"contributions":{},"includedScopes":[]},"sourceMap":{"end":{"column":26,"line":47,"offset":1233},"start":{"column":23,"line":47,"offset":1230}}},"variable":{"id":"4ff79d2f-b483-4c4e-b2a7-dae46527f24d","metadata":[],"name":"colisionExtra","scope":{"containerScope":{"containerScope":{"containerScope":{"containerScope":{"containerScope":{"containerScope":{"contributions":{},"includedScopes":[]},"contributions":{},"includedScopes":[{"contributions":{},"includedScopes":[]},{"contributions":{},"includedScopes":[]}]},"contributions":{},"includedScopes":[{"containerScope":{"containerScope":{"contributions":{},"includedScopes":[]},"contributions":{},"includedScopes":[{"contributions":{},"includedScopes":[]},{"contributions":{},"includedScopes":[]},{"contributions":{},"includedScopes":[]},{"contributions":{},"includedScopes":[]},{"contributions":{},"includedScopes":[]},{"contributions":{},"includedScopes":[]},{"contributions":{},"includedScopes":[]},{"contributions":{},"includedScopes":[]},{"contributions":{},"includedScopes":[]}]},"contributions":{},"includedScopes":[{"containerScope":{"containerScope":{"containerScope":{"contributions":{},"includedScopes":[]},"contributions":{},"includedScopes":[]},"contributions":{},"includedScopes":[]},"contributions":{},"includedScopes":[]}]},{"containerScope":{"containerScope":{"containerScope":{"contributions":{},"includedScopes":[]},"contributions":{},"includedScopes":[]},"contributions":{},"includedScopes":[]},"contributions":{},"includedScopes":[]}]},"contributions":{},"includedScopes":[]},"contributions":{},"includedScopes":[]},"contributions":{},"includedScopes":[]},"contributions":{},"includedScopes":[]},"sourceMap":{"end":{"column":20,"line":47,"offset":1227},"start":{"column":7,"line":47,"offset":1214}}}}],"sourceMap":{"end":{"column":4,"line":48,"offset":1293},"start":{"column":39,"line":46,"offset":1205}}},"stack":"Error: Failed to print, found malformed node\n    at c:\\Users\\joaom\\.vscode\\extensions\\uqbar.wollok-lsp-ide-0.5.2\\out\\server\\src\\server.js:68:3585\n    at c:\\Users\\joaom\\.vscode\\extensions\\uqbar.wollok-lsp-ide-0.5.2\\out\\server\\src\\server.js:68:5370\n    at c:\\Users\\joaom\\.vscode\\extensions\\uqbar.wollok-lsp-ide-0.5.2\\out\\server\\src\\server.js:38:6131\n    at c:\\Users\\joaom\\.vscode\\extensions\\uqbar.wollok-lsp-ide-0.5.2\\out\\server\\src\\server.js:68:3664\n    at jbn (c:\\Users\\joaom\\.vscode\\extensions\\uqbar.wollok-lsp-ide-0.5.2\\out\\server\\src\\server.js:68:3396)\n    at c:\\Users\\joaom\\.vscode\\extensions\\uqbar.wollok-lsp-ide-0.5.2\\out\\server\\src\\server.js:2371:847\n    at c:\\Users\\joaom\\.vscode\\extensions\\uqbar.wollok-lsp-ide-0.5.2\\out\\server\\src\\server.js:2371:8440\n    at c:\\Users\\joaom\\.vscode\\extensions\\uqbar.wollok-lsp-ide-0.5.2\\out\\server\\src\\server.js:37:74770\n    at Ye (c:\\Users\\joaom\\.vscode\\extensions\\uqbar.wollok-lsp-ide-0.5.2\\out\\server\\src\\server.js:7:8527)\n    at Dt (c:\\Users\\joaom\\.vscode\\extensions\\uqbar.wollok-lsp-ide-0.5.2\\out\\server\\src\\server.js:7:6189)","timestamp":"2025-07-05T22:42:41.584Z"}
{"level":"error","message":"✘ Failed to get type description: Error: Failed to print, found malformed node Failed to print, found malformed node","node":{"id":"91090f04-b406-4206-9b18-add2a0f91454","metadata":[],"problems":[{"code":"malformedSentence","sourceMap":{"end":{"column":81,"line":47,"offset":1288},"start":{"column":27,"line":47,"offset":1234}}}],"scope":{"containerScope":{"containerScope":{"containerScope":{"containerScope":{"contributions":{},"includedScopes":[]},"contributions":{},"includedScopes":[{"contributions":{},"includedScopes":[]},{"contributions":{},"includedScopes":[]}]},"contributions":{},"includedScopes":[{"containerScope":{"containerScope":{"contributions":{},"includedScopes":[]},"contributions":{},"includedScopes":[{"contributions":{},"includedScopes":[]},{"contributions":{},"includedScopes":[]},{"contributions":{},"includedScopes":[]},{"contributions":{},"includedScopes":[]},{"contributions":{},"includedScopes":[]},{"contributions":{},"includedScopes":[]},{"contributions":{},"includedScopes":[]},{"contributions":{},"includedScopes":[]},{"contributions":{},"includedScopes":[]}]},"contributions":{},"includedScopes":[{"containerScope":{"containerScope":{"containerScope":{"contributions":{},"includedScopes":[]},"contributions":{},"includedScopes":[]},"contributions":{},"includedScopes":[]},"contributions":{},"includedScopes":[]}]},{"containerScope":{"containerScope":{"containerScope":{"contributions":{},"includedScopes":[]},"contributions":{},"includedScopes":[]},"contributions":{},"includedScopes":[]},"contributions":{},"includedScopes":[]}]},"contributions":{},"includedScopes":[]},"contributions":{},"includedScopes":[]},"sentences":[{"id":"c9c1f8b3-d8f7-490a-8483-8e419c1bb972","metadata":[],"scope":{"containerScope":{"containerScope":{"containerScope":{"containerScope":{"containerScope":{"contributions":{},"includedScopes":[]},"contributions":{},"includedScopes":[{"contributions":{},"includedScopes":[]},{"contributions":{},"includedScopes":[]}]},"contributions":{},"includedScopes":[{"containerScope":{"containerScope":{"contributions":{},"includedScopes":[]},"contributions":{},"includedScopes":[{"contributions":{},"includedScopes":[]},{"contributions":{},"includedScopes":[]},{"contributions":{},"includedScopes":[]},{"contributions":{},"includedScopes":[]},{"contributions":{},"includedScopes":[]},{"contributions":{},"includedScopes":[]},{"contributions":{},"includedScopes":[]},{"contributions":{},"includedScopes":[]},{"contributions":{},"includedScopes":[]}]},"contributions":{},"includedScopes":[{"containerScope":{"containerScope":{"containerScope":{"contributions":{},"includedScopes":[]},"contributions":{},"includedScopes":[]},"contributions":{},"includedScopes":[]},"contributions":{},"includedScopes":[]}]},{"containerScope":{"containerScope":{"containerScope":{"contributions":{},"includedScopes":[]},"contributions":{},"includedScopes":[]},"contributions":{},"includedScopes":[]},"contributions":{},"includedScopes":[]}]},"contributions":{},"includedScopes":[]},"contributions":{},"includedScopes":[]},"contributions":{},"includedScopes":[]},"sourceMap":{"end":{"column":26,"line":47,"offset":1233},"start":{"column":7,"line":47,"offset":1214}},"value":{"id":"f5019b0b-5b8f-460f-91ec-dca60bc1cfd2","metadata":[],"name":"new","scope":{"containerScope":{"containerScope":{"containerScope":{"containerScope":{"containerScope":{"containerScope":{"contributions":{},"includedScopes":[]},"contributions":{},"includedScopes":[{"contributions":{},"includedScopes":[]},{"contributions":{},"includedScopes":[]}]},"contributions":{},"includedScopes":[{"containerScope":{"containerScope":{"contributions":{},"includedScopes":[]},"contributions":{},"includedScopes":[{"contributions":{},"includedScopes":[]},{"contributions":{},"includedScopes":[]},{"contributions":{},"includedScopes":[]},{"contributions":{},"includedScopes":[]},{"contributions":{},"includedScopes":[]},{"contributions":{},"includedScopes":[]},{"contributions":{},"includedScopes":[]},{"contributions":{},"includedScopes":[]},{"contributions":{},"includedScopes":[]}]},"contributions":{},"includedScopes":[{"containerScope":{"containerScope":{"containerScope":{"contributions":{},"includedScopes":[]},"contributions":{},"includedScopes":[]},"contributions":{},"includedScopes":[]},"contributions":{},"includedScopes":[]}]},{"containerScope":{"containerScope":{"containerScope":{"contributions":{},"includedScopes":[]},"contributions":{},"includedScopes":[]},"contributions":{},"includedScopes":[]},"contributions":{},"includedScopes":[]}]},"contributions":{},"includedScopes":[]},"contributions":{},"includedScopes":[]},"contributions":{},"includedScopes":[]},"contributions":{},"includedScopes":[]},"sourceMap":{"end":{"column":26,"line":47,"offset":1233},"start":{"column":23,"line":47,"offset":1230}}},"variable":{"id":"4ff79d2f-b483-4c4e-b2a7-dae46527f24d","metadata":[],"name":"colisionExtra","scope":{"containerScope":{"containerScope":{"containerScope":{"containerScope":{"containerScope":{"containerScope":{"contributions":{},"includedScopes":[]},"contributions":{},"includedScopes":[{"contributions":{},"includedScopes":[]},{"contributions":{},"includedScopes":[]}]},"contributions":{},"includedScopes":[{"containerScope":{"containerScope":{"contributions":{},"includedScopes":[]},"contributions":{},"includedScopes":[{"contributions":{},"includedScopes":[]},{"contributions":{},"includedScopes":[]},{"contributions":{},"includedScopes":[]},{"contributions":{},"includedScopes":[]},{"contributions":{},"includedScopes":[]},{"contributions":{},"includedScopes":[]},{"contributions":{},"includedScopes":[]},{"contributions":{},"includedScopes":[]},{"contributions":{},"includedScopes":[]}]},"contributions":{},"includedScopes":[{"containerScope":{"containerScope":{"containerScope":{"contributions":{},"includedScopes":[]},"contributions":{},"includedScopes":[]},"contributions":{},"includedScopes":[]},"contributions":{},"includedScopes":[]}]},{"containerScope":{"containerScope":{"containerScope":{"contributions":{},"includedScopes":[]},"contributions":{},"includedScopes":[]},"contributions":{},"includedScopes":[]},"contributions":{},"includedScopes":[]}]},"contributions":{},"includedScopes":[]},"contributions":{},"includedScopes":[]},"contributions":{},"includedScopes":[]},"contributions":{},"includedScopes":[]},"sourceMap":{"end":{"column":20,"line":47,"offset":1227},"start":{"column":7,"line":47,"offset":1214}}}}],"sourceMap":{"end":{"column":4,"line":48,"offset":1293},"start":{"column":39,"line":46,"offset":1205}}},"stack":"Error: Failed to print, found malformed node\n    at c:\\Users\\joaom\\.vscode\\extensions\\uqbar.wollok-lsp-ide-0.5.2\\out\\server\\src\\server.js:68:3585\n    at c:\\Users\\joaom\\.vscode\\extensions\\uqbar.wollok-lsp-ide-0.5.2\\out\\server\\src\\server.js:68:5370\n    at c:\\Users\\joaom\\.vscode\\extensions\\uqbar.wollok-lsp-ide-0.5.2\\out\\server\\src\\server.js:38:6131\n    at c:\\Users\\joaom\\.vscode\\extensions\\uqbar.wollok-lsp-ide-0.5.2\\out\\server\\src\\server.js:68:3664\n    at jbn (c:\\Users\\joaom\\.vscode\\extensions\\uqbar.wollok-lsp-ide-0.5.2\\out\\server\\src\\server.js:68:3396)\n    at c:\\Users\\joaom\\.vscode\\extensions\\uqbar.wollok-lsp-ide-0.5.2\\out\\server\\src\\server.js:2371:847\n    at c:\\Users\\joaom\\.vscode\\extensions\\uqbar.wollok-lsp-ide-0.5.2\\out\\server\\src\\server.js:2371:8440\n    at c:\\Users\\joaom\\.vscode\\extensions\\uqbar.wollok-lsp-ide-0.5.2\\out\\server\\src\\server.js:37:74770\n    at Ye (c:\\Users\\joaom\\.vscode\\extensions\\uqbar.wollok-lsp-ide-0.5.2\\out\\server\\src\\server.js:7:8527)\n    at Dt (c:\\Users\\joaom\\.vscode\\extensions\\uqbar.wollok-lsp-ide-0.5.2\\out\\server\\src\\server.js:7:6189)","timestamp":"2025-07-05T22:42:42.980Z"}
{"level":"error","message":"✘ Failed to get type description: Error: Failed to print, found malformed node Failed to print, found malformed node","node":{"id":"91090f04-b406-4206-9b18-add2a0f91454","metadata":[],"problems":[{"code":"malformedSentence","sourceMap":{"end":{"column":81,"line":47,"offset":1288},"start":{"column":27,"line":47,"offset":1234}}}],"scope":{"containerScope":{"containerScope":{"containerScope":{"containerScope":{"contributions":{},"includedScopes":[]},"contributions":{},"includedScopes":[{"contributions":{},"includedScopes":[]},{"contributions":{},"includedScopes":[]}]},"contributions":{},"includedScopes":[{"containerScope":{"containerScope":{"contributions":{},"includedScopes":[]},"contributions":{},"includedScopes":[{"contributions":{},"includedScopes":[]},{"contributions":{},"includedScopes":[]},{"contributions":{},"includedScopes":[]},{"contributions":{},"includedScopes":[]},{"contributions":{},"includedScopes":[]},{"contributions":{},"includedScopes":[]},{"contributions":{},"includedScopes":[]},{"contributions":{},"includedScopes":[]},{"contributions":{},"includedScopes":[]}]},"contributions":{},"includedScopes":[{"containerScope":{"containerScope":{"containerScope":{"contributions":{},"includedScopes":[]},"contributions":{},"includedScopes":[]},"contributions":{},"includedScopes":[]},"contributions":{},"includedScopes":[]}]},{"containerScope":{"containerScope":{"containerScope":{"contributions":{},"includedScopes":[]},"contributions":{},"includedScopes":[]},"contributions":{},"includedScopes":[]},"contributions":{},"includedScopes":[]}]},"contributions":{},"includedScopes":[]},"contributions":{},"includedScopes":[]},"sentences":[{"id":"c9c1f8b3-d8f7-490a-8483-8e419c1bb972","metadata":[],"scope":{"containerScope":{"containerScope":{"containerScope":{"containerScope":{"containerScope":{"contributions":{},"includedScopes":[]},"contributions":{},"includedScopes":[{"contributions":{},"includedScopes":[]},{"contributions":{},"includedScopes":[]}]},"contributions":{},"includedScopes":[{"containerScope":{"containerScope":{"contributions":{},"includedScopes":[]},"contributions":{},"includedScopes":[{"contributions":{},"includedScopes":[]},{"contributions":{},"includedScopes":[]},{"contributions":{},"includedScopes":[]},{"contributions":{},"includedScopes":[]},{"contributions":{},"includedScopes":[]},{"contributions":{},"includedScopes":[]},{"contributions":{},"includedScopes":[]},{"contributions":{},"includedScopes":[]},{"contributions":{},"includedScopes":[]}]},"contributions":{},"includedScopes":[{"containerScope":{"containerScope":{"containerScope":{"contributions":{},"includedScopes":[]},"contributions":{},"includedScopes":[]},"contributions":{},"includedScopes":[]},"contributions":{},"includedScopes":[]}]},{"containerScope":{"containerScope":{"containerScope":{"contributions":{},"includedScopes":[]},"contributions":{},"includedScopes":[]},"contributions":{},"includedScopes":[]},"contributions":{},"includedScopes":[]}]},"contributions":{},"includedScopes":[]},"contributions":{},"includedScopes":[]},"contributions":{},"includedScopes":[]},"sourceMap":{"end":{"column":26,"line":47,"offset":1233},"start":{"column":7,"line":47,"offset":1214}},"value":{"id":"f5019b0b-5b8f-460f-91ec-dca60bc1cfd2","metadata":[],"name":"new","scope":{"containerScope":{"containerScope":{"containerScope":{"containerScope":{"containerScope":{"containerScope":{"contributions":{},"includedScopes":[]},"contributions":{},"includedScopes":[{"contributions":{},"includedScopes":[]},{"contributions":{},"includedScopes":[]}]},"contributions":{},"includedScopes":[{"containerScope":{"containerScope":{"contributions":{},"includedScopes":[]},"contributions":{},"includedScopes":[{"contributions":{},"includedScopes":[]},{"contributions":{},"includedScopes":[]},{"contributions":{},"includedScopes":[]},{"contributions":{},"includedScopes":[]},{"contributions":{},"includedScopes":[]},{"contributions":{},"includedScopes":[]},{"contributions":{},"includedScopes":[]},{"contributions":{},"includedScopes":[]},{"contributions":{},"includedScopes":[]}]},"contributions":{},"includedScopes":[{"containerScope":{"containerScope":{"containerScope":{"contributions":{},"includedScopes":[]},"contributions":{},"includedScopes":[]},"contributions":{},"includedScopes":[]},"contributions":{},"includedScopes":[]}]},{"containerScope":{"containerScope":{"containerScope":{"contributions":{},"includedScopes":[]},"contributions":{},"includedScopes":[]},"contributions":{},"includedScopes":[]},"contributions":{},"includedScopes":[]}]},"contributions":{},"includedScopes":[]},"contributions":{},"includedScopes":[]},"contributions":{},"includedScopes":[]},"contributions":{},"includedScopes":[]},"sourceMap":{"end":{"column":26,"line":47,"offset":1233},"start":{"column":23,"line":47,"offset":1230}}},"variable":{"id":"4ff79d2f-b483-4c4e-b2a7-dae46527f24d","metadata":[],"name":"colisionExtra","scope":{"containerScope":{"containerScope":{"containerScope":{"containerScope":{"containerScope":{"containerScope":{"contributions":{},"includedScopes":[]},"contributions":{},"includedScopes":[{"contributions":{},"includedScopes":[]},{"contributions":{},"includedScopes":[]}]},"contributions":{},"includedScopes":[{"containerScope":{"containerScope":{"contributions":{},"includedScopes":[]},"contributions":{},"includedScopes":[{"contributions":{},"includedScopes":[]},{"contributions":{},"includedScopes":[]},{"contributions":{},"includedScopes":[]},{"contributions":{},"includedScopes":[]},{"contributions":{},"includedScopes":[]},{"contributions":{},"includedScopes":[]},{"contributions":{},"includedScopes":[]},{"contributions":{},"includedScopes":[]},{"contributions":{},"includedScopes":[]}]},"contributions":{},"includedScopes":[{"containerScope":{"containerScope":{"containerScope":{"contributions":{},"includedScopes":[]},"contributions":{},"includedScopes":[]},"contributions":{},"includedScopes":[]},"contributions":{},"includedScopes":[]}]},{"containerScope":{"containerScope":{"containerScope":{"contributions":{},"includedScopes":[]},"contributions":{},"includedScopes":[]},"contributions":{},"includedScopes":[]},"contributions":{},"includedScopes":[]}]},"contributions":{},"includedScopes":[]},"contributions":{},"includedScopes":[]},"contributions":{},"includedScopes":[]},"contributions":{},"includedScopes":[]},"sourceMap":{"end":{"column":20,"line":47,"offset":1227},"start":{"column":7,"line":47,"offset":1214}}}}],"sourceMap":{"end":{"column":4,"line":48,"offset":1293},"start":{"column":39,"line":46,"offset":1205}}},"stack":"Error: Failed to print, found malformed node\n    at c:\\Users\\joaom\\.vscode\\extensions\\uqbar.wollok-lsp-ide-0.5.2\\out\\server\\src\\server.js:68:3585\n    at c:\\Users\\joaom\\.vscode\\extensions\\uqbar.wollok-lsp-ide-0.5.2\\out\\server\\src\\server.js:68:5370\n    at c:\\Users\\joaom\\.vscode\\extensions\\uqbar.wollok-lsp-ide-0.5.2\\out\\server\\src\\server.js:38:6131\n    at c:\\Users\\joaom\\.vscode\\extensions\\uqbar.wollok-lsp-ide-0.5.2\\out\\server\\src\\server.js:68:3664\n    at jbn (c:\\Users\\joaom\\.vscode\\extensions\\uqbar.wollok-lsp-ide-0.5.2\\out\\server\\src\\server.js:68:3396)\n    at c:\\Users\\joaom\\.vscode\\extensions\\uqbar.wollok-lsp-ide-0.5.2\\out\\server\\src\\server.js:2371:847\n    at c:\\Users\\joaom\\.vscode\\extensions\\uqbar.wollok-lsp-ide-0.5.2\\out\\server\\src\\server.js:2371:8440\n    at c:\\Users\\joaom\\.vscode\\extensions\\uqbar.wollok-lsp-ide-0.5.2\\out\\server\\src\\server.js:37:74770\n    at Ye (c:\\Users\\joaom\\.vscode\\extensions\\uqbar.wollok-lsp-ide-0.5.2\\out\\server\\src\\server.js:7:8527)\n    at Dt (c:\\Users\\joaom\\.vscode\\extensions\\uqbar.wollok-lsp-ide-0.5.2\\out\\server\\src\\server.js:7:6189)","timestamp":"2025-07-05T22:42:43.410Z"}
{"level":"error","message":"✘ Failed to get type description: Error: Failed to print, found malformed node Failed to print, found malformed node","node":{"id":"91090f04-b406-4206-9b18-add2a0f91454","metadata":[],"problems":[{"code":"malformedSentence","sourceMap":{"end":{"column":81,"line":47,"offset":1288},"start":{"column":27,"line":47,"offset":1234}}}],"scope":{"containerScope":{"containerScope":{"containerScope":{"containerScope":{"contributions":{},"includedScopes":[]},"contributions":{},"includedScopes":[{"contributions":{},"includedScopes":[]},{"contributions":{},"includedScopes":[]}]},"contributions":{},"includedScopes":[{"containerScope":{"containerScope":{"contributions":{},"includedScopes":[]},"contributions":{},"includedScopes":[{"contributions":{},"includedScopes":[]},{"contributions":{},"includedScopes":[]},{"contributions":{},"includedScopes":[]},{"contributions":{},"includedScopes":[]},{"contributions":{},"includedScopes":[]},{"contributions":{},"includedScopes":[]},{"contributions":{},"includedScopes":[]},{"contributions":{},"includedScopes":[]},{"contributions":{},"includedScopes":[]}]},"contributions":{},"includedScopes":[{"containerScope":{"containerScope":{"containerScope":{"contributions":{},"includedScopes":[]},"contributions":{},"includedScopes":[]},"contributions":{},"includedScopes":[]},"contributions":{},"includedScopes":[]}]},{"containerScope":{"containerScope":{"containerScope":{"contributions":{},"includedScopes":[]},"contributions":{},"includedScopes":[]},"contributions":{},"includedScopes":[]},"contributions":{},"includedScopes":[]}]},"contributions":{},"includedScopes":[]},"contributions":{},"includedScopes":[]},"sentences":[{"id":"c9c1f8b3-d8f7-490a-8483-8e419c1bb972","metadata":[],"scope":{"containerScope":{"containerScope":{"containerScope":{"containerScope":{"containerScope":{"contributions":{},"includedScopes":[]},"contributions":{},"includedScopes":[{"contributions":{},"includedScopes":[]},{"contributions":{},"includedScopes":[]}]},"contributions":{},"includedScopes":[{"containerScope":{"containerScope":{"contributions":{},"includedScopes":[]},"contributions":{},"includedScopes":[{"contributions":{},"includedScopes":[]},{"contributions":{},"includedScopes":[]},{"contributions":{},"includedScopes":[]},{"contributions":{},"includedScopes":[]},{"contributions":{},"includedScopes":[]},{"contributions":{},"includedScopes":[]},{"contributions":{},"includedScopes":[]},{"contributions":{},"includedScopes":[]},{"contributions":{},"includedScopes":[]}]},"contributions":{},"includedScopes":[{"containerScope":{"containerScope":{"containerScope":{"contributions":{},"includedScopes":[]},"contributions":{},"includedScopes":[]},"contributions":{},"includedScopes":[]},"contributions":{},"includedScopes":[]}]},{"containerScope":{"containerScope":{"containerScope":{"contributions":{},"includedScopes":[]},"contributions":{},"includedScopes":[]},"contributions":{},"includedScopes":[]},"contributions":{},"includedScopes":[]}]},"contributions":{},"includedScopes":[]},"contributions":{},"includedScopes":[]},"contributions":{},"includedScopes":[]},"sourceMap":{"end":{"column":26,"line":47,"offset":1233},"start":{"column":7,"line":47,"offset":1214}},"value":{"id":"f5019b0b-5b8f-460f-91ec-dca60bc1cfd2","metadata":[],"name":"new","scope":{"containerScope":{"containerScope":{"containerScope":{"containerScope":{"containerScope":{"containerScope":{"contributions":{},"includedScopes":[]},"contributions":{},"includedScopes":[{"contributions":{},"includedScopes":[]},{"contributions":{},"includedScopes":[]}]},"contributions":{},"includedScopes":[{"containerScope":{"containerScope":{"contributions":{},"includedScopes":[]},"contributions":{},"includedScopes":[{"contributions":{},"includedScopes":[]},{"contributions":{},"includedScopes":[]},{"contributions":{},"includedScopes":[]},{"contributions":{},"includedScopes":[]},{"contributions":{},"includedScopes":[]},{"contributions":{},"includedScopes":[]},{"contributions":{},"includedScopes":[]},{"contributions":{},"includedScopes":[]},{"contributions":{},"includedScopes":[]}]},"contributions":{},"includedScopes":[{"containerScope":{"containerScope":{"containerScope":{"contributions":{},"includedScopes":[]},"contributions":{},"includedScopes":[]},"contributions":{},"includedScopes":[]},"contributions":{},"includedScopes":[]}]},{"containerScope":{"containerScope":{"containerScope":{"contributions":{},"includedScopes":[]},"contributions":{},"includedScopes":[]},"contributions":{},"includedScopes":[]},"contributions":{},"includedScopes":[]}]},"contributions":{},"includedScopes":[]},"contributions":{},"includedScopes":[]},"contributions":{},"includedScopes":[]},"contributions":{},"includedScopes":[]},"sourceMap":{"end":{"column":26,"line":47,"offset":1233},"start":{"column":23,"line":47,"offset":1230}}},"variable":{"id":"4ff79d2f-b483-4c4e-b2a7-dae46527f24d","metadata":[],"name":"colisionExtra","scope":{"containerScope":{"containerScope":{"containerScope":{"containerScope":{"containerScope":{"containerScope":{"contributions":{},"includedScopes":[]},"contributions":{},"includedScopes":[{"contributions":{},"includedScopes":[]},{"contributions":{},"includedScopes":[]}]},"contributions":{},"includedScopes":[{"containerScope":{"containerScope":{"contributions":{},"includedScopes":[]},"contributions":{},"includedScopes":[{"contributions":{},"includedScopes":[]},{"contributions":{},"includedScopes":[]},{"contributions":{},"includedScopes":[]},{"contributions":{},"includedScopes":[]},{"contributions":{},"includedScopes":[]},{"contributions":{},"includedScopes":[]},{"contributions":{},"includedScopes":[]},{"contributions":{},"includedScopes":[]},{"contributions":{},"includedScopes":[]}]},"contributions":{},"includedScopes":[{"containerScope":{"containerScope":{"containerScope":{"contributions":{},"includedScopes":[]},"contributions":{},"includedScopes":[]},"contributions":{},"includedScopes":[]},"contributions":{},"includedScopes":[]}]},{"containerScope":{"containerScope":{"containerScope":{"contributions":{},"includedScopes":[]},"contributions":{},"includedScopes":[]},"contributions":{},"includedScopes":[]},"contributions":{},"includedScopes":[]}]},"contributions":{},"includedScopes":[]},"contributions":{},"includedScopes":[]},"contributions":{},"includedScopes":[]},"contributions":{},"includedScopes":[]},"sourceMap":{"end":{"column":20,"line":47,"offset":1227},"start":{"column":7,"line":47,"offset":1214}}}}],"sourceMap":{"end":{"column":4,"line":48,"offset":1293},"start":{"column":39,"line":46,"offset":1205}}},"stack":"Error: Failed to print, found malformed node\n    at c:\\Users\\joaom\\.vscode\\extensions\\uqbar.wollok-lsp-ide-0.5.2\\out\\server\\src\\server.js:68:3585\n    at c:\\Users\\joaom\\.vscode\\extensions\\uqbar.wollok-lsp-ide-0.5.2\\out\\server\\src\\server.js:68:5370\n    at c:\\Users\\joaom\\.vscode\\extensions\\uqbar.wollok-lsp-ide-0.5.2\\out\\server\\src\\server.js:38:6131\n    at c:\\Users\\joaom\\.vscode\\extensions\\uqbar.wollok-lsp-ide-0.5.2\\out\\server\\src\\server.js:68:3664\n    at jbn (c:\\Users\\joaom\\.vscode\\extensions\\uqbar.wollok-lsp-ide-0.5.2\\out\\server\\src\\server.js:68:3396)\n    at c:\\Users\\joaom\\.vscode\\extensions\\uqbar.wollok-lsp-ide-0.5.2\\out\\server\\src\\server.js:2371:847\n    at c:\\Users\\joaom\\.vscode\\extensions\\uqbar.wollok-lsp-ide-0.5.2\\out\\server\\src\\server.js:2371:8440\n    at c:\\Users\\joaom\\.vscode\\extensions\\uqbar.wollok-lsp-ide-0.5.2\\out\\server\\src\\server.js:37:74770\n    at Ye (c:\\Users\\joaom\\.vscode\\extensions\\uqbar.wollok-lsp-ide-0.5.2\\out\\server\\src\\server.js:7:8527)\n    at Dt (c:\\Users\\joaom\\.vscode\\extensions\\uqbar.wollok-lsp-ide-0.5.2\\out\\server\\src\\server.js:7:6189)","timestamp":"2025-07-05T22:42:43.862Z"}
{"level":"info","message":"⌛ Building environment","timeElapsed":124,"timestamp":"2025-07-05T22:42:44.279Z"}
{"level":"info","message":"⌛ Validating mago.wlk","timeElapsed":105,"timestamp":"2025-07-05T22:42:44.391Z"}
{"level":"info","message":"⌛ Building environment","timeElapsed":144,"timestamp":"2025-07-05T22:42:46.369Z"}
{"level":"error","message":"✘ Completions for node Send ([47:70, 47:83] - mago.wlk) failed: Error: [Send]{7d9060} at mago.wlk:47 exhausted all cases without a match [Send]{7d9060} at mago.wlk:47 exhausted all cases without a match","stack":"Error: [Send]{7d9060} at mago.wlk:47 exhausted all cases without a match\n    at c:\\Users\\joaom\\.vscode\\extensions\\uqbar.wollok-lsp-ide-0.5.2\\out\\server\\src\\server.js:38:6142\n    at C2 (c:\\Users\\joaom\\.vscode\\extensions\\uqbar.wollok-lsp-ide-0.5.2\\out\\server\\src\\server.js:2362:42)\n    at Gh (c:\\Users\\joaom\\.vscode\\extensions\\uqbar.wollok-lsp-ide-0.5.2\\out\\server\\src\\server.js:2362:1092)\n    at l8n (c:\\Users\\joaom\\.vscode\\extensions\\uqbar.wollok-lsp-ide-0.5.2\\out\\server\\src\\server.js:2362:1248)\n    at c:\\Users\\joaom\\.vscode\\extensions\\uqbar.wollok-lsp-ide-0.5.2\\out\\server\\src\\server.js:38:6131\n    at C2 (c:\\Users\\joaom\\.vscode\\extensions\\uqbar.wollok-lsp-ide-0.5.2\\out\\server\\src\\server.js:2362:42)\n    at c:\\Users\\joaom\\.vscode\\extensions\\uqbar.wollok-lsp-ide-0.5.2\\out\\server\\src\\server.js:2362:2988\n    at c:\\Users\\joaom\\.vscode\\extensions\\uqbar.wollok-lsp-ide-0.5.2\\out\\server\\src\\server.js:2371:8440\n    at c:\\Users\\joaom\\.vscode\\extensions\\uqbar.wollok-lsp-ide-0.5.2\\out\\server\\src\\server.js:37:74872\n    at Ye (c:\\Users\\joaom\\.vscode\\extensions\\uqbar.wollok-lsp-ide-0.5.2\\out\\server\\src\\server.js:7:8527)","timestamp":"2025-07-05T22:42:46.400Z"}
{"level":"error","message":"✘ Completions for node NamedArgument ([47:66, 47:83] - mago.wlk) failed: Error: [NamedArgument]{69af4a} at mago.wlk:47 exhausted all cases without a match [NamedArgument]{69af4a} at mago.wlk:47 exhausted all cases without a match","stack":"Error: [NamedArgument]{69af4a} at mago.wlk:47 exhausted all cases without a match\n    at c:\\Users\\joaom\\.vscode\\extensions\\uqbar.wollok-lsp-ide-0.5.2\\out\\server\\src\\server.js:38:6142\n    at C2 (c:\\Users\\joaom\\.vscode\\extensions\\uqbar.wollok-lsp-ide-0.5.2\\out\\server\\src\\server.js:2362:42)\n    at Gh (c:\\Users\\joaom\\.vscode\\extensions\\uqbar.wollok-lsp-ide-0.5.2\\out\\server\\src\\server.js:2362:1092)\n    at C2 (c:\\Users\\joaom\\.vscode\\extensions\\uqbar.wollok-lsp-ide-0.5.2\\out\\server\\src\\server.js:2362:544)\n    at Gh (c:\\Users\\joaom\\.vscode\\extensions\\uqbar.wollok-lsp-ide-0.5.2\\out\\server\\src\\server.js:2362:1092)\n    at l8n (c:\\Users\\joaom\\.vscode\\extensions\\uqbar.wollok-lsp-ide-0.5.2\\out\\server\\src\\server.js:2362:1248)\n    at c:\\Users\\joaom\\.vscode\\extensions\\uqbar.wollok-lsp-ide-0.5.2\\out\\server\\src\\server.js:38:6131\n    at C2 (c:\\Users\\joaom\\.vscode\\extensions\\uqbar.wollok-lsp-ide-0.5.2\\out\\server\\src\\server.js:2362:42)\n    at c:\\Users\\joaom\\.vscode\\extensions\\uqbar.wollok-lsp-ide-0.5.2\\out\\server\\src\\server.js:2362:2988\n    at c:\\Users\\joaom\\.vscode\\extensions\\uqbar.wollok-lsp-ide-0.5.2\\out\\server\\src\\server.js:2371:8440","timestamp":"2025-07-05T22:42:46.400Z"}
{"level":"info","message":"⌛ Validating mago.wlk","timeElapsed":141,"timestamp":"2025-07-05T22:42:46.649Z"}
{"level":"info","message":"⌛ Validating mago.wlk","timeElapsed":120,"timestamp":"2025-07-05T22:42:46.769Z"}
{"level":"info","message":"⌛ Validating mago.wlk","timeElapsed":111,"timestamp":"2025-07-05T22:42:47.086Z"}
{"level":"info","message":"⌛ Validating mago.wlk","timeElapsed":133,"timestamp":"2025-07-05T22:42:47.332Z"}
{"level":"info","message":"⌛ Validating mago.wlk","timeElapsed":103,"timestamp":"2025-07-05T22:42:47.440Z"}
{"level":"info","message":"⌛ Building environment","timeElapsed":128,"timestamp":"2025-07-05T22:42:50.786Z"}
{"level":"info","message":"⌛ Validating mago.wlk","timeElapsed":109,"timestamp":"2025-07-05T22:42:50.896Z"}
{"level":"info","message":"⌛ Validating mago.wlk","timeElapsed":111,"timestamp":"2025-07-05T22:42:59.430Z"}
{"level":"info","message":"⌛ Building environment","timeElapsed":154,"timestamp":"2025-07-05T22:43:05.785Z"}
{"level":"info","message":"⌛ Validating mago.wlk","timeElapsed":122,"timestamp":"2025-07-05T22:43:05.908Z"}
{"level":"info","message":"⌛ Building environment","timeElapsed":128,"timestamp":"2025-07-05T22:43:07.346Z"}
{"level":"info","message":"⌛ Validating mago.wlk","timeElapsed":130,"timestamp":"2025-07-05T22:43:07.479Z"}
{"level":"error","message":"✘ Failed to get type description: Error: Failed to print, found malformed node Failed to print, found malformed node","node":{"id":"4c215850-623b-405f-ad93-7122026d3dc9","metadata":[],"problems":[{"code":"malformedSentence","sourceMap":{"end":{"column":88,"line":47,"offset":1295},"start":{"column":27,"line":47,"offset":1234}}}],"scope":{"containerScope":{"containerScope":{"containerScope":{"containerScope":{"contributions":{},"includedScopes":[]},"contributions":{},"includedScopes":[{"contributions":{},"includedScopes":[]},{"contributions":{},"includedScopes":[]}]},"contributions":{},"includedScopes":[{"containerScope":{"containerScope":{"contributions":{},"includedScopes":[]},"contributions":{},"includedScopes":[{"contributions":{},"includedScopes":[]},{"contributions":{},"includedScopes":[]},{"contributions":{},"includedScopes":[]},{"contributions":{},"includedScopes":[]},{"contributions":{},"includedScopes":[]},{"contributions":{},"includedScopes":[]},{"contributions":{},"includedScopes":[]},{"contributions":{},"includedScopes":[]},{"contributions":{},"includedScopes":[]}]},"contributions":{},"includedScopes":[{"containerScope":{"containerScope":{"containerScope":{"contributions":{},"includedScopes":[]},"contributions":{},"includedScopes":[]},"contributions":{},"includedScopes":[]},"contributions":{},"includedScopes":[]}]},{"containerScope":{"containerScope":{"containerScope":{"contributions":{},"includedScopes":[]},"contributions":{},"includedScopes":[]},"contributions":{},"includedScopes":[]},"contributions":{},"includedScopes":[]}]},"contributions":{},"includedScopes":[]},"contributions":{},"includedScopes":[]},"sentences":[{"id":"1e6bd3e0-7477-416b-b23a-bd43165b3c7a","metadata":[],"scope":{"containerScope":{"containerScope":{"containerScope":{"containerScope":{"containerScope":{"contributions":{},"includedScopes":[]},"contributions":{},"includedScopes":[{"contributions":{},"includedScopes":[]},{"contributions":{},"includedScopes":[]}]},"contributions":{},"includedScopes":[{"containerScope":{"containerScope":{"contributions":{},"includedScopes":[]},"contributions":{},"includedScopes":[{"contributions":{},"includedScopes":[]},{"contributions":{},"includedScopes":[]},{"contributions":{},"includedScopes":[]},{"contributions":{},"includedScopes":[]},{"contributions":{},"includedScopes":[]},{"contributions":{},"includedScopes":[]},{"contributions":{},"includedScopes":[]},{"contributions":{},"includedScopes":[]},{"contributions":{},"includedScopes":[]}]},"contributions":{},"includedScopes":[{"containerScope":{"containerScope":{"containerScope":{"contributions":{},"includedScopes":[]},"contributions":{},"includedScopes":[]},"contributions":{},"includedScopes":[]},"contributions":{},"includedScopes":[]}]},{"containerScope":{"containerScope":{"containerScope":{"contributions":{},"includedScopes":[]},"contributions":{},"includedScopes":[]},"contributions":{},"includedScopes":[]},"contributions":{},"includedScopes":[]}]},"contributions":{},"includedScopes":[]},"contributions":{},"includedScopes":[]},"contributions":{},"includedScopes":[]},"sourceMap":{"end":{"column":26,"line":47,"offset":1233},"start":{"column":7,"line":47,"offset":1214}},"value":{"id":"7fb0b9a2-855e-4ce4-a7eb-d44a68afb048","metadata":[],"name":"new","scope":{"containerScope":{"containerScope":{"containerScope":{"containerScope":{"containerScope":{"containerScope":{"contributions":{},"includedScopes":[]},"contributions":{},"includedScopes":[{"contributions":{},"includedScopes":[]},{"contributions":{},"includedScopes":[]}]},"contributions":{},"includedScopes":[{"containerScope":{"containerScope":{"contributions":{},"includedScopes":[]},"contributions":{},"includedScopes":[{"contributions":{},"includedScopes":[]},{"contributions":{},"includedScopes":[]},{"contributions":{},"includedScopes":[]},{"contributions":{},"includedScopes":[]},{"contributions":{},"includedScopes":[]},{"contributions":{},"includedScopes":[]},{"contributions":{},"includedScopes":[]},{"contributions":{},"includedScopes":[]},{"contributions":{},"includedScopes":[]}]},"contributions":{},"includedScopes":[{"containerScope":{"containerScope":{"containerScope":{"contributions":{},"includedScopes":[]},"contributions":{},"includedScopes":[]},"contributions":{},"includedScopes":[]},"contributions":{},"includedScopes":[]}]},{"containerScope":{"containerScope":{"containerScope":{"contributions":{},"includedScopes":[]},"contributions":{},"includedScopes":[]},"contributions":{},"includedScopes":[]},"contributions":{},"includedScopes":[]}]},"contributions":{},"includedScopes":[]},"contributions":{},"includedScopes":[]},"contributions":{},"includedScopes":[]},"contributions":{},"includedScopes":[]},"sourceMap":{"end":{"column":26,"line":47,"offset":1233},"start":{"column":23,"line":47,"offset":1230}}},"variable":{"id":"a05c4df0-492f-4ef1-9d69-543206f1e5ce","metadata":[],"name":"colisionExtra","scope":{"containerScope":{"containerScope":{"containerScope":{"containerScope":{"containerScope":{"containerScope":{"contributions":{},"includedScopes":[]},"contributions":{},"includedScopes":[{"contributions":{},"includedScopes":[]},{"contributions":{},"includedScopes":[]}]},"contributions":{},"includedScopes":[{"containerScope":{"containerScope":{"contributions":{},"includedScopes":[]},"contributions":{},"includedScopes":[{"contributions":{},"includedScopes":[]},{"contributions":{},"includedScopes":[]},{"contributions":{},"includedScopes":[]},{"contributions":{},"includedScopes":[]},{"contributions":{},"includedScopes":[]},{"contributions":{},"includedScopes":[]},{"contributions":{},"includedScopes":[]},{"contributions":{},"includedScopes":[]},{"contributions":{},"includedScopes":[]}]},"contributions":{},"includedScopes":[{"containerScope":{"containerScope":{"containerScope":{"contributions":{},"includedScopes":[]},"contributions":{},"includedScopes":[]},"contributions":{},"includedScopes":[]},"contributions":{},"includedScopes":[]}]},{"containerScope":{"containerScope":{"containerScope":{"contributions":{},"includedScopes":[]},"contributions":{},"includedScopes":[]},"contributions":{},"includedScopes":[]},"contributions":{},"includedScopes":[]}]},"contributions":{},"includedScopes":[]},"contributions":{},"includedScopes":[]},"contributions":{},"includedScopes":[]},"contributions":{},"includedScopes":[]},"sourceMap":{"end":{"column":20,"line":47,"offset":1227},"start":{"column":7,"line":47,"offset":1214}}}}],"sourceMap":{"end":{"column":4,"line":48,"offset":1300},"start":{"column":39,"line":46,"offset":1205}}},"stack":"Error: Failed to print, found malformed node\n    at c:\\Users\\joaom\\.vscode\\extensions\\uqbar.wollok-lsp-ide-0.5.2\\out\\server\\src\\server.js:68:3585\n    at c:\\Users\\joaom\\.vscode\\extensions\\uqbar.wollok-lsp-ide-0.5.2\\out\\server\\src\\server.js:68:5370\n    at c:\\Users\\joaom\\.vscode\\extensions\\uqbar.wollok-lsp-ide-0.5.2\\out\\server\\src\\server.js:38:6131\n    at c:\\Users\\joaom\\.vscode\\extensions\\uqbar.wollok-lsp-ide-0.5.2\\out\\server\\src\\server.js:68:3664\n    at jbn (c:\\Users\\joaom\\.vscode\\extensions\\uqbar.wollok-lsp-ide-0.5.2\\out\\server\\src\\server.js:68:3396)\n    at c:\\Users\\joaom\\.vscode\\extensions\\uqbar.wollok-lsp-ide-0.5.2\\out\\server\\src\\server.js:2371:847\n    at c:\\Users\\joaom\\.vscode\\extensions\\uqbar.wollok-lsp-ide-0.5.2\\out\\server\\src\\server.js:2371:8440\n    at c:\\Users\\joaom\\.vscode\\extensions\\uqbar.wollok-lsp-ide-0.5.2\\out\\server\\src\\server.js:37:74770\n    at Ye (c:\\Users\\joaom\\.vscode\\extensions\\uqbar.wollok-lsp-ide-0.5.2\\out\\server\\src\\server.js:7:8527)\n    at Dt (c:\\Users\\joaom\\.vscode\\extensions\\uqbar.wollok-lsp-ide-0.5.2\\out\\server\\src\\server.js:7:6189)","timestamp":"2025-07-05T22:43:16.880Z"}
{"level":"info","message":"⌛ Building environment","timeElapsed":130,"timestamp":"2025-07-05T22:43:31.003Z"}
{"level":"info","message":"⌛ Validating mago.wlk","timeElapsed":129,"timestamp":"2025-07-05T22:43:31.133Z"}
{"level":"info","message":"⌛ Building environment","timeElapsed":163,"timestamp":"2025-07-05T22:43:31.584Z"}
{"level":"info","message":"⌛ Validating mago.wlk","timeElapsed":119,"timestamp":"2025-07-05T22:43:31.704Z"}
{"level":"info","message":"⌛ Building environment","timeElapsed":124,"timestamp":"2025-07-05T22:43:36.316Z"}
{"level":"error","message":"✘ Completions for node If ([51:5, 57:8] - mago.wlk) failed: Error: [If]{7dc557} at mago.wlk:51 exhausted all cases without a match [If]{7dc557} at mago.wlk:51 exhausted all cases without a match","stack":"Error: [If]{7dc557} at mago.wlk:51 exhausted all cases without a match\n    at c:\\Users\\joaom\\.vscode\\extensions\\uqbar.wollok-lsp-ide-0.5.2\\out\\server\\src\\server.js:38:6142\n    at C2 (c:\\Users\\joaom\\.vscode\\extensions\\uqbar.wollok-lsp-ide-0.5.2\\out\\server\\src\\server.js:2362:42)\n    at Gh (c:\\Users\\joaom\\.vscode\\extensions\\uqbar.wollok-lsp-ide-0.5.2\\out\\server\\src\\server.js:2362:1092)\n    at p8n (c:\\Users\\joaom\\.vscode\\extensions\\uqbar.wollok-lsp-ide-0.5.2\\out\\server\\src\\server.js:2362:818)\n    at c:\\Users\\joaom\\.vscode\\extensions\\uqbar.wollok-lsp-ide-0.5.2\\out\\server\\src\\server.js:38:6131\n    at C2 (c:\\Users\\joaom\\.vscode\\extensions\\uqbar.wollok-lsp-ide-0.5.2\\out\\server\\src\\server.js:2362:42)\n    at c:\\Users\\joaom\\.vscode\\extensions\\uqbar.wollok-lsp-ide-0.5.2\\out\\server\\src\\server.js:2362:2988\n    at c:\\Users\\joaom\\.vscode\\extensions\\uqbar.wollok-lsp-ide-0.5.2\\out\\server\\src\\server.js:2371:8440\n    at c:\\Users\\joaom\\.vscode\\extensions\\uqbar.wollok-lsp-ide-0.5.2\\out\\server\\src\\server.js:37:74872\n    at Ye (c:\\Users\\joaom\\.vscode\\extensions\\uqbar.wollok-lsp-ide-0.5.2\\out\\server\\src\\server.js:7:8527)","timestamp":"2025-07-05T22:43:36.349Z"}
{"level":"info","message":"⌛ Validating mago.wlk","timeElapsed":106,"timestamp":"2025-07-05T22:43:36.459Z"}
{"level":"info","message":"⌛ Validating mago.wlk","timeElapsed":136,"timestamp":"2025-07-05T22:43:36.773Z"}
{"level":"info","message":"⌛ Building environment","timeElapsed":104,"timestamp":"2025-07-05T22:43:36.878Z"}
{"level":"info","message":"⌛ Validating mago.wlk","timeElapsed":105,"timestamp":"2025-07-05T22:43:37.080Z"}
{"level":"info","message":"⌛ Validating mago.wlk","timeElapsed":101,"timestamp":"2025-07-05T22:43:37.182Z"}
{"level":"info","message":"⌛ Building environment","timeElapsed":135,"timestamp":"2025-07-05T22:43:41.175Z"}
{"level":"info","message":"⌛ Validating mago.wlk","timeElapsed":110,"timestamp":"2025-07-05T22:43:41.286Z"}
{"level":"info","message":"⌛ Building environment","timeElapsed":137,"timestamp":"2025-07-05T22:43:43.089Z"}
{"level":"info","message":"⌛ Validating mago.wlk","timeElapsed":106,"timestamp":"2025-07-05T22:43:43.196Z"}
{"level":"info","message":"⌛ Building environment","timeElapsed":134,"timestamp":"2025-07-05T22:43:43.727Z"}
{"level":"error","message":"✘ Completions for node If ([51:5, 57:8] - mago.wlk) failed: Error: [If]{b62473} at mago.wlk:51 exhausted all cases without a match [If]{b62473} at mago.wlk:51 exhausted all cases without a match","stack":"Error: [If]{b62473} at mago.wlk:51 exhausted all cases without a match\n    at c:\\Users\\joaom\\.vscode\\extensions\\uqbar.wollok-lsp-ide-0.5.2\\out\\server\\src\\server.js:38:6142\n    at C2 (c:\\Users\\joaom\\.vscode\\extensions\\uqbar.wollok-lsp-ide-0.5.2\\out\\server\\src\\server.js:2362:42)\n    at Gh (c:\\Users\\joaom\\.vscode\\extensions\\uqbar.wollok-lsp-ide-0.5.2\\out\\server\\src\\server.js:2362:1092)\n    at p8n (c:\\Users\\joaom\\.vscode\\extensions\\uqbar.wollok-lsp-ide-0.5.2\\out\\server\\src\\server.js:2362:818)\n    at c:\\Users\\joaom\\.vscode\\extensions\\uqbar.wollok-lsp-ide-0.5.2\\out\\server\\src\\server.js:38:6131\n    at C2 (c:\\Users\\joaom\\.vscode\\extensions\\uqbar.wollok-lsp-ide-0.5.2\\out\\server\\src\\server.js:2362:42)\n    at c:\\Users\\joaom\\.vscode\\extensions\\uqbar.wollok-lsp-ide-0.5.2\\out\\server\\src\\server.js:2362:2988\n    at c:\\Users\\joaom\\.vscode\\extensions\\uqbar.wollok-lsp-ide-0.5.2\\out\\server\\src\\server.js:2371:8440\n    at c:\\Users\\joaom\\.vscode\\extensions\\uqbar.wollok-lsp-ide-0.5.2\\out\\server\\src\\server.js:37:74872\n    at Ye (c:\\Users\\joaom\\.vscode\\extensions\\uqbar.wollok-lsp-ide-0.5.2\\out\\server\\src\\server.js:7:8527)","timestamp":"2025-07-05T22:43:43.753Z"}
{"level":"info","message":"⌛ Validating mago.wlk","timeElapsed":104,"timestamp":"2025-07-05T22:43:43.871Z"}
{"level":"info","message":"⌛ Validating mago.wlk","timeElapsed":102,"timestamp":"2025-07-05T22:43:44.151Z"}
{"level":"info","message":"⌛ Building environment","timeElapsed":108,"timestamp":"2025-07-05T22:43:44.518Z"}
{"level":"info","message":"⌛ Validating mago.wlk","timeElapsed":103,"timestamp":"2025-07-05T22:43:44.631Z"}
{"level":"info","message":"⌛ Validating mago.wlk","timeElapsed":103,"timestamp":"2025-07-05T22:43:45.011Z"}
{"level":"info","message":"⌛ Validating mago.wlk","timeElapsed":111,"timestamp":"2025-07-05T22:43:45.449Z"}
{"level":"info","message":"⌛ Building environment","timeElapsed":145,"timestamp":"2025-07-05T22:43:48.961Z"}
{"level":"error","message":"✘ Completions for node If ([51:5, 57:8] - mago.wlk) failed: Error: [If]{888d4a} at mago.wlk:51 exhausted all cases without a match [If]{888d4a} at mago.wlk:51 exhausted all cases without a match","stack":"Error: [If]{888d4a} at mago.wlk:51 exhausted all cases without a match\n    at c:\\Users\\joaom\\.vscode\\extensions\\uqbar.wollok-lsp-ide-0.5.2\\out\\server\\src\\server.js:38:6142\n    at C2 (c:\\Users\\joaom\\.vscode\\extensions\\uqbar.wollok-lsp-ide-0.5.2\\out\\server\\src\\server.js:2362:42)\n    at Gh (c:\\Users\\joaom\\.vscode\\extensions\\uqbar.wollok-lsp-ide-0.5.2\\out\\server\\src\\server.js:2362:1092)\n    at p8n (c:\\Users\\joaom\\.vscode\\extensions\\uqbar.wollok-lsp-ide-0.5.2\\out\\server\\src\\server.js:2362:818)\n    at c:\\Users\\joaom\\.vscode\\extensions\\uqbar.wollok-lsp-ide-0.5.2\\out\\server\\src\\server.js:38:6131\n    at C2 (c:\\Users\\joaom\\.vscode\\extensions\\uqbar.wollok-lsp-ide-0.5.2\\out\\server\\src\\server.js:2362:42)\n    at c:\\Users\\joaom\\.vscode\\extensions\\uqbar.wollok-lsp-ide-0.5.2\\out\\server\\src\\server.js:2362:2988\n    at c:\\Users\\joaom\\.vscode\\extensions\\uqbar.wollok-lsp-ide-0.5.2\\out\\server\\src\\server.js:2371:8440\n    at c:\\Users\\joaom\\.vscode\\extensions\\uqbar.wollok-lsp-ide-0.5.2\\out\\server\\src\\server.js:37:74872\n    at Ye (c:\\Users\\joaom\\.vscode\\extensions\\uqbar.wollok-lsp-ide-0.5.2\\out\\server\\src\\server.js:7:8527)","timestamp":"2025-07-05T22:43:48.989Z"}
{"level":"info","message":"⌛ Validating mago.wlk","timeElapsed":116,"timestamp":"2025-07-05T22:43:49.109Z"}
{"level":"info","message":"⌛ Validating mago.wlk","timeElapsed":178,"timestamp":"2025-07-05T22:43:49.517Z"}
{"level":"info","message":"⌛ Validating mago.wlk","timeElapsed":126,"timestamp":"2025-07-05T22:43:49.768Z"}
{"level":"info","message":"⌛ Validating mago.wlk","timeElapsed":105,"timestamp":"2025-07-05T22:43:49.979Z"}
{"level":"info","message":"⌛ Validating mago.wlk","timeElapsed":123,"timestamp":"2025-07-05T22:43:50.246Z"}
{"level":"info","message":"⌛ Validating mago.wlk","timeElapsed":116,"timestamp":"2025-07-05T22:43:50.452Z"}
{"level":"info","message":"⌛ Building environment","timeElapsed":120,"timestamp":"2025-07-05T22:43:51.042Z"}
{"level":"info","message":"⌛ Validating mago.wlk","timeElapsed":103,"timestamp":"2025-07-05T22:43:51.146Z"}
{"level":"info","message":"⌛ Building environment","timeElapsed":153,"timestamp":"2025-07-05T22:43:52.465Z"}
{"level":"info","message":"⌛ Building environment","timeElapsed":121,"timestamp":"2025-07-05T22:43:55.730Z"}
{"level":"info","message":"⌛ Validating mago.wlk","timeElapsed":113,"timestamp":"2025-07-05T22:43:55.844Z"}
{"level":"info","message":"⌛ Building environment","timeElapsed":118,"timestamp":"2025-07-05T22:43:58.881Z"}
{"level":"info","message":"⌛ Validating mago.wlk","timeElapsed":107,"timestamp":"2025-07-05T22:43:58.988Z"}
{"level":"info","message":"⌛ Building environment","timeElapsed":114,"timestamp":"2025-07-05T22:45:10.184Z"}
{"level":"info","message":"⌛ Validating mago.wlk","timeElapsed":137,"timestamp":"2025-07-05T22:45:10.361Z"}
{"level":"info","message":"⌛ Validating mago.wlk","timeElapsed":142,"timestamp":"2025-07-05T22:45:10.619Z"}
{"level":"info","message":"⌛ Building environment","timeElapsed":114,"timestamp":"2025-07-05T22:45:10.826Z"}
{"level":"info","message":"⌛ Validating mago.wlk","timeElapsed":109,"timestamp":"2025-07-05T22:45:10.946Z"}
{"level":"info","message":"⌛ Validating mago.wlk","timeElapsed":113,"timestamp":"2025-07-05T22:45:11.244Z"}
{"level":"info","message":"⌛ Building environment","timeElapsed":154,"timestamp":"2025-07-05T22:45:11.447Z"}
{"level":"info","message":"⌛ Validating mago.wlk","timeElapsed":105,"timestamp":"2025-07-05T22:45:11.562Z"}
{"level":"info","message":"⌛ Validating mago.wlk","timeElapsed":109,"timestamp":"2025-07-05T22:45:11.772Z"}
{"level":"info","message":"⌛ Validating mago.wlk","timeElapsed":104,"timestamp":"2025-07-05T22:45:12.008Z"}
{"level":"info","message":"⌛ Building environment","timeElapsed":117,"timestamp":"2025-07-05T22:45:12.257Z"}
{"level":"info","message":"⌛ Validating mago.wlk","timeElapsed":113,"timestamp":"2025-07-05T22:45:12.396Z"}
{"level":"info","message":"⌛ Validating mago.wlk","timeElapsed":111,"timestamp":"2025-07-05T22:45:12.676Z"}
{"level":"info","message":"⌛ Building environment","timeElapsed":138,"timestamp":"2025-07-05T22:45:12.924Z"}
{"level":"info","message":"⌛ Validating mago.wlk","timeElapsed":118,"timestamp":"2025-07-05T22:45:13.075Z"}
{"level":"info","message":"⌛ Validating mago.wlk","timeElapsed":104,"timestamp":"2025-07-05T22:45:13.389Z"}
{"level":"info","message":"⌛ Building environment","timeElapsed":109,"timestamp":"2025-07-05T22:45:13.899Z"}
{"level":"info","message":"⌛ Validating mago.wlk","timeElapsed":113,"timestamp":"2025-07-05T22:45:14.013Z"}
{"level":"info","message":"⌛ Validating mago.wlk","timeElapsed":103,"timestamp":"2025-07-05T22:45:14.456Z"}
{"level":"info","message":"⌛ Building environment","timeElapsed":123,"timestamp":"2025-07-05T22:45:30.544Z"}
{"level":"info","message":"⌛ Validating mago.wlk","timeElapsed":119,"timestamp":"2025-07-05T22:45:30.664Z"}
{"level":"info","message":"⌛ Building environment","timeElapsed":127,"timestamp":"2025-07-05T22:45:31.095Z"}
{"level":"info","message":"⌛ Validating mago.wlk","timeElapsed":123,"timestamp":"2025-07-05T22:45:31.220Z"}
{"level":"info","message":"⌛ Validating mago.wlk","timeElapsed":113,"timestamp":"2025-07-05T22:45:31.559Z"}
{"level":"info","message":"⌛ Validating mago.wlk","timeElapsed":106,"timestamp":"2025-07-05T22:45:31.895Z"}
{"level":"info","message":"⌛ Building environment","timeElapsed":116,"timestamp":"2025-07-05T22:45:32.144Z"}
{"level":"info","message":"⌛ Validating mago.wlk","timeElapsed":102,"timestamp":"2025-07-05T22:45:32.261Z"}
{"level":"info","message":"⌛ Building environment","timeElapsed":120,"timestamp":"2025-07-05T22:45:32.764Z"}
{"level":"info","message":"⌛ Validating mago.wlk","timeElapsed":111,"timestamp":"2025-07-05T22:45:32.876Z"}
{"level":"info","message":"⌛ Validating mago.wlk","timeElapsed":102,"timestamp":"2025-07-05T22:45:33.220Z"}
{"level":"info","message":"⌛ Building environment","timeElapsed":110,"timestamp":"2025-07-05T22:45:33.532Z"}
{"level":"info","message":"⌛ Validating mago.wlk","timeElapsed":107,"timestamp":"2025-07-05T22:45:33.640Z"}
{"level":"info","message":"⌛ Building environment","timeElapsed":117,"timestamp":"2025-07-05T22:45:34.161Z"}
{"level":"info","message":"⌛ Validating mago.wlk","timeElapsed":105,"timestamp":"2025-07-05T22:45:34.271Z"}
{"level":"info","message":"⌛ Validating mago.wlk","timeElapsed":103,"timestamp":"2025-07-05T22:45:34.613Z"}
{"level":"info","message":"⌛ Validating mago.wlk","timeElapsed":102,"timestamp":"2025-07-05T22:45:34.978Z"}
{"level":"info","message":"⌛ Validating mago.wlk","timeElapsed":101,"timestamp":"2025-07-05T22:45:35.357Z"}
{"level":"info","message":"⌛ Building environment","timeElapsed":117,"timestamp":"2025-07-05T22:45:35.570Z"}
{"level":"info","message":"⌛ Validating mago.wlk","timeElapsed":127,"timestamp":"2025-07-05T22:45:35.698Z"}
{"level":"info","message":"⌛ Building environment","timeElapsed":121,"timestamp":"2025-07-05T22:45:35.913Z"}
{"level":"info","message":"⌛ Validating mago.wlk","timeElapsed":112,"timestamp":"2025-07-05T22:45:36.033Z"}
{"level":"info","message":"⌛ Validating mago.wlk","timeElapsed":104,"timestamp":"2025-07-05T22:45:36.376Z"}
{"level":"info","message":"⌛ Building environment","timeElapsed":151,"timestamp":"2025-07-05T22:45:36.741Z"}
{"level":"info","message":"⌛ Validating mago.wlk","timeElapsed":116,"timestamp":"2025-07-05T22:45:36.858Z"}
{"level":"info","message":"⌛ Validating mago.wlk","timeElapsed":101,"timestamp":"2025-07-05T22:45:37.194Z"}
{"level":"info","message":"⌛ Validating mago.wlk","timeElapsed":108,"timestamp":"2025-07-05T22:45:37.616Z"}
{"level":"info","message":"⌛ Validating mago.wlk","timeElapsed":109,"timestamp":"2025-07-05T22:45:38.007Z"}
{"level":"info","message":"⌛ Building environment","timeElapsed":104,"timestamp":"2025-07-05T22:45:38.276Z"}
{"level":"info","message":"⌛ Validating mago.wlk","timeElapsed":112,"timestamp":"2025-07-05T22:45:38.393Z"}
{"level":"info","message":"⌛ Validating mago.wlk","timeElapsed":106,"timestamp":"2025-07-05T22:45:38.704Z"}
{"level":"info","message":"⌛ Building environment","timeElapsed":108,"timestamp":"2025-07-05T22:45:48.522Z"}
{"level":"info","message":"⌛ Validating mago.wlk","timeElapsed":137,"timestamp":"2025-07-05T22:45:48.661Z"}
{"level":"error","message":"✘ Completions for node If ([44:5, 50:6] - mago.wlk) failed: Error: [If]{c5d883} at mago.wlk:44 exhausted all cases without a match [If]{c5d883} at mago.wlk:44 exhausted all cases without a match","stack":"Error: [If]{c5d883} at mago.wlk:44 exhausted all cases without a match\n    at c:\\Users\\joaom\\.vscode\\extensions\\uqbar.wollok-lsp-ide-0.5.2\\out\\server\\src\\server.js:38:6142\n    at C2 (c:\\Users\\joaom\\.vscode\\extensions\\uqbar.wollok-lsp-ide-0.5.2\\out\\server\\src\\server.js:2362:42)\n    at Gh (c:\\Users\\joaom\\.vscode\\extensions\\uqbar.wollok-lsp-ide-0.5.2\\out\\server\\src\\server.js:2362:1092)\n    at p8n (c:\\Users\\joaom\\.vscode\\extensions\\uqbar.wollok-lsp-ide-0.5.2\\out\\server\\src\\server.js:2362:818)\n    at c:\\Users\\joaom\\.vscode\\extensions\\uqbar.wollok-lsp-ide-0.5.2\\out\\server\\src\\server.js:38:6131\n    at C2 (c:\\Users\\joaom\\.vscode\\extensions\\uqbar.wollok-lsp-ide-0.5.2\\out\\server\\src\\server.js:2362:42)\n    at Gh (c:\\Users\\joaom\\.vscode\\extensions\\uqbar.wollok-lsp-ide-0.5.2\\out\\server\\src\\server.js:2362:1092)\n    at l8n (c:\\Users\\joaom\\.vscode\\extensions\\uqbar.wollok-lsp-ide-0.5.2\\out\\server\\src\\server.js:2362:1248)\n    at c:\\Users\\joaom\\.vscode\\extensions\\uqbar.wollok-lsp-ide-0.5.2\\out\\server\\src\\server.js:38:6131\n    at C2 (c:\\Users\\joaom\\.vscode\\extensions\\uqbar.wollok-lsp-ide-0.5.2\\out\\server\\src\\server.js:2362:42)","timestamp":"2025-07-05T22:45:48.794Z"}
{"level":"info","message":"⌛ Validating mago.wlk","timeElapsed":117,"timestamp":"2025-07-05T22:45:49.013Z"}
{"level":"info","message":"⌛ Validating mago.wlk","timeElapsed":115,"timestamp":"2025-07-05T22:45:49.128Z"}
{"level":"info","message":"⌛ Building environment","timeElapsed":107,"timestamp":"2025-07-05T22:45:49.235Z"}
{"level":"info","message":"⌛ Validating mago.wlk","timeElapsed":105,"timestamp":"2025-07-05T22:45:49.528Z"}
{"level":"info","message":"⌛ Validating mago.wlk","timeElapsed":120,"timestamp":"2025-07-05T22:45:49.648Z"}
{"level":"info","message":"⌛ Validating mago.wlk","timeElapsed":114,"timestamp":"2025-07-05T22:45:49.842Z"}
{"level":"info","message":"⌛ Validating mago.wlk","timeElapsed":110,"timestamp":"2025-07-05T22:45:50.054Z"}
{"level":"info","message":"⌛ Validating mago.wlk","timeElapsed":103,"timestamp":"2025-07-05T22:45:50.247Z"}
{"level":"info","message":"⌛ Validating mago.wlk","timeElapsed":104,"timestamp":"2025-07-05T22:45:50.358Z"}
{"level":"info","message":"⌛ Building environment","timeElapsed":115,"timestamp":"2025-07-05T22:45:52.210Z"}
{"level":"info","message":"⌛ Validating mago.wlk","timeElapsed":105,"timestamp":"2025-07-05T22:45:52.316Z"}
{"level":"info","message":"⌛ Building environment","timeElapsed":221,"timestamp":"2025-07-05T22:45:52.828Z"}
{"level":"info","message":"⌛ Building environment","timeElapsed":230,"timestamp":"2025-07-05T22:45:53.333Z"}
{"level":"info","message":"⌛ Building environment","timeElapsed":149,"timestamp":"2025-07-05T22:45:53.484Z"}
{"level":"info","message":"⌛ Validating mago.wlk","timeElapsed":127,"timestamp":"2025-07-05T22:45:53.611Z"}
{"level":"info","message":"⌛ Validating mago.wlk","timeElapsed":102,"timestamp":"2025-07-05T22:45:53.713Z"}
{"level":"info","message":"⌛ Validating mago.wlk","timeElapsed":110,"timestamp":"2025-07-05T22:45:53.823Z"}
{"level":"info","message":"⌛ Validating mago.wlk","timeElapsed":115,"timestamp":"2025-07-05T22:45:54.015Z"}
{"level":"info","message":"⌛ Building environment","timeElapsed":101,"timestamp":"2025-07-05T22:45:54.125Z"}
{"level":"info","message":"⌛ Validating mago.wlk","timeElapsed":127,"timestamp":"2025-07-05T22:45:54.252Z"}
{"level":"info","message":"⌛ Validating mago.wlk","timeElapsed":103,"timestamp":"2025-07-05T22:45:54.356Z"}
{"level":"info","message":"⌛ Validating mago.wlk","timeElapsed":129,"timestamp":"2025-07-05T22:45:54.580Z"}
{"level":"error","message":"✘ Completions for node If ([44:5, 50:6] - mago.wlk) failed: Error: [If]{65e455} at mago.wlk:44 exhausted all cases without a match [If]{65e455} at mago.wlk:44 exhausted all cases without a match","stack":"Error: [If]{65e455} at mago.wlk:44 exhausted all cases without a match\n    at c:\\Users\\joaom\\.vscode\\extensions\\uqbar.wollok-lsp-ide-0.5.2\\out\\server\\src\\server.js:38:6142\n    at C2 (c:\\Users\\joaom\\.vscode\\extensions\\uqbar.wollok-lsp-ide-0.5.2\\out\\server\\src\\server.js:2362:42)\n    at Gh (c:\\Users\\joaom\\.vscode\\extensions\\uqbar.wollok-lsp-ide-0.5.2\\out\\server\\src\\server.js:2362:1092)\n    at p8n (c:\\Users\\joaom\\.vscode\\extensions\\uqbar.wollok-lsp-ide-0.5.2\\out\\server\\src\\server.js:2362:818)\n    at c:\\Users\\joaom\\.vscode\\extensions\\uqbar.wollok-lsp-ide-0.5.2\\out\\server\\src\\server.js:38:6131\n    at C2 (c:\\Users\\joaom\\.vscode\\extensions\\uqbar.wollok-lsp-ide-0.5.2\\out\\server\\src\\server.js:2362:42)\n    at Gh (c:\\Users\\joaom\\.vscode\\extensions\\uqbar.wollok-lsp-ide-0.5.2\\out\\server\\src\\server.js:2362:1092)\n    at l8n (c:\\Users\\joaom\\.vscode\\extensions\\uqbar.wollok-lsp-ide-0.5.2\\out\\server\\src\\server.js:2362:1248)\n    at c:\\Users\\joaom\\.vscode\\extensions\\uqbar.wollok-lsp-ide-0.5.2\\out\\server\\src\\server.js:38:6131\n    at C2 (c:\\Users\\joaom\\.vscode\\extensions\\uqbar.wollok-lsp-ide-0.5.2\\out\\server\\src\\server.js:2362:42)","timestamp":"2025-07-05T22:45:54.698Z"}
{"level":"info","message":"⌛ Validating mago.wlk","timeElapsed":110,"timestamp":"2025-07-05T22:45:54.822Z"}
{"level":"info","message":"⌛ Validating mago.wlk","timeElapsed":119,"timestamp":"2025-07-05T22:45:55.206Z"}
{"level":"info","message":"⌛ Validating mago.wlk","timeElapsed":119,"timestamp":"2025-07-05T22:45:55.442Z"}
{"level":"info","message":"⌛ Validating mago.wlk","timeElapsed":101,"timestamp":"2025-07-05T22:45:55.544Z"}
{"level":"info","message":"⌛ Validating mago.wlk","timeElapsed":115,"timestamp":"2025-07-05T22:45:55.661Z"}
{"level":"info","message":"⌛ Validating mago.wlk","timeElapsed":106,"timestamp":"2025-07-05T22:45:55.775Z"}
{"level":"info","message":"⌛ Validating mago.wlk","timeElapsed":103,"timestamp":"2025-07-05T22:45:55.878Z"}
{"level":"info","message":"⌛ Building environment","timeElapsed":115,"timestamp":"2025-07-05T22:45:57.500Z"}
{"level":"info","message":"⌛ Validating mago.wlk","timeElapsed":102,"timestamp":"2025-07-05T22:45:57.603Z"}
{"level":"info","message":"⌛ Building environment","timeElapsed":117,"timestamp":"2025-07-05T22:46:18.410Z"}
{"level":"info","message":"⌛ Validating mago.wlk","timeElapsed":124,"timestamp":"2025-07-05T22:46:18.534Z"}
{"level":"info","message":"⌛ Building environment","timeElapsed":111,"timestamp":"2025-07-05T22:46:18.822Z"}
{"level":"info","message":"⌛ Validating mago.wlk","timeElapsed":159,"timestamp":"2025-07-05T22:46:19.019Z"}
{"level":"info","message":"⌛ Validating mago.wlk","timeElapsed":105,"timestamp":"2025-07-05T22:46:19.438Z"}
{"level":"info","message":"⌛ Building environment","timeElapsed":123,"timestamp":"2025-07-05T22:46:19.804Z"}
{"level":"info","message":"⌛ Validating mago.wlk","timeElapsed":125,"timestamp":"2025-07-05T22:46:19.966Z"}
{"level":"info","message":"⌛ Building environment","timeElapsed":103,"timestamp":"2025-07-05T22:46:20.156Z"}
{"level":"info","message":"⌛ Validating mago.wlk","timeElapsed":119,"timestamp":"2025-07-05T22:46:20.275Z"}
{"level":"info","message":"⌛ Validating mago.wlk","timeElapsed":109,"timestamp":"2025-07-05T22:46:20.479Z"}
{"level":"info","message":"⌛ Building environment","timeElapsed":115,"timestamp":"2025-07-05T22:46:20.595Z"}
{"level":"info","message":"⌛ Validating mago.wlk","timeElapsed":120,"timestamp":"2025-07-05T22:46:20.825Z"}
{"level":"info","message":"⌛ Validating mago.wlk","timeElapsed":118,"timestamp":"2025-07-05T22:46:21.117Z"}
{"level":"info","message":"⌛ Validating mago.wlk","timeElapsed":108,"timestamp":"2025-07-05T22:46:21.226Z"}
{"level":"info","message":"⌛ Validating mago.wlk","timeElapsed":107,"timestamp":"2025-07-05T22:46:21.437Z"}
{"level":"info","message":"⌛ Validating mago.wlk","timeElapsed":101,"timestamp":"2025-07-05T22:46:21.538Z"}
{"level":"info","message":"⌛ Validating mago.wlk","timeElapsed":144,"timestamp":"2025-07-05T22:46:21.932Z"}
{"level":"info","message":"⌛ Validating mago.wlk","timeElapsed":120,"timestamp":"2025-07-05T22:46:22.052Z"}
{"level":"info","message":"⌛ Building environment","timeElapsed":105,"timestamp":"2025-07-05T22:46:22.158Z"}
{"level":"info","message":"⌛ Validating mago.wlk","timeElapsed":108,"timestamp":"2025-07-05T22:46:22.267Z"}
{"level":"info","message":"⌛ Validating mago.wlk","timeElapsed":112,"timestamp":"2025-07-05T22:46:22.693Z"}
{"level":"info","message":"⌛ Validating mago.wlk","timeElapsed":115,"timestamp":"2025-07-05T22:46:22.885Z"}
{"level":"info","message":"⌛ Validating mago.wlk","timeElapsed":121,"timestamp":"2025-07-05T22:46:23.006Z"}
{"level":"info","message":"⌛ Validating mago.wlk","timeElapsed":116,"timestamp":"2025-07-05T22:46:23.214Z"}
{"level":"info","message":"⌛ Validating mago.wlk","timeElapsed":114,"timestamp":"2025-07-05T22:46:23.358Z"}
{"level":"info","message":"⌛ Validating mago.wlk","timeElapsed":122,"timestamp":"2025-07-05T22:46:23.663Z"}
{"level":"info","message":"⌛ Building environment","timeElapsed":147,"timestamp":"2025-07-05T22:46:23.810Z"}
{"level":"info","message":"⌛ Building environment","timeElapsed":148,"timestamp":"2025-07-05T22:46:23.959Z"}
{"level":"info","message":"⌛ Validating mago.wlk","timeElapsed":113,"timestamp":"2025-07-05T22:46:24.196Z"}
{"level":"info","message":"⌛ Validating mago.wlk","timeElapsed":109,"timestamp":"2025-07-05T22:46:24.305Z"}
{"level":"info","message":"⌛ Validating mago.wlk","timeElapsed":106,"timestamp":"2025-07-05T22:46:24.766Z"}
{"level":"info","message":"⌛ Validating mago.wlk","timeElapsed":117,"timestamp":"2025-07-05T22:46:24.990Z"}
{"level":"info","message":"⌛ Validating mago.wlk","timeElapsed":138,"timestamp":"2025-07-05T22:46:25.233Z"}
{"level":"info","message":"⌛ Building environment","timeElapsed":104,"timestamp":"2025-07-05T22:46:27.116Z"}
{"level":"info","message":"⌛ Validating mago.wlk","timeElapsed":104,"timestamp":"2025-07-05T22:46:27.223Z"}
{"level":"info","message":"⌛ Validating mago.wlk","timeElapsed":137,"timestamp":"2025-07-05T22:46:27.769Z"}
{"level":"info","message":"⌛ Validating mago.wlk","timeElapsed":112,"timestamp":"2025-07-05T22:46:27.882Z"}
{"level":"info","message":"⌛ Building environment","timeElapsed":108,"timestamp":"2025-07-05T22:46:27.990Z"}
{"level":"info","message":"⌛ Validating mago.wlk","timeElapsed":114,"timestamp":"2025-07-05T22:46:28.387Z"}
{"level":"info","message":"⌛ Building environment","timeElapsed":108,"timestamp":"2025-07-05T22:46:28.497Z"}
{"level":"info","message":"⌛ Validating mago.wlk","timeElapsed":125,"timestamp":"2025-07-05T22:46:28.624Z"}
{"level":"info","message":"⌛ Validating mago.wlk","timeElapsed":112,"timestamp":"2025-07-05T22:46:28.821Z"}
{"level":"info","message":"⌛ Validating mago.wlk","timeElapsed":109,"timestamp":"2025-07-05T22:46:28.931Z"}
{"level":"info","message":"⌛ Validating mago.wlk","timeElapsed":111,"timestamp":"2025-07-05T22:46:29.150Z"}
{"level":"info","message":"⌛ Validating mago.wlk","timeElapsed":105,"timestamp":"2025-07-05T22:46:29.434Z"}
{"level":"info","message":"⌛ Validating mago.wlk","timeElapsed":158,"timestamp":"2025-07-05T22:46:29.687Z"}
{"level":"info","message":"⌛ Building environment","timeElapsed":157,"timestamp":"2025-07-05T22:46:29.851Z"}
{"level":"info","message":"⌛ Validating mago.wlk","timeElapsed":116,"timestamp":"2025-07-05T22:46:29.967Z"}
{"level":"info","message":"⌛ Validating mago.wlk","timeElapsed":117,"timestamp":"2025-07-05T22:46:30.173Z"}
{"level":"info","message":"⌛ Validating mago.wlk","timeElapsed":127,"timestamp":"2025-07-05T22:46:30.385Z"}
{"level":"info","message":"⌛ Building environment","timeElapsed":108,"timestamp":"2025-07-05T22:46:30.610Z"}
{"level":"info","message":"⌛ Validating mago.wlk","timeElapsed":116,"timestamp":"2025-07-05T22:46:30.726Z"}
{"level":"info","message":"⌛ Validating mago.wlk","timeElapsed":117,"timestamp":"2025-07-05T22:46:30.923Z"}
{"level":"info","message":"⌛ Validating mago.wlk","timeElapsed":108,"timestamp":"2025-07-05T22:46:31.209Z"}
{"level":"info","message":"⌛ Building environment","timeElapsed":154,"timestamp":"2025-07-05T22:46:31.363Z"}
{"level":"info","message":"⌛ Validating mago.wlk","timeElapsed":121,"timestamp":"2025-07-05T22:46:31.485Z"}
{"level":"info","message":"⌛ Validating mago.wlk","timeElapsed":105,"timestamp":"2025-07-05T22:46:31.702Z"}
{"level":"info","message":"⌛ Validating mago.wlk","timeElapsed":108,"timestamp":"2025-07-05T22:46:31.903Z"}
{"level":"info","message":"⌛ Validating mago.wlk","timeElapsed":102,"timestamp":"2025-07-05T22:46:32.206Z"}
{"level":"info","message":"⌛ Building environment","timeElapsed":151,"timestamp":"2025-07-05T22:46:32.357Z"}
{"level":"info","message":"⌛ Validating mago.wlk","timeElapsed":105,"timestamp":"2025-07-05T22:46:32.462Z"}
{"level":"info","message":"⌛ Validating mago.wlk","timeElapsed":107,"timestamp":"2025-07-05T22:46:32.645Z"}
{"level":"info","message":"⌛ Validating mago.wlk","timeElapsed":115,"timestamp":"2025-07-05T22:46:32.848Z"}
{"level":"info","message":"⌛ Validating mago.wlk","timeElapsed":107,"timestamp":"2025-07-05T22:46:32.955Z"}
{"level":"error","message":"✘ Failed to get type description: Error: Failed to print, found malformed node Failed to print, found malformed node","node":{"id":"685f3b7b-284e-4294-b92a-c6a56a247d42","members":[{"id":"76e4e8a1-f2f5-4c74-b764-5f5ecc212eca","isConstant":true,"isProperty":true,"metadata":[],"name":"tipo","scope":{"containerScope":{"containerScope":{"containerScope":{"contributions":{},"includedScopes":[]},"contributions":{},"includedScopes":[{"contributions":{},"includedScopes":[]},{"contributions":{},"includedScopes":[]}]},"contributions":{},"includedScopes":[{"containerScope":{"containerScope":{"contributions":{},"includedScopes":[]},"contributions":{},"includedScopes":[{"contributions":{},"includedScopes":[]},{"contributions":{},"includedScopes":[]},{"contributions":{},"includedScopes":[]},{"contributions":{},"includedScopes":[]},{"contributions":{},"includedScopes":[]},{"contributions":{},"includedScopes":[]},{"contributions":{},"includedScopes":[]},{"contributions":{},"includedScopes":[]},{"contributions":{},"includedScopes":[]}]},"contributions":{},"includedScopes":[{"containerScope":{"containerScope":{"containerScope":{"contributions":{},"includedScopes":[]},"contributions":{},"includedScopes":[]},"contributions":{},"includedScopes":[]},"contributions":{},"includedScopes":[]}]},{"containerScope":{"containerScope":{"containerScope":{"contributions":{},"includedScopes":[]},"contributions":{},"includedScopes":[]},"contributions":{},"includedScopes":[]},"contributions":{},"includedScopes":[]}]},"contributions":{},"includedScopes":[]},"sourceMap":{"end":{"column":22,"line":38,"offset":1012},"start":{"column":3,"line":38,"offset":993}},"value":{"id":"46a4fcfc-e5d7-43e2-8d5e-27729b3ecfba","metadata":[],"scope":{"containerScope":{"containerScope":{"containerScope":{"containerScope":{"contributions":{},"includedScopes":[]},"contributions":{},"includedScopes":[{"contributions":{},"includedScopes":[]},{"contributions":{},"includedScopes":[]}]},"contributions":{},"includedScopes":[{"containerScope":{"containerScope":{"contributions":{},"includedScopes":[]},"contributions":{},"includedScopes":[{"contributions":{},"includedScopes":[]},{"contributions":{},"includedScopes":[]},{"contributions":{},"includedScopes":[]},{"contributions":{},"includedScopes":[]},{"contributions":{},"includedScopes":[]},{"contributions":{},"includedScopes":[]},{"contributions":{},"includedScopes":[]},{"contributions":{},"includedScopes":[]},{"contributions":{},"includedScopes":[]}]},"contributions":{},"includedScopes":[{"containerScope":{"containerScope":{"containerScope":{"contributions":{},"includedScopes":[]},"contributions":{},"includedScopes":[]},"contributions":{},"includedScopes":[]},"contributions":{},"includedScopes":[]}]},{"containerScope":{"containerScope":{"containerScope":{"contributions":{},"includedScopes":[]},"contributions":{},"includedScopes":[]},"contributions":{},"includedScopes":[]},"contributions":{},"includedScopes":[]}]},"contributions":{},"includedScopes":[]},"contributions":{},"includedScopes":[]},"value":null}},{"id":"81ebe1d1-6a54-4df4-944f-ab96d4909abf","isConstant":false,"isProperty":true,"metadata":[],"name":"danio","scope":{"containerScope":{"containerScope":{"containerScope":{"contributions":{},"includedScopes":[]},"contributions":{},"includedScopes":[{"contributions":{},"includedScopes":[]},{"contributions":{},"includedScopes":[]}]},"contributions":{},"includedScopes":[{"containerScope":{"containerScope":{"contributions":{},"includedScopes":[]},"contributions":{},"includedScopes":[{"contributions":{},"includedScopes":[]},{"contributions":{},"includedScopes":[]},{"contributions":{},"includedScopes":[]},{"contributions":{},"includedScopes":[]},{"contributions":{},"includedScopes":[]},{"contributions":{},"includedScopes":[]},{"contributions":{},"includedScopes":[]},{"contributions":{},"includedScopes":[]},{"contributions":{},"includedScopes":[]}]},"contributions":{},"includedScopes":[{"containerScope":{"containerScope":{"containerScope":{"contributions":{},"includedScopes":[]},"contributions":{},"includedScopes":[]},"contributions":{},"includedScopes":[]},"contributions":{},"includedScopes":[]}]},{"containerScope":{"containerScope":{"containerScope":{"contributions":{},"includedScopes":[]},"contributions":{},"includedScopes":[]},"contributions":{},"includedScopes":[]},"contributions":{},"includedScopes":[]}]},"contributions":{},"includedScopes":[]},"sourceMap":{"end":{"column":36,"line":39,"offset":1049},"start":{"column":3,"line":39,"offset":1016}},"value":{"args":[],"id":"c80d4b86-15b7-4e29-ab52-f7ec99b1f993","message":"danio","metadata":[],"receiver":{"id":"086a8fc8-e706-4b30-9727-b53d32e09264","metadata":[],"name":"tipo","scope":{"containerScope":{"containerScope":{"containerScope":{"containerScope":{"containerScope":{"contributions":{},"includedScopes":[]},"contributions":{},"includedScopes":[{"contributions":{},"includedScopes":[]},{"contributions":{},"includedScopes":[]}]},"contributions":{},"includedScopes":[{"containerScope":{"containerScope":{"contributions":{},"includedScopes":[]},"contributions":{},"includedScopes":[{"contributions":{},"includedScopes":[]},{"contributions":{},"includedScopes":[]},{"contributions":{},"includedScopes":[]},{"contributions":{},"includedScopes":[]},{"contributions":{},"includedScopes":[]},{"contributions":{},"includedScopes":[]},{"contributions":{},"includedScopes":[]},{"contributions":{},"includedScopes":[]},{"contributions":{},"includedScopes":[]}]},"contributions":{},"includedScopes":[{"containerScope":{"containerScope":{"containerScope":{"contributions":{},"includedScopes":[]},"contributions":{},"includedScopes":[]},"contributions":{},"includedScopes":[]},"contributions":{},"includedScopes":[]}]},{"containerScope":{"containerScope":{"containerScope":{"contributions":{},"includedScopes":[]},"contributions":{},"includedScopes":[]},"contributions":{},"includedScopes":[]},"contributions":{},"includedScopes":[]}]},"contributions":{},"includedScopes":[]},"contributions":{},"includedScopes":[]},"contributions":{},"includedScopes":[]},"sourceMap":{"end":{"column":28,"line":39,"offset":1041},"start":{"column":24,"line":39,"offset":1037}}},"scope":{"containerScope":{"containerScope":{"containerScope":{"containerScope":{"contributions":{},"includedScopes":[]},"contributions":{},"includedScopes":[{"contributions":{},"includedScopes":[]},{"contributions":{},"includedScopes":[]}]},"contributions":{},"includedScopes":[{"containerScope":{"containerScope":{"contributions":{},"includedScopes":[]},"contributions":{},"includedScopes":[{"contributions":{},"includedScopes":[]},{"contributions":{},"includedScopes":[]},{"contributions":{},"includedScopes":[]},{"contributions":{},"includedScopes":[]},{"contributions":{},"includedScopes":[]},{"contributions":{},"includedScopes":[]},{"contributions":{},"includedScopes":[]},{"contributions":{},"includedScopes":[]},{"contributions":{},"includedScopes":[]}]},"contributions":{},"includedScopes":[{"containerScope":{"containerScope":{"containerScope":{"contributions":{},"includedScopes":[]},"contributions":{},"includedScopes":[]},"contributions":{},"includedScopes":[]},"contributions":{},"includedScopes":[]}]},{"containerScope":{"containerScope":{"containerScope":{"contributions":{},"includedScopes":[]},"contributions":{},"includedScopes":[]},"contributions":{},"includedScopes":[]},"contributions":{},"includedScopes":[]}]},"contributions":{},"includedScopes":[]},"contributions":{},"includedScopes":[]},"sourceMap":{"end":{"column":36,"line":39,"offset":1049},"start":{"column":24,"line":39,"offset":1037}}}},{"body":{"id":"8994c5fc-b4ef-433e-b088-f719eef531db","metadata":[],"problems":[],"scope":{"containerScope":{"containerScope":{"containerScope":{"containerScope":{"contributions":{},"includedScopes":[]},"contributions":{},"includedScopes":[{"contributions":{},"includedScopes":[]},{"contributions":{},"includedScopes":[]}]},"contributions":{},"includedScopes":[{"containerScope":{"containerScope":{"contributions":{},"includedScopes":[]},"contributions":{},"includedScopes":[{"contributions":{},"includedScopes":[]},{"contributions":{},"includedScopes":[]},{"contributions":{},"includedScopes":[]},{"contributions":{},"includedScopes":[]},{"contributions":{},"includedScopes":[]},{"contributions":{},"includedScopes":[]},{"contributions":{},"includedScopes":[]},{"contributions":{},"includedScopes":[]},{"contributions":{},"includedScopes":[]}]},"contributions":{},"includedScopes":[{"containerScope":{"containerScope":{"containerScope":{"contributions":{},"includedScopes":[]},"contributions":{},"includedScopes":[]},"contributions":{},"includedScopes":[]},"contributions":{},"includedScopes":[]}]},{"containerScope":{"containerScope":{"containerScope":{"contributions":{},"includedScopes":[]},"contributions":{},"includedScopes":[]},"contributions":{},"includedScopes":[]},"contributions":{},"includedScopes":[]}]},"contributions":{},"includedScopes":[]},"contributions":{},"includedScopes":[]},"sentences":[{"id":"96b616bc-3bbb-4d5d-8298-e3179ab6196d","metadata":[],"scope":{"containerScope":{"containerScope":{"containerScope":{"containerScope":{"containerScope":{"contributions":{},"includedScopes":[]},"contributions":{},"includedScopes":[{"contributions":{},"includedScopes":[]},{"contributions":{},"includedScopes":[]}]},"contributions":{},"includedScopes":[{"containerScope":{"containerScope":{"contributions":{},"includedScopes":[]},"contributions":{},"includedScopes":[{"contributions":{},"includedScopes":[]},{"contributions":{},"includedScopes":[]},{"contributions":{},"includedScopes":[]},{"contributions":{},"includedScopes":[]},{"contributions":{},"includedScopes":[]},{"contributions":{},"includedScopes":[]},{"contributions":{},"includedScopes":[]},{"contributions":{},"includedScopes":[]},{"contributions":{},"includedScopes":[]}]},"contributions":{},"includedScopes":[{"containerScope":{"containerScope":{"containerScope":{"contributions":{},"includedScopes":[]},"contributions":{},"includedScopes":[]},"contributions":{},"includedScopes":[]},"contributions":{},"includedScopes":[]}]},{"containerScope":{"containerScope":{"containerScope":{"contributions":{},"includedScopes":[]},"contributions":{},"includedScopes":[]},"contributions":{},"includedScopes":[]},"contributions":{},"includedScopes":[]}]},"contributions":{},"includedScopes":[]},"contributions":{},"includedScopes":[]},"contributions":{},"includedScopes":[]},"value":{"args":[],"id":"4620814f-369e-4fd2-a56d-9197d6377e55","message":"frames","metadata":[],"receiver":{"id":"b4a2255f-a09b-496c-b8c9-317beec0333e","metadata":[],"name":"tipo","scope":{"containerScope":{"containerScope":{"containerScope":{"containerScope":{"containerScope":{"containerScope":{"containerScope":{"contributions":{},"includedScopes":[]},"contributions":{},"includedScopes":[{"contributions":{},"includedScopes":[]},{"contributions":{},"includedScopes":[]}]},"contributions":{},"includedScopes":[{"containerScope":{"containerScope":{"contributions":{},"includedScopes":[]},"contributions":{},"includedScopes":[{"contributions":{},"includedScopes":[]},{"contributions":{},"includedScopes":[]},{"contributions":{},"includedScopes":[]},{"contributions":{},"includedScopes":[]},{"contributions":{},"includedScopes":[]},{"contributions":{},"includedScopes":[]},{"contributions":{},"includedScopes":[]},{"contributions":{},"includedScopes":[]},{"contributions":{},"includedScopes":[]}]},"contributions":{},"includedScopes":[{"containerScope":{"containerScope":{"containerScope":{"contributions":{},"includedScopes":[]},"contributions":{},"includedScopes":[]},"contributions":{},"includedScopes":[]},"contributions":{},"includedScopes":[]}]},{"containerScope":{"containerScope":{"containerScope":{"contributions":{},"includedScopes":[]},"contributions":{},"includedScopes":[]},"contributions":{},"includedScopes":[]},"contributions":{},"includedScopes":[]}]},"contributions":{},"includedScopes":[]},"contributions":{},"includedScopes":[]},"contributions":{},"includedScopes":[]},"contributions":{},"includedScopes":[]},"contributions":{},"includedScopes":[]},"sourceMap":{"end":{"column":34,"line":40,"offset":1084},"start":{"column":30,"line":40,"offset":1080}}},"scope":{"containerScope":{"containerScope":{"containerScope":{"containerScope":{"containerScope":{"containerScope":{"contributions":{},"includedScopes":[]},"contributions":{},"includedScopes":[{"contributions":{},"includedScopes":[]},{"contributions":{},"includedScopes":[]}]},"contributions":{},"includedScopes":[{"containerScope":{"containerScope":{"contributions":{},"includedScopes":[]},"contributions":{},"includedScopes":[{"contributions":{},"includedScopes":[]},{"contributions":{},"includedScopes":[]},{"contributions":{},"includedScopes":[]},{"contributions":{},"includedScopes":[]},{"contributions":{},"includedScopes":[]},{"contributions":{},"includedScopes":[]},{"contributions":{},"includedScopes":[]},{"contributions":{},"includedScopes":[]},{"contributions":{},"includedScopes":[]}]},"contributions":{},"includedScopes":[{"containerScope":{"containerScope":{"containerScope":{"contributions":{},"includedScopes":[]},"contributions":{},"includedScopes":[]},"contributions":{},"includedScopes":[]},"contributions":{},"includedScopes":[]}]},{"containerScope":{"containerScope":{"containerScope":{"contributions":{},"includedScopes":[]},"contributions":{},"includedScopes":[]},"contributions":{},"includedScopes":[]},"contributions":{},"includedScopes":[]}]},"contributions":{},"includedScopes":[]},"contributions":{},"includedScopes":[]},"contributions":{},"includedScopes":[]},"contributions":{},"includedScopes":[]},"sourceMap":{"end":{"column":43,"line":40,"offset":1093},"start":{"column":30,"line":40,"offset":1080}}}}],"sourceMap":{"end":{"column":43,"line":40,"offset":1093},"start":{"column":30,"line":40,"offset":1080}}},"compiled":false,"id":"2de23944-2208-4b52-8ba6-99eab7ddc6b6","isOverride":true,"metadata":[],"name":"frames","parameters":[],"problems":[],"scope":{"containerScope":{"containerScope":{"containerScope":{"contributions":{},"includedScopes":[]},"contributions":{},"includedScopes":[{"contributions":{},"includedScopes":[]},{"contributions":{},"includedScopes":[]}]},"contributions":{},"includedScopes":[{"containerScope":{"containerScope":{"contributions":{},"includedScopes":[]},"contributions":{},"includedScopes":[{"contributions":{},"includedScopes":[]},{"contributions":{},"includedScopes":[]},{"contributions":{},"includedScopes":[]},{"contributions":{},"includedScopes":[]},{"contributions":{},"includedScopes":[]},{"contributions":{},"includedScopes":[]},{"contributions":{},"includedScopes":[]},{"contributions":{},"includedScopes":[]},{"contributions":{},"includedScopes":[]}]},"contributions":{},"includedScopes":[{"containerScope":{"containerScope":{"containerScope":{"contributions":{},"includedScopes":[]},"contributions":{},"includedScopes":[]},"contributions":{},"includedScopes":[]},"contributions":{},"includedScopes":[]}]},{"containerScope":{"containerScope":{"containerScope":{"contributions":{},"includedScopes":[]},"contributions":{},"includedScopes":[]},"contributions":{},"includedScopes":[]},"contributions":{},"includedScopes":[]}]},"contributions":{},"includedScopes":[]},"sourceMap":{"end":{"column":43,"line":40,"offset":1093},"start":{"column":3,"line":40,"offset":1053}}},{"id":"865c5fc2-483a-4371-a1f0-05071055c183","isConstant":false,"isProperty":true,"metadata":[],"name":"position","scope":{"containerScope":{"containerScope":{"containerScope":{"contributions":{},"includedScopes":[]},"contributions":{},"includedScopes":[{"contributions":{},"includedScopes":[]},{"contributions":{},"includedScopes":[]}]},"contributions":{},"includedScopes":[{"containerScope":{"containerScope":{"contributions":{},"includedScopes":[]},"contributions":{},"includedScopes":[{"contributions":{},"includedScopes":[]},{"contributions":{},"includedScopes":[]},{"contributions":{},"includedScopes":[]},{"contributions":{},"includedScopes":[]},{"contributions":{},"includedScopes":[]},{"contributions":{},"includedScopes":[]},{"contributions":{},"includedScopes":[]},{"contributions":{},"includedScopes":[]},{"contributions":{},"includedScopes":[]}]},"contributions":{},"includedScopes":[{"containerScope":{"containerScope":{"containerScope":{"contributions":{},"includedScopes":[]},"contributions":{},"includedScopes":[]},"contributions":{},"includedScopes":[]},"contributions":{},"includedScopes":[]}]},{"containerScope":{"containerScope":{"containerScope":{"contributions":{},"includedScopes":[]},"contributions":{},"includedScopes":[]},"contributions":{},"includedScopes":[]},"contributions":{},"includedScopes":[]}]},"contributions":{},"includedScopes":[]},"sourceMap":{"end":{"column":24,"line":41,"offset":1118},"start":{"column":3,"line":41,"offset":1097}},"value":{"id":"c8e7fbc1-2426-4bc7-be7c-513493f1d315","metadata":[],"scope":{"containerScope":{"containerScope":{"containerScope":{"containerScope":{"contributions":{},"includedScopes":[]},"contributions":{},"includedScopes":[{"contributions":{},"includedScopes":[]},{"contributions":{},"includedScopes":[]}]},"contributions":{},"includedScopes":[{"containerScope":{"containerScope":{"contributions":{},"includedScopes":[]},"contributions":{},"includedScopes":[{"contributions":{},"includedScopes":[]},{"contributions":{},"includedScopes":[]},{"contributions":{},"includedScopes":[]},{"contributions":{},"includedScopes":[]},{"contributions":{},"includedScopes":[]},{"contributions":{},"includedScopes":[]},{"contributions":{},"includedScopes":[]},{"contributions":{},"includedScopes":[]},{"contributions":{},"includedScopes":[]}]},"contributions":{},"includedScopes":[{"containerScope":{"containerScope":{"containerScope":{"contributions":{},"includedScopes":[]},"contributions":{},"includedScopes":[]},"contributions":{},"includedScopes":[]},"contributions":{},"includedScopes":[]}]},{"containerScope":{"containerScope":{"containerScope":{"contributions":{},"includedScopes":[]},"contributions":{},"includedScopes":[]},"contributions":{},"includedScopes":[]},"contributions":{},"includedScopes":[]}]},"contributions":{},"includedScopes":[]},"contributions":{},"includedScopes":[]},"value":null}},{"id":"11f0c1b5-526f-4226-8890-7e5d79d195e0","isConstant":false,"isProperty":false,"metadata":[],"name":"colisionActual","scope":{"containerScope":{"containerScope":{"containerScope":{"contributions":{},"includedScopes":[]},"contributions":{},"includedScopes":[{"contributions":{},"includedScopes":[]},{"contributions":{},"includedScopes":[]}]},"contributions":{},"includedScopes":[{"containerScope":{"containerScope":{"contributions":{},"includedScopes":[]},"contributions":{},"includedScopes":[{"contributions":{},"includedScopes":[]},{"contributions":{},"includedScopes":[]},{"contributions":{},"includedScopes":[]},{"contributions":{},"includedScopes":[]},{"contributions":{},"includedScopes":[]},{"contributions":{},"includedScopes":[]},{"contributions":{},"includedScopes":[]},{"contributions":{},"includedScopes":[]},{"contributions":{},"includedScopes":[]}]},"contributions":{},"includedScopes":[{"containerScope":{"containerScope":{"containerScope":{"contributions":{},"includedScopes":[]},"contributions":{},"includedScopes":[]},"contributions":{},"includedScopes":[]},"contributions":{},"includedScopes":[]}]},{"containerScope":{"containerScope":{"containerScope":{"contributions":{},"includedScopes":[]},"contributions":{},"includedScopes":[]},"contributions":{},"includedScopes":[]},"contributions":{},"includedScopes":[]}]},"contributions":{},"includedScopes":[]},"sourceMap":{"end":{"column":9,"line":43,"offset":1153},"start":{"column":3,"line":42,"offset":1122}},"value":{"id":"4388b604-f62c-4f86-85ee-a20f7f21a7a1","metadata":[],"name":"method","scope":{"containerScope":{"containerScope":{"containerScope":{"containerScope":{"contributions":{},"includedScopes":[]},"contributions":{},"includedScopes":[{"contributions":{},"includedScopes":[]},{"contributions":{},"includedScopes":[]}]},"contributions":{},"includedScopes":[{"containerScope":{"containerScope":{"contributions":{},"includedScopes":[]},"contributions":{},"includedScopes":[{"contributions":{},"includedScopes":[]},{"contributions":{},"includedScopes":[]},{"contributions":{},"includedScopes":[]},{"contributions":{},"includedScopes":[]},{"contributions":{},"includedScopes":[]},{"contributions":{},"includedScopes":[]},{"contributions":{},"includedScopes":[]},{"contributions":{},"includedScopes":[]},{"contributions":{},"includedScopes":[]}]},"contributions":{},"includedScopes":[{"containerScope":{"containerScope":{"containerScope":{"contributions":{},"includedScopes":[]},"contributions":{},"includedScopes":[]},"contributions":{},"includedScopes":[]},"contributions":{},"includedScopes":[]}]},{"containerScope":{"containerScope":{"containerScope":{"contributions":{},"includedScopes":[]},"contributions":{},"includedScopes":[]},"contributions":{},"includedScopes":[]},"contributions":{},"includedScopes":[]}]},"contributions":{},"includedScopes":[]},"contributions":{},"includedScopes":[]},"sourceMap":{"end":{"column":9,"line":43,"offset":1153},"start":{"column":3,"line":43,"offset":1147}}}},{"body":{"id":"f6402ceb-8997-499a-9563-f2d86decec0a","metadata":[],"problems":[],"scope":{"containerScope":{"containerScope":{"containerScope":{"containerScope":{"contributions":{},"includedScopes":[]},"contributions":{},"includedScopes":[{"contributions":{},"includedScopes":[]},{"contributions":{},"includedScopes":[]}]},"contributions":{},"includedScopes":[{"containerScope":{"containerScope":{"contributions":{},"includedScopes":[]},"contributions":{},"includedScopes":[{"contributions":{},"includedScopes":[]},{"contributions":{},"includedScopes":[]},{"contributions":{},"includedScopes":[]},{"contributions":{},"includedScopes":[]},{"contributions":{},"includedScopes":[]},{"contributions":{},"includedScopes":[]},{"contributions":{},"includedScopes":[]},{"contributions":{},"includedScopes":[]},{"contributions":{},"includedScopes":[]}]},"contributions":{},"includedScopes":[{"containerScope":{"containerScope":{"containerScope":{"contributions":{},"includedScopes":[]},"contributions":{},"includedScopes":[]},"contributions":{},"includedScopes":[]},"contributions":{},"includedScopes":[]}]},{"containerScope":{"containerScope":{"containerScope":{"contributions":{},"includedScopes":[]},"contributions":{},"includedScopes":[]},"contributions":{},"includedScopes":[]},"contributions":{},"includedScopes":[]}]},"contributions":{},"includedScopes":[]},"contributions":{},"includedScopes":[]},"sentences":[{"id":"a97f9b43-9fec-4f19-be33-5bcf676903e7","metadata":[],"scope":{"containerScope":{"containerScope":{"containerScope":{"containerScope":{"containerScope":{"contributions":{},"includedScopes":[]},"contributions":{},"includedScopes":[{"contributions":{},"includedScopes":[]},{"contributions":{},"includedScopes":[]}]},"contributions":{},"includedScopes":[{"containerScope":{"containerScope":{"contributions":{},"includedScopes":[]},"contributions":{},"includedScopes":[{"contributions":{},"includedScopes":[]},{"contributions":{},"includedScopes":[]},{"contributions":{},"includedScopes":[]},{"contributions":{},"includedScopes":[]},{"contributions":{},"includedScopes":[]},{"contributions":{},"includedScopes":[]},{"contributions":{},"includedScopes":[]},{"contributions":{},"includedScopes":[]},{"contributions":{},"includedScopes":[]}]},"contributions":{},"includedScopes":[{"containerScope":{"containerScope":{"containerScope":{"contributions":{},"includedScopes":[]},"contributions":{},"includedScopes":[]},"contributions":{},"includedScopes":[]},"contributions":{},"includedScopes":[]}]},{"containerScope":{"containerScope":{"containerScope":{"contributions":{},"includedScopes":[]},"contributions":{},"includedScopes":[]},"contributions":{},"includedScopes":[]},"contributions":{},"includedScopes":[]}]},"contributions":{},"includedScopes":[]},"contributions":{},"includedScopes":[]},"contributions":{},"includedScopes":[]},"value":{"args":[{"id":"30abc79d-da35-4717-ad96-1964f3b6c08e","metadata":[],"name":"x","scope":{"containerScope":{"containerScope":{"containerScope":{"containerScope":{"containerScope":{"containerScope":{"containerScope":{"contributions":{},"includedScopes":[]},"contributions":{},"includedScopes":[{"contributions":{},"includedScopes":[]},{"contributions":{},"includedScopes":[]}]},"contributions":{},"includedScopes":[{"containerScope":{"containerScope":{"contributions":{},"includedScopes":[]},"contributions":{},"includedScopes":[{"contributions":{},"includedScopes":[]},{"contributions":{},"includedScopes":[]},{"contributions":{},"includedScopes":[]},{"contributions":{},"includedScopes":[]},{"contributions":{},"includedScopes":[]},{"contributions":{},"includedScopes":[]},{"contributions":{},"includedScopes":[]},{"contributions":{},"includedScopes":[]},{"contributions":{},"includedScopes":[]}]},"contributions":{},"includedScopes":[{"containerScope":{"containerScope":{"containerScope":{"contributions":{},"includedScopes":[]},"contributions":{},"includedScopes":[]},"contributions":{},"includedScopes":[]},"contributions":{},"includedScopes":[]}]},{"containerScope":{"containerScope":{"containerScope":{"contributions":{},"includedScopes":[]},"contributions":{},"includedScopes":[]},"contributions":{},"includedScopes":[]},"contributions":{},"includedScopes":[]}]},"contributions":{},"includedScopes":[]},"contributions":{},"includedScopes":[]},"contributions":{},"includedScopes":[]},"contributions":{},"includedScopes":[]},"contributions":{},"includedScopes":[]},"sourceMap":{"end":{"column":76,"line":44,"offset":1244},"start":{"column":56,"line":44,"offset":1224}},"value":{"args":[{"id":"d1cc9c01-ee16-4e0b-a37b-4e44751f4106","metadata":[],"scope":{"containerScope":{"containerScope":{"containerScope":{"containerScope":{"containerScope":{"containerScope":{"containerScope":{"containerScope":{"containerScope":{"contributions":{},"includedScopes":[]},"contributions":{},"includedScopes":[{"contributions":{},"includedScopes":[]},{"contributions":{},"includedScopes":[]}]},"contributions":{},"includedScopes":[{"containerScope":{"containerScope":{"contributions":{},"includedScopes":[]},"contributions":{},"includedScopes":[{"contributions":{},"includedScopes":[]},{"contributions":{},"includedScopes":[]},{"contributions":{},"includedScopes":[]},{"contributions":{},"includedScopes":[]},{"contributions":{},"includedScopes":[]},{"contributions":{},"includedScopes":[]},{"contributions":{},"includedScopes":[]},{"contributions":{},"includedScopes":[]},{"contributions":{},"includedScopes":[]}]},"contributions":{},"includedScopes":[{"containerScope":{"containerScope":{"containerScope":{"contributions":{},"includedScopes":[]},"contributions":{},"includedScopes":[]},"contributions":{},"includedScopes":[]},"contributions":{},"includedScopes":[]}]},{"containerScope":{"containerScope":{"containerScope":{"contributions":{},"includedScopes":[]},"contributions":{},"includedScopes":[]},"contributions":{},"includedScopes":[]},"contributions":{},"includedScopes":[]}]},"contributions":{},"includedScopes":[]},"contributions":{},"includedScopes":[]},"contributions":{},"includedScopes":[]},"contributions":{},"includedScopes":[]},"contributions":{},"includedScopes":[]},"contributions":{},"includedScopes":[]},"contributions":{},"includedScopes":[]},"sourceMap":{"end":{"column":76,"line":44,"offset":1244},"start":{"column":75,"line":44,"offset":1243}},"value":1}],"id":"f58b6549-28c0-4c34-9339-0947cc60c612","message":"+","metadata":[],"receiver":{"args":[],"id":"3c74be01-2f32-4904-bc00-c5b01ac4a3a5","message":"x","metadata":[],"receiver":{"id":"8cae7dc6-b77c-4dbe-9992-4a22a05efa4a","metadata":[],"name":"position","scope":{"containerScope":{"containerScope":{"containerScope":{"containerScope":{"containerScope":{"containerScope":{"containerScope":{"containerScope":{"containerScope":{"containerScope":{"contributions":{},"includedScopes":[]},"contributions":{},"includedScopes":[{"contributions":{},"includedScopes":[]},{"contributions":{},"includedScopes":[]}]},"contributions":{},"includedScopes":[{"containerScope":{"containerScope":{"contributions":{},"includedScopes":[]},"contributions":{},"includedScopes":[{"contributions":{},"includedScopes":[]},{"contributions":{},"includedScopes":[]},{"contributions":{},"includedScopes":[]},{"contributions":{},"includedScopes":[]},{"contributions":{},"includedScopes":[]},{"contributions":{},"includedScopes":[]},{"contributions":{},"includedScopes":[]},{"contributions":{},"includedScopes":[]},{"contributions":{},"includedScopes":[]}]},"contributions":{},"includedScopes":[{"containerScope":{"containerScope":{"containerScope":{"contributions":{},"includedScopes":[]},"contributions":{},"includedScopes":[]},"contributions":{},"includedScopes":[]},"contributions":{},"includedScopes":[]}]},{"containerScope":{"containerScope":{"containerScope":{"contributions":{},"includedScopes":[]},"contributions":{},"includedScopes":[]},"contributions":{},"includedScopes":[]},"contributions":{},"includedScopes":[]}]},"contributions":{},"includedScopes":[]},"contributions":{},"includedScopes":[]},"contributions":{},"includedScopes":[]},"contributions":{},"includedScopes":[]},"contributions":{},"includedScopes":[]},"contributions":{},"includedScopes":[]},"contributions":{},"includedScopes":[]},"contributions":{},"includedScopes":[]},"sourceMap":{"end":{"column":68,"line":44,"offset":1236},"start":{"column":60,"line":44,"offset":1228}}},"scope":{"containerScope":{"containerScope":{"containerScope":{"containerScope":{"containerScope":{"containerScope":{"containerScope":{"containerScope":{"containerScope":{"contributions":{},"includedScopes":[]},"contributions":{},"includedScopes":[{"contributions":{},"includedScopes":[]},{"contributions":{},"includedScopes":[]}]},"contributions":{},"includedScopes":[{"containerScope":{"containerScope":{"contributions":{},"includedScopes":[]},"contributions":{},"includedScopes":[{"contributions":{},"includedScopes":[]},{"contributions":{},"includedScopes":[]},{"contributions":{},"includedScopes":[]},{"contributions":{},"includedScopes":[]},{"contributions":{},"includedScopes":[]},{"contributions":{},"includedScopes":[]},{"contributions":{},"includedScopes":[]},{"contributions":{},"includedScopes":[]},{"contributions":{},"includedScopes":[]}]},"contributions":{},"includedScopes":[{"containerScope":{"containerScope":{"containerScope":{"contributions":{},"includedScopes":[]},"contributions":{},"includedScopes":[]},"contributions":{},"includedScopes":[]},"contributions":{},"includedScopes":[]}]},{"containerScope":{"containerScope":{"containerScope":{"contributions":{},"includedScopes":[]},"contributions":{},"includedScopes":[]},"contributions":{},"includedScopes":[]},"contributions":{},"includedScopes":[]}]},"contributions":{},"includedScopes":[]},"contributions":{},"includedScopes":[]},"contributions":{},"includedScopes":[]},"contributions":{},"includedScopes":[]},"contributions":{},"includedScopes":[]},"contributions":{},"includedScopes":[]},"contributions":{},"includedScopes":[]},"sourceMap":{"end":{"column":72,"line":44,"offset":1240},"start":{"column":60,"line":44,"offset":1228}}},"scope":{"containerScope":{"containerScope":{"containerScope":{"containerScope":{"containerScope":{"containerScope":{"containerScope":{"containerScope":{"contributions":{},"includedScopes":[]},"contributions":{},"includedScopes":[{"contributions":{},"includedScopes":[]},{"contributions":{},"includedScopes":[]}]},"contributions":{},"includedScopes":[{"containerScope":{"containerScope":{"contributions":{},"includedScopes":[]},"contributions":{},"includedScopes":[{"contributions":{},"includedScopes":[]},{"contributions":{},"includedScopes":[]},{"contributions":{},"includedScopes":[]},{"contributions":{},"includedScopes":[]},{"contributions":{},"includedScopes":[]},{"contributions":{},"includedScopes":[]},{"contributions":{},"includedScopes":[]},{"contributions":{},"includedScopes":[]},{"contributions":{},"includedScopes":[]}]},"contributions":{},"includedScopes":[{"containerScope":{"containerScope":{"containerScope":{"contributions":{},"includedScopes":[]},"contributions":{},"includedScopes":[]},"contributions":{},"includedScopes":[]},"contributions":{},"includedScopes":[]}]},{"containerScope":{"containerScope":{"containerScope":{"contributions":{},"includedScopes":[]},"contributions":{},"includedScopes":[]},"contributions":{},"includedScopes":[]},"contributions":{},"includedScopes":[]}]},"contributions":{},"includedScopes":[]},"contributions":{},"includedScopes":[]},"contributions":{},"includedScopes":[]},"contributions":{},"includedScopes":[]},"contributions":{},"includedScopes":[]},"contributions":{},"includedScopes":[]},"sourceMap":{"end":{"column":76,"line":44,"offset":1244},"start":{"column":60,"line":44,"offset":1228}}}},{"id":"2f33407e-61d0-4752-b8fa-51b11cb0a06c","metadata":[],"name":"y","scope":{"containerScope":{"containerScope":{"containerScope":{"containerScope":{"containerScope":{"containerScope":{"containerScope":{"contributions":{},"includedScopes":[]},"contributions":{},"includedScopes":[{"contributions":{},"includedScopes":[]},{"contributions":{},"includedScopes":[]}]},"contributions":{},"includedScopes":[{"containerScope":{"containerScope":{"contributions":{},"includedScopes":[]},"contributions":{},"includedScopes":[{"contributions":{},"includedScopes":[]},{"contributions":{},"includedScopes":[]},{"contributions":{},"includedScopes":[]},{"contributions":{},"includedScopes":[]},{"contributions":{},"includedScopes":[]},{"contributions":{},"includedScopes":[]},{"contributions":{},"includedScopes":[]},{"contributions":{},"includedScopes":[]},{"contributions":{},"includedScopes":[]}]},"contributions":{},"includedScopes":[{"containerScope":{"containerScope":{"containerScope":{"contributions":{},"includedScopes":[]},"contributions":{},"includedScopes":[]},"contributions":{},"includedScopes":[]},"contributions":{},"includedScopes":[]}]},{"containerScope":{"containerScope":{"containerScope":{"contributions":{},"includedScopes":[]},"contributions":{},"includedScopes":[]},"contributions":{},"includedScopes":[]},"contributions":{},"includedScopes":[]}]},"contributions":{},"includedScopes":[]},"contributions":{},"includedScopes":[]},"contributions":{},"includedScopes":[]},"contributions":{},"includedScopes":[]},"contributions":{},"includedScopes":[]},"sourceMap":{"end":{"column":94,"line":44,"offset":1262},"start":{"column":78,"line":44,"offset":1246}},"value":{"args":[],"id":"c5ec8796-c3fc-493b-b92f-5e6e7390ed33","message":"y","metadata":[],"receiver":{"id":"1fdaf4d0-42c5-4775-8c5d-0c63d8fe079c","metadata":[],"name":"position","scope":{"containerScope":{"containerScope":{"containerScope":{"containerScope":{"containerScope":{"containerScope":{"containerScope":{"containerScope":{"containerScope":{"contributions":{},"includedScopes":[]},"contributions":{},"includedScopes":[{"contributions":{},"includedScopes":[]},{"contributions":{},"includedScopes":[]}]},"contributions":{},"includedScopes":[{"containerScope":{"containerScope":{"contributions":{},"includedScopes":[]},"contributions":{},"includedScopes":[{"contributions":{},"includedScopes":[]},{"contributions":{},"includedScopes":[]},{"contributions":{},"includedScopes":[]},{"contributions":{},"includedScopes":[]},{"contributions":{},"includedScopes":[]},{"contributions":{},"includedScopes":[]},{"contributions":{},"includedScopes":[]},{"contributions":{},"includedScopes":[]},{"contributions":{},"includedScopes":[]}]},"contributions":{},"includedScopes":[{"containerScope":{"containerScope":{"containerScope":{"contributions":{},"includedScopes":[]},"contributions":{},"includedScopes":[]},"contributions":{},"includedScopes":[]},"contributions":{},"includedScopes":[]}]},{"containerScope":{"containerScope":{"containerScope":{"contributions":{},"includedScopes":[]},"contributions":{},"includedScopes":[]},"contributions":{},"includedScopes":[]},"contributions":{},"includedScopes":[]}]},"contributions":{},"includedScopes":[]},"contributions":{},"includedScopes":[]},"contributions":{},"includedScopes":[]},"contributions":{},"includedScopes":[]},"contributions":{},"includedScopes":[]},"contributions":{},"includedScopes":[]},"contributions":{},"includedScopes":[]},"sourceMap":{"end":{"column":90,"line":44,"offset":1258},"start":{"column":82,"line":44,"offset":1250}}},"scope":{"containerScope":{"containerScope":{"containerScope":{"containerScope":{"containerScope":{"containerScope":{"containerScope":{"containerScope":{"contributions":{},"includedScopes":[]},"contributions":{},"includedScopes":[{"contributions":{},"includedScopes":[]},{"contributions":{},"includedScopes":[]}]},"contributions":{},"includedScopes":[{"containerScope":{"containerScope":{"contributions":{},"includedScopes":[]},"contributions":{},"includedScopes":[{"contributions":{},"includedScopes":[]},{"contributions":{},"includedScopes":[]},{"contributions":{},"includedScopes":[]},{"contributions":{},"includedScopes":[]},{"contributions":{},"includedScopes":[]},{"contributions":{},"includedScopes":[]},{"contributions":{},"includedScopes":[]},{"contributions":{},"includedScopes":[]},{"contributions":{},"includedScopes":[]}]},"contributions":{},"includedScopes":[{"containerScope":{"containerScope":{"containerScope":{"contributions":{},"includedScopes":[]},"contributions":{},"includedScopes":[]},"contributions":{},"includedScopes":[]},"contributions":{},"includedScopes":[]}]},{"containerScope":{"containerScope":{"containerScope":{"contributions":{},"includedScopes":[]},"contributions":{},"includedScopes":[]},"contributions":{},"includedScopes":[]},"contributions":{},"includedScopes":[]}]},"contributions":{},"includedScopes":[]},"contributions":{},"includedScopes":[]},"contributions":{},"includedScopes":[]},"contributions":{},"includedScopes":[]},"contributions":{},"includedScopes":[]},"contributions":{},"includedScopes":[]},"sourceMap":{"end":{"column":94,"line":44,"offset":1262},"start":{"column":82,"line":44,"offset":1250}}}}],"id":"9a4d772b-2e7f-4770-8818-6218706f11c9","instantiated":{"id":"69560d6f-0c98-4590-8596-c7158ec07ba6","metadata":[],"name":"MutablePosition","scope":{"containerScope":{"containerScope":{"containerScope":{"containerScope":{"containerScope":{"containerScope":{"containerScope":{"contributions":{},"includedScopes":[]},"contributions":{},"includedScopes":[{"contributions":{},"includedScopes":[]},{"contributions":{},"includedScopes":[]}]},"contributions":{},"includedScopes":[{"containerScope":{"containerScope":{"contributions":{},"includedScopes":[]},"contributions":{},"includedScopes":[{"contributions":{},"includedScopes":[]},{"contributions":{},"includedScopes":[]},{"contributions":{},"includedScopes":[]},{"contributions":{},"includedScopes":[]},{"contributions":{},"includedScopes":[]},{"contributions":{},"includedScopes":[]},{"contributions":{},"includedScopes":[]},{"contributions":{},"includedScopes":[]},{"contributions":{},"includedScopes":[]}]},"contributions":{},"includedScopes":[{"containerScope":{"containerScope":{"containerScope":{"contributions":{},"includedScopes":[]},"contributions":{},"includedScopes":[]},"contributions":{},"includedScopes":[]},"contributions":{},"includedScopes":[]}]},{"containerScope":{"containerScope":{"containerScope":{"contributions":{},"includedScopes":[]},"contributions":{},"includedScopes":[]},"contributions":{},"includedScopes":[]},"contributions":{},"includedScopes":[]}]},"contributions":{},"includedScopes":[]},"contributions":{},"includedScopes":[]},"contributions":{},"includedScopes":[]},"contributions":{},"includedScopes":[]},"contributions":{},"includedScopes":[]},"sourceMap":{"end":{"column":55,"line":44,"offset":1223},"start":{"column":40,"line":44,"offset":1208}}},"metadata":[],"scope":{"containerScope":{"containerScope":{"containerScope":{"containerScope":{"containerScope":{"containerScope":{"contributions":{},"includedScopes":[]},"contributions":{},"includedScopes":[{"contributions":{},"includedScopes":[]},{"contributions":{},"includedScopes":[]}]},"contributions":{},"includedScopes":[{"containerScope":{"containerScope":{"contributions":{},"includedScopes":[]},"contributions":{},"includedScopes":[{"contributions":{},"includedScopes":[]},{"contributions":{},"includedScopes":[]},{"contributions":{},"includedScopes":[]},{"contributions":{},"includedScopes":[]},{"contributions":{},"includedScopes":[]},{"contributions":{},"includedScopes":[]},{"contributions":{},"includedScopes":[]},{"contributions":{},"includedScopes":[]},{"contributions":{},"includedScopes":[]}]},"contributions":{},"includedScopes":[{"containerScope":{"containerScope":{"containerScope":{"contributions":{},"includedScopes":[]},"contributions":{},"includedScopes":[]},"contributions":{},"includedScopes":[]},"contributions":{},"includedScopes":[]}]},{"containerScope":{"containerScope":{"containerScope":{"contributions":{},"includedScopes":[]},"contributions":{},"includedScopes":[]},"contributions":{},"includedScopes":[]},"contributions":{},"includedScopes":[]}]},"contributions":{},"includedScopes":[]},"contributions":{},"includedScopes":[]},"contributions":{},"includedScopes":[]},"contributions":{},"includedScopes":[]},"sourceMap":{"end":{"column":95,"line":44,"offset":1263},"start":{"column":36,"line":44,"offset":1204}}}}],"sourceMap":{"end":{"column":95,"line":44,"offset":1263},"start":{"column":36,"line":44,"offset":1204}}},"compiled":false,"id":"512de8f4-8493-4fa6-96e3-c1e5c264796e","isOverride":false,"metadata":[],"name":"colisionExtraPosition","parameters":[],"problems":[],"scope":{"containerScope":{"containerScope":{"containerScope":{"contributions":{},"includedScopes":[]},"contributions":{},"includedScopes":[{"contributions":{},"includedScopes":[]},{"contributions":{},"includedScopes":[]}]},"contributions":{},"includedScopes":[{"containerScope":{"containerScope":{"contributions":{},"includedScopes":[]},"contributions":{},"includedScopes":[{"contributions":{},"includedScopes":[]},{"contributions":{},"includedScopes":[]},{"contributions":{},"includedScopes":[]},{"contributions":{},"includedScopes":[]},{"contributions":{},"includedScopes":[]},{"contributions":{},"includedScopes":[]},{"contributions":{},"includedScopes":[]},{"contributions":{},"includedScopes":[]},{"contributions":{},"includedScopes":[]}]},"contributions":{},"includedScopes":[{"containerScope":{"containerScope":{"containerScope":{"contributions":{},"includedScopes":[]},"contributions":{},"includedScopes":[]},"contributions":{},"includedScopes":[]},"contributions":{},"includedScopes":[]}]},{"containerScope":{"containerScope":{"containerScope":{"contributions":{},"includedScopes":[]},"contributions":{},"includedScopes":[]},"contributions":{},"includedScopes":[]},"contributions":{},"includedScopes":[]}]},"contributions":{},"includedScopes":[]},"sourceMap":{"end":{"column":95,"line":44,"offset":1263},"start":{"column":3,"line":44,"offset":1171}}},{"body":{"id":"c3aace71-c7fe-4549-94d7-83e0cc365434","metadata":[],"problems":[],"scope":{"containerScope":{"containerScope":{"containerScope":{"containerScope":{"contributions":{},"includedScopes":[]},"contributions":{},"includedScopes":[{"contributions":{},"includedScopes":[]},{"contributions":{},"includedScopes":[]}]},"contributions":{},"includedScopes":[{"containerScope":{"containerScope":{"contributions":{},"includedScopes":[]},"contributions":{},"includedScopes":[{"contributions":{},"includedScopes":[]},{"contributions":{},"includedScopes":[]},{"contributions":{},"includedScopes":[]},{"contributions":{},"includedScopes":[]},{"contributions":{},"includedScopes":[]},{"contributions":{},"includedScopes":[]},{"contributions":{},"includedScopes":[]},{"contributions":{},"includedScopes":[]},{"contributions":{},"includedScopes":[]}]},"contributions":{},"includedScopes":[{"containerScope":{"containerScope":{"containerScope":{"contributions":{},"includedScopes":[]},"contributions":{},"includedScopes":[]},"contributions":{},"includedScopes":[]},"contributions":{},"includedScopes":[]}]},{"containerScope":{"containerScope":{"containerScope":{"contributions":{},"includedScopes":[]},"contributions":{},"includedScopes":[]},"contributions":{},"includedScopes":[]},"contributions":{},"includedScopes":[]}]},"contributions":{},"includedScopes":[]},"contributions":{},"includedScopes":[]},"sentences":[{"condition":{"args":[{"id":"9b709844-677f-453f-a455-c17b47cd4b88","metadata":[],"scope":{"containerScope":{"containerScope":{"containerScope":{"containerScope":{"containerScope":{"containerScope":{"containerScope":{"contributions":{},"includedScopes":[]},"contributions":{},"includedScopes":[{"contributions":{},"includedScopes":[]},{"contributions":{},"includedScopes":[]}]},"contributions":{},"includedScopes":[{"containerScope":{"containerScope":{"contributions":{},"includedScopes":[]},"contributions":{},"includedScopes":[{"contributions":{},"includedScopes":[]},{"contributions":{},"includedScopes":[]},{"contributions":{},"includedScopes":[]},{"contributions":{},"includedScopes":[]},{"contributions":{},"includedScopes":[]},{"contributions":{},"includedScopes":[]},{"contributions":{},"includedScopes":[]},{"contributions":{},"includedScopes":[]},{"contributions":{},"includedScopes":[]}]},"contributions":{},"includedScopes":[{"containerScope":{"containerScope":{"containerScope":{"contributions":{},"includedScopes":[]},"contributions":{},"includedScopes":[]},"contributions":{},"includedScopes":[]},"contributions":{},"includedScopes":[]}]},{"containerScope":{"containerScope":{"containerScope":{"contributions":{},"includedScopes":[]},"contributions":{},"includedScopes":[]},"contributions":{},"includedScopes":[]},"contributions":{},"includedScopes":[]}]},"contributions":{},"includedScopes":[]},"contributions":{},"includedScopes":[]},"contributions":{},"includedScopes":[]},"contributions":{},"includedScopes":[]},"contributions":{},"includedScopes":[]},"sourceMap":{"end":{"column":28,"line":46,"offset":1319},"start":{"column":25,"line":46,"offset":1316}},"value":100}],"id":"3f655f42-45e5-496f-988d-ac47e0f61db6","message":"==","metadata":[],"receiver":{"args":[],"id":"c83a7af9-f657-4713-b61b-742becd18ddc","message":"x","metadata":[],"receiver":{"id":"356acfdd-11df-4b43-8872-b4af314f58bf","metadata":[],"name":"position","scope":{"containerScope":{"containerScope":{"containerScope":{"containerScope":{"containerScope":{"containerScope":{"containerScope":{"containerScope":{"contributions":{},"includedScopes":[]},"contributions":{},"includedScopes":[{"contributions":{},"includedScopes":[]},{"contributions":{},"includedScopes":[]}]},"contributions":{},"includedScopes":[{"containerScope":{"containerScope":{"contributions":{},"includedScopes":[]},"contributions":{},"includedScopes":[{"contributions":{},"includedScopes":[]},{"contributions":{},"includedScopes":[]},{"contributions":{},"includedScopes":[]},{"contributions":{},"includedScopes":[]},{"contributions":{},"includedScopes":[]},{"contributions":{},"includedScopes":[]},{"contributions":{},"includedScopes":[]},{"contributions":{},"includedScopes":[]},{"contributions":{},"includedScopes":[]}]},"contributions":{},"includedScopes":[{"containerScope":{"containerScope":{"containerScope":{"contributions":{},"includedScopes":[]},"contributions":{},"includedScopes":[]},"contributions":{},"includedScopes":[]},"contributions":{},"includedScopes":[]}]},{"containerScope":{"containerScope":{"containerScope":{"contributions":{},"includedScopes":[]},"contributions":{},"includedScopes":[]},"contributions":{},"includedScopes":[]},"contributions":{},"includedScopes":[]}]},"contributions":{},"includedScopes":[]},"contributions":{},"includedScopes":[]},"contributions":{},"includedScopes":[]},"contributions":{},"includedScopes":[]},"contributions":{},"includedScopes":[]},"contributions":{},"includedScopes":[]},"sourceMap":{"end":{"column":17,"line":46,"offset":1308},"start":{"column":9,"line":46,"offset":1300}}},"scope":{"containerScope":{"containerScope":{"containerScope":{"containerScope":{"containerScope":{"containerScope":{"containerScope":{"contributions":{},"includedScopes":[]},"contributions":{},"includedScopes":[{"contributions":{},"includedScopes":[]},{"contributions":{},"includedScopes":[]}]},"contributions":{},"includedScopes":[{"containerScope":{"containerScope":{"contributions":{},"includedScopes":[]},"contributions":{},"includedScopes":[{"contributions":{},"includedScopes":[]},{"contributions":{},"includedScopes":[]},{"contributions":{},"includedScopes":[]},{"contributions":{},"includedScopes":[]},{"contributions":{},"includedScopes":[]},{"contributions":{},"includedScopes":[]},{"contributions":{},"includedScopes":[]},{"contributions":{},"includedScopes":[]},{"contributions":{},"includedScopes":[]}]},"contributions":{},"includedScopes":[{"containerScope":{"containerScope":{"containerScope":{"contributions":{},"includedScopes":[]},"contributions":{},"includedScopes":[]},"contributions":{},"includedScopes":[]},"contributions":{},"includedScopes":[]}]},{"containerScope":{"containerScope":{"containerScope":{"contributions":{},"includedScopes":[]},"contributions":{},"includedScopes":[]},"contributions":{},"includedScopes":[]},"contributions":{},"includedScopes":[]}]},"contributions":{},"includedScopes":[]},"contributions":{},"includedScopes":[]},"contributions":{},"includedScopes":[]},"contributions":{},"includedScopes":[]},"contributions":{},"includedScopes":[]},"sourceMap":{"end":{"column":21,"line":46,"offset":1312},"start":{"column":9,"line":46,"offset":1300}}},"scope":{"containerScope":{"containerScope":{"containerScope":{"containerScope":{"containerScope":{"containerScope":{"contributions":{},"includedScopes":[]},"contributions":{},"includedScopes":[{"contributions":{},"includedScopes":[]},{"contributions":{},"includedScopes":[]}]},"contributions":{},"includedScopes":[{"containerScope":{"containerScope":{"contributions":{},"includedScopes":[]},"contributions":{},"includedScopes":[{"contributions":{},"includedScopes":[]},{"contributions":{},"includedScopes":[]},{"contributions":{},"includedScopes":[]},{"contributions":{},"includedScopes":[]},{"contributions":{},"includedScopes":[]},{"contributions":{},"includedScopes":[]},{"contributions":{},"includedScopes":[]},{"contributions":{},"includedScopes":[]},{"contributions":{},"includedScopes":[]}]},"contributions":{},"includedScopes":[{"containerScope":{"containerScope":{"containerScope":{"contributions":{},"includedScopes":[]},"contributions":{},"includedScopes":[]},"contributions":{},"includedScopes":[]},"contributions":{},"includedScopes":[]}]},{"containerScope":{"containerScope":{"containerScope":{"contributions":{},"includedScopes":[]},"contributions":{},"includedScopes":[]},"contributions":{},"includedScopes":[]},"contributions":{},"includedScopes":[]}]},"contributions":{},"includedScopes":[]},"contributions":{},"includedScopes":[]},"contributions":{},"includedScopes":[]},"contributions":{},"includedScopes":[]},"sourceMap":{"end":{"column":28,"line":46,"offset":1319},"start":{"column":9,"line":46,"offset":1300}}},"elseBody":{"id":"4294a4a9-c271-45f5-abd5-43285c47a5d3","metadata":[],"problems":[],"scope":{"containerScope":{"containerScope":{"containerScope":{"containerScope":{"containerScope":{"containerScope":{"contributions":{},"includedScopes":[]},"contributions":{},"includedScopes":[{"contributions":{},"includedScopes":[]},{"contributions":{},"includedScopes":[]}]},"contributions":{},"includedScopes":[{"containerScope":{"containerScope":{"contributions":{},"includedScopes":[]},"contributions":{},"includedScopes":[{"contributions":{},"includedScopes":[]},{"contributions":{},"includedScopes":[]},{"contributions":{},"includedScopes":[]},{"contributions":{},"includedScopes":[]},{"contributions":{},"includedScopes":[]},{"contributions":{},"includedScopes":[]},{"contributions":{},"includedScopes":[]},{"contributions":{},"includedScopes":[]},{"contributions":{},"includedScopes":[]}]},"contributions":{},"includedScopes":[{"containerScope":{"containerScope":{"containerScope":{"contributions":{},"includedScopes":[]},"contributions":{},"includedScopes":[]},"contributions":{},"includedScopes":[]},"contributions":{},"includedScopes":[]}]},{"containerScope":{"containerScope":{"containerScope":{"contributions":{},"includedScopes":[]},"contributions":{},"includedScopes":[]},"contributions":{},"includedScopes":[]},"contributions":{},"includedScopes":[]}]},"contributions":{},"includedScopes":[]},"contributions":{},"includedScopes":[]},"contributions":{},"includedScopes":[]},"contributions":{},"includedScopes":[]},"sentences":[{"args":[{"id":"eabc3f0d-40c1-44b0-9e74-2046c57ac1da","metadata":[],"scope":{"containerScope":{"containerScope":{"containerScope":{"containerScope":{"containerScope":{"containerScope":{"containerScope":{"containerScope":{"contributions":{},"includedScopes":[]},"contributions":{},"includedScopes":[{"contributions":{},"includedScopes":[]},{"contributions":{},"includedScopes":[]}]},"contributions":{},"includedScopes":[{"containerScope":{"containerScope":{"contributions":{},"includedScopes":[]},"contributions":{},"includedScopes":[{"contributions":{},"includedScopes":[]},{"contributions":{},"includedScopes":[]},{"contributions":{},"includedScopes":[]},{"contributions":{},"includedScopes":[]},{"contributions":{},"includedScopes":[]},{"contributions":{},"includedScopes":[]},{"contributions":{},"includedScopes":[]},{"contributions":{},"includedScopes":[]},{"contributions":{},"includedScopes":[]}]},"contributions":{},"includedScopes":[{"containerScope":{"containerScope":{"containerScope":{"contributions":{},"includedScopes":[]},"contributions":{},"includedScopes":[]},"contributions":{},"includedScopes":[]},"contributions":{},"includedScopes":[]}]},{"containerScope":{"containerScope":{"containerScope":{"contributions":{},"includedScopes":[]},"contributions":{},"includedScopes":[]},"contributions":{},"includedScopes":[]},"contributions":{},"includedScopes":[]}]},"contributions":{},"includedScopes":[]},"contributions":{},"includedScopes":[]},"contributions":{},"includedScopes":[]},"contributions":{},"includedScopes":[]},"contributions":{},"includedScopes":[]},"contributions":{},"includedScopes":[]},"sourceMap":{"end":{"column":25,"line":50,"offset":1391},"start":{"column":24,"line":50,"offset":1390}},"value":1}],"id":"d1801b6c-6a3a-4d66-9ae3-d4cefe6724c6","message":"goRight","metadata":[],"receiver":{"id":"037570f7-3fc2-4262-ab35-af87c2b19a11","metadata":[],"name":"position","scope":{"containerScope":{"containerScope":{"containerScope":{"containerScope":{"containerScope":{"containerScope":{"containerScope":{"containerScope":{"contributions":{},"includedScopes":[]},"contributions":{},"includedScopes":[{"contributions":{},"includedScopes":[]},{"contributions":{},"includedScopes":[]}]},"contributions":{},"includedScopes":[{"containerScope":{"containerScope":{"contributions":{},"includedScopes":[]},"contributions":{},"includedScopes":[{"contributions":{},"includedScopes":[]},{"contributions":{},"includedScopes":[]},{"contributions":{},"includedScopes":[]},{"contributions":{},"includedScopes":[]},{"contributions":{},"includedScopes":[]},{"contributions":{},"includedScopes":[]},{"contributions":{},"includedScopes":[]},{"contributions":{},"includedScopes":[]},{"contributions":{},"includedScopes":[]}]},"contributions":{},"includedScopes":[{"containerScope":{"containerScope":{"containerScope":{"contributions":{},"includedScopes":[]},"contributions":{},"includedScopes":[]},"contributions":{},"includedScopes":[]},"contributions":{},"includedScopes":[]}]},{"containerScope":{"containerScope":{"containerScope":{"contributions":{},"includedScopes":[]},"contributions":{},"includedScopes":[]},"contributions":{},"includedScopes":[]},"contributions":{},"includedScopes":[]}]},"contributions":{},"includedScopes":[]},"contributions":{},"includedScopes":[]},"contributions":{},"includedScopes":[]},"contributions":{},"includedScopes":[]},"contributions":{},"includedScopes":[]},"contributions":{},"includedScopes":[]},"sourceMap":{"end":{"column":15,"line":50,"offset":1381},"start":{"column":7,"line":50,"offset":1373}}},"scope":{"containerScope":{"containerScope":{"containerScope":{"containerScope":{"containerScope":{"containerScope":{"containerScope":{"contributions":{},"includedScopes":[]},"contributions":{},"includedScopes":[{"contributions":{},"includedScopes":[]},{"contributions":{},"includedScopes":[]}]},"contributions":{},"includedScopes":[{"containerScope":{"containerScope":{"contributions":{},"includedScopes":[]},"contributions":{},"includedScopes":[{"contributions":{},"includedScopes":[]},{"contributions":{},"includedScopes":[]},{"contributions":{},"includedScopes":[]},{"contributions":{},"includedScopes":[]},{"contributions":{},"includedScopes":[]},{"contributions":{},"includedScopes":[]},{"contributions":{},"includedScopes":[]},{"contributions":{},"includedScopes":[]},{"contributions":{},"includedScopes":[]}]},"contributions":{},"includedScopes":[{"containerScope":{"containerScope":{"containerScope":{"contributions":{},"includedScopes":[]},"contributions":{},"includedScopes":[]},"contributions":{},"includedScopes":[]},"contributions":{},"includedScopes":[]}]},{"containerScope":{"containerScope":{"containerScope":{"contributions":{},"includedScopes":[]},"contributions":{},"includedScopes":[]},"contributions":{},"includedScopes":[]},"contributions":{},"includedScopes":[]}]},"contributions":{},"includedScopes":[]},"contributions":{},"includedScopes":[]},"contributions":{},"includedScopes":[]},"contributions":{},"includedScopes":[]},"contributions":{},"includedScopes":[]},"sourceMap":{"end":{"column":26,"line":50,"offset":1392},"start":{"column":7,"line":50,"offset":1373}}},{"args":[],"id":"27ab43ed-6e9f-419f-aeda-948b43cb5071","message":"colisionExtraPosition","metadata":[],"receiver":{"id":"abe00e24-9ad6-45e3-93a5-11a2d8687d98","metadata":[],"scope":{"containerScope":{"containerScope":{"containerScope":{"containerScope":{"containerScope":{"containerScope":{"containerScope":{"containerScope":{"contributions":{},"includedScopes":[]},"contributions":{},"includedScopes":[{"contributions":{},"includedScopes":[]},{"contributions":{},"includedScopes":[]}]},"contributions":{},"includedScopes":[{"containerScope":{"containerScope":{"contributions":{},"includedScopes":[]},"contributions":{},"includedScopes":[{"contributions":{},"includedScopes":[]},{"contributions":{},"includedScopes":[]},{"contributions":{},"includedScopes":[]},{"contributions":{},"includedScopes":[]},{"contributions":{},"includedScopes":[]},{"contributions":{},"includedScopes":[]},{"contributions":{},"includedScopes":[]},{"contributions":{},"includedScopes":[]},{"contributions":{},"includedScopes":[]}]},"contributions":{},"includedScopes":[{"containerScope":{"containerScope":{"containerScope":{"contributions":{},"includedScopes":[]},"contributions":{},"includedScopes":[]},"contributions":{},"includedScopes":[]},"contributions":{},"includedScopes":[]}]},{"containerScope":{"containerScope":{"containerScope":{"contributions":{},"includedScopes":[]},"contributions":{},"includedScopes":[]},"contributions":{},"includedScopes":[]},"contributions":{},"includedScopes":[]}]},"contributions":{},"includedScopes":[]},"contributions":{},"includedScopes":[]},"contributions":{},"includedScopes":[]},"contributions":{},"includedScopes":[]},"contributions":{},"includedScopes":[]},"contributions":{},"includedScopes":[]},"sourceMap":{"end":{"column":11,"line":51,"offset":1404},"start":{"column":7,"line":51,"offset":1400}}},"scope":{"containerScope":{"containerScope":{"containerScope":{"containerScope":{"containerScope":{"containerScope":{"containerScope":{"contributions":{},"includedScopes":[]},"contributions":{},"includedScopes":[{"contributions":{},"includedScopes":[]},{"contributions":{},"includedScopes":[]}]},"contributions":{},"includedScopes":[{"containerScope":{"containerScope":{"contributions":{},"includedScopes":[]},"contributions":{},"includedScopes":[{"contributions":{},"includedScopes":[]},{"contributions":{},"includedScopes":[]},{"contributions":{},"includedScopes":[]},{"contributions":{},"includedScopes":[]},{"contributions":{},"includedScopes":[]},{"contributions":{},"includedScopes":[]},{"contributions":{},"includedScopes":[]},{"contributions":{},"includedScopes":[]},{"contributions":{},"includedScopes":[]}]},"contributions":{},"includedScopes":[{"containerScope":{"containerScope":{"containerScope":{"contributions":{},"includedScopes":[]},"contributions":{},"includedScopes":[]},"contributions":{},"includedScopes":[]},"contributions":{},"includedScopes":[]}]},{"containerScope":{"containerScope":{"containerScope":{"contributions":{},"includedScopes":[]},"contributions":{},"includedScopes":[]},"contributions":{},"includedScopes":[]},"contributions":{},"includedScopes":[]}]},"contributions":{},"includedScopes":[]},"contributions":{},"includedScopes":[]},"contributions":{},"includedScopes":[]},"contributions":{},"includedScopes":[]},"contributions":{},"includedScopes":[]},"sourceMap":{"end":{"column":35,"line":51,"offset":1428},"start":{"column":6,"line":51,"offset":1400}}}],"sourceMap":{"end":{"column":6,"line":52,"offset":1435},"start":{"column":10,"line":49,"offset":1364}}},"id":"4f23588c-7dda-444d-a68b-7f8764ccd72c","metadata":[],"scope":{"containerScope":{"containerScope":{"containerScope":{"containerScope":{"containerScope":{"contributions":{},"includedScopes":[]},"contributions":{},"includedScopes":[{"contributions":{},"includedScopes":[]},{"contributions":{},"includedScopes":[]}]},"contributions":{},"includedScopes":[{"containerScope":{"containerScope":{"contributions":{},"includedScopes":[]},"contributions":{},"includedScopes":[{"contributions":{},"includedScopes":[]},{"contributions":{},"includedScopes":[]},{"contributions":{},"includedScopes":[]},{"contributions":{},"includedScopes":[]},{"contributions":{},"includedScopes":[]},{"contributions":{},"includedScopes":[]},{"contributions":{},"includedScopes":[]},{"contributions":{},"includedScopes":[]},{"contributions":{},"includedScopes":[]}]},"contributions":{},"includedScopes":[{"containerScope":{"containerScope":{"containerScope":{"contributions":{},"includedScopes":[]},"contributions":{},"includedScopes":[]},"contributions":{},"includedScopes":[]},"contributions":{},"includedScopes":[]}]},{"containerScope":{"containerScope":{"containerScope":{"contributions":{},"includedScopes":[]},"contributions":{},"includedScopes":[]},"contributions":{},"includedScopes":[]},"contributions":{},"includedScopes":[]}]},"contributions":{},"includedScopes":[]},"contributions":{},"includedScopes":[]},"contributions":{},"includedScopes":[]},"sourceMap":{"end":{"column":6,"line":52,"offset":1435},"start":{"column":5,"line":46,"offset":1296}},"thenBody":{"id":"891ca7e9-59e4-4f11-b55e-5d0d590cf3bf","metadata":[],"problems":[],"scope":{"containerScope":{"containerScope":{"containerScope":{"containerScope":{"containerScope":{"containerScope":{"contributions":{},"includedScopes":[]},"contributions":{},"includedScopes":[{"contributions":{},"includedScopes":[]},{"contributions":{},"includedScopes":[]}]},"contributions":{},"includedScopes":[{"containerScope":{"containerScope":{"contributions":{},"includedScopes":[]},"contributions":{},"includedScopes":[{"contributions":{},"includedScopes":[]},{"contributions":{},"includedScopes":[]},{"contributions":{},"includedScopes":[]},{"contributions":{},"includedScopes":[]},{"contributions":{},"includedScopes":[]},{"contributions":{},"includedScopes":[]},{"contributions":{},"includedScopes":[]},{"contributions":{},"includedScopes":[]},{"contributions":{},"includedScopes":[]}]},"contributions":{},"includedScopes":[{"containerScope":{"containerScope":{"containerScope":{"contributions":{},"includedScopes":[]},"contributions":{},"includedScopes":[]},"contributions":{},"includedScopes":[]},"contributions":{},"includedScopes":[]}]},{"containerScope":{"containerScope":{"containerScope":{"contributions":{},"includedScopes":[]},"contributions":{},"includedScopes":[]},"contributions":{},"includedScopes":[]},"contributions":{},"includedScopes":[]}]},"contributions":{},"includedScopes":[]},"contributions":{},"includedScopes":[]},"contributions":{},"includedScopes":[]},"contributions":{},"includedScopes":[]},"sentences":[{"args":[],"id":"444da9af-58d0-42e1-b77f-f8490d6e120a","message":"eliminar","metadata":[],"receiver":{"id":"f6246956-41c8-46a7-86af-c8e7cb35a07c","metadata":[],"scope":{"containerScope":{"containerScope":{"containerScope":{"containerScope":{"containerScope":{"containerScope":{"containerScope":{"containerScope":{"contributions":{},"includedScopes":[]},"contributions":{},"includedScopes":[{"contributions":{},"includedScopes":[]},{"contributions":{},"includedScopes":[]}]},"contributions":{},"includedScopes":[{"containerScope":{"containerScope":{"contributions":{},"includedScopes":[]},"contributions":{},"includedScopes":[{"contributions":{},"includedScopes":[]},{"contributions":{},"includedScopes":[]},{"contributions":{},"includedScopes":[]},{"contributions":{},"includedScopes":[]},{"contributions":{},"includedScopes":[]},{"contributions":{},"includedScopes":[]},{"contributions":{},"includedScopes":[]},{"contributions":{},"includedScopes":[]},{"contributions":{},"includedScopes":[]}]},"contributions":{},"includedScopes":[{"containerScope":{"containerScope":{"containerScope":{"contributions":{},"includedScopes":[]},"contributions":{},"includedScopes":[]},"contributions":{},"includedScopes":[]},"contributions":{},"includedScopes":[]}]},{"containerScope":{"containerScope":{"containerScope":{"contributions":{},"includedScopes":[]},"contributions":{},"includedScopes":[]},"contributions":{},"includedScopes":[]},"contributions":{},"includedScopes":[]}]},"contributions":{},"includedScopes":[]},"contributions":{},"includedScopes":[]},"contributions":{},"includedScopes":[]},"contributions":{},"includedScopes":[]},"contributions":{},"includedScopes":[]},"contributions":{},"includedScopes":[]},"sourceMap":{"end":{"column":11,"line":47,"offset":1334},"start":{"column":7,"line":47,"offset":1330}}},"scope":{"containerScope":{"containerScope":{"containerScope":{"containerScope":{"containerScope":{"containerScope":{"containerScope":{"contributions":{},"includedScopes":[]},"contributions":{},"includedScopes":[{"contributions":{},"includedScopes":[]},{"contributions":{},"includedScopes":[]}]},"contributions":{},"includedScopes":[{"containerScope":{"containerScope":{"contributions":{},"includedScopes":[]},"contributions":{},"includedScopes":[{"contributions":{},"includedScopes":[]},{"contributions":{},"includedScopes":[]},{"contributions":{},"includedScopes":[]},{"contributions":{},"includedScopes":[]},{"contributions":{},"includedScopes":[]},{"contributions":{},"includedScopes":[]},{"contributions":{},"includedScopes":[]},{"contributions":{},"includedScopes":[]},{"contributions":{},"includedScopes":[]}]},"contributions":{},"includedScopes":[{"containerScope":{"containerScope":{"containerScope":{"contributions":{},"includedScopes":[]},"contributions":{},"includedScopes":[]},"contributions":{},"includedScopes":[]},"contributions":{},"includedScopes":[]}]},{"containerScope":{"containerScope":{"containerScope":{"contributions":{},"includedScopes":[]},"contributions":{},"includedScopes":[]},"contributions":{},"includedScopes":[]},"contributions":{},"includedScopes":[]}]},"contributions":{},"includedScopes":[]},"contributions":{},"includedScopes":[]},"contributions":{},"includedScopes":[]},"contributions":{},"includedScopes":[]},"contributions":{},"includedScopes":[]},"sourceMap":{"end":{"column":22,"line":47,"offset":1345},"start":{"column":7,"line":47,"offset":1330}}}],"sourceMap":{"end":{"column":6,"line":48,"offset":1352},"start":{"column":30,"line":46,"offset":1321}}}}],"sourceMap":{"end":{"column":4,"line":53,"offset":1440},"start":{"column":25,"line":45,"offset":1289}}},"compiled":false,"id":"d1da135f-1617-4a35-b1e2-7a2fcc72f729","isOverride":false,"metadata":[],"name":"moverDerecha","parameters":[],"problems":[],"scope":{"containerScope":{"containerScope":{"containerScope":{"contributions":{},"includedScopes":[]},"contributions":{},"includedScopes":[{"contributions":{},"includedScopes":[]},{"contributions":{},"includedScopes":[]}]},"contributions":{},"includedScopes":[{"containerScope":{"containerScope":{"contributions":{},"includedScopes":[]},"contributions":{},"includedScopes":[{"contributions":{},"includedScopes":[]},{"contributions":{},"includedScopes":[]},{"contributions":{},"includedScopes":[]},{"contributions":{},"includedScopes":[]},{"contributions":{},"includedScopes":[]},{"contributions":{},"includedScopes":[]},{"contributions":{},"includedScopes":[]},{"contributions":{},"includedScopes":[]},{"contributions":{},"includedScopes":[]}]},"contributions":{},"includedScopes":[{"containerScope":{"containerScope":{"containerScope":{"contributions":{},"includedScopes":[]},"contributions":{},"includedScopes":[]},"contributions":{},"includedScopes":[]},"contributions":{},"includedScopes":[]}]},{"containerScope":{"containerScope":{"containerScope":{"contributions":{},"includedScopes":[]},"contributions":{},"includedScopes":[]},"contributions":{},"includedScopes":[]},"contributions":{},"includedScopes":[]}]},"contributions":{},"includedScopes":[]},"sourceMap":{"end":{"column":4,"line":53,"offset":1440},"start":{"column":3,"line":45,"offset":1267}}},{"body":{"id":"05cb127e-b578-40f4-a368-064be88860b8","metadata":[],"problems":[],"scope":{"containerScope":{"containerScope":{"containerScope":{"containerScope":{"contributions":{},"includedScopes":[]},"contributions":{},"includedScopes":[{"contributions":{},"includedScopes":[]},{"contributions":{},"includedScopes":[]}]},"contributions":{},"includedScopes":[{"containerScope":{"containerScope":{"contributions":{},"includedScopes":[]},"contributions":{},"includedScopes":[{"contributions":{},"includedScopes":[]},{"contributions":{},"includedScopes":[]},{"contributions":{},"includedScopes":[]},{"contributions":{},"includedScopes":[]},{"contributions":{},"includedScopes":[]},{"contributions":{},"includedScopes":[]},{"contributions":{},"includedScopes":[]},{"contributions":{},"includedScopes":[]},{"contributions":{},"includedScopes":[]}]},"contributions":{},"includedScopes":[{"containerScope":{"containerScope":{"containerScope":{"contributions":{},"includedScopes":[]},"contributions":{},"includedScopes":[]},"contributions":{},"includedScopes":[]},"contributions":{},"includedScopes":[]}]},{"containerScope":{"containerScope":{"containerScope":{"contributions":{},"includedScopes":[]},"contributions":{},"includedScopes":[]},"contributions":{},"includedScopes":[]},"contributions":{},"includedScopes":[]}]},"contributions":{},"includedScopes":[]},"contributions":{},"includedScopes":[]},"sentences":[{"args":[{"id":"9c6e6018-15ef-46ce-a1a6-bd2237b1cafb","metadata":[],"scope":{"containerScope":{"containerScope":{"containerScope":{"containerScope":{"containerScope":{"containerScope":{"contributions":{},"includedScopes":[]},"contributions":{},"includedScopes":[{"contributions":{},"includedScopes":[]},{"contributions":{},"includedScopes":[]}]},"contributions":{},"includedScopes":[{"containerScope":{"containerScope":{"contributions":{},"includedScopes":[]},"contributions":{},"includedScopes":[{"contributions":{},"includedScopes":[]},{"contributions":{},"includedScopes":[]},{"contributions":{},"includedScopes":[]},{"contributions":{},"includedScopes":[]},{"contributions":{},"includedScopes":[]},{"contributions":{},"includedScopes":[]},{"contributions":{},"includedScopes":[]},{"contributions":{},"includedScopes":[]},{"contributions":{},"includedScopes":[]}]},"contributions":{},"includedScopes":[{"containerScope":{"containerScope":{"containerScope":{"contributions":{},"includedScopes":[]},"contributions":{},"includedScopes":[]},"contributions":{},"includedScopes":[]},"contributions":{},"includedScopes":[]}]},{"containerScope":{"containerScope":{"containerScope":{"contributions":{},"includedScopes":[]},"contributions":{},"includedScopes":[]},"contributions":{},"includedScopes":[]},"contributions":{},"includedScopes":[]}]},"contributions":{},"includedScopes":[]},"contributions":{},"includedScopes":[]},"contributions":{},"includedScopes":[]},"contributions":{},"includedScopes":[]},"sourceMap":{"end":{"column":27,"line":55,"offset":1491},"start":{"column":23,"line":55,"offset":1487}}}],"id":"15fafa61-ed63-4f8d-a2b2-0be184bb1852","message":"removeVisual","metadata":[],"receiver":{"id":"b4af76fa-0088-437b-a203-60f4bc4c0f91","metadata":[],"name":"game","scope":{"containerScope":{"containerScope":{"containerScope":{"containerScope":{"containerScope":{"containerScope":{"contributions":{},"includedScopes":[]},"contributions":{},"includedScopes":[{"contributions":{},"includedScopes":[]},{"contributions":{},"includedScopes":[]}]},"contributions":{},"includedScopes":[{"containerScope":{"containerScope":{"contributions":{},"includedScopes":[]},"contributions":{},"includedScopes":[{"contributions":{},"includedScopes":[]},{"contributions":{},"includedScopes":[]},{"contributions":{},"includedScopes":[]},{"contributions":{},"includedScopes":[]},{"contributions":{},"includedScopes":[]},{"contributions":{},"includedScopes":[]},{"contributions":{},"includedScopes":[]},{"contributions":{},"includedScopes":[]},{"contributions":{},"includedScopes":[]}]},"contributions":{},"includedScopes":[{"containerScope":{"containerScope":{"containerScope":{"contributions":{},"includedScopes":[]},"contributions":{},"includedScopes":[]},"contributions":{},"includedScopes":[]},"contributions":{},"includedScopes":[]}]},{"containerScope":{"containerScope":{"containerScope":{"contributions":{},"includedScopes":[]},"contributions":{},"includedScopes":[]},"contributions":{},"includedScopes":[]},"contributions":{},"includedScopes":[]}]},"contributions":{},"includedScopes":[]},"contributions":{},"includedScopes":[]},"contributions":{},"includedScopes":[]},"contributions":{},"includedScopes":[]},"sourceMap":{"end":{"column":9,"line":55,"offset":1473},"start":{"column":5,"line":55,"offset":1469}}},"scope":{"containerScope":{"containerScope":{"containerScope":{"containerScope":{"containerScope":{"contributions":{},"includedScopes":[]},"contributions":{},"includedScopes":[{"contributions":{},"includedScopes":[]},{"contributions":{},"includedScopes":[]}]},"contributions":{},"includedScopes":[{"containerScope":{"containerScope":{"contributions":{},"includedScopes":[]},"contributions":{},"includedScopes":[{"contributions":{},"includedScopes":[]},{"contributions":{},"includedScopes":[]},{"contributions":{},"includedScopes":[]},{"contributions":{},"includedScopes":[]},{"contributions":{},"includedScopes":[]},{"contributions":{},"includedScopes":[]},{"contributions":{},"includedScopes":[]},{"contributions":{},"includedScopes":[]},{"contributions":{},"includedScopes":[]}]},"contributions":{},"includedScopes":[{"containerScope":{"containerScope":{"containerScope":{"contributions":{},"includedScopes":[]},"contributions":{},"includedScopes":[]},"contributions":{},"includedScopes":[]},"contributions":{},"includedScopes":[]}]},{"containerScope":{"containerScope":{"containerScope":{"contributions":{},"includedScopes":[]},"contributions":{},"includedScopes":[]},"contributions":{},"includedScopes":[]},"contributions":{},"includedScopes":[]}]},"contributions":{},"includedScopes":[]},"contributions":{},"includedScopes":[]},"contributions":{},"includedScopes":[]},"sourceMap":{"end":{"column":28,"line":55,"offset":1492},"start":{"column":5,"line":55,"offset":1469}}},{"args":[{"id":"73eee101-529c-4c7e-948c-7e9bfb70c9fd","metadata":[],"scope":{"containerScope":{"containerScope":{"containerScope":{"containerScope":{"containerScope":{"containerScope":{"contributions":{},"includedScopes":[]},"contributions":{},"includedScopes":[{"contributions":{},"includedScopes":[]},{"contributions":{},"includedScopes":[]}]},"contributions":{},"includedScopes":[{"containerScope":{"containerScope":{"contributions":{},"includedScopes":[]},"contributions":{},"includedScopes":[{"contributions":{},"includedScopes":[]},{"contributions":{},"includedScopes":[]},{"contributions":{},"includedScopes":[]},{"contributions":{},"includedScopes":[]},{"contributions":{},"includedScopes":[]},{"contributions":{},"includedScopes":[]},{"contributions":{},"includedScopes":[]},{"contributions":{},"includedScopes":[]},{"contributions":{},"includedScopes":[]}]},"contributions":{},"includedScopes":[{"containerScope":{"containerScope":{"containerScope":{"contributions":{},"includedScopes":[]},"contributions":{},"includedScopes":[]},"contributions":{},"includedScopes":[]},"contributions":{},"includedScopes":[]}]},{"containerScope":{"containerScope":{"containerScope":{"contributions":{},"includedScopes":[]},"contributions":{},"includedScopes":[]},"contributions":{},"includedScopes":[]},"contributions":{},"includedScopes":[]}]},"contributions":{},"includedScopes":[]},"contributions":{},"includedScopes":[]},"contributions":{},"includedScopes":[]},"contributions":{},"includedScopes":[]},"sourceMap":{"end":{"column":49,"line":56,"offset":1542},"start":{"column":45,"line":56,"offset":1538}}}],"id":"a9679501-2b48-4a14-b06c-ef7e18d46068","message":"destruirHechizo","metadata":[],"receiver":{"id":"b6f09487-e93e-4508-804d-b1169e77af84","metadata":[],"name":"administradorDeHechizos","scope":{"containerScope":{"containerScope":{"containerScope":{"containerScope":{"containerScope":{"containerScope":{"contributions":{},"includedScopes":[]},"contributions":{},"includedScopes":[{"contributions":{},"includedScopes":[]},{"contributions":{},"includedScopes":[]}]},"contributions":{},"includedScopes":[{"containerScope":{"containerScope":{"contributions":{},"includedScopes":[]},"contributions":{},"includedScopes":[{"contributions":{},"includedScopes":[]},{"contributions":{},"includedScopes":[]},{"contributions":{},"includedScopes":[]},{"contributions":{},"includedScopes":[]},{"contributions":{},"includedScopes":[]},{"contributions":{},"includedScopes":[]},{"contributions":{},"includedScopes":[]},{"contributions":{},"includedScopes":[]},{"contributions":{},"includedScopes":[]}]},"contributions":{},"includedScopes":[{"containerScope":{"containerScope":{"containerScope":{"contributions":{},"includedScopes":[]},"contributions":{},"includedScopes":[]},"contributions":{},"includedScopes":[]},"contributions":{},"includedScopes":[]}]},{"containerScope":{"containerScope":{"containerScope":{"contributions":{},"includedScopes":[]},"contributions":{},"includedScopes":[]},"contributions":{},"includedScopes":[]},"contributions":{},"includedScopes":[]}]},"contributions":{},"includedScopes":[]},"contributions":{},"includedScopes":[]},"contributions":{},"includedScopes":[]},"contributions":{},"includedScopes":[]},"sourceMap":{"end":{"column":28,"line":56,"offset":1521},"start":{"column":5,"line":56,"offset":1498}}},"scope":{"containerScope":{"containerScope":{"containerScope":{"containerScope":{"containerScope":{"contributions":{},"includedScopes":[]},"contributions":{},"includedScopes":[{"contributions":{},"includedScopes":[]},{"contributions":{},"includedScopes":[]}]},"contributions":{},"includedScopes":[{"containerScope":{"containerScope":{"contributions":{},"includedScopes":[]},"contributions":{},"includedScopes":[{"contributions":{},"includedScopes":[]},{"contributions":{},"includedScopes":[]},{"contributions":{},"includedScopes":[]},{"contributions":{},"includedScopes":[]},{"contributions":{},"includedScopes":[]},{"contributions":{},"includedScopes":[]},{"contributions":{},"includedScopes":[]},{"contributions":{},"includedScopes":[]},{"contributions":{},"includedScopes":[]}]},"contributions":{},"includedScopes":[{"containerScope":{"containerScope":{"containerScope":{"contributions":{},"includedScopes":[]},"contributions":{},"includedScopes":[]},"contributions":{},"includedScopes":[]},"contributions":{},"includedScopes":[]}]},{"containerScope":{"containerScope":{"containerScope":{"contributions":{},"includedScopes":[]},"contributions":{},"includedScopes":[]},"contributions":{},"includedScopes":[]},"contributions":{},"includedScopes":[]}]},"contributions":{},"includedScopes":[]},"contributions":{},"includedScopes":[]},"contributions":{},"includedScopes":[]},"sourceMap":{"end":{"column":50,"line":56,"offset":1543},"start":{"column":4,"line":56,"offset":1498}}}],"sourceMap":{"end":{"column":4,"line":57,"offset":1548},"start":{"column":21,"line":54,"offset":1462}}},"compiled":false,"id":"2c246ea9-47cb-425f-99b7-c35299684355","isOverride":false,"metadata":[],"name":"eliminar","parameters":[],"problems":[],"scope":{"containerScope":{"containerScope":{"containerScope":{"contributions":{},"includedScopes":[]},"contributions":{},"includedScopes":[{"contributions":{},"includedScopes":[]},{"contributions":{},"includedScopes":[]}]},"contributions":{},"includedScopes":[{"containerScope":{"containerScope":{"contributions":{},"includedScopes":[]},"contributions":{},"includedScopes":[{"contributions":{},"includedScopes":[]},{"contributions":{},"includedScopes":[]},{"contributions":{},"includedScopes":[]},{"contributions":{},"includedScopes":[]},{"contributions":{},"includedScopes":[]},{"contributions":{},"includedScopes":[]},{"contributions":{},"includedScopes":[]},{"contributions":{},"includedScopes":[]},{"contributions":{},"includedScopes":[]}]},"contributions":{},"includedScopes":[{"containerScope":{"containerScope":{"containerScope":{"contributions":{},"includedScopes":[]},"contributions":{},"includedScopes":[]},"contributions":{},"includedScopes":[]},"contributions":{},"includedScopes":[]}]},{"containerScope":{"containerScope":{"containerScope":{"contributions":{},"includedScopes":[]},"contributions":{},"includedScopes":[]},"contributions":{},"includedScopes":[]},"contributions":{},"includedScopes":[]}]},"contributions":{},"includedScopes":[]},"sourceMap":{"end":{"column":4,"line":57,"offset":1548},"start":{"column":3,"line":54,"offset":1444}}},{"body":{"id":"06f8d3a7-ae5a-4fa5-b48c-487c8953f6c8","metadata":[{"args":{"position":"end","text":"// esto es lo que ocurre cuando colisiona con algo"},"name":"comment"}],"problems":[],"scope":{"containerScope":{"containerScope":{"containerScope":{"containerScope":{"contributions":{},"includedScopes":[]},"contributions":{},"includedScopes":[{"contributions":{},"includedScopes":[]},{"contributions":{},"includedScopes":[]}]},"contributions":{},"includedScopes":[{"containerScope":{"containerScope":{"contributions":{},"includedScopes":[]},"contributions":{},"includedScopes":[{"contributions":{},"includedScopes":[]},{"contributions":{},"includedScopes":[]},{"contributions":{},"includedScopes":[]},{"contributions":{},"includedScopes":[]},{"contributions":{},"includedScopes":[]},{"contributions":{},"includedScopes":[]},{"contributions":{},"includedScopes":[]},{"contributions":{},"includedScopes":[]},{"contributions":{},"includedScopes":[]}]},"contributions":{},"includedScopes":[{"containerScope":{"containerScope":{"containerScope":{"contributions":{},"includedScopes":[]},"contributions":{},"includedScopes":[]},"contributions":{},"includedScopes":[]},"contributions":{},"includedScopes":[]}]},{"containerScope":{"containerScope":{"containerScope":{"contributions":{},"includedScopes":[]},"contributions":{},"includedScopes":[]},"contributions":{},"includedScopes":[]},"contributions":{},"includedScopes":[]}]},"contributions":{},"includedScopes":[]},"contributions":{},"includedScopes":[]},"sentences":[],"sourceMap":{"end":{"column":25,"line":58,"offset":1574},"start":{"column":23,"line":58,"offset":1572}}},"compiled":false,"id":"c2b7e590-28ec-4add-a447-a122c211e0d1","isOverride":false,"metadata":[],"name":"colisionar","parameters":[],"problems":[],"scope":{"containerScope":{"containerScope":{"containerScope":{"contributions":{},"includedScopes":[]},"contributions":{},"includedScopes":[{"contributions":{},"includedScopes":[]},{"contributions":{},"includedScopes":[]}]},"contributions":{},"includedScopes":[{"containerScope":{"containerScope":{"contributions":{},"includedScopes":[]},"contributions":{},"includedScopes":[{"contributions":{},"includedScopes":[]},{"contributions":{},"includedScopes":[]},{"contributions":{},"includedScopes":[]},{"contributions":{},"includedScopes":[]},{"contributions":{},"includedScopes":[]},{"contributions":{},"includedScopes":[]},{"contributions":{},"includedScopes":[]},{"contributions":{},"includedScopes":[]},{"contributions":{},"includedScopes":[]}]},"contributions":{},"includedScopes":[{"containerScope":{"containerScope":{"containerScope":{"contributions":{},"includedScopes":[]},"contributions":{},"includedScopes":[]},"contributions":{},"includedScopes":[]},"contributions":{},"includedScopes":[]}]},{"containerScope":{"containerScope":{"containerScope":{"contributions":{},"includedScopes":[]},"contributions":{},"includedScopes":[]},"contributions":{},"includedScopes":[]},"contributions":{},"includedScopes":[]}]},"contributions":{},"includedScopes":[]},"sourceMap":{"end":{"column":75,"line":58,"offset":1624},"start":{"column":3,"line":58,"offset":1552}}},{"body":{"id":"49a1d921-c4a0-4013-93ce-b31e20600045","metadata":[],"scope":{"containerScope":{"containerScope":{"containerScope":{"containerScope":{"contributions":{},"includedScopes":[]},"contributions":{},"includedScopes":[{"contributions":{},"includedScopes":[]},{"contributions":{},"includedScopes":[]}]},"contributions":{},"includedScopes":[{"containerScope":{"containerScope":{"contributions":{},"includedScopes":[]},"contributions":{},"includedScopes":[{"contributions":{},"includedScopes":[]},{"contributions":{},"includedScopes":[]},{"contributions":{},"includedScopes":[]},{"contributions":{},"includedScopes":[]},{"contributions":{},"includedScopes":[]},{"contributions":{},"includedScopes":[]},{"contributions":{},"includedScopes":[]},{"contributions":{},"includedScopes":[]},{"contributions":{},"includedScopes":[]}]},"contributions":{},"includedScopes":[{"containerScope":{"containerScope":{"containerScope":{"contributions":{},"includedScopes":[]},"contributions":{},"includedScopes":[]},"contributions":{},"includedScopes":[]},"contributions":{},"includedScopes":[]}]},{"containerScope":{"containerScope":{"containerScope":{"contributions":{},"includedScopes":[]},"contributions":{},"includedScopes":[]},"contributions":{},"includedScopes":[]},"contributions":{},"includedScopes":[]}]},"contributions":{},"includedScopes":[]},"contributions":{},"includedScopes":[]},"sentences":[{"id":"304f3460-8a41-4d4e-8ecf-95cde50b8fde","metadata":[],"scope":{"containerScope":{"containerScope":{"containerScope":{"containerScope":{"containerScope":{"contributions":{},"includedScopes":[]},"contributions":{},"includedScopes":[{"contributions":{},"includedScopes":[]},{"contributions":{},"includedScopes":[]}]},"contributions":{},"includedScopes":[{"containerScope":{"containerScope":{"contributions":{},"includedScopes":[]},"contributions":{},"includedScopes":[{"contributions":{},"includedScopes":[]},{"contributions":{},"includedScopes":[]},{"contributions":{},"includedScopes":[]},{"contributions":{},"includedScopes":[]},{"contributions":{},"includedScopes":[]},{"contributions":{},"includedScopes":[]},{"contributions":{},"includedScopes":[]},{"contributions":{},"includedScopes":[]},{"contributions":{},"includedScopes":[]}]},"contributions":{},"includedScopes":[{"containerScope":{"containerScope":{"containerScope":{"contributions":{},"includedScopes":[]},"contributions":{},"includedScopes":[]},"contributions":{},"includedScopes":[]},"contributions":{},"includedScopes":[]}]},{"containerScope":{"containerScope":{"containerScope":{"contributions":{},"includedScopes":[]},"contributions":{},"includedScopes":[]},"contributions":{},"includedScopes":[]},"contributions":{},"includedScopes":[]}]},"contributions":{},"includedScopes":[]},"contributions":{},"includedScopes":[]},"contributions":{},"includedScopes":[]},"value":{"id":"03b1fd58-9634-4a87-a495-150f17a8a7c7","metadata":[],"name":"tipo","scope":{"containerScope":{"containerScope":{"containerScope":{"containerScope":{"containerScope":{"containerScope":{"contributions":{},"includedScopes":[]},"contributions":{},"includedScopes":[{"contributions":{},"includedScopes":[]},{"contributions":{},"includedScopes":[]}]},"contributions":{},"includedScopes":[{"containerScope":{"containerScope":{"contributions":{},"includedScopes":[]},"contributions":{},"includedScopes":[{"contributions":{},"includedScopes":[]},{"contributions":{},"includedScopes":[]},{"contributions":{},"includedScopes":[]},{"contributions":{},"includedScopes":[]},{"contributions":{},"includedScopes":[]},{"contributions":{},"includedScopes":[]},{"contributions":{},"includedScopes":[]},{"contributions":{},"includedScopes":[]},{"contributions":{},"includedScopes":[]}]},"contributions":{},"includedScopes":[{"containerScope":{"containerScope":{"containerScope":{"contributions":{},"includedScopes":[]},"contributions":{},"includedScopes":[]},"contributions":{},"includedScopes":[]},"contributions":{},"includedScopes":[]}]},{"containerScope":{"containerScope":{"containerScope":{"contributions":{},"includedScopes":[]},"contributions":{},"includedScopes":[]},"contributions":{},"includedScopes":[]},"contributions":{},"includedScopes":[]}]},"contributions":{},"includedScopes":[]},"contributions":{},"includedScopes":[]},"contributions":{},"includedScopes":[]},"contributions":{},"includedScopes":[]}}}]},"compiled":false,"id":"5678a427-11a3-4a3f-9264-1d640621326b","isOverride":false,"metadata":[],"name":"tipo","parameters":[],"scope":{"containerScope":{"containerScope":{"containerScope":{"contributions":{},"includedScopes":[]},"contributions":{},"includedScopes":[{"contributions":{},"includedScopes":[]},{"contributions":{},"includedScopes":[]}]},"contributions":{},"includedScopes":[{"containerScope":{"containerScope":{"contributions":{},"includedScopes":[]},"contributions":{},"includedScopes":[{"contributions":{},"includedScopes":[]},{"contributions":{},"includedScopes":[]},{"contributions":{},"includedScopes":[]},{"contributions":{},"includedScopes":[]},{"contributions":{},"includedScopes":[]},{"contributions":{},"includedScopes":[]},{"contributions":{},"includedScopes":[]},{"contributions":{},"includedScopes":[]},{"contributions":{},"includedScopes":[]}]},"contributions":{},"includedScopes":[{"containerScope":{"containerScope":{"containerScope":{"contributions":{},"includedScopes":[]},"contributions":{},"includedScopes":[]},"contributions":{},"includedScopes":[]},"contributions":{},"includedScopes":[]}]},{"containerScope":{"containerScope":{"containerScope":{"contributions":{},"includedScopes":[]},"contributions":{},"includedScopes":[]},"contributions":{},"includedScopes":[]},"contributions":{},"includedScopes":[]}]},"contributions":{},"includedScopes":[]}},{"body":{"id":"54f0df6d-5878-4b6b-8980-c099582d22c6","metadata":[],"scope":{"containerScope":{"containerScope":{"containerScope":{"containerScope":{"contributions":{},"includedScopes":[]},"contributions":{},"includedScopes":[{"contributions":{},"includedScopes":[]},{"contributions":{},"includedScopes":[]}]},"contributions":{},"includedScopes":[{"containerScope":{"containerScope":{"contributions":{},"includedScopes":[]},"contributions":{},"includedScopes":[{"contributions":{},"includedScopes":[]},{"contributions":{},"includedScopes":[]},{"contributions":{},"includedScopes":[]},{"contributions":{},"includedScopes":[]},{"contributions":{},"includedScopes":[]},{"contributions":{},"includedScopes":[]},{"contributions":{},"includedScopes":[]},{"contributions":{},"includedScopes":[]},{"contributions":{},"includedScopes":[]}]},"contributions":{},"includedScopes":[{"containerScope":{"containerScope":{"containerScope":{"contributions":{},"includedScopes":[]},"contributions":{},"includedScopes":[]},"contributions":{},"includedScopes":[]},"contributions":{},"includedScopes":[]}]},{"containerScope":{"containerScope":{"containerScope":{"contributions":{},"includedScopes":[]},"contributions":{},"includedScopes":[]},"contributions":{},"includedScopes":[]},"contributions":{},"includedScopes":[]}]},"contributions":{},"includedScopes":[]},"contributions":{},"includedScopes":[]},"sentences":[{"id":"ec69c6bb-b807-4050-a467-b46abd741201","metadata":[],"scope":{"containerScope":{"containerScope":{"containerScope":{"containerScope":{"containerScope":{"contributions":{},"includedScopes":[]},"contributions":{},"includedScopes":[{"contributions":{},"includedScopes":[]},{"contributions":{},"includedScopes":[]}]},"contributions":{},"includedScopes":[{"containerScope":{"containerScope":{"contributions":{},"includedScopes":[]},"contributions":{},"includedScopes":[{"contributions":{},"includedScopes":[]},{"contributions":{},"includedScopes":[]},{"contributions":{},"includedScopes":[]},{"contributions":{},"includedScopes":[]},{"contributions":{},"includedScopes":[]},{"contributions":{},"includedScopes":[]},{"contributions":{},"includedScopes":[]},{"contributions":{},"includedScopes":[]},{"contributions":{},"includedScopes":[]}]},"contributions":{},"includedScopes":[{"containerScope":{"containerScope":{"containerScope":{"contributions":{},"includedScopes":[]},"contributions":{},"includedScopes":[]},"contributions":{},"includedScopes":[]},"contributions":{},"includedScopes":[]}]},{"containerScope":{"containerScope":{"containerScope":{"contributions":{},"includedScopes":[]},"contributions":{},"includedScopes":[]},"contributions":{},"includedScopes":[]},"contributions":{},"includedScopes":[]}]},"contributions":{},"includedScopes":[]},"contributions":{},"includedScopes":[]},"contributions":{},"includedScopes":[]},"value":{"id":"78809e20-ffea-4725-8724-60cc8be83a5d","metadata":[],"name":"danio","scope":{"containerScope":{"containerScope":{"containerScope":{"containerScope":{"containerScope":{"containerScope":{"contributions":{},"includedScopes":[]},"contributions":{},"includedScopes":[{"contributions":{},"includedScopes":[]},{"contributions":{},"includedScopes":[]}]},"contributions":{},"includedScopes":[{"containerScope":{"containerScope":{"contributions":{},"includedScopes":[]},"contributions":{},"includedScopes":[{"contributions":{},"includedScopes":[]},{"contributions":{},"includedScopes":[]},{"contributions":{},"includedScopes":[]},{"contributions":{},"includedScopes":[]},{"contributions":{},"includedScopes":[]},{"contributions":{},"includedScopes":[]},{"contributions":{},"includedScopes":[]},{"contributions":{},"includedScopes":[]},{"contributions":{},"includedScopes":[]}]},"contributions":{},"includedScopes":[{"containerScope":{"containerScope":{"containerScope":{"contributions":{},"includedScopes":[]},"contributions":{},"includedScopes":[]},"contributions":{},"includedScopes":[]},"contributions":{},"includedScopes":[]}]},{"containerScope":{"containerScope":{"containerScope":{"contributions":{},"includedScopes":[]},"contributions":{},"includedScopes":[]},"contributions":{},"includedScopes":[]},"contributions":{},"includedScopes":[]}]},"contributions":{},"includedScopes":[]},"contributions":{},"includedScopes":[]},"contributions":{},"includedScopes":[]},"contributions":{},"includedScopes":[]}}}]},"compiled":false,"id":"3a5f1a08-93c5-4f92-9379-ab0fe117933e","isOverride":false,"metadata":[],"name":"danio","parameters":[],"scope":{"containerScope":{"containerScope":{"containerScope":{"contributions":{},"includedScopes":[]},"contributions":{},"includedScopes":[{"contributions":{},"includedScopes":[]},{"contributions":{},"includedScopes":[]}]},"contributions":{},"includedScopes":[{"containerScope":{"containerScope":{"contributions":{},"includedScopes":[]},"contributions":{},"includedScopes":[{"contributions":{},"includedScopes":[]},{"contributions":{},"includedScopes":[]},{"contributions":{},"includedScopes":[]},{"contributions":{},"includedScopes":[]},{"contributions":{},"includedScopes":[]},{"contributions":{},"includedScopes":[]},{"contributions":{},"includedScopes":[]},{"contributions":{},"includedScopes":[]},{"contributions":{},"includedScopes":[]}]},"contributions":{},"includedScopes":[{"containerScope":{"containerScope":{"containerScope":{"contributions":{},"includedScopes":[]},"contributions":{},"includedScopes":[]},"contributions":{},"includedScopes":[]},"contributions":{},"includedScopes":[]}]},{"containerScope":{"containerScope":{"containerScope":{"contributions":{},"includedScopes":[]},"contributions":{},"includedScopes":[]},"contributions":{},"includedScopes":[]},"contributions":{},"includedScopes":[]}]},"contributions":{},"includedScopes":[]}},{"body":{"id":"c8cb7286-cb18-49e5-8b15-45e6f75c9056","metadata":[],"scope":{"containerScope":{"containerScope":{"containerScope":{"containerScope":{"contributions":{},"includedScopes":[]},"contributions":{},"includedScopes":[{"contributions":{},"includedScopes":[]},{"contributions":{},"includedScopes":[]}]},"contributions":{},"includedScopes":[{"containerScope":{"containerScope":{"contributions":{},"includedScopes":[]},"contributions":{},"includedScopes":[{"contributions":{},"includedScopes":[]},{"contributions":{},"includedScopes":[]},{"contributions":{},"includedScopes":[]},{"contributions":{},"includedScopes":[]},{"contributions":{},"includedScopes":[]},{"contributions":{},"includedScopes":[]},{"contributions":{},"includedScopes":[]},{"contributions":{},"includedScopes":[]},{"contributions":{},"includedScopes":[]}]},"contributions":{},"includedScopes":[{"containerScope":{"containerScope":{"containerScope":{"contributions":{},"includedScopes":[]},"contributions":{},"includedScopes":[]},"contributions":{},"includedScopes":[]},"contributions":{},"includedScopes":[]}]},{"containerScope":{"containerScope":{"containerScope":{"contributions":{},"includedScopes":[]},"contributions":{},"includedScopes":[]},"contributions":{},"includedScopes":[]},"contributions":{},"includedScopes":[]}]},"contributions":{},"includedScopes":[]},"contributions":{},"includedScopes":[]},"sentences":[{"id":"36d955fe-8c47-4ad0-87d1-5dd686db75ec","metadata":[],"scope":{"containerScope":{"containerScope":{"containerScope":{"containerScope":{"containerScope":{"contributions":{},"includedScopes":[]},"contributions":{},"includedScopes":[{"contributions":{},"includedScopes":[]},{"contributions":{},"includedScopes":[]}]},"contributions":{},"includedScopes":[{"containerScope":{"containerScope":{"contributions":{},"includedScopes":[]},"contributions":{},"includedScopes":[{"contributions":{},"includedScopes":[]},{"contributions":{},"includedScopes":[]},{"contributions":{},"includedScopes":[]},{"contributions":{},"includedScopes":[]},{"contributions":{},"includedScopes":[]},{"contributions":{},"includedScopes":[]},{"contributions":{},"includedScopes":[]},{"contributions":{},"includedScopes":[]},{"contributions":{},"includedScopes":[]}]},"contributions":{},"includedScopes":[{"containerScope":{"containerScope":{"containerScope":{"contributions":{},"includedScopes":[]},"contributions":{},"includedScopes":[]},"contributions":{},"includedScopes":[]},"contributions":{},"includedScopes":[]}]},{"containerScope":{"containerScope":{"containerScope":{"contributions":{},"includedScopes":[]},"contributions":{},"includedScopes":[]},"contributions":{},"includedScopes":[]},"contributions":{},"includedScopes":[]}]},"contributions":{},"includedScopes":[]},"contributions":{},"includedScopes":[]},"contributions":{},"includedScopes":[]},"value":{"id":"16307f60-e3bc-4a00-ae4d-1a66785db981","metadata":[],"name":"position","scope":{"containerScope":{"containerScope":{"containerScope":{"containerScope":{"containerScope":{"containerScope":{"contributions":{},"includedScopes":[]},"contributions":{},"includedScopes":[{"contributions":{},"includedScopes":[]},{"contributions":{},"includedScopes":[]}]},"contributions":{},"includedScopes":[{"containerScope":{"containerScope":{"contributions":{},"includedScopes":[]},"contributions":{},"includedScopes":[{"contributions":{},"includedScopes":[]},{"contributions":{},"includedScopes":[]},{"contributions":{},"includedScopes":[]},{"contributions":{},"includedScopes":[]},{"contributions":{},"includedScopes":[]},{"contributions":{},"includedScopes":[]},{"contributions":{},"includedScopes":[]},{"contributions":{},"includedScopes":[]},{"contributions":{},"includedScopes":[]}]},"contributions":{},"includedScopes":[{"containerScope":{"containerScope":{"containerScope":{"contributions":{},"includedScopes":[]},"contributions":{},"includedScopes":[]},"contributions":{},"includedScopes":[]},"contributions":{},"includedScopes":[]}]},{"containerScope":{"containerScope":{"containerScope":{"contributions":{},"includedScopes":[]},"contributions":{},"includedScopes":[]},"contributions":{},"includedScopes":[]},"contributions":{},"includedScopes":[]}]},"contributions":{},"includedScopes":[]},"contributions":{},"includedScopes":[]},"contributions":{},"includedScopes":[]},"contributions":{},"includedScopes":[]}}}]},"compiled":false,"id":"180b7179-1033-4479-a088-bc12fcfe16f2","isOverride":false,"metadata":[],"name":"position","parameters":[],"scope":{"containerScope":{"containerScope":{"containerScope":{"contributions":{},"includedScopes":[]},"contributions":{},"includedScopes":[{"contributions":{},"includedScopes":[]},{"contributions":{},"includedScopes":[]}]},"contributions":{},"includedScopes":[{"containerScope":{"containerScope":{"contributions":{},"includedScopes":[]},"contributions":{},"includedScopes":[{"contributions":{},"includedScopes":[]},{"contributions":{},"includedScopes":[]},{"contributions":{},"includedScopes":[]},{"contributions":{},"includedScopes":[]},{"contributions":{},"includedScopes":[]},{"contributions":{},"includedScopes":[]},{"contributions":{},"includedScopes":[]},{"contributions":{},"includedScopes":[]},{"contributions":{},"includedScopes":[]}]},"contributions":{},"includedScopes":[{"containerScope":{"containerScope":{"containerScope":{"contributions":{},"includedScopes":[]},"contributions":{},"includedScopes":[]},"contributions":{},"includedScopes":[]},"contributions":{},"includedScopes":[]}]},{"containerScope":{"containerScope":{"containerScope":{"contributions":{},"includedScopes":[]},"contributions":{},"includedScopes":[]},"contributions":{},"includedScopes":[]},"contributions":{},"includedScopes":[]}]},"contributions":{},"includedScopes":[]}},{"body":{"id":"54008f29-e0bc-4a6a-8717-0ca266190146","metadata":[],"scope":{"containerScope":{"containerScope":{"containerScope":{"containerScope":{"contributions":{},"includedScopes":[]},"contributions":{},"includedScopes":[{"contributions":{},"includedScopes":[]},{"contributions":{},"includedScopes":[]}]},"contributions":{},"includedScopes":[{"containerScope":{"containerScope":{"contributions":{},"includedScopes":[]},"contributions":{},"includedScopes":[{"contributions":{},"includedScopes":[]},{"contributions":{},"includedScopes":[]},{"contributions":{},"includedScopes":[]},{"contributions":{},"includedScopes":[]},{"contributions":{},"includedScopes":[]},{"contributions":{},"includedScopes":[]},{"contributions":{},"includedScopes":[]},{"contributions":{},"includedScopes":[]},{"contributions":{},"includedScopes":[]}]},"contributions":{},"includedScopes":[{"containerScope":{"containerScope":{"containerScope":{"contributions":{},"includedScopes":[]},"contributions":{},"includedScopes":[]},"contributions":{},"includedScopes":[]},"contributions":{},"includedScopes":[]}]},{"containerScope":{"containerScope":{"containerScope":{"contributions":{},"includedScopes":[]},"contributions":{},"includedScopes":[]},"contributions":{},"includedScopes":[]},"contributions":{},"includedScopes":[]}]},"contributions":{},"includedScopes":[]},"contributions":{},"includedScopes":[]},"sentences":[{"id":"84e5de64-b386-4d81-96e8-21215ffab922","metadata":[],"scope":{"containerScope":{"containerScope":{"containerScope":{"containerScope":{"containerScope":{"contributions":{},"includedScopes":[]},"contributions":{},"includedScopes":[{"contributions":{},"includedScopes":[]},{"contributions":{},"includedScopes":[]}]},"contributions":{},"includedScopes":[{"containerScope":{"containerScope":{"contributions":{},"includedScopes":[]},"contributions":{},"includedScopes":[{"contributions":{},"includedScopes":[]},{"contributions":{},"includedScopes":[]},{"contributions":{},"includedScopes":[]},{"contributions":{},"includedScopes":[]},{"contributions":{},"includedScopes":[]},{"contributions":{},"includedScopes":[]},{"contributions":{},"includedScopes":[]},{"contributions":{},"includedScopes":[]},{"contributions":{},"includedScopes":[]}]},"contributions":{},"includedScopes":[{"containerScope":{"containerScope":{"containerScope":{"contributions":{},"includedScopes":[]},"contributions":{},"includedScopes":[]},"contributions":{},"includedScopes":[]},"contributions":{},"includedScopes":[]}]},{"containerScope":{"containerScope":{"containerScope":{"contributions":{},"includedScopes":[]},"contributions":{},"includedScopes":[]},"contributions":{},"includedScopes":[]},"contributions":{},"includedScopes":[]}]},"contributions":{},"includedScopes":[]},"contributions":{},"includedScopes":[]},"contributions":{},"includedScopes":[]},"value":{"id":"ad6e3a6f-759b-4049-af94-1d60f7dc4df8","metadata":[],"name":"<value>","scope":{"containerScope":{"containerScope":{"containerScope":{"containerScope":{"containerScope":{"containerScope":{"contributions":{},"includedScopes":[]},"contributions":{},"includedScopes":[{"contributions":{},"includedScopes":[]},{"contributions":{},"includedScopes":[]}]},"contributions":{},"includedScopes":[{"containerScope":{"containerScope":{"contributions":{},"includedScopes":[]},"contributions":{},"includedScopes":[{"contributions":{},"includedScopes":[]},{"contributions":{},"includedScopes":[]},{"contributions":{},"includedScopes":[]},{"contributions":{},"includedScopes":[]},{"contributions":{},"includedScopes":[]},{"contributions":{},"includedScopes":[]},{"contributions":{},"includedScopes":[]},{"contributions":{},"includedScopes":[]},{"contributions":{},"includedScopes":[]}]},"contributions":{},"includedScopes":[{"containerScope":{"containerScope":{"containerScope":{"contributions":{},"includedScopes":[]},"contributions":{},"includedScopes":[]},"contributions":{},"includedScopes":[]},"contributions":{},"includedScopes":[]}]},{"containerScope":{"containerScope":{"containerScope":{"contributions":{},"includedScopes":[]},"contributions":{},"includedScopes":[]},"contributions":{},"includedScopes":[]},"contributions":{},"includedScopes":[]}]},"contributions":{},"includedScopes":[]},"contributions":{},"includedScopes":[]},"contributions":{},"includedScopes":[]},"contributions":{},"includedScopes":[]}},"variable":{"id":"b1bcd54e-6c8c-4224-be19-e76408211f02","metadata":[],"name":"danio","scope":{"containerScope":{"containerScope":{"containerScope":{"containerScope":{"containerScope":{"containerScope":{"contributions":{},"includedScopes":[]},"contributions":{},"includedScopes":[{"contributions":{},"includedScopes":[]},{"contributions":{},"includedScopes":[]}]},"contributions":{},"includedScopes":[{"containerScope":{"containerScope":{"contributions":{},"includedScopes":[]},"contributions":{},"includedScopes":[{"contributions":{},"includedScopes":[]},{"contributions":{},"includedScopes":[]},{"contributions":{},"includedScopes":[]},{"contributions":{},"includedScopes":[]},{"contributions":{},"includedScopes":[]},{"contributions":{},"includedScopes":[]},{"contributions":{},"includedScopes":[]},{"contributions":{},"includedScopes":[]},{"contributions":{},"includedScopes":[]}]},"contributions":{},"includedScopes":[{"containerScope":{"containerScope":{"containerScope":{"contributions":{},"includedScopes":[]},"contributions":{},"includedScopes":[]},"contributions":{},"includedScopes":[]},"contributions":{},"includedScopes":[]}]},{"containerScope":{"containerScope":{"containerScope":{"contributions":{},"includedScopes":[]},"contributions":{},"includedScopes":[]},"contributions":{},"includedScopes":[]},"contributions":{},"includedScopes":[]}]},"contributions":{},"includedScopes":[]},"contributions":{},"includedScopes":[]},"contributions":{},"includedScopes":[]},"contributions":{},"includedScopes":[]}}}]},"compiled":false,"id":"48952125-635e-4d7f-bc98-20451f5c958d","isOverride":false,"metadata":[],"name":"danio","parameters":[{"id":"8e817457-7404-4a73-ad48-c6e38597f0b7","isVarArg":false,"metadata":[],"name":"<value>","scope":{"containerScope":{"containerScope":{"containerScope":{"containerScope":{"contributions":{},"includedScopes":[]},"contributions":{},"includedScopes":[{"contributions":{},"includedScopes":[]},{"contributions":{},"includedScopes":[]}]},"contributions":{},"includedScopes":[{"containerScope":{"containerScope":{"contributions":{},"includedScopes":[]},"contributions":{},"includedScopes":[{"contributions":{},"includedScopes":[]},{"contributions":{},"includedScopes":[]},{"contributions":{},"includedScopes":[]},{"contributions":{},"includedScopes":[]},{"contributions":{},"includedScopes":[]},{"contributions":{},"includedScopes":[]},{"contributions":{},"includedScopes":[]},{"contributions":{},"includedScopes":[]},{"contributions":{},"includedScopes":[]}]},"contributions":{},"includedScopes":[{"containerScope":{"containerScope":{"containerScope":{"contributions":{},"includedScopes":[]},"contributions":{},"includedScopes":[]},"contributions":{},"includedScopes":[]},"contributions":{},"includedScopes":[]}]},{"containerScope":{"containerScope":{"containerScope":{"contributions":{},"includedScopes":[]},"contributions":{},"includedScopes":[]},"contributions":{},"includedScopes":[]},"contributions":{},"includedScopes":[]}]},"contributions":{},"includedScopes":[]},"contributions":{},"includedScopes":[]}}],"scope":{"containerScope":{"containerScope":{"containerScope":{"contributions":{},"includedScopes":[]},"contributions":{},"includedScopes":[{"contributions":{},"includedScopes":[]},{"contributions":{},"includedScopes":[]}]},"contributions":{},"includedScopes":[{"containerScope":{"containerScope":{"contributions":{},"includedScopes":[]},"contributions":{},"includedScopes":[{"contributions":{},"includedScopes":[]},{"contributions":{},"includedScopes":[]},{"contributions":{},"includedScopes":[]},{"contributions":{},"includedScopes":[]},{"contributions":{},"includedScopes":[]},{"contributions":{},"includedScopes":[]},{"contributions":{},"includedScopes":[]},{"contributions":{},"includedScopes":[]},{"contributions":{},"includedScopes":[]}]},"contributions":{},"includedScopes":[{"containerScope":{"containerScope":{"containerScope":{"contributions":{},"includedScopes":[]},"contributions":{},"includedScopes":[]},"contributions":{},"includedScopes":[]},"contributions":{},"includedScopes":[]}]},{"containerScope":{"containerScope":{"containerScope":{"contributions":{},"includedScopes":[]},"contributions":{},"includedScopes":[]},"contributions":{},"includedScopes":[]},"contributions":{},"includedScopes":[]}]},"contributions":{},"includedScopes":[]}},{"body":{"id":"ba3560c0-ac63-41d9-bfed-ebd0e23d4a87","metadata":[],"scope":{"containerScope":{"containerScope":{"containerScope":{"containerScope":{"contributions":{},"includedScopes":[]},"contributions":{},"includedScopes":[{"contributions":{},"includedScopes":[]},{"contributions":{},"includedScopes":[]}]},"contributions":{},"includedScopes":[{"containerScope":{"containerScope":{"contributions":{},"includedScopes":[]},"contributions":{},"includedScopes":[{"contributions":{},"includedScopes":[]},{"contributions":{},"includedScopes":[]},{"contributions":{},"includedScopes":[]},{"contributions":{},"includedScopes":[]},{"contributions":{},"includedScopes":[]},{"contributions":{},"includedScopes":[]},{"contributions":{},"includedScopes":[]},{"contributions":{},"includedScopes":[]},{"contributions":{},"includedScopes":[]}]},"contributions":{},"includedScopes":[{"containerScope":{"containerScope":{"containerScope":{"contributions":{},"includedScopes":[]},"contributions":{},"includedScopes":[]},"contributions":{},"includedScopes":[]},"contributions":{},"includedScopes":[]}]},{"containerScope":{"containerScope":{"containerScope":{"contributions":{},"includedScopes":[]},"contributions":{},"includedScopes":[]},"contributions":{},"includedScopes":[]},"contributions":{},"includedScopes":[]}]},"contributions":{},"includedScopes":[]},"contributions":{},"includedScopes":[]},"sentences":[{"id":"66f2fe73-63b9-4f96-b6c9-8fa110733f6c","metadata":[],"scope":{"containerScope":{"containerScope":{"containerScope":{"containerScope":{"containerScope":{"contributions":{},"includedScopes":[]},"contributions":{},"includedScopes":[{"contributions":{},"includedScopes":[]},{"contributions":{},"includedScopes":[]}]},"contributions":{},"includedScopes":[{"containerScope":{"containerScope":{"contributions":{},"includedScopes":[]},"contributions":{},"includedScopes":[{"contributions":{},"includedScopes":[]},{"contributions":{},"includedScopes":[]},{"contributions":{},"includedScopes":[]},{"contributions":{},"includedScopes":[]},{"contributions":{},"includedScopes":[]},{"contributions":{},"includedScopes":[]},{"contributions":{},"includedScopes":[]},{"contributions":{},"includedScopes":[]},{"contributions":{},"includedScopes":[]}]},"contributions":{},"includedScopes":[{"containerScope":{"containerScope":{"containerScope":{"contributions":{},"includedScopes":[]},"contributions":{},"includedScopes":[]},"contributions":{},"includedScopes":[]},"contributions":{},"includedScopes":[]}]},{"containerScope":{"containerScope":{"containerScope":{"contributions":{},"includedScopes":[]},"contributions":{},"includedScopes":[]},"contributions":{},"includedScopes":[]},"contributions":{},"includedScopes":[]}]},"contributions":{},"includedScopes":[]},"contributions":{},"includedScopes":[]},"contributions":{},"includedScopes":[]},"value":{"id":"d6afadf1-4e87-4199-8e16-65103badd1d8","metadata":[],"name":"<value>","scope":{"containerScope":{"containerScope":{"containerScope":{"containerScope":{"containerScope":{"containerScope":{"contributions":{},"includedScopes":[]},"contributions":{},"includedScopes":[{"contributions":{},"includedScopes":[]},{"contributions":{},"includedScopes":[]}]},"contributions":{},"includedScopes":[{"containerScope":{"containerScope":{"contributions":{},"includedScopes":[]},"contributions":{},"includedScopes":[{"contributions":{},"includedScopes":[]},{"contributions":{},"includedScopes":[]},{"contributions":{},"includedScopes":[]},{"contributions":{},"includedScopes":[]},{"contributions":{},"includedScopes":[]},{"contributions":{},"includedScopes":[]},{"contributions":{},"includedScopes":[]},{"contributions":{},"includedScopes":[]},{"contributions":{},"includedScopes":[]}]},"contributions":{},"includedScopes":[{"containerScope":{"containerScope":{"containerScope":{"contributions":{},"includedScopes":[]},"contributions":{},"includedScopes":[]},"contributions":{},"includedScopes":[]},"contributions":{},"includedScopes":[]}]},{"containerScope":{"containerScope":{"containerScope":{"contributions":{},"includedScopes":[]},"contributions":{},"includedScopes":[]},"contributions":{},"includedScopes":[]},"contributions":{},"includedScopes":[]}]},"contributions":{},"includedScopes":[]},"contributions":{},"includedScopes":[]},"contributions":{},"includedScopes":[]},"contributions":{},"includedScopes":[]}},"variable":{"id":"6f3ba883-4359-4a5f-81df-00de7c462859","metadata":[],"name":"position","scope":{"containerScope":{"containerScope":{"containerScope":{"containerScope":{"containerScope":{"containerScope":{"contributions":{},"includedScopes":[]},"contributions":{},"includedScopes":[{"contributions":{},"includedScopes":[]},{"contributions":{},"includedScopes":[]}]},"contributions":{},"includedScopes":[{"containerScope":{"containerScope":{"contributions":{},"includedScopes":[]},"contributions":{},"includedScopes":[{"contributions":{},"includedScopes":[]},{"contributions":{},"includedScopes":[]},{"contributions":{},"includedScopes":[]},{"contributions":{},"includedScopes":[]},{"contributions":{},"includedScopes":[]},{"contributions":{},"includedScopes":[]},{"contributions":{},"includedScopes":[]},{"contributions":{},"includedScopes":[]},{"contributions":{},"includedScopes":[]}]},"contributions":{},"includedScopes":[{"containerScope":{"containerScope":{"containerScope":{"contributions":{},"includedScopes":[]},"contributions":{},"includedScopes":[]},"contributions":{},"includedScopes":[]},"contributions":{},"includedScopes":[]}]},{"containerScope":{"containerScope":{"containerScope":{"contributions":{},"includedScopes":[]},"contributions":{},"includedScopes":[]},"contributions":{},"includedScopes":[]},"contributions":{},"includedScopes":[]}]},"contributions":{},"includedScopes":[]},"contributions":{},"includedScopes":[]},"contributions":{},"includedScopes":[]},"contributions":{},"includedScopes":[]}}}]},"compiled":false,"id":"22bb6264-820d-4725-a4ff-1c77a232d0a9","isOverride":false,"metadata":[],"name":"position","parameters":[{"id":"0533dfb1-9f3a-4f25-8679-aeabdb384879","isVarArg":false,"metadata":[],"name":"<value>","scope":{"containerScope":{"containerScope":{"containerScope":{"containerScope":{"contributions":{},"includedScopes":[]},"contributions":{},"includedScopes":[{"contributions":{},"includedScopes":[]},{"contributions":{},"includedScopes":[]}]},"contributions":{},"includedScopes":[{"containerScope":{"containerScope":{"contributions":{},"includedScopes":[]},"contributions":{},"includedScopes":[{"contributions":{},"includedScopes":[]},{"contributions":{},"includedScopes":[]},{"contributions":{},"includedScopes":[]},{"contributions":{},"includedScopes":[]},{"contributions":{},"includedScopes":[]},{"contributions":{},"includedScopes":[]},{"contributions":{},"includedScopes":[]},{"contributions":{},"includedScopes":[]},{"contributions":{},"includedScopes":[]}]},"contributions":{},"includedScopes":[{"containerScope":{"containerScope":{"containerScope":{"contributions":{},"includedScopes":[]},"contributions":{},"includedScopes":[]},"contributions":{},"includedScopes":[]},"contributions":{},"includedScopes":[]}]},{"containerScope":{"containerScope":{"containerScope":{"contributions":{},"includedScopes":[]},"contributions":{},"includedScopes":[]},"contributions":{},"includedScopes":[]},"contributions":{},"includedScopes":[]}]},"contributions":{},"includedScopes":[]},"contributions":{},"includedScopes":[]}}],"scope":{"containerScope":{"containerScope":{"containerScope":{"contributions":{},"includedScopes":[]},"contributions":{},"includedScopes":[{"contributions":{},"includedScopes":[]},{"contributions":{},"includedScopes":[]}]},"contributions":{},"includedScopes":[{"containerScope":{"containerScope":{"contributions":{},"includedScopes":[]},"contributions":{},"includedScopes":[{"contributions":{},"includedScopes":[]},{"contributions":{},"includedScopes":[]},{"contributions":{},"includedScopes":[]},{"contributions":{},"includedScopes":[]},{"contributions":{},"includedScopes":[]},{"contributions":{},"includedScopes":[]},{"contributions":{},"includedScopes":[]},{"contributions":{},"includedScopes":[]},{"contributions":{},"includedScopes":[]}]},"contributions":{},"includedScopes":[{"containerScope":{"containerScope":{"containerScope":{"contributions":{},"includedScopes":[]},"contributions":{},"includedScopes":[]},"contributions":{},"includedScopes":[]},"contributions":{},"includedScopes":[]}]},{"containerScope":{"containerScope":{"containerScope":{"contributions":{},"includedScopes":[]},"contributions":{},"includedScopes":[]},"contributions":{},"includedScopes":[]},"contributions":{},"includedScopes":[]}]},"contributions":{},"includedScopes":[]}}],"metadata":[{"args":{"position":"end","text":"// ==============================="},"name":"comment"}],"name":"Hechizo","problems":[{"code":"malformedMember","sourceMap":{"end":{"column":23,"line":43,"offset":1167},"start":{"column":10,"line":43,"offset":1154}}}],"scope":{"containerScope":{"containerScope":{"contributions":{},"includedScopes":[]},"contributions":{},"includedScopes":[{"contributions":{},"includedScopes":[]},{"contributions":{},"includedScopes":[]}]},"contributions":{},"includedScopes":[{"containerScope":{"containerScope":{"contributions":{},"includedScopes":[]},"contributions":{},"includedScopes":[{"contributions":{},"includedScopes":[]},{"contributions":{},"includedScopes":[]},{"contributions":{},"includedScopes":[]},{"contributions":{},"includedScopes":[]},{"contributions":{},"includedScopes":[]},{"contributions":{},"includedScopes":[]},{"contributions":{},"includedScopes":[]},{"contributions":{},"includedScopes":[]},{"contributions":{},"includedScopes":[]}]},"contributions":{},"includedScopes":[{"containerScope":{"containerScope":{"containerScope":{"contributions":{},"includedScopes":[]},"contributions":{},"includedScopes":[]},"contributions":{},"includedScopes":[]},"contributions":{},"includedScopes":[]}]},{"containerScope":{"containerScope":{"containerScope":{"contributions":{},"includedScopes":[]},"contributions":{},"includedScopes":[]},"contributions":{},"includedScopes":[]},"contributions":{},"includedScopes":[]}]},"sourceMap":{"end":{"column":2,"line":59,"offset":1627},"start":{"column":1,"line":37,"offset":954}},"supertypes":[{"args":[],"id":"348bfeb6-a350-4604-98a1-e7efe4450dc8","metadata":[],"reference":{"id":"94986b92-f520-4995-9eea-c34c918a483c","metadata":[],"name":"CosaAnimada","scope":{"containerScope":{"containerScope":{"containerScope":{"contributions":{},"includedScopes":[]},"contributions":{},"includedScopes":[{"contributions":{},"includedScopes":[]},{"contributions":{},"includedScopes":[]}]},"contributions":{},"includedScopes":[{"containerScope":{"containerScope":{"contributions":{},"includedScopes":[]},"contributions":{},"includedScopes":[{"contributions":{},"includedScopes":[]},{"contributions":{},"includedScopes":[]},{"contributions":{},"includedScopes":[]},{"contributions":{},"includedScopes":[]},{"contributions":{},"includedScopes":[]},{"contributions":{},"includedScopes":[]},{"contributions":{},"includedScopes":[]},{"contributions":{},"includedScopes":[]},{"contributions":{},"includedScopes":[]}]},"contributions":{},"includedScopes":[{"containerScope":{"containerScope":{"containerScope":{"contributions":{},"includedScopes":[]},"contributions":{},"includedScopes":[]},"contributions":{},"includedScopes":[]},"contributions":{},"includedScopes":[]}]},{"containerScope":{"containerScope":{"containerScope":{"contributions":{},"includedScopes":[]},"contributions":{},"includedScopes":[]},"contributions":{},"includedScopes":[]},"contributions":{},"includedScopes":[]}]},"contributions":{},"includedScopes":[]},"sourceMap":{"end":{"column":35,"line":37,"offset":988},"start":{"column":24,"line":37,"offset":977}}},"scope":{"containerScope":{"containerScope":{"containerScope":{"contributions":{},"includedScopes":[]},"contributions":{},"includedScopes":[{"contributions":{},"includedScopes":[]},{"contributions":{},"includedScopes":[]}]},"contributions":{},"includedScopes":[{"containerScope":{"containerScope":{"contributions":{},"includedScopes":[]},"contributions":{},"includedScopes":[{"contributions":{},"includedScopes":[]},{"contributions":{},"includedScopes":[]},{"contributions":{},"includedScopes":[]},{"contributions":{},"includedScopes":[]},{"contributions":{},"includedScopes":[]},{"contributions":{},"includedScopes":[]},{"contributions":{},"includedScopes":[]},{"contributions":{},"includedScopes":[]},{"contributions":{},"includedScopes":[]}]},"contributions":{},"includedScopes":[{"containerScope":{"containerScope":{"containerScope":{"contributions":{},"includedScopes":[]},"contributions":{},"includedScopes":[]},"contributions":{},"includedScopes":[]},"contributions":{},"includedScopes":[]}]},{"containerScope":{"containerScope":{"containerScope":{"contributions":{},"includedScopes":[]},"contributions":{},"includedScopes":[]},"contributions":{},"includedScopes":[]},"contributions":{},"includedScopes":[]}]},"contributions":{},"includedScopes":[]},"sourceMap":{"end":{"column":35,"line":37,"offset":988},"start":{"column":24,"line":37,"offset":977}}}]},"stack":"Error: Failed to print, found malformed node\n    at c:\\Users\\joaom\\.vscode\\extensions\\uqbar.wollok-lsp-ide-0.5.2\\out\\server\\src\\server.js:68:3585\n    at jbn (c:\\Users\\joaom\\.vscode\\extensions\\uqbar.wollok-lsp-ide-0.5.2\\out\\server\\src\\server.js:68:3396)\n    at c:\\Users\\joaom\\.vscode\\extensions\\uqbar.wollok-lsp-ide-0.5.2\\out\\server\\src\\server.js:2371:847\n    at c:\\Users\\joaom\\.vscode\\extensions\\uqbar.wollok-lsp-ide-0.5.2\\out\\server\\src\\server.js:2371:8440\n    at c:\\Users\\joaom\\.vscode\\extensions\\uqbar.wollok-lsp-ide-0.5.2\\out\\server\\src\\server.js:37:74770\n    at Ye (c:\\Users\\joaom\\.vscode\\extensions\\uqbar.wollok-lsp-ide-0.5.2\\out\\server\\src\\server.js:7:8527)\n    at Dt (c:\\Users\\joaom\\.vscode\\extensions\\uqbar.wollok-lsp-ide-0.5.2\\out\\server\\src\\server.js:7:6189)\n    at Zi (c:\\Users\\joaom\\.vscode\\extensions\\uqbar.wollok-lsp-ide-0.5.2\\out\\server\\src\\server.js:7:6378)\n    at Immediate._onImmediate (c:\\Users\\joaom\\.vscode\\extensions\\uqbar.wollok-lsp-ide-0.5.2\\out\\server\\src\\server.js:7:6142)\n    at process.processImmediate (node:internal/timers:485:21)","timestamp":"2025-07-05T22:46:55.200Z"}
{"level":"info","message":"⌛ Building environment","timeElapsed":180,"timestamp":"2025-07-05T22:46:57.540Z"}
{"level":"info","message":"⌛ Validating mago.wlk","timeElapsed":143,"timestamp":"2025-07-05T22:46:57.684Z"}
{"level":"info","message":"⌛ Validating mago.wlk","timeElapsed":107,"timestamp":"2025-07-05T22:46:57.883Z"}
{"level":"info","message":"⌛ Building environment","timeElapsed":146,"timestamp":"2025-07-05T22:46:58.535Z"}
{"level":"info","message":"⌛ Validating mago.wlk","timeElapsed":109,"timestamp":"2025-07-05T22:46:58.645Z"}
{"level":"error","message":"✘ Failed to get type description: Error: Failed to print, found malformed node Failed to print, found malformed node","node":{"id":"5c7949d2-720c-4669-ac8f-b81c29eb6a44","members":[{"id":"a240caeb-e0aa-40fa-ae58-fe882fdecd96","isConstant":true,"isProperty":true,"metadata":[],"name":"tipo","scope":{"containerScope":{"containerScope":{"containerScope":{"contributions":{},"includedScopes":[]},"contributions":{},"includedScopes":[{"contributions":{},"includedScopes":[]},{"contributions":{},"includedScopes":[]}]},"contributions":{},"includedScopes":[{"containerScope":{"containerScope":{"contributions":{},"includedScopes":[]},"contributions":{},"includedScopes":[{"contributions":{},"includedScopes":[]},{"contributions":{},"includedScopes":[]},{"contributions":{},"includedScopes":[]},{"contributions":{},"includedScopes":[]},{"contributions":{},"includedScopes":[]},{"contributions":{},"includedScopes":[]},{"contributions":{},"includedScopes":[]},{"contributions":{},"includedScopes":[]},{"contributions":{},"includedScopes":[]}]},"contributions":{},"includedScopes":[{"containerScope":{"containerScope":{"containerScope":{"contributions":{},"includedScopes":[]},"contributions":{},"includedScopes":[]},"contributions":{},"includedScopes":[]},"contributions":{},"includedScopes":[]}]},{"containerScope":{"containerScope":{"containerScope":{"contributions":{},"includedScopes":[]},"contributions":{},"includedScopes":[]},"contributions":{},"includedScopes":[]},"contributions":{},"includedScopes":[]}]},"contributions":{},"includedScopes":[]},"sourceMap":{"end":{"column":22,"line":38,"offset":1012},"start":{"column":3,"line":38,"offset":993}},"value":{"id":"147de64f-55c7-4fb9-93c9-921608ef41eb","metadata":[],"scope":{"containerScope":{"containerScope":{"containerScope":{"containerScope":{"contributions":{},"includedScopes":[]},"contributions":{},"includedScopes":[{"contributions":{},"includedScopes":[]},{"contributions":{},"includedScopes":[]}]},"contributions":{},"includedScopes":[{"containerScope":{"containerScope":{"contributions":{},"includedScopes":[]},"contributions":{},"includedScopes":[{"contributions":{},"includedScopes":[]},{"contributions":{},"includedScopes":[]},{"contributions":{},"includedScopes":[]},{"contributions":{},"includedScopes":[]},{"contributions":{},"includedScopes":[]},{"contributions":{},"includedScopes":[]},{"contributions":{},"includedScopes":[]},{"contributions":{},"includedScopes":[]},{"contributions":{},"includedScopes":[]}]},"contributions":{},"includedScopes":[{"containerScope":{"containerScope":{"containerScope":{"contributions":{},"includedScopes":[]},"contributions":{},"includedScopes":[]},"contributions":{},"includedScopes":[]},"contributions":{},"includedScopes":[]}]},{"containerScope":{"containerScope":{"containerScope":{"contributions":{},"includedScopes":[]},"contributions":{},"includedScopes":[]},"contributions":{},"includedScopes":[]},"contributions":{},"includedScopes":[]}]},"contributions":{},"includedScopes":[]},"contributions":{},"includedScopes":[]},"value":null}},{"id":"b28110ec-be40-4db1-95fc-fc62fc162a24","isConstant":false,"isProperty":true,"metadata":[],"name":"danio","scope":{"containerScope":{"containerScope":{"containerScope":{"contributions":{},"includedScopes":[]},"contributions":{},"includedScopes":[{"contributions":{},"includedScopes":[]},{"contributions":{},"includedScopes":[]}]},"contributions":{},"includedScopes":[{"containerScope":{"containerScope":{"contributions":{},"includedScopes":[]},"contributions":{},"includedScopes":[{"contributions":{},"includedScopes":[]},{"contributions":{},"includedScopes":[]},{"contributions":{},"includedScopes":[]},{"contributions":{},"includedScopes":[]},{"contributions":{},"includedScopes":[]},{"contributions":{},"includedScopes":[]},{"contributions":{},"includedScopes":[]},{"contributions":{},"includedScopes":[]},{"contributions":{},"includedScopes":[]}]},"contributions":{},"includedScopes":[{"containerScope":{"containerScope":{"containerScope":{"contributions":{},"includedScopes":[]},"contributions":{},"includedScopes":[]},"contributions":{},"includedScopes":[]},"contributions":{},"includedScopes":[]}]},{"containerScope":{"containerScope":{"containerScope":{"contributions":{},"includedScopes":[]},"contributions":{},"includedScopes":[]},"contributions":{},"includedScopes":[]},"contributions":{},"includedScopes":[]}]},"contributions":{},"includedScopes":[]},"sourceMap":{"end":{"column":36,"line":39,"offset":1049},"start":{"column":3,"line":39,"offset":1016}},"value":{"args":[],"id":"8c26f53d-4553-4c3c-8d30-f439c01665d4","message":"danio","metadata":[],"receiver":{"id":"fa1548e5-8456-4e1b-9af9-b05918fa1a75","metadata":[],"name":"tipo","scope":{"containerScope":{"containerScope":{"containerScope":{"containerScope":{"containerScope":{"contributions":{},"includedScopes":[]},"contributions":{},"includedScopes":[{"contributions":{},"includedScopes":[]},{"contributions":{},"includedScopes":[]}]},"contributions":{},"includedScopes":[{"containerScope":{"containerScope":{"contributions":{},"includedScopes":[]},"contributions":{},"includedScopes":[{"contributions":{},"includedScopes":[]},{"contributions":{},"includedScopes":[]},{"contributions":{},"includedScopes":[]},{"contributions":{},"includedScopes":[]},{"contributions":{},"includedScopes":[]},{"contributions":{},"includedScopes":[]},{"contributions":{},"includedScopes":[]},{"contributions":{},"includedScopes":[]},{"contributions":{},"includedScopes":[]}]},"contributions":{},"includedScopes":[{"containerScope":{"containerScope":{"containerScope":{"contributions":{},"includedScopes":[]},"contributions":{},"includedScopes":[]},"contributions":{},"includedScopes":[]},"contributions":{},"includedScopes":[]}]},{"containerScope":{"containerScope":{"containerScope":{"contributions":{},"includedScopes":[]},"contributions":{},"includedScopes":[]},"contributions":{},"includedScopes":[]},"contributions":{},"includedScopes":[]}]},"contributions":{},"includedScopes":[]},"contributions":{},"includedScopes":[]},"contributions":{},"includedScopes":[]},"sourceMap":{"end":{"column":28,"line":39,"offset":1041},"start":{"column":24,"line":39,"offset":1037}}},"scope":{"containerScope":{"containerScope":{"containerScope":{"containerScope":{"contributions":{},"includedScopes":[]},"contributions":{},"includedScopes":[{"contributions":{},"includedScopes":[]},{"contributions":{},"includedScopes":[]}]},"contributions":{},"includedScopes":[{"containerScope":{"containerScope":{"contributions":{},"includedScopes":[]},"contributions":{},"includedScopes":[{"contributions":{},"includedScopes":[]},{"contributions":{},"includedScopes":[]},{"contributions":{},"includedScopes":[]},{"contributions":{},"includedScopes":[]},{"contributions":{},"includedScopes":[]},{"contributions":{},"includedScopes":[]},{"contributions":{},"includedScopes":[]},{"contributions":{},"includedScopes":[]},{"contributions":{},"includedScopes":[]}]},"contributions":{},"includedScopes":[{"containerScope":{"containerScope":{"containerScope":{"contributions":{},"includedScopes":[]},"contributions":{},"includedScopes":[]},"contributions":{},"includedScopes":[]},"contributions":{},"includedScopes":[]}]},{"containerScope":{"containerScope":{"containerScope":{"contributions":{},"includedScopes":[]},"contributions":{},"includedScopes":[]},"contributions":{},"includedScopes":[]},"contributions":{},"includedScopes":[]}]},"contributions":{},"includedScopes":[]},"contributions":{},"includedScopes":[]},"sourceMap":{"end":{"column":36,"line":39,"offset":1049},"start":{"column":24,"line":39,"offset":1037}}}},{"body":{"id":"8ff5d34f-026b-462b-8683-d0ced8a1279d","metadata":[],"problems":[],"scope":{"containerScope":{"containerScope":{"containerScope":{"containerScope":{"contributions":{},"includedScopes":[]},"contributions":{},"includedScopes":[{"contributions":{},"includedScopes":[]},{"contributions":{},"includedScopes":[]}]},"contributions":{},"includedScopes":[{"containerScope":{"containerScope":{"contributions":{},"includedScopes":[]},"contributions":{},"includedScopes":[{"contributions":{},"includedScopes":[]},{"contributions":{},"includedScopes":[]},{"contributions":{},"includedScopes":[]},{"contributions":{},"includedScopes":[]},{"contributions":{},"includedScopes":[]},{"contributions":{},"includedScopes":[]},{"contributions":{},"includedScopes":[]},{"contributions":{},"includedScopes":[]},{"contributions":{},"includedScopes":[]}]},"contributions":{},"includedScopes":[{"containerScope":{"containerScope":{"containerScope":{"contributions":{},"includedScopes":[]},"contributions":{},"includedScopes":[]},"contributions":{},"includedScopes":[]},"contributions":{},"includedScopes":[]}]},{"containerScope":{"containerScope":{"containerScope":{"contributions":{},"includedScopes":[]},"contributions":{},"includedScopes":[]},"contributions":{},"includedScopes":[]},"contributions":{},"includedScopes":[]}]},"contributions":{},"includedScopes":[]},"contributions":{},"includedScopes":[]},"sentences":[{"id":"e2e60abd-cd69-4438-8380-c4f74ac22eab","metadata":[],"scope":{"containerScope":{"containerScope":{"containerScope":{"containerScope":{"containerScope":{"contributions":{},"includedScopes":[]},"contributions":{},"includedScopes":[{"contributions":{},"includedScopes":[]},{"contributions":{},"includedScopes":[]}]},"contributions":{},"includedScopes":[{"containerScope":{"containerScope":{"contributions":{},"includedScopes":[]},"contributions":{},"includedScopes":[{"contributions":{},"includedScopes":[]},{"contributions":{},"includedScopes":[]},{"contributions":{},"includedScopes":[]},{"contributions":{},"includedScopes":[]},{"contributions":{},"includedScopes":[]},{"contributions":{},"includedScopes":[]},{"contributions":{},"includedScopes":[]},{"contributions":{},"includedScopes":[]},{"contributions":{},"includedScopes":[]}]},"contributions":{},"includedScopes":[{"containerScope":{"containerScope":{"containerScope":{"contributions":{},"includedScopes":[]},"contributions":{},"includedScopes":[]},"contributions":{},"includedScopes":[]},"contributions":{},"includedScopes":[]}]},{"containerScope":{"containerScope":{"containerScope":{"contributions":{},"includedScopes":[]},"contributions":{},"includedScopes":[]},"contributions":{},"includedScopes":[]},"contributions":{},"includedScopes":[]}]},"contributions":{},"includedScopes":[]},"contributions":{},"includedScopes":[]},"contributions":{},"includedScopes":[]},"value":{"args":[],"id":"9575dc1e-1567-4a58-ba2d-df6557cc9ee0","message":"frames","metadata":[],"receiver":{"id":"899237b8-ab6d-4a8d-a5da-e89fd8e38076","metadata":[],"name":"tipo","scope":{"containerScope":{"containerScope":{"containerScope":{"containerScope":{"containerScope":{"containerScope":{"containerScope":{"contributions":{},"includedScopes":[]},"contributions":{},"includedScopes":[{"contributions":{},"includedScopes":[]},{"contributions":{},"includedScopes":[]}]},"contributions":{},"includedScopes":[{"containerScope":{"containerScope":{"contributions":{},"includedScopes":[]},"contributions":{},"includedScopes":[{"contributions":{},"includedScopes":[]},{"contributions":{},"includedScopes":[]},{"contributions":{},"includedScopes":[]},{"contributions":{},"includedScopes":[]},{"contributions":{},"includedScopes":[]},{"contributions":{},"includedScopes":[]},{"contributions":{},"includedScopes":[]},{"contributions":{},"includedScopes":[]},{"contributions":{},"includedScopes":[]}]},"contributions":{},"includedScopes":[{"containerScope":{"containerScope":{"containerScope":{"contributions":{},"includedScopes":[]},"contributions":{},"includedScopes":[]},"contributions":{},"includedScopes":[]},"contributions":{},"includedScopes":[]}]},{"containerScope":{"containerScope":{"containerScope":{"contributions":{},"includedScopes":[]},"contributions":{},"includedScopes":[]},"contributions":{},"includedScopes":[]},"contributions":{},"includedScopes":[]}]},"contributions":{},"includedScopes":[]},"contributions":{},"includedScopes":[]},"contributions":{},"includedScopes":[]},"contributions":{},"includedScopes":[]},"contributions":{},"includedScopes":[]},"sourceMap":{"end":{"column":34,"line":40,"offset":1084},"start":{"column":30,"line":40,"offset":1080}}},"scope":{"containerScope":{"containerScope":{"containerScope":{"containerScope":{"containerScope":{"containerScope":{"contributions":{},"includedScopes":[]},"contributions":{},"includedScopes":[{"contributions":{},"includedScopes":[]},{"contributions":{},"includedScopes":[]}]},"contributions":{},"includedScopes":[{"containerScope":{"containerScope":{"contributions":{},"includedScopes":[]},"contributions":{},"includedScopes":[{"contributions":{},"includedScopes":[]},{"contributions":{},"includedScopes":[]},{"contributions":{},"includedScopes":[]},{"contributions":{},"includedScopes":[]},{"contributions":{},"includedScopes":[]},{"contributions":{},"includedScopes":[]},{"contributions":{},"includedScopes":[]},{"contributions":{},"includedScopes":[]},{"contributions":{},"includedScopes":[]}]},"contributions":{},"includedScopes":[{"containerScope":{"containerScope":{"containerScope":{"contributions":{},"includedScopes":[]},"contributions":{},"includedScopes":[]},"contributions":{},"includedScopes":[]},"contributions":{},"includedScopes":[]}]},{"containerScope":{"containerScope":{"containerScope":{"contributions":{},"includedScopes":[]},"contributions":{},"includedScopes":[]},"contributions":{},"includedScopes":[]},"contributions":{},"includedScopes":[]}]},"contributions":{},"includedScopes":[]},"contributions":{},"includedScopes":[]},"contributions":{},"includedScopes":[]},"contributions":{},"includedScopes":[]},"sourceMap":{"end":{"column":43,"line":40,"offset":1093},"start":{"column":30,"line":40,"offset":1080}}}}],"sourceMap":{"end":{"column":43,"line":40,"offset":1093},"start":{"column":30,"line":40,"offset":1080}}},"compiled":false,"id":"30e42192-28d6-4186-8bf5-09a9ed991584","isOverride":true,"metadata":[],"name":"frames","parameters":[],"problems":[],"scope":{"containerScope":{"containerScope":{"containerScope":{"contributions":{},"includedScopes":[]},"contributions":{},"includedScopes":[{"contributions":{},"includedScopes":[]},{"contributions":{},"includedScopes":[]}]},"contributions":{},"includedScopes":[{"containerScope":{"containerScope":{"contributions":{},"includedScopes":[]},"contributions":{},"includedScopes":[{"contributions":{},"includedScopes":[]},{"contributions":{},"includedScopes":[]},{"contributions":{},"includedScopes":[]},{"contributions":{},"includedScopes":[]},{"contributions":{},"includedScopes":[]},{"contributions":{},"includedScopes":[]},{"contributions":{},"includedScopes":[]},{"contributions":{},"includedScopes":[]},{"contributions":{},"includedScopes":[]}]},"contributions":{},"includedScopes":[{"containerScope":{"containerScope":{"containerScope":{"contributions":{},"includedScopes":[]},"contributions":{},"includedScopes":[]},"contributions":{},"includedScopes":[]},"contributions":{},"includedScopes":[]}]},{"containerScope":{"containerScope":{"containerScope":{"contributions":{},"includedScopes":[]},"contributions":{},"includedScopes":[]},"contributions":{},"includedScopes":[]},"contributions":{},"includedScopes":[]}]},"contributions":{},"includedScopes":[]},"sourceMap":{"end":{"column":43,"line":40,"offset":1093},"start":{"column":3,"line":40,"offset":1053}}},{"id":"24cfa45f-3fdc-496b-94ff-472e1315567f","isConstant":false,"isProperty":true,"metadata":[],"name":"position","scope":{"containerScope":{"containerScope":{"containerScope":{"contributions":{},"includedScopes":[]},"contributions":{},"includedScopes":[{"contributions":{},"includedScopes":[]},{"contributions":{},"includedScopes":[]}]},"contributions":{},"includedScopes":[{"containerScope":{"containerScope":{"contributions":{},"includedScopes":[]},"contributions":{},"includedScopes":[{"contributions":{},"includedScopes":[]},{"contributions":{},"includedScopes":[]},{"contributions":{},"includedScopes":[]},{"contributions":{},"includedScopes":[]},{"contributions":{},"includedScopes":[]},{"contributions":{},"includedScopes":[]},{"contributions":{},"includedScopes":[]},{"contributions":{},"includedScopes":[]},{"contributions":{},"includedScopes":[]}]},"contributions":{},"includedScopes":[{"containerScope":{"containerScope":{"containerScope":{"contributions":{},"includedScopes":[]},"contributions":{},"includedScopes":[]},"contributions":{},"includedScopes":[]},"contributions":{},"includedScopes":[]}]},{"containerScope":{"containerScope":{"containerScope":{"contributions":{},"includedScopes":[]},"contributions":{},"includedScopes":[]},"contributions":{},"includedScopes":[]},"contributions":{},"includedScopes":[]}]},"contributions":{},"includedScopes":[]},"sourceMap":{"end":{"column":24,"line":41,"offset":1118},"start":{"column":3,"line":41,"offset":1097}},"value":{"id":"0bdcbd6d-debd-4330-8a4d-3a933dcbd5e8","metadata":[],"scope":{"containerScope":{"containerScope":{"containerScope":{"containerScope":{"contributions":{},"includedScopes":[]},"contributions":{},"includedScopes":[{"contributions":{},"includedScopes":[]},{"contributions":{},"includedScopes":[]}]},"contributions":{},"includedScopes":[{"containerScope":{"containerScope":{"contributions":{},"includedScopes":[]},"contributions":{},"includedScopes":[{"contributions":{},"includedScopes":[]},{"contributions":{},"includedScopes":[]},{"contributions":{},"includedScopes":[]},{"contributions":{},"includedScopes":[]},{"contributions":{},"includedScopes":[]},{"contributions":{},"includedScopes":[]},{"contributions":{},"includedScopes":[]},{"contributions":{},"includedScopes":[]},{"contributions":{},"includedScopes":[]}]},"contributions":{},"includedScopes":[{"containerScope":{"containerScope":{"containerScope":{"contributions":{},"includedScopes":[]},"contributions":{},"includedScopes":[]},"contributions":{},"includedScopes":[]},"contributions":{},"includedScopes":[]}]},{"containerScope":{"containerScope":{"containerScope":{"contributions":{},"includedScopes":[]},"contributions":{},"includedScopes":[]},"contributions":{},"includedScopes":[]},"contributions":{},"includedScopes":[]}]},"contributions":{},"includedScopes":[]},"contributions":{},"includedScopes":[]},"value":null}},{"id":"a409aa44-f3af-4d5b-a1eb-4f718c12102e","isConstant":false,"isProperty":false,"metadata":[],"name":"colisionActual","scope":{"containerScope":{"containerScope":{"containerScope":{"contributions":{},"includedScopes":[]},"contributions":{},"includedScopes":[{"contributions":{},"includedScopes":[]},{"contributions":{},"includedScopes":[]}]},"contributions":{},"includedScopes":[{"containerScope":{"containerScope":{"contributions":{},"includedScopes":[]},"contributions":{},"includedScopes":[{"contributions":{},"includedScopes":[]},{"contributions":{},"includedScopes":[]},{"contributions":{},"includedScopes":[]},{"contributions":{},"includedScopes":[]},{"contributions":{},"includedScopes":[]},{"contributions":{},"includedScopes":[]},{"contributions":{},"includedScopes":[]},{"contributions":{},"includedScopes":[]},{"contributions":{},"includedScopes":[]}]},"contributions":{},"includedScopes":[{"containerScope":{"containerScope":{"containerScope":{"contributions":{},"includedScopes":[]},"contributions":{},"includedScopes":[]},"contributions":{},"includedScopes":[]},"contributions":{},"includedScopes":[]}]},{"containerScope":{"containerScope":{"containerScope":{"contributions":{},"includedScopes":[]},"contributions":{},"includedScopes":[]},"contributions":{},"includedScopes":[]},"contributions":{},"includedScopes":[]}]},"contributions":{},"includedScopes":[]},"sourceMap":{"end":{"column":9,"line":43,"offset":1153},"start":{"column":3,"line":42,"offset":1122}},"value":{"id":"d5f0d8b9-dd6e-4691-bd1c-63bc8f3314e4","metadata":[],"name":"method","scope":{"containerScope":{"containerScope":{"containerScope":{"containerScope":{"contributions":{},"includedScopes":[]},"contributions":{},"includedScopes":[{"contributions":{},"includedScopes":[]},{"contributions":{},"includedScopes":[]}]},"contributions":{},"includedScopes":[{"containerScope":{"containerScope":{"contributions":{},"includedScopes":[]},"contributions":{},"includedScopes":[{"contributions":{},"includedScopes":[]},{"contributions":{},"includedScopes":[]},{"contributions":{},"includedScopes":[]},{"contributions":{},"includedScopes":[]},{"contributions":{},"includedScopes":[]},{"contributions":{},"includedScopes":[]},{"contributions":{},"includedScopes":[]},{"contributions":{},"includedScopes":[]},{"contributions":{},"includedScopes":[]}]},"contributions":{},"includedScopes":[{"containerScope":{"containerScope":{"containerScope":{"contributions":{},"includedScopes":[]},"contributions":{},"includedScopes":[]},"contributions":{},"includedScopes":[]},"contributions":{},"includedScopes":[]}]},{"containerScope":{"containerScope":{"containerScope":{"contributions":{},"includedScopes":[]},"contributions":{},"includedScopes":[]},"contributions":{},"includedScopes":[]},"contributions":{},"includedScopes":[]}]},"contributions":{},"includedScopes":[]},"contributions":{},"includedScopes":[]},"sourceMap":{"end":{"column":9,"line":43,"offset":1153},"start":{"column":3,"line":43,"offset":1147}}}},{"body":{"id":"0338740f-fabd-4f01-a834-af92a0567c54","metadata":[],"problems":[],"scope":{"containerScope":{"containerScope":{"containerScope":{"containerScope":{"contributions":{},"includedScopes":[]},"contributions":{},"includedScopes":[{"contributions":{},"includedScopes":[]},{"contributions":{},"includedScopes":[]}]},"contributions":{},"includedScopes":[{"containerScope":{"containerScope":{"contributions":{},"includedScopes":[]},"contributions":{},"includedScopes":[{"contributions":{},"includedScopes":[]},{"contributions":{},"includedScopes":[]},{"contributions":{},"includedScopes":[]},{"contributions":{},"includedScopes":[]},{"contributions":{},"includedScopes":[]},{"contributions":{},"includedScopes":[]},{"contributions":{},"includedScopes":[]},{"contributions":{},"includedScopes":[]},{"contributions":{},"includedScopes":[]}]},"contributions":{},"includedScopes":[{"containerScope":{"containerScope":{"containerScope":{"contributions":{},"includedScopes":[]},"contributions":{},"includedScopes":[]},"contributions":{},"includedScopes":[]},"contributions":{},"includedScopes":[]}]},{"containerScope":{"containerScope":{"containerScope":{"contributions":{},"includedScopes":[]},"contributions":{},"includedScopes":[]},"contributions":{},"includedScopes":[]},"contributions":{},"includedScopes":[]}]},"contributions":{},"includedScopes":[]},"contributions":{},"includedScopes":[]},"sentences":[{"id":"84c5e0d7-4c6d-418d-8d6a-4ebe560e770c","metadata":[],"scope":{"containerScope":{"containerScope":{"containerScope":{"containerScope":{"containerScope":{"contributions":{},"includedScopes":[]},"contributions":{},"includedScopes":[{"contributions":{},"includedScopes":[]},{"contributions":{},"includedScopes":[]}]},"contributions":{},"includedScopes":[{"containerScope":{"containerScope":{"contributions":{},"includedScopes":[]},"contributions":{},"includedScopes":[{"contributions":{},"includedScopes":[]},{"contributions":{},"includedScopes":[]},{"contributions":{},"includedScopes":[]},{"contributions":{},"includedScopes":[]},{"contributions":{},"includedScopes":[]},{"contributions":{},"includedScopes":[]},{"contributions":{},"includedScopes":[]},{"contributions":{},"includedScopes":[]},{"contributions":{},"includedScopes":[]}]},"contributions":{},"includedScopes":[{"containerScope":{"containerScope":{"containerScope":{"contributions":{},"includedScopes":[]},"contributions":{},"includedScopes":[]},"contributions":{},"includedScopes":[]},"contributions":{},"includedScopes":[]}]},{"containerScope":{"containerScope":{"containerScope":{"contributions":{},"includedScopes":[]},"contributions":{},"includedScopes":[]},"contributions":{},"includedScopes":[]},"contributions":{},"includedScopes":[]}]},"contributions":{},"includedScopes":[]},"contributions":{},"includedScopes":[]},"contributions":{},"includedScopes":[]},"value":{"args":[{"id":"007304e7-bd3d-4125-b359-c500f9ba6133","metadata":[],"name":"x","scope":{"containerScope":{"containerScope":{"containerScope":{"containerScope":{"containerScope":{"containerScope":{"containerScope":{"contributions":{},"includedScopes":[]},"contributions":{},"includedScopes":[{"contributions":{},"includedScopes":[]},{"contributions":{},"includedScopes":[]}]},"contributions":{},"includedScopes":[{"containerScope":{"containerScope":{"contributions":{},"includedScopes":[]},"contributions":{},"includedScopes":[{"contributions":{},"includedScopes":[]},{"contributions":{},"includedScopes":[]},{"contributions":{},"includedScopes":[]},{"contributions":{},"includedScopes":[]},{"contributions":{},"includedScopes":[]},{"contributions":{},"includedScopes":[]},{"contributions":{},"includedScopes":[]},{"contributions":{},"includedScopes":[]},{"contributions":{},"includedScopes":[]}]},"contributions":{},"includedScopes":[{"containerScope":{"containerScope":{"containerScope":{"contributions":{},"includedScopes":[]},"contributions":{},"includedScopes":[]},"contributions":{},"includedScopes":[]},"contributions":{},"includedScopes":[]}]},{"containerScope":{"containerScope":{"containerScope":{"contributions":{},"includedScopes":[]},"contributions":{},"includedScopes":[]},"contributions":{},"includedScopes":[]},"contributions":{},"includedScopes":[]}]},"contributions":{},"includedScopes":[]},"contributions":{},"includedScopes":[]},"contributions":{},"includedScopes":[]},"contributions":{},"includedScopes":[]},"contributions":{},"includedScopes":[]},"sourceMap":{"end":{"column":76,"line":46,"offset":1257},"start":{"column":56,"line":46,"offset":1237}},"value":{"args":[{"id":"b876c011-36dd-47ca-b1cb-8745a80a0749","metadata":[],"scope":{"containerScope":{"containerScope":{"containerScope":{"containerScope":{"containerScope":{"containerScope":{"containerScope":{"containerScope":{"containerScope":{"contributions":{},"includedScopes":[]},"contributions":{},"includedScopes":[{"contributions":{},"includedScopes":[]},{"contributions":{},"includedScopes":[]}]},"contributions":{},"includedScopes":[{"containerScope":{"containerScope":{"contributions":{},"includedScopes":[]},"contributions":{},"includedScopes":[{"contributions":{},"includedScopes":[]},{"contributions":{},"includedScopes":[]},{"contributions":{},"includedScopes":[]},{"contributions":{},"includedScopes":[]},{"contributions":{},"includedScopes":[]},{"contributions":{},"includedScopes":[]},{"contributions":{},"includedScopes":[]},{"contributions":{},"includedScopes":[]},{"contributions":{},"includedScopes":[]}]},"contributions":{},"includedScopes":[{"containerScope":{"containerScope":{"containerScope":{"contributions":{},"includedScopes":[]},"contributions":{},"includedScopes":[]},"contributions":{},"includedScopes":[]},"contributions":{},"includedScopes":[]}]},{"containerScope":{"containerScope":{"containerScope":{"contributions":{},"includedScopes":[]},"contributions":{},"includedScopes":[]},"contributions":{},"includedScopes":[]},"contributions":{},"includedScopes":[]}]},"contributions":{},"includedScopes":[]},"contributions":{},"includedScopes":[]},"contributions":{},"includedScopes":[]},"contributions":{},"includedScopes":[]},"contributions":{},"includedScopes":[]},"contributions":{},"includedScopes":[]},"contributions":{},"includedScopes":[]},"sourceMap":{"end":{"column":76,"line":46,"offset":1257},"start":{"column":75,"line":46,"offset":1256}},"value":1}],"id":"a141c334-df82-47a4-887e-9d81651a632a","message":"+","metadata":[],"receiver":{"args":[],"id":"269c43ec-b016-4646-8c2f-d001ffaaea3a","message":"x","metadata":[],"receiver":{"id":"de647e4f-9744-40c0-922c-cd5738dd3039","metadata":[],"name":"position","scope":{"containerScope":{"containerScope":{"containerScope":{"containerScope":{"containerScope":{"containerScope":{"containerScope":{"containerScope":{"containerScope":{"containerScope":{"contributions":{},"includedScopes":[]},"contributions":{},"includedScopes":[{"contributions":{},"includedScopes":[]},{"contributions":{},"includedScopes":[]}]},"contributions":{},"includedScopes":[{"containerScope":{"containerScope":{"contributions":{},"includedScopes":[]},"contributions":{},"includedScopes":[{"contributions":{},"includedScopes":[]},{"contributions":{},"includedScopes":[]},{"contributions":{},"includedScopes":[]},{"contributions":{},"includedScopes":[]},{"contributions":{},"includedScopes":[]},{"contributions":{},"includedScopes":[]},{"contributions":{},"includedScopes":[]},{"contributions":{},"includedScopes":[]},{"contributions":{},"includedScopes":[]}]},"contributions":{},"includedScopes":[{"containerScope":{"containerScope":{"containerScope":{"contributions":{},"includedScopes":[]},"contributions":{},"includedScopes":[]},"contributions":{},"includedScopes":[]},"contributions":{},"includedScopes":[]}]},{"containerScope":{"containerScope":{"containerScope":{"contributions":{},"includedScopes":[]},"contributions":{},"includedScopes":[]},"contributions":{},"includedScopes":[]},"contributions":{},"includedScopes":[]}]},"contributions":{},"includedScopes":[]},"contributions":{},"includedScopes":[]},"contributions":{},"includedScopes":[]},"contributions":{},"includedScopes":[]},"contributions":{},"includedScopes":[]},"contributions":{},"includedScopes":[]},"contributions":{},"includedScopes":[]},"contributions":{},"includedScopes":[]},"sourceMap":{"end":{"column":68,"line":46,"offset":1249},"start":{"column":60,"line":46,"offset":1241}}},"scope":{"containerScope":{"containerScope":{"containerScope":{"containerScope":{"containerScope":{"containerScope":{"containerScope":{"containerScope":{"containerScope":{"contributions":{},"includedScopes":[]},"contributions":{},"includedScopes":[{"contributions":{},"includedScopes":[]},{"contributions":{},"includedScopes":[]}]},"contributions":{},"includedScopes":[{"containerScope":{"containerScope":{"contributions":{},"includedScopes":[]},"contributions":{},"includedScopes":[{"contributions":{},"includedScopes":[]},{"contributions":{},"includedScopes":[]},{"contributions":{},"includedScopes":[]},{"contributions":{},"includedScopes":[]},{"contributions":{},"includedScopes":[]},{"contributions":{},"includedScopes":[]},{"contributions":{},"includedScopes":[]},{"contributions":{},"includedScopes":[]},{"contributions":{},"includedScopes":[]}]},"contributions":{},"includedScopes":[{"containerScope":{"containerScope":{"containerScope":{"contributions":{},"includedScopes":[]},"contributions":{},"includedScopes":[]},"contributions":{},"includedScopes":[]},"contributions":{},"includedScopes":[]}]},{"containerScope":{"containerScope":{"containerScope":{"contributions":{},"includedScopes":[]},"contributions":{},"includedScopes":[]},"contributions":{},"includedScopes":[]},"contributions":{},"includedScopes":[]}]},"contributions":{},"includedScopes":[]},"contributions":{},"includedScopes":[]},"contributions":{},"includedScopes":[]},"contributions":{},"includedScopes":[]},"contributions":{},"includedScopes":[]},"contributions":{},"includedScopes":[]},"contributions":{},"includedScopes":[]},"sourceMap":{"end":{"column":72,"line":46,"offset":1253},"start":{"column":60,"line":46,"offset":1241}}},"scope":{"containerScope":{"containerScope":{"containerScope":{"containerScope":{"containerScope":{"containerScope":{"containerScope":{"containerScope":{"contributions":{},"includedScopes":[]},"contributions":{},"includedScopes":[{"contributions":{},"includedScopes":[]},{"contributions":{},"includedScopes":[]}]},"contributions":{},"includedScopes":[{"containerScope":{"containerScope":{"contributions":{},"includedScopes":[]},"contributions":{},"includedScopes":[{"contributions":{},"includedScopes":[]},{"contributions":{},"includedScopes":[]},{"contributions":{},"includedScopes":[]},{"contributions":{},"includedScopes":[]},{"contributions":{},"includedScopes":[]},{"contributions":{},"includedScopes":[]},{"contributions":{},"includedScopes":[]},{"contributions":{},"includedScopes":[]},{"contributions":{},"includedScopes":[]}]},"contributions":{},"includedScopes":[{"containerScope":{"containerScope":{"containerScope":{"contributions":{},"includedScopes":[]},"contributions":{},"includedScopes":[]},"contributions":{},"includedScopes":[]},"contributions":{},"includedScopes":[]}]},{"containerScope":{"containerScope":{"containerScope":{"contributions":{},"includedScopes":[]},"contributions":{},"includedScopes":[]},"contributions":{},"includedScopes":[]},"contributions":{},"includedScopes":[]}]},"contributions":{},"includedScopes":[]},"contributions":{},"includedScopes":[]},"contributions":{},"includedScopes":[]},"contributions":{},"includedScopes":[]},"contributions":{},"includedScopes":[]},"contributions":{},"includedScopes":[]},"sourceMap":{"end":{"column":76,"line":46,"offset":1257},"start":{"column":60,"line":46,"offset":1241}}}},{"id":"430a12ed-4d7d-47dc-b698-59ebf2f48e14","metadata":[],"name":"y","scope":{"containerScope":{"containerScope":{"containerScope":{"containerScope":{"containerScope":{"containerScope":{"containerScope":{"contributions":{},"includedScopes":[]},"contributions":{},"includedScopes":[{"contributions":{},"includedScopes":[]},{"contributions":{},"includedScopes":[]}]},"contributions":{},"includedScopes":[{"containerScope":{"containerScope":{"contributions":{},"includedScopes":[]},"contributions":{},"includedScopes":[{"contributions":{},"includedScopes":[]},{"contributions":{},"includedScopes":[]},{"contributions":{},"includedScopes":[]},{"contributions":{},"includedScopes":[]},{"contributions":{},"includedScopes":[]},{"contributions":{},"includedScopes":[]},{"contributions":{},"includedScopes":[]},{"contributions":{},"includedScopes":[]},{"contributions":{},"includedScopes":[]}]},"contributions":{},"includedScopes":[{"containerScope":{"containerScope":{"containerScope":{"contributions":{},"includedScopes":[]},"contributions":{},"includedScopes":[]},"contributions":{},"includedScopes":[]},"contributions":{},"includedScopes":[]}]},{"containerScope":{"containerScope":{"containerScope":{"contributions":{},"includedScopes":[]},"contributions":{},"includedScopes":[]},"contributions":{},"includedScopes":[]},"contributions":{},"includedScopes":[]}]},"contributions":{},"includedScopes":[]},"contributions":{},"includedScopes":[]},"contributions":{},"includedScopes":[]},"contributions":{},"includedScopes":[]},"contributions":{},"includedScopes":[]},"sourceMap":{"end":{"column":94,"line":46,"offset":1275},"start":{"column":78,"line":46,"offset":1259}},"value":{"args":[],"id":"b19b5b20-84b2-4ae2-bfa1-0110f5ccd2f1","message":"y","metadata":[],"receiver":{"id":"7b052420-36e9-495f-8d2a-a443364fedc5","metadata":[],"name":"position","scope":{"containerScope":{"containerScope":{"containerScope":{"containerScope":{"containerScope":{"containerScope":{"containerScope":{"containerScope":{"containerScope":{"contributions":{},"includedScopes":[]},"contributions":{},"includedScopes":[{"contributions":{},"includedScopes":[]},{"contributions":{},"includedScopes":[]}]},"contributions":{},"includedScopes":[{"containerScope":{"containerScope":{"contributions":{},"includedScopes":[]},"contributions":{},"includedScopes":[{"contributions":{},"includedScopes":[]},{"contributions":{},"includedScopes":[]},{"contributions":{},"includedScopes":[]},{"contributions":{},"includedScopes":[]},{"contributions":{},"includedScopes":[]},{"contributions":{},"includedScopes":[]},{"contributions":{},"includedScopes":[]},{"contributions":{},"includedScopes":[]},{"contributions":{},"includedScopes":[]}]},"contributions":{},"includedScopes":[{"containerScope":{"containerScope":{"containerScope":{"contributions":{},"includedScopes":[]},"contributions":{},"includedScopes":[]},"contributions":{},"includedScopes":[]},"contributions":{},"includedScopes":[]}]},{"containerScope":{"containerScope":{"containerScope":{"contributions":{},"includedScopes":[]},"contributions":{},"includedScopes":[]},"contributions":{},"includedScopes":[]},"contributions":{},"includedScopes":[]}]},"contributions":{},"includedScopes":[]},"contributions":{},"includedScopes":[]},"contributions":{},"includedScopes":[]},"contributions":{},"includedScopes":[]},"contributions":{},"includedScopes":[]},"contributions":{},"includedScopes":[]},"contributions":{},"includedScopes":[]},"sourceMap":{"end":{"column":90,"line":46,"offset":1271},"start":{"column":82,"line":46,"offset":1263}}},"scope":{"containerScope":{"containerScope":{"containerScope":{"containerScope":{"containerScope":{"containerScope":{"containerScope":{"containerScope":{"contributions":{},"includedScopes":[]},"contributions":{},"includedScopes":[{"contributions":{},"includedScopes":[]},{"contributions":{},"includedScopes":[]}]},"contributions":{},"includedScopes":[{"containerScope":{"containerScope":{"contributions":{},"includedScopes":[]},"contributions":{},"includedScopes":[{"contributions":{},"includedScopes":[]},{"contributions":{},"includedScopes":[]},{"contributions":{},"includedScopes":[]},{"contributions":{},"includedScopes":[]},{"contributions":{},"includedScopes":[]},{"contributions":{},"includedScopes":[]},{"contributions":{},"includedScopes":[]},{"contributions":{},"includedScopes":[]},{"contributions":{},"includedScopes":[]}]},"contributions":{},"includedScopes":[{"containerScope":{"containerScope":{"containerScope":{"contributions":{},"includedScopes":[]},"contributions":{},"includedScopes":[]},"contributions":{},"includedScopes":[]},"contributions":{},"includedScopes":[]}]},{"containerScope":{"containerScope":{"containerScope":{"contributions":{},"includedScopes":[]},"contributions":{},"includedScopes":[]},"contributions":{},"includedScopes":[]},"contributions":{},"includedScopes":[]}]},"contributions":{},"includedScopes":[]},"contributions":{},"includedScopes":[]},"contributions":{},"includedScopes":[]},"contributions":{},"includedScopes":[]},"contributions":{},"includedScopes":[]},"contributions":{},"includedScopes":[]},"sourceMap":{"end":{"column":94,"line":46,"offset":1275},"start":{"column":82,"line":46,"offset":1263}}}}],"id":"b1fbe1b2-5fde-48ea-99f3-79b7cbf89806","instantiated":{"id":"c1106fac-7905-41a4-8f47-ff873f78a53e","metadata":[],"name":"MutablePosition","scope":{"containerScope":{"containerScope":{"containerScope":{"containerScope":{"containerScope":{"containerScope":{"containerScope":{"contributions":{},"includedScopes":[]},"contributions":{},"includedScopes":[{"contributions":{},"includedScopes":[]},{"contributions":{},"includedScopes":[]}]},"contributions":{},"includedScopes":[{"containerScope":{"containerScope":{"contributions":{},"includedScopes":[]},"contributions":{},"includedScopes":[{"contributions":{},"includedScopes":[]},{"contributions":{},"includedScopes":[]},{"contributions":{},"includedScopes":[]},{"contributions":{},"includedScopes":[]},{"contributions":{},"includedScopes":[]},{"contributions":{},"includedScopes":[]},{"contributions":{},"includedScopes":[]},{"contributions":{},"includedScopes":[]},{"contributions":{},"includedScopes":[]}]},"contributions":{},"includedScopes":[{"containerScope":{"containerScope":{"containerScope":{"contributions":{},"includedScopes":[]},"contributions":{},"includedScopes":[]},"contributions":{},"includedScopes":[]},"contributions":{},"includedScopes":[]}]},{"containerScope":{"containerScope":{"containerScope":{"contributions":{},"includedScopes":[]},"contributions":{},"includedScopes":[]},"contributions":{},"includedScopes":[]},"contributions":{},"includedScopes":[]}]},"contributions":{},"includedScopes":[]},"contributions":{},"includedScopes":[]},"contributions":{},"includedScopes":[]},"contributions":{},"includedScopes":[]},"contributions":{},"includedScopes":[]},"sourceMap":{"end":{"column":55,"line":46,"offset":1236},"start":{"column":40,"line":46,"offset":1221}}},"metadata":[],"scope":{"containerScope":{"containerScope":{"containerScope":{"containerScope":{"containerScope":{"containerScope":{"contributions":{},"includedScopes":[]},"contributions":{},"includedScopes":[{"contributions":{},"includedScopes":[]},{"contributions":{},"includedScopes":[]}]},"contributions":{},"includedScopes":[{"containerScope":{"containerScope":{"contributions":{},"includedScopes":[]},"contributions":{},"includedScopes":[{"contributions":{},"includedScopes":[]},{"contributions":{},"includedScopes":[]},{"contributions":{},"includedScopes":[]},{"contributions":{},"includedScopes":[]},{"contributions":{},"includedScopes":[]},{"contributions":{},"includedScopes":[]},{"contributions":{},"includedScopes":[]},{"contributions":{},"includedScopes":[]},{"contributions":{},"includedScopes":[]}]},"contributions":{},"includedScopes":[{"containerScope":{"containerScope":{"containerScope":{"contributions":{},"includedScopes":[]},"contributions":{},"includedScopes":[]},"contributions":{},"includedScopes":[]},"contributions":{},"includedScopes":[]}]},{"containerScope":{"containerScope":{"containerScope":{"contributions":{},"includedScopes":[]},"contributions":{},"includedScopes":[]},"contributions":{},"includedScopes":[]},"contributions":{},"includedScopes":[]}]},"contributions":{},"includedScopes":[]},"contributions":{},"includedScopes":[]},"contributions":{},"includedScopes":[]},"contributions":{},"includedScopes":[]},"sourceMap":{"end":{"column":95,"line":46,"offset":1276},"start":{"column":36,"line":46,"offset":1217}}}}],"sourceMap":{"end":{"column":95,"line":46,"offset":1276},"start":{"column":36,"line":46,"offset":1217}}},"compiled":false,"id":"abd61936-44c7-4bc5-813a-54b841e7d33c","isOverride":false,"metadata":[],"name":"colisionExtraPosition","parameters":[],"problems":[],"scope":{"containerScope":{"containerScope":{"containerScope":{"contributions":{},"includedScopes":[]},"contributions":{},"includedScopes":[{"contributions":{},"includedScopes":[]},{"contributions":{},"includedScopes":[]}]},"contributions":{},"includedScopes":[{"containerScope":{"containerScope":{"contributions":{},"includedScopes":[]},"contributions":{},"includedScopes":[{"contributions":{},"includedScopes":[]},{"contributions":{},"includedScopes":[]},{"contributions":{},"includedScopes":[]},{"contributions":{},"includedScopes":[]},{"contributions":{},"includedScopes":[]},{"contributions":{},"includedScopes":[]},{"contributions":{},"includedScopes":[]},{"contributions":{},"includedScopes":[]},{"contributions":{},"includedScopes":[]}]},"contributions":{},"includedScopes":[{"containerScope":{"containerScope":{"containerScope":{"contributions":{},"includedScopes":[]},"contributions":{},"includedScopes":[]},"contributions":{},"includedScopes":[]},"contributions":{},"includedScopes":[]}]},{"containerScope":{"containerScope":{"containerScope":{"contributions":{},"includedScopes":[]},"contributions":{},"includedScopes":[]},"contributions":{},"includedScopes":[]},"contributions":{},"includedScopes":[]}]},"contributions":{},"includedScopes":[]},"sourceMap":{"end":{"column":95,"line":46,"offset":1276},"start":{"column":3,"line":46,"offset":1184}}},{"body":{"id":"29d0f714-b466-4f9d-a2aa-b2b0e4f22aa4","metadata":[],"problems":[],"scope":{"containerScope":{"containerScope":{"containerScope":{"containerScope":{"contributions":{},"includedScopes":[]},"contributions":{},"includedScopes":[{"contributions":{},"includedScopes":[]},{"contributions":{},"includedScopes":[]}]},"contributions":{},"includedScopes":[{"containerScope":{"containerScope":{"contributions":{},"includedScopes":[]},"contributions":{},"includedScopes":[{"contributions":{},"includedScopes":[]},{"contributions":{},"includedScopes":[]},{"contributions":{},"includedScopes":[]},{"contributions":{},"includedScopes":[]},{"contributions":{},"includedScopes":[]},{"contributions":{},"includedScopes":[]},{"contributions":{},"includedScopes":[]},{"contributions":{},"includedScopes":[]},{"contributions":{},"includedScopes":[]}]},"contributions":{},"includedScopes":[{"containerScope":{"containerScope":{"containerScope":{"contributions":{},"includedScopes":[]},"contributions":{},"includedScopes":[]},"contributions":{},"includedScopes":[]},"contributions":{},"includedScopes":[]}]},{"containerScope":{"containerScope":{"containerScope":{"contributions":{},"includedScopes":[]},"contributions":{},"includedScopes":[]},"contributions":{},"includedScopes":[]},"contributions":{},"includedScopes":[]}]},"contributions":{},"includedScopes":[]},"contributions":{},"includedScopes":[]},"sentences":[{"condition":{"args":[{"id":"3dbe12f1-01ea-4ad5-b080-7b7069dbafd5","metadata":[],"scope":{"containerScope":{"containerScope":{"containerScope":{"containerScope":{"containerScope":{"containerScope":{"containerScope":{"contributions":{},"includedScopes":[]},"contributions":{},"includedScopes":[{"contributions":{},"includedScopes":[]},{"contributions":{},"includedScopes":[]}]},"contributions":{},"includedScopes":[{"containerScope":{"containerScope":{"contributions":{},"includedScopes":[]},"contributions":{},"includedScopes":[{"contributions":{},"includedScopes":[]},{"contributions":{},"includedScopes":[]},{"contributions":{},"includedScopes":[]},{"contributions":{},"includedScopes":[]},{"contributions":{},"includedScopes":[]},{"contributions":{},"includedScopes":[]},{"contributions":{},"includedScopes":[]},{"contributions":{},"includedScopes":[]},{"contributions":{},"includedScopes":[]}]},"contributions":{},"includedScopes":[{"containerScope":{"containerScope":{"containerScope":{"contributions":{},"includedScopes":[]},"contributions":{},"includedScopes":[]},"contributions":{},"includedScopes":[]},"contributions":{},"includedScopes":[]}]},{"containerScope":{"containerScope":{"containerScope":{"contributions":{},"includedScopes":[]},"contributions":{},"includedScopes":[]},"contributions":{},"includedScopes":[]},"contributions":{},"includedScopes":[]}]},"contributions":{},"includedScopes":[]},"contributions":{},"includedScopes":[]},"contributions":{},"includedScopes":[]},"contributions":{},"includedScopes":[]},"contributions":{},"includedScopes":[]},"sourceMap":{"end":{"column":28,"line":48,"offset":1332},"start":{"column":25,"line":48,"offset":1329}},"value":100}],"id":"58d48282-ff99-441d-a5a1-fa54f2b4cd58","message":"==","metadata":[],"receiver":{"args":[],"id":"0dad9891-b9e8-4a5d-b3b0-2daf9feca168","message":"x","metadata":[],"receiver":{"id":"a11dfce4-2373-45e6-83bf-22dc7d78067d","metadata":[],"name":"position","scope":{"containerScope":{"containerScope":{"containerScope":{"containerScope":{"containerScope":{"containerScope":{"containerScope":{"containerScope":{"contributions":{},"includedScopes":[]},"contributions":{},"includedScopes":[{"contributions":{},"includedScopes":[]},{"contributions":{},"includedScopes":[]}]},"contributions":{},"includedScopes":[{"containerScope":{"containerScope":{"contributions":{},"includedScopes":[]},"contributions":{},"includedScopes":[{"contributions":{},"includedScopes":[]},{"contributions":{},"includedScopes":[]},{"contributions":{},"includedScopes":[]},{"contributions":{},"includedScopes":[]},{"contributions":{},"includedScopes":[]},{"contributions":{},"includedScopes":[]},{"contributions":{},"includedScopes":[]},{"contributions":{},"includedScopes":[]},{"contributions":{},"includedScopes":[]}]},"contributions":{},"includedScopes":[{"containerScope":{"containerScope":{"containerScope":{"contributions":{},"includedScopes":[]},"contributions":{},"includedScopes":[]},"contributions":{},"includedScopes":[]},"contributions":{},"includedScopes":[]}]},{"containerScope":{"containerScope":{"containerScope":{"contributions":{},"includedScopes":[]},"contributions":{},"includedScopes":[]},"contributions":{},"includedScopes":[]},"contributions":{},"includedScopes":[]}]},"contributions":{},"includedScopes":[]},"contributions":{},"includedScopes":[]},"contributions":{},"includedScopes":[]},"contributions":{},"includedScopes":[]},"contributions":{},"includedScopes":[]},"contributions":{},"includedScopes":[]},"sourceMap":{"end":{"column":17,"line":48,"offset":1321},"start":{"column":9,"line":48,"offset":1313}}},"scope":{"containerScope":{"containerScope":{"containerScope":{"containerScope":{"containerScope":{"containerScope":{"containerScope":{"contributions":{},"includedScopes":[]},"contributions":{},"includedScopes":[{"contributions":{},"includedScopes":[]},{"contributions":{},"includedScopes":[]}]},"contributions":{},"includedScopes":[{"containerScope":{"containerScope":{"contributions":{},"includedScopes":[]},"contributions":{},"includedScopes":[{"contributions":{},"includedScopes":[]},{"contributions":{},"includedScopes":[]},{"contributions":{},"includedScopes":[]},{"contributions":{},"includedScopes":[]},{"contributions":{},"includedScopes":[]},{"contributions":{},"includedScopes":[]},{"contributions":{},"includedScopes":[]},{"contributions":{},"includedScopes":[]},{"contributions":{},"includedScopes":[]}]},"contributions":{},"includedScopes":[{"containerScope":{"containerScope":{"containerScope":{"contributions":{},"includedScopes":[]},"contributions":{},"includedScopes":[]},"contributions":{},"includedScopes":[]},"contributions":{},"includedScopes":[]}]},{"containerScope":{"containerScope":{"containerScope":{"contributions":{},"includedScopes":[]},"contributions":{},"includedScopes":[]},"contributions":{},"includedScopes":[]},"contributions":{},"includedScopes":[]}]},"contributions":{},"includedScopes":[]},"contributions":{},"includedScopes":[]},"contributions":{},"includedScopes":[]},"contributions":{},"includedScopes":[]},"contributions":{},"includedScopes":[]},"sourceMap":{"end":{"column":21,"line":48,"offset":1325},"start":{"column":9,"line":48,"offset":1313}}},"scope":{"containerScope":{"containerScope":{"containerScope":{"containerScope":{"containerScope":{"containerScope":{"contributions":{},"includedScopes":[]},"contributions":{},"includedScopes":[{"contributions":{},"includedScopes":[]},{"contributions":{},"includedScopes":[]}]},"contributions":{},"includedScopes":[{"containerScope":{"containerScope":{"contributions":{},"includedScopes":[]},"contributions":{},"includedScopes":[{"contributions":{},"includedScopes":[]},{"contributions":{},"includedScopes":[]},{"contributions":{},"includedScopes":[]},{"contributions":{},"includedScopes":[]},{"contributions":{},"includedScopes":[]},{"contributions":{},"includedScopes":[]},{"contributions":{},"includedScopes":[]},{"contributions":{},"includedScopes":[]},{"contributions":{},"includedScopes":[]}]},"contributions":{},"includedScopes":[{"containerScope":{"containerScope":{"containerScope":{"contributions":{},"includedScopes":[]},"contributions":{},"includedScopes":[]},"contributions":{},"includedScopes":[]},"contributions":{},"includedScopes":[]}]},{"containerScope":{"containerScope":{"containerScope":{"contributions":{},"includedScopes":[]},"contributions":{},"includedScopes":[]},"contributions":{},"includedScopes":[]},"contributions":{},"includedScopes":[]}]},"contributions":{},"includedScopes":[]},"contributions":{},"includedScopes":[]},"contributions":{},"includedScopes":[]},"contributions":{},"includedScopes":[]},"sourceMap":{"end":{"column":28,"line":48,"offset":1332},"start":{"column":9,"line":48,"offset":1313}}},"elseBody":{"id":"f195f126-8443-42b0-a9ba-2ee0632f3120","metadata":[],"problems":[],"scope":{"containerScope":{"containerScope":{"containerScope":{"containerScope":{"containerScope":{"containerScope":{"contributions":{},"includedScopes":[]},"contributions":{},"includedScopes":[{"contributions":{},"includedScopes":[]},{"contributions":{},"includedScopes":[]}]},"contributions":{},"includedScopes":[{"containerScope":{"containerScope":{"contributions":{},"includedScopes":[]},"contributions":{},"includedScopes":[{"contributions":{},"includedScopes":[]},{"contributions":{},"includedScopes":[]},{"contributions":{},"includedScopes":[]},{"contributions":{},"includedScopes":[]},{"contributions":{},"includedScopes":[]},{"contributions":{},"includedScopes":[]},{"contributions":{},"includedScopes":[]},{"contributions":{},"includedScopes":[]},{"contributions":{},"includedScopes":[]}]},"contributions":{},"includedScopes":[{"containerScope":{"containerScope":{"containerScope":{"contributions":{},"includedScopes":[]},"contributions":{},"includedScopes":[]},"contributions":{},"includedScopes":[]},"contributions":{},"includedScopes":[]}]},{"containerScope":{"containerScope":{"containerScope":{"contributions":{},"includedScopes":[]},"contributions":{},"includedScopes":[]},"contributions":{},"includedScopes":[]},"contributions":{},"includedScopes":[]}]},"contributions":{},"includedScopes":[]},"contributions":{},"includedScopes":[]},"contributions":{},"includedScopes":[]},"contributions":{},"includedScopes":[]},"sentences":[{"args":[{"id":"35514c15-3606-4ff1-b9b5-81cb31c9bfa7","metadata":[],"scope":{"containerScope":{"containerScope":{"containerScope":{"containerScope":{"containerScope":{"containerScope":{"containerScope":{"containerScope":{"contributions":{},"includedScopes":[]},"contributions":{},"includedScopes":[{"contributions":{},"includedScopes":[]},{"contributions":{},"includedScopes":[]}]},"contributions":{},"includedScopes":[{"containerScope":{"containerScope":{"contributions":{},"includedScopes":[]},"contributions":{},"includedScopes":[{"contributions":{},"includedScopes":[]},{"contributions":{},"includedScopes":[]},{"contributions":{},"includedScopes":[]},{"contributions":{},"includedScopes":[]},{"contributions":{},"includedScopes":[]},{"contributions":{},"includedScopes":[]},{"contributions":{},"includedScopes":[]},{"contributions":{},"includedScopes":[]},{"contributions":{},"includedScopes":[]}]},"contributions":{},"includedScopes":[{"containerScope":{"containerScope":{"containerScope":{"contributions":{},"includedScopes":[]},"contributions":{},"includedScopes":[]},"contributions":{},"includedScopes":[]},"contributions":{},"includedScopes":[]}]},{"containerScope":{"containerScope":{"containerScope":{"contributions":{},"includedScopes":[]},"contributions":{},"includedScopes":[]},"contributions":{},"includedScopes":[]},"contributions":{},"includedScopes":[]}]},"contributions":{},"includedScopes":[]},"contributions":{},"includedScopes":[]},"contributions":{},"includedScopes":[]},"contributions":{},"includedScopes":[]},"contributions":{},"includedScopes":[]},"contributions":{},"includedScopes":[]},"sourceMap":{"end":{"column":25,"line":52,"offset":1404},"start":{"column":24,"line":52,"offset":1403}},"value":1}],"id":"e2bffb6c-569b-46f3-8500-a59e54cb168a","message":"goRight","metadata":[],"receiver":{"id":"5539a6e2-5c9c-4215-90c4-fcea6edd666c","metadata":[],"name":"position","scope":{"containerScope":{"containerScope":{"containerScope":{"containerScope":{"containerScope":{"containerScope":{"containerScope":{"containerScope":{"contributions":{},"includedScopes":[]},"contributions":{},"includedScopes":[{"contributions":{},"includedScopes":[]},{"contributions":{},"includedScopes":[]}]},"contributions":{},"includedScopes":[{"containerScope":{"containerScope":{"contributions":{},"includedScopes":[]},"contributions":{},"includedScopes":[{"contributions":{},"includedScopes":[]},{"contributions":{},"includedScopes":[]},{"contributions":{},"includedScopes":[]},{"contributions":{},"includedScopes":[]},{"contributions":{},"includedScopes":[]},{"contributions":{},"includedScopes":[]},{"contributions":{},"includedScopes":[]},{"contributions":{},"includedScopes":[]},{"contributions":{},"includedScopes":[]}]},"contributions":{},"includedScopes":[{"containerScope":{"containerScope":{"containerScope":{"contributions":{},"includedScopes":[]},"contributions":{},"includedScopes":[]},"contributions":{},"includedScopes":[]},"contributions":{},"includedScopes":[]}]},{"containerScope":{"containerScope":{"containerScope":{"contributions":{},"includedScopes":[]},"contributions":{},"includedScopes":[]},"contributions":{},"includedScopes":[]},"contributions":{},"includedScopes":[]}]},"contributions":{},"includedScopes":[]},"contributions":{},"includedScopes":[]},"contributions":{},"includedScopes":[]},"contributions":{},"includedScopes":[]},"contributions":{},"includedScopes":[]},"contributions":{},"includedScopes":[]},"sourceMap":{"end":{"column":15,"line":52,"offset":1394},"start":{"column":7,"line":52,"offset":1386}}},"scope":{"containerScope":{"containerScope":{"containerScope":{"containerScope":{"containerScope":{"containerScope":{"containerScope":{"contributions":{},"includedScopes":[]},"contributions":{},"includedScopes":[{"contributions":{},"includedScopes":[]},{"contributions":{},"includedScopes":[]}]},"contributions":{},"includedScopes":[{"containerScope":{"containerScope":{"contributions":{},"includedScopes":[]},"contributions":{},"includedScopes":[{"contributions":{},"includedScopes":[]},{"contributions":{},"includedScopes":[]},{"contributions":{},"includedScopes":[]},{"contributions":{},"includedScopes":[]},{"contributions":{},"includedScopes":[]},{"contributions":{},"includedScopes":[]},{"contributions":{},"includedScopes":[]},{"contributions":{},"includedScopes":[]},{"contributions":{},"includedScopes":[]}]},"contributions":{},"includedScopes":[{"containerScope":{"containerScope":{"containerScope":{"contributions":{},"includedScopes":[]},"contributions":{},"includedScopes":[]},"contributions":{},"includedScopes":[]},"contributions":{},"includedScopes":[]}]},{"containerScope":{"containerScope":{"containerScope":{"contributions":{},"includedScopes":[]},"contributions":{},"includedScopes":[]},"contributions":{},"includedScopes":[]},"contributions":{},"includedScopes":[]}]},"contributions":{},"includedScopes":[]},"contributions":{},"includedScopes":[]},"contributions":{},"includedScopes":[]},"contributions":{},"includedScopes":[]},"contributions":{},"includedScopes":[]},"sourceMap":{"end":{"column":26,"line":52,"offset":1405},"start":{"column":7,"line":52,"offset":1386}}},{"args":[],"id":"ca3a1b01-bb14-4931-a55a-6add863c9ec5","message":"colisionExtraPosition","metadata":[],"receiver":{"id":"4ac3a71f-9b80-4eb0-9d6b-220915d82c21","metadata":[],"scope":{"containerScope":{"containerScope":{"containerScope":{"containerScope":{"containerScope":{"containerScope":{"containerScope":{"containerScope":{"contributions":{},"includedScopes":[]},"contributions":{},"includedScopes":[{"contributions":{},"includedScopes":[]},{"contributions":{},"includedScopes":[]}]},"contributions":{},"includedScopes":[{"containerScope":{"containerScope":{"contributions":{},"includedScopes":[]},"contributions":{},"includedScopes":[{"contributions":{},"includedScopes":[]},{"contributions":{},"includedScopes":[]},{"contributions":{},"includedScopes":[]},{"contributions":{},"includedScopes":[]},{"contributions":{},"includedScopes":[]},{"contributions":{},"includedScopes":[]},{"contributions":{},"includedScopes":[]},{"contributions":{},"includedScopes":[]},{"contributions":{},"includedScopes":[]}]},"contributions":{},"includedScopes":[{"containerScope":{"containerScope":{"containerScope":{"contributions":{},"includedScopes":[]},"contributions":{},"includedScopes":[]},"contributions":{},"includedScopes":[]},"contributions":{},"includedScopes":[]}]},{"containerScope":{"containerScope":{"containerScope":{"contributions":{},"includedScopes":[]},"contributions":{},"includedScopes":[]},"contributions":{},"includedScopes":[]},"contributions":{},"includedScopes":[]}]},"contributions":{},"includedScopes":[]},"contributions":{},"includedScopes":[]},"contributions":{},"includedScopes":[]},"contributions":{},"includedScopes":[]},"contributions":{},"includedScopes":[]},"contributions":{},"includedScopes":[]},"sourceMap":{"end":{"column":11,"line":53,"offset":1417},"start":{"column":7,"line":53,"offset":1413}}},"scope":{"containerScope":{"containerScope":{"containerScope":{"containerScope":{"containerScope":{"containerScope":{"containerScope":{"contributions":{},"includedScopes":[]},"contributions":{},"includedScopes":[{"contributions":{},"includedScopes":[]},{"contributions":{},"includedScopes":[]}]},"contributions":{},"includedScopes":[{"containerScope":{"containerScope":{"contributions":{},"includedScopes":[]},"contributions":{},"includedScopes":[{"contributions":{},"includedScopes":[]},{"contributions":{},"includedScopes":[]},{"contributions":{},"includedScopes":[]},{"contributions":{},"includedScopes":[]},{"contributions":{},"includedScopes":[]},{"contributions":{},"includedScopes":[]},{"contributions":{},"includedScopes":[]},{"contributions":{},"includedScopes":[]},{"contributions":{},"includedScopes":[]}]},"contributions":{},"includedScopes":[{"containerScope":{"containerScope":{"containerScope":{"contributions":{},"includedScopes":[]},"contributions":{},"includedScopes":[]},"contributions":{},"includedScopes":[]},"contributions":{},"includedScopes":[]}]},{"containerScope":{"containerScope":{"containerScope":{"contributions":{},"includedScopes":[]},"contributions":{},"includedScopes":[]},"contributions":{},"includedScopes":[]},"contributions":{},"includedScopes":[]}]},"contributions":{},"includedScopes":[]},"contributions":{},"includedScopes":[]},"contributions":{},"includedScopes":[]},"contributions":{},"includedScopes":[]},"contributions":{},"includedScopes":[]},"sourceMap":{"end":{"column":35,"line":53,"offset":1441},"start":{"column":6,"line":53,"offset":1413}}}],"sourceMap":{"end":{"column":6,"line":54,"offset":1448},"start":{"column":10,"line":51,"offset":1377}}},"id":"81e0bc68-0d2b-4ae7-884c-bb3260dedab0","metadata":[],"scope":{"containerScope":{"containerScope":{"containerScope":{"containerScope":{"containerScope":{"contributions":{},"includedScopes":[]},"contributions":{},"includedScopes":[{"contributions":{},"includedScopes":[]},{"contributions":{},"includedScopes":[]}]},"contributions":{},"includedScopes":[{"containerScope":{"containerScope":{"contributions":{},"includedScopes":[]},"contributions":{},"includedScopes":[{"contributions":{},"includedScopes":[]},{"contributions":{},"includedScopes":[]},{"contributions":{},"includedScopes":[]},{"contributions":{},"includedScopes":[]},{"contributions":{},"includedScopes":[]},{"contributions":{},"includedScopes":[]},{"contributions":{},"includedScopes":[]},{"contributions":{},"includedScopes":[]},{"contributions":{},"includedScopes":[]}]},"contributions":{},"includedScopes":[{"containerScope":{"containerScope":{"containerScope":{"contributions":{},"includedScopes":[]},"contributions":{},"includedScopes":[]},"contributions":{},"includedScopes":[]},"contributions":{},"includedScopes":[]}]},{"containerScope":{"containerScope":{"containerScope":{"contributions":{},"includedScopes":[]},"contributions":{},"includedScopes":[]},"contributions":{},"includedScopes":[]},"contributions":{},"includedScopes":[]}]},"contributions":{},"includedScopes":[]},"contributions":{},"includedScopes":[]},"contributions":{},"includedScopes":[]},"sourceMap":{"end":{"column":6,"line":54,"offset":1448},"start":{"column":5,"line":48,"offset":1309}},"thenBody":{"id":"a106ebc7-d229-4112-a249-466e71a6b199","metadata":[],"problems":[],"scope":{"containerScope":{"containerScope":{"containerScope":{"containerScope":{"containerScope":{"containerScope":{"contributions":{},"includedScopes":[]},"contributions":{},"includedScopes":[{"contributions":{},"includedScopes":[]},{"contributions":{},"includedScopes":[]}]},"contributions":{},"includedScopes":[{"containerScope":{"containerScope":{"contributions":{},"includedScopes":[]},"contributions":{},"includedScopes":[{"contributions":{},"includedScopes":[]},{"contributions":{},"includedScopes":[]},{"contributions":{},"includedScopes":[]},{"contributions":{},"includedScopes":[]},{"contributions":{},"includedScopes":[]},{"contributions":{},"includedScopes":[]},{"contributions":{},"includedScopes":[]},{"contributions":{},"includedScopes":[]},{"contributions":{},"includedScopes":[]}]},"contributions":{},"includedScopes":[{"containerScope":{"containerScope":{"containerScope":{"contributions":{},"includedScopes":[]},"contributions":{},"includedScopes":[]},"contributions":{},"includedScopes":[]},"contributions":{},"includedScopes":[]}]},{"containerScope":{"containerScope":{"containerScope":{"contributions":{},"includedScopes":[]},"contributions":{},"includedScopes":[]},"contributions":{},"includedScopes":[]},"contributions":{},"includedScopes":[]}]},"contributions":{},"includedScopes":[]},"contributions":{},"includedScopes":[]},"contributions":{},"includedScopes":[]},"contributions":{},"includedScopes":[]},"sentences":[{"args":[],"id":"d21bf57a-ab27-45be-8fc9-250b1d45ca77","message":"eliminar","metadata":[],"receiver":{"id":"df3dddb5-1e58-4a32-836f-8a7f3bfb53b9","metadata":[],"scope":{"containerScope":{"containerScope":{"containerScope":{"containerScope":{"containerScope":{"containerScope":{"containerScope":{"containerScope":{"contributions":{},"includedScopes":[]},"contributions":{},"includedScopes":[{"contributions":{},"includedScopes":[]},{"contributions":{},"includedScopes":[]}]},"contributions":{},"includedScopes":[{"containerScope":{"containerScope":{"contributions":{},"includedScopes":[]},"contributions":{},"includedScopes":[{"contributions":{},"includedScopes":[]},{"contributions":{},"includedScopes":[]},{"contributions":{},"includedScopes":[]},{"contributions":{},"includedScopes":[]},{"contributions":{},"includedScopes":[]},{"contributions":{},"includedScopes":[]},{"contributions":{},"includedScopes":[]},{"contributions":{},"includedScopes":[]},{"contributions":{},"includedScopes":[]}]},"contributions":{},"includedScopes":[{"containerScope":{"containerScope":{"containerScope":{"contributions":{},"includedScopes":[]},"contributions":{},"includedScopes":[]},"contributions":{},"includedScopes":[]},"contributions":{},"includedScopes":[]}]},{"containerScope":{"containerScope":{"containerScope":{"contributions":{},"includedScopes":[]},"contributions":{},"includedScopes":[]},"contributions":{},"includedScopes":[]},"contributions":{},"includedScopes":[]}]},"contributions":{},"includedScopes":[]},"contributions":{},"includedScopes":[]},"contributions":{},"includedScopes":[]},"contributions":{},"includedScopes":[]},"contributions":{},"includedScopes":[]},"contributions":{},"includedScopes":[]},"sourceMap":{"end":{"column":11,"line":49,"offset":1347},"start":{"column":7,"line":49,"offset":1343}}},"scope":{"containerScope":{"containerScope":{"containerScope":{"containerScope":{"containerScope":{"containerScope":{"containerScope":{"contributions":{},"includedScopes":[]},"contributions":{},"includedScopes":[{"contributions":{},"includedScopes":[]},{"contributions":{},"includedScopes":[]}]},"contributions":{},"includedScopes":[{"containerScope":{"containerScope":{"contributions":{},"includedScopes":[]},"contributions":{},"includedScopes":[{"contributions":{},"includedScopes":[]},{"contributions":{},"includedScopes":[]},{"contributions":{},"includedScopes":[]},{"contributions":{},"includedScopes":[]},{"contributions":{},"includedScopes":[]},{"contributions":{},"includedScopes":[]},{"contributions":{},"includedScopes":[]},{"contributions":{},"includedScopes":[]},{"contributions":{},"includedScopes":[]}]},"contributions":{},"includedScopes":[{"containerScope":{"containerScope":{"containerScope":{"contributions":{},"includedScopes":[]},"contributions":{},"includedScopes":[]},"contributions":{},"includedScopes":[]},"contributions":{},"includedScopes":[]}]},{"containerScope":{"containerScope":{"containerScope":{"contributions":{},"includedScopes":[]},"contributions":{},"includedScopes":[]},"contributions":{},"includedScopes":[]},"contributions":{},"includedScopes":[]}]},"contributions":{},"includedScopes":[]},"contributions":{},"includedScopes":[]},"contributions":{},"includedScopes":[]},"contributions":{},"includedScopes":[]},"contributions":{},"includedScopes":[]},"sourceMap":{"end":{"column":22,"line":49,"offset":1358},"start":{"column":7,"line":49,"offset":1343}}}],"sourceMap":{"end":{"column":6,"line":50,"offset":1365},"start":{"column":30,"line":48,"offset":1334}}}}],"sourceMap":{"end":{"column":4,"line":55,"offset":1453},"start":{"column":25,"line":47,"offset":1302}}},"compiled":false,"id":"812e0c16-f767-49fa-93ce-b9ca50e03d5f","isOverride":false,"metadata":[],"name":"moverDerecha","parameters":[],"problems":[],"scope":{"containerScope":{"containerScope":{"containerScope":{"contributions":{},"includedScopes":[]},"contributions":{},"includedScopes":[{"contributions":{},"includedScopes":[]},{"contributions":{},"includedScopes":[]}]},"contributions":{},"includedScopes":[{"containerScope":{"containerScope":{"contributions":{},"includedScopes":[]},"contributions":{},"includedScopes":[{"contributions":{},"includedScopes":[]},{"contributions":{},"includedScopes":[]},{"contributions":{},"includedScopes":[]},{"contributions":{},"includedScopes":[]},{"contributions":{},"includedScopes":[]},{"contributions":{},"includedScopes":[]},{"contributions":{},"includedScopes":[]},{"contributions":{},"includedScopes":[]},{"contributions":{},"includedScopes":[]}]},"contributions":{},"includedScopes":[{"containerScope":{"containerScope":{"containerScope":{"contributions":{},"includedScopes":[]},"contributions":{},"includedScopes":[]},"contributions":{},"includedScopes":[]},"contributions":{},"includedScopes":[]}]},{"containerScope":{"containerScope":{"containerScope":{"contributions":{},"includedScopes":[]},"contributions":{},"includedScopes":[]},"contributions":{},"includedScopes":[]},"contributions":{},"includedScopes":[]}]},"contributions":{},"includedScopes":[]},"sourceMap":{"end":{"column":4,"line":55,"offset":1453},"start":{"column":3,"line":47,"offset":1280}}},{"body":{"id":"eb629d70-f140-4ef7-b1a8-33d29d9b9468","metadata":[],"problems":[],"scope":{"containerScope":{"containerScope":{"containerScope":{"containerScope":{"contributions":{},"includedScopes":[]},"contributions":{},"includedScopes":[{"contributions":{},"includedScopes":[]},{"contributions":{},"includedScopes":[]}]},"contributions":{},"includedScopes":[{"containerScope":{"containerScope":{"contributions":{},"includedScopes":[]},"contributions":{},"includedScopes":[{"contributions":{},"includedScopes":[]},{"contributions":{},"includedScopes":[]},{"contributions":{},"includedScopes":[]},{"contributions":{},"includedScopes":[]},{"contributions":{},"includedScopes":[]},{"contributions":{},"includedScopes":[]},{"contributions":{},"includedScopes":[]},{"contributions":{},"includedScopes":[]},{"contributions":{},"includedScopes":[]}]},"contributions":{},"includedScopes":[{"containerScope":{"containerScope":{"containerScope":{"contributions":{},"includedScopes":[]},"contributions":{},"includedScopes":[]},"contributions":{},"includedScopes":[]},"contributions":{},"includedScopes":[]}]},{"containerScope":{"containerScope":{"containerScope":{"contributions":{},"includedScopes":[]},"contributions":{},"includedScopes":[]},"contributions":{},"includedScopes":[]},"contributions":{},"includedScopes":[]}]},"contributions":{},"includedScopes":[]},"contributions":{},"includedScopes":[]},"sentences":[{"args":[{"id":"6209895d-f17d-4120-a7c2-bc8c59535620","metadata":[],"scope":{"containerScope":{"containerScope":{"containerScope":{"containerScope":{"containerScope":{"containerScope":{"contributions":{},"includedScopes":[]},"contributions":{},"includedScopes":[{"contributions":{},"includedScopes":[]},{"contributions":{},"includedScopes":[]}]},"contributions":{},"includedScopes":[{"containerScope":{"containerScope":{"contributions":{},"includedScopes":[]},"contributions":{},"includedScopes":[{"contributions":{},"includedScopes":[]},{"contributions":{},"includedScopes":[]},{"contributions":{},"includedScopes":[]},{"contributions":{},"includedScopes":[]},{"contributions":{},"includedScopes":[]},{"contributions":{},"includedScopes":[]},{"contributions":{},"includedScopes":[]},{"contributions":{},"includedScopes":[]},{"contributions":{},"includedScopes":[]}]},"contributions":{},"includedScopes":[{"containerScope":{"containerScope":{"containerScope":{"contributions":{},"includedScopes":[]},"contributions":{},"includedScopes":[]},"contributions":{},"includedScopes":[]},"contributions":{},"includedScopes":[]}]},{"containerScope":{"containerScope":{"containerScope":{"contributions":{},"includedScopes":[]},"contributions":{},"includedScopes":[]},"contributions":{},"includedScopes":[]},"contributions":{},"includedScopes":[]}]},"contributions":{},"includedScopes":[]},"contributions":{},"includedScopes":[]},"contributions":{},"includedScopes":[]},"contributions":{},"includedScopes":[]},"sourceMap":{"end":{"column":27,"line":57,"offset":1504},"start":{"column":23,"line":57,"offset":1500}}}],"id":"7ea3e5bb-2fbd-426e-b30c-8a81fe0ca659","message":"removeVisual","metadata":[],"receiver":{"id":"75de6cd5-792f-48f3-af6c-cf776dda2246","metadata":[],"name":"game","scope":{"containerScope":{"containerScope":{"containerScope":{"containerScope":{"containerScope":{"containerScope":{"contributions":{},"includedScopes":[]},"contributions":{},"includedScopes":[{"contributions":{},"includedScopes":[]},{"contributions":{},"includedScopes":[]}]},"contributions":{},"includedScopes":[{"containerScope":{"containerScope":{"contributions":{},"includedScopes":[]},"contributions":{},"includedScopes":[{"contributions":{},"includedScopes":[]},{"contributions":{},"includedScopes":[]},{"contributions":{},"includedScopes":[]},{"contributions":{},"includedScopes":[]},{"contributions":{},"includedScopes":[]},{"contributions":{},"includedScopes":[]},{"contributions":{},"includedScopes":[]},{"contributions":{},"includedScopes":[]},{"contributions":{},"includedScopes":[]}]},"contributions":{},"includedScopes":[{"containerScope":{"containerScope":{"containerScope":{"contributions":{},"includedScopes":[]},"contributions":{},"includedScopes":[]},"contributions":{},"includedScopes":[]},"contributions":{},"includedScopes":[]}]},{"containerScope":{"containerScope":{"containerScope":{"contributions":{},"includedScopes":[]},"contributions":{},"includedScopes":[]},"contributions":{},"includedScopes":[]},"contributions":{},"includedScopes":[]}]},"contributions":{},"includedScopes":[]},"contributions":{},"includedScopes":[]},"contributions":{},"includedScopes":[]},"contributions":{},"includedScopes":[]},"sourceMap":{"end":{"column":9,"line":57,"offset":1486},"start":{"column":5,"line":57,"offset":1482}}},"scope":{"containerScope":{"containerScope":{"containerScope":{"containerScope":{"containerScope":{"contributions":{},"includedScopes":[]},"contributions":{},"includedScopes":[{"contributions":{},"includedScopes":[]},{"contributions":{},"includedScopes":[]}]},"contributions":{},"includedScopes":[{"containerScope":{"containerScope":{"contributions":{},"includedScopes":[]},"contributions":{},"includedScopes":[{"contributions":{},"includedScopes":[]},{"contributions":{},"includedScopes":[]},{"contributions":{},"includedScopes":[]},{"contributions":{},"includedScopes":[]},{"contributions":{},"includedScopes":[]},{"contributions":{},"includedScopes":[]},{"contributions":{},"includedScopes":[]},{"contributions":{},"includedScopes":[]},{"contributions":{},"includedScopes":[]}]},"contributions":{},"includedScopes":[{"containerScope":{"containerScope":{"containerScope":{"contributions":{},"includedScopes":[]},"contributions":{},"includedScopes":[]},"contributions":{},"includedScopes":[]},"contributions":{},"includedScopes":[]}]},{"containerScope":{"containerScope":{"containerScope":{"contributions":{},"includedScopes":[]},"contributions":{},"includedScopes":[]},"contributions":{},"includedScopes":[]},"contributions":{},"includedScopes":[]}]},"contributions":{},"includedScopes":[]},"contributions":{},"includedScopes":[]},"contributions":{},"includedScopes":[]},"sourceMap":{"end":{"column":28,"line":57,"offset":1505},"start":{"column":5,"line":57,"offset":1482}}},{"args":[{"id":"f9f682c3-eb2a-4784-ab96-acab5e54cb2d","metadata":[],"scope":{"containerScope":{"containerScope":{"containerScope":{"containerScope":{"containerScope":{"containerScope":{"contributions":{},"includedScopes":[]},"contributions":{},"includedScopes":[{"contributions":{},"includedScopes":[]},{"contributions":{},"includedScopes":[]}]},"contributions":{},"includedScopes":[{"containerScope":{"containerScope":{"contributions":{},"includedScopes":[]},"contributions":{},"includedScopes":[{"contributions":{},"includedScopes":[]},{"contributions":{},"includedScopes":[]},{"contributions":{},"includedScopes":[]},{"contributions":{},"includedScopes":[]},{"contributions":{},"includedScopes":[]},{"contributions":{},"includedScopes":[]},{"contributions":{},"includedScopes":[]},{"contributions":{},"includedScopes":[]},{"contributions":{},"includedScopes":[]}]},"contributions":{},"includedScopes":[{"containerScope":{"containerScope":{"containerScope":{"contributions":{},"includedScopes":[]},"contributions":{},"includedScopes":[]},"contributions":{},"includedScopes":[]},"contributions":{},"includedScopes":[]}]},{"containerScope":{"containerScope":{"containerScope":{"contributions":{},"includedScopes":[]},"contributions":{},"includedScopes":[]},"contributions":{},"includedScopes":[]},"contributions":{},"includedScopes":[]}]},"contributions":{},"includedScopes":[]},"contributions":{},"includedScopes":[]},"contributions":{},"includedScopes":[]},"contributions":{},"includedScopes":[]},"sourceMap":{"end":{"column":49,"line":58,"offset":1555},"start":{"column":45,"line":58,"offset":1551}}}],"id":"1f6a46ce-38c3-48c2-a03c-a7fe6c803c18","message":"destruirHechizo","metadata":[],"receiver":{"id":"6a9c221b-2bc5-43d0-b017-2fa10311f2e3","metadata":[],"name":"administradorDeHechizos","scope":{"containerScope":{"containerScope":{"containerScope":{"containerScope":{"containerScope":{"containerScope":{"contributions":{},"includedScopes":[]},"contributions":{},"includedScopes":[{"contributions":{},"includedScopes":[]},{"contributions":{},"includedScopes":[]}]},"contributions":{},"includedScopes":[{"containerScope":{"containerScope":{"contributions":{},"includedScopes":[]},"contributions":{},"includedScopes":[{"contributions":{},"includedScopes":[]},{"contributions":{},"includedScopes":[]},{"contributions":{},"includedScopes":[]},{"contributions":{},"includedScopes":[]},{"contributions":{},"includedScopes":[]},{"contributions":{},"includedScopes":[]},{"contributions":{},"includedScopes":[]},{"contributions":{},"includedScopes":[]},{"contributions":{},"includedScopes":[]}]},"contributions":{},"includedScopes":[{"containerScope":{"containerScope":{"containerScope":{"contributions":{},"includedScopes":[]},"contributions":{},"includedScopes":[]},"contributions":{},"includedScopes":[]},"contributions":{},"includedScopes":[]}]},{"containerScope":{"containerScope":{"containerScope":{"contributions":{},"includedScopes":[]},"contributions":{},"includedScopes":[]},"contributions":{},"includedScopes":[]},"contributions":{},"includedScopes":[]}]},"contributions":{},"includedScopes":[]},"contributions":{},"includedScopes":[]},"contributions":{},"includedScopes":[]},"contributions":{},"includedScopes":[]},"sourceMap":{"end":{"column":28,"line":58,"offset":1534},"start":{"column":5,"line":58,"offset":1511}}},"scope":{"containerScope":{"containerScope":{"containerScope":{"containerScope":{"containerScope":{"contributions":{},"includedScopes":[]},"contributions":{},"includedScopes":[{"contributions":{},"includedScopes":[]},{"contributions":{},"includedScopes":[]}]},"contributions":{},"includedScopes":[{"containerScope":{"containerScope":{"contributions":{},"includedScopes":[]},"contributions":{},"includedScopes":[{"contributions":{},"includedScopes":[]},{"contributions":{},"includedScopes":[]},{"contributions":{},"includedScopes":[]},{"contributions":{},"includedScopes":[]},{"contributions":{},"includedScopes":[]},{"contributions":{},"includedScopes":[]},{"contributions":{},"includedScopes":[]},{"contributions":{},"includedScopes":[]},{"contributions":{},"includedScopes":[]}]},"contributions":{},"includedScopes":[{"containerScope":{"containerScope":{"containerScope":{"contributions":{},"includedScopes":[]},"contributions":{},"includedScopes":[]},"contributions":{},"includedScopes":[]},"contributions":{},"includedScopes":[]}]},{"containerScope":{"containerScope":{"containerScope":{"contributions":{},"includedScopes":[]},"contributions":{},"includedScopes":[]},"contributions":{},"includedScopes":[]},"contributions":{},"includedScopes":[]}]},"contributions":{},"includedScopes":[]},"contributions":{},"includedScopes":[]},"contributions":{},"includedScopes":[]},"sourceMap":{"end":{"column":50,"line":58,"offset":1556},"start":{"column":4,"line":58,"offset":1511}}}],"sourceMap":{"end":{"column":4,"line":59,"offset":1561},"start":{"column":21,"line":56,"offset":1475}}},"compiled":false,"id":"a97ae20f-7156-4b6c-bfd6-aad331d558ef","isOverride":false,"metadata":[],"name":"eliminar","parameters":[],"problems":[],"scope":{"containerScope":{"containerScope":{"containerScope":{"contributions":{},"includedScopes":[]},"contributions":{},"includedScopes":[{"contributions":{},"includedScopes":[]},{"contributions":{},"includedScopes":[]}]},"contributions":{},"includedScopes":[{"containerScope":{"containerScope":{"contributions":{},"includedScopes":[]},"contributions":{},"includedScopes":[{"contributions":{},"includedScopes":[]},{"contributions":{},"includedScopes":[]},{"contributions":{},"includedScopes":[]},{"contributions":{},"includedScopes":[]},{"contributions":{},"includedScopes":[]},{"contributions":{},"includedScopes":[]},{"contributions":{},"includedScopes":[]},{"contributions":{},"includedScopes":[]},{"contributions":{},"includedScopes":[]}]},"contributions":{},"includedScopes":[{"containerScope":{"containerScope":{"containerScope":{"contributions":{},"includedScopes":[]},"contributions":{},"includedScopes":[]},"contributions":{},"includedScopes":[]},"contributions":{},"includedScopes":[]}]},{"containerScope":{"containerScope":{"containerScope":{"contributions":{},"includedScopes":[]},"contributions":{},"includedScopes":[]},"contributions":{},"includedScopes":[]},"contributions":{},"includedScopes":[]}]},"contributions":{},"includedScopes":[]},"sourceMap":{"end":{"column":4,"line":59,"offset":1561},"start":{"column":3,"line":56,"offset":1457}}},{"body":{"id":"bcd442d0-eaab-4a60-9f16-de6d72d8aef6","metadata":[{"args":{"position":"end","text":"// esto es lo que ocurre cuando colisiona con algo"},"name":"comment"}],"problems":[],"scope":{"containerScope":{"containerScope":{"containerScope":{"containerScope":{"contributions":{},"includedScopes":[]},"contributions":{},"includedScopes":[{"contributions":{},"includedScopes":[]},{"contributions":{},"includedScopes":[]}]},"contributions":{},"includedScopes":[{"containerScope":{"containerScope":{"contributions":{},"includedScopes":[]},"contributions":{},"includedScopes":[{"contributions":{},"includedScopes":[]},{"contributions":{},"includedScopes":[]},{"contributions":{},"includedScopes":[]},{"contributions":{},"includedScopes":[]},{"contributions":{},"includedScopes":[]},{"contributions":{},"includedScopes":[]},{"contributions":{},"includedScopes":[]},{"contributions":{},"includedScopes":[]},{"contributions":{},"includedScopes":[]}]},"contributions":{},"includedScopes":[{"containerScope":{"containerScope":{"containerScope":{"contributions":{},"includedScopes":[]},"contributions":{},"includedScopes":[]},"contributions":{},"includedScopes":[]},"contributions":{},"includedScopes":[]}]},{"containerScope":{"containerScope":{"containerScope":{"contributions":{},"includedScopes":[]},"contributions":{},"includedScopes":[]},"contributions":{},"includedScopes":[]},"contributions":{},"includedScopes":[]}]},"contributions":{},"includedScopes":[]},"contributions":{},"includedScopes":[]},"sentences":[],"sourceMap":{"end":{"column":25,"line":60,"offset":1587},"start":{"column":23,"line":60,"offset":1585}}},"compiled":false,"id":"bbd0d8eb-7c02-431c-9847-fc33abec3588","isOverride":false,"metadata":[],"name":"colisionar","parameters":[],"problems":[],"scope":{"containerScope":{"containerScope":{"containerScope":{"contributions":{},"includedScopes":[]},"contributions":{},"includedScopes":[{"contributions":{},"includedScopes":[]},{"contributions":{},"includedScopes":[]}]},"contributions":{},"includedScopes":[{"containerScope":{"containerScope":{"contributions":{},"includedScopes":[]},"contributions":{},"includedScopes":[{"contributions":{},"includedScopes":[]},{"contributions":{},"includedScopes":[]},{"contributions":{},"includedScopes":[]},{"contributions":{},"includedScopes":[]},{"contributions":{},"includedScopes":[]},{"contributions":{},"includedScopes":[]},{"contributions":{},"includedScopes":[]},{"contributions":{},"includedScopes":[]},{"contributions":{},"includedScopes":[]}]},"contributions":{},"includedScopes":[{"containerScope":{"containerScope":{"containerScope":{"contributions":{},"includedScopes":[]},"contributions":{},"includedScopes":[]},"contributions":{},"includedScopes":[]},"contributions":{},"includedScopes":[]}]},{"containerScope":{"containerScope":{"containerScope":{"contributions":{},"includedScopes":[]},"contributions":{},"includedScopes":[]},"contributions":{},"includedScopes":[]},"contributions":{},"includedScopes":[]}]},"contributions":{},"includedScopes":[]},"sourceMap":{"end":{"column":75,"line":60,"offset":1637},"start":{"column":3,"line":60,"offset":1565}}},{"body":{"id":"2262ef68-afcf-4102-9fdf-ae4d89d11960","metadata":[],"scope":{"containerScope":{"containerScope":{"containerScope":{"containerScope":{"contributions":{},"includedScopes":[]},"contributions":{},"includedScopes":[{"contributions":{},"includedScopes":[]},{"contributions":{},"includedScopes":[]}]},"contributions":{},"includedScopes":[{"containerScope":{"containerScope":{"contributions":{},"includedScopes":[]},"contributions":{},"includedScopes":[{"contributions":{},"includedScopes":[]},{"contributions":{},"includedScopes":[]},{"contributions":{},"includedScopes":[]},{"contributions":{},"includedScopes":[]},{"contributions":{},"includedScopes":[]},{"contributions":{},"includedScopes":[]},{"contributions":{},"includedScopes":[]},{"contributions":{},"includedScopes":[]},{"contributions":{},"includedScopes":[]}]},"contributions":{},"includedScopes":[{"containerScope":{"containerScope":{"containerScope":{"contributions":{},"includedScopes":[]},"contributions":{},"includedScopes":[]},"contributions":{},"includedScopes":[]},"contributions":{},"includedScopes":[]}]},{"containerScope":{"containerScope":{"containerScope":{"contributions":{},"includedScopes":[]},"contributions":{},"includedScopes":[]},"contributions":{},"includedScopes":[]},"contributions":{},"includedScopes":[]}]},"contributions":{},"includedScopes":[]},"contributions":{},"includedScopes":[]},"sentences":[{"id":"d6b859fb-26da-481f-8bf9-4e0167840355","metadata":[],"scope":{"containerScope":{"containerScope":{"containerScope":{"containerScope":{"containerScope":{"contributions":{},"includedScopes":[]},"contributions":{},"includedScopes":[{"contributions":{},"includedScopes":[]},{"contributions":{},"includedScopes":[]}]},"contributions":{},"includedScopes":[{"containerScope":{"containerScope":{"contributions":{},"includedScopes":[]},"contributions":{},"includedScopes":[{"contributions":{},"includedScopes":[]},{"contributions":{},"includedScopes":[]},{"contributions":{},"includedScopes":[]},{"contributions":{},"includedScopes":[]},{"contributions":{},"includedScopes":[]},{"contributions":{},"includedScopes":[]},{"contributions":{},"includedScopes":[]},{"contributions":{},"includedScopes":[]},{"contributions":{},"includedScopes":[]}]},"contributions":{},"includedScopes":[{"containerScope":{"containerScope":{"containerScope":{"contributions":{},"includedScopes":[]},"contributions":{},"includedScopes":[]},"contributions":{},"includedScopes":[]},"contributions":{},"includedScopes":[]}]},{"containerScope":{"containerScope":{"containerScope":{"contributions":{},"includedScopes":[]},"contributions":{},"includedScopes":[]},"contributions":{},"includedScopes":[]},"contributions":{},"includedScopes":[]}]},"contributions":{},"includedScopes":[]},"contributions":{},"includedScopes":[]},"contributions":{},"includedScopes":[]},"value":{"id":"5535b8ac-ad40-4701-b752-12121e879476","metadata":[],"name":"tipo","scope":{"containerScope":{"containerScope":{"containerScope":{"containerScope":{"containerScope":{"containerScope":{"contributions":{},"includedScopes":[]},"contributions":{},"includedScopes":[{"contributions":{},"includedScopes":[]},{"contributions":{},"includedScopes":[]}]},"contributions":{},"includedScopes":[{"containerScope":{"containerScope":{"contributions":{},"includedScopes":[]},"contributions":{},"includedScopes":[{"contributions":{},"includedScopes":[]},{"contributions":{},"includedScopes":[]},{"contributions":{},"includedScopes":[]},{"contributions":{},"includedScopes":[]},{"contributions":{},"includedScopes":[]},{"contributions":{},"includedScopes":[]},{"contributions":{},"includedScopes":[]},{"contributions":{},"includedScopes":[]},{"contributions":{},"includedScopes":[]}]},"contributions":{},"includedScopes":[{"containerScope":{"containerScope":{"containerScope":{"contributions":{},"includedScopes":[]},"contributions":{},"includedScopes":[]},"contributions":{},"includedScopes":[]},"contributions":{},"includedScopes":[]}]},{"containerScope":{"containerScope":{"containerScope":{"contributions":{},"includedScopes":[]},"contributions":{},"includedScopes":[]},"contributions":{},"includedScopes":[]},"contributions":{},"includedScopes":[]}]},"contributions":{},"includedScopes":[]},"contributions":{},"includedScopes":[]},"contributions":{},"includedScopes":[]},"contributions":{},"includedScopes":[]}}}]},"compiled":false,"id":"e090dcfc-aee8-4653-8c69-650c9edfb6d5","isOverride":false,"metadata":[],"name":"tipo","parameters":[],"scope":{"containerScope":{"containerScope":{"containerScope":{"contributions":{},"includedScopes":[]},"contributions":{},"includedScopes":[{"contributions":{},"includedScopes":[]},{"contributions":{},"includedScopes":[]}]},"contributions":{},"includedScopes":[{"containerScope":{"containerScope":{"contributions":{},"includedScopes":[]},"contributions":{},"includedScopes":[{"contributions":{},"includedScopes":[]},{"contributions":{},"includedScopes":[]},{"contributions":{},"includedScopes":[]},{"contributions":{},"includedScopes":[]},{"contributions":{},"includedScopes":[]},{"contributions":{},"includedScopes":[]},{"contributions":{},"includedScopes":[]},{"contributions":{},"includedScopes":[]},{"contributions":{},"includedScopes":[]}]},"contributions":{},"includedScopes":[{"containerScope":{"containerScope":{"containerScope":{"contributions":{},"includedScopes":[]},"contributions":{},"includedScopes":[]},"contributions":{},"includedScopes":[]},"contributions":{},"includedScopes":[]}]},{"containerScope":{"containerScope":{"containerScope":{"contributions":{},"includedScopes":[]},"contributions":{},"includedScopes":[]},"contributions":{},"includedScopes":[]},"contributions":{},"includedScopes":[]}]},"contributions":{},"includedScopes":[]}},{"body":{"id":"65ea9372-d9a8-4c74-8070-ddbcc9cca669","metadata":[],"scope":{"containerScope":{"containerScope":{"containerScope":{"containerScope":{"contributions":{},"includedScopes":[]},"contributions":{},"includedScopes":[{"contributions":{},"includedScopes":[]},{"contributions":{},"includedScopes":[]}]},"contributions":{},"includedScopes":[{"containerScope":{"containerScope":{"contributions":{},"includedScopes":[]},"contributions":{},"includedScopes":[{"contributions":{},"includedScopes":[]},{"contributions":{},"includedScopes":[]},{"contributions":{},"includedScopes":[]},{"contributions":{},"includedScopes":[]},{"contributions":{},"includedScopes":[]},{"contributions":{},"includedScopes":[]},{"contributions":{},"includedScopes":[]},{"contributions":{},"includedScopes":[]},{"contributions":{},"includedScopes":[]}]},"contributions":{},"includedScopes":[{"containerScope":{"containerScope":{"containerScope":{"contributions":{},"includedScopes":[]},"contributions":{},"includedScopes":[]},"contributions":{},"includedScopes":[]},"contributions":{},"includedScopes":[]}]},{"containerScope":{"containerScope":{"containerScope":{"contributions":{},"includedScopes":[]},"contributions":{},"includedScopes":[]},"contributions":{},"includedScopes":[]},"contributions":{},"includedScopes":[]}]},"contributions":{},"includedScopes":[]},"contributions":{},"includedScopes":[]},"sentences":[{"id":"e32579ba-828a-4c4d-a49f-e7731195dbba","metadata":[],"scope":{"containerScope":{"containerScope":{"containerScope":{"containerScope":{"containerScope":{"contributions":{},"includedScopes":[]},"contributions":{},"includedScopes":[{"contributions":{},"includedScopes":[]},{"contributions":{},"includedScopes":[]}]},"contributions":{},"includedScopes":[{"containerScope":{"containerScope":{"contributions":{},"includedScopes":[]},"contributions":{},"includedScopes":[{"contributions":{},"includedScopes":[]},{"contributions":{},"includedScopes":[]},{"contributions":{},"includedScopes":[]},{"contributions":{},"includedScopes":[]},{"contributions":{},"includedScopes":[]},{"contributions":{},"includedScopes":[]},{"contributions":{},"includedScopes":[]},{"contributions":{},"includedScopes":[]},{"contributions":{},"includedScopes":[]}]},"contributions":{},"includedScopes":[{"containerScope":{"containerScope":{"containerScope":{"contributions":{},"includedScopes":[]},"contributions":{},"includedScopes":[]},"contributions":{},"includedScopes":[]},"contributions":{},"includedScopes":[]}]},{"containerScope":{"containerScope":{"containerScope":{"contributions":{},"includedScopes":[]},"contributions":{},"includedScopes":[]},"contributions":{},"includedScopes":[]},"contributions":{},"includedScopes":[]}]},"contributions":{},"includedScopes":[]},"contributions":{},"includedScopes":[]},"contributions":{},"includedScopes":[]},"value":{"id":"7b1da2ca-6ce7-483c-8599-3eba06fe6fef","metadata":[],"name":"danio","scope":{"containerScope":{"containerScope":{"containerScope":{"containerScope":{"containerScope":{"containerScope":{"contributions":{},"includedScopes":[]},"contributions":{},"includedScopes":[{"contributions":{},"includedScopes":[]},{"contributions":{},"includedScopes":[]}]},"contributions":{},"includedScopes":[{"containerScope":{"containerScope":{"contributions":{},"includedScopes":[]},"contributions":{},"includedScopes":[{"contributions":{},"includedScopes":[]},{"contributions":{},"includedScopes":[]},{"contributions":{},"includedScopes":[]},{"contributions":{},"includedScopes":[]},{"contributions":{},"includedScopes":[]},{"contributions":{},"includedScopes":[]},{"contributions":{},"includedScopes":[]},{"contributions":{},"includedScopes":[]},{"contributions":{},"includedScopes":[]}]},"contributions":{},"includedScopes":[{"containerScope":{"containerScope":{"containerScope":{"contributions":{},"includedScopes":[]},"contributions":{},"includedScopes":[]},"contributions":{},"includedScopes":[]},"contributions":{},"includedScopes":[]}]},{"containerScope":{"containerScope":{"containerScope":{"contributions":{},"includedScopes":[]},"contributions":{},"includedScopes":[]},"contributions":{},"includedScopes":[]},"contributions":{},"includedScopes":[]}]},"contributions":{},"includedScopes":[]},"contributions":{},"includedScopes":[]},"contributions":{},"includedScopes":[]},"contributions":{},"includedScopes":[]}}}]},"compiled":false,"id":"b208c010-d4eb-4553-94e6-1fdd49129295","isOverride":false,"metadata":[],"name":"danio","parameters":[],"scope":{"containerScope":{"containerScope":{"containerScope":{"contributions":{},"includedScopes":[]},"contributions":{},"includedScopes":[{"contributions":{},"includedScopes":[]},{"contributions":{},"includedScopes":[]}]},"contributions":{},"includedScopes":[{"containerScope":{"containerScope":{"contributions":{},"includedScopes":[]},"contributions":{},"includedScopes":[{"contributions":{},"includedScopes":[]},{"contributions":{},"includedScopes":[]},{"contributions":{},"includedScopes":[]},{"contributions":{},"includedScopes":[]},{"contributions":{},"includedScopes":[]},{"contributions":{},"includedScopes":[]},{"contributions":{},"includedScopes":[]},{"contributions":{},"includedScopes":[]},{"contributions":{},"includedScopes":[]}]},"contributions":{},"includedScopes":[{"containerScope":{"containerScope":{"containerScope":{"contributions":{},"includedScopes":[]},"contributions":{},"includedScopes":[]},"contributions":{},"includedScopes":[]},"contributions":{},"includedScopes":[]}]},{"containerScope":{"containerScope":{"containerScope":{"contributions":{},"includedScopes":[]},"contributions":{},"includedScopes":[]},"contributions":{},"includedScopes":[]},"contributions":{},"includedScopes":[]}]},"contributions":{},"includedScopes":[]}},{"body":{"id":"f55f940e-7d6b-4933-8a87-a313f07d7c62","metadata":[],"scope":{"containerScope":{"containerScope":{"containerScope":{"containerScope":{"contributions":{},"includedScopes":[]},"contributions":{},"includedScopes":[{"contributions":{},"includedScopes":[]},{"contributions":{},"includedScopes":[]}]},"contributions":{},"includedScopes":[{"containerScope":{"containerScope":{"contributions":{},"includedScopes":[]},"contributions":{},"includedScopes":[{"contributions":{},"includedScopes":[]},{"contributions":{},"includedScopes":[]},{"contributions":{},"includedScopes":[]},{"contributions":{},"includedScopes":[]},{"contributions":{},"includedScopes":[]},{"contributions":{},"includedScopes":[]},{"contributions":{},"includedScopes":[]},{"contributions":{},"includedScopes":[]},{"contributions":{},"includedScopes":[]}]},"contributions":{},"includedScopes":[{"containerScope":{"containerScope":{"containerScope":{"contributions":{},"includedScopes":[]},"contributions":{},"includedScopes":[]},"contributions":{},"includedScopes":[]},"contributions":{},"includedScopes":[]}]},{"containerScope":{"containerScope":{"containerScope":{"contributions":{},"includedScopes":[]},"contributions":{},"includedScopes":[]},"contributions":{},"includedScopes":[]},"contributions":{},"includedScopes":[]}]},"contributions":{},"includedScopes":[]},"contributions":{},"includedScopes":[]},"sentences":[{"id":"e7a5363c-c865-4184-8143-1a430f7445e0","metadata":[],"scope":{"containerScope":{"containerScope":{"containerScope":{"containerScope":{"containerScope":{"contributions":{},"includedScopes":[]},"contributions":{},"includedScopes":[{"contributions":{},"includedScopes":[]},{"contributions":{},"includedScopes":[]}]},"contributions":{},"includedScopes":[{"containerScope":{"containerScope":{"contributions":{},"includedScopes":[]},"contributions":{},"includedScopes":[{"contributions":{},"includedScopes":[]},{"contributions":{},"includedScopes":[]},{"contributions":{},"includedScopes":[]},{"contributions":{},"includedScopes":[]},{"contributions":{},"includedScopes":[]},{"contributions":{},"includedScopes":[]},{"contributions":{},"includedScopes":[]},{"contributions":{},"includedScopes":[]},{"contributions":{},"includedScopes":[]}]},"contributions":{},"includedScopes":[{"containerScope":{"containerScope":{"containerScope":{"contributions":{},"includedScopes":[]},"contributions":{},"includedScopes":[]},"contributions":{},"includedScopes":[]},"contributions":{},"includedScopes":[]}]},{"containerScope":{"containerScope":{"containerScope":{"contributions":{},"includedScopes":[]},"contributions":{},"includedScopes":[]},"contributions":{},"includedScopes":[]},"contributions":{},"includedScopes":[]}]},"contributions":{},"includedScopes":[]},"contributions":{},"includedScopes":[]},"contributions":{},"includedScopes":[]},"value":{"id":"9238d47a-5881-48d2-a644-3b6459a17b9b","metadata":[],"name":"position","scope":{"containerScope":{"containerScope":{"containerScope":{"containerScope":{"containerScope":{"containerScope":{"contributions":{},"includedScopes":[]},"contributions":{},"includedScopes":[{"contributions":{},"includedScopes":[]},{"contributions":{},"includedScopes":[]}]},"contributions":{},"includedScopes":[{"containerScope":{"containerScope":{"contributions":{},"includedScopes":[]},"contributions":{},"includedScopes":[{"contributions":{},"includedScopes":[]},{"contributions":{},"includedScopes":[]},{"contributions":{},"includedScopes":[]},{"contributions":{},"includedScopes":[]},{"contributions":{},"includedScopes":[]},{"contributions":{},"includedScopes":[]},{"contributions":{},"includedScopes":[]},{"contributions":{},"includedScopes":[]},{"contributions":{},"includedScopes":[]}]},"contributions":{},"includedScopes":[{"containerScope":{"containerScope":{"containerScope":{"contributions":{},"includedScopes":[]},"contributions":{},"includedScopes":[]},"contributions":{},"includedScopes":[]},"contributions":{},"includedScopes":[]}]},{"containerScope":{"containerScope":{"containerScope":{"contributions":{},"includedScopes":[]},"contributions":{},"includedScopes":[]},"contributions":{},"includedScopes":[]},"contributions":{},"includedScopes":[]}]},"contributions":{},"includedScopes":[]},"contributions":{},"includedScopes":[]},"contributions":{},"includedScopes":[]},"contributions":{},"includedScopes":[]}}}]},"compiled":false,"id":"51f5b3b0-7c0b-4a6b-b907-a90dd9cc596e","isOverride":false,"metadata":[],"name":"position","parameters":[],"scope":{"containerScope":{"containerScope":{"containerScope":{"contributions":{},"includedScopes":[]},"contributions":{},"includedScopes":[{"contributions":{},"includedScopes":[]},{"contributions":{},"includedScopes":[]}]},"contributions":{},"includedScopes":[{"containerScope":{"containerScope":{"contributions":{},"includedScopes":[]},"contributions":{},"includedScopes":[{"contributions":{},"includedScopes":[]},{"contributions":{},"includedScopes":[]},{"contributions":{},"includedScopes":[]},{"contributions":{},"includedScopes":[]},{"contributions":{},"includedScopes":[]},{"contributions":{},"includedScopes":[]},{"contributions":{},"includedScopes":[]},{"contributions":{},"includedScopes":[]},{"contributions":{},"includedScopes":[]}]},"contributions":{},"includedScopes":[{"containerScope":{"containerScope":{"containerScope":{"contributions":{},"includedScopes":[]},"contributions":{},"includedScopes":[]},"contributions":{},"includedScopes":[]},"contributions":{},"includedScopes":[]}]},{"containerScope":{"containerScope":{"containerScope":{"contributions":{},"includedScopes":[]},"contributions":{},"includedScopes":[]},"contributions":{},"includedScopes":[]},"contributions":{},"includedScopes":[]}]},"contributions":{},"includedScopes":[]}},{"body":{"id":"83e9556c-2006-40c3-961c-402f73474927","metadata":[],"scope":{"containerScope":{"containerScope":{"containerScope":{"containerScope":{"contributions":{},"includedScopes":[]},"contributions":{},"includedScopes":[{"contributions":{},"includedScopes":[]},{"contributions":{},"includedScopes":[]}]},"contributions":{},"includedScopes":[{"containerScope":{"containerScope":{"contributions":{},"includedScopes":[]},"contributions":{},"includedScopes":[{"contributions":{},"includedScopes":[]},{"contributions":{},"includedScopes":[]},{"contributions":{},"includedScopes":[]},{"contributions":{},"includedScopes":[]},{"contributions":{},"includedScopes":[]},{"contributions":{},"includedScopes":[]},{"contributions":{},"includedScopes":[]},{"contributions":{},"includedScopes":[]},{"contributions":{},"includedScopes":[]}]},"contributions":{},"includedScopes":[{"containerScope":{"containerScope":{"containerScope":{"contributions":{},"includedScopes":[]},"contributions":{},"includedScopes":[]},"contributions":{},"includedScopes":[]},"contributions":{},"includedScopes":[]}]},{"containerScope":{"containerScope":{"containerScope":{"contributions":{},"includedScopes":[]},"contributions":{},"includedScopes":[]},"contributions":{},"includedScopes":[]},"contributions":{},"includedScopes":[]}]},"contributions":{},"includedScopes":[]},"contributions":{},"includedScopes":[]},"sentences":[{"id":"75c3d870-c64a-401e-8bae-cf7e8edf4113","metadata":[],"scope":{"containerScope":{"containerScope":{"containerScope":{"containerScope":{"containerScope":{"contributions":{},"includedScopes":[]},"contributions":{},"includedScopes":[{"contributions":{},"includedScopes":[]},{"contributions":{},"includedScopes":[]}]},"contributions":{},"includedScopes":[{"containerScope":{"containerScope":{"contributions":{},"includedScopes":[]},"contributions":{},"includedScopes":[{"contributions":{},"includedScopes":[]},{"contributions":{},"includedScopes":[]},{"contributions":{},"includedScopes":[]},{"contributions":{},"includedScopes":[]},{"contributions":{},"includedScopes":[]},{"contributions":{},"includedScopes":[]},{"contributions":{},"includedScopes":[]},{"contributions":{},"includedScopes":[]},{"contributions":{},"includedScopes":[]}]},"contributions":{},"includedScopes":[{"containerScope":{"containerScope":{"containerScope":{"contributions":{},"includedScopes":[]},"contributions":{},"includedScopes":[]},"contributions":{},"includedScopes":[]},"contributions":{},"includedScopes":[]}]},{"containerScope":{"containerScope":{"containerScope":{"contributions":{},"includedScopes":[]},"contributions":{},"includedScopes":[]},"contributions":{},"includedScopes":[]},"contributions":{},"includedScopes":[]}]},"contributions":{},"includedScopes":[]},"contributions":{},"includedScopes":[]},"contributions":{},"includedScopes":[]},"value":{"id":"a7ab8a03-0d7a-4096-b35e-f03314af1be7","metadata":[],"name":"<value>","scope":{"containerScope":{"containerScope":{"containerScope":{"containerScope":{"containerScope":{"containerScope":{"contributions":{},"includedScopes":[]},"contributions":{},"includedScopes":[{"contributions":{},"includedScopes":[]},{"contributions":{},"includedScopes":[]}]},"contributions":{},"includedScopes":[{"containerScope":{"containerScope":{"contributions":{},"includedScopes":[]},"contributions":{},"includedScopes":[{"contributions":{},"includedScopes":[]},{"contributions":{},"includedScopes":[]},{"contributions":{},"includedScopes":[]},{"contributions":{},"includedScopes":[]},{"contributions":{},"includedScopes":[]},{"contributions":{},"includedScopes":[]},{"contributions":{},"includedScopes":[]},{"contributions":{},"includedScopes":[]},{"contributions":{},"includedScopes":[]}]},"contributions":{},"includedScopes":[{"containerScope":{"containerScope":{"containerScope":{"contributions":{},"includedScopes":[]},"contributions":{},"includedScopes":[]},"contributions":{},"includedScopes":[]},"contributions":{},"includedScopes":[]}]},{"containerScope":{"containerScope":{"containerScope":{"contributions":{},"includedScopes":[]},"contributions":{},"includedScopes":[]},"contributions":{},"includedScopes":[]},"contributions":{},"includedScopes":[]}]},"contributions":{},"includedScopes":[]},"contributions":{},"includedScopes":[]},"contributions":{},"includedScopes":[]},"contributions":{},"includedScopes":[]}},"variable":{"id":"c8fe1443-7a37-44fd-ae06-23f8eb6a9b0c","metadata":[],"name":"danio","scope":{"containerScope":{"containerScope":{"containerScope":{"containerScope":{"containerScope":{"containerScope":{"contributions":{},"includedScopes":[]},"contributions":{},"includedScopes":[{"contributions":{},"includedScopes":[]},{"contributions":{},"includedScopes":[]}]},"contributions":{},"includedScopes":[{"containerScope":{"containerScope":{"contributions":{},"includedScopes":[]},"contributions":{},"includedScopes":[{"contributions":{},"includedScopes":[]},{"contributions":{},"includedScopes":[]},{"contributions":{},"includedScopes":[]},{"contributions":{},"includedScopes":[]},{"contributions":{},"includedScopes":[]},{"contributions":{},"includedScopes":[]},{"contributions":{},"includedScopes":[]},{"contributions":{},"includedScopes":[]},{"contributions":{},"includedScopes":[]}]},"contributions":{},"includedScopes":[{"containerScope":{"containerScope":{"containerScope":{"contributions":{},"includedScopes":[]},"contributions":{},"includedScopes":[]},"contributions":{},"includedScopes":[]},"contributions":{},"includedScopes":[]}]},{"containerScope":{"containerScope":{"containerScope":{"contributions":{},"includedScopes":[]},"contributions":{},"includedScopes":[]},"contributions":{},"includedScopes":[]},"contributions":{},"includedScopes":[]}]},"contributions":{},"includedScopes":[]},"contributions":{},"includedScopes":[]},"contributions":{},"includedScopes":[]},"contributions":{},"includedScopes":[]}}}]},"compiled":false,"id":"2f5872aa-b948-4520-834a-dde37b477a28","isOverride":false,"metadata":[],"name":"danio","parameters":[{"id":"64e87fef-f547-4c5c-9a44-9d9ca00bf442","isVarArg":false,"metadata":[],"name":"<value>","scope":{"containerScope":{"containerScope":{"containerScope":{"containerScope":{"contributions":{},"includedScopes":[]},"contributions":{},"includedScopes":[{"contributions":{},"includedScopes":[]},{"contributions":{},"includedScopes":[]}]},"contributions":{},"includedScopes":[{"containerScope":{"containerScope":{"contributions":{},"includedScopes":[]},"contributions":{},"includedScopes":[{"contributions":{},"includedScopes":[]},{"contributions":{},"includedScopes":[]},{"contributions":{},"includedScopes":[]},{"contributions":{},"includedScopes":[]},{"contributions":{},"includedScopes":[]},{"contributions":{},"includedScopes":[]},{"contributions":{},"includedScopes":[]},{"contributions":{},"includedScopes":[]},{"contributions":{},"includedScopes":[]}]},"contributions":{},"includedScopes":[{"containerScope":{"containerScope":{"containerScope":{"contributions":{},"includedScopes":[]},"contributions":{},"includedScopes":[]},"contributions":{},"includedScopes":[]},"contributions":{},"includedScopes":[]}]},{"containerScope":{"containerScope":{"containerScope":{"contributions":{},"includedScopes":[]},"contributions":{},"includedScopes":[]},"contributions":{},"includedScopes":[]},"contributions":{},"includedScopes":[]}]},"contributions":{},"includedScopes":[]},"contributions":{},"includedScopes":[]}}],"scope":{"containerScope":{"containerScope":{"containerScope":{"contributions":{},"includedScopes":[]},"contributions":{},"includedScopes":[{"contributions":{},"includedScopes":[]},{"contributions":{},"includedScopes":[]}]},"contributions":{},"includedScopes":[{"containerScope":{"containerScope":{"contributions":{},"includedScopes":[]},"contributions":{},"includedScopes":[{"contributions":{},"includedScopes":[]},{"contributions":{},"includedScopes":[]},{"contributions":{},"includedScopes":[]},{"contributions":{},"includedScopes":[]},{"contributions":{},"includedScopes":[]},{"contributions":{},"includedScopes":[]},{"contributions":{},"includedScopes":[]},{"contributions":{},"includedScopes":[]},{"contributions":{},"includedScopes":[]}]},"contributions":{},"includedScopes":[{"containerScope":{"containerScope":{"containerScope":{"contributions":{},"includedScopes":[]},"contributions":{},"includedScopes":[]},"contributions":{},"includedScopes":[]},"contributions":{},"includedScopes":[]}]},{"containerScope":{"containerScope":{"containerScope":{"contributions":{},"includedScopes":[]},"contributions":{},"includedScopes":[]},"contributions":{},"includedScopes":[]},"contributions":{},"includedScopes":[]}]},"contributions":{},"includedScopes":[]}},{"body":{"id":"882209b4-a719-4106-80e2-e5608daa85ef","metadata":[],"scope":{"containerScope":{"containerScope":{"containerScope":{"containerScope":{"contributions":{},"includedScopes":[]},"contributions":{},"includedScopes":[{"contributions":{},"includedScopes":[]},{"contributions":{},"includedScopes":[]}]},"contributions":{},"includedScopes":[{"containerScope":{"containerScope":{"contributions":{},"includedScopes":[]},"contributions":{},"includedScopes":[{"contributions":{},"includedScopes":[]},{"contributions":{},"includedScopes":[]},{"contributions":{},"includedScopes":[]},{"contributions":{},"includedScopes":[]},{"contributions":{},"includedScopes":[]},{"contributions":{},"includedScopes":[]},{"contributions":{},"includedScopes":[]},{"contributions":{},"includedScopes":[]},{"contributions":{},"includedScopes":[]}]},"contributions":{},"includedScopes":[{"containerScope":{"containerScope":{"containerScope":{"contributions":{},"includedScopes":[]},"contributions":{},"includedScopes":[]},"contributions":{},"includedScopes":[]},"contributions":{},"includedScopes":[]}]},{"containerScope":{"containerScope":{"containerScope":{"contributions":{},"includedScopes":[]},"contributions":{},"includedScopes":[]},"contributions":{},"includedScopes":[]},"contributions":{},"includedScopes":[]}]},"contributions":{},"includedScopes":[]},"contributions":{},"includedScopes":[]},"sentences":[{"id":"38430447-b4fb-427f-aea3-8e345b3d0a5d","metadata":[],"scope":{"containerScope":{"containerScope":{"containerScope":{"containerScope":{"containerScope":{"contributions":{},"includedScopes":[]},"contributions":{},"includedScopes":[{"contributions":{},"includedScopes":[]},{"contributions":{},"includedScopes":[]}]},"contributions":{},"includedScopes":[{"containerScope":{"containerScope":{"contributions":{},"includedScopes":[]},"contributions":{},"includedScopes":[{"contributions":{},"includedScopes":[]},{"contributions":{},"includedScopes":[]},{"contributions":{},"includedScopes":[]},{"contributions":{},"includedScopes":[]},{"contributions":{},"includedScopes":[]},{"contributions":{},"includedScopes":[]},{"contributions":{},"includedScopes":[]},{"contributions":{},"includedScopes":[]},{"contributions":{},"includedScopes":[]}]},"contributions":{},"includedScopes":[{"containerScope":{"containerScope":{"containerScope":{"contributions":{},"includedScopes":[]},"contributions":{},"includedScopes":[]},"contributions":{},"includedScopes":[]},"contributions":{},"includedScopes":[]}]},{"containerScope":{"containerScope":{"containerScope":{"contributions":{},"includedScopes":[]},"contributions":{},"includedScopes":[]},"contributions":{},"includedScopes":[]},"contributions":{},"includedScopes":[]}]},"contributions":{},"includedScopes":[]},"contributions":{},"includedScopes":[]},"contributions":{},"includedScopes":[]},"value":{"id":"0c35c10d-10c6-4785-b1e6-d689172c64c0","metadata":[],"name":"<value>","scope":{"containerScope":{"containerScope":{"containerScope":{"containerScope":{"containerScope":{"containerScope":{"contributions":{},"includedScopes":[]},"contributions":{},"includedScopes":[{"contributions":{},"includedScopes":[]},{"contributions":{},"includedScopes":[]}]},"contributions":{},"includedScopes":[{"containerScope":{"containerScope":{"contributions":{},"includedScopes":[]},"contributions":{},"includedScopes":[{"contributions":{},"includedScopes":[]},{"contributions":{},"includedScopes":[]},{"contributions":{},"includedScopes":[]},{"contributions":{},"includedScopes":[]},{"contributions":{},"includedScopes":[]},{"contributions":{},"includedScopes":[]},{"contributions":{},"includedScopes":[]},{"contributions":{},"includedScopes":[]},{"contributions":{},"includedScopes":[]}]},"contributions":{},"includedScopes":[{"containerScope":{"containerScope":{"containerScope":{"contributions":{},"includedScopes":[]},"contributions":{},"includedScopes":[]},"contributions":{},"includedScopes":[]},"contributions":{},"includedScopes":[]}]},{"containerScope":{"containerScope":{"containerScope":{"contributions":{},"includedScopes":[]},"contributions":{},"includedScopes":[]},"contributions":{},"includedScopes":[]},"contributions":{},"includedScopes":[]}]},"contributions":{},"includedScopes":[]},"contributions":{},"includedScopes":[]},"contributions":{},"includedScopes":[]},"contributions":{},"includedScopes":[]}},"variable":{"id":"ab85575c-883c-41b7-87ba-331ee2c0ed1c","metadata":[],"name":"position","scope":{"containerScope":{"containerScope":{"containerScope":{"containerScope":{"containerScope":{"containerScope":{"contributions":{},"includedScopes":[]},"contributions":{},"includedScopes":[{"contributions":{},"includedScopes":[]},{"contributions":{},"includedScopes":[]}]},"contributions":{},"includedScopes":[{"containerScope":{"containerScope":{"contributions":{},"includedScopes":[]},"contributions":{},"includedScopes":[{"contributions":{},"includedScopes":[]},{"contributions":{},"includedScopes":[]},{"contributions":{},"includedScopes":[]},{"contributions":{},"includedScopes":[]},{"contributions":{},"includedScopes":[]},{"contributions":{},"includedScopes":[]},{"contributions":{},"includedScopes":[]},{"contributions":{},"includedScopes":[]},{"contributions":{},"includedScopes":[]}]},"contributions":{},"includedScopes":[{"containerScope":{"containerScope":{"containerScope":{"contributions":{},"includedScopes":[]},"contributions":{},"includedScopes":[]},"contributions":{},"includedScopes":[]},"contributions":{},"includedScopes":[]}]},{"containerScope":{"containerScope":{"containerScope":{"contributions":{},"includedScopes":[]},"contributions":{},"includedScopes":[]},"contributions":{},"includedScopes":[]},"contributions":{},"includedScopes":[]}]},"contributions":{},"includedScopes":[]},"contributions":{},"includedScopes":[]},"contributions":{},"includedScopes":[]},"contributions":{},"includedScopes":[]}}}]},"compiled":false,"id":"e5fa44af-4f40-4035-90f0-cf836363f4b9","isOverride":false,"metadata":[],"name":"position","parameters":[{"id":"d5dffb43-420a-410b-a6b3-94e209ee53fe","isVarArg":false,"metadata":[],"name":"<value>","scope":{"containerScope":{"containerScope":{"containerScope":{"containerScope":{"contributions":{},"includedScopes":[]},"contributions":{},"includedScopes":[{"contributions":{},"includedScopes":[]},{"contributions":{},"includedScopes":[]}]},"contributions":{},"includedScopes":[{"containerScope":{"containerScope":{"contributions":{},"includedScopes":[]},"contributions":{},"includedScopes":[{"contributions":{},"includedScopes":[]},{"contributions":{},"includedScopes":[]},{"contributions":{},"includedScopes":[]},{"contributions":{},"includedScopes":[]},{"contributions":{},"includedScopes":[]},{"contributions":{},"includedScopes":[]},{"contributions":{},"includedScopes":[]},{"contributions":{},"includedScopes":[]},{"contributions":{},"includedScopes":[]}]},"contributions":{},"includedScopes":[{"containerScope":{"containerScope":{"containerScope":{"contributions":{},"includedScopes":[]},"contributions":{},"includedScopes":[]},"contributions":{},"includedScopes":[]},"contributions":{},"includedScopes":[]}]},{"containerScope":{"containerScope":{"containerScope":{"contributions":{},"includedScopes":[]},"contributions":{},"includedScopes":[]},"contributions":{},"includedScopes":[]},"contributions":{},"includedScopes":[]}]},"contributions":{},"includedScopes":[]},"contributions":{},"includedScopes":[]}}],"scope":{"containerScope":{"containerScope":{"containerScope":{"contributions":{},"includedScopes":[]},"contributions":{},"includedScopes":[{"contributions":{},"includedScopes":[]},{"contributions":{},"includedScopes":[]}]},"contributions":{},"includedScopes":[{"containerScope":{"containerScope":{"contributions":{},"includedScopes":[]},"contributions":{},"includedScopes":[{"contributions":{},"includedScopes":[]},{"contributions":{},"includedScopes":[]},{"contributions":{},"includedScopes":[]},{"contributions":{},"includedScopes":[]},{"contributions":{},"includedScopes":[]},{"contributions":{},"includedScopes":[]},{"contributions":{},"includedScopes":[]},{"contributions":{},"includedScopes":[]},{"contributions":{},"includedScopes":[]}]},"contributions":{},"includedScopes":[{"containerScope":{"containerScope":{"containerScope":{"contributions":{},"includedScopes":[]},"contributions":{},"includedScopes":[]},"contributions":{},"includedScopes":[]},"contributions":{},"includedScopes":[]}]},{"containerScope":{"containerScope":{"containerScope":{"contributions":{},"includedScopes":[]},"contributions":{},"includedScopes":[]},"contributions":{},"includedScopes":[]},"contributions":{},"includedScopes":[]}]},"contributions":{},"includedScopes":[]}}],"metadata":[{"args":{"position":"end","text":"// ==============================="},"name":"comment"}],"name":"Hechizo","problems":[{"code":"malformedMember","sourceMap":{"end":{"column":3,"line":46,"offset":1184},"start":{"column":10,"line":43,"offset":1154}}}],"scope":{"containerScope":{"containerScope":{"contributions":{},"includedScopes":[]},"contributions":{},"includedScopes":[{"contributions":{},"includedScopes":[]},{"contributions":{},"includedScopes":[]}]},"contributions":{},"includedScopes":[{"containerScope":{"containerScope":{"contributions":{},"includedScopes":[]},"contributions":{},"includedScopes":[{"contributions":{},"includedScopes":[]},{"contributions":{},"includedScopes":[]},{"contributions":{},"includedScopes":[]},{"contributions":{},"includedScopes":[]},{"contributions":{},"includedScopes":[]},{"contributions":{},"includedScopes":[]},{"contributions":{},"includedScopes":[]},{"contributions":{},"includedScopes":[]},{"contributions":{},"includedScopes":[]}]},"contributions":{},"includedScopes":[{"containerScope":{"containerScope":{"containerScope":{"contributions":{},"includedScopes":[]},"contributions":{},"includedScopes":[]},"contributions":{},"includedScopes":[]},"contributions":{},"includedScopes":[]}]},{"containerScope":{"containerScope":{"containerScope":{"contributions":{},"includedScopes":[]},"contributions":{},"includedScopes":[]},"contributions":{},"includedScopes":[]},"contributions":{},"includedScopes":[]}]},"sourceMap":{"end":{"column":2,"line":61,"offset":1640},"start":{"column":1,"line":37,"offset":954}},"supertypes":[{"args":[],"id":"cfcb3346-dacb-48ff-8bcd-5326fbf883c4","metadata":[],"reference":{"id":"a9f27d74-5e04-447a-97f7-7516a57a470d","metadata":[],"name":"CosaAnimada","scope":{"containerScope":{"containerScope":{"containerScope":{"contributions":{},"includedScopes":[]},"contributions":{},"includedScopes":[{"contributions":{},"includedScopes":[]},{"contributions":{},"includedScopes":[]}]},"contributions":{},"includedScopes":[{"containerScope":{"containerScope":{"contributions":{},"includedScopes":[]},"contributions":{},"includedScopes":[{"contributions":{},"includedScopes":[]},{"contributions":{},"includedScopes":[]},{"contributions":{},"includedScopes":[]},{"contributions":{},"includedScopes":[]},{"contributions":{},"includedScopes":[]},{"contributions":{},"includedScopes":[]},{"contributions":{},"includedScopes":[]},{"contributions":{},"includedScopes":[]},{"contributions":{},"includedScopes":[]}]},"contributions":{},"includedScopes":[{"containerScope":{"containerScope":{"containerScope":{"contributions":{},"includedScopes":[]},"contributions":{},"includedScopes":[]},"contributions":{},"includedScopes":[]},"contributions":{},"includedScopes":[]}]},{"containerScope":{"containerScope":{"containerScope":{"contributions":{},"includedScopes":[]},"contributions":{},"includedScopes":[]},"contributions":{},"includedScopes":[]},"contributions":{},"includedScopes":[]}]},"contributions":{},"includedScopes":[]},"sourceMap":{"end":{"column":35,"line":37,"offset":988},"start":{"column":24,"line":37,"offset":977}}},"scope":{"containerScope":{"containerScope":{"containerScope":{"contributions":{},"includedScopes":[]},"contributions":{},"includedScopes":[{"contributions":{},"includedScopes":[]},{"contributions":{},"includedScopes":[]}]},"contributions":{},"includedScopes":[{"containerScope":{"containerScope":{"contributions":{},"includedScopes":[]},"contributions":{},"includedScopes":[{"contributions":{},"includedScopes":[]},{"contributions":{},"includedScopes":[]},{"contributions":{},"includedScopes":[]},{"contributions":{},"includedScopes":[]},{"contributions":{},"includedScopes":[]},{"contributions":{},"includedScopes":[]},{"contributions":{},"includedScopes":[]},{"contributions":{},"includedScopes":[]},{"contributions":{},"includedScopes":[]}]},"contributions":{},"includedScopes":[{"containerScope":{"containerScope":{"containerScope":{"contributions":{},"includedScopes":[]},"contributions":{},"includedScopes":[]},"contributions":{},"includedScopes":[]},"contributions":{},"includedScopes":[]}]},{"containerScope":{"containerScope":{"containerScope":{"contributions":{},"includedScopes":[]},"contributions":{},"includedScopes":[]},"contributions":{},"includedScopes":[]},"contributions":{},"includedScopes":[]}]},"contributions":{},"includedScopes":[]},"sourceMap":{"end":{"column":35,"line":37,"offset":988},"start":{"column":24,"line":37,"offset":977}}}]},"stack":"Error: Failed to print, found malformed node\n    at c:\\Users\\joaom\\.vscode\\extensions\\uqbar.wollok-lsp-ide-0.5.2\\out\\server\\src\\server.js:68:3585\n    at jbn (c:\\Users\\joaom\\.vscode\\extensions\\uqbar.wollok-lsp-ide-0.5.2\\out\\server\\src\\server.js:68:3396)\n    at c:\\Users\\joaom\\.vscode\\extensions\\uqbar.wollok-lsp-ide-0.5.2\\out\\server\\src\\server.js:2371:847\n    at c:\\Users\\joaom\\.vscode\\extensions\\uqbar.wollok-lsp-ide-0.5.2\\out\\server\\src\\server.js:2371:8440\n    at c:\\Users\\joaom\\.vscode\\extensions\\uqbar.wollok-lsp-ide-0.5.2\\out\\server\\src\\server.js:37:74770\n    at Ye (c:\\Users\\joaom\\.vscode\\extensions\\uqbar.wollok-lsp-ide-0.5.2\\out\\server\\src\\server.js:7:8527)\n    at Dt (c:\\Users\\joaom\\.vscode\\extensions\\uqbar.wollok-lsp-ide-0.5.2\\out\\server\\src\\server.js:7:6189)\n    at Zi (c:\\Users\\joaom\\.vscode\\extensions\\uqbar.wollok-lsp-ide-0.5.2\\out\\server\\src\\server.js:7:6378)\n    at Immediate._onImmediate (c:\\Users\\joaom\\.vscode\\extensions\\uqbar.wollok-lsp-ide-0.5.2\\out\\server\\src\\server.js:7:6142)\n    at process.processImmediate (node:internal/timers:485:21)","timestamp":"2025-07-05T22:47:00.161Z"}
{"level":"info","message":"⌛ Building environment","timeElapsed":114,"timestamp":"2025-07-05T22:47:00.720Z"}
{"level":"info","message":"⌛ Validating mago.wlk","timeElapsed":115,"timestamp":"2025-07-05T22:47:00.835Z"}
{"level":"info","message":"⌛ Building environment","timeElapsed":111,"timestamp":"2025-07-05T22:47:09.631Z"}
{"level":"info","message":"⌛ Validating mago.wlk","timeElapsed":109,"timestamp":"2025-07-05T22:47:09.741Z"}
{"level":"info","message":"⌛ Building environment","timeElapsed":146,"timestamp":"2025-07-05T22:47:09.910Z"}
{"level":"info","message":"⌛ Validating mago.wlk","timeElapsed":137,"timestamp":"2025-07-05T22:47:10.047Z"}
{"level":"info","message":"⌛ Building environment","timeElapsed":208,"timestamp":"2025-07-05T22:47:10.549Z"}
{"level":"info","message":"⌛ Validating mago.wlk","timeElapsed":275,"timestamp":"2025-07-05T22:47:10.891Z"}
{"level":"info","message":"⌛ Building environment","timeElapsed":139,"timestamp":"2025-07-05T22:47:12.257Z"}
{"level":"info","message":"⌛ Validating mago.wlk","timeElapsed":213,"timestamp":"2025-07-05T22:47:12.472Z"}
{"level":"info","message":"⌛ Building environment","timeElapsed":101,"timestamp":"2025-07-05T22:47:13.450Z"}
{"level":"info","message":"⌛ Validating mago.wlk","timeElapsed":114,"timestamp":"2025-07-05T22:47:13.566Z"}
{"level":"info","message":"⌛ Validating mago.wlk","timeElapsed":112,"timestamp":"2025-07-05T22:47:13.953Z"}
{"level":"info","message":"⌛ Validating mago.wlk","timeElapsed":166,"timestamp":"2025-07-05T22:47:17.364Z"}
{"level":"error","message":"✘ Failed to get type description: Error: Failed to print, found malformed node Failed to print, found malformed node","node":{"id":"2e47a32d-7484-4aad-9bc3-c9f33be69f44","metadata":[],"problems":[{"code":"malformedSentence","sourceMap":{"end":{"column":85,"line":44,"offset":1254},"start":{"column":30,"line":44,"offset":1199}}}],"scope":{"containerScope":{"containerScope":{"containerScope":{"containerScope":{"contributions":{},"includedScopes":[]},"contributions":{},"includedScopes":[{"contributions":{},"includedScopes":[]},{"contributions":{},"includedScopes":[]}]},"contributions":{},"includedScopes":[{"containerScope":{"containerScope":{"contributions":{},"includedScopes":[]},"contributions":{},"includedScopes":[{"contributions":{},"includedScopes":[]},{"contributions":{},"includedScopes":[]},{"contributions":{},"includedScopes":[]},{"contributions":{},"includedScopes":[]},{"contributions":{},"includedScopes":[]},{"contributions":{},"includedScopes":[]},{"contributions":{},"includedScopes":[]},{"contributions":{},"includedScopes":[]},{"contributions":{},"includedScopes":[]}]},"contributions":{},"includedScopes":[{"containerScope":{"containerScope":{"containerScope":{"contributions":{},"includedScopes":[]},"contributions":{},"includedScopes":[]},"contributions":{},"includedScopes":[]},"contributions":{},"includedScopes":[]}]},{"containerScope":{"containerScope":{"containerScope":{"contributions":{},"includedScopes":[]},"contributions":{},"includedScopes":[]},"contributions":{},"includedScopes":[]},"contributions":{},"includedScopes":[]}]},"contributions":{},"includedScopes":[]},"contributions":{},"includedScopes":[]},"sentences":[{"id":"1445d9e7-a366-4312-b8f0-6db77a176bd3","metadata":[],"name":"colisionExtraPositionnew","scope":{"containerScope":{"containerScope":{"containerScope":{"containerScope":{"containerScope":{"contributions":{},"includedScopes":[]},"contributions":{},"includedScopes":[{"contributions":{},"includedScopes":[]},{"contributions":{},"includedScopes":[]}]},"contributions":{},"includedScopes":[{"containerScope":{"containerScope":{"contributions":{},"includedScopes":[]},"contributions":{},"includedScopes":[{"contributions":{},"includedScopes":[]},{"contributions":{},"includedScopes":[]},{"contributions":{},"includedScopes":[]},{"contributions":{},"includedScopes":[]},{"contributions":{},"includedScopes":[]},{"contributions":{},"includedScopes":[]},{"contributions":{},"includedScopes":[]},{"contributions":{},"includedScopes":[]},{"contributions":{},"includedScopes":[]}]},"contributions":{},"includedScopes":[{"containerScope":{"containerScope":{"containerScope":{"contributions":{},"includedScopes":[]},"contributions":{},"includedScopes":[]},"contributions":{},"includedScopes":[]},"contributions":{},"includedScopes":[]}]},{"containerScope":{"containerScope":{"containerScope":{"contributions":{},"includedScopes":[]},"contributions":{},"includedScopes":[]},"contributions":{},"includedScopes":[]},"contributions":{},"includedScopes":[]}]},"contributions":{},"includedScopes":[]},"contributions":{},"includedScopes":[]},"contributions":{},"includedScopes":[]},"sourceMap":{"end":{"column":29,"line":44,"offset":1198},"start":{"column":5,"line":44,"offset":1174}}}],"sourceMap":{"end":{"column":4,"line":45,"offset":1259},"start":{"column":23,"line":43,"offset":1167}}},"stack":"Error: Failed to print, found malformed node\n    at c:\\Users\\joaom\\.vscode\\extensions\\uqbar.wollok-lsp-ide-0.5.2\\out\\server\\src\\server.js:68:3585\n    at c:\\Users\\joaom\\.vscode\\extensions\\uqbar.wollok-lsp-ide-0.5.2\\out\\server\\src\\server.js:68:5370\n    at c:\\Users\\joaom\\.vscode\\extensions\\uqbar.wollok-lsp-ide-0.5.2\\out\\server\\src\\server.js:38:6131\n    at c:\\Users\\joaom\\.vscode\\extensions\\uqbar.wollok-lsp-ide-0.5.2\\out\\server\\src\\server.js:68:3664\n    at jbn (c:\\Users\\joaom\\.vscode\\extensions\\uqbar.wollok-lsp-ide-0.5.2\\out\\server\\src\\server.js:68:3396)\n    at c:\\Users\\joaom\\.vscode\\extensions\\uqbar.wollok-lsp-ide-0.5.2\\out\\server\\src\\server.js:2371:847\n    at c:\\Users\\joaom\\.vscode\\extensions\\uqbar.wollok-lsp-ide-0.5.2\\out\\server\\src\\server.js:2371:8440\n    at c:\\Users\\joaom\\.vscode\\extensions\\uqbar.wollok-lsp-ide-0.5.2\\out\\server\\src\\server.js:37:74770\n    at Ye (c:\\Users\\joaom\\.vscode\\extensions\\uqbar.wollok-lsp-ide-0.5.2\\out\\server\\src\\server.js:7:8527)\n    at Dt (c:\\Users\\joaom\\.vscode\\extensions\\uqbar.wollok-lsp-ide-0.5.2\\out\\server\\src\\server.js:7:6189)","timestamp":"2025-07-05T22:47:17.830Z"}
{"level":"info","message":"⌛ Building environment","timeElapsed":114,"timestamp":"2025-07-05T22:47:18.729Z"}
{"level":"info","message":"⌛ Validating mago.wlk","timeElapsed":111,"timestamp":"2025-07-05T22:47:18.842Z"}
{"level":"info","message":"⌛ Building environment","timeElapsed":136,"timestamp":"2025-07-05T22:47:19.260Z"}
{"level":"info","message":"⌛ Building environment","timeElapsed":112,"timestamp":"2025-07-05T22:47:19.469Z"}
{"level":"info","message":"⌛ Validating mago.wlk","timeElapsed":106,"timestamp":"2025-07-05T22:47:19.748Z"}
{"level":"info","message":"⌛ Validating mago.wlk","timeElapsed":133,"timestamp":"2025-07-05T22:47:19.882Z"}
{"level":"info","message":"⌛ Building environment","timeElapsed":108,"timestamp":"2025-07-05T22:47:19.991Z"}
{"level":"info","message":"⌛ Validating mago.wlk","timeElapsed":165,"timestamp":"2025-07-05T22:47:20.157Z"}
{"level":"info","message":"⌛ Validating mago.wlk","timeElapsed":105,"timestamp":"2025-07-05T22:47:20.261Z"}
{"level":"info","message":"⌛ Validating mago.wlk","timeElapsed":106,"timestamp":"2025-07-05T22:47:20.368Z"}
{"level":"info","message":"⌛ Building environment","timeElapsed":141,"timestamp":"2025-07-05T22:47:20.523Z"}
{"level":"info","message":"⌛ Validating mago.wlk","timeElapsed":135,"timestamp":"2025-07-05T22:47:20.666Z"}
{"level":"info","message":"⌛ Building environment","timeElapsed":103,"timestamp":"2025-07-05T22:47:20.774Z"}
{"level":"info","message":"⌛ Validating mago.wlk","timeElapsed":143,"timestamp":"2025-07-05T22:47:20.922Z"}
{"level":"info","message":"⌛ Building environment","timeElapsed":109,"timestamp":"2025-07-05T22:47:21.317Z"}
{"level":"info","message":"⌛ Validating mago.wlk","timeElapsed":122,"timestamp":"2025-07-05T22:47:21.527Z"}
{"level":"info","message":"⌛ Validating mago.wlk","timeElapsed":110,"timestamp":"2025-07-05T22:47:21.897Z"}
{"level":"info","message":"⌛ Validating mago.wlk","timeElapsed":116,"timestamp":"2025-07-05T22:47:22.105Z"}
{"level":"info","message":"⌛ Validating mago.wlk","timeElapsed":102,"timestamp":"2025-07-05T22:47:22.207Z"}
{"level":"info","message":"⌛ Validating mago.wlk","timeElapsed":121,"timestamp":"2025-07-05T22:47:22.414Z"}
{"level":"info","message":"⌛ Validating mago.wlk","timeElapsed":116,"timestamp":"2025-07-05T22:47:22.531Z"}
{"level":"info","message":"⌛ Building environment","timeElapsed":133,"timestamp":"2025-07-05T22:47:22.666Z"}
{"level":"info","message":"⌛ Validating mago.wlk","timeElapsed":120,"timestamp":"2025-07-05T22:47:22.787Z"}
{"level":"info","message":"⌛ Validating mago.wlk","timeElapsed":105,"timestamp":"2025-07-05T22:47:22.898Z"}
{"level":"info","message":"⌛ Validating mago.wlk","timeElapsed":125,"timestamp":"2025-07-05T22:47:23.111Z"}
{"level":"info","message":"⌛ Building environment","timeElapsed":196,"timestamp":"2025-07-05T22:47:23.310Z"}
{"level":"info","message":"⌛ Validating mago.wlk","timeElapsed":136,"timestamp":"2025-07-05T22:47:23.445Z"}
{"level":"info","message":"⌛ Validating mago.wlk","timeElapsed":126,"timestamp":"2025-07-05T22:47:23.655Z"}
{"level":"info","message":"⌛ Validating mago.wlk","timeElapsed":189,"timestamp":"2025-07-05T22:47:24.061Z"}
{"level":"info","message":"⌛ Building environment","timeElapsed":168,"timestamp":"2025-07-05T22:47:24.232Z"}
{"level":"info","message":"⌛ Building environment","timeElapsed":125,"timestamp":"2025-07-05T22:47:24.358Z"}
{"level":"info","message":"⌛ Validating mago.wlk","timeElapsed":115,"timestamp":"2025-07-05T22:47:24.567Z"}
{"level":"info","message":"⌛ Validating mago.wlk","timeElapsed":107,"timestamp":"2025-07-05T22:47:24.853Z"}
{"level":"info","message":"⌛ Validating mago.wlk","timeElapsed":124,"timestamp":"2025-07-05T22:47:25.054Z"}
{"level":"info","message":"⌛ Validating mago.wlk","timeElapsed":123,"timestamp":"2025-07-05T22:47:25.264Z"}
{"level":"info","message":"⌛ Validating mago.wlk","timeElapsed":121,"timestamp":"2025-07-05T22:47:25.470Z"}
{"level":"info","message":"⌛ Validating mago.wlk","timeElapsed":122,"timestamp":"2025-07-05T22:47:25.879Z"}
{"level":"info","message":"⌛ Validating mago.wlk","timeElapsed":109,"timestamp":"2025-07-05T22:47:25.989Z"}
{"level":"info","message":"⌛ Validating mago.wlk","timeElapsed":131,"timestamp":"2025-07-05T22:47:26.222Z"}
{"level":"info","message":"⌛ Validating mago.wlk","timeElapsed":115,"timestamp":"2025-07-05T22:47:26.435Z"}
{"level":"info","message":"⌛ Validating mago.wlk","timeElapsed":118,"timestamp":"2025-07-05T22:47:26.553Z"}
{"level":"info","message":"⌛ Validating mago.wlk","timeElapsed":121,"timestamp":"2025-07-05T22:47:26.687Z"}
{"level":"info","message":"⌛ Building environment","timeElapsed":111,"timestamp":"2025-07-05T22:47:26.799Z"}
{"level":"info","message":"⌛ Validating mago.wlk","timeElapsed":104,"timestamp":"2025-07-05T22:47:26.904Z"}
{"level":"info","message":"⌛ Building environment","timeElapsed":107,"timestamp":"2025-07-05T22:47:27.010Z"}
{"level":"info","message":"⌛ Validating mago.wlk","timeElapsed":108,"timestamp":"2025-07-05T22:47:27.119Z"}
{"level":"info","message":"⌛ Validating mago.wlk","timeElapsed":103,"timestamp":"2025-07-05T22:47:27.231Z"}
{"level":"info","message":"⌛ Validating mago.wlk","timeElapsed":107,"timestamp":"2025-07-05T22:47:27.427Z"}
{"level":"info","message":"⌛ Validating mago.wlk","timeElapsed":104,"timestamp":"2025-07-05T22:47:27.532Z"}
{"level":"info","message":"⌛ Validating mago.wlk","timeElapsed":104,"timestamp":"2025-07-05T22:47:27.648Z"}
{"level":"info","message":"⌛ Validating mago.wlk","timeElapsed":109,"timestamp":"2025-07-05T22:47:27.757Z"}
{"level":"info","message":"⌛ Validating mago.wlk","timeElapsed":148,"timestamp":"2025-07-05T22:47:27.906Z"}
{"level":"info","message":"⌛ Validating mago.wlk","timeElapsed":128,"timestamp":"2025-07-05T22:47:28.034Z"}
{"level":"info","message":"⌛ Validating mago.wlk","timeElapsed":142,"timestamp":"2025-07-05T22:47:28.177Z"}
{"level":"info","message":"⌛ Validating mago.wlk","timeElapsed":109,"timestamp":"2025-07-05T22:47:28.778Z"}
{"level":"info","message":"⌛ Building environment","timeElapsed":105,"timestamp":"2025-07-05T22:47:29.232Z"}
{"level":"info","message":"⌛ Validating mago.wlk","timeElapsed":118,"timestamp":"2025-07-05T22:47:29.351Z"}
{"level":"info","message":"⌛ Building environment","timeElapsed":115,"timestamp":"2025-07-05T22:47:40.428Z"}
{"level":"error","message":"✘ Completions for node If ([47:5, 53:6] - mago.wlk) failed: Error: [If]{2f5ba4} at mago.wlk:47 exhausted all cases without a match [If]{2f5ba4} at mago.wlk:47 exhausted all cases without a match","stack":"Error: [If]{2f5ba4} at mago.wlk:47 exhausted all cases without a match\n    at c:\\Users\\joaom\\.vscode\\extensions\\uqbar.wollok-lsp-ide-0.5.2\\out\\server\\src\\server.js:38:6142\n    at C2 (c:\\Users\\joaom\\.vscode\\extensions\\uqbar.wollok-lsp-ide-0.5.2\\out\\server\\src\\server.js:2362:42)\n    at Gh (c:\\Users\\joaom\\.vscode\\extensions\\uqbar.wollok-lsp-ide-0.5.2\\out\\server\\src\\server.js:2362:1092)\n    at p8n (c:\\Users\\joaom\\.vscode\\extensions\\uqbar.wollok-lsp-ide-0.5.2\\out\\server\\src\\server.js:2362:818)\n    at c:\\Users\\joaom\\.vscode\\extensions\\uqbar.wollok-lsp-ide-0.5.2\\out\\server\\src\\server.js:38:6131\n    at C2 (c:\\Users\\joaom\\.vscode\\extensions\\uqbar.wollok-lsp-ide-0.5.2\\out\\server\\src\\server.js:2362:42)\n    at Gh (c:\\Users\\joaom\\.vscode\\extensions\\uqbar.wollok-lsp-ide-0.5.2\\out\\server\\src\\server.js:2362:1092)\n    at l8n (c:\\Users\\joaom\\.vscode\\extensions\\uqbar.wollok-lsp-ide-0.5.2\\out\\server\\src\\server.js:2362:1248)\n    at c:\\Users\\joaom\\.vscode\\extensions\\uqbar.wollok-lsp-ide-0.5.2\\out\\server\\src\\server.js:38:6131\n    at C2 (c:\\Users\\joaom\\.vscode\\extensions\\uqbar.wollok-lsp-ide-0.5.2\\out\\server\\src\\server.js:2362:42)","timestamp":"2025-07-05T22:47:40.456Z"}
{"level":"info","message":"⌛ Validating mago.wlk","timeElapsed":116,"timestamp":"2025-07-05T22:47:40.577Z"}
{"level":"info","message":"⌛ Validating mago.wlk","timeElapsed":116,"timestamp":"2025-07-05T22:47:40.803Z"}
{"level":"info","message":"⌛ Validating mago.wlk","timeElapsed":120,"timestamp":"2025-07-05T22:47:41.023Z"}
{"level":"info","message":"⌛ Building environment","timeElapsed":105,"timestamp":"2025-07-05T22:47:41.231Z"}
{"level":"info","message":"⌛ Validating mago.wlk","timeElapsed":107,"timestamp":"2025-07-05T22:47:41.339Z"}
{"level":"info","message":"⌛ Validating mago.wlk","timeElapsed":117,"timestamp":"2025-07-05T22:47:41.537Z"}
{"level":"info","message":"⌛ Building environment","timeElapsed":126,"timestamp":"2025-07-05T22:47:42.769Z"}
{"level":"info","message":"⌛ Validating mago.wlk","timeElapsed":101,"timestamp":"2025-07-05T22:47:42.871Z"}
{"level":"info","message":"⌛ Building environment","timeElapsed":115,"timestamp":"2025-07-05T22:47:43.563Z"}
{"level":"info","message":"⌛ Validating mago.wlk","timeElapsed":122,"timestamp":"2025-07-05T22:47:43.718Z"}
{"level":"info","message":"⌛ Building environment","timeElapsed":134,"timestamp":"2025-07-05T22:47:44.352Z"}
{"level":"info","message":"⌛ Validating mago.wlk","timeElapsed":120,"timestamp":"2025-07-05T22:47:44.473Z"}
{"level":"info","message":"⌛ Building environment","timeElapsed":166,"timestamp":"2025-07-05T22:47:44.639Z"}
{"level":"info","message":"⌛ Validating mago.wlk","timeElapsed":118,"timestamp":"2025-07-05T22:47:44.856Z"}
{"level":"info","message":"⌛ Validating mago.wlk","timeElapsed":112,"timestamp":"2025-07-05T22:47:44.968Z"}
{"level":"info","message":"⌛ Building environment","timeElapsed":124,"timestamp":"2025-07-05T22:47:45.183Z"}
{"level":"info","message":"⌛ Validating mago.wlk","timeElapsed":118,"timestamp":"2025-07-05T22:47:45.301Z"}
{"level":"info","message":"⌛ Building environment","timeElapsed":118,"timestamp":"2025-07-05T22:47:46.064Z"}
{"level":"info","message":"⌛ Validating mago.wlk","timeElapsed":103,"timestamp":"2025-07-05T22:47:46.168Z"}
{"level":"info","message":"⌛ Building environment","timeElapsed":131,"timestamp":"2025-07-05T22:47:47.525Z"}
{"level":"info","message":"⌛ Validating mago.wlk","timeElapsed":112,"timestamp":"2025-07-05T22:47:47.645Z"}
{"level":"info","message":"⌛ Building environment","timeElapsed":132,"timestamp":"2025-07-05T22:47:48.020Z"}
{"level":"info","message":"⌛ Validating mago.wlk","timeElapsed":109,"timestamp":"2025-07-05T22:47:48.129Z"}
{"level":"info","message":"⌛ Building environment","timeElapsed":112,"timestamp":"2025-07-05T22:47:51.766Z"}
{"level":"info","message":"⌛ Validating mago.wlk","timeElapsed":121,"timestamp":"2025-07-05T22:47:51.888Z"}
{"level":"info","message":"⌛ Building environment","timeElapsed":165,"timestamp":"2025-07-05T22:47:52.060Z"}
{"level":"info","message":"⌛ Validating mago.wlk","timeElapsed":116,"timestamp":"2025-07-05T22:47:52.192Z"}
{"level":"info","message":"⌛ Building environment","timeElapsed":116,"timestamp":"2025-07-05T22:47:53.730Z"}
{"level":"info","message":"⌛ Validating mago.wlk","timeElapsed":121,"timestamp":"2025-07-05T22:47:53.853Z"}
{"level":"error","message":"✘ Failed to rebuild document Failed to parse mago.wlk: \n-- PARSING FAILED --------------------------------------------------\n\n  39 |     }\n  40 |   }\n> 41 | }\n     | ^\n  42 | class Hechizo inherits CosaAnimada{\n  43 |   const property tipo\n\nExpected one of the following: \n\n' ', '@', 'class', 'const', 'describe', 'mixin', 'object', 'only', 'package', 'program', 'test', 'var', '{', EOF, comment, not \"}\r\n\", whitespace\n","stack":"Error: Failed to parse mago.wlk: \n-- PARSING FAILED --------------------------------------------------\n\n  39 |     }\n  40 |   }\n> 41 | }\n     | ^\n  42 | class Hechizo inherits CosaAnimada{\n  43 |   const property tipo\n\nExpected one of the following: \n\n' ', '@', 'class', 'const', 'describe', 'mixin', 'object', 'only', 'package', 'program', 'test', 'var', '{', EOF, comment, not \"}\r\n\", whitespace\n\n    at c:\\Users\\joaom\\.vscode\\extensions\\uqbar.wollok-lsp-ide-0.5.2\\out\\server\\src\\server.js:2326:13026\n    at Array.map (<anonymous>)\n    at D1n (c:\\Users\\joaom\\.vscode\\extensions\\uqbar.wollok-lsp-ide-0.5.2\\out\\server\\src\\server.js:2326:12950)\n    at W2.buildEnvironmentFrom (c:\\Users\\joaom\\.vscode\\extensions\\uqbar.wollok-lsp-ide-0.5.2\\out\\server\\src\\server.js:2371:5254)\n    at W2.updateEnvironmentWith (c:\\Users\\joaom\\.vscode\\extensions\\uqbar.wollok-lsp-ide-0.5.2\\out\\server\\src\\server.js:2371:4989)\n    at GF (c:\\Users\\joaom\\.vscode\\extensions\\uqbar.wollok-lsp-ide-0.5.2\\out\\server\\src\\server.js:2371:7383)\n    at L3.invoke (c:\\Users\\joaom\\.vscode\\extensions\\uqbar.wollok-lsp-ide-0.5.2\\out\\server\\src\\server.js:3:157326)\n    at o.fire (c:\\Users\\joaom\\.vscode\\extensions\\uqbar.wollok-lsp-ide-0.5.2\\out\\server\\src\\server.js:3:158096)\n    at c:\\Users\\joaom\\.vscode\\extensions\\uqbar.wollok-lsp-ide-0.5.2\\out\\server\\src\\server.js:37:57871\n    at Kr (c:\\Users\\joaom\\.vscode\\extensions\\uqbar.wollok-lsp-ide-0.5.2\\out\\server\\src\\server.js:8:1561)","timestamp":"2025-07-05T22:48:13.231Z"}
{"level":"error","message":"✘ Failed to rebuild document Failed to parse mago.wlk: \n-- PARSING FAILED --------------------------------------------------\n\n  38 |     }\n  39 |   }\n> 40 | }\n     | ^\n  41 | class Hechizo inherits CosaAnimada{\n  42 |   const property tipo\n\nExpected one of the following: \n\n' ', '@', 'class', 'const', 'describe', 'mixin', 'object', 'only', 'package', 'program', 'test', 'var', '{', EOF, comment, not \"}\r\n\", whitespace\n","stack":"Error: Failed to parse mago.wlk: \n-- PARSING FAILED --------------------------------------------------\n\n  38 |     }\n  39 |   }\n> 40 | }\n     | ^\n  41 | class Hechizo inherits CosaAnimada{\n  42 |   const property tipo\n\nExpected one of the following: \n\n' ', '@', 'class', 'const', 'describe', 'mixin', 'object', 'only', 'package', 'program', 'test', 'var', '{', EOF, comment, not \"}\r\n\", whitespace\n\n    at c:\\Users\\joaom\\.vscode\\extensions\\uqbar.wollok-lsp-ide-0.5.2\\out\\server\\src\\server.js:2326:13026\n    at Array.map (<anonymous>)\n    at D1n (c:\\Users\\joaom\\.vscode\\extensions\\uqbar.wollok-lsp-ide-0.5.2\\out\\server\\src\\server.js:2326:12950)\n    at W2.buildEnvironmentFrom (c:\\Users\\joaom\\.vscode\\extensions\\uqbar.wollok-lsp-ide-0.5.2\\out\\server\\src\\server.js:2371:5254)\n    at W2.updateEnvironmentWith (c:\\Users\\joaom\\.vscode\\extensions\\uqbar.wollok-lsp-ide-0.5.2\\out\\server\\src\\server.js:2371:4989)\n    at GF (c:\\Users\\joaom\\.vscode\\extensions\\uqbar.wollok-lsp-ide-0.5.2\\out\\server\\src\\server.js:2371:7383)\n    at L3.invoke (c:\\Users\\joaom\\.vscode\\extensions\\uqbar.wollok-lsp-ide-0.5.2\\out\\server\\src\\server.js:3:157326)\n    at o.fire (c:\\Users\\joaom\\.vscode\\extensions\\uqbar.wollok-lsp-ide-0.5.2\\out\\server\\src\\server.js:3:158096)\n    at c:\\Users\\joaom\\.vscode\\extensions\\uqbar.wollok-lsp-ide-0.5.2\\out\\server\\src\\server.js:37:57871\n    at Kr (c:\\Users\\joaom\\.vscode\\extensions\\uqbar.wollok-lsp-ide-0.5.2\\out\\server\\src\\server.js:8:1561)","timestamp":"2025-07-05T22:48:14.265Z"}
{"level":"info","message":"⌛ Building environment","timeElapsed":139,"timestamp":"2025-07-05T22:48:15.587Z"}
{"level":"info","message":"⌛ Validating mago.wlk","timeElapsed":134,"timestamp":"2025-07-05T22:48:15.722Z"}
{"level":"info","message":"⌛ Building environment","timeElapsed":112,"timestamp":"2025-07-05T22:48:16.101Z"}
{"level":"info","message":"⌛ Validating mago.wlk","timeElapsed":141,"timestamp":"2025-07-05T22:48:16.242Z"}
{"level":"info","message":"⌛ Building environment","timeElapsed":111,"timestamp":"2025-07-05T22:48:17.525Z"}
{"level":"info","message":"⌛ Validating mago.wlk","timeElapsed":111,"timestamp":"2025-07-05T22:48:17.637Z"}
{"level":"info","message":"⌛ Building environment","timeElapsed":134,"timestamp":"2025-07-05T22:48:19.605Z"}
{"level":"info","message":"⌛ Validating mago.wlk","timeElapsed":105,"timestamp":"2025-07-05T22:48:19.711Z"}
{"level":"error","message":"✘ Failed to get type description: Error: Failed to print, found malformed node Failed to print, found malformed node","node":{"id":"c0aec060-c973-48f0-93dc-0c84b14380d7","metadata":[],"problems":[{"code":"malformedSentence","sourceMap":{"end":{"column":20,"line":37,"offset":997},"start":{"column":5,"line":37,"offset":982}}}],"scope":{"containerScope":{"containerScope":{"containerScope":{"containerScope":{"contributions":{},"includedScopes":[]},"contributions":{},"includedScopes":[{"contributions":{},"includedScopes":[]},{"contributions":{},"includedScopes":[]}]},"contributions":{},"includedScopes":[{"containerScope":{"containerScope":{"containerScope":{"contributions":{},"includedScopes":[]},"contributions":{},"includedScopes":[]},"contributions":{},"includedScopes":[]},"contributions":{},"includedScopes":[]}]},"contributions":{},"includedScopes":[]},"contributions":{},"includedScopes":[]},"sentences":[],"sourceMap":{"end":{"column":4,"line":38,"offset":1002},"start":{"column":25,"line":36,"offset":975}}},"stack":"Error: Failed to print, found malformed node\n    at c:\\Users\\joaom\\.vscode\\extensions\\uqbar.wollok-lsp-ide-0.5.2\\out\\server\\src\\server.js:68:3585\n    at c:\\Users\\joaom\\.vscode\\extensions\\uqbar.wollok-lsp-ide-0.5.2\\out\\server\\src\\server.js:68:5370\n    at c:\\Users\\joaom\\.vscode\\extensions\\uqbar.wollok-lsp-ide-0.5.2\\out\\server\\src\\server.js:38:6131\n    at c:\\Users\\joaom\\.vscode\\extensions\\uqbar.wollok-lsp-ide-0.5.2\\out\\server\\src\\server.js:68:3664\n    at jbn (c:\\Users\\joaom\\.vscode\\extensions\\uqbar.wollok-lsp-ide-0.5.2\\out\\server\\src\\server.js:68:3396)\n    at c:\\Users\\joaom\\.vscode\\extensions\\uqbar.wollok-lsp-ide-0.5.2\\out\\server\\src\\server.js:2371:847\n    at c:\\Users\\joaom\\.vscode\\extensions\\uqbar.wollok-lsp-ide-0.5.2\\out\\server\\src\\server.js:2371:8440\n    at c:\\Users\\joaom\\.vscode\\extensions\\uqbar.wollok-lsp-ide-0.5.2\\out\\server\\src\\server.js:37:74770\n    at Ye (c:\\Users\\joaom\\.vscode\\extensions\\uqbar.wollok-lsp-ide-0.5.2\\out\\server\\src\\server.js:7:8527)\n    at Dt (c:\\Users\\joaom\\.vscode\\extensions\\uqbar.wollok-lsp-ide-0.5.2\\out\\server\\src\\server.js:7:6189)","timestamp":"2025-07-05T22:48:22.314Z"}
{"level":"info","message":"⌛ Building environment","timeElapsed":154,"timestamp":"2025-07-05T22:48:23.162Z"}
{"level":"info","message":"⌛ Validating mago.wlk","timeElapsed":137,"timestamp":"2025-07-05T22:48:23.333Z"}
{"level":"info","message":"⌛ Validating mago.wlk","timeElapsed":132,"timestamp":"2025-07-05T22:48:23.664Z"}
{"level":"info","message":"⌛ Validating mago.wlk","timeElapsed":112,"timestamp":"2025-07-05T22:48:23.877Z"}
{"level":"info","message":"⌛ Building environment","timeElapsed":164,"timestamp":"2025-07-05T22:48:24.041Z"}
{"level":"info","message":"⌛ Validating mago.wlk","timeElapsed":104,"timestamp":"2025-07-05T22:48:24.239Z"}
{"level":"info","message":"⌛ Building environment","timeElapsed":105,"timestamp":"2025-07-05T22:48:24.437Z"}
{"level":"info","message":"⌛ Validating mago.wlk","timeElapsed":108,"timestamp":"2025-07-05T22:48:24.559Z"}
{"level":"info","message":"⌛ Validating mago.wlk","timeElapsed":106,"timestamp":"2025-07-05T22:48:24.847Z"}
{"level":"info","message":"⌛ Validating mago.wlk","timeElapsed":103,"timestamp":"2025-07-05T22:48:24.955Z"}
{"level":"info","message":"⌛ Validating mago.wlk","timeElapsed":120,"timestamp":"2025-07-05T22:48:25.082Z"}
{"level":"info","message":"⌛ Validating mago.wlk","timeElapsed":122,"timestamp":"2025-07-05T22:48:25.321Z"}
{"level":"info","message":"⌛ Building environment","timeElapsed":108,"timestamp":"2025-07-05T22:48:25.430Z"}
{"level":"info","message":"⌛ Validating mago.wlk","timeElapsed":114,"timestamp":"2025-07-05T22:48:25.641Z"}
{"level":"info","message":"⌛ Validating mago.wlk","timeElapsed":110,"timestamp":"2025-07-05T22:48:25.751Z"}
{"level":"info","message":"⌛ Building environment","timeElapsed":138,"timestamp":"2025-07-05T22:48:28.881Z"}
{"level":"info","message":"⌛ Validating mago.wlk","timeElapsed":113,"timestamp":"2025-07-05T22:48:28.995Z"}
{"level":"info","message":"⌛ Building environment","timeElapsed":128,"timestamp":"2025-07-05T22:48:38.111Z"}
{"level":"info","message":"⌛ Validating mago.wlk","timeElapsed":127,"timestamp":"2025-07-05T22:48:38.332Z"}
{"level":"info","message":"🚀 Program executed \u001b[3m\u001b[34mmain.ArcaneBastion\u001b[39m\u001b[23m on \u001b[3m\u001b[34mc:\\Users\\joaom\\Documents\\asd-main\u001b[39m\u001b[23m","ok":true,"timeElapsed":977,"timestamp":"2025-07-05T22:48:52.276Z"}
{"errors":{"errors":[null,["/*\r","Hace que colisionen con el pixel actual o el siguiente.\r","ya que parece que como el dragon va restando y el hechizo sumando en el eje x\r","estos se omiten\r"]]},"level":"error","message":"✘ Failed to get type description: Error: {\n  \"errors\": [\n    null,\n    [\n      \"/*\\r\",\n      \"Hace que colisionen con el pixel actual o el siguiente.\\r\",\n      \"ya que parece que como el dragon va restando y el hechizo sumando en el eje x\\r\",\n      \"estos se omiten\\r\"\n    ]\n  ]\n} {\n  \"errors\": [\n    null,\n    [\n      \"/*\\r\",\n      \"Hace que colisionen con el pixel actual o el siguiente.\\r\",\n      \"ya que parece que como el dragon va restando y el hechizo sumando en el eje x\\r\",\n      \"estos se omiten\\r\"\n    ]\n  ]\n}","stack":"Error: {\n  \"errors\": [\n    null,\n    [\n      \"/*\\r\",\n      \"Hace que colisionen con el pixel actual o el siguiente.\\r\",\n      \"ya que parece que como el dragon va restando y el hechizo sumando en el eje x\\r\",\n      \"estos se omiten\\r\"\n    ]\n  ]\n}\n    at pS (c:\\Users\\joaom\\.vscode\\extensions\\uqbar.wollok-lsp-ide-0.5.2\\out\\server\\src\\server.js:64:34609)\n    at G1 (c:\\Users\\joaom\\.vscode\\extensions\\uqbar.wollok-lsp-ide-0.5.2\\out\\server\\src\\server.js:64:34682)\n    at c:\\Users\\joaom\\.vscode\\extensions\\uqbar.wollok-lsp-ide-0.5.2\\out\\server\\src\\server.js:64:37949\n    at o.v1 (c:\\Users\\joaom\\.vscode\\extensions\\uqbar.wollok-lsp-ide-0.5.2\\out\\server\\src\\server.js:57:57694)\n    at c:\\Users\\joaom\\.vscode\\extensions\\uqbar.wollok-lsp-ide-0.5.2\\out\\server\\src\\server.js:64:37918\n    at c:\\Users\\joaom\\.vscode\\extensions\\uqbar.wollok-lsp-ide-0.5.2\\out\\server\\src\\server.js:57:55734\n    at Ofn (c:\\Users\\joaom\\.vscode\\extensions\\uqbar.wollok-lsp-ide-0.5.2\\out\\server\\src\\server.js:68:11324)\n    at c:\\Users\\joaom\\.vscode\\extensions\\uqbar.wollok-lsp-ide-0.5.2\\out\\server\\src\\server.js:68:3629\n    at jbn (c:\\Users\\joaom\\.vscode\\extensions\\uqbar.wollok-lsp-ide-0.5.2\\out\\server\\src\\server.js:68:3396)\n    at c:\\Users\\joaom\\.vscode\\extensions\\uqbar.wollok-lsp-ide-0.5.2\\out\\server\\src\\server.js:2371:847","timestamp":"2025-07-05T22:50:17.497Z"}
{"level":"info","message":"⌛ Building environment","timeElapsed":193,"timestamp":"2025-07-05T22:50:49.215Z"}
{"level":"info","message":"⌛ Validating mago.wlk","timeElapsed":227,"timestamp":"2025-07-05T22:50:49.442Z"}
{"level":"info","message":"⌛ Validating mago.wlk","timeElapsed":121,"timestamp":"2025-07-05T22:50:49.697Z"}
{"level":"info","message":"⌛ Building environment","timeElapsed":103,"timestamp":"2025-07-05T22:50:49.800Z"}
{"level":"info","message":"⌛ Building environment","timeElapsed":112,"timestamp":"2025-07-05T22:50:49.913Z"}
{"level":"info","message":"⌛ Validating mago.wlk","timeElapsed":109,"timestamp":"2025-07-05T22:50:50.034Z"}
{"level":"info","message":"⌛ Building environment","timeElapsed":115,"timestamp":"2025-07-05T22:50:50.150Z"}
{"level":"info","message":"⌛ Validating mago.wlk","timeElapsed":123,"timestamp":"2025-07-05T22:50:50.274Z"}
{"level":"info","message":"⌛ Building environment","timeElapsed":147,"timestamp":"2025-07-05T22:50:50.421Z"}
{"level":"info","message":"⌛ Validating mago.wlk","timeElapsed":137,"timestamp":"2025-07-05T22:50:50.667Z"}
{"level":"info","message":"⌛ Validating mago.wlk","timeElapsed":136,"timestamp":"2025-07-05T22:50:50.987Z"}
{"level":"info","message":"⌛ Validating mago.wlk","timeElapsed":123,"timestamp":"2025-07-05T22:50:51.114Z"}
{"level":"info","message":"⌛ Building environment","timeElapsed":163,"timestamp":"2025-07-05T22:50:51.507Z"}
{"level":"info","message":"⌛ Validating mago.wlk","timeElapsed":175,"timestamp":"2025-07-05T22:50:51.702Z"}
{"level":"info","message":"⌛ Validating mago.wlk","timeElapsed":132,"timestamp":"2025-07-05T22:50:51.834Z"}
{"level":"info","message":"⌛ Validating mago.wlk","timeElapsed":108,"timestamp":"2025-07-05T22:50:52.292Z"}
{"level":"info","message":"⌛ Validating mago.wlk","timeElapsed":109,"timestamp":"2025-07-05T22:50:52.401Z"}
{"level":"info","message":"⌛ Building environment","timeElapsed":117,"timestamp":"2025-07-05T22:50:52.532Z"}
{"level":"info","message":"⌛ Validating mago.wlk","timeElapsed":137,"timestamp":"2025-07-05T22:50:52.669Z"}
{"level":"info","message":"⌛ Validating mago.wlk","timeElapsed":119,"timestamp":"2025-07-05T22:50:52.803Z"}
{"level":"info","message":"⌛ Validating mago.wlk","timeElapsed":117,"timestamp":"2025-07-05T22:50:52.921Z"}
{"level":"info","message":"⌛ Validating mago.wlk","timeElapsed":107,"timestamp":"2025-07-05T22:50:53.028Z"}
{"level":"info","message":"⌛ Validating mago.wlk","timeElapsed":115,"timestamp":"2025-07-05T22:50:53.149Z"}
{"level":"info","message":"⌛ Validating mago.wlk","timeElapsed":112,"timestamp":"2025-07-05T22:50:53.471Z"}
{"level":"info","message":"⌛ Building environment","timeElapsed":186,"timestamp":"2025-07-05T22:50:53.667Z"}
{"level":"info","message":"⌛ Validating mago.wlk","timeElapsed":147,"timestamp":"2025-07-05T22:50:53.908Z"}
{"level":"info","message":"⌛ Validating mago.wlk","timeElapsed":145,"timestamp":"2025-07-05T22:50:54.060Z"}
{"level":"info","message":"⌛ Validating mago.wlk","timeElapsed":132,"timestamp":"2025-07-05T22:50:54.201Z"}
{"level":"info","message":"⌛ Validating mago.wlk","timeElapsed":111,"timestamp":"2025-07-05T22:50:54.318Z"}
{"level":"info","message":"⌛ Building environment","timeElapsed":167,"timestamp":"2025-07-05T22:50:54.485Z"}
{"level":"info","message":"⌛ Validating mago.wlk","timeElapsed":109,"timestamp":"2025-07-05T22:50:54.796Z"}
{"level":"info","message":"⌛ Validating mago.wlk","timeElapsed":107,"timestamp":"2025-07-05T22:50:54.904Z"}
{"level":"info","message":"⌛ Validating mago.wlk","timeElapsed":114,"timestamp":"2025-07-05T22:50:55.022Z"}
{"level":"info","message":"⌛ Validating mago.wlk","timeElapsed":127,"timestamp":"2025-07-05T22:50:55.337Z"}
{"level":"info","message":"⌛ Building environment","timeElapsed":101,"timestamp":"2025-07-05T22:50:55.439Z"}
{"level":"info","message":"⌛ Validating mago.wlk","timeElapsed":132,"timestamp":"2025-07-05T22:50:55.656Z"}
{"level":"info","message":"⌛ Validating mago.wlk","timeElapsed":105,"timestamp":"2025-07-05T22:50:55.764Z"}
{"level":"info","message":"⌛ Validating mago.wlk","timeElapsed":115,"timestamp":"2025-07-05T22:50:55.976Z"}
{"level":"info","message":"⌛ Building environment","timeElapsed":137,"timestamp":"2025-07-05T22:50:56.124Z"}
{"level":"info","message":"⌛ Validating mago.wlk","timeElapsed":117,"timestamp":"2025-07-05T22:50:56.242Z"}
{"level":"info","message":"⌛ Building environment","timeElapsed":158,"timestamp":"2025-07-05T22:50:57.049Z"}
{"level":"info","message":"⌛ Validating mago.wlk","timeElapsed":125,"timestamp":"2025-07-05T22:50:57.175Z"}
{"level":"info","message":"⌛ Building environment","timeElapsed":105,"timestamp":"2025-07-05T22:50:57.280Z"}
{"level":"info","message":"⌛ Validating mago.wlk","timeElapsed":113,"timestamp":"2025-07-05T22:50:57.394Z"}
{"level":"info","message":"⌛ Validating mago.wlk","timeElapsed":108,"timestamp":"2025-07-05T22:50:59.571Z"}
{"level":"info","message":"⌛ Building environment","timeElapsed":106,"timestamp":"2025-07-05T22:51:00.486Z"}
{"level":"info","message":"⌛ Validating mago.wlk","timeElapsed":121,"timestamp":"2025-07-05T22:51:00.607Z"}
{"level":"info","message":"⌛ Validating mago.wlk","timeElapsed":114,"timestamp":"2025-07-05T22:51:03.780Z"}
{"level":"info","message":"⌛ Building environment","timeElapsed":103,"timestamp":"2025-07-05T22:51:04.337Z"}
{"level":"info","message":"⌛ Validating mago.wlk","timeElapsed":128,"timestamp":"2025-07-05T22:51:04.497Z"}
{"level":"info","message":"⌛ Validating mago.wlk","timeElapsed":125,"timestamp":"2025-07-05T22:51:04.711Z"}
{"level":"info","message":"⌛ Building environment","timeElapsed":187,"timestamp":"2025-07-05T22:51:04.903Z"}
{"level":"info","message":"⌛ Validating mago.wlk","timeElapsed":213,"timestamp":"2025-07-05T22:51:05.125Z"}
{"level":"info","message":"⌛ Validating mago.wlk","timeElapsed":133,"timestamp":"2025-07-05T22:51:05.354Z"}
{"level":"info","message":"⌛ Validating mago.wlk","timeElapsed":110,"timestamp":"2025-07-05T22:51:05.687Z"}
{"level":"info","message":"⌛ Validating mago.wlk","timeElapsed":117,"timestamp":"2025-07-05T22:51:05.924Z"}
{"level":"info","message":"⌛ Validating mago.wlk","timeElapsed":107,"timestamp":"2025-07-05T22:51:06.120Z"}
{"level":"info","message":"⌛ Validating mago.wlk","timeElapsed":109,"timestamp":"2025-07-05T22:51:06.228Z"}
{"level":"info","message":"⌛ Building environment","timeElapsed":104,"timestamp":"2025-07-05T22:51:06.646Z"}
{"level":"info","message":"⌛ Validating mago.wlk","timeElapsed":109,"timestamp":"2025-07-05T22:51:06.788Z"}
{"level":"info","message":"⌛ Building environment","timeElapsed":101,"timestamp":"2025-07-05T22:51:06.921Z"}
{"level":"info","message":"⌛ Validating mago.wlk","timeElapsed":114,"timestamp":"2025-07-05T22:51:07.090Z"}
{"level":"info","message":"⌛ Building environment","timeElapsed":107,"timestamp":"2025-07-05T22:51:07.198Z"}
{"level":"info","message":"⌛ Validating mago.wlk","timeElapsed":124,"timestamp":"2025-07-05T22:51:07.366Z"}
{"level":"info","message":"⌛ Validating mago.wlk","timeElapsed":128,"timestamp":"2025-07-05T22:51:07.615Z"}
{"level":"info","message":"⌛ Validating mago.wlk","timeElapsed":113,"timestamp":"2025-07-05T22:51:08.022Z"}
{"level":"info","message":"⌛ Validating mago.wlk","timeElapsed":107,"timestamp":"2025-07-05T22:51:08.133Z"}
{"level":"info","message":"⌛ Validating mago.wlk","timeElapsed":101,"timestamp":"2025-07-05T22:51:08.249Z"}
{"level":"info","message":"⌛ Building environment","timeElapsed":122,"timestamp":"2025-07-05T22:51:09.997Z"}
{"level":"info","message":"⌛ Validating mago.wlk","timeElapsed":213,"timestamp":"2025-07-05T22:51:10.241Z"}
{"level":"info","message":"⌛ Validating mago.wlk","timeElapsed":132,"timestamp":"2025-07-05T22:51:10.640Z"}
{"level":"info","message":"⌛ Validating mago.wlk","timeElapsed":112,"timestamp":"2025-07-05T22:51:10.756Z"}
{"level":"info","message":"⌛ Validating mago.wlk","timeElapsed":103,"timestamp":"2025-07-05T22:51:10.864Z"}
{"level":"info","message":"⌛ Building environment","timeElapsed":129,"timestamp":"2025-07-05T22:51:13.211Z"}
{"level":"error","message":"✘ Completions for node Variable ([47:5, 47:25] - mago.wlk) failed: Error: posicionTemporal [Variable]{9421ba} at mago.wlk:47 exhausted all cases without a match posicionTemporal [Variable]{9421ba} at mago.wlk:47 exhausted all cases without a match","stack":"Error: posicionTemporal [Variable]{9421ba} at mago.wlk:47 exhausted all cases without a match\n    at c:\\Users\\joaom\\.vscode\\extensions\\uqbar.wollok-lsp-ide-0.5.2\\out\\server\\src\\server.js:38:6142\n    at C2 (c:\\Users\\joaom\\.vscode\\extensions\\uqbar.wollok-lsp-ide-0.5.2\\out\\server\\src\\server.js:2362:42)\n    at c:\\Users\\joaom\\.vscode\\extensions\\uqbar.wollok-lsp-ide-0.5.2\\out\\server\\src\\server.js:2362:2988\n    at c:\\Users\\joaom\\.vscode\\extensions\\uqbar.wollok-lsp-ide-0.5.2\\out\\server\\src\\server.js:2371:8440\n    at c:\\Users\\joaom\\.vscode\\extensions\\uqbar.wollok-lsp-ide-0.5.2\\out\\server\\src\\server.js:37:74872\n    at Ye (c:\\Users\\joaom\\.vscode\\extensions\\uqbar.wollok-lsp-ide-0.5.2\\out\\server\\src\\server.js:7:8527)\n    at Dt (c:\\Users\\joaom\\.vscode\\extensions\\uqbar.wollok-lsp-ide-0.5.2\\out\\server\\src\\server.js:7:6189)\n    at Zi (c:\\Users\\joaom\\.vscode\\extensions\\uqbar.wollok-lsp-ide-0.5.2\\out\\server\\src\\server.js:7:6378)\n    at Immediate._onImmediate (c:\\Users\\joaom\\.vscode\\extensions\\uqbar.wollok-lsp-ide-0.5.2\\out\\server\\src\\server.js:7:6142)\n    at process.processImmediate (node:internal/timers:485:21)","timestamp":"2025-07-05T22:51:13.238Z"}
{"level":"info","message":"⌛ Validating mago.wlk","timeElapsed":122,"timestamp":"2025-07-05T22:51:13.455Z"}
{"level":"info","message":"⌛ Validating mago.wlk","timeElapsed":113,"timestamp":"2025-07-05T22:51:13.568Z"}
{"level":"info","message":"⌛ Validating mago.wlk","timeElapsed":118,"timestamp":"2025-07-05T22:51:13.774Z"}
{"level":"info","message":"⌛ Validating mago.wlk","timeElapsed":121,"timestamp":"2025-07-05T22:51:13.973Z"}
{"level":"info","message":"⌛ Building environment","timeElapsed":199,"timestamp":"2025-07-05T22:51:18.193Z"}
{"level":"info","message":"⌛ Validating mago.wlk","timeElapsed":163,"timestamp":"2025-07-05T22:51:18.356Z"}
{"level":"info","message":"⌛ Building environment","timeElapsed":135,"timestamp":"2025-07-05T22:51:22.821Z"}
{"level":"info","message":"⌛ Validating mago.wlk","timeElapsed":129,"timestamp":"2025-07-05T22:51:22.953Z"}
{"level":"info","message":"⌛ Validating mago.wlk","timeElapsed":111,"timestamp":"2025-07-05T22:51:23.382Z"}
{"level":"info","message":"⌛ Building environment","timeElapsed":115,"timestamp":"2025-07-05T22:51:23.554Z"}
{"level":"info","message":"⌛ Validating mago.wlk","timeElapsed":132,"timestamp":"2025-07-05T22:51:23.687Z"}
{"level":"info","message":"⌛ Validating mago.wlk","timeElapsed":128,"timestamp":"2025-07-05T22:51:24.072Z"}
{"level":"info","message":"⌛ Validating mago.wlk","timeElapsed":132,"timestamp":"2025-07-05T22:51:24.301Z"}
{"level":"info","message":"⌛ Validating mago.wlk","timeElapsed":114,"timestamp":"2025-07-05T22:51:24.415Z"}
{"level":"info","message":"⌛ Validating mago.wlk","timeElapsed":109,"timestamp":"2025-07-05T22:51:24.710Z"}
{"level":"info","message":"⌛ Validating mago.wlk","timeElapsed":115,"timestamp":"2025-07-05T22:51:24.918Z"}
{"level":"info","message":"⌛ Validating mago.wlk","timeElapsed":110,"timestamp":"2025-07-05T22:51:25.035Z"}
{"level":"info","message":"⌛ Building environment","timeElapsed":132,"timestamp":"2025-07-05T22:51:25.175Z"}
{"level":"info","message":"⌛ Validating mago.wlk","timeElapsed":114,"timestamp":"2025-07-05T22:51:25.290Z"}
{"level":"info","message":"⌛ Validating mago.wlk","timeElapsed":116,"timestamp":"2025-07-05T22:51:25.409Z"}
{"level":"info","message":"⌛ Validating mago.wlk","timeElapsed":126,"timestamp":"2025-07-05T22:51:25.616Z"}
{"level":"error","message":"✘ Completions for node Send ([48:26, 48:42] - mago.wlk) failed: Error: [Send]{4a0f11} at mago.wlk:48 exhausted all cases without a match [Send]{4a0f11} at mago.wlk:48 exhausted all cases without a match","stack":"Error: [Send]{4a0f11} at mago.wlk:48 exhausted all cases without a match\n    at c:\\Users\\joaom\\.vscode\\extensions\\uqbar.wollok-lsp-ide-0.5.2\\out\\server\\src\\server.js:38:6142\n    at C2 (c:\\Users\\joaom\\.vscode\\extensions\\uqbar.wollok-lsp-ide-0.5.2\\out\\server\\src\\server.js:2362:42)\n    at Gh (c:\\Users\\joaom\\.vscode\\extensions\\uqbar.wollok-lsp-ide-0.5.2\\out\\server\\src\\server.js:2362:1092)\n    at l8n (c:\\Users\\joaom\\.vscode\\extensions\\uqbar.wollok-lsp-ide-0.5.2\\out\\server\\src\\server.js:2362:1248)\n    at c:\\Users\\joaom\\.vscode\\extensions\\uqbar.wollok-lsp-ide-0.5.2\\out\\server\\src\\server.js:38:6131\n    at C2 (c:\\Users\\joaom\\.vscode\\extensions\\uqbar.wollok-lsp-ide-0.5.2\\out\\server\\src\\server.js:2362:42)\n    at c:\\Users\\joaom\\.vscode\\extensions\\uqbar.wollok-lsp-ide-0.5.2\\out\\server\\src\\server.js:2362:2988\n    at c:\\Users\\joaom\\.vscode\\extensions\\uqbar.wollok-lsp-ide-0.5.2\\out\\server\\src\\server.js:2371:8440\n    at c:\\Users\\joaom\\.vscode\\extensions\\uqbar.wollok-lsp-ide-0.5.2\\out\\server\\src\\server.js:37:74872\n    at Ye (c:\\Users\\joaom\\.vscode\\extensions\\uqbar.wollok-lsp-ide-0.5.2\\out\\server\\src\\server.js:7:8527)","timestamp":"2025-07-05T22:51:26.800Z"}
{"level":"info","message":"⌛ Validating mago.wlk","timeElapsed":113,"timestamp":"2025-07-05T22:51:26.917Z"}
{"level":"info","message":"⌛ Validating mago.wlk","timeElapsed":114,"timestamp":"2025-07-05T22:51:27.442Z"}
{"level":"info","message":"⌛ Validating mago.wlk","timeElapsed":113,"timestamp":"2025-07-05T22:51:32.198Z"}
{"level":"info","message":"⌛ Building environment","timeElapsed":108,"timestamp":"2025-07-05T22:51:32.754Z"}
{"level":"info","message":"⌛ Validating mago.wlk","timeElapsed":150,"timestamp":"2025-07-05T22:51:32.913Z"}
{"level":"info","message":"⌛ Building environment","timeElapsed":104,"timestamp":"2025-07-05T22:51:34.653Z"}
{"level":"error","message":"✘ Completions for node Send ([46:26, 46:42] - mago.wlk) failed: Error: [Send]{99b915} at mago.wlk:46 exhausted all cases without a match [Send]{99b915} at mago.wlk:46 exhausted all cases without a match","stack":"Error: [Send]{99b915} at mago.wlk:46 exhausted all cases without a match\n    at c:\\Users\\joaom\\.vscode\\extensions\\uqbar.wollok-lsp-ide-0.5.2\\out\\server\\src\\server.js:38:6142\n    at C2 (c:\\Users\\joaom\\.vscode\\extensions\\uqbar.wollok-lsp-ide-0.5.2\\out\\server\\src\\server.js:2362:42)\n    at Gh (c:\\Users\\joaom\\.vscode\\extensions\\uqbar.wollok-lsp-ide-0.5.2\\out\\server\\src\\server.js:2362:1092)\n    at l8n (c:\\Users\\joaom\\.vscode\\extensions\\uqbar.wollok-lsp-ide-0.5.2\\out\\server\\src\\server.js:2362:1248)\n    at c:\\Users\\joaom\\.vscode\\extensions\\uqbar.wollok-lsp-ide-0.5.2\\out\\server\\src\\server.js:38:6131\n    at C2 (c:\\Users\\joaom\\.vscode\\extensions\\uqbar.wollok-lsp-ide-0.5.2\\out\\server\\src\\server.js:2362:42)\n    at c:\\Users\\joaom\\.vscode\\extensions\\uqbar.wollok-lsp-ide-0.5.2\\out\\server\\src\\server.js:2362:2988\n    at c:\\Users\\joaom\\.vscode\\extensions\\uqbar.wollok-lsp-ide-0.5.2\\out\\server\\src\\server.js:2371:8440\n    at c:\\Users\\joaom\\.vscode\\extensions\\uqbar.wollok-lsp-ide-0.5.2\\out\\server\\src\\server.js:37:74872\n    at Ye (c:\\Users\\joaom\\.vscode\\extensions\\uqbar.wollok-lsp-ide-0.5.2\\out\\server\\src\\server.js:7:8527)","timestamp":"2025-07-05T22:51:34.685Z"}
{"level":"info","message":"⌛ Validating mago.wlk","timeElapsed":131,"timestamp":"2025-07-05T22:51:34.819Z"}
{"level":"info","message":"⌛ Building environment","timeElapsed":108,"timestamp":"2025-07-05T22:51:34.929Z"}
{"level":"info","message":"⌛ Validating mago.wlk","timeElapsed":125,"timestamp":"2025-07-05T22:51:35.160Z"}
{"level":"info","message":"⌛ Validating mago.wlk","timeElapsed":123,"timestamp":"2025-07-05T22:51:35.284Z"}
{"level":"error","message":"✘ Completions for node Send ([46:26, 46:47] - mago.wlk) failed: Error: [Send]{2c94ec} at mago.wlk:46 exhausted all cases without a match [Send]{2c94ec} at mago.wlk:46 exhausted all cases without a match","stack":"Error: [Send]{2c94ec} at mago.wlk:46 exhausted all cases without a match\n    at c:\\Users\\joaom\\.vscode\\extensions\\uqbar.wollok-lsp-ide-0.5.2\\out\\server\\src\\server.js:38:6142\n    at C2 (c:\\Users\\joaom\\.vscode\\extensions\\uqbar.wollok-lsp-ide-0.5.2\\out\\server\\src\\server.js:2362:42)\n    at Gh (c:\\Users\\joaom\\.vscode\\extensions\\uqbar.wollok-lsp-ide-0.5.2\\out\\server\\src\\server.js:2362:1092)\n    at l8n (c:\\Users\\joaom\\.vscode\\extensions\\uqbar.wollok-lsp-ide-0.5.2\\out\\server\\src\\server.js:2362:1248)\n    at c:\\Users\\joaom\\.vscode\\extensions\\uqbar.wollok-lsp-ide-0.5.2\\out\\server\\src\\server.js:38:6131\n    at C2 (c:\\Users\\joaom\\.vscode\\extensions\\uqbar.wollok-lsp-ide-0.5.2\\out\\server\\src\\server.js:2362:42)\n    at c:\\Users\\joaom\\.vscode\\extensions\\uqbar.wollok-lsp-ide-0.5.2\\out\\server\\src\\server.js:2362:2988\n    at c:\\Users\\joaom\\.vscode\\extensions\\uqbar.wollok-lsp-ide-0.5.2\\out\\server\\src\\server.js:2371:8440\n    at c:\\Users\\joaom\\.vscode\\extensions\\uqbar.wollok-lsp-ide-0.5.2\\out\\server\\src\\server.js:37:74872\n    at Ye (c:\\Users\\joaom\\.vscode\\extensions\\uqbar.wollok-lsp-ide-0.5.2\\out\\server\\src\\server.js:7:8527)","timestamp":"2025-07-05T22:51:35.603Z"}
{"level":"info","message":"⌛ Validating mago.wlk","timeElapsed":120,"timestamp":"2025-07-05T22:51:35.728Z"}
{"level":"info","message":"⌛ Validating mago.wlk","timeElapsed":115,"timestamp":"2025-07-05T22:51:35.843Z"}
{"level":"info","message":"⌛ Validating mago.wlk","timeElapsed":112,"timestamp":"2025-07-05T22:51:35.962Z"}
{"level":"info","message":"⌛ Building environment","timeElapsed":112,"timestamp":"2025-07-05T22:51:36.158Z"}
{"level":"info","message":"⌛ Validating mago.wlk","timeElapsed":126,"timestamp":"2025-07-05T22:51:36.389Z"}
{"level":"info","message":"⌛ Validating mago.wlk","timeElapsed":128,"timestamp":"2025-07-05T22:51:36.598Z"}
{"level":"info","message":"⌛ Validating mago.wlk","timeElapsed":126,"timestamp":"2025-07-05T22:51:36.725Z"}
{"level":"info","message":"⌛ Validating mago.wlk","timeElapsed":123,"timestamp":"2025-07-05T22:51:37.027Z"}
{"level":"error","message":"✘ Completions for node Send ([46:26, 46:43] - mago.wlk) failed: Error: [Send]{665c5b} at mago.wlk:46 exhausted all cases without a match [Send]{665c5b} at mago.wlk:46 exhausted all cases without a match","stack":"Error: [Send]{665c5b} at mago.wlk:46 exhausted all cases without a match\n    at c:\\Users\\joaom\\.vscode\\extensions\\uqbar.wollok-lsp-ide-0.5.2\\out\\server\\src\\server.js:38:6142\n    at C2 (c:\\Users\\joaom\\.vscode\\extensions\\uqbar.wollok-lsp-ide-0.5.2\\out\\server\\src\\server.js:2362:42)\n    at Gh (c:\\Users\\joaom\\.vscode\\extensions\\uqbar.wollok-lsp-ide-0.5.2\\out\\server\\src\\server.js:2362:1092)\n    at l8n (c:\\Users\\joaom\\.vscode\\extensions\\uqbar.wollok-lsp-ide-0.5.2\\out\\server\\src\\server.js:2362:1248)\n    at c:\\Users\\joaom\\.vscode\\extensions\\uqbar.wollok-lsp-ide-0.5.2\\out\\server\\src\\server.js:38:6131\n    at C2 (c:\\Users\\joaom\\.vscode\\extensions\\uqbar.wollok-lsp-ide-0.5.2\\out\\server\\src\\server.js:2362:42)\n    at c:\\Users\\joaom\\.vscode\\extensions\\uqbar.wollok-lsp-ide-0.5.2\\out\\server\\src\\server.js:2362:2988\n    at c:\\Users\\joaom\\.vscode\\extensions\\uqbar.wollok-lsp-ide-0.5.2\\out\\server\\src\\server.js:2371:8440\n    at c:\\Users\\joaom\\.vscode\\extensions\\uqbar.wollok-lsp-ide-0.5.2\\out\\server\\src\\server.js:37:74872\n    at Ye (c:\\Users\\joaom\\.vscode\\extensions\\uqbar.wollok-lsp-ide-0.5.2\\out\\server\\src\\server.js:7:8527)","timestamp":"2025-07-05T22:51:37.057Z"}
{"level":"info","message":"⌛ Building environment","timeElapsed":129,"timestamp":"2025-07-05T22:51:37.363Z"}
{"level":"info","message":"⌛ Validating mago.wlk","timeElapsed":124,"timestamp":"2025-07-05T22:51:37.487Z"}
{"level":"info","message":"⌛ Validating mago.wlk","timeElapsed":210,"timestamp":"2025-07-05T22:51:37.701Z"}
{"level":"info","message":"⌛ Validating mago.wlk","timeElapsed":144,"timestamp":"2025-07-05T22:51:37.947Z"}
{"level":"info","message":"⌛ Validating mago.wlk","timeElapsed":118,"timestamp":"2025-07-05T22:51:38.076Z"}
{"level":"info","message":"⌛ Validating mago.wlk","timeElapsed":120,"timestamp":"2025-07-05T22:51:38.296Z"}
{"level":"info","message":"⌛ Validating mago.wlk","timeElapsed":111,"timestamp":"2025-07-05T22:51:38.599Z"}
{"level":"info","message":"⌛ Building environment","timeElapsed":116,"timestamp":"2025-07-05T22:51:38.715Z"}
{"level":"info","message":"⌛ Validating mago.wlk","timeElapsed":124,"timestamp":"2025-07-05T22:51:39.024Z"}
{"level":"info","message":"⌛ Validating mago.wlk","timeElapsed":194,"timestamp":"2025-07-05T22:51:39.384Z"}
{"level":"info","message":"⌛ Validating mago.wlk","timeElapsed":109,"timestamp":"2025-07-05T22:51:39.493Z"}
{"level":"info","message":"⌛ Validating mago.wlk","timeElapsed":118,"timestamp":"2025-07-05T22:51:39.711Z"}
{"level":"info","message":"⌛ Validating mago.wlk","timeElapsed":111,"timestamp":"2025-07-05T22:51:39.822Z"}
{"level":"info","message":"⌛ Validating mago.wlk","timeElapsed":124,"timestamp":"2025-07-05T22:51:40.040Z"}
{"level":"info","message":"⌛ Validating mago.wlk","timeElapsed":132,"timestamp":"2025-07-05T22:51:40.267Z"}
{"level":"info","message":"⌛ Validating mago.wlk","timeElapsed":105,"timestamp":"2025-07-05T22:51:40.373Z"}
{"level":"info","message":"⌛ Building environment","timeElapsed":142,"timestamp":"2025-07-05T22:51:40.527Z"}
{"level":"info","message":"⌛ Validating mago.wlk","timeElapsed":116,"timestamp":"2025-07-05T22:51:40.643Z"}
{"level":"error","message":"✘ Completions for node NamedArgument ([46:40, 46:52] - mago.wlk) failed: Error: [NamedArgument]{e94e41} at mago.wlk:46 exhausted all cases without a match [NamedArgument]{e94e41} at mago.wlk:46 exhausted all cases without a match","stack":"Error: [NamedArgument]{e94e41} at mago.wlk:46 exhausted all cases without a match\n    at c:\\Users\\joaom\\.vscode\\extensions\\uqbar.wollok-lsp-ide-0.5.2\\out\\server\\src\\server.js:38:6142\n    at C2 (c:\\Users\\joaom\\.vscode\\extensions\\uqbar.wollok-lsp-ide-0.5.2\\out\\server\\src\\server.js:2362:42)\n    at Gh (c:\\Users\\joaom\\.vscode\\extensions\\uqbar.wollok-lsp-ide-0.5.2\\out\\server\\src\\server.js:2362:1092)\n    at l8n (c:\\Users\\joaom\\.vscode\\extensions\\uqbar.wollok-lsp-ide-0.5.2\\out\\server\\src\\server.js:2362:1248)\n    at c:\\Users\\joaom\\.vscode\\extensions\\uqbar.wollok-lsp-ide-0.5.2\\out\\server\\src\\server.js:38:6131\n    at C2 (c:\\Users\\joaom\\.vscode\\extensions\\uqbar.wollok-lsp-ide-0.5.2\\out\\server\\src\\server.js:2362:42)\n    at c:\\Users\\joaom\\.vscode\\extensions\\uqbar.wollok-lsp-ide-0.5.2\\out\\server\\src\\server.js:2362:2988\n    at c:\\Users\\joaom\\.vscode\\extensions\\uqbar.wollok-lsp-ide-0.5.2\\out\\server\\src\\server.js:2371:8440\n    at c:\\Users\\joaom\\.vscode\\extensions\\uqbar.wollok-lsp-ide-0.5.2\\out\\server\\src\\server.js:37:74872\n    at Ye (c:\\Users\\joaom\\.vscode\\extensions\\uqbar.wollok-lsp-ide-0.5.2\\out\\server\\src\\server.js:7:8527)","timestamp":"2025-07-05T22:51:40.675Z"}
{"level":"info","message":"⌛ Validating mago.wlk","timeElapsed":111,"timestamp":"2025-07-05T22:51:40.962Z"}
{"level":"info","message":"⌛ Validating mago.wlk","timeElapsed":113,"timestamp":"2025-07-05T22:51:41.165Z"}
{"level":"info","message":"⌛ Validating mago.wlk","timeElapsed":132,"timestamp":"2025-07-05T22:51:41.563Z"}
{"level":"error","message":"✘ Completions for node NamedArgument ([46:40, 46:59] - mago.wlk) failed: Error: [NamedArgument]{6b55d2} at mago.wlk:46 exhausted all cases without a match [NamedArgument]{6b55d2} at mago.wlk:46 exhausted all cases without a match","stack":"Error: [NamedArgument]{6b55d2} at mago.wlk:46 exhausted all cases without a match\n    at c:\\Users\\joaom\\.vscode\\extensions\\uqbar.wollok-lsp-ide-0.5.2\\out\\server\\src\\server.js:38:6142\n    at C2 (c:\\Users\\joaom\\.vscode\\extensions\\uqbar.wollok-lsp-ide-0.5.2\\out\\server\\src\\server.js:2362:42)\n    at Gh (c:\\Users\\joaom\\.vscode\\extensions\\uqbar.wollok-lsp-ide-0.5.2\\out\\server\\src\\server.js:2362:1092)\n    at l8n (c:\\Users\\joaom\\.vscode\\extensions\\uqbar.wollok-lsp-ide-0.5.2\\out\\server\\src\\server.js:2362:1248)\n    at c:\\Users\\joaom\\.vscode\\extensions\\uqbar.wollok-lsp-ide-0.5.2\\out\\server\\src\\server.js:38:6131\n    at C2 (c:\\Users\\joaom\\.vscode\\extensions\\uqbar.wollok-lsp-ide-0.5.2\\out\\server\\src\\server.js:2362:42)\n    at c:\\Users\\joaom\\.vscode\\extensions\\uqbar.wollok-lsp-ide-0.5.2\\out\\server\\src\\server.js:2362:2988\n    at c:\\Users\\joaom\\.vscode\\extensions\\uqbar.wollok-lsp-ide-0.5.2\\out\\server\\src\\server.js:2371:8440\n    at c:\\Users\\joaom\\.vscode\\extensions\\uqbar.wollok-lsp-ide-0.5.2\\out\\server\\src\\server.js:37:74872\n    at Ye (c:\\Users\\joaom\\.vscode\\extensions\\uqbar.wollok-lsp-ide-0.5.2\\out\\server\\src\\server.js:7:8527)","timestamp":"2025-07-05T22:51:41.674Z"}
{"level":"info","message":"⌛ Validating mago.wlk","timeElapsed":115,"timestamp":"2025-07-05T22:51:41.790Z"}
{"level":"info","message":"⌛ Validating mago.wlk","timeElapsed":177,"timestamp":"2025-07-05T22:51:41.972Z"}
{"level":"info","message":"⌛ Validating mago.wlk","timeElapsed":115,"timestamp":"2025-07-05T22:51:42.088Z"}
{"level":"info","message":"⌛ Building environment","timeElapsed":112,"timestamp":"2025-07-05T22:51:42.202Z"}
{"level":"info","message":"⌛ Validating mago.wlk","timeElapsed":119,"timestamp":"2025-07-05T22:51:42.332Z"}
{"level":"info","message":"⌛ Validating mago.wlk","timeElapsed":113,"timestamp":"2025-07-05T22:51:42.446Z"}
{"level":"info","message":"⌛ Validating mago.wlk","timeElapsed":116,"timestamp":"2025-07-05T22:51:42.562Z"}
{"level":"info","message":"⌛ Validating mago.wlk","timeElapsed":122,"timestamp":"2025-07-05T22:51:42.787Z"}
{"level":"error","message":"✘ Completions for node NamedArgument ([46:40, 46:62] - mago.wlk) failed: Error: [NamedArgument]{436b91} at mago.wlk:46 exhausted all cases without a match [NamedArgument]{436b91} at mago.wlk:46 exhausted all cases without a match","stack":"Error: [NamedArgument]{436b91} at mago.wlk:46 exhausted all cases without a match\n    at c:\\Users\\joaom\\.vscode\\extensions\\uqbar.wollok-lsp-ide-0.5.2\\out\\server\\src\\server.js:38:6142\n    at C2 (c:\\Users\\joaom\\.vscode\\extensions\\uqbar.wollok-lsp-ide-0.5.2\\out\\server\\src\\server.js:2362:42)\n    at Gh (c:\\Users\\joaom\\.vscode\\extensions\\uqbar.wollok-lsp-ide-0.5.2\\out\\server\\src\\server.js:2362:1092)\n    at l8n (c:\\Users\\joaom\\.vscode\\extensions\\uqbar.wollok-lsp-ide-0.5.2\\out\\server\\src\\server.js:2362:1248)\n    at c:\\Users\\joaom\\.vscode\\extensions\\uqbar.wollok-lsp-ide-0.5.2\\out\\server\\src\\server.js:38:6131\n    at C2 (c:\\Users\\joaom\\.vscode\\extensions\\uqbar.wollok-lsp-ide-0.5.2\\out\\server\\src\\server.js:2362:42)\n    at c:\\Users\\joaom\\.vscode\\extensions\\uqbar.wollok-lsp-ide-0.5.2\\out\\server\\src\\server.js:2362:2988\n    at c:\\Users\\joaom\\.vscode\\extensions\\uqbar.wollok-lsp-ide-0.5.2\\out\\server\\src\\server.js:2371:8440\n    at c:\\Users\\joaom\\.vscode\\extensions\\uqbar.wollok-lsp-ide-0.5.2\\out\\server\\src\\server.js:37:74872\n    at Ye (c:\\Users\\joaom\\.vscode\\extensions\\uqbar.wollok-lsp-ide-0.5.2\\out\\server\\src\\server.js:7:8527)","timestamp":"2025-07-05T22:51:42.916Z"}
{"level":"error","message":"✘ Completions for node NamedArgument ([46:40, 46:61] - mago.wlk) failed: Error: [NamedArgument]{72bf86} at mago.wlk:46 exhausted all cases without a match [NamedArgument]{72bf86} at mago.wlk:46 exhausted all cases without a match","stack":"Error: [NamedArgument]{72bf86} at mago.wlk:46 exhausted all cases without a match\n    at c:\\Users\\joaom\\.vscode\\extensions\\uqbar.wollok-lsp-ide-0.5.2\\out\\server\\src\\server.js:38:6142\n    at C2 (c:\\Users\\joaom\\.vscode\\extensions\\uqbar.wollok-lsp-ide-0.5.2\\out\\server\\src\\server.js:2362:42)\n    at Gh (c:\\Users\\joaom\\.vscode\\extensions\\uqbar.wollok-lsp-ide-0.5.2\\out\\server\\src\\server.js:2362:1092)\n    at l8n (c:\\Users\\joaom\\.vscode\\extensions\\uqbar.wollok-lsp-ide-0.5.2\\out\\server\\src\\server.js:2362:1248)\n    at c:\\Users\\joaom\\.vscode\\extensions\\uqbar.wollok-lsp-ide-0.5.2\\out\\server\\src\\server.js:38:6131\n    at C2 (c:\\Users\\joaom\\.vscode\\extensions\\uqbar.wollok-lsp-ide-0.5.2\\out\\server\\src\\server.js:2362:42)\n    at c:\\Users\\joaom\\.vscode\\extensions\\uqbar.wollok-lsp-ide-0.5.2\\out\\server\\src\\server.js:2362:2988\n    at c:\\Users\\joaom\\.vscode\\extensions\\uqbar.wollok-lsp-ide-0.5.2\\out\\server\\src\\server.js:2371:8440\n    at c:\\Users\\joaom\\.vscode\\extensions\\uqbar.wollok-lsp-ide-0.5.2\\out\\server\\src\\server.js:37:74872\n    at Ye (c:\\Users\\joaom\\.vscode\\extensions\\uqbar.wollok-lsp-ide-0.5.2\\out\\server\\src\\server.js:7:8527)","timestamp":"2025-07-05T22:51:43.045Z"}
{"level":"error","message":"✘ Completions for node NamedArgument ([46:40, 46:60] - mago.wlk) failed: Error: [NamedArgument]{303268} at mago.wlk:46 exhausted all cases without a match [NamedArgument]{303268} at mago.wlk:46 exhausted all cases without a match","stack":"Error: [NamedArgument]{303268} at mago.wlk:46 exhausted all cases without a match\n    at c:\\Users\\joaom\\.vscode\\extensions\\uqbar.wollok-lsp-ide-0.5.2\\out\\server\\src\\server.js:38:6142\n    at C2 (c:\\Users\\joaom\\.vscode\\extensions\\uqbar.wollok-lsp-ide-0.5.2\\out\\server\\src\\server.js:2362:42)\n    at Gh (c:\\Users\\joaom\\.vscode\\extensions\\uqbar.wollok-lsp-ide-0.5.2\\out\\server\\src\\server.js:2362:1092)\n    at l8n (c:\\Users\\joaom\\.vscode\\extensions\\uqbar.wollok-lsp-ide-0.5.2\\out\\server\\src\\server.js:2362:1248)\n    at c:\\Users\\joaom\\.vscode\\extensions\\uqbar.wollok-lsp-ide-0.5.2\\out\\server\\src\\server.js:38:6131\n    at C2 (c:\\Users\\joaom\\.vscode\\extensions\\uqbar.wollok-lsp-ide-0.5.2\\out\\server\\src\\server.js:2362:42)\n    at c:\\Users\\joaom\\.vscode\\extensions\\uqbar.wollok-lsp-ide-0.5.2\\out\\server\\src\\server.js:2362:2988\n    at c:\\Users\\joaom\\.vscode\\extensions\\uqbar.wollok-lsp-ide-0.5.2\\out\\server\\src\\server.js:2371:8440\n    at c:\\Users\\joaom\\.vscode\\extensions\\uqbar.wollok-lsp-ide-0.5.2\\out\\server\\src\\server.js:37:74872\n    at Ye (c:\\Users\\joaom\\.vscode\\extensions\\uqbar.wollok-lsp-ide-0.5.2\\out\\server\\src\\server.js:7:8527)","timestamp":"2025-07-05T22:51:43.169Z"}
{"level":"info","message":"⌛ Validating mago.wlk","timeElapsed":110,"timestamp":"2025-07-05T22:51:43.280Z"}
{"level":"info","message":"⌛ Building environment","timeElapsed":107,"timestamp":"2025-07-05T22:51:43.386Z"}
{"level":"info","message":"⌛ Building environment","timeElapsed":102,"timestamp":"2025-07-05T22:51:43.488Z"}
{"level":"info","message":"⌛ Validating mago.wlk","timeElapsed":129,"timestamp":"2025-07-05T22:51:43.617Z"}
{"level":"info","message":"⌛ Validating mago.wlk","timeElapsed":114,"timestamp":"2025-07-05T22:51:43.902Z"}
{"level":"info","message":"⌛ Validating mago.wlk","timeElapsed":113,"timestamp":"2025-07-05T22:51:44.208Z"}
{"level":"info","message":"⌛ Validating mago.wlk","timeElapsed":112,"timestamp":"2025-07-05T22:51:44.400Z"}
{"level":"info","message":"⌛ Validating mago.wlk","timeElapsed":104,"timestamp":"2025-07-05T22:51:44.505Z"}
{"level":"info","message":"⌛ Validating mago.wlk","timeElapsed":113,"timestamp":"2025-07-05T22:51:44.626Z"}
{"level":"info","message":"⌛ Validating mago.wlk","timeElapsed":124,"timestamp":"2025-07-05T22:51:44.759Z"}
{"level":"info","message":"⌛ Validating mago.wlk","timeElapsed":117,"timestamp":"2025-07-05T22:51:44.882Z"}
{"level":"info","message":"⌛ Validating mago.wlk","timeElapsed":106,"timestamp":"2025-07-05T22:51:44.993Z"}
{"level":"info","message":"⌛ Validating mago.wlk","timeElapsed":111,"timestamp":"2025-07-05T22:51:45.105Z"}
{"level":"info","message":"⌛ Validating mago.wlk","timeElapsed":109,"timestamp":"2025-07-05T22:51:45.218Z"}
{"level":"info","message":"⌛ Validating mago.wlk","timeElapsed":115,"timestamp":"2025-07-05T22:51:49.683Z"}
{"level":"info","message":"⌛ Validating mago.wlk","timeElapsed":114,"timestamp":"2025-07-05T22:51:50.122Z"}
{"exitCode":"SIGHUP","level":"info","message":"👾 Game executed main.ArcaneBastion on c:\\Users\\joaom\\Documents\\asd-main","timeElapsed":201449,"timestamp":"2025-07-05T22:52:12.748Z"}
{"level":"info","message":"🚀 Program executed \u001b[3m\u001b[34mmain.ArcaneBastion\u001b[39m\u001b[23m on \u001b[3m\u001b[34mc:\\Users\\joaom\\Documents\\asd-main\u001b[39m\u001b[23m","ok":true,"timeElapsed":653,"timestamp":"2025-07-05T22:52:15.383Z"}
{"errors":{"errors":[null,["/*\r","que podria hacer para que cuando se apriete 1 el mago cambie \r","su tipo de magia a tipoHielo: y dispare y asi con los demas\r"]]},"level":"error","message":"✘ Failed to get type description: Error: {\n  \"errors\": [\n    null,\n    [\n      \"/*\\r\",\n      \"que podria hacer para que cuando se apriete 1 el mago cambie \\r\",\n      \"su tipo de magia a tipoHielo: y dispare y asi con los demas\\r\"\n    ]\n  ]\n} {\n  \"errors\": [\n    null,\n    [\n      \"/*\\r\",\n      \"que podria hacer para que cuando se apriete 1 el mago cambie \\r\",\n      \"su tipo de magia a tipoHielo: y dispare y asi con los demas\\r\"\n    ]\n  ]\n}","stack":"Error: {\n  \"errors\": [\n    null,\n    [\n      \"/*\\r\",\n      \"que podria hacer para que cuando se apriete 1 el mago cambie \\r\",\n      \"su tipo de magia a tipoHielo: y dispare y asi con los demas\\r\"\n    ]\n  ]\n}\n    at pS (c:\\Users\\joaom\\.vscode\\extensions\\uqbar.wollok-lsp-ide-0.5.2\\out\\server\\src\\server.js:64:34609)\n    at G1 (c:\\Users\\joaom\\.vscode\\extensions\\uqbar.wollok-lsp-ide-0.5.2\\out\\server\\src\\server.js:64:34682)\n    at c:\\Users\\joaom\\.vscode\\extensions\\uqbar.wollok-lsp-ide-0.5.2\\out\\server\\src\\server.js:64:37949\n    at o.v1 (c:\\Users\\joaom\\.vscode\\extensions\\uqbar.wollok-lsp-ide-0.5.2\\out\\server\\src\\server.js:57:57694)\n    at c:\\Users\\joaom\\.vscode\\extensions\\uqbar.wollok-lsp-ide-0.5.2\\out\\server\\src\\server.js:64:37918\n    at c:\\Users\\joaom\\.vscode\\extensions\\uqbar.wollok-lsp-ide-0.5.2\\out\\server\\src\\server.js:57:55734\n    at Ofn (c:\\Users\\joaom\\.vscode\\extensions\\uqbar.wollok-lsp-ide-0.5.2\\out\\server\\src\\server.js:68:11324)\n    at c:\\Users\\joaom\\.vscode\\extensions\\uqbar.wollok-lsp-ide-0.5.2\\out\\server\\src\\server.js:68:3629\n    at Array.map (<anonymous>)\n    at c:\\Users\\joaom\\.vscode\\extensions\\uqbar.wollok-lsp-ide-0.5.2\\out\\server\\src\\server.js:68:4693","timestamp":"2025-07-05T22:52:45.597Z"}
{"errors":{"errors":[null,["/*\r","que podria hacer para que cuando se apriete 1 el mago cambie \r","su tipo de magia a tipoHielo: y dispare y asi con los demas\r"]]},"level":"error","message":"✘ Failed to get type description: Error: {\n  \"errors\": [\n    null,\n    [\n      \"/*\\r\",\n      \"que podria hacer para que cuando se apriete 1 el mago cambie \\r\",\n      \"su tipo de magia a tipoHielo: y dispare y asi con los demas\\r\"\n    ]\n  ]\n} {\n  \"errors\": [\n    null,\n    [\n      \"/*\\r\",\n      \"que podria hacer para que cuando se apriete 1 el mago cambie \\r\",\n      \"su tipo de magia a tipoHielo: y dispare y asi con los demas\\r\"\n    ]\n  ]\n}","stack":"Error: {\n  \"errors\": [\n    null,\n    [\n      \"/*\\r\",\n      \"que podria hacer para que cuando se apriete 1 el mago cambie \\r\",\n      \"su tipo de magia a tipoHielo: y dispare y asi con los demas\\r\"\n    ]\n  ]\n}\n    at pS (c:\\Users\\joaom\\.vscode\\extensions\\uqbar.wollok-lsp-ide-0.5.2\\out\\server\\src\\server.js:64:34609)\n    at G1 (c:\\Users\\joaom\\.vscode\\extensions\\uqbar.wollok-lsp-ide-0.5.2\\out\\server\\src\\server.js:64:34682)\n    at c:\\Users\\joaom\\.vscode\\extensions\\uqbar.wollok-lsp-ide-0.5.2\\out\\server\\src\\server.js:64:37949\n    at o.v1 (c:\\Users\\joaom\\.vscode\\extensions\\uqbar.wollok-lsp-ide-0.5.2\\out\\server\\src\\server.js:57:57694)\n    at c:\\Users\\joaom\\.vscode\\extensions\\uqbar.wollok-lsp-ide-0.5.2\\out\\server\\src\\server.js:64:37918\n    at c:\\Users\\joaom\\.vscode\\extensions\\uqbar.wollok-lsp-ide-0.5.2\\out\\server\\src\\server.js:57:55734\n    at Ofn (c:\\Users\\joaom\\.vscode\\extensions\\uqbar.wollok-lsp-ide-0.5.2\\out\\server\\src\\server.js:68:11324)\n    at c:\\Users\\joaom\\.vscode\\extensions\\uqbar.wollok-lsp-ide-0.5.2\\out\\server\\src\\server.js:68:3629\n    at Array.map (<anonymous>)\n    at c:\\Users\\joaom\\.vscode\\extensions\\uqbar.wollok-lsp-ide-0.5.2\\out\\server\\src\\server.js:68:4693","timestamp":"2025-07-05T22:52:57.255Z"}
{"errors":{"errors":[null,["/*\r","Hace que colisionen con el pixel actual o el siguiente.\r","ya que parece que como el dragon va restando y el hechizo sumando en el eje x\r","estos se omiten\r"]]},"level":"error","message":"✘ Failed to get type description: Error: {\n  \"errors\": [\n    null,\n    [\n      \"/*\\r\",\n      \"Hace que colisionen con el pixel actual o el siguiente.\\r\",\n      \"ya que parece que como el dragon va restando y el hechizo sumando en el eje x\\r\",\n      \"estos se omiten\\r\"\n    ]\n  ]\n} {\n  \"errors\": [\n    null,\n    [\n      \"/*\\r\",\n      \"Hace que colisionen con el pixel actual o el siguiente.\\r\",\n      \"ya que parece que como el dragon va restando y el hechizo sumando en el eje x\\r\",\n      \"estos se omiten\\r\"\n    ]\n  ]\n}","stack":"Error: {\n  \"errors\": [\n    null,\n    [\n      \"/*\\r\",\n      \"Hace que colisionen con el pixel actual o el siguiente.\\r\",\n      \"ya que parece que como el dragon va restando y el hechizo sumando en el eje x\\r\",\n      \"estos se omiten\\r\"\n    ]\n  ]\n}\n    at pS (c:\\Users\\joaom\\.vscode\\extensions\\uqbar.wollok-lsp-ide-0.5.2\\out\\server\\src\\server.js:64:34609)\n    at G1 (c:\\Users\\joaom\\.vscode\\extensions\\uqbar.wollok-lsp-ide-0.5.2\\out\\server\\src\\server.js:64:34682)\n    at c:\\Users\\joaom\\.vscode\\extensions\\uqbar.wollok-lsp-ide-0.5.2\\out\\server\\src\\server.js:64:37949\n    at o.v1 (c:\\Users\\joaom\\.vscode\\extensions\\uqbar.wollok-lsp-ide-0.5.2\\out\\server\\src\\server.js:57:57694)\n    at c:\\Users\\joaom\\.vscode\\extensions\\uqbar.wollok-lsp-ide-0.5.2\\out\\server\\src\\server.js:64:37918\n    at c:\\Users\\joaom\\.vscode\\extensions\\uqbar.wollok-lsp-ide-0.5.2\\out\\server\\src\\server.js:57:55734\n    at Ofn (c:\\Users\\joaom\\.vscode\\extensions\\uqbar.wollok-lsp-ide-0.5.2\\out\\server\\src\\server.js:68:11324)\n    at c:\\Users\\joaom\\.vscode\\extensions\\uqbar.wollok-lsp-ide-0.5.2\\out\\server\\src\\server.js:68:3629\n    at jbn (c:\\Users\\joaom\\.vscode\\extensions\\uqbar.wollok-lsp-ide-0.5.2\\out\\server\\src\\server.js:68:3396)\n    at c:\\Users\\joaom\\.vscode\\extensions\\uqbar.wollok-lsp-ide-0.5.2\\out\\server\\src\\server.js:2371:847","timestamp":"2025-07-05T22:53:08.996Z"}
{"level":"info","message":"⌛ Building environment","timeElapsed":141,"timestamp":"2025-07-05T22:53:14.943Z"}
{"level":"info","message":"⌛ Validating administradorDeHechizos.wlk","timeElapsed":174,"timestamp":"2025-07-05T22:53:15.119Z"}
{"level":"info","message":"⌛ Building environment","timeElapsed":131,"timestamp":"2025-07-05T22:53:16.337Z"}
{"level":"info","message":"⌛ Validating administradorDeHechizos.wlk","timeElapsed":123,"timestamp":"2025-07-05T22:53:16.462Z"}
{"level":"info","message":"⌛ Building environment","timeElapsed":151,"timestamp":"2025-07-05T22:53:25.880Z"}
{"level":"info","message":"⌛ Building environment","timeElapsed":141,"timestamp":"2025-07-05T22:53:26.094Z"}
{"level":"info","message":"⌛ Validating mago.wlk","timeElapsed":176,"timestamp":"2025-07-05T22:53:26.272Z"}
{"level":"info","message":"⌛ Validating mago.wlk","timeElapsed":189,"timestamp":"2025-07-05T22:53:26.561Z"}
{"level":"info","message":"⌛ Building environment","timeElapsed":112,"timestamp":"2025-07-05T22:53:26.677Z"}
{"level":"info","message":"⌛ Building environment","timeElapsed":103,"timestamp":"2025-07-05T22:53:26.781Z"}
{"level":"info","message":"⌛ Validating mago.wlk","timeElapsed":124,"timestamp":"2025-07-05T22:53:26.906Z"}
{"level":"info","message":"⌛ Building environment","timeElapsed":108,"timestamp":"2025-07-05T22:53:27.014Z"}
{"level":"info","message":"⌛ Validating mago.wlk","timeElapsed":130,"timestamp":"2025-07-05T22:53:27.249Z"}
{"level":"info","message":"⌛ Validating mago.wlk","timeElapsed":135,"timestamp":"2025-07-05T22:53:27.384Z"}
{"level":"info","message":"⌛ Validating mago.wlk","timeElapsed":137,"timestamp":"2025-07-05T22:53:27.618Z"}
{"level":"info","message":"⌛ Validating mago.wlk","timeElapsed":132,"timestamp":"2025-07-05T22:53:27.749Z"}
{"level":"info","message":"⌛ Validating mago.wlk","timeElapsed":145,"timestamp":"2025-07-05T22:53:27.915Z"}
{"level":"info","message":"⌛ Validating mago.wlk","timeElapsed":123,"timestamp":"2025-07-05T22:53:28.131Z"}
{"exitCode":"SIGHUP","level":"info","message":"👾 Game executed main.ArcaneBastion on c:\\Users\\joaom\\Documents\\asd-main","timeElapsed":80418,"timestamp":"2025-07-05T22:53:35.146Z"}
{"level":"info","message":"🚀 Program executed \u001b[3m\u001b[34mmain.ArcaneBastion\u001b[39m\u001b[23m on \u001b[3m\u001b[34mc:\\Users\\joaom\\Documents\\asd-main\u001b[39m\u001b[23m","ok":true,"timeElapsed":611,"timestamp":"2025-07-05T22:53:37.563Z"}
{"level":"info","message":"⌛ Building environment","timeElapsed":152,"timestamp":"2025-07-05T22:54:41.335Z"}
{"level":"info","message":"⌛ Validating administradorDeOleadas.wlk","timeElapsed":124,"timestamp":"2025-07-05T22:54:41.466Z"}
{"errors":{"errors":[null,["/*\r","Hace que colisionen con el pixel actual o el siguiente.\r","ya que parece que como el dragon va restando y el hechizo sumando en el eje x\r","estos se omiten\r"]]},"level":"error","message":"✘ Failed to get type description: Error: {\n  \"errors\": [\n    null,\n    [\n      \"/*\\r\",\n      \"Hace que colisionen con el pixel actual o el siguiente.\\r\",\n      \"ya que parece que como el dragon va restando y el hechizo sumando en el eje x\\r\",\n      \"estos se omiten\\r\"\n    ]\n  ]\n} {\n  \"errors\": [\n    null,\n    [\n      \"/*\\r\",\n      \"Hace que colisionen con el pixel actual o el siguiente.\\r\",\n      \"ya que parece que como el dragon va restando y el hechizo sumando en el eje x\\r\",\n      \"estos se omiten\\r\"\n    ]\n  ]\n}","stack":"Error: {\n  \"errors\": [\n    null,\n    [\n      \"/*\\r\",\n      \"Hace que colisionen con el pixel actual o el siguiente.\\r\",\n      \"ya que parece que como el dragon va restando y el hechizo sumando en el eje x\\r\",\n      \"estos se omiten\\r\"\n    ]\n  ]\n}\n    at pS (c:\\Users\\joaom\\.vscode\\extensions\\uqbar.wollok-lsp-ide-0.5.2\\out\\server\\src\\server.js:64:34609)\n    at G1 (c:\\Users\\joaom\\.vscode\\extensions\\uqbar.wollok-lsp-ide-0.5.2\\out\\server\\src\\server.js:64:34682)\n    at c:\\Users\\joaom\\.vscode\\extensions\\uqbar.wollok-lsp-ide-0.5.2\\out\\server\\src\\server.js:64:37949\n    at o.v1 (c:\\Users\\joaom\\.vscode\\extensions\\uqbar.wollok-lsp-ide-0.5.2\\out\\server\\src\\server.js:57:57694)\n    at c:\\Users\\joaom\\.vscode\\extensions\\uqbar.wollok-lsp-ide-0.5.2\\out\\server\\src\\server.js:64:37918\n    at c:\\Users\\joaom\\.vscode\\extensions\\uqbar.wollok-lsp-ide-0.5.2\\out\\server\\src\\server.js:57:55734\n    at Ofn (c:\\Users\\joaom\\.vscode\\extensions\\uqbar.wollok-lsp-ide-0.5.2\\out\\server\\src\\server.js:68:11324)\n    at c:\\Users\\joaom\\.vscode\\extensions\\uqbar.wollok-lsp-ide-0.5.2\\out\\server\\src\\server.js:68:3629\n    at jbn (c:\\Users\\joaom\\.vscode\\extensions\\uqbar.wollok-lsp-ide-0.5.2\\out\\server\\src\\server.js:68:3396)\n    at c:\\Users\\joaom\\.vscode\\extensions\\uqbar.wollok-lsp-ide-0.5.2\\out\\server\\src\\server.js:2371:847","timestamp":"2025-07-05T22:54:46.609Z"}
{"level":"info","message":"⌛ Building environment","timeElapsed":270,"timestamp":"2025-07-05T22:54:52.726Z"}
{"level":"info","message":"⌛ Validating enemigos.wlk","timeElapsed":515,"timestamp":"2025-07-05T22:54:53.284Z"}
{"level":"info","message":"⌛ Validating adminProyectiles.wlk","timeElapsed":243,"timestamp":"2025-07-05T22:54:53.623Z"}
{"errors":{"errors":[null,["/*\r","que podria hacer para que cuando se apriete 1 el mago cambie \r","su tipo de magia a tipoHielo: y dispare y asi con los demas\r"]]},"level":"error","message":"✘ Failed to get type description: Error: {\n  \"errors\": [\n    null,\n    [\n      \"/*\\r\",\n      \"que podria hacer para que cuando se apriete 1 el mago cambie \\r\",\n      \"su tipo de magia a tipoHielo: y dispare y asi con los demas\\r\"\n    ]\n  ]\n} {\n  \"errors\": [\n    null,\n    [\n      \"/*\\r\",\n      \"que podria hacer para que cuando se apriete 1 el mago cambie \\r\",\n      \"su tipo de magia a tipoHielo: y dispare y asi con los demas\\r\"\n    ]\n  ]\n}","stack":"Error: {\n  \"errors\": [\n    null,\n    [\n      \"/*\\r\",\n      \"que podria hacer para que cuando se apriete 1 el mago cambie \\r\",\n      \"su tipo de magia a tipoHielo: y dispare y asi con los demas\\r\"\n    ]\n  ]\n}\n    at pS (c:\\Users\\joaom\\.vscode\\extensions\\uqbar.wollok-lsp-ide-0.5.2\\out\\server\\src\\server.js:64:34609)\n    at G1 (c:\\Users\\joaom\\.vscode\\extensions\\uqbar.wollok-lsp-ide-0.5.2\\out\\server\\src\\server.js:64:34682)\n    at c:\\Users\\joaom\\.vscode\\extensions\\uqbar.wollok-lsp-ide-0.5.2\\out\\server\\src\\server.js:64:37949\n    at o.v1 (c:\\Users\\joaom\\.vscode\\extensions\\uqbar.wollok-lsp-ide-0.5.2\\out\\server\\src\\server.js:57:57694)\n    at c:\\Users\\joaom\\.vscode\\extensions\\uqbar.wollok-lsp-ide-0.5.2\\out\\server\\src\\server.js:64:37918\n    at c:\\Users\\joaom\\.vscode\\extensions\\uqbar.wollok-lsp-ide-0.5.2\\out\\server\\src\\server.js:57:55734\n    at Ofn (c:\\Users\\joaom\\.vscode\\extensions\\uqbar.wollok-lsp-ide-0.5.2\\out\\server\\src\\server.js:68:11324)\n    at c:\\Users\\joaom\\.vscode\\extensions\\uqbar.wollok-lsp-ide-0.5.2\\out\\server\\src\\server.js:68:3629\n    at Array.map (<anonymous>)\n    at c:\\Users\\joaom\\.vscode\\extensions\\uqbar.wollok-lsp-ide-0.5.2\\out\\server\\src\\server.js:68:4693","timestamp":"2025-07-05T22:55:01.892Z"}
{"level":"info","message":"⌛ Building environment","timeElapsed":117,"timestamp":"2025-07-05T22:55:04.545Z"}
{"level":"info","message":"⌛ Validating main.wpgm","timeElapsed":116,"timestamp":"2025-07-05T22:55:04.669Z"}
{"level":"info","message":"⌛ Building environment","timeElapsed":163,"timestamp":"2025-07-05T22:55:11.911Z"}
{"level":"info","message":"⌛ Validating arcaneBastion.wtest","timeElapsed":198,"timestamp":"2025-07-05T22:55:12.110Z"}
{"level":"info","message":"⌛ Building environment","timeElapsed":101,"timestamp":"2025-07-05T22:55:12.211Z"}
{"level":"info","message":"⌛ Validating arcaneBastion.wtest","timeElapsed":143,"timestamp":"2025-07-05T22:55:12.368Z"}
{"level":"info","message":"⌛ Validating arcaneBastion.wtest","timeElapsed":179,"timestamp":"2025-07-05T22:55:13.163Z"}
{"level":"info","message":"⌛ Building environment","timeElapsed":101,"timestamp":"2025-07-05T22:55:13.442Z"}
{"level":"info","message":"⌛ Validating arcaneBastion.wtest","timeElapsed":176,"timestamp":"2025-07-05T22:55:13.634Z"}
{"level":"info","message":"⌛ Building environment","timeElapsed":101,"timestamp":"2025-07-05T22:55:17.113Z"}
{"level":"info","message":"⌛ Validating arcaneBastion.wtest","timeElapsed":153,"timestamp":"2025-07-05T22:55:17.267Z"}
{"level":"info","message":"⌛ Validating arcaneBastion.wtest","timeElapsed":151,"timestamp":"2025-07-05T22:55:17.509Z"}
{"level":"info","message":"⌛ Validating arcaneBastion.wtest","timeElapsed":154,"timestamp":"2025-07-05T22:55:17.872Z"}
{"level":"info","message":"⌛ Building environment","timeElapsed":360,"timestamp":"2025-07-05T22:55:18.233Z"}
{"level":"info","message":"⌛ Building environment","timeElapsed":107,"timestamp":"2025-07-05T22:55:18.341Z"}
{"level":"info","message":"⌛ Building environment","timeElapsed":114,"timestamp":"2025-07-05T22:55:18.456Z"}
{"level":"info","message":"⌛ Validating arcaneBastion.wtest","timeElapsed":174,"timestamp":"2025-07-05T22:55:18.742Z"}
{"level":"info","message":"⌛ Validating arcaneBastion.wtest","timeElapsed":160,"timestamp":"2025-07-05T22:55:18.996Z"}
{"level":"info","message":"⌛ Validating arcaneBastion.wtest","timeElapsed":142,"timestamp":"2025-07-05T22:55:19.138Z"}
{"level":"info","message":"⌛ Building environment","timeElapsed":121,"timestamp":"2025-07-05T22:55:19.356Z"}
{"level":"info","message":"⌛ Validating arcaneBastion.wtest","timeElapsed":144,"timestamp":"2025-07-05T22:55:19.529Z"}
{"level":"info","message":"⌛ Building environment","timeElapsed":115,"timestamp":"2025-07-05T22:55:19.753Z"}
{"level":"info","message":"⌛ Validating arcaneBastion.wtest","timeElapsed":161,"timestamp":"2025-07-05T22:55:19.938Z"}
{"level":"info","message":"⌛ Validating arcaneBastion.wtest","timeElapsed":165,"timestamp":"2025-07-05T22:55:20.295Z"}
{"level":"info","message":"⌛ Validating arcaneBastion.wtest","timeElapsed":157,"timestamp":"2025-07-05T22:55:20.550Z"}
{"level":"info","message":"⌛ Validating arcaneBastion.wtest","timeElapsed":150,"timestamp":"2025-07-05T22:55:20.899Z"}
{"level":"info","message":"⌛ Validating arcaneBastion.wtest","timeElapsed":143,"timestamp":"2025-07-05T22:55:21.136Z"}
{"level":"info","message":"⌛ Validating arcaneBastion.wtest","timeElapsed":168,"timestamp":"2025-07-05T22:55:21.504Z"}
{"level":"info","message":"⌛ Validating arcaneBastion.wtest","timeElapsed":152,"timestamp":"2025-07-05T22:55:21.657Z"}
{"level":"info","message":"⌛ Validating arcaneBastion.wtest","timeElapsed":149,"timestamp":"2025-07-05T22:55:22.097Z"}
{"level":"info","message":"⌛ Building environment","timeElapsed":185,"timestamp":"2025-07-05T22:55:22.283Z"}
{"level":"info","message":"⌛ Validating arcaneBastion.wtest","timeElapsed":136,"timestamp":"2025-07-05T22:55:22.608Z"}
{"level":"info","message":"⌛ Validating arcaneBastion.wtest","timeElapsed":131,"timestamp":"2025-07-05T22:55:22.739Z"}
{"level":"info","message":"⌛ Validating arcaneBastion.wtest","timeElapsed":123,"timestamp":"2025-07-05T22:55:22.949Z"}
{"level":"info","message":"⌛ Building environment","timeElapsed":148,"timestamp":"2025-07-05T22:55:23.098Z"}
{"level":"info","message":"⌛ Validating arcaneBastion.wtest","timeElapsed":126,"timestamp":"2025-07-05T22:55:23.394Z"}
{"level":"info","message":"⌛ Validating arcaneBastion.wtest","timeElapsed":111,"timestamp":"2025-07-05T22:55:23.504Z"}
{"level":"info","message":"⌛ Validating arcaneBastion.wtest","timeElapsed":112,"timestamp":"2025-07-05T22:55:24.019Z"}
{"level":"info","message":"⌛ Building environment","timeElapsed":123,"timestamp":"2025-07-05T22:55:24.142Z"}
{"level":"info","message":"⌛ Validating arcaneBastion.wtest","timeElapsed":107,"timestamp":"2025-07-05T22:55:24.265Z"}
{"level":"info","message":"⌛ Validating arcaneBastion.wtest","timeElapsed":125,"timestamp":"2025-07-05T22:55:24.390Z"}
{"level":"info","message":"⌛ Validating arcaneBastion.wtest","timeElapsed":117,"timestamp":"2025-07-05T22:55:24.666Z"}
{"level":"info","message":"⌛ Validating arcaneBastion.wtest","timeElapsed":122,"timestamp":"2025-07-05T22:55:24.860Z"}
{"level":"info","message":"⌛ Validating arcaneBastion.wtest","timeElapsed":121,"timestamp":"2025-07-05T22:55:24.981Z"}
{"level":"info","message":"⌛ Building environment","timeElapsed":159,"timestamp":"2025-07-05T22:55:25.145Z"}
{"level":"info","message":"⌛ Building environment","timeElapsed":138,"timestamp":"2025-07-05T22:55:25.311Z"}
{"level":"info","message":"⌛ Building environment","timeElapsed":439,"timestamp":"2025-07-05T22:55:25.774Z"}
{"level":"info","message":"⌛ Validating arcaneBastion.wtest","timeElapsed":150,"timestamp":"2025-07-05T22:55:25.925Z"}
{"level":"info","message":"⌛ Validating arcaneBastion.wtest","timeElapsed":127,"timestamp":"2025-07-05T22:55:26.201Z"}
{"level":"info","message":"⌛ Validating arcaneBastion.wtest","timeElapsed":113,"timestamp":"2025-07-05T22:55:26.389Z"}
{"level":"info","message":"⌛ Validating arcaneBastion.wtest","timeElapsed":125,"timestamp":"2025-07-05T22:55:26.514Z"}
{"level":"info","message":"⌛ Validating arcaneBastion.wtest","timeElapsed":186,"timestamp":"2025-07-05T22:55:27.047Z"}
{"level":"info","message":"⌛ Validating arcaneBastion.wtest","timeElapsed":105,"timestamp":"2025-07-05T22:55:27.153Z"}
{"level":"info","message":"⌛ Validating arcaneBastion.wtest","timeElapsed":119,"timestamp":"2025-07-05T22:55:27.352Z"}
{"level":"info","message":"⌛ Validating arcaneBastion.wtest","timeElapsed":120,"timestamp":"2025-07-05T22:55:27.549Z"}
{"level":"info","message":"⌛ Validating arcaneBastion.wtest","timeElapsed":128,"timestamp":"2025-07-05T22:55:27.677Z"}
{"level":"info","message":"⌛ Validating arcaneBastion.wtest","timeElapsed":118,"timestamp":"2025-07-05T22:55:27.869Z"}
{"level":"info","message":"⌛ Validating arcaneBastion.wtest","timeElapsed":119,"timestamp":"2025-07-05T22:55:28.080Z"}
{"level":"info","message":"⌛ Validating arcaneBastion.wtest","timeElapsed":108,"timestamp":"2025-07-05T22:55:28.258Z"}
{"level":"info","message":"⌛ Validating arcaneBastion.wtest","timeElapsed":112,"timestamp":"2025-07-05T22:55:28.442Z"}
{"level":"info","message":"⌛ Validating arcaneBastion.wtest","timeElapsed":113,"timestamp":"2025-07-05T22:55:28.853Z"}
{"level":"info","message":"⌛ Building environment","timeElapsed":198,"timestamp":"2025-07-05T22:55:29.052Z"}
{"level":"info","message":"⌛ Validating arcaneBastion.wtest","timeElapsed":163,"timestamp":"2025-07-05T22:55:29.232Z"}
{"level":"info","message":"⌛ Validating arcaneBastion.wtest","timeElapsed":118,"timestamp":"2025-07-05T22:55:29.695Z"}
{"level":"info","message":"⌛ Validating arcaneBastion.wtest","timeElapsed":117,"timestamp":"2025-07-05T22:55:30.073Z"}
{"level":"info","message":"⌛ Validating arcaneBastion.wtest","timeElapsed":112,"timestamp":"2025-07-05T22:55:30.185Z"}
{"level":"info","message":"⌛ Validating arcaneBastion.wtest","timeElapsed":118,"timestamp":"2025-07-05T22:55:30.502Z"}
{"level":"info","message":"⌛ Building environment","timeElapsed":101,"timestamp":"2025-07-05T22:55:30.604Z"}
{"level":"info","message":"⌛ Validating arcaneBastion.wtest","timeElapsed":107,"timestamp":"2025-07-05T22:55:30.802Z"}
{"level":"info","message":"⌛ Validating arcaneBastion.wtest","timeElapsed":117,"timestamp":"2025-07-05T22:55:31.070Z"}
{"level":"info","message":"⌛ Validating arcaneBastion.wtest","timeElapsed":106,"timestamp":"2025-07-05T22:55:31.177Z"}
{"level":"info","message":"⌛ Validating arcaneBastion.wtest","timeElapsed":110,"timestamp":"2025-07-05T22:55:31.359Z"}
{"level":"info","message":"⌛ Validating arcaneBastion.wtest","timeElapsed":110,"timestamp":"2025-07-05T22:55:31.545Z"}
{"level":"info","message":"⌛ Validating arcaneBastion.wtest","timeElapsed":110,"timestamp":"2025-07-05T22:55:31.656Z"}
{"level":"info","message":"⌛ Validating arcaneBastion.wtest","timeElapsed":104,"timestamp":"2025-07-05T22:55:31.785Z"}
{"level":"info","message":"⌛ Validating arcaneBastion.wtest","timeElapsed":108,"timestamp":"2025-07-05T22:55:31.893Z"}
{"level":"info","message":"⌛ Validating arcaneBastion.wtest","timeElapsed":107,"timestamp":"2025-07-05T22:55:32.000Z"}
{"level":"info","message":"⌛ Validating arcaneBastion.wtest","timeElapsed":111,"timestamp":"2025-07-05T22:55:32.111Z"}
{"level":"info","message":"⌛ Validating arcaneBastion.wtest","timeElapsed":122,"timestamp":"2025-07-05T22:55:32.233Z"}
{"level":"info","message":"⌛ Validating arcaneBastion.wtest","timeElapsed":139,"timestamp":"2025-07-05T22:55:32.372Z"}
{"level":"info","message":"⌛ Validating arcaneBastion.wtest","timeElapsed":133,"timestamp":"2025-07-05T22:55:32.513Z"}
{"level":"info","message":"⌛ Validating arcaneBastion.wtest","timeElapsed":105,"timestamp":"2025-07-05T22:55:32.620Z"}
{"level":"info","message":"⌛ Validating arcaneBastion.wtest","timeElapsed":117,"timestamp":"2025-07-05T22:55:32.738Z"}
{"level":"info","message":"⌛ Validating arcaneBastion.wtest","timeElapsed":129,"timestamp":"2025-07-05T22:55:32.867Z"}
{"level":"info","message":"⌛ Validating arcaneBastion.wtest","timeElapsed":114,"timestamp":"2025-07-05T22:55:32.981Z"}
{"level":"info","message":"⌛ Validating arcaneBastion.wtest","timeElapsed":115,"timestamp":"2025-07-05T22:55:33.096Z"}
{"level":"info","message":"⌛ Validating arcaneBastion.wtest","timeElapsed":104,"timestamp":"2025-07-05T22:55:33.202Z"}
{"level":"info","message":"⌛ Validating arcaneBastion.wtest","timeElapsed":109,"timestamp":"2025-07-05T22:55:33.312Z"}
{"level":"info","message":"⌛ Validating arcaneBastion.wtest","timeElapsed":119,"timestamp":"2025-07-05T22:55:33.430Z"}
{"level":"info","message":"⌛ Validating arcaneBastion.wtest","timeElapsed":119,"timestamp":"2025-07-05T22:55:33.550Z"}
{"level":"info","message":"⌛ Validating arcaneBastion.wtest","timeElapsed":106,"timestamp":"2025-07-05T22:55:33.657Z"}
{"level":"info","message":"⌛ Validating arcaneBastion.wtest","timeElapsed":128,"timestamp":"2025-07-05T22:55:33.815Z"}
{"level":"info","message":"⌛ Validating arcaneBastion.wtest","timeElapsed":123,"timestamp":"2025-07-05T22:55:33.943Z"}
{"level":"info","message":"⌛ Validating arcaneBastion.wtest","timeElapsed":109,"timestamp":"2025-07-05T22:55:34.052Z"}
{"level":"info","message":"⌛ Validating arcaneBastion.wtest","timeElapsed":105,"timestamp":"2025-07-05T22:55:34.158Z"}
{"level":"info","message":"⌛ Validating arcaneBastion.wtest","timeElapsed":106,"timestamp":"2025-07-05T22:55:34.265Z"}
{"level":"info","message":"⌛ Validating arcaneBastion.wtest","timeElapsed":104,"timestamp":"2025-07-05T22:55:34.371Z"}
{"level":"info","message":"⌛ Validating arcaneBastion.wtest","timeElapsed":110,"timestamp":"2025-07-05T22:55:34.483Z"}
{"errors":{"errors":[null,["/*\r","que podria hacer para que cuando se apriete 1 el mago cambie \r","su tipo de magia a tipoHielo: y dispare y asi con los demas\r"]]},"level":"error","message":"✘ Failed to get type description: Error: {\n  \"errors\": [\n    null,\n    [\n      \"/*\\r\",\n      \"que podria hacer para que cuando se apriete 1 el mago cambie \\r\",\n      \"su tipo de magia a tipoHielo: y dispare y asi con los demas\\r\"\n    ]\n  ]\n} {\n  \"errors\": [\n    null,\n    [\n      \"/*\\r\",\n      \"que podria hacer para que cuando se apriete 1 el mago cambie \\r\",\n      \"su tipo de magia a tipoHielo: y dispare y asi con los demas\\r\"\n    ]\n  ]\n}","stack":"Error: {\n  \"errors\": [\n    null,\n    [\n      \"/*\\r\",\n      \"que podria hacer para que cuando se apriete 1 el mago cambie \\r\",\n      \"su tipo de magia a tipoHielo: y dispare y asi con los demas\\r\"\n    ]\n  ]\n}\n    at pS (c:\\Users\\joaom\\.vscode\\extensions\\uqbar.wollok-lsp-ide-0.5.2\\out\\server\\src\\server.js:64:34609)\n    at G1 (c:\\Users\\joaom\\.vscode\\extensions\\uqbar.wollok-lsp-ide-0.5.2\\out\\server\\src\\server.js:64:34682)\n    at c:\\Users\\joaom\\.vscode\\extensions\\uqbar.wollok-lsp-ide-0.5.2\\out\\server\\src\\server.js:64:37949\n    at o.v1 (c:\\Users\\joaom\\.vscode\\extensions\\uqbar.wollok-lsp-ide-0.5.2\\out\\server\\src\\server.js:57:57694)\n    at c:\\Users\\joaom\\.vscode\\extensions\\uqbar.wollok-lsp-ide-0.5.2\\out\\server\\src\\server.js:64:37918\n    at c:\\Users\\joaom\\.vscode\\extensions\\uqbar.wollok-lsp-ide-0.5.2\\out\\server\\src\\server.js:57:55734\n    at Ofn (c:\\Users\\joaom\\.vscode\\extensions\\uqbar.wollok-lsp-ide-0.5.2\\out\\server\\src\\server.js:68:11324)\n    at c:\\Users\\joaom\\.vscode\\extensions\\uqbar.wollok-lsp-ide-0.5.2\\out\\server\\src\\server.js:68:3629\n    at Array.map (<anonymous>)\n    at c:\\Users\\joaom\\.vscode\\extensions\\uqbar.wollok-lsp-ide-0.5.2\\out\\server\\src\\server.js:68:4693","timestamp":"2025-07-05T22:55:39.070Z"}
{"level":"info","message":"⌛ Building environment","timeElapsed":174,"timestamp":"2025-07-05T22:55:59.088Z"}
{"level":"info","message":"⌛ Validating arcaneBastion.wtest","timeElapsed":146,"timestamp":"2025-07-05T22:55:59.235Z"}
{"level":"info","message":"⌛ Building environment","timeElapsed":105,"timestamp":"2025-07-05T22:55:59.340Z"}
{"level":"info","message":"⌛ Validating arcaneBastion.wtest","timeElapsed":125,"timestamp":"2025-07-05T22:55:59.467Z"}
{"level":"info","message":"⌛ Validating arcaneBastion.wtest","timeElapsed":154,"timestamp":"2025-07-05T22:55:59.779Z"}
{"level":"info","message":"⌛ Validating arcaneBastion.wtest","timeElapsed":125,"timestamp":"2025-07-05T22:55:59.909Z"}
{"level":"info","message":"⌛ Validating arcaneBastion.wtest","timeElapsed":122,"timestamp":"2025-07-05T22:56:00.344Z"}
{"level":"info","message":"⌛ Building environment","timeElapsed":138,"timestamp":"2025-07-05T22:56:00.482Z"}
{"level":"info","message":"⌛ Validating arcaneBastion.wtest","timeElapsed":129,"timestamp":"2025-07-05T22:56:00.730Z"}
{"level":"info","message":"⌛ Validating arcaneBastion.wtest","timeElapsed":122,"timestamp":"2025-07-05T22:56:00.852Z"}
{"level":"info","message":"⌛ Validating arcaneBastion.wtest","timeElapsed":129,"timestamp":"2025-07-05T22:56:01.052Z"}
{"level":"info","message":"⌛ Validating arcaneBastion.wtest","timeElapsed":109,"timestamp":"2025-07-05T22:56:01.167Z"}
{"level":"info","message":"⌛ Validating arcaneBastion.wtest","timeElapsed":126,"timestamp":"2025-07-05T22:56:01.466Z"}
{"level":"info","message":"⌛ Validating arcaneBastion.wtest","timeElapsed":109,"timestamp":"2025-07-05T22:56:01.748Z"}
{"level":"info","message":"⌛ Validating arcaneBastion.wtest","timeElapsed":110,"timestamp":"2025-07-05T22:56:01.858Z"}
{"level":"info","message":"⌛ Validating arcaneBastion.wtest","timeElapsed":114,"timestamp":"2025-07-05T22:56:02.095Z"}
{"level":"info","message":"⌛ Validating arcaneBastion.wtest","timeElapsed":112,"timestamp":"2025-07-05T22:56:02.315Z"}
{"level":"info","message":"⌛ Validating arcaneBastion.wtest","timeElapsed":113,"timestamp":"2025-07-05T22:56:02.589Z"}
{"level":"info","message":"⌛ Building environment","timeElapsed":113,"timestamp":"2025-07-05T22:56:02.703Z"}
{"level":"info","message":"⌛ Validating arcaneBastion.wtest","timeElapsed":105,"timestamp":"2025-07-05T22:56:02.901Z"}
{"level":"info","message":"⌛ Validating arcaneBastion.wtest","timeElapsed":122,"timestamp":"2025-07-05T22:56:03.198Z"}
{"level":"info","message":"⌛ Validating arcaneBastion.wtest","timeElapsed":157,"timestamp":"2025-07-05T22:56:03.358Z"}
{"level":"info","message":"⌛ Validating arcaneBastion.wtest","timeElapsed":117,"timestamp":"2025-07-05T22:56:03.657Z"}
{"level":"info","message":"⌛ Validating arcaneBastion.wtest","timeElapsed":109,"timestamp":"2025-07-05T22:56:03.840Z"}
{"level":"info","message":"⌛ Validating arcaneBastion.wtest","timeElapsed":119,"timestamp":"2025-07-05T22:56:03.959Z"}
{"level":"info","message":"⌛ Validating arcaneBastion.wtest","timeElapsed":113,"timestamp":"2025-07-05T22:56:04.079Z"}
{"level":"info","message":"⌛ Validating arcaneBastion.wtest","timeElapsed":106,"timestamp":"2025-07-05T22:56:04.260Z"}
{"level":"info","message":"⌛ Validating arcaneBastion.wtest","timeElapsed":112,"timestamp":"2025-07-05T22:56:04.373Z"}
{"level":"info","message":"⌛ Validating arcaneBastion.wtest","timeElapsed":112,"timestamp":"2025-07-05T22:56:04.487Z"}
{"level":"info","message":"⌛ Validating arcaneBastion.wtest","timeElapsed":118,"timestamp":"2025-07-05T22:56:04.675Z"}
{"level":"info","message":"⌛ Validating arcaneBastion.wtest","timeElapsed":107,"timestamp":"2025-07-05T22:56:04.788Z"}
{"level":"error","message":"✘ Completions for node NamedArgument ([5:48, 5:60] - arcaneBastion.wtest) failed: Error: [NamedArgument]{06581b} at arcaneBastion.wtest:5 exhausted all cases without a match [NamedArgument]{06581b} at arcaneBastion.wtest:5 exhausted all cases without a match","stack":"Error: [NamedArgument]{06581b} at arcaneBastion.wtest:5 exhausted all cases without a match\n    at c:\\Users\\joaom\\.vscode\\extensions\\uqbar.wollok-lsp-ide-0.5.2\\out\\server\\src\\server.js:38:6142\n    at C2 (c:\\Users\\joaom\\.vscode\\extensions\\uqbar.wollok-lsp-ide-0.5.2\\out\\server\\src\\server.js:2362:42)\n    at Gh (c:\\Users\\joaom\\.vscode\\extensions\\uqbar.wollok-lsp-ide-0.5.2\\out\\server\\src\\server.js:2362:1092)\n    at l8n (c:\\Users\\joaom\\.vscode\\extensions\\uqbar.wollok-lsp-ide-0.5.2\\out\\server\\src\\server.js:2362:1248)\n    at c:\\Users\\joaom\\.vscode\\extensions\\uqbar.wollok-lsp-ide-0.5.2\\out\\server\\src\\server.js:38:6131\n    at C2 (c:\\Users\\joaom\\.vscode\\extensions\\uqbar.wollok-lsp-ide-0.5.2\\out\\server\\src\\server.js:2362:42)\n    at c:\\Users\\joaom\\.vscode\\extensions\\uqbar.wollok-lsp-ide-0.5.2\\out\\server\\src\\server.js:2362:2988\n    at c:\\Users\\joaom\\.vscode\\extensions\\uqbar.wollok-lsp-ide-0.5.2\\out\\server\\src\\server.js:2371:8440\n    at c:\\Users\\joaom\\.vscode\\extensions\\uqbar.wollok-lsp-ide-0.5.2\\out\\server\\src\\server.js:37:74872\n    at Ye (c:\\Users\\joaom\\.vscode\\extensions\\uqbar.wollok-lsp-ide-0.5.2\\out\\server\\src\\server.js:7:8527)","timestamp":"2025-07-05T22:56:04.902Z"}
{"level":"info","message":"⌛ Validating arcaneBastion.wtest","timeElapsed":134,"timestamp":"2025-07-05T22:56:05.037Z"}
{"level":"info","message":"⌛ Validating arcaneBastion.wtest","timeElapsed":108,"timestamp":"2025-07-05T22:56:05.234Z"}
{"level":"info","message":"⌛ Validating arcaneBastion.wtest","timeElapsed":114,"timestamp":"2025-07-05T22:56:05.438Z"}
{"level":"info","message":"⌛ Building environment","timeElapsed":142,"timestamp":"2025-07-05T22:56:05.601Z"}
{"level":"info","message":"⌛ Validating arcaneBastion.wtest","timeElapsed":108,"timestamp":"2025-07-05T22:56:05.710Z"}
{"level":"info","message":"⌛ Building environment","timeElapsed":112,"timestamp":"2025-07-05T22:56:37.028Z"}
{"level":"info","message":"⌛ Validating arcaneBastion.wtest","timeElapsed":151,"timestamp":"2025-07-05T22:56:37.237Z"}
{"level":"info","message":"⌛ Building environment","timeElapsed":105,"timestamp":"2025-07-05T22:56:42.165Z"}
{"level":"info","message":"⌛ Validating arcaneBastion.wtest","timeElapsed":146,"timestamp":"2025-07-05T22:56:42.313Z"}
{"level":"error","message":"✘ Failed to rebuild document Failed to parse arcaneBastion.wtest: \n-- PARSING FAILED --------------------------------------------------\n\n  4 | test \"La colision del hechizo empieza una posicon adelante en x \" {\n  5 |     const hechizo1 = new Hechizo(tipo = hielo, position = new MutablePosition(x = position.x() + 1, y = position.y()),\n> 6 |     )\n    |     ^\n  7 |     assert.equals(5, )\n  8 | }\n\nExpected one of the following: \n\n'@', '{', '}', comment, identifier, sentence, whitespace\n","stack":"Error: Failed to parse arcaneBastion.wtest: \n-- PARSING FAILED --------------------------------------------------\n\n  4 | test \"La colision del hechizo empieza una posicon adelante en x \" {\n  5 |     const hechizo1 = new Hechizo(tipo = hielo, position = new MutablePosition(x = position.x() + 1, y = position.y()),\n> 6 |     )\n    |     ^\n  7 |     assert.equals(5, )\n  8 | }\n\nExpected one of the following: \n\n'@', '{', '}', comment, identifier, sentence, whitespace\n\n    at c:\\Users\\joaom\\.vscode\\extensions\\uqbar.wollok-lsp-ide-0.5.2\\out\\server\\src\\server.js:2326:13026\n    at Array.map (<anonymous>)\n    at D1n (c:\\Users\\joaom\\.vscode\\extensions\\uqbar.wollok-lsp-ide-0.5.2\\out\\server\\src\\server.js:2326:12950)\n    at W2.buildEnvironmentFrom (c:\\Users\\joaom\\.vscode\\extensions\\uqbar.wollok-lsp-ide-0.5.2\\out\\server\\src\\server.js:2371:5254)\n    at W2.updateEnvironmentWith (c:\\Users\\joaom\\.vscode\\extensions\\uqbar.wollok-lsp-ide-0.5.2\\out\\server\\src\\server.js:2371:4989)\n    at GF (c:\\Users\\joaom\\.vscode\\extensions\\uqbar.wollok-lsp-ide-0.5.2\\out\\server\\src\\server.js:2371:7383)\n    at L3.invoke (c:\\Users\\joaom\\.vscode\\extensions\\uqbar.wollok-lsp-ide-0.5.2\\out\\server\\src\\server.js:3:157326)\n    at o.fire (c:\\Users\\joaom\\.vscode\\extensions\\uqbar.wollok-lsp-ide-0.5.2\\out\\server\\src\\server.js:3:158096)\n    at c:\\Users\\joaom\\.vscode\\extensions\\uqbar.wollok-lsp-ide-0.5.2\\out\\server\\src\\server.js:37:57871\n    at Kr (c:\\Users\\joaom\\.vscode\\extensions\\uqbar.wollok-lsp-ide-0.5.2\\out\\server\\src\\server.js:8:1561)","timestamp":"2025-07-05T22:56:43.507Z"}
{"level":"info","message":"⌛ Validating arcaneBastion.wtest","timeElapsed":120,"timestamp":"2025-07-05T22:56:45.294Z"}
{"level":"info","message":"⌛ Validating arcaneBastion.wtest","timeElapsed":134,"timestamp":"2025-07-05T22:56:45.823Z"}
{"level":"info","message":"⌛ Validating arcaneBastion.wtest","timeElapsed":113,"timestamp":"2025-07-05T22:56:46.216Z"}
{"level":"info","message":"⌛ Validating arcaneBastion.wtest","timeElapsed":121,"timestamp":"2025-07-05T22:56:47.370Z"}
{"level":"info","message":"⌛ Validating arcaneBastion.wtest","timeElapsed":113,"timestamp":"2025-07-05T22:56:47.989Z"}
{"level":"info","message":"⌛ Validating arcaneBastion.wtest","timeElapsed":133,"timestamp":"2025-07-05T22:56:48.197Z"}
{"level":"info","message":"⌛ Validating arcaneBastion.wtest","timeElapsed":196,"timestamp":"2025-07-05T22:56:48.566Z"}
{"level":"info","message":"⌛ Validating arcaneBastion.wtest","timeElapsed":109,"timestamp":"2025-07-05T22:56:48.676Z"}
{"level":"info","message":"⌛ Validating arcaneBastion.wtest","timeElapsed":114,"timestamp":"2025-07-05T22:56:49.066Z"}
{"level":"info","message":"⌛ Validating arcaneBastion.wtest","timeElapsed":117,"timestamp":"2025-07-05T22:56:49.183Z"}
{"level":"info","message":"⌛ Validating arcaneBastion.wtest","timeElapsed":144,"timestamp":"2025-07-05T22:56:49.330Z"}
{"level":"info","message":"⌛ Validating arcaneBastion.wtest","timeElapsed":113,"timestamp":"2025-07-05T22:56:49.917Z"}
{"level":"info","message":"⌛ Validating arcaneBastion.wtest","timeElapsed":114,"timestamp":"2025-07-05T22:56:50.121Z"}
{"level":"info","message":"⌛ Validating arcaneBastion.wtest","timeElapsed":131,"timestamp":"2025-07-05T22:56:50.253Z"}
{"level":"info","message":"⌛ Validating arcaneBastion.wtest","timeElapsed":122,"timestamp":"2025-07-05T22:56:50.374Z"}
{"level":"info","message":"⌛ Validating arcaneBastion.wtest","timeElapsed":126,"timestamp":"2025-07-05T22:56:50.589Z"}
{"level":"info","message":"⌛ Validating arcaneBastion.wtest","timeElapsed":125,"timestamp":"2025-07-05T22:56:50.783Z"}
{"level":"info","message":"⌛ Validating arcaneBastion.wtest","timeElapsed":122,"timestamp":"2025-07-05T22:56:51.060Z"}
{"level":"info","message":"⌛ Validating arcaneBastion.wtest","timeElapsed":125,"timestamp":"2025-07-05T22:56:51.263Z"}
{"level":"info","message":"⌛ Validating arcaneBastion.wtest","timeElapsed":105,"timestamp":"2025-07-05T22:56:51.466Z"}
{"level":"info","message":"⌛ Validating arcaneBastion.wtest","timeElapsed":118,"timestamp":"2025-07-05T22:56:51.584Z"}
{"level":"info","message":"⌛ Validating arcaneBastion.wtest","timeElapsed":115,"timestamp":"2025-07-05T22:56:51.896Z"}
{"level":"info","message":"⌛ Validating arcaneBastion.wtest","timeElapsed":159,"timestamp":"2025-07-05T22:56:52.265Z"}
{"level":"info","message":"⌛ Building environment","timeElapsed":101,"timestamp":"2025-07-05T22:56:52.366Z"}
{"level":"info","message":"⌛ Validating arcaneBastion.wtest","timeElapsed":118,"timestamp":"2025-07-05T22:56:52.573Z"}
{"level":"info","message":"⌛ Validating arcaneBastion.wtest","timeElapsed":109,"timestamp":"2025-07-05T22:56:52.682Z"}
{"level":"info","message":"⌛ Validating arcaneBastion.wtest","timeElapsed":115,"timestamp":"2025-07-05T22:56:52.947Z"}
{"level":"info","message":"⌛ Validating arcaneBastion.wtest","timeElapsed":111,"timestamp":"2025-07-05T22:56:53.058Z"}
{"level":"error","message":"✘ Completions for node Variable ([5:5, 5:12] - arcaneBastion.wtest) failed: Error: pos [Variable]{6dedbf} at arcaneBastion.wtest:5 exhausted all cases without a match pos [Variable]{6dedbf} at arcaneBastion.wtest:5 exhausted all cases without a match","stack":"Error: pos [Variable]{6dedbf} at arcaneBastion.wtest:5 exhausted all cases without a match\n    at c:\\Users\\joaom\\.vscode\\extensions\\uqbar.wollok-lsp-ide-0.5.2\\out\\server\\src\\server.js:38:6142\n    at C2 (c:\\Users\\joaom\\.vscode\\extensions\\uqbar.wollok-lsp-ide-0.5.2\\out\\server\\src\\server.js:2362:42)\n    at c:\\Users\\joaom\\.vscode\\extensions\\uqbar.wollok-lsp-ide-0.5.2\\out\\server\\src\\server.js:2362:2988\n    at c:\\Users\\joaom\\.vscode\\extensions\\uqbar.wollok-lsp-ide-0.5.2\\out\\server\\src\\server.js:2371:8440\n    at c:\\Users\\joaom\\.vscode\\extensions\\uqbar.wollok-lsp-ide-0.5.2\\out\\server\\src\\server.js:37:74872\n    at Ye (c:\\Users\\joaom\\.vscode\\extensions\\uqbar.wollok-lsp-ide-0.5.2\\out\\server\\src\\server.js:7:8527)\n    at Dt (c:\\Users\\joaom\\.vscode\\extensions\\uqbar.wollok-lsp-ide-0.5.2\\out\\server\\src\\server.js:7:6189)\n    at Zi (c:\\Users\\joaom\\.vscode\\extensions\\uqbar.wollok-lsp-ide-0.5.2\\out\\server\\src\\server.js:7:6378)\n    at Immediate._onImmediate (c:\\Users\\joaom\\.vscode\\extensions\\uqbar.wollok-lsp-ide-0.5.2\\out\\server\\src\\server.js:7:6142)\n    at process.processImmediate (node:internal/timers:485:21)","timestamp":"2025-07-05T22:56:53.267Z"}
{"level":"info","message":"⌛ Validating arcaneBastion.wtest","timeElapsed":111,"timestamp":"2025-07-05T22:56:53.472Z"}
{"level":"info","message":"⌛ Validating arcaneBastion.wtest","timeElapsed":123,"timestamp":"2025-07-05T22:56:53.595Z"}
{"level":"info","message":"⌛ Validating arcaneBastion.wtest","timeElapsed":121,"timestamp":"2025-07-05T22:56:53.722Z"}
{"level":"info","message":"⌛ Validating arcaneBastion.wtest","timeElapsed":109,"timestamp":"2025-07-05T22:56:53.832Z"}
{"level":"info","message":"⌛ Building environment","timeElapsed":149,"timestamp":"2025-07-05T22:56:54.059Z"}
{"level":"info","message":"⌛ Validating arcaneBastion.wtest","timeElapsed":110,"timestamp":"2025-07-05T22:56:54.184Z"}
{"level":"info","message":"⌛ Validating arcaneBastion.wtest","timeElapsed":111,"timestamp":"2025-07-05T22:56:54.301Z"}
{"level":"info","message":"⌛ Validating arcaneBastion.wtest","timeElapsed":112,"timestamp":"2025-07-05T22:56:54.485Z"}
{"level":"error","message":"✘ Completions for node Variable ([5:5, 5:14] - arcaneBastion.wtest) failed: Error: posic [Variable]{5d4f1a} at arcaneBastion.wtest:5 exhausted all cases without a match posic [Variable]{5d4f1a} at arcaneBastion.wtest:5 exhausted all cases without a match","stack":"Error: posic [Variable]{5d4f1a} at arcaneBastion.wtest:5 exhausted all cases without a match\n    at c:\\Users\\joaom\\.vscode\\extensions\\uqbar.wollok-lsp-ide-0.5.2\\out\\server\\src\\server.js:38:6142\n    at C2 (c:\\Users\\joaom\\.vscode\\extensions\\uqbar.wollok-lsp-ide-0.5.2\\out\\server\\src\\server.js:2362:42)\n    at c:\\Users\\joaom\\.vscode\\extensions\\uqbar.wollok-lsp-ide-0.5.2\\out\\server\\src\\server.js:2362:2988\n    at c:\\Users\\joaom\\.vscode\\extensions\\uqbar.wollok-lsp-ide-0.5.2\\out\\server\\src\\server.js:2371:8440\n    at c:\\Users\\joaom\\.vscode\\extensions\\uqbar.wollok-lsp-ide-0.5.2\\out\\server\\src\\server.js:37:74872\n    at Ye (c:\\Users\\joaom\\.vscode\\extensions\\uqbar.wollok-lsp-ide-0.5.2\\out\\server\\src\\server.js:7:8527)\n    at Dt (c:\\Users\\joaom\\.vscode\\extensions\\uqbar.wollok-lsp-ide-0.5.2\\out\\server\\src\\server.js:7:6189)\n    at Zi (c:\\Users\\joaom\\.vscode\\extensions\\uqbar.wollok-lsp-ide-0.5.2\\out\\server\\src\\server.js:7:6378)\n    at Immediate._onImmediate (c:\\Users\\joaom\\.vscode\\extensions\\uqbar.wollok-lsp-ide-0.5.2\\out\\server\\src\\server.js:7:6142)\n    at process.processImmediate (node:internal/timers:485:21)","timestamp":"2025-07-05T22:56:54.659Z"}
{"level":"info","message":"⌛ Validating arcaneBastion.wtest","timeElapsed":105,"timestamp":"2025-07-05T22:56:54.923Z"}
{"level":"info","message":"⌛ Validating arcaneBastion.wtest","timeElapsed":107,"timestamp":"2025-07-05T22:56:55.108Z"}
{"level":"info","message":"⌛ Validating arcaneBastion.wtest","timeElapsed":126,"timestamp":"2025-07-05T22:56:55.239Z"}
{"level":"info","message":"⌛ Building environment","timeElapsed":106,"timestamp":"2025-07-05T22:56:55.346Z"}
{"level":"info","message":"⌛ Validating arcaneBastion.wtest","timeElapsed":113,"timestamp":"2025-07-05T22:56:55.470Z"}
{"level":"info","message":"⌛ Validating arcaneBastion.wtest","timeElapsed":112,"timestamp":"2025-07-05T22:56:55.583Z"}
{"level":"info","message":"⌛ Validating arcaneBastion.wtest","timeElapsed":116,"timestamp":"2025-07-05T22:56:55.772Z"}
{"level":"error","message":"✘ Completions for node Variable ([5:5, 5:19] - arcaneBastion.wtest) failed: Error: posicionTm [Variable]{08d155} at arcaneBastion.wtest:5 exhausted all cases without a match posicionTm [Variable]{08d155} at arcaneBastion.wtest:5 exhausted all cases without a match","stack":"Error: posicionTm [Variable]{08d155} at arcaneBastion.wtest:5 exhausted all cases without a match\n    at c:\\Users\\joaom\\.vscode\\extensions\\uqbar.wollok-lsp-ide-0.5.2\\out\\server\\src\\server.js:38:6142\n    at C2 (c:\\Users\\joaom\\.vscode\\extensions\\uqbar.wollok-lsp-ide-0.5.2\\out\\server\\src\\server.js:2362:42)\n    at c:\\Users\\joaom\\.vscode\\extensions\\uqbar.wollok-lsp-ide-0.5.2\\out\\server\\src\\server.js:2362:2988\n    at c:\\Users\\joaom\\.vscode\\extensions\\uqbar.wollok-lsp-ide-0.5.2\\out\\server\\src\\server.js:2371:8440\n    at c:\\Users\\joaom\\.vscode\\extensions\\uqbar.wollok-lsp-ide-0.5.2\\out\\server\\src\\server.js:37:74872\n    at Ye (c:\\Users\\joaom\\.vscode\\extensions\\uqbar.wollok-lsp-ide-0.5.2\\out\\server\\src\\server.js:7:8527)\n    at Dt (c:\\Users\\joaom\\.vscode\\extensions\\uqbar.wollok-lsp-ide-0.5.2\\out\\server\\src\\server.js:7:6189)\n    at Zi (c:\\Users\\joaom\\.vscode\\extensions\\uqbar.wollok-lsp-ide-0.5.2\\out\\server\\src\\server.js:7:6378)\n    at Immediate._onImmediate (c:\\Users\\joaom\\.vscode\\extensions\\uqbar.wollok-lsp-ide-0.5.2\\out\\server\\src\\server.js:7:6142)\n    at process.processImmediate (node:internal/timers:485:21)","timestamp":"2025-07-05T22:56:55.797Z"}
{"level":"info","message":"⌛ Validating arcaneBastion.wtest","timeElapsed":110,"timestamp":"2025-07-05T22:56:55.911Z"}
{"level":"info","message":"⌛ Validating arcaneBastion.wtest","timeElapsed":136,"timestamp":"2025-07-05T22:56:56.129Z"}
{"level":"info","message":"⌛ Building environment","timeElapsed":254,"timestamp":"2025-07-05T22:56:56.383Z"}
{"level":"info","message":"⌛ Validating arcaneBastion.wtest","timeElapsed":161,"timestamp":"2025-07-05T22:56:56.661Z"}
{"level":"info","message":"⌛ Validating arcaneBastion.wtest","timeElapsed":112,"timestamp":"2025-07-05T22:56:56.944Z"}
{"level":"info","message":"⌛ Building environment","timeElapsed":181,"timestamp":"2025-07-05T22:56:57.128Z"}
{"level":"error","message":"✘ Completions for node Variable ([5:5, 5:18] - arcaneBastion.wtest) failed: Error: posicionT [Variable]{f34690} at arcaneBastion.wtest:5 exhausted all cases without a match posicionT [Variable]{f34690} at arcaneBastion.wtest:5 exhausted all cases without a match","stack":"Error: posicionT [Variable]{f34690} at arcaneBastion.wtest:5 exhausted all cases without a match\n    at c:\\Users\\joaom\\.vscode\\extensions\\uqbar.wollok-lsp-ide-0.5.2\\out\\server\\src\\server.js:38:6142\n    at C2 (c:\\Users\\joaom\\.vscode\\extensions\\uqbar.wollok-lsp-ide-0.5.2\\out\\server\\src\\server.js:2362:42)\n    at c:\\Users\\joaom\\.vscode\\extensions\\uqbar.wollok-lsp-ide-0.5.2\\out\\server\\src\\server.js:2362:2988\n    at c:\\Users\\joaom\\.vscode\\extensions\\uqbar.wollok-lsp-ide-0.5.2\\out\\server\\src\\server.js:2371:8440\n    at c:\\Users\\joaom\\.vscode\\extensions\\uqbar.wollok-lsp-ide-0.5.2\\out\\server\\src\\server.js:37:74872\n    at Ye (c:\\Users\\joaom\\.vscode\\extensions\\uqbar.wollok-lsp-ide-0.5.2\\out\\server\\src\\server.js:7:8527)\n    at Dt (c:\\Users\\joaom\\.vscode\\extensions\\uqbar.wollok-lsp-ide-0.5.2\\out\\server\\src\\server.js:7:6189)\n    at Zi (c:\\Users\\joaom\\.vscode\\extensions\\uqbar.wollok-lsp-ide-0.5.2\\out\\server\\src\\server.js:7:6378)\n    at Immediate._onImmediate (c:\\Users\\joaom\\.vscode\\extensions\\uqbar.wollok-lsp-ide-0.5.2\\out\\server\\src\\server.js:7:6142)\n    at process.processImmediate (node:internal/timers:485:21)","timestamp":"2025-07-05T22:56:57.244Z"}
{"level":"info","message":"⌛ Validating arcaneBastion.wtest","timeElapsed":124,"timestamp":"2025-07-05T22:56:57.449Z"}
{"level":"info","message":"⌛ Validating arcaneBastion.wtest","timeElapsed":115,"timestamp":"2025-07-05T22:56:57.713Z"}
{"level":"info","message":"⌛ Validating arcaneBastion.wtest","timeElapsed":114,"timestamp":"2025-07-05T22:56:57.899Z"}
{"level":"info","message":"⌛ Building environment","timeElapsed":105,"timestamp":"2025-07-05T22:56:58.190Z"}
{"level":"info","message":"⌛ Validating arcaneBastion.wtest","timeElapsed":430,"timestamp":"2025-07-05T22:56:58.639Z"}
{"level":"info","message":"⌛ Building environment","timeElapsed":224,"timestamp":"2025-07-05T22:56:58.865Z"}
{"level":"info","message":"⌛ Validating arcaneBastion.wtest","timeElapsed":129,"timestamp":"2025-07-05T22:56:59.004Z"}
{"level":"info","message":"⌛ Validating arcaneBastion.wtest","timeElapsed":122,"timestamp":"2025-07-05T22:56:59.283Z"}
{"level":"info","message":"⌛ Validating arcaneBastion.wtest","timeElapsed":109,"timestamp":"2025-07-05T22:56:59.393Z"}
{"level":"info","message":"⌛ Validating arcaneBastion.wtest","timeElapsed":118,"timestamp":"2025-07-05T22:56:59.511Z"}
{"level":"info","message":"⌛ Validating arcaneBastion.wtest","timeElapsed":123,"timestamp":"2025-07-05T22:56:59.641Z"}
{"level":"info","message":"⌛ Validating arcaneBastion.wtest","timeElapsed":126,"timestamp":"2025-07-05T22:56:59.842Z"}
{"level":"info","message":"⌛ Validating arcaneBastion.wtest","timeElapsed":145,"timestamp":"2025-07-05T22:56:59.987Z"}
{"level":"info","message":"⌛ Validating arcaneBastion.wtest","timeElapsed":154,"timestamp":"2025-07-05T22:57:00.147Z"}
{"level":"info","message":"⌛ Validating arcaneBastion.wtest","timeElapsed":127,"timestamp":"2025-07-05T22:57:00.274Z"}
{"level":"info","message":"⌛ Validating arcaneBastion.wtest","timeElapsed":119,"timestamp":"2025-07-05T22:57:00.394Z"}
{"level":"info","message":"⌛ Validating arcaneBastion.wtest","timeElapsed":128,"timestamp":"2025-07-05T22:57:00.522Z"}
{"level":"info","message":"⌛ Validating arcaneBastion.wtest","timeElapsed":108,"timestamp":"2025-07-05T22:57:00.632Z"}
{"level":"info","message":"⌛ Validating arcaneBastion.wtest","timeElapsed":120,"timestamp":"2025-07-05T22:57:00.752Z"}
{"level":"info","message":"⌛ Validating arcaneBastion.wtest","timeElapsed":118,"timestamp":"2025-07-05T22:57:00.872Z"}
{"level":"info","message":"⌛ Validating arcaneBastion.wtest","timeElapsed":126,"timestamp":"2025-07-05T22:57:01.643Z"}
{"level":"info","message":"⌛ Building environment","timeElapsed":106,"timestamp":"2025-07-05T22:57:02.844Z"}
{"level":"info","message":"⌛ Validating arcaneBastion.wtest","timeElapsed":107,"timestamp":"2025-07-05T22:57:02.953Z"}
{"level":"info","message":"⌛ Validating arcaneBastion.wtest","timeElapsed":152,"timestamp":"2025-07-05T22:57:15.022Z"}
{"errors":{"errors":[null,["/*\r","que podria hacer para que cuando se apriete 1 el mago cambie \r","su tipo de magia a tipoHielo: y dispare y asi con los demas\r"]]},"level":"error","message":"✘ Failed to get type description: Error: {\n  \"errors\": [\n    null,\n    [\n      \"/*\\r\",\n      \"que podria hacer para que cuando se apriete 1 el mago cambie \\r\",\n      \"su tipo de magia a tipoHielo: y dispare y asi con los demas\\r\"\n    ]\n  ]\n} {\n  \"errors\": [\n    null,\n    [\n      \"/*\\r\",\n      \"que podria hacer para que cuando se apriete 1 el mago cambie \\r\",\n      \"su tipo de magia a tipoHielo: y dispare y asi con los demas\\r\"\n    ]\n  ]\n}","stack":"Error: {\n  \"errors\": [\n    null,\n    [\n      \"/*\\r\",\n      \"que podria hacer para que cuando se apriete 1 el mago cambie \\r\",\n      \"su tipo de magia a tipoHielo: y dispare y asi con los demas\\r\"\n    ]\n  ]\n}\n    at pS (c:\\Users\\joaom\\.vscode\\extensions\\uqbar.wollok-lsp-ide-0.5.2\\out\\server\\src\\server.js:64:34609)\n    at G1 (c:\\Users\\joaom\\.vscode\\extensions\\uqbar.wollok-lsp-ide-0.5.2\\out\\server\\src\\server.js:64:34682)\n    at c:\\Users\\joaom\\.vscode\\extensions\\uqbar.wollok-lsp-ide-0.5.2\\out\\server\\src\\server.js:64:37949\n    at o.v1 (c:\\Users\\joaom\\.vscode\\extensions\\uqbar.wollok-lsp-ide-0.5.2\\out\\server\\src\\server.js:57:57694)\n    at c:\\Users\\joaom\\.vscode\\extensions\\uqbar.wollok-lsp-ide-0.5.2\\out\\server\\src\\server.js:64:37918\n    at c:\\Users\\joaom\\.vscode\\extensions\\uqbar.wollok-lsp-ide-0.5.2\\out\\server\\src\\server.js:57:55734\n    at Ofn (c:\\Users\\joaom\\.vscode\\extensions\\uqbar.wollok-lsp-ide-0.5.2\\out\\server\\src\\server.js:68:11324)\n    at c:\\Users\\joaom\\.vscode\\extensions\\uqbar.wollok-lsp-ide-0.5.2\\out\\server\\src\\server.js:68:3629\n    at Array.map (<anonymous>)\n    at c:\\Users\\joaom\\.vscode\\extensions\\uqbar.wollok-lsp-ide-0.5.2\\out\\server\\src\\server.js:68:4693","timestamp":"2025-07-05T22:57:30.571Z"}
{"level":"info","message":"⌛ Validating arcaneBastion.wtest","timeElapsed":198,"timestamp":"2025-07-05T22:57:37.292Z"}
{"level":"info","message":"⌛ Building environment","timeElapsed":142,"timestamp":"2025-07-05T22:57:37.437Z"}
{"level":"info","message":"⌛ Validating arcaneBastion.wtest","timeElapsed":146,"timestamp":"2025-07-05T22:57:37.584Z"}
{"level":"info","message":"⌛ Building environment","timeElapsed":104,"timestamp":"2025-07-05T22:57:45.948Z"}
{"level":"info","message":"⌛ Validating arcaneBastion.wtest","timeElapsed":155,"timestamp":"2025-07-05T22:57:46.116Z"}
{"level":"info","message":"⌛ Building environment","timeElapsed":104,"timestamp":"2025-07-05T22:57:46.582Z"}
{"level":"info","message":"⌛ Validating arcaneBastion.wtest","timeElapsed":183,"timestamp":"2025-07-05T22:57:46.765Z"}
{"level":"info","message":"⌛ Building environment","timeElapsed":172,"timestamp":"2025-07-05T22:57:52.103Z"}
{"level":"info","message":"⌛ Building environment","timeElapsed":112,"timestamp":"2025-07-05T22:57:52.216Z"}
{"level":"info","message":"⌛ Validating arcaneBastion.wtest","timeElapsed":115,"timestamp":"2025-07-05T22:57:52.362Z"}
{"level":"info","message":"⌛ Validating arcaneBastion.wtest","timeElapsed":118,"timestamp":"2025-07-05T22:57:52.555Z"}
{"level":"info","message":"⌛ Validating arcaneBastion.wtest","timeElapsed":125,"timestamp":"2025-07-05T22:57:52.763Z"}
{"level":"info","message":"⌛ Validating arcaneBastion.wtest","timeElapsed":125,"timestamp":"2025-07-05T22:57:53.097Z"}
{"level":"info","message":"⌛ Validating arcaneBastion.wtest","timeElapsed":123,"timestamp":"2025-07-05T22:57:53.372Z"}
{"level":"info","message":"⌛ Validating arcaneBastion.wtest","timeElapsed":112,"timestamp":"2025-07-05T22:57:53.484Z"}
{"level":"info","message":"⌛ Validating arcaneBastion.wtest","timeElapsed":144,"timestamp":"2025-07-05T22:57:53.738Z"}
{"level":"info","message":"⌛ Validating arcaneBastion.wtest","timeElapsed":116,"timestamp":"2025-07-05T22:57:53.855Z"}
{"level":"info","message":"⌛ Validating arcaneBastion.wtest","timeElapsed":113,"timestamp":"2025-07-05T22:57:54.217Z"}
{"level":"info","message":"⌛ Building environment","timeElapsed":106,"timestamp":"2025-07-05T22:57:54.402Z"}
{"level":"info","message":"⌛ Validating arcaneBastion.wtest","timeElapsed":128,"timestamp":"2025-07-05T22:57:54.542Z"}
{"level":"info","message":"⌛ Validating arcaneBastion.wtest","timeElapsed":112,"timestamp":"2025-07-05T22:57:54.654Z"}
{"level":"info","message":"⌛ Building environment","timeElapsed":151,"timestamp":"2025-07-05T22:57:54.807Z"}
{"level":"info","message":"⌛ Validating arcaneBastion.wtest","timeElapsed":134,"timestamp":"2025-07-05T22:57:54.942Z"}
{"level":"info","message":"⌛ Validating arcaneBastion.wtest","timeElapsed":129,"timestamp":"2025-07-05T22:57:55.194Z"}
{"level":"info","message":"⌛ Validating arcaneBastion.wtest","timeElapsed":115,"timestamp":"2025-07-05T22:57:55.309Z"}
{"level":"info","message":"⌛ Validating arcaneBastion.wtest","timeElapsed":112,"timestamp":"2025-07-05T22:57:55.676Z"}
{"level":"info","message":"⌛ Validating arcaneBastion.wtest","timeElapsed":118,"timestamp":"2025-07-05T22:57:55.794Z"}
{"level":"info","message":"⌛ Validating arcaneBastion.wtest","timeElapsed":112,"timestamp":"2025-07-05T22:57:56.078Z"}
{"level":"info","message":"⌛ Validating arcaneBastion.wtest","timeElapsed":179,"timestamp":"2025-07-05T22:57:56.328Z"}
{"level":"info","message":"⌛ Validating arcaneBastion.wtest","timeElapsed":117,"timestamp":"2025-07-05T22:57:56.445Z"}
{"level":"info","message":"⌛ Validating arcaneBastion.wtest","timeElapsed":104,"timestamp":"2025-07-05T22:57:56.554Z"}
{"level":"info","message":"⌛ Validating arcaneBastion.wtest","timeElapsed":112,"timestamp":"2025-07-05T22:57:56.738Z"}
{"level":"info","message":"⌛ Validating arcaneBastion.wtest","timeElapsed":103,"timestamp":"2025-07-05T22:57:56.847Z"}
{"level":"info","message":"⌛ Validating arcaneBastion.wtest","timeElapsed":114,"timestamp":"2025-07-05T22:57:56.963Z"}
{"level":"info","message":"⌛ Building environment","timeElapsed":114,"timestamp":"2025-07-05T22:57:59.348Z"}
{"level":"info","message":"⌛ Validating arcaneBastion.wtest","timeElapsed":111,"timestamp":"2025-07-05T22:57:59.572Z"}
{"level":"info","message":"⌛ Validating arcaneBastion.wtest","timeElapsed":123,"timestamp":"2025-07-05T22:57:59.695Z"}
{"level":"info","message":"⌛ Validating arcaneBastion.wtest","timeElapsed":112,"timestamp":"2025-07-05T22:57:59.889Z"}
{"level":"info","message":"⌛ Building environment","timeElapsed":145,"timestamp":"2025-07-05T22:58:00.045Z"}
{"level":"info","message":"⌛ Validating arcaneBastion.wtest","timeElapsed":117,"timestamp":"2025-07-05T22:58:00.254Z"}
{"level":"info","message":"⌛ Validating arcaneBastion.wtest","timeElapsed":120,"timestamp":"2025-07-05T22:58:00.374Z"}
{"level":"info","message":"⌛ Validating arcaneBastion.wtest","timeElapsed":120,"timestamp":"2025-07-05T22:58:00.650Z"}
{"level":"info","message":"⌛ Validating arcaneBastion.wtest","timeElapsed":109,"timestamp":"2025-07-05T22:58:00.759Z"}
{"level":"info","message":"⌛ Building environment","timeElapsed":121,"timestamp":"2025-07-05T22:58:00.881Z"}
{"level":"info","message":"⌛ Validating arcaneBastion.wtest","timeElapsed":109,"timestamp":"2025-07-05T22:58:01.017Z"}
{"level":"info","message":"⌛ Building environment","timeElapsed":117,"timestamp":"2025-07-05T22:58:01.169Z"}
{"level":"info","message":"⌛ Validating arcaneBastion.wtest","timeElapsed":127,"timestamp":"2025-07-05T22:58:01.297Z"}
{"level":"info","message":"⌛ Building environment","timeElapsed":105,"timestamp":"2025-07-05T22:58:03.434Z"}
{"level":"info","message":"⌛ Validating arcaneBastion.wtest","timeElapsed":122,"timestamp":"2025-07-05T22:58:03.557Z"}
{"level":"info","message":"⌛ Building environment","timeElapsed":105,"timestamp":"2025-07-05T22:58:03.899Z"}
{"level":"info","message":"⌛ Validating arcaneBastion.wtest","timeElapsed":109,"timestamp":"2025-07-05T22:58:04.009Z"}
{"level":"info","message":"⌛ Validating arcaneBastion.wtest","timeElapsed":112,"timestamp":"2025-07-05T22:58:04.438Z"}
{"level":"info","message":"⌛ Validating arcaneBastion.wtest","timeElapsed":109,"timestamp":"2025-07-05T22:58:04.750Z"}
{"level":"info","message":"⌛ Validating arcaneBastion.wtest","timeElapsed":107,"timestamp":"2025-07-05T22:58:05.177Z"}
{"level":"info","message":"⌛ Validating arcaneBastion.wtest","timeElapsed":108,"timestamp":"2025-07-05T22:58:05.610Z"}
{"level":"info","message":"⌛ Validating arcaneBastion.wtest","timeElapsed":117,"timestamp":"2025-07-05T22:58:05.988Z"}
{"level":"info","message":"⌛ Validating arcaneBastion.wtest","timeElapsed":120,"timestamp":"2025-07-05T22:58:06.369Z"}
{"level":"info","message":"⌛ Validating arcaneBastion.wtest","timeElapsed":136,"timestamp":"2025-07-05T22:58:06.845Z"}
{"level":"info","message":"⌛ Building environment","timeElapsed":185,"timestamp":"2025-07-05T22:58:07.271Z"}
{"level":"info","message":"⌛ Validating arcaneBastion.wtest","timeElapsed":115,"timestamp":"2025-07-05T22:58:07.413Z"}
{"level":"info","message":"⌛ Validating arcaneBastion.wtest","timeElapsed":108,"timestamp":"2025-07-05T22:58:09.066Z"}
{"level":"info","message":"⌛ Validating arcaneBastion.wtest","timeElapsed":116,"timestamp":"2025-07-05T22:58:09.317Z"}
{"level":"info","message":"⌛ Validating arcaneBastion.wtest","timeElapsed":113,"timestamp":"2025-07-05T22:58:10.432Z"}
{"level":"info","message":"⌛ Validating arcaneBastion.wtest","timeElapsed":151,"timestamp":"2025-07-05T22:58:14.357Z"}
{"level":"info","message":"⌛ Validating arcaneBastion.wtest","timeElapsed":115,"timestamp":"2025-07-05T22:58:14.736Z"}
{"level":"info","message":"⌛ Validating arcaneBastion.wtest","timeElapsed":116,"timestamp":"2025-07-05T22:58:14.852Z"}
{"level":"info","message":"⌛ Validating arcaneBastion.wtest","timeElapsed":112,"timestamp":"2025-07-05T22:58:14.964Z"}
{"level":"info","message":"⌛ Validating arcaneBastion.wtest","timeElapsed":107,"timestamp":"2025-07-05T22:58:15.461Z"}
{"level":"info","message":"⌛ Building environment","timeElapsed":115,"timestamp":"2025-07-05T22:58:16.206Z"}
{"level":"info","message":"⌛ Validating arcaneBastion.wtest","timeElapsed":110,"timestamp":"2025-07-05T22:58:16.317Z"}
{"level":"info","message":"⌛ Building environment","timeElapsed":105,"timestamp":"2025-07-05T22:58:16.766Z"}
{"level":"info","message":"⌛ Validating arcaneBastion.wtest","timeElapsed":116,"timestamp":"2025-07-05T22:58:16.882Z"}
{"level":"info","message":"⌛ Validating arcaneBastion.wtest","timeElapsed":123,"timestamp":"2025-07-05T22:58:17.967Z"}
{"level":"info","message":"⌛ Validating arcaneBastion.wtest","timeElapsed":123,"timestamp":"2025-07-05T22:58:18.273Z"}
{"level":"info","message":"⌛ Validating arcaneBastion.wtest","timeElapsed":109,"timestamp":"2025-07-05T22:58:18.550Z"}
{"level":"info","message":"⌛ Validating arcaneBastion.wtest","timeElapsed":105,"timestamp":"2025-07-05T22:58:18.655Z"}
{"level":"info","message":"⌛ Validating arcaneBastion.wtest","timeElapsed":106,"timestamp":"2025-07-05T22:58:19.055Z"}
{"level":"info","message":"⌛ Validating arcaneBastion.wtest","timeElapsed":118,"timestamp":"2025-07-05T22:58:21.552Z"}
{"level":"info","message":"⌛ Validating arcaneBastion.wtest","timeElapsed":127,"timestamp":"2025-07-05T22:58:21.878Z"}
{"level":"info","message":"⌛ Building environment","timeElapsed":128,"timestamp":"2025-07-05T22:58:25.628Z"}
{"level":"info","message":"⌛ Validating arcaneBastion.wtest","timeElapsed":135,"timestamp":"2025-07-05T22:58:25.764Z"}
{"level":"info","message":"⌛ Validating arcaneBastion.wtest","timeElapsed":145,"timestamp":"2025-07-05T22:58:26.126Z"}
{"errors":{"errors":[null,["/*\r","que podria hacer para que cuando se apriete 1 el mago cambie \r","su tipo de magia a tipoHielo: y dispare y asi con los demas\r"]]},"level":"error","message":"✘ Failed to get type description: Error: {\n  \"errors\": [\n    null,\n    [\n      \"/*\\r\",\n      \"que podria hacer para que cuando se apriete 1 el mago cambie \\r\",\n      \"su tipo de magia a tipoHielo: y dispare y asi con los demas\\r\"\n    ]\n  ]\n} {\n  \"errors\": [\n    null,\n    [\n      \"/*\\r\",\n      \"que podria hacer para que cuando se apriete 1 el mago cambie \\r\",\n      \"su tipo de magia a tipoHielo: y dispare y asi con los demas\\r\"\n    ]\n  ]\n}","stack":"Error: {\n  \"errors\": [\n    null,\n    [\n      \"/*\\r\",\n      \"que podria hacer para que cuando se apriete 1 el mago cambie \\r\",\n      \"su tipo de magia a tipoHielo: y dispare y asi con los demas\\r\"\n    ]\n  ]\n}\n    at pS (c:\\Users\\joaom\\.vscode\\extensions\\uqbar.wollok-lsp-ide-0.5.2\\out\\server\\src\\server.js:64:34609)\n    at G1 (c:\\Users\\joaom\\.vscode\\extensions\\uqbar.wollok-lsp-ide-0.5.2\\out\\server\\src\\server.js:64:34682)\n    at c:\\Users\\joaom\\.vscode\\extensions\\uqbar.wollok-lsp-ide-0.5.2\\out\\server\\src\\server.js:64:37949\n    at o.v1 (c:\\Users\\joaom\\.vscode\\extensions\\uqbar.wollok-lsp-ide-0.5.2\\out\\server\\src\\server.js:57:57694)\n    at c:\\Users\\joaom\\.vscode\\extensions\\uqbar.wollok-lsp-ide-0.5.2\\out\\server\\src\\server.js:64:37918\n    at c:\\Users\\joaom\\.vscode\\extensions\\uqbar.wollok-lsp-ide-0.5.2\\out\\server\\src\\server.js:57:55734\n    at Ofn (c:\\Users\\joaom\\.vscode\\extensions\\uqbar.wollok-lsp-ide-0.5.2\\out\\server\\src\\server.js:68:11324)\n    at c:\\Users\\joaom\\.vscode\\extensions\\uqbar.wollok-lsp-ide-0.5.2\\out\\server\\src\\server.js:68:3629\n    at jbn (c:\\Users\\joaom\\.vscode\\extensions\\uqbar.wollok-lsp-ide-0.5.2\\out\\server\\src\\server.js:68:3396)\n    at c:\\Users\\joaom\\.vscode\\extensions\\uqbar.wollok-lsp-ide-0.5.2\\out\\server\\src\\server.js:2371:847","timestamp":"2025-07-05T22:58:33.399Z"}
{"errors":{"errors":[null,["/*\r","que podria hacer para que cuando se apriete 1 el mago cambie \r","su tipo de magia a tipoHielo: y dispare y asi con los demas\r"]]},"level":"error","message":"✘ Failed to get type description: Error: {\n  \"errors\": [\n    null,\n    [\n      \"/*\\r\",\n      \"que podria hacer para que cuando se apriete 1 el mago cambie \\r\",\n      \"su tipo de magia a tipoHielo: y dispare y asi con los demas\\r\"\n    ]\n  ]\n} {\n  \"errors\": [\n    null,\n    [\n      \"/*\\r\",\n      \"que podria hacer para que cuando se apriete 1 el mago cambie \\r\",\n      \"su tipo de magia a tipoHielo: y dispare y asi con los demas\\r\"\n    ]\n  ]\n}","stack":"Error: {\n  \"errors\": [\n    null,\n    [\n      \"/*\\r\",\n      \"que podria hacer para que cuando se apriete 1 el mago cambie \\r\",\n      \"su tipo de magia a tipoHielo: y dispare y asi con los demas\\r\"\n    ]\n  ]\n}\n    at pS (c:\\Users\\joaom\\.vscode\\extensions\\uqbar.wollok-lsp-ide-0.5.2\\out\\server\\src\\server.js:64:34609)\n    at G1 (c:\\Users\\joaom\\.vscode\\extensions\\uqbar.wollok-lsp-ide-0.5.2\\out\\server\\src\\server.js:64:34682)\n    at c:\\Users\\joaom\\.vscode\\extensions\\uqbar.wollok-lsp-ide-0.5.2\\out\\server\\src\\server.js:64:37949\n    at o.v1 (c:\\Users\\joaom\\.vscode\\extensions\\uqbar.wollok-lsp-ide-0.5.2\\out\\server\\src\\server.js:57:57694)\n    at c:\\Users\\joaom\\.vscode\\extensions\\uqbar.wollok-lsp-ide-0.5.2\\out\\server\\src\\server.js:64:37918\n    at c:\\Users\\joaom\\.vscode\\extensions\\uqbar.wollok-lsp-ide-0.5.2\\out\\server\\src\\server.js:57:55734\n    at Ofn (c:\\Users\\joaom\\.vscode\\extensions\\uqbar.wollok-lsp-ide-0.5.2\\out\\server\\src\\server.js:68:11324)\n    at c:\\Users\\joaom\\.vscode\\extensions\\uqbar.wollok-lsp-ide-0.5.2\\out\\server\\src\\server.js:68:3629\n    at jbn (c:\\Users\\joaom\\.vscode\\extensions\\uqbar.wollok-lsp-ide-0.5.2\\out\\server\\src\\server.js:68:3396)\n    at c:\\Users\\joaom\\.vscode\\extensions\\uqbar.wollok-lsp-ide-0.5.2\\out\\server\\src\\server.js:2371:847","timestamp":"2025-07-05T22:58:33.967Z"}
{"errors":{"errors":[null,["/*\r","que podria hacer para que cuando se apriete 1 el mago cambie \r","su tipo de magia a tipoHielo: y dispare y asi con los demas\r"]]},"level":"error","message":"✘ Failed to get type description: Error: {\n  \"errors\": [\n    null,\n    [\n      \"/*\\r\",\n      \"que podria hacer para que cuando se apriete 1 el mago cambie \\r\",\n      \"su tipo de magia a tipoHielo: y dispare y asi con los demas\\r\"\n    ]\n  ]\n} {\n  \"errors\": [\n    null,\n    [\n      \"/*\\r\",\n      \"que podria hacer para que cuando se apriete 1 el mago cambie \\r\",\n      \"su tipo de magia a tipoHielo: y dispare y asi con los demas\\r\"\n    ]\n  ]\n}","stack":"Error: {\n  \"errors\": [\n    null,\n    [\n      \"/*\\r\",\n      \"que podria hacer para que cuando se apriete 1 el mago cambie \\r\",\n      \"su tipo de magia a tipoHielo: y dispare y asi con los demas\\r\"\n    ]\n  ]\n}\n    at pS (c:\\Users\\joaom\\.vscode\\extensions\\uqbar.wollok-lsp-ide-0.5.2\\out\\server\\src\\server.js:64:34609)\n    at G1 (c:\\Users\\joaom\\.vscode\\extensions\\uqbar.wollok-lsp-ide-0.5.2\\out\\server\\src\\server.js:64:34682)\n    at c:\\Users\\joaom\\.vscode\\extensions\\uqbar.wollok-lsp-ide-0.5.2\\out\\server\\src\\server.js:64:37949\n    at o.v1 (c:\\Users\\joaom\\.vscode\\extensions\\uqbar.wollok-lsp-ide-0.5.2\\out\\server\\src\\server.js:57:57694)\n    at c:\\Users\\joaom\\.vscode\\extensions\\uqbar.wollok-lsp-ide-0.5.2\\out\\server\\src\\server.js:64:37918\n    at c:\\Users\\joaom\\.vscode\\extensions\\uqbar.wollok-lsp-ide-0.5.2\\out\\server\\src\\server.js:57:55734\n    at Ofn (c:\\Users\\joaom\\.vscode\\extensions\\uqbar.wollok-lsp-ide-0.5.2\\out\\server\\src\\server.js:68:11324)\n    at c:\\Users\\joaom\\.vscode\\extensions\\uqbar.wollok-lsp-ide-0.5.2\\out\\server\\src\\server.js:68:3629\n    at jbn (c:\\Users\\joaom\\.vscode\\extensions\\uqbar.wollok-lsp-ide-0.5.2\\out\\server\\src\\server.js:68:3396)\n    at c:\\Users\\joaom\\.vscode\\extensions\\uqbar.wollok-lsp-ide-0.5.2\\out\\server\\src\\server.js:2371:847","timestamp":"2025-07-05T22:58:34.295Z"}
{"errors":{"errors":[null,["/*\r","que podria hacer para que cuando se apriete 1 el mago cambie \r","su tipo de magia a tipoHielo: y dispare y asi con los demas\r"]]},"level":"error","message":"✘ Failed to get type description: Error: {\n  \"errors\": [\n    null,\n    [\n      \"/*\\r\",\n      \"que podria hacer para que cuando se apriete 1 el mago cambie \\r\",\n      \"su tipo de magia a tipoHielo: y dispare y asi con los demas\\r\"\n    ]\n  ]\n} {\n  \"errors\": [\n    null,\n    [\n      \"/*\\r\",\n      \"que podria hacer para que cuando se apriete 1 el mago cambie \\r\",\n      \"su tipo de magia a tipoHielo: y dispare y asi con los demas\\r\"\n    ]\n  ]\n}","stack":"Error: {\n  \"errors\": [\n    null,\n    [\n      \"/*\\r\",\n      \"que podria hacer para que cuando se apriete 1 el mago cambie \\r\",\n      \"su tipo de magia a tipoHielo: y dispare y asi con los demas\\r\"\n    ]\n  ]\n}\n    at pS (c:\\Users\\joaom\\.vscode\\extensions\\uqbar.wollok-lsp-ide-0.5.2\\out\\server\\src\\server.js:64:34609)\n    at G1 (c:\\Users\\joaom\\.vscode\\extensions\\uqbar.wollok-lsp-ide-0.5.2\\out\\server\\src\\server.js:64:34682)\n    at c:\\Users\\joaom\\.vscode\\extensions\\uqbar.wollok-lsp-ide-0.5.2\\out\\server\\src\\server.js:64:37949\n    at o.v1 (c:\\Users\\joaom\\.vscode\\extensions\\uqbar.wollok-lsp-ide-0.5.2\\out\\server\\src\\server.js:57:57694)\n    at c:\\Users\\joaom\\.vscode\\extensions\\uqbar.wollok-lsp-ide-0.5.2\\out\\server\\src\\server.js:64:37918\n    at c:\\Users\\joaom\\.vscode\\extensions\\uqbar.wollok-lsp-ide-0.5.2\\out\\server\\src\\server.js:57:55734\n    at Ofn (c:\\Users\\joaom\\.vscode\\extensions\\uqbar.wollok-lsp-ide-0.5.2\\out\\server\\src\\server.js:68:11324)\n    at c:\\Users\\joaom\\.vscode\\extensions\\uqbar.wollok-lsp-ide-0.5.2\\out\\server\\src\\server.js:68:3629\n    at Array.map (<anonymous>)\n    at c:\\Users\\joaom\\.vscode\\extensions\\uqbar.wollok-lsp-ide-0.5.2\\out\\server\\src\\server.js:68:4693","timestamp":"2025-07-05T22:58:34.756Z"}
{"level":"info","message":"⌛ Building environment","timeElapsed":137,"timestamp":"2025-07-05T22:58:46.737Z"}
{"level":"info","message":"⌛ Validating arcaneBastion.wtest","timeElapsed":131,"timestamp":"2025-07-05T22:58:46.868Z"}
{"level":"info","message":"⌛ Validating arcaneBastion.wtest","timeElapsed":112,"timestamp":"2025-07-05T22:58:47.062Z"}
{"level":"info","message":"⌛ Validating arcaneBastion.wtest","timeElapsed":143,"timestamp":"2025-07-05T22:58:47.456Z"}
{"level":"info","message":"⌛ Validating arcaneBastion.wtest","timeElapsed":117,"timestamp":"2025-07-05T22:58:48.103Z"}
{"level":"info","message":"⌛ Validating arcaneBastion.wtest","timeElapsed":123,"timestamp":"2025-07-05T22:58:49.227Z"}
{"level":"info","message":"⌛ Validating arcaneBastion.wtest","timeElapsed":114,"timestamp":"2025-07-05T22:58:49.656Z"}
{"level":"info","message":"⌛ Validating arcaneBastion.wtest","timeElapsed":119,"timestamp":"2025-07-05T22:58:50.012Z"}
{"level":"info","message":"⌛ Validating arcaneBastion.wtest","timeElapsed":115,"timestamp":"2025-07-05T22:58:50.227Z"}
{"level":"info","message":"⌛ Validating arcaneBastion.wtest","timeElapsed":108,"timestamp":"2025-07-05T22:58:50.528Z"}
{"level":"info","message":"⌛ Validating arcaneBastion.wtest","timeElapsed":112,"timestamp":"2025-07-05T22:58:50.790Z"}
{"level":"info","message":"⌛ Validating arcaneBastion.wtest","timeElapsed":116,"timestamp":"2025-07-05T22:58:51.217Z"}
{"level":"info","message":"⌛ Building environment","timeElapsed":102,"timestamp":"2025-07-05T22:58:54.625Z"}
{"level":"info","message":"⌛ Validating arcaneBastion.wtest","timeElapsed":109,"timestamp":"2025-07-05T22:58:54.745Z"}
{"level":"info","message":"⌛ Validating arcaneBastion.wtest","timeElapsed":110,"timestamp":"2025-07-05T22:58:55.319Z"}
{"level":"info","message":"⌛ Building environment","timeElapsed":103,"timestamp":"2025-07-05T22:58:55.816Z"}
{"level":"info","message":"⌛ Validating arcaneBastion.wtest","timeElapsed":107,"timestamp":"2025-07-05T22:58:55.934Z"}
{"level":"info","message":"⌛ Validating arcaneBastion.wtest","timeElapsed":105,"timestamp":"2025-07-05T22:58:57.450Z"}
{"level":"info","message":"⌛ Validating arcaneBastion.wtest","timeElapsed":111,"timestamp":"2025-07-05T22:58:58.164Z"}
{"level":"info","message":"⌛ Validating arcaneBastion.wtest","timeElapsed":113,"timestamp":"2025-07-05T22:58:59.897Z"}
{"level":"info","message":"⌛ Validating arcaneBastion.wtest","timeElapsed":119,"timestamp":"2025-07-05T22:59:00.328Z"}
{"level":"info","message":"⌛ Building environment","timeElapsed":141,"timestamp":"2025-07-05T22:59:29.851Z"}
{"level":"info","message":"⌛ Validating arcaneBastion.wtest","timeElapsed":126,"timestamp":"2025-07-05T22:59:29.977Z"}
{"level":"info","message":"⌛ Validating arcaneBastion.wtest","timeElapsed":145,"timestamp":"2025-07-05T22:59:30.207Z"}
{"level":"info","message":"⌛ Validating arcaneBastion.wtest","timeElapsed":113,"timestamp":"2025-07-05T22:59:30.495Z"}
{"level":"info","message":"⌛ Building environment","timeElapsed":103,"timestamp":"2025-07-05T22:59:30.734Z"}
{"level":"info","message":"⌛ Validating arcaneBastion.wtest","timeElapsed":114,"timestamp":"2025-07-05T22:59:30.854Z"}
{"level":"info","message":"⌛ Validating arcaneBastion.wtest","timeElapsed":117,"timestamp":"2025-07-05T22:59:31.043Z"}
{"level":"error","message":"✘ Completions for node Send ([5:32, 5:55] - arcaneBastion.wtest) failed: Error: [Send]{7289a5} at arcaneBastion.wtest:5 exhausted all cases without a match [Send]{7289a5} at arcaneBastion.wtest:5 exhausted all cases without a match","stack":"Error: [Send]{7289a5} at arcaneBastion.wtest:5 exhausted all cases without a match\n    at c:\\Users\\joaom\\.vscode\\extensions\\uqbar.wollok-lsp-ide-0.5.2\\out\\server\\src\\server.js:38:6142\n    at C2 (c:\\Users\\joaom\\.vscode\\extensions\\uqbar.wollok-lsp-ide-0.5.2\\out\\server\\src\\server.js:2362:42)\n    at Gh (c:\\Users\\joaom\\.vscode\\extensions\\uqbar.wollok-lsp-ide-0.5.2\\out\\server\\src\\server.js:2362:1092)\n    at l8n (c:\\Users\\joaom\\.vscode\\extensions\\uqbar.wollok-lsp-ide-0.5.2\\out\\server\\src\\server.js:2362:1248)\n    at c:\\Users\\joaom\\.vscode\\extensions\\uqbar.wollok-lsp-ide-0.5.2\\out\\server\\src\\server.js:38:6131\n    at C2 (c:\\Users\\joaom\\.vscode\\extensions\\uqbar.wollok-lsp-ide-0.5.2\\out\\server\\src\\server.js:2362:42)\n    at c:\\Users\\joaom\\.vscode\\extensions\\uqbar.wollok-lsp-ide-0.5.2\\out\\server\\src\\server.js:2362:2988\n    at c:\\Users\\joaom\\.vscode\\extensions\\uqbar.wollok-lsp-ide-0.5.2\\out\\server\\src\\server.js:2371:8440\n    at c:\\Users\\joaom\\.vscode\\extensions\\uqbar.wollok-lsp-ide-0.5.2\\out\\server\\src\\server.js:37:74872\n    at Ye (c:\\Users\\joaom\\.vscode\\extensions\\uqbar.wollok-lsp-ide-0.5.2\\out\\server\\src\\server.js:7:8527)","timestamp":"2025-07-05T22:59:35.720Z"}
{"level":"info","message":"⌛ Validating arcaneBastion.wtest","timeElapsed":128,"timestamp":"2025-07-05T22:59:35.859Z"}
{"level":"info","message":"⌛ Validating arcaneBastion.wtest","timeElapsed":111,"timestamp":"2025-07-05T22:59:36.153Z"}
{"level":"info","message":"⌛ Validating arcaneBastion.wtest","timeElapsed":120,"timestamp":"2025-07-05T22:59:36.273Z"}
{"level":"info","message":"⌛ Validating arcaneBastion.wtest","timeElapsed":109,"timestamp":"2025-07-05T22:59:36.468Z"}
{"level":"info","message":"⌛ Validating arcaneBastion.wtest","timeElapsed":109,"timestamp":"2025-07-05T22:59:37.648Z"}
{"level":"info","message":"⌛ Validating arcaneBastion.wtest","timeElapsed":119,"timestamp":"2025-07-05T22:59:37.870Z"}
{"level":"info","message":"⌛ Validating arcaneBastion.wtest","timeElapsed":118,"timestamp":"2025-07-05T22:59:38.926Z"}
{"level":"info","message":"⌛ Validating arcaneBastion.wtest","timeElapsed":125,"timestamp":"2025-07-05T22:59:42.853Z"}
{"level":"info","message":"⌛ Validating arcaneBastion.wtest","timeElapsed":125,"timestamp":"2025-07-05T22:59:43.047Z"}
{"level":"info","message":"⌛ Validating arcaneBastion.wtest","timeElapsed":134,"timestamp":"2025-07-05T22:59:43.514Z"}
{"level":"info","message":"⌛ Validating arcaneBastion.wtest","timeElapsed":113,"timestamp":"2025-07-05T22:59:44.891Z"}
{"level":"info","message":"⌛ Validating arcaneBastion.wtest","timeElapsed":110,"timestamp":"2025-07-05T22:59:45.289Z"}
{"level":"info","message":"⌛ Building environment","timeElapsed":130,"timestamp":"2025-07-05T23:00:08.639Z"}
{"level":"info","message":"⌛ Validating arcaneBastion.wtest","timeElapsed":121,"timestamp":"2025-07-05T23:00:08.761Z"}
{"level":"info","message":"⌛ Building environment","timeElapsed":118,"timestamp":"2025-07-05T23:00:09.158Z"}
{"level":"info","message":"⌛ Validating arcaneBastion.wtest","timeElapsed":133,"timestamp":"2025-07-05T23:00:09.404Z"}
{"level":"info","message":"⌛ Validating arcaneBastion.wtest","timeElapsed":113,"timestamp":"2025-07-05T23:00:09.517Z"}
{"level":"info","message":"⌛ Validating arcaneBastion.wtest","timeElapsed":113,"timestamp":"2025-07-05T23:00:10.083Z"}
{"level":"info","message":"⌛ Validating arcaneBastion.wtest","timeElapsed":110,"timestamp":"2025-07-05T23:00:10.194Z"}
{"level":"info","message":"⌛ Validating arcaneBastion.wtest","timeElapsed":107,"timestamp":"2025-07-05T23:00:10.377Z"}
{"level":"info","message":"⌛ Validating arcaneBastion.wtest","timeElapsed":127,"timestamp":"2025-07-05T23:00:10.503Z"}
{"level":"info","message":"⌛ Validating arcaneBastion.wtest","timeElapsed":108,"timestamp":"2025-07-05T23:00:10.687Z"}
{"level":"error","message":"✘ Completions for node NamedArgument ([6:77, 6:87] - arcaneBastion.wtest) failed: Error: [NamedArgument]{16a27b} at arcaneBastion.wtest:6 exhausted all cases without a match [NamedArgument]{16a27b} at arcaneBastion.wtest:6 exhausted all cases without a match","stack":"Error: [NamedArgument]{16a27b} at arcaneBastion.wtest:6 exhausted all cases without a match\n    at c:\\Users\\joaom\\.vscode\\extensions\\uqbar.wollok-lsp-ide-0.5.2\\out\\server\\src\\server.js:38:6142\n    at C2 (c:\\Users\\joaom\\.vscode\\extensions\\uqbar.wollok-lsp-ide-0.5.2\\out\\server\\src\\server.js:2362:42)\n    at Gh (c:\\Users\\joaom\\.vscode\\extensions\\uqbar.wollok-lsp-ide-0.5.2\\out\\server\\src\\server.js:2362:1092)\n    at l8n (c:\\Users\\joaom\\.vscode\\extensions\\uqbar.wollok-lsp-ide-0.5.2\\out\\server\\src\\server.js:2362:1248)\n    at c:\\Users\\joaom\\.vscode\\extensions\\uqbar.wollok-lsp-ide-0.5.2\\out\\server\\src\\server.js:38:6131\n    at C2 (c:\\Users\\joaom\\.vscode\\extensions\\uqbar.wollok-lsp-ide-0.5.2\\out\\server\\src\\server.js:2362:42)\n    at c:\\Users\\joaom\\.vscode\\extensions\\uqbar.wollok-lsp-ide-0.5.2\\out\\server\\src\\server.js:2362:2988\n    at c:\\Users\\joaom\\.vscode\\extensions\\uqbar.wollok-lsp-ide-0.5.2\\out\\server\\src\\server.js:2371:8440\n    at c:\\Users\\joaom\\.vscode\\extensions\\uqbar.wollok-lsp-ide-0.5.2\\out\\server\\src\\server.js:37:74872\n    at Ye (c:\\Users\\joaom\\.vscode\\extensions\\uqbar.wollok-lsp-ide-0.5.2\\out\\server\\src\\server.js:7:8527)","timestamp":"2025-07-05T23:00:10.861Z"}
{"level":"info","message":"⌛ Validating arcaneBastion.wtest","timeElapsed":106,"timestamp":"2025-07-05T23:00:10.967Z"}
{"level":"info","message":"⌛ Validating arcaneBastion.wtest","timeElapsed":109,"timestamp":"2025-07-05T23:00:11.226Z"}
{"level":"info","message":"⌛ Validating arcaneBastion.wtest","timeElapsed":118,"timestamp":"2025-07-05T23:00:11.351Z"}
{"level":"info","message":"⌛ Validating arcaneBastion.wtest","timeElapsed":115,"timestamp":"2025-07-05T23:00:11.467Z"}
{"level":"info","message":"⌛ Validating arcaneBastion.wtest","timeElapsed":114,"timestamp":"2025-07-05T23:00:11.583Z"}
{"level":"info","message":"⌛ Validating arcaneBastion.wtest","timeElapsed":114,"timestamp":"2025-07-05T23:00:11.696Z"}
{"level":"error","message":"✘ Completions for node NamedArgument ([6:77, 6:90] - arcaneBastion.wtest) failed: Error: [NamedArgument]{43c97b} at arcaneBastion.wtest:6 exhausted all cases without a match [NamedArgument]{43c97b} at arcaneBastion.wtest:6 exhausted all cases without a match","stack":"Error: [NamedArgument]{43c97b} at arcaneBastion.wtest:6 exhausted all cases without a match\n    at c:\\Users\\joaom\\.vscode\\extensions\\uqbar.wollok-lsp-ide-0.5.2\\out\\server\\src\\server.js:38:6142\n    at C2 (c:\\Users\\joaom\\.vscode\\extensions\\uqbar.wollok-lsp-ide-0.5.2\\out\\server\\src\\server.js:2362:42)\n    at Gh (c:\\Users\\joaom\\.vscode\\extensions\\uqbar.wollok-lsp-ide-0.5.2\\out\\server\\src\\server.js:2362:1092)\n    at l8n (c:\\Users\\joaom\\.vscode\\extensions\\uqbar.wollok-lsp-ide-0.5.2\\out\\server\\src\\server.js:2362:1248)\n    at c:\\Users\\joaom\\.vscode\\extensions\\uqbar.wollok-lsp-ide-0.5.2\\out\\server\\src\\server.js:38:6131\n    at C2 (c:\\Users\\joaom\\.vscode\\extensions\\uqbar.wollok-lsp-ide-0.5.2\\out\\server\\src\\server.js:2362:42)\n    at c:\\Users\\joaom\\.vscode\\extensions\\uqbar.wollok-lsp-ide-0.5.2\\out\\server\\src\\server.js:2362:2988\n    at c:\\Users\\joaom\\.vscode\\extensions\\uqbar.wollok-lsp-ide-0.5.2\\out\\server\\src\\server.js:2371:8440\n    at c:\\Users\\joaom\\.vscode\\extensions\\uqbar.wollok-lsp-ide-0.5.2\\out\\server\\src\\server.js:37:74872\n    at Ye (c:\\Users\\joaom\\.vscode\\extensions\\uqbar.wollok-lsp-ide-0.5.2\\out\\server\\src\\server.js:7:8527)","timestamp":"2025-07-05T23:00:11.837Z"}
{"level":"info","message":"⌛ Building environment","timeElapsed":141,"timestamp":"2025-07-05T23:00:12.081Z"}
{"level":"info","message":"⌛ Validating arcaneBastion.wtest","timeElapsed":140,"timestamp":"2025-07-05T23:00:12.330Z"}
{"level":"info","message":"⌛ Validating arcaneBastion.wtest","timeElapsed":105,"timestamp":"2025-07-05T23:00:12.436Z"}
{"level":"info","message":"⌛ Validating arcaneBastion.wtest","timeElapsed":111,"timestamp":"2025-07-05T23:00:12.552Z"}
{"level":"info","message":"⌛ Validating arcaneBastion.wtest","timeElapsed":111,"timestamp":"2025-07-05T23:00:12.663Z"}
{"level":"info","message":"⌛ Building environment","timeElapsed":117,"timestamp":"2025-07-05T23:00:14.725Z"}
{"level":"info","message":"⌛ Building environment","timeElapsed":130,"timestamp":"2025-07-05T23:00:14.871Z"}
{"level":"info","message":"⌛ Validating arcaneBastion.wtest","timeElapsed":128,"timestamp":"2025-07-05T23:00:15.012Z"}
{"level":"info","message":"⌛ Validating arcaneBastion.wtest","timeElapsed":111,"timestamp":"2025-07-05T23:00:15.123Z"}
{"level":"info","message":"⌛ Validating arcaneBastion.wtest","timeElapsed":107,"timestamp":"2025-07-05T23:00:15.416Z"}
{"level":"info","message":"⌛ Validating arcaneBastion.wtest","timeElapsed":122,"timestamp":"2025-07-05T23:00:15.538Z"}
{"level":"info","message":"⌛ Validating arcaneBastion.wtest","timeElapsed":113,"timestamp":"2025-07-05T23:00:15.727Z"}
{"level":"info","message":"⌛ Building environment","timeElapsed":120,"timestamp":"2025-07-05T23:00:25.196Z"}
{"level":"info","message":"⌛ Validating arcaneBastion.wtest","timeElapsed":125,"timestamp":"2025-07-05T23:00:25.321Z"}
{"level":"info","message":"⌛ Validating arcaneBastion.wtest","timeElapsed":126,"timestamp":"2025-07-05T23:00:25.538Z"}
{"level":"info","message":"⌛ Validating arcaneBastion.wtest","timeElapsed":118,"timestamp":"2025-07-05T23:00:25.728Z"}
{"level":"info","message":"⌛ Validating arcaneBastion.wtest","timeElapsed":119,"timestamp":"2025-07-05T23:00:25.931Z"}
{"level":"info","message":"⌛ Validating arcaneBastion.wtest","timeElapsed":116,"timestamp":"2025-07-05T23:00:26.123Z"}
{"level":"info","message":"⌛ Building environment","timeElapsed":110,"timestamp":"2025-07-05T23:00:26.236Z"}
{"level":"info","message":"⌛ Validating arcaneBastion.wtest","timeElapsed":121,"timestamp":"2025-07-05T23:00:26.358Z"}
{"level":"info","message":"⌛ Validating arcaneBastion.wtest","timeElapsed":119,"timestamp":"2025-07-05T23:00:26.546Z"}
{"level":"info","message":"⌛ Validating arcaneBastion.wtest","timeElapsed":124,"timestamp":"2025-07-05T23:00:26.743Z"}
{"level":"info","message":"⌛ Validating arcaneBastion.wtest","timeElapsed":118,"timestamp":"2025-07-05T23:00:26.938Z"}
{"level":"info","message":"⌛ Validating arcaneBastion.wtest","timeElapsed":118,"timestamp":"2025-07-05T23:00:27.132Z"}
{"level":"info","message":"⌛ Validating arcaneBastion.wtest","timeElapsed":117,"timestamp":"2025-07-05T23:00:27.319Z"}
{"level":"info","message":"⌛ Validating arcaneBastion.wtest","timeElapsed":110,"timestamp":"2025-07-05T23:00:27.505Z"}
{"level":"info","message":"⌛ Validating arcaneBastion.wtest","timeElapsed":110,"timestamp":"2025-07-05T23:00:27.688Z"}
{"level":"error","message":"✘ Completions for node NamedArgument ([6:77, 6:87] - arcaneBastion.wtest) failed: Error: [NamedArgument]{a48b9a} at arcaneBastion.wtest:6 exhausted all cases without a match [NamedArgument]{a48b9a} at arcaneBastion.wtest:6 exhausted all cases without a match","stack":"Error: [NamedArgument]{a48b9a} at arcaneBastion.wtest:6 exhausted all cases without a match\n    at c:\\Users\\joaom\\.vscode\\extensions\\uqbar.wollok-lsp-ide-0.5.2\\out\\server\\src\\server.js:38:6142\n    at C2 (c:\\Users\\joaom\\.vscode\\extensions\\uqbar.wollok-lsp-ide-0.5.2\\out\\server\\src\\server.js:2362:42)\n    at Gh (c:\\Users\\joaom\\.vscode\\extensions\\uqbar.wollok-lsp-ide-0.5.2\\out\\server\\src\\server.js:2362:1092)\n    at l8n (c:\\Users\\joaom\\.vscode\\extensions\\uqbar.wollok-lsp-ide-0.5.2\\out\\server\\src\\server.js:2362:1248)\n    at c:\\Users\\joaom\\.vscode\\extensions\\uqbar.wollok-lsp-ide-0.5.2\\out\\server\\src\\server.js:38:6131\n    at C2 (c:\\Users\\joaom\\.vscode\\extensions\\uqbar.wollok-lsp-ide-0.5.2\\out\\server\\src\\server.js:2362:42)\n    at c:\\Users\\joaom\\.vscode\\extensions\\uqbar.wollok-lsp-ide-0.5.2\\out\\server\\src\\server.js:2362:2988\n    at c:\\Users\\joaom\\.vscode\\extensions\\uqbar.wollok-lsp-ide-0.5.2\\out\\server\\src\\server.js:2371:8440\n    at c:\\Users\\joaom\\.vscode\\extensions\\uqbar.wollok-lsp-ide-0.5.2\\out\\server\\src\\server.js:37:74872\n    at Ye (c:\\Users\\joaom\\.vscode\\extensions\\uqbar.wollok-lsp-ide-0.5.2\\out\\server\\src\\server.js:7:8527)","timestamp":"2025-07-05T23:00:27.867Z"}
{"level":"info","message":"⌛ Validating arcaneBastion.wtest","timeElapsed":127,"timestamp":"2025-07-05T23:00:28.013Z"}
{"level":"info","message":"⌛ Validating arcaneBastion.wtest","timeElapsed":118,"timestamp":"2025-07-05T23:00:28.322Z"}
{"level":"info","message":"⌛ Validating arcaneBastion.wtest","timeElapsed":105,"timestamp":"2025-07-05T23:00:28.427Z"}
{"level":"info","message":"⌛ Validating arcaneBastion.wtest","timeElapsed":162,"timestamp":"2025-07-05T23:00:28.675Z"}
{"level":"info","message":"⌛ Validating arcaneBastion.wtest","timeElapsed":132,"timestamp":"2025-07-05T23:00:29.022Z"}
{"level":"info","message":"⌛ Validating arcaneBastion.wtest","timeElapsed":110,"timestamp":"2025-07-05T23:00:29.229Z"}
{"level":"info","message":"⌛ Validating arcaneBastion.wtest","timeElapsed":105,"timestamp":"2025-07-05T23:00:29.568Z"}
{"level":"info","message":"⌛ Building environment","timeElapsed":255,"timestamp":"2025-07-05T23:00:29.826Z"}
{"level":"info","message":"⌛ Validating arcaneBastion.wtest","timeElapsed":134,"timestamp":"2025-07-05T23:00:29.961Z"}
{"level":"info","message":"⌛ Validating arcaneBastion.wtest","timeElapsed":116,"timestamp":"2025-07-05T23:00:30.081Z"}
{"level":"info","message":"⌛ Validating arcaneBastion.wtest","timeElapsed":113,"timestamp":"2025-07-05T23:00:30.195Z"}
{"level":"info","message":"⌛ Validating arcaneBastion.wtest","timeElapsed":110,"timestamp":"2025-07-05T23:00:30.309Z"}
{"level":"info","message":"⌛ Validating arcaneBastion.wtest","timeElapsed":112,"timestamp":"2025-07-05T23:00:30.501Z"}
{"level":"info","message":"⌛ Building environment","timeElapsed":120,"timestamp":"2025-07-05T23:00:40.246Z"}
{"level":"error","message":"✘ Completions for node NamedArgument ([6:77, 6:87] - arcaneBastion.wtest) failed: Error: [NamedArgument]{2d565d} at arcaneBastion.wtest:6 exhausted all cases without a match [NamedArgument]{2d565d} at arcaneBastion.wtest:6 exhausted all cases without a match","stack":"Error: [NamedArgument]{2d565d} at arcaneBastion.wtest:6 exhausted all cases without a match\n    at c:\\Users\\joaom\\.vscode\\extensions\\uqbar.wollok-lsp-ide-0.5.2\\out\\server\\src\\server.js:38:6142\n    at C2 (c:\\Users\\joaom\\.vscode\\extensions\\uqbar.wollok-lsp-ide-0.5.2\\out\\server\\src\\server.js:2362:42)\n    at Gh (c:\\Users\\joaom\\.vscode\\extensions\\uqbar.wollok-lsp-ide-0.5.2\\out\\server\\src\\server.js:2362:1092)\n    at l8n (c:\\Users\\joaom\\.vscode\\extensions\\uqbar.wollok-lsp-ide-0.5.2\\out\\server\\src\\server.js:2362:1248)\n    at c:\\Users\\joaom\\.vscode\\extensions\\uqbar.wollok-lsp-ide-0.5.2\\out\\server\\src\\server.js:38:6131\n    at C2 (c:\\Users\\joaom\\.vscode\\extensions\\uqbar.wollok-lsp-ide-0.5.2\\out\\server\\src\\server.js:2362:42)\n    at c:\\Users\\joaom\\.vscode\\extensions\\uqbar.wollok-lsp-ide-0.5.2\\out\\server\\src\\server.js:2362:2988\n    at c:\\Users\\joaom\\.vscode\\extensions\\uqbar.wollok-lsp-ide-0.5.2\\out\\server\\src\\server.js:2371:8440\n    at c:\\Users\\joaom\\.vscode\\extensions\\uqbar.wollok-lsp-ide-0.5.2\\out\\server\\src\\server.js:37:74872\n    at Ye (c:\\Users\\joaom\\.vscode\\extensions\\uqbar.wollok-lsp-ide-0.5.2\\out\\server\\src\\server.js:7:8527)","timestamp":"2025-07-05T23:00:40.279Z"}
{"level":"info","message":"⌛ Validating arcaneBastion.wtest","timeElapsed":129,"timestamp":"2025-07-05T23:00:40.513Z"}
{"level":"info","message":"⌛ Validating arcaneBastion.wtest","timeElapsed":126,"timestamp":"2025-07-05T23:00:40.639Z"}
{"level":"info","message":"⌛ Validating arcaneBastion.wtest","timeElapsed":112,"timestamp":"2025-07-05T23:00:40.935Z"}
{"level":"info","message":"⌛ Validating arcaneBastion.wtest","timeElapsed":121,"timestamp":"2025-07-05T23:00:41.164Z"}
{"level":"info","message":"⌛ Validating arcaneBastion.wtest","timeElapsed":196,"timestamp":"2025-07-05T23:00:41.360Z"}
{"level":"info","message":"⌛ Validating arcaneBastion.wtest","timeElapsed":117,"timestamp":"2025-07-05T23:00:41.669Z"}
{"level":"info","message":"⌛ Validating arcaneBastion.wtest","timeElapsed":125,"timestamp":"2025-07-05T23:00:41.963Z"}
{"level":"info","message":"⌛ Validating arcaneBastion.wtest","timeElapsed":109,"timestamp":"2025-07-05T23:00:42.231Z"}
{"level":"info","message":"⌛ Validating arcaneBastion.wtest","timeElapsed":115,"timestamp":"2025-07-05T23:00:42.346Z"}
{"level":"info","message":"⌛ Validating arcaneBastion.wtest","timeElapsed":109,"timestamp":"2025-07-05T23:00:42.461Z"}
{"level":"info","message":"⌛ Validating arcaneBastion.wtest","timeElapsed":147,"timestamp":"2025-07-05T23:00:42.685Z"}
{"level":"info","message":"⌛ Validating arcaneBastion.wtest","timeElapsed":115,"timestamp":"2025-07-05T23:00:42.806Z"}
{"level":"info","message":"🧪 Test runner executed on c:\\Users\\joaom\\Documents\\asd-main","result":{"errored":1,"failed":0,"ok":0},"testsFailed":[{"error":["wollok.lang.EvaluationError: RangeError: Message: frames: receiver produces no value. Cannot send message frames","  at frames/0 [arcaneBastion.wtest:6]\r","  at arcaneBastion.\"La colision del hechizo empieza una posicon adelante en x \" [arcaneBastion.wtest:6]"],"test":"arcaneBastion.\"La colision del hechizo empieza una posicon adelante en x \""}],"timeElapsed":612,"timestamp":"2025-07-05T23:00:54.110Z"}
{"level":"info","message":"⌛ Validating arcaneBastion.wtest","timeElapsed":129,"timestamp":"2025-07-05T23:01:45.676Z"}
{"level":"error","message":"✘ Completions for node Send ([6:86, 6:96] - arcaneBastion.wtest) failed: Error: [Send]{734855} at arcaneBastion.wtest:6 exhausted all cases without a match [Send]{734855} at arcaneBastion.wtest:6 exhausted all cases without a match","stack":"Error: [Send]{734855} at arcaneBastion.wtest:6 exhausted all cases without a match\n    at c:\\Users\\joaom\\.vscode\\extensions\\uqbar.wollok-lsp-ide-0.5.2\\out\\server\\src\\server.js:38:6142\n    at C2 (c:\\Users\\joaom\\.vscode\\extensions\\uqbar.wollok-lsp-ide-0.5.2\\out\\server\\src\\server.js:2362:42)\n    at Gh (c:\\Users\\joaom\\.vscode\\extensions\\uqbar.wollok-lsp-ide-0.5.2\\out\\server\\src\\server.js:2362:1092)\n    at l8n (c:\\Users\\joaom\\.vscode\\extensions\\uqbar.wollok-lsp-ide-0.5.2\\out\\server\\src\\server.js:2362:1248)\n    at c:\\Users\\joaom\\.vscode\\extensions\\uqbar.wollok-lsp-ide-0.5.2\\out\\server\\src\\server.js:38:6131\n    at C2 (c:\\Users\\joaom\\.vscode\\extensions\\uqbar.wollok-lsp-ide-0.5.2\\out\\server\\src\\server.js:2362:42)\n    at c:\\Users\\joaom\\.vscode\\extensions\\uqbar.wollok-lsp-ide-0.5.2\\out\\server\\src\\server.js:2362:2988\n    at c:\\Users\\joaom\\.vscode\\extensions\\uqbar.wollok-lsp-ide-0.5.2\\out\\server\\src\\server.js:2371:8440\n    at c:\\Users\\joaom\\.vscode\\extensions\\uqbar.wollok-lsp-ide-0.5.2\\out\\server\\src\\server.js:37:74872\n    at Ye (c:\\Users\\joaom\\.vscode\\extensions\\uqbar.wollok-lsp-ide-0.5.2\\out\\server\\src\\server.js:7:8527)","timestamp":"2025-07-05T23:01:53.382Z"}
{"level":"error","message":"✘ Completions for node NamedArgument ([6:77, 6:96] - arcaneBastion.wtest) failed: Error: [NamedArgument]{298c34} at arcaneBastion.wtest:6 exhausted all cases without a match [NamedArgument]{298c34} at arcaneBastion.wtest:6 exhausted all cases without a match","stack":"Error: [NamedArgument]{298c34} at arcaneBastion.wtest:6 exhausted all cases without a match\n    at c:\\Users\\joaom\\.vscode\\extensions\\uqbar.wollok-lsp-ide-0.5.2\\out\\server\\src\\server.js:38:6142\n    at C2 (c:\\Users\\joaom\\.vscode\\extensions\\uqbar.wollok-lsp-ide-0.5.2\\out\\server\\src\\server.js:2362:42)\n    at Gh (c:\\Users\\joaom\\.vscode\\extensions\\uqbar.wollok-lsp-ide-0.5.2\\out\\server\\src\\server.js:2362:1092)\n    at C2 (c:\\Users\\joaom\\.vscode\\extensions\\uqbar.wollok-lsp-ide-0.5.2\\out\\server\\src\\server.js:2362:544)\n    at Gh (c:\\Users\\joaom\\.vscode\\extensions\\uqbar.wollok-lsp-ide-0.5.2\\out\\server\\src\\server.js:2362:1092)\n    at l8n (c:\\Users\\joaom\\.vscode\\extensions\\uqbar.wollok-lsp-ide-0.5.2\\out\\server\\src\\server.js:2362:1248)\n    at c:\\Users\\joaom\\.vscode\\extensions\\uqbar.wollok-lsp-ide-0.5.2\\out\\server\\src\\server.js:38:6131\n    at C2 (c:\\Users\\joaom\\.vscode\\extensions\\uqbar.wollok-lsp-ide-0.5.2\\out\\server\\src\\server.js:2362:42)\n    at c:\\Users\\joaom\\.vscode\\extensions\\uqbar.wollok-lsp-ide-0.5.2\\out\\server\\src\\server.js:2362:2988\n    at c:\\Users\\joaom\\.vscode\\extensions\\uqbar.wollok-lsp-ide-0.5.2\\out\\server\\src\\server.js:2371:8440","timestamp":"2025-07-05T23:01:53.382Z"}
{"level":"info","message":"⌛ Validating arcaneBastion.wtest","timeElapsed":156,"timestamp":"2025-07-05T23:01:53.540Z"}
{"level":"info","message":"⌛ Validating arcaneBastion.wtest","timeElapsed":109,"timestamp":"2025-07-05T23:01:53.735Z"}
{"level":"info","message":"⌛ Validating arcaneBastion.wtest","timeElapsed":145,"timestamp":"2025-07-05T23:01:54.080Z"}
{"level":"info","message":"⌛ Validating arcaneBastion.wtest","timeElapsed":128,"timestamp":"2025-07-05T23:01:54.437Z"}
{"level":"info","message":"⌛ Validating arcaneBastion.wtest","timeElapsed":126,"timestamp":"2025-07-05T23:01:54.649Z"}
{"level":"info","message":"⌛ Validating arcaneBastion.wtest","timeElapsed":125,"timestamp":"2025-07-05T23:01:54.848Z"}
{"level":"info","message":"⌛ Validating arcaneBastion.wtest","timeElapsed":110,"timestamp":"2025-07-05T23:01:55.037Z"}
{"level":"info","message":"⌛ Validating arcaneBastion.wtest","timeElapsed":113,"timestamp":"2025-07-05T23:01:55.229Z"}
{"level":"info","message":"⌛ Validating arcaneBastion.wtest","timeElapsed":105,"timestamp":"2025-07-05T23:01:55.339Z"}
{"level":"info","message":"⌛ Building environment","timeElapsed":191,"timestamp":"2025-07-05T23:01:55.530Z"}
{"level":"info","message":"⌛ Validating arcaneBastion.wtest","timeElapsed":109,"timestamp":"2025-07-05T23:01:55.655Z"}
{"level":"info","message":"⌛ Building environment","timeElapsed":115,"timestamp":"2025-07-05T23:01:59.643Z"}
{"level":"error","message":"✘ Completions for node Send ([6:116, 6:125] - arcaneBastion.wtest) failed: Error: [Send]{7d8eb1} at arcaneBastion.wtest:6 exhausted all cases without a match [Send]{7d8eb1} at arcaneBastion.wtest:6 exhausted all cases without a match","stack":"Error: [Send]{7d8eb1} at arcaneBastion.wtest:6 exhausted all cases without a match\n    at c:\\Users\\joaom\\.vscode\\extensions\\uqbar.wollok-lsp-ide-0.5.2\\out\\server\\src\\server.js:38:6142\n    at C2 (c:\\Users\\joaom\\.vscode\\extensions\\uqbar.wollok-lsp-ide-0.5.2\\out\\server\\src\\server.js:2362:42)\n    at Gh (c:\\Users\\joaom\\.vscode\\extensions\\uqbar.wollok-lsp-ide-0.5.2\\out\\server\\src\\server.js:2362:1092)\n    at l8n (c:\\Users\\joaom\\.vscode\\extensions\\uqbar.wollok-lsp-ide-0.5.2\\out\\server\\src\\server.js:2362:1248)\n    at c:\\Users\\joaom\\.vscode\\extensions\\uqbar.wollok-lsp-ide-0.5.2\\out\\server\\src\\server.js:38:6131\n    at C2 (c:\\Users\\joaom\\.vscode\\extensions\\uqbar.wollok-lsp-ide-0.5.2\\out\\server\\src\\server.js:2362:42)\n    at c:\\Users\\joaom\\.vscode\\extensions\\uqbar.wollok-lsp-ide-0.5.2\\out\\server\\src\\server.js:2362:2988\n    at c:\\Users\\joaom\\.vscode\\extensions\\uqbar.wollok-lsp-ide-0.5.2\\out\\server\\src\\server.js:2371:8440\n    at c:\\Users\\joaom\\.vscode\\extensions\\uqbar.wollok-lsp-ide-0.5.2\\out\\server\\src\\server.js:37:74872\n    at Ye (c:\\Users\\joaom\\.vscode\\extensions\\uqbar.wollok-lsp-ide-0.5.2\\out\\server\\src\\server.js:7:8527)","timestamp":"2025-07-05T23:01:59.680Z"}
{"level":"error","message":"✘ Completions for node NamedArgument ([6:108, 6:125] - arcaneBastion.wtest) failed: Error: [NamedArgument]{c4bc6e} at arcaneBastion.wtest:6 exhausted all cases without a match [NamedArgument]{c4bc6e} at arcaneBastion.wtest:6 exhausted all cases without a match","stack":"Error: [NamedArgument]{c4bc6e} at arcaneBastion.wtest:6 exhausted all cases without a match\n    at c:\\Users\\joaom\\.vscode\\extensions\\uqbar.wollok-lsp-ide-0.5.2\\out\\server\\src\\server.js:38:6142\n    at C2 (c:\\Users\\joaom\\.vscode\\extensions\\uqbar.wollok-lsp-ide-0.5.2\\out\\server\\src\\server.js:2362:42)\n    at Gh (c:\\Users\\joaom\\.vscode\\extensions\\uqbar.wollok-lsp-ide-0.5.2\\out\\server\\src\\server.js:2362:1092)\n    at C2 (c:\\Users\\joaom\\.vscode\\extensions\\uqbar.wollok-lsp-ide-0.5.2\\out\\server\\src\\server.js:2362:544)\n    at Gh (c:\\Users\\joaom\\.vscode\\extensions\\uqbar.wollok-lsp-ide-0.5.2\\out\\server\\src\\server.js:2362:1092)\n    at l8n (c:\\Users\\joaom\\.vscode\\extensions\\uqbar.wollok-lsp-ide-0.5.2\\out\\server\\src\\server.js:2362:1248)\n    at c:\\Users\\joaom\\.vscode\\extensions\\uqbar.wollok-lsp-ide-0.5.2\\out\\server\\src\\server.js:38:6131\n    at C2 (c:\\Users\\joaom\\.vscode\\extensions\\uqbar.wollok-lsp-ide-0.5.2\\out\\server\\src\\server.js:2362:42)\n    at c:\\Users\\joaom\\.vscode\\extensions\\uqbar.wollok-lsp-ide-0.5.2\\out\\server\\src\\server.js:2362:2988\n    at c:\\Users\\joaom\\.vscode\\extensions\\uqbar.wollok-lsp-ide-0.5.2\\out\\server\\src\\server.js:2371:8440","timestamp":"2025-07-05T23:01:59.680Z"}
{"level":"info","message":"⌛ Validating arcaneBastion.wtest","timeElapsed":108,"timestamp":"2025-07-05T23:01:59.870Z"}
{"level":"info","message":"⌛ Validating arcaneBastion.wtest","timeElapsed":113,"timestamp":"2025-07-05T23:01:59.983Z"}
{"level":"info","message":"⌛ Building environment","timeElapsed":103,"timestamp":"2025-07-05T23:02:00.095Z"}
{"level":"info","message":"⌛ Validating arcaneBastion.wtest","timeElapsed":169,"timestamp":"2025-07-05T23:02:00.286Z"}
{"level":"info","message":"⌛ Validating arcaneBastion.wtest","timeElapsed":118,"timestamp":"2025-07-05T23:02:00.595Z"}
{"level":"info","message":"⌛ Validating arcaneBastion.wtest","timeElapsed":138,"timestamp":"2025-07-05T23:02:00.733Z"}
{"level":"info","message":"⌛ Building environment","timeElapsed":109,"timestamp":"2025-07-05T23:02:01.142Z"}
{"level":"info","message":"⌛ Validating arcaneBastion.wtest","timeElapsed":104,"timestamp":"2025-07-05T23:02:01.343Z"}
{"level":"info","message":"⌛ Building environment","timeElapsed":180,"timestamp":"2025-07-05T23:02:01.525Z"}
{"level":"info","message":"⌛ Validating arcaneBastion.wtest","timeElapsed":134,"timestamp":"2025-07-05T23:02:01.673Z"}
{"level":"info","message":"⌛ Validating arcaneBastion.wtest","timeElapsed":114,"timestamp":"2025-07-05T23:02:01.787Z"}
{"level":"info","message":"⌛ Validating arcaneBastion.wtest","timeElapsed":104,"timestamp":"2025-07-05T23:02:01.898Z"}
{"level":"info","message":"⌛ Validating arcaneBastion.wtest","timeElapsed":104,"timestamp":"2025-07-05T23:02:02.003Z"}
{"level":"info","message":"⌛ Validating arcaneBastion.wtest","timeElapsed":107,"timestamp":"2025-07-05T23:02:02.197Z"}
{"level":"info","message":"⌛ Validating arcaneBastion.wtest","timeElapsed":105,"timestamp":"2025-07-05T23:02:02.630Z"}
{"level":"info","message":"⌛ Validating arcaneBastion.wtest","timeElapsed":105,"timestamp":"2025-07-05T23:02:02.944Z"}
{"level":"info","message":"⌛ Building environment","timeElapsed":112,"timestamp":"2025-07-05T23:02:04.311Z"}
{"level":"info","message":"⌛ Validating arcaneBastion.wtest","timeElapsed":116,"timestamp":"2025-07-05T23:02:04.436Z"}
{"level":"error","message":"✘ Completions for node Send ([6:116, 6:125] - arcaneBastion.wtest) failed: Error: [Send]{2ba1ea} at arcaneBastion.wtest:6 exhausted all cases without a match [Send]{2ba1ea} at arcaneBastion.wtest:6 exhausted all cases without a match","stack":"Error: [Send]{2ba1ea} at arcaneBastion.wtest:6 exhausted all cases without a match\n    at c:\\Users\\joaom\\.vscode\\extensions\\uqbar.wollok-lsp-ide-0.5.2\\out\\server\\src\\server.js:38:6142\n    at C2 (c:\\Users\\joaom\\.vscode\\extensions\\uqbar.wollok-lsp-ide-0.5.2\\out\\server\\src\\server.js:2362:42)\n    at Gh (c:\\Users\\joaom\\.vscode\\extensions\\uqbar.wollok-lsp-ide-0.5.2\\out\\server\\src\\server.js:2362:1092)\n    at l8n (c:\\Users\\joaom\\.vscode\\extensions\\uqbar.wollok-lsp-ide-0.5.2\\out\\server\\src\\server.js:2362:1248)\n    at c:\\Users\\joaom\\.vscode\\extensions\\uqbar.wollok-lsp-ide-0.5.2\\out\\server\\src\\server.js:38:6131\n    at C2 (c:\\Users\\joaom\\.vscode\\extensions\\uqbar.wollok-lsp-ide-0.5.2\\out\\server\\src\\server.js:2362:42)\n    at c:\\Users\\joaom\\.vscode\\extensions\\uqbar.wollok-lsp-ide-0.5.2\\out\\server\\src\\server.js:2362:2988\n    at c:\\Users\\joaom\\.vscode\\extensions\\uqbar.wollok-lsp-ide-0.5.2\\out\\server\\src\\server.js:2371:8440\n    at c:\\Users\\joaom\\.vscode\\extensions\\uqbar.wollok-lsp-ide-0.5.2\\out\\server\\src\\server.js:37:74872\n    at Ye (c:\\Users\\joaom\\.vscode\\extensions\\uqbar.wollok-lsp-ide-0.5.2\\out\\server\\src\\server.js:7:8527)","timestamp":"2025-07-05T23:02:04.546Z"}
{"level":"error","message":"✘ Completions for node NamedArgument ([6:108, 6:125] - arcaneBastion.wtest) failed: Error: [NamedArgument]{2281d2} at arcaneBastion.wtest:6 exhausted all cases without a match [NamedArgument]{2281d2} at arcaneBastion.wtest:6 exhausted all cases without a match","stack":"Error: [NamedArgument]{2281d2} at arcaneBastion.wtest:6 exhausted all cases without a match\n    at c:\\Users\\joaom\\.vscode\\extensions\\uqbar.wollok-lsp-ide-0.5.2\\out\\server\\src\\server.js:38:6142\n    at C2 (c:\\Users\\joaom\\.vscode\\extensions\\uqbar.wollok-lsp-ide-0.5.2\\out\\server\\src\\server.js:2362:42)\n    at Gh (c:\\Users\\joaom\\.vscode\\extensions\\uqbar.wollok-lsp-ide-0.5.2\\out\\server\\src\\server.js:2362:1092)\n    at C2 (c:\\Users\\joaom\\.vscode\\extensions\\uqbar.wollok-lsp-ide-0.5.2\\out\\server\\src\\server.js:2362:544)\n    at Gh (c:\\Users\\joaom\\.vscode\\extensions\\uqbar.wollok-lsp-ide-0.5.2\\out\\server\\src\\server.js:2362:1092)\n    at l8n (c:\\Users\\joaom\\.vscode\\extensions\\uqbar.wollok-lsp-ide-0.5.2\\out\\server\\src\\server.js:2362:1248)\n    at c:\\Users\\joaom\\.vscode\\extensions\\uqbar.wollok-lsp-ide-0.5.2\\out\\server\\src\\server.js:38:6131\n    at C2 (c:\\Users\\joaom\\.vscode\\extensions\\uqbar.wollok-lsp-ide-0.5.2\\out\\server\\src\\server.js:2362:42)\n    at c:\\Users\\joaom\\.vscode\\extensions\\uqbar.wollok-lsp-ide-0.5.2\\out\\server\\src\\server.js:2362:2988\n    at c:\\Users\\joaom\\.vscode\\extensions\\uqbar.wollok-lsp-ide-0.5.2\\out\\server\\src\\server.js:2371:8440","timestamp":"2025-07-05T23:02:04.547Z"}
{"level":"info","message":"⌛ Building environment","timeElapsed":148,"timestamp":"2025-07-05T23:02:04.696Z"}
{"level":"info","message":"⌛ Validating arcaneBastion.wtest","timeElapsed":112,"timestamp":"2025-07-05T23:02:04.824Z"}
{"level":"info","message":"⌛ Validating arcaneBastion.wtest","timeElapsed":112,"timestamp":"2025-07-05T23:02:05.014Z"}
{"level":"info","message":"⌛ Validating arcaneBastion.wtest","timeElapsed":110,"timestamp":"2025-07-05T23:02:05.309Z"}
{"level":"info","message":"⌛ Validating arcaneBastion.wtest","timeElapsed":104,"timestamp":"2025-07-05T23:02:05.413Z"}
{"level":"info","message":"⌛ Validating arcaneBastion.wtest","timeElapsed":108,"timestamp":"2025-07-05T23:02:05.527Z"}
{"level":"info","message":"⌛ Building environment","timeElapsed":104,"timestamp":"2025-07-05T23:02:05.925Z"}
{"level":"info","message":"⌛ Validating arcaneBastion.wtest","timeElapsed":110,"timestamp":"2025-07-05T23:02:06.035Z"}
{"level":"info","message":"⌛ Building environment","timeElapsed":158,"timestamp":"2025-07-05T23:02:06.193Z"}
{"level":"error","message":"✘ Completions for node Send ([6:116, 6:127] - arcaneBastion.wtest) failed: Error: [Send]{1ee820} at arcaneBastion.wtest:6 exhausted all cases without a match [Send]{1ee820} at arcaneBastion.wtest:6 exhausted all cases without a match","stack":"Error: [Send]{1ee820} at arcaneBastion.wtest:6 exhausted all cases without a match\n    at c:\\Users\\joaom\\.vscode\\extensions\\uqbar.wollok-lsp-ide-0.5.2\\out\\server\\src\\server.js:38:6142\n    at C2 (c:\\Users\\joaom\\.vscode\\extensions\\uqbar.wollok-lsp-ide-0.5.2\\out\\server\\src\\server.js:2362:42)\n    at Gh (c:\\Users\\joaom\\.vscode\\extensions\\uqbar.wollok-lsp-ide-0.5.2\\out\\server\\src\\server.js:2362:1092)\n    at l8n (c:\\Users\\joaom\\.vscode\\extensions\\uqbar.wollok-lsp-ide-0.5.2\\out\\server\\src\\server.js:2362:1248)\n    at c:\\Users\\joaom\\.vscode\\extensions\\uqbar.wollok-lsp-ide-0.5.2\\out\\server\\src\\server.js:38:6131\n    at C2 (c:\\Users\\joaom\\.vscode\\extensions\\uqbar.wollok-lsp-ide-0.5.2\\out\\server\\src\\server.js:2362:42)\n    at c:\\Users\\joaom\\.vscode\\extensions\\uqbar.wollok-lsp-ide-0.5.2\\out\\server\\src\\server.js:2362:2988\n    at c:\\Users\\joaom\\.vscode\\extensions\\uqbar.wollok-lsp-ide-0.5.2\\out\\server\\src\\server.js:2371:8440\n    at c:\\Users\\joaom\\.vscode\\extensions\\uqbar.wollok-lsp-ide-0.5.2\\out\\server\\src\\server.js:37:74872\n    at Ye (c:\\Users\\joaom\\.vscode\\extensions\\uqbar.wollok-lsp-ide-0.5.2\\out\\server\\src\\server.js:7:8527)","timestamp":"2025-07-05T23:02:06.223Z"}
{"level":"error","message":"✘ Completions for node NamedArgument ([6:108, 6:127] - arcaneBastion.wtest) failed: Error: [NamedArgument]{f2d3d6} at arcaneBastion.wtest:6 exhausted all cases without a match [NamedArgument]{f2d3d6} at arcaneBastion.wtest:6 exhausted all cases without a match","stack":"Error: [NamedArgument]{f2d3d6} at arcaneBastion.wtest:6 exhausted all cases without a match\n    at c:\\Users\\joaom\\.vscode\\extensions\\uqbar.wollok-lsp-ide-0.5.2\\out\\server\\src\\server.js:38:6142\n    at C2 (c:\\Users\\joaom\\.vscode\\extensions\\uqbar.wollok-lsp-ide-0.5.2\\out\\server\\src\\server.js:2362:42)\n    at Gh (c:\\Users\\joaom\\.vscode\\extensions\\uqbar.wollok-lsp-ide-0.5.2\\out\\server\\src\\server.js:2362:1092)\n    at C2 (c:\\Users\\joaom\\.vscode\\extensions\\uqbar.wollok-lsp-ide-0.5.2\\out\\server\\src\\server.js:2362:544)\n    at Gh (c:\\Users\\joaom\\.vscode\\extensions\\uqbar.wollok-lsp-ide-0.5.2\\out\\server\\src\\server.js:2362:1092)\n    at l8n (c:\\Users\\joaom\\.vscode\\extensions\\uqbar.wollok-lsp-ide-0.5.2\\out\\server\\src\\server.js:2362:1248)\n    at c:\\Users\\joaom\\.vscode\\extensions\\uqbar.wollok-lsp-ide-0.5.2\\out\\server\\src\\server.js:38:6131\n    at C2 (c:\\Users\\joaom\\.vscode\\extensions\\uqbar.wollok-lsp-ide-0.5.2\\out\\server\\src\\server.js:2362:42)\n    at c:\\Users\\joaom\\.vscode\\extensions\\uqbar.wollok-lsp-ide-0.5.2\\out\\server\\src\\server.js:2362:2988\n    at c:\\Users\\joaom\\.vscode\\extensions\\uqbar.wollok-lsp-ide-0.5.2\\out\\server\\src\\server.js:2371:8440","timestamp":"2025-07-05T23:02:06.223Z"}
{"level":"info","message":"⌛ Validating arcaneBastion.wtest","timeElapsed":105,"timestamp":"2025-07-05T23:02:06.407Z"}
{"level":"info","message":"⌛ Validating arcaneBastion.wtest","timeElapsed":111,"timestamp":"2025-07-05T23:02:06.519Z"}
{"level":"info","message":"🧪 Test runner executed on c:\\Users\\joaom\\Documents\\asd-main","result":{"errored":1,"failed":0,"ok":0},"testsFailed":[{"error":["wollok.lang.EvaluationError: RangeError: Message: tipo: receiver produces no value. Cannot send message tipo","  at frames/0 [arcaneBastion.wtest:6]\r","  at arcaneBastion.\"La colision del hechizo empieza una posicon adelante en x \" [arcaneBastion.wtest:6]"],"test":"arcaneBastion.\"La colision del hechizo empieza una posicon adelante en x \""}],"timeElapsed":596,"timestamp":"2025-07-05T23:02:18.443Z"}
{"level":"info","message":"⌛ Validating arcaneBastion.wtest","timeElapsed":143,"timestamp":"2025-07-05T23:03:02.415Z"}
{"errors":{"errors":[null,["/*\r","que podria hacer para que cuando se apriete 1 el mago cambie \r","su tipo de magia a tipoHielo: y dispare y asi con los demas\r"]]},"level":"error","message":"✘ Failed to get type description: Error: {\n  \"errors\": [\n    null,\n    [\n      \"/*\\r\",\n      \"que podria hacer para que cuando se apriete 1 el mago cambie \\r\",\n      \"su tipo de magia a tipoHielo: y dispare y asi con los demas\\r\"\n    ]\n  ]\n} {\n  \"errors\": [\n    null,\n    [\n      \"/*\\r\",\n      \"que podria hacer para que cuando se apriete 1 el mago cambie \\r\",\n      \"su tipo de magia a tipoHielo: y dispare y asi con los demas\\r\"\n    ]\n  ]\n}","stack":"Error: {\n  \"errors\": [\n    null,\n    [\n      \"/*\\r\",\n      \"que podria hacer para que cuando se apriete 1 el mago cambie \\r\",\n      \"su tipo de magia a tipoHielo: y dispare y asi con los demas\\r\"\n    ]\n  ]\n}\n    at pS (c:\\Users\\joaom\\.vscode\\extensions\\uqbar.wollok-lsp-ide-0.5.2\\out\\server\\src\\server.js:64:34609)\n    at G1 (c:\\Users\\joaom\\.vscode\\extensions\\uqbar.wollok-lsp-ide-0.5.2\\out\\server\\src\\server.js:64:34682)\n    at c:\\Users\\joaom\\.vscode\\extensions\\uqbar.wollok-lsp-ide-0.5.2\\out\\server\\src\\server.js:64:37949\n    at o.v1 (c:\\Users\\joaom\\.vscode\\extensions\\uqbar.wollok-lsp-ide-0.5.2\\out\\server\\src\\server.js:57:57694)\n    at c:\\Users\\joaom\\.vscode\\extensions\\uqbar.wollok-lsp-ide-0.5.2\\out\\server\\src\\server.js:64:37918\n    at c:\\Users\\joaom\\.vscode\\extensions\\uqbar.wollok-lsp-ide-0.5.2\\out\\server\\src\\server.js:57:55734\n    at Ofn (c:\\Users\\joaom\\.vscode\\extensions\\uqbar.wollok-lsp-ide-0.5.2\\out\\server\\src\\server.js:68:11324)\n    at c:\\Users\\joaom\\.vscode\\extensions\\uqbar.wollok-lsp-ide-0.5.2\\out\\server\\src\\server.js:68:3629\n    at Array.map (<anonymous>)\n    at c:\\Users\\joaom\\.vscode\\extensions\\uqbar.wollok-lsp-ide-0.5.2\\out\\server\\src\\server.js:68:4693","timestamp":"2025-07-05T23:03:12.104Z"}
{"level":"info","message":"⌛ Building environment","timeElapsed":161,"timestamp":"2025-07-05T23:05:15.710Z"}
{"level":"info","message":"⌛ Validating arcaneBastion.wtest","timeElapsed":164,"timestamp":"2025-07-05T23:05:15.877Z"}
{"level":"info","message":"⌛ Building environment","timeElapsed":124,"timestamp":"2025-07-05T23:05:21.012Z"}
{"level":"error","message":"✘ Completions for node Send ([6:86, 6:94] - arcaneBastion.wtest) failed: Error: [Send]{3a4ee1} at arcaneBastion.wtest:6 exhausted all cases without a match [Send]{3a4ee1} at arcaneBastion.wtest:6 exhausted all cases without a match","stack":"Error: [Send]{3a4ee1} at arcaneBastion.wtest:6 exhausted all cases without a match\n    at c:\\Users\\joaom\\.vscode\\extensions\\uqbar.wollok-lsp-ide-0.5.2\\out\\server\\src\\server.js:38:6142\n    at C2 (c:\\Users\\joaom\\.vscode\\extensions\\uqbar.wollok-lsp-ide-0.5.2\\out\\server\\src\\server.js:2362:42)\n    at Gh (c:\\Users\\joaom\\.vscode\\extensions\\uqbar.wollok-lsp-ide-0.5.2\\out\\server\\src\\server.js:2362:1092)\n    at l8n (c:\\Users\\joaom\\.vscode\\extensions\\uqbar.wollok-lsp-ide-0.5.2\\out\\server\\src\\server.js:2362:1248)\n    at c:\\Users\\joaom\\.vscode\\extensions\\uqbar.wollok-lsp-ide-0.5.2\\out\\server\\src\\server.js:38:6131\n    at C2 (c:\\Users\\joaom\\.vscode\\extensions\\uqbar.wollok-lsp-ide-0.5.2\\out\\server\\src\\server.js:2362:42)\n    at c:\\Users\\joaom\\.vscode\\extensions\\uqbar.wollok-lsp-ide-0.5.2\\out\\server\\src\\server.js:2362:2988\n    at c:\\Users\\joaom\\.vscode\\extensions\\uqbar.wollok-lsp-ide-0.5.2\\out\\server\\src\\server.js:2371:8440\n    at c:\\Users\\joaom\\.vscode\\extensions\\uqbar.wollok-lsp-ide-0.5.2\\out\\server\\src\\server.js:37:74872\n    at Ye (c:\\Users\\joaom\\.vscode\\extensions\\uqbar.wollok-lsp-ide-0.5.2\\out\\server\\src\\server.js:7:8527)","timestamp":"2025-07-05T23:05:21.086Z"}
{"level":"error","message":"✘ Completions for node Send ([6:86, 6:103] - arcaneBastion.wtest) failed: Error: [Send]{621b6d} at arcaneBastion.wtest:6 exhausted all cases without a match [Send]{621b6d} at arcaneBastion.wtest:6 exhausted all cases without a match","stack":"Error: [Send]{621b6d} at arcaneBastion.wtest:6 exhausted all cases without a match\n    at c:\\Users\\joaom\\.vscode\\extensions\\uqbar.wollok-lsp-ide-0.5.2\\out\\server\\src\\server.js:38:6142\n    at C2 (c:\\Users\\joaom\\.vscode\\extensions\\uqbar.wollok-lsp-ide-0.5.2\\out\\server\\src\\server.js:2362:42)\n    at Gh (c:\\Users\\joaom\\.vscode\\extensions\\uqbar.wollok-lsp-ide-0.5.2\\out\\server\\src\\server.js:2362:1092)\n    at C2 (c:\\Users\\joaom\\.vscode\\extensions\\uqbar.wollok-lsp-ide-0.5.2\\out\\server\\src\\server.js:2362:544)\n    at Gh (c:\\Users\\joaom\\.vscode\\extensions\\uqbar.wollok-lsp-ide-0.5.2\\out\\server\\src\\server.js:2362:1092)\n    at l8n (c:\\Users\\joaom\\.vscode\\extensions\\uqbar.wollok-lsp-ide-0.5.2\\out\\server\\src\\server.js:2362:1248)\n    at c:\\Users\\joaom\\.vscode\\extensions\\uqbar.wollok-lsp-ide-0.5.2\\out\\server\\src\\server.js:38:6131\n    at C2 (c:\\Users\\joaom\\.vscode\\extensions\\uqbar.wollok-lsp-ide-0.5.2\\out\\server\\src\\server.js:2362:42)\n    at c:\\Users\\joaom\\.vscode\\extensions\\uqbar.wollok-lsp-ide-0.5.2\\out\\server\\src\\server.js:2362:2988\n    at c:\\Users\\joaom\\.vscode\\extensions\\uqbar.wollok-lsp-ide-0.5.2\\out\\server\\src\\server.js:2371:8440","timestamp":"2025-07-05T23:05:21.086Z"}
{"level":"error","message":"✘ Completions for node NamedArgument ([6:77, 6:103] - arcaneBastion.wtest) failed: Error: [NamedArgument]{d58287} at arcaneBastion.wtest:6 exhausted all cases without a match [NamedArgument]{d58287} at arcaneBastion.wtest:6 exhausted all cases without a match","stack":"Error: [NamedArgument]{d58287} at arcaneBastion.wtest:6 exhausted all cases without a match\n    at c:\\Users\\joaom\\.vscode\\extensions\\uqbar.wollok-lsp-ide-0.5.2\\out\\server\\src\\server.js:38:6142\n    at C2 (c:\\Users\\joaom\\.vscode\\extensions\\uqbar.wollok-lsp-ide-0.5.2\\out\\server\\src\\server.js:2362:42)\n    at Gh (c:\\Users\\joaom\\.vscode\\extensions\\uqbar.wollok-lsp-ide-0.5.2\\out\\server\\src\\server.js:2362:1092)\n    at C2 (c:\\Users\\joaom\\.vscode\\extensions\\uqbar.wollok-lsp-ide-0.5.2\\out\\server\\src\\server.js:2362:544)\n    at Gh (c:\\Users\\joaom\\.vscode\\extensions\\uqbar.wollok-lsp-ide-0.5.2\\out\\server\\src\\server.js:2362:1092)\n    at C2 (c:\\Users\\joaom\\.vscode\\extensions\\uqbar.wollok-lsp-ide-0.5.2\\out\\server\\src\\server.js:2362:544)\n    at Gh (c:\\Users\\joaom\\.vscode\\extensions\\uqbar.wollok-lsp-ide-0.5.2\\out\\server\\src\\server.js:2362:1092)\n    at l8n (c:\\Users\\joaom\\.vscode\\extensions\\uqbar.wollok-lsp-ide-0.5.2\\out\\server\\src\\server.js:2362:1248)\n    at c:\\Users\\joaom\\.vscode\\extensions\\uqbar.wollok-lsp-ide-0.5.2\\out\\server\\src\\server.js:38:6131\n    at C2 (c:\\Users\\joaom\\.vscode\\extensions\\uqbar.wollok-lsp-ide-0.5.2\\out\\server\\src\\server.js:2362:42)","timestamp":"2025-07-05T23:05:21.087Z"}
{"level":"info","message":"⌛ Validating arcaneBastion.wtest","timeElapsed":132,"timestamp":"2025-07-05T23:05:21.220Z"}
{"level":"info","message":"⌛ Building environment","timeElapsed":129,"timestamp":"2025-07-05T23:05:21.594Z"}
{"level":"info","message":"⌛ Validating arcaneBastion.wtest","timeElapsed":130,"timestamp":"2025-07-05T23:05:21.725Z"}
{"level":"info","message":"⌛ Validating arcaneBastion.wtest","timeElapsed":125,"timestamp":"2025-07-05T23:05:22.014Z"}
{"level":"info","message":"⌛ Validating arcaneBastion.wtest","timeElapsed":113,"timestamp":"2025-07-05T23:05:22.127Z"}
{"level":"info","message":"⌛ Validating arcaneBastion.wtest","timeElapsed":130,"timestamp":"2025-07-05T23:05:22.520Z"}
{"level":"error","message":"✘ Completions for node Send ([6:86, 6:94] - arcaneBastion.wtest) failed: Error: [Send]{4df8a1} at arcaneBastion.wtest:6 exhausted all cases without a match [Send]{4df8a1} at arcaneBastion.wtest:6 exhausted all cases without a match","stack":"Error: [Send]{4df8a1} at arcaneBastion.wtest:6 exhausted all cases without a match\n    at c:\\Users\\joaom\\.vscode\\extensions\\uqbar.wollok-lsp-ide-0.5.2\\out\\server\\src\\server.js:38:6142\n    at C2 (c:\\Users\\joaom\\.vscode\\extensions\\uqbar.wollok-lsp-ide-0.5.2\\out\\server\\src\\server.js:2362:42)\n    at Gh (c:\\Users\\joaom\\.vscode\\extensions\\uqbar.wollok-lsp-ide-0.5.2\\out\\server\\src\\server.js:2362:1092)\n    at l8n (c:\\Users\\joaom\\.vscode\\extensions\\uqbar.wollok-lsp-ide-0.5.2\\out\\server\\src\\server.js:2362:1248)\n    at c:\\Users\\joaom\\.vscode\\extensions\\uqbar.wollok-lsp-ide-0.5.2\\out\\server\\src\\server.js:38:6131\n    at C2 (c:\\Users\\joaom\\.vscode\\extensions\\uqbar.wollok-lsp-ide-0.5.2\\out\\server\\src\\server.js:2362:42)\n    at c:\\Users\\joaom\\.vscode\\extensions\\uqbar.wollok-lsp-ide-0.5.2\\out\\server\\src\\server.js:2362:2988\n    at c:\\Users\\joaom\\.vscode\\extensions\\uqbar.wollok-lsp-ide-0.5.2\\out\\server\\src\\server.js:2371:8440\n    at c:\\Users\\joaom\\.vscode\\extensions\\uqbar.wollok-lsp-ide-0.5.2\\out\\server\\src\\server.js:37:74872\n    at Ye (c:\\Users\\joaom\\.vscode\\extensions\\uqbar.wollok-lsp-ide-0.5.2\\out\\server\\src\\server.js:7:8527)","timestamp":"2025-07-05T23:05:22.551Z"}
{"level":"error","message":"✘ Completions for node Send ([6:86, 6:103] - arcaneBastion.wtest) failed: Error: [Send]{afaf26} at arcaneBastion.wtest:6 exhausted all cases without a match [Send]{afaf26} at arcaneBastion.wtest:6 exhausted all cases without a match","stack":"Error: [Send]{afaf26} at arcaneBastion.wtest:6 exhausted all cases without a match\n    at c:\\Users\\joaom\\.vscode\\extensions\\uqbar.wollok-lsp-ide-0.5.2\\out\\server\\src\\server.js:38:6142\n    at C2 (c:\\Users\\joaom\\.vscode\\extensions\\uqbar.wollok-lsp-ide-0.5.2\\out\\server\\src\\server.js:2362:42)\n    at Gh (c:\\Users\\joaom\\.vscode\\extensions\\uqbar.wollok-lsp-ide-0.5.2\\out\\server\\src\\server.js:2362:1092)\n    at C2 (c:\\Users\\joaom\\.vscode\\extensions\\uqbar.wollok-lsp-ide-0.5.2\\out\\server\\src\\server.js:2362:544)\n    at Gh (c:\\Users\\joaom\\.vscode\\extensions\\uqbar.wollok-lsp-ide-0.5.2\\out\\server\\src\\server.js:2362:1092)\n    at l8n (c:\\Users\\joaom\\.vscode\\extensions\\uqbar.wollok-lsp-ide-0.5.2\\out\\server\\src\\server.js:2362:1248)\n    at c:\\Users\\joaom\\.vscode\\extensions\\uqbar.wollok-lsp-ide-0.5.2\\out\\server\\src\\server.js:38:6131\n    at C2 (c:\\Users\\joaom\\.vscode\\extensions\\uqbar.wollok-lsp-ide-0.5.2\\out\\server\\src\\server.js:2362:42)\n    at c:\\Users\\joaom\\.vscode\\extensions\\uqbar.wollok-lsp-ide-0.5.2\\out\\server\\src\\server.js:2362:2988\n    at c:\\Users\\joaom\\.vscode\\extensions\\uqbar.wollok-lsp-ide-0.5.2\\out\\server\\src\\server.js:2371:8440","timestamp":"2025-07-05T23:05:22.551Z"}
{"level":"error","message":"✘ Completions for node NamedArgument ([6:77, 6:103] - arcaneBastion.wtest) failed: Error: [NamedArgument]{c60d8b} at arcaneBastion.wtest:6 exhausted all cases without a match [NamedArgument]{c60d8b} at arcaneBastion.wtest:6 exhausted all cases without a match","stack":"Error: [NamedArgument]{c60d8b} at arcaneBastion.wtest:6 exhausted all cases without a match\n    at c:\\Users\\joaom\\.vscode\\extensions\\uqbar.wollok-lsp-ide-0.5.2\\out\\server\\src\\server.js:38:6142\n    at C2 (c:\\Users\\joaom\\.vscode\\extensions\\uqbar.wollok-lsp-ide-0.5.2\\out\\server\\src\\server.js:2362:42)\n    at Gh (c:\\Users\\joaom\\.vscode\\extensions\\uqbar.wollok-lsp-ide-0.5.2\\out\\server\\src\\server.js:2362:1092)\n    at C2 (c:\\Users\\joaom\\.vscode\\extensions\\uqbar.wollok-lsp-ide-0.5.2\\out\\server\\src\\server.js:2362:544)\n    at Gh (c:\\Users\\joaom\\.vscode\\extensions\\uqbar.wollok-lsp-ide-0.5.2\\out\\server\\src\\server.js:2362:1092)\n    at C2 (c:\\Users\\joaom\\.vscode\\extensions\\uqbar.wollok-lsp-ide-0.5.2\\out\\server\\src\\server.js:2362:544)\n    at Gh (c:\\Users\\joaom\\.vscode\\extensions\\uqbar.wollok-lsp-ide-0.5.2\\out\\server\\src\\server.js:2362:1092)\n    at l8n (c:\\Users\\joaom\\.vscode\\extensions\\uqbar.wollok-lsp-ide-0.5.2\\out\\server\\src\\server.js:2362:1248)\n    at c:\\Users\\joaom\\.vscode\\extensions\\uqbar.wollok-lsp-ide-0.5.2\\out\\server\\src\\server.js:38:6131\n    at C2 (c:\\Users\\joaom\\.vscode\\extensions\\uqbar.wollok-lsp-ide-0.5.2\\out\\server\\src\\server.js:2362:42)","timestamp":"2025-07-05T23:05:22.551Z"}
{"level":"info","message":"⌛ Validating arcaneBastion.wtest","timeElapsed":125,"timestamp":"2025-07-05T23:05:22.677Z"}
{"level":"info","message":"⌛ Validating arcaneBastion.wtest","timeElapsed":113,"timestamp":"2025-07-05T23:05:22.791Z"}
{"level":"error","message":"✘ Completions for node Send ([6:86, 6:97] - arcaneBastion.wtest) failed: Error: [Send]{63f42f} at arcaneBastion.wtest:6 exhausted all cases without a match [Send]{63f42f} at arcaneBastion.wtest:6 exhausted all cases without a match","stack":"Error: [Send]{63f42f} at arcaneBastion.wtest:6 exhausted all cases without a match\n    at c:\\Users\\joaom\\.vscode\\extensions\\uqbar.wollok-lsp-ide-0.5.2\\out\\server\\src\\server.js:38:6142\n    at C2 (c:\\Users\\joaom\\.vscode\\extensions\\uqbar.wollok-lsp-ide-0.5.2\\out\\server\\src\\server.js:2362:42)\n    at Gh (c:\\Users\\joaom\\.vscode\\extensions\\uqbar.wollok-lsp-ide-0.5.2\\out\\server\\src\\server.js:2362:1092)\n    at l8n (c:\\Users\\joaom\\.vscode\\extensions\\uqbar.wollok-lsp-ide-0.5.2\\out\\server\\src\\server.js:2362:1248)\n    at c:\\Users\\joaom\\.vscode\\extensions\\uqbar.wollok-lsp-ide-0.5.2\\out\\server\\src\\server.js:38:6131\n    at C2 (c:\\Users\\joaom\\.vscode\\extensions\\uqbar.wollok-lsp-ide-0.5.2\\out\\server\\src\\server.js:2362:42)\n    at c:\\Users\\joaom\\.vscode\\extensions\\uqbar.wollok-lsp-ide-0.5.2\\out\\server\\src\\server.js:2362:2988\n    at c:\\Users\\joaom\\.vscode\\extensions\\uqbar.wollok-lsp-ide-0.5.2\\out\\server\\src\\server.js:2371:8440\n    at c:\\Users\\joaom\\.vscode\\extensions\\uqbar.wollok-lsp-ide-0.5.2\\out\\server\\src\\server.js:37:74872\n    at Ye (c:\\Users\\joaom\\.vscode\\extensions\\uqbar.wollok-lsp-ide-0.5.2\\out\\server\\src\\server.js:7:8527)","timestamp":"2025-07-05T23:05:23.061Z"}
{"level":"error","message":"✘ Completions for node Send ([6:86, 6:106] - arcaneBastion.wtest) failed: Error: [Send]{78c659} at arcaneBastion.wtest:6 exhausted all cases without a match [Send]{78c659} at arcaneBastion.wtest:6 exhausted all cases without a match","stack":"Error: [Send]{78c659} at arcaneBastion.wtest:6 exhausted all cases without a match\n    at c:\\Users\\joaom\\.vscode\\extensions\\uqbar.wollok-lsp-ide-0.5.2\\out\\server\\src\\server.js:38:6142\n    at C2 (c:\\Users\\joaom\\.vscode\\extensions\\uqbar.wollok-lsp-ide-0.5.2\\out\\server\\src\\server.js:2362:42)\n    at Gh (c:\\Users\\joaom\\.vscode\\extensions\\uqbar.wollok-lsp-ide-0.5.2\\out\\server\\src\\server.js:2362:1092)\n    at C2 (c:\\Users\\joaom\\.vscode\\extensions\\uqbar.wollok-lsp-ide-0.5.2\\out\\server\\src\\server.js:2362:544)\n    at Gh (c:\\Users\\joaom\\.vscode\\extensions\\uqbar.wollok-lsp-ide-0.5.2\\out\\server\\src\\server.js:2362:1092)\n    at l8n (c:\\Users\\joaom\\.vscode\\extensions\\uqbar.wollok-lsp-ide-0.5.2\\out\\server\\src\\server.js:2362:1248)\n    at c:\\Users\\joaom\\.vscode\\extensions\\uqbar.wollok-lsp-ide-0.5.2\\out\\server\\src\\server.js:38:6131\n    at C2 (c:\\Users\\joaom\\.vscode\\extensions\\uqbar.wollok-lsp-ide-0.5.2\\out\\server\\src\\server.js:2362:42)\n    at c:\\Users\\joaom\\.vscode\\extensions\\uqbar.wollok-lsp-ide-0.5.2\\out\\server\\src\\server.js:2362:2988\n    at c:\\Users\\joaom\\.vscode\\extensions\\uqbar.wollok-lsp-ide-0.5.2\\out\\server\\src\\server.js:2371:8440","timestamp":"2025-07-05T23:05:23.062Z"}
{"level":"error","message":"✘ Completions for node NamedArgument ([6:77, 6:106] - arcaneBastion.wtest) failed: Error: [NamedArgument]{59fed4} at arcaneBastion.wtest:6 exhausted all cases without a match [NamedArgument]{59fed4} at arcaneBastion.wtest:6 exhausted all cases without a match","stack":"Error: [NamedArgument]{59fed4} at arcaneBastion.wtest:6 exhausted all cases without a match\n    at c:\\Users\\joaom\\.vscode\\extensions\\uqbar.wollok-lsp-ide-0.5.2\\out\\server\\src\\server.js:38:6142\n    at C2 (c:\\Users\\joaom\\.vscode\\extensions\\uqbar.wollok-lsp-ide-0.5.2\\out\\server\\src\\server.js:2362:42)\n    at Gh (c:\\Users\\joaom\\.vscode\\extensions\\uqbar.wollok-lsp-ide-0.5.2\\out\\server\\src\\server.js:2362:1092)\n    at C2 (c:\\Users\\joaom\\.vscode\\extensions\\uqbar.wollok-lsp-ide-0.5.2\\out\\server\\src\\server.js:2362:544)\n    at Gh (c:\\Users\\joaom\\.vscode\\extensions\\uqbar.wollok-lsp-ide-0.5.2\\out\\server\\src\\server.js:2362:1092)\n    at C2 (c:\\Users\\joaom\\.vscode\\extensions\\uqbar.wollok-lsp-ide-0.5.2\\out\\server\\src\\server.js:2362:544)\n    at Gh (c:\\Users\\joaom\\.vscode\\extensions\\uqbar.wollok-lsp-ide-0.5.2\\out\\server\\src\\server.js:2362:1092)\n    at l8n (c:\\Users\\joaom\\.vscode\\extensions\\uqbar.wollok-lsp-ide-0.5.2\\out\\server\\src\\server.js:2362:1248)\n    at c:\\Users\\joaom\\.vscode\\extensions\\uqbar.wollok-lsp-ide-0.5.2\\out\\server\\src\\server.js:38:6131\n    at C2 (c:\\Users\\joaom\\.vscode\\extensions\\uqbar.wollok-lsp-ide-0.5.2\\out\\server\\src\\server.js:2362:42)","timestamp":"2025-07-05T23:05:23.062Z"}
{"level":"info","message":"⌛ Validating arcaneBastion.wtest","timeElapsed":104,"timestamp":"2025-07-05T23:05:23.247Z"}
{"level":"info","message":"⌛ Validating arcaneBastion.wtest","timeElapsed":183,"timestamp":"2025-07-05T23:05:23.430Z"}
{"level":"info","message":"⌛ Validating arcaneBastion.wtest","timeElapsed":107,"timestamp":"2025-07-05T23:05:23.538Z"}
{"level":"info","message":"⌛ Validating arcaneBastion.wtest","timeElapsed":108,"timestamp":"2025-07-05T23:05:23.652Z"}
{"level":"info","message":"⌛ Building environment","timeElapsed":133,"timestamp":"2025-07-05T23:05:24.458Z"}
{"level":"info","message":"⌛ Validating arcaneBastion.wtest","timeElapsed":117,"timestamp":"2025-07-05T23:05:24.576Z"}
{"level":"info","message":"⌛ Validating arcaneBastion.wtest","timeElapsed":119,"timestamp":"2025-07-05T23:05:24.796Z"}
{"level":"info","message":"⌛ Building environment","timeElapsed":129,"timestamp":"2025-07-05T23:05:24.937Z"}
{"level":"info","message":"⌛ Validating arcaneBastion.wtest","timeElapsed":127,"timestamp":"2025-07-05T23:05:25.150Z"}
{"level":"error","message":"✘ Completions for node Send ([6:86, 6:95] - arcaneBastion.wtest) failed: Error: [Send]{48d846} at arcaneBastion.wtest:6 exhausted all cases without a match [Send]{48d846} at arcaneBastion.wtest:6 exhausted all cases without a match","stack":"Error: [Send]{48d846} at arcaneBastion.wtest:6 exhausted all cases without a match\n    at c:\\Users\\joaom\\.vscode\\extensions\\uqbar.wollok-lsp-ide-0.5.2\\out\\server\\src\\server.js:38:6142\n    at C2 (c:\\Users\\joaom\\.vscode\\extensions\\uqbar.wollok-lsp-ide-0.5.2\\out\\server\\src\\server.js:2362:42)\n    at c:\\Users\\joaom\\.vscode\\extensions\\uqbar.wollok-lsp-ide-0.5.2\\out\\server\\src\\server.js:2362:2988\n    at c:\\Users\\joaom\\.vscode\\extensions\\uqbar.wollok-lsp-ide-0.5.2\\out\\server\\src\\server.js:2371:8440\n    at c:\\Users\\joaom\\.vscode\\extensions\\uqbar.wollok-lsp-ide-0.5.2\\out\\server\\src\\server.js:37:74872\n    at Ye (c:\\Users\\joaom\\.vscode\\extensions\\uqbar.wollok-lsp-ide-0.5.2\\out\\server\\src\\server.js:7:8527)\n    at Dt (c:\\Users\\joaom\\.vscode\\extensions\\uqbar.wollok-lsp-ide-0.5.2\\out\\server\\src\\server.js:7:6189)\n    at Zi (c:\\Users\\joaom\\.vscode\\extensions\\uqbar.wollok-lsp-ide-0.5.2\\out\\server\\src\\server.js:7:6378)\n    at Immediate._onImmediate (c:\\Users\\joaom\\.vscode\\extensions\\uqbar.wollok-lsp-ide-0.5.2\\out\\server\\src\\server.js:7:6142)\n    at process.processImmediate (node:internal/timers:485:21)","timestamp":"2025-07-05T23:05:25.263Z"}
{"level":"error","message":"✘ Completions for node Send ([6:86, 6:104] - arcaneBastion.wtest) failed: Error: [Send]{1c8daf} at arcaneBastion.wtest:6 exhausted all cases without a match [Send]{1c8daf} at arcaneBastion.wtest:6 exhausted all cases without a match","stack":"Error: [Send]{1c8daf} at arcaneBastion.wtest:6 exhausted all cases without a match\n    at c:\\Users\\joaom\\.vscode\\extensions\\uqbar.wollok-lsp-ide-0.5.2\\out\\server\\src\\server.js:38:6142\n    at C2 (c:\\Users\\joaom\\.vscode\\extensions\\uqbar.wollok-lsp-ide-0.5.2\\out\\server\\src\\server.js:2362:42)\n    at Gh (c:\\Users\\joaom\\.vscode\\extensions\\uqbar.wollok-lsp-ide-0.5.2\\out\\server\\src\\server.js:2362:1092)\n    at C2 (c:\\Users\\joaom\\.vscode\\extensions\\uqbar.wollok-lsp-ide-0.5.2\\out\\server\\src\\server.js:2362:544)\n    at c:\\Users\\joaom\\.vscode\\extensions\\uqbar.wollok-lsp-ide-0.5.2\\out\\server\\src\\server.js:2362:2988\n    at c:\\Users\\joaom\\.vscode\\extensions\\uqbar.wollok-lsp-ide-0.5.2\\out\\server\\src\\server.js:2371:8440\n    at c:\\Users\\joaom\\.vscode\\extensions\\uqbar.wollok-lsp-ide-0.5.2\\out\\server\\src\\server.js:37:74872\n    at Ye (c:\\Users\\joaom\\.vscode\\extensions\\uqbar.wollok-lsp-ide-0.5.2\\out\\server\\src\\server.js:7:8527)\n    at Dt (c:\\Users\\joaom\\.vscode\\extensions\\uqbar.wollok-lsp-ide-0.5.2\\out\\server\\src\\server.js:7:6189)\n    at Zi (c:\\Users\\joaom\\.vscode\\extensions\\uqbar.wollok-lsp-ide-0.5.2\\out\\server\\src\\server.js:7:6378)","timestamp":"2025-07-05T23:05:25.263Z"}
{"level":"error","message":"✘ Completions for node NamedArgument ([6:77, 6:104] - arcaneBastion.wtest) failed: Error: [NamedArgument]{cdccbc} at arcaneBastion.wtest:6 exhausted all cases without a match [NamedArgument]{cdccbc} at arcaneBastion.wtest:6 exhausted all cases without a match","stack":"Error: [NamedArgument]{cdccbc} at arcaneBastion.wtest:6 exhausted all cases without a match\n    at c:\\Users\\joaom\\.vscode\\extensions\\uqbar.wollok-lsp-ide-0.5.2\\out\\server\\src\\server.js:38:6142\n    at C2 (c:\\Users\\joaom\\.vscode\\extensions\\uqbar.wollok-lsp-ide-0.5.2\\out\\server\\src\\server.js:2362:42)\n    at Gh (c:\\Users\\joaom\\.vscode\\extensions\\uqbar.wollok-lsp-ide-0.5.2\\out\\server\\src\\server.js:2362:1092)\n    at C2 (c:\\Users\\joaom\\.vscode\\extensions\\uqbar.wollok-lsp-ide-0.5.2\\out\\server\\src\\server.js:2362:544)\n    at Gh (c:\\Users\\joaom\\.vscode\\extensions\\uqbar.wollok-lsp-ide-0.5.2\\out\\server\\src\\server.js:2362:1092)\n    at C2 (c:\\Users\\joaom\\.vscode\\extensions\\uqbar.wollok-lsp-ide-0.5.2\\out\\server\\src\\server.js:2362:544)\n    at c:\\Users\\joaom\\.vscode\\extensions\\uqbar.wollok-lsp-ide-0.5.2\\out\\server\\src\\server.js:2362:2988\n    at c:\\Users\\joaom\\.vscode\\extensions\\uqbar.wollok-lsp-ide-0.5.2\\out\\server\\src\\server.js:2371:8440\n    at c:\\Users\\joaom\\.vscode\\extensions\\uqbar.wollok-lsp-ide-0.5.2\\out\\server\\src\\server.js:37:74872\n    at Ye (c:\\Users\\joaom\\.vscode\\extensions\\uqbar.wollok-lsp-ide-0.5.2\\out\\server\\src\\server.js:7:8527)","timestamp":"2025-07-05T23:05:25.263Z"}
{"level":"info","message":"⌛ Validating arcaneBastion.wtest","timeElapsed":119,"timestamp":"2025-07-05T23:05:25.383Z"}
{"level":"info","message":"⌛ Validating arcaneBastion.wtest","timeElapsed":109,"timestamp":"2025-07-05T23:05:25.674Z"}
{"level":"error","message":"✘ Completions for node Send ([6:86, 6:98] - arcaneBastion.wtest) failed: Error: [Send]{17f407} at arcaneBastion.wtest:6 exhausted all cases without a match [Send]{17f407} at arcaneBastion.wtest:6 exhausted all cases without a match","stack":"Error: [Send]{17f407} at arcaneBastion.wtest:6 exhausted all cases without a match\n    at c:\\Users\\joaom\\.vscode\\extensions\\uqbar.wollok-lsp-ide-0.5.2\\out\\server\\src\\server.js:38:6142\n    at C2 (c:\\Users\\joaom\\.vscode\\extensions\\uqbar.wollok-lsp-ide-0.5.2\\out\\server\\src\\server.js:2362:42)\n    at c:\\Users\\joaom\\.vscode\\extensions\\uqbar.wollok-lsp-ide-0.5.2\\out\\server\\src\\server.js:2362:2988\n    at c:\\Users\\joaom\\.vscode\\extensions\\uqbar.wollok-lsp-ide-0.5.2\\out\\server\\src\\server.js:2371:8440\n    at c:\\Users\\joaom\\.vscode\\extensions\\uqbar.wollok-lsp-ide-0.5.2\\out\\server\\src\\server.js:37:74872\n    at Ye (c:\\Users\\joaom\\.vscode\\extensions\\uqbar.wollok-lsp-ide-0.5.2\\out\\server\\src\\server.js:7:8527)\n    at Dt (c:\\Users\\joaom\\.vscode\\extensions\\uqbar.wollok-lsp-ide-0.5.2\\out\\server\\src\\server.js:7:6189)\n    at Zi (c:\\Users\\joaom\\.vscode\\extensions\\uqbar.wollok-lsp-ide-0.5.2\\out\\server\\src\\server.js:7:6378)\n    at Immediate._onImmediate (c:\\Users\\joaom\\.vscode\\extensions\\uqbar.wollok-lsp-ide-0.5.2\\out\\server\\src\\server.js:7:6142)\n    at process.processImmediate (node:internal/timers:485:21)","timestamp":"2025-07-05T23:05:25.775Z"}
{"level":"error","message":"✘ Completions for node Send ([6:86, 6:107] - arcaneBastion.wtest) failed: Error: [Send]{2e5507} at arcaneBastion.wtest:6 exhausted all cases without a match [Send]{2e5507} at arcaneBastion.wtest:6 exhausted all cases without a match","stack":"Error: [Send]{2e5507} at arcaneBastion.wtest:6 exhausted all cases without a match\n    at c:\\Users\\joaom\\.vscode\\extensions\\uqbar.wollok-lsp-ide-0.5.2\\out\\server\\src\\server.js:38:6142\n    at C2 (c:\\Users\\joaom\\.vscode\\extensions\\uqbar.wollok-lsp-ide-0.5.2\\out\\server\\src\\server.js:2362:42)\n    at Gh (c:\\Users\\joaom\\.vscode\\extensions\\uqbar.wollok-lsp-ide-0.5.2\\out\\server\\src\\server.js:2362:1092)\n    at C2 (c:\\Users\\joaom\\.vscode\\extensions\\uqbar.wollok-lsp-ide-0.5.2\\out\\server\\src\\server.js:2362:544)\n    at c:\\Users\\joaom\\.vscode\\extensions\\uqbar.wollok-lsp-ide-0.5.2\\out\\server\\src\\server.js:2362:2988\n    at c:\\Users\\joaom\\.vscode\\extensions\\uqbar.wollok-lsp-ide-0.5.2\\out\\server\\src\\server.js:2371:8440\n    at c:\\Users\\joaom\\.vscode\\extensions\\uqbar.wollok-lsp-ide-0.5.2\\out\\server\\src\\server.js:37:74872\n    at Ye (c:\\Users\\joaom\\.vscode\\extensions\\uqbar.wollok-lsp-ide-0.5.2\\out\\server\\src\\server.js:7:8527)\n    at Dt (c:\\Users\\joaom\\.vscode\\extensions\\uqbar.wollok-lsp-ide-0.5.2\\out\\server\\src\\server.js:7:6189)\n    at Zi (c:\\Users\\joaom\\.vscode\\extensions\\uqbar.wollok-lsp-ide-0.5.2\\out\\server\\src\\server.js:7:6378)","timestamp":"2025-07-05T23:05:25.775Z"}
{"level":"error","message":"✘ Completions for node NamedArgument ([6:77, 6:107] - arcaneBastion.wtest) failed: Error: [NamedArgument]{2cbef6} at arcaneBastion.wtest:6 exhausted all cases without a match [NamedArgument]{2cbef6} at arcaneBastion.wtest:6 exhausted all cases without a match","stack":"Error: [NamedArgument]{2cbef6} at arcaneBastion.wtest:6 exhausted all cases without a match\n    at c:\\Users\\joaom\\.vscode\\extensions\\uqbar.wollok-lsp-ide-0.5.2\\out\\server\\src\\server.js:38:6142\n    at C2 (c:\\Users\\joaom\\.vscode\\extensions\\uqbar.wollok-lsp-ide-0.5.2\\out\\server\\src\\server.js:2362:42)\n    at Gh (c:\\Users\\joaom\\.vscode\\extensions\\uqbar.wollok-lsp-ide-0.5.2\\out\\server\\src\\server.js:2362:1092)\n    at C2 (c:\\Users\\joaom\\.vscode\\extensions\\uqbar.wollok-lsp-ide-0.5.2\\out\\server\\src\\server.js:2362:544)\n    at Gh (c:\\Users\\joaom\\.vscode\\extensions\\uqbar.wollok-lsp-ide-0.5.2\\out\\server\\src\\server.js:2362:1092)\n    at C2 (c:\\Users\\joaom\\.vscode\\extensions\\uqbar.wollok-lsp-ide-0.5.2\\out\\server\\src\\server.js:2362:544)\n    at c:\\Users\\joaom\\.vscode\\extensions\\uqbar.wollok-lsp-ide-0.5.2\\out\\server\\src\\server.js:2362:2988\n    at c:\\Users\\joaom\\.vscode\\extensions\\uqbar.wollok-lsp-ide-0.5.2\\out\\server\\src\\server.js:2371:8440\n    at c:\\Users\\joaom\\.vscode\\extensions\\uqbar.wollok-lsp-ide-0.5.2\\out\\server\\src\\server.js:37:74872\n    at Ye (c:\\Users\\joaom\\.vscode\\extensions\\uqbar.wollok-lsp-ide-0.5.2\\out\\server\\src\\server.js:7:8527)","timestamp":"2025-07-05T23:05:25.775Z"}
{"level":"info","message":"⌛ Validating arcaneBastion.wtest","timeElapsed":107,"timestamp":"2025-07-05T23:05:25.971Z"}
{"level":"info","message":"⌛ Validating arcaneBastion.wtest","timeElapsed":110,"timestamp":"2025-07-05T23:05:26.154Z"}
{"level":"info","message":"⌛ Validating arcaneBastion.wtest","timeElapsed":134,"timestamp":"2025-07-05T23:05:26.295Z"}
{"level":"info","message":"⌛ Validating arcaneBastion.wtest","timeElapsed":116,"timestamp":"2025-07-05T23:05:26.411Z"}
{"level":"info","message":"⌛ Validating arcaneBastion.wtest","timeElapsed":159,"timestamp":"2025-07-05T23:05:26.599Z"}
{"level":"info","message":"⌛ Validating arcaneBastion.wtest","timeElapsed":129,"timestamp":"2025-07-05T23:05:27.537Z"}
{"level":"info","message":"⌛ Validating arcaneBastion.wtest","timeElapsed":119,"timestamp":"2025-07-05T23:05:27.739Z"}
{"level":"info","message":"⌛ Validating arcaneBastion.wtest","timeElapsed":114,"timestamp":"2025-07-05T23:05:27.924Z"}
{"level":"info","message":"⌛ Validating arcaneBastion.wtest","timeElapsed":117,"timestamp":"2025-07-05T23:05:28.118Z"}
{"level":"info","message":"⌛ Validating arcaneBastion.wtest","timeElapsed":114,"timestamp":"2025-07-05T23:05:28.302Z"}
{"level":"info","message":"⌛ Validating arcaneBastion.wtest","timeElapsed":125,"timestamp":"2025-07-05T23:05:28.514Z"}
{"level":"info","message":"⌛ Validating arcaneBastion.wtest","timeElapsed":131,"timestamp":"2025-07-05T23:05:28.755Z"}
{"level":"info","message":"⌛ Validating arcaneBastion.wtest","timeElapsed":203,"timestamp":"2025-07-05T23:05:29.033Z"}
{"level":"info","message":"⌛ Building environment","timeElapsed":180,"timestamp":"2025-07-05T23:05:29.217Z"}
{"level":"info","message":"⌛ Validating arcaneBastion.wtest","timeElapsed":219,"timestamp":"2025-07-05T23:05:29.446Z"}
{"level":"info","message":"⌛ Building environment","timeElapsed":165,"timestamp":"2025-07-05T23:05:31.197Z"}
{"level":"error","message":"✘ Completions for node Send ([6:110, 6:119] - arcaneBastion.wtest) failed: Error: [Send]{e3aa34} at arcaneBastion.wtest:6 exhausted all cases without a match [Send]{e3aa34} at arcaneBastion.wtest:6 exhausted all cases without a match","stack":"Error: [Send]{e3aa34} at arcaneBastion.wtest:6 exhausted all cases without a match\n    at c:\\Users\\joaom\\.vscode\\extensions\\uqbar.wollok-lsp-ide-0.5.2\\out\\server\\src\\server.js:38:6142\n    at C2 (c:\\Users\\joaom\\.vscode\\extensions\\uqbar.wollok-lsp-ide-0.5.2\\out\\server\\src\\server.js:2362:42)\n    at Gh (c:\\Users\\joaom\\.vscode\\extensions\\uqbar.wollok-lsp-ide-0.5.2\\out\\server\\src\\server.js:2362:1092)\n    at l8n (c:\\Users\\joaom\\.vscode\\extensions\\uqbar.wollok-lsp-ide-0.5.2\\out\\server\\src\\server.js:2362:1248)\n    at c:\\Users\\joaom\\.vscode\\extensions\\uqbar.wollok-lsp-ide-0.5.2\\out\\server\\src\\server.js:38:6131\n    at C2 (c:\\Users\\joaom\\.vscode\\extensions\\uqbar.wollok-lsp-ide-0.5.2\\out\\server\\src\\server.js:2362:42)\n    at c:\\Users\\joaom\\.vscode\\extensions\\uqbar.wollok-lsp-ide-0.5.2\\out\\server\\src\\server.js:2362:2988\n    at c:\\Users\\joaom\\.vscode\\extensions\\uqbar.wollok-lsp-ide-0.5.2\\out\\server\\src\\server.js:2371:8440\n    at c:\\Users\\joaom\\.vscode\\extensions\\uqbar.wollok-lsp-ide-0.5.2\\out\\server\\src\\server.js:37:74872\n    at Ye (c:\\Users\\joaom\\.vscode\\extensions\\uqbar.wollok-lsp-ide-0.5.2\\out\\server\\src\\server.js:7:8527)","timestamp":"2025-07-05T23:05:31.235Z"}
{"level":"error","message":"✘ Completions for node NamedArgument ([6:102, 6:119] - arcaneBastion.wtest) failed: Error: [NamedArgument]{42a63f} at arcaneBastion.wtest:6 exhausted all cases without a match [NamedArgument]{42a63f} at arcaneBastion.wtest:6 exhausted all cases without a match","stack":"Error: [NamedArgument]{42a63f} at arcaneBastion.wtest:6 exhausted all cases without a match\n    at c:\\Users\\joaom\\.vscode\\extensions\\uqbar.wollok-lsp-ide-0.5.2\\out\\server\\src\\server.js:38:6142\n    at C2 (c:\\Users\\joaom\\.vscode\\extensions\\uqbar.wollok-lsp-ide-0.5.2\\out\\server\\src\\server.js:2362:42)\n    at Gh (c:\\Users\\joaom\\.vscode\\extensions\\uqbar.wollok-lsp-ide-0.5.2\\out\\server\\src\\server.js:2362:1092)\n    at C2 (c:\\Users\\joaom\\.vscode\\extensions\\uqbar.wollok-lsp-ide-0.5.2\\out\\server\\src\\server.js:2362:544)\n    at Gh (c:\\Users\\joaom\\.vscode\\extensions\\uqbar.wollok-lsp-ide-0.5.2\\out\\server\\src\\server.js:2362:1092)\n    at l8n (c:\\Users\\joaom\\.vscode\\extensions\\uqbar.wollok-lsp-ide-0.5.2\\out\\server\\src\\server.js:2362:1248)\n    at c:\\Users\\joaom\\.vscode\\extensions\\uqbar.wollok-lsp-ide-0.5.2\\out\\server\\src\\server.js:38:6131\n    at C2 (c:\\Users\\joaom\\.vscode\\extensions\\uqbar.wollok-lsp-ide-0.5.2\\out\\server\\src\\server.js:2362:42)\n    at c:\\Users\\joaom\\.vscode\\extensions\\uqbar.wollok-lsp-ide-0.5.2\\out\\server\\src\\server.js:2362:2988\n    at c:\\Users\\joaom\\.vscode\\extensions\\uqbar.wollok-lsp-ide-0.5.2\\out\\server\\src\\server.js:2371:8440","timestamp":"2025-07-05T23:05:31.236Z"}
{"level":"info","message":"⌛ Validating arcaneBastion.wtest","timeElapsed":117,"timestamp":"2025-07-05T23:05:31.354Z"}
{"level":"info","message":"⌛ Validating arcaneBastion.wtest","timeElapsed":121,"timestamp":"2025-07-05T23:05:31.649Z"}
{"level":"error","message":"✘ Completions for node Send ([6:110, 6:122] - arcaneBastion.wtest) failed: Error: [Send]{6e686e} at arcaneBastion.wtest:6 exhausted all cases without a match [Send]{6e686e} at arcaneBastion.wtest:6 exhausted all cases without a match","stack":"Error: [Send]{6e686e} at arcaneBastion.wtest:6 exhausted all cases without a match\n    at c:\\Users\\joaom\\.vscode\\extensions\\uqbar.wollok-lsp-ide-0.5.2\\out\\server\\src\\server.js:38:6142\n    at C2 (c:\\Users\\joaom\\.vscode\\extensions\\uqbar.wollok-lsp-ide-0.5.2\\out\\server\\src\\server.js:2362:42)\n    at Gh (c:\\Users\\joaom\\.vscode\\extensions\\uqbar.wollok-lsp-ide-0.5.2\\out\\server\\src\\server.js:2362:1092)\n    at l8n (c:\\Users\\joaom\\.vscode\\extensions\\uqbar.wollok-lsp-ide-0.5.2\\out\\server\\src\\server.js:2362:1248)\n    at c:\\Users\\joaom\\.vscode\\extensions\\uqbar.wollok-lsp-ide-0.5.2\\out\\server\\src\\server.js:38:6131\n    at C2 (c:\\Users\\joaom\\.vscode\\extensions\\uqbar.wollok-lsp-ide-0.5.2\\out\\server\\src\\server.js:2362:42)\n    at c:\\Users\\joaom\\.vscode\\extensions\\uqbar.wollok-lsp-ide-0.5.2\\out\\server\\src\\server.js:2362:2988\n    at c:\\Users\\joaom\\.vscode\\extensions\\uqbar.wollok-lsp-ide-0.5.2\\out\\server\\src\\server.js:2371:8440\n    at c:\\Users\\joaom\\.vscode\\extensions\\uqbar.wollok-lsp-ide-0.5.2\\out\\server\\src\\server.js:37:74872\n    at Ye (c:\\Users\\joaom\\.vscode\\extensions\\uqbar.wollok-lsp-ide-0.5.2\\out\\server\\src\\server.js:7:8527)","timestamp":"2025-07-05T23:05:31.853Z"}
{"level":"error","message":"✘ Completions for node NamedArgument ([6:102, 6:122] - arcaneBastion.wtest) failed: Error: [NamedArgument]{a4ac84} at arcaneBastion.wtest:6 exhausted all cases without a match [NamedArgument]{a4ac84} at arcaneBastion.wtest:6 exhausted all cases without a match","stack":"Error: [NamedArgument]{a4ac84} at arcaneBastion.wtest:6 exhausted all cases without a match\n    at c:\\Users\\joaom\\.vscode\\extensions\\uqbar.wollok-lsp-ide-0.5.2\\out\\server\\src\\server.js:38:6142\n    at C2 (c:\\Users\\joaom\\.vscode\\extensions\\uqbar.wollok-lsp-ide-0.5.2\\out\\server\\src\\server.js:2362:42)\n    at Gh (c:\\Users\\joaom\\.vscode\\extensions\\uqbar.wollok-lsp-ide-0.5.2\\out\\server\\src\\server.js:2362:1092)\n    at C2 (c:\\Users\\joaom\\.vscode\\extensions\\uqbar.wollok-lsp-ide-0.5.2\\out\\server\\src\\server.js:2362:544)\n    at Gh (c:\\Users\\joaom\\.vscode\\extensions\\uqbar.wollok-lsp-ide-0.5.2\\out\\server\\src\\server.js:2362:1092)\n    at l8n (c:\\Users\\joaom\\.vscode\\extensions\\uqbar.wollok-lsp-ide-0.5.2\\out\\server\\src\\server.js:2362:1248)\n    at c:\\Users\\joaom\\.vscode\\extensions\\uqbar.wollok-lsp-ide-0.5.2\\out\\server\\src\\server.js:38:6131\n    at C2 (c:\\Users\\joaom\\.vscode\\extensions\\uqbar.wollok-lsp-ide-0.5.2\\out\\server\\src\\server.js:2362:42)\n    at c:\\Users\\joaom\\.vscode\\extensions\\uqbar.wollok-lsp-ide-0.5.2\\out\\server\\src\\server.js:2362:2988\n    at c:\\Users\\joaom\\.vscode\\extensions\\uqbar.wollok-lsp-ide-0.5.2\\out\\server\\src\\server.js:2371:8440","timestamp":"2025-07-05T23:05:31.853Z"}
{"level":"info","message":"⌛ Validating arcaneBastion.wtest","timeElapsed":125,"timestamp":"2025-07-05T23:05:31.980Z"}
{"level":"info","message":"⌛ Validating arcaneBastion.wtest","timeElapsed":103,"timestamp":"2025-07-05T23:05:32.084Z"}
{"level":"error","message":"✘ Completions for node Send ([6:110, 6:123] - arcaneBastion.wtest) failed: Error: [Send]{89ecaf} at arcaneBastion.wtest:6 exhausted all cases without a match [Send]{89ecaf} at arcaneBastion.wtest:6 exhausted all cases without a match","stack":"Error: [Send]{89ecaf} at arcaneBastion.wtest:6 exhausted all cases without a match\n    at c:\\Users\\joaom\\.vscode\\extensions\\uqbar.wollok-lsp-ide-0.5.2\\out\\server\\src\\server.js:38:6142\n    at C2 (c:\\Users\\joaom\\.vscode\\extensions\\uqbar.wollok-lsp-ide-0.5.2\\out\\server\\src\\server.js:2362:42)\n    at Gh (c:\\Users\\joaom\\.vscode\\extensions\\uqbar.wollok-lsp-ide-0.5.2\\out\\server\\src\\server.js:2362:1092)\n    at l8n (c:\\Users\\joaom\\.vscode\\extensions\\uqbar.wollok-lsp-ide-0.5.2\\out\\server\\src\\server.js:2362:1248)\n    at c:\\Users\\joaom\\.vscode\\extensions\\uqbar.wollok-lsp-ide-0.5.2\\out\\server\\src\\server.js:38:6131\n    at C2 (c:\\Users\\joaom\\.vscode\\extensions\\uqbar.wollok-lsp-ide-0.5.2\\out\\server\\src\\server.js:2362:42)\n    at c:\\Users\\joaom\\.vscode\\extensions\\uqbar.wollok-lsp-ide-0.5.2\\out\\server\\src\\server.js:2362:2988\n    at c:\\Users\\joaom\\.vscode\\extensions\\uqbar.wollok-lsp-ide-0.5.2\\out\\server\\src\\server.js:2371:8440\n    at c:\\Users\\joaom\\.vscode\\extensions\\uqbar.wollok-lsp-ide-0.5.2\\out\\server\\src\\server.js:37:74872\n    at Ye (c:\\Users\\joaom\\.vscode\\extensions\\uqbar.wollok-lsp-ide-0.5.2\\out\\server\\src\\server.js:7:8527)","timestamp":"2025-07-05T23:05:32.187Z"}
{"level":"error","message":"✘ Completions for node NamedArgument ([6:102, 6:123] - arcaneBastion.wtest) failed: Error: [NamedArgument]{f2b520} at arcaneBastion.wtest:6 exhausted all cases without a match [NamedArgument]{f2b520} at arcaneBastion.wtest:6 exhausted all cases without a match","stack":"Error: [NamedArgument]{f2b520} at arcaneBastion.wtest:6 exhausted all cases without a match\n    at c:\\Users\\joaom\\.vscode\\extensions\\uqbar.wollok-lsp-ide-0.5.2\\out\\server\\src\\server.js:38:6142\n    at C2 (c:\\Users\\joaom\\.vscode\\extensions\\uqbar.wollok-lsp-ide-0.5.2\\out\\server\\src\\server.js:2362:42)\n    at Gh (c:\\Users\\joaom\\.vscode\\extensions\\uqbar.wollok-lsp-ide-0.5.2\\out\\server\\src\\server.js:2362:1092)\n    at C2 (c:\\Users\\joaom\\.vscode\\extensions\\uqbar.wollok-lsp-ide-0.5.2\\out\\server\\src\\server.js:2362:544)\n    at Gh (c:\\Users\\joaom\\.vscode\\extensions\\uqbar.wollok-lsp-ide-0.5.2\\out\\server\\src\\server.js:2362:1092)\n    at l8n (c:\\Users\\joaom\\.vscode\\extensions\\uqbar.wollok-lsp-ide-0.5.2\\out\\server\\src\\server.js:2362:1248)\n    at c:\\Users\\joaom\\.vscode\\extensions\\uqbar.wollok-lsp-ide-0.5.2\\out\\server\\src\\server.js:38:6131\n    at C2 (c:\\Users\\joaom\\.vscode\\extensions\\uqbar.wollok-lsp-ide-0.5.2\\out\\server\\src\\server.js:2362:42)\n    at c:\\Users\\joaom\\.vscode\\extensions\\uqbar.wollok-lsp-ide-0.5.2\\out\\server\\src\\server.js:2362:2988\n    at c:\\Users\\joaom\\.vscode\\extensions\\uqbar.wollok-lsp-ide-0.5.2\\out\\server\\src\\server.js:2371:8440","timestamp":"2025-07-05T23:05:32.188Z"}
{"level":"info","message":"⌛ Validating arcaneBastion.wtest","timeElapsed":112,"timestamp":"2025-07-05T23:05:32.301Z"}
{"level":"info","message":"🧪 Test runner executed on c:\\Users\\joaom\\Documents\\asd-main","result":{"errored":0,"failed":1,"ok":0},"testsFailed":[{"error":["wollok.lib.AssertionException: Expected <5> but found <2>","  at arcaneBastion.\"La colision del hechizo empieza una posicon adelante en x \" [arcaneBastion.wtest:7]"],"test":"arcaneBastion.\"La colision del hechizo empieza una posicon adelante en x \""}],"timeElapsed":730,"timestamp":"2025-07-05T23:05:37.549Z"}
{"level":"info","message":"⌛ Building environment","timeElapsed":105,"timestamp":"2025-07-05T23:05:48.749Z"}
{"level":"info","message":"⌛ Validating arcaneBastion.wtest","timeElapsed":125,"timestamp":"2025-07-05T23:05:48.882Z"}
{"level":"error","message":"✘ Completions for node Send ([7:5, 7:24] - arcaneBastion.wtest) failed: Error: [Send]{f5acd3} at arcaneBastion.wtest:7 exhausted all cases without a match [Send]{f5acd3} at arcaneBastion.wtest:7 exhausted all cases without a match","stack":"Error: [Send]{f5acd3} at arcaneBastion.wtest:7 exhausted all cases without a match\n    at c:\\Users\\joaom\\.vscode\\extensions\\uqbar.wollok-lsp-ide-0.5.2\\out\\server\\src\\server.js:38:6142\n    at C2 (c:\\Users\\joaom\\.vscode\\extensions\\uqbar.wollok-lsp-ide-0.5.2\\out\\server\\src\\server.js:2362:42)\n    at Gh (c:\\Users\\joaom\\.vscode\\extensions\\uqbar.wollok-lsp-ide-0.5.2\\out\\server\\src\\server.js:2362:1092)\n    at l8n (c:\\Users\\joaom\\.vscode\\extensions\\uqbar.wollok-lsp-ide-0.5.2\\out\\server\\src\\server.js:2362:1248)\n    at c:\\Users\\joaom\\.vscode\\extensions\\uqbar.wollok-lsp-ide-0.5.2\\out\\server\\src\\server.js:38:6131\n    at C2 (c:\\Users\\joaom\\.vscode\\extensions\\uqbar.wollok-lsp-ide-0.5.2\\out\\server\\src\\server.js:2362:42)\n    at c:\\Users\\joaom\\.vscode\\extensions\\uqbar.wollok-lsp-ide-0.5.2\\out\\server\\src\\server.js:2362:2988\n    at c:\\Users\\joaom\\.vscode\\extensions\\uqbar.wollok-lsp-ide-0.5.2\\out\\server\\src\\server.js:2371:8440\n    at c:\\Users\\joaom\\.vscode\\extensions\\uqbar.wollok-lsp-ide-0.5.2\\out\\server\\src\\server.js:37:74872\n    at Ye (c:\\Users\\joaom\\.vscode\\extensions\\uqbar.wollok-lsp-ide-0.5.2\\out\\server\\src\\server.js:7:8527)","timestamp":"2025-07-05T23:05:49.029Z"}
{"level":"info","message":"⌛ Validating arcaneBastion.wtest","timeElapsed":114,"timestamp":"2025-07-05T23:05:49.147Z"}
{"level":"info","message":"⌛ Validating arcaneBastion.wtest","timeElapsed":125,"timestamp":"2025-07-05T23:05:49.346Z"}
{"level":"info","message":"⌛ Validating arcaneBastion.wtest","timeElapsed":110,"timestamp":"2025-07-05T23:05:49.625Z"}
{"level":"info","message":"⌛ Validating arcaneBastion.wtest","timeElapsed":125,"timestamp":"2025-07-05T23:05:49.751Z"}
{"level":"info","message":"⌛ Validating arcaneBastion.wtest","timeElapsed":119,"timestamp":"2025-07-05T23:05:50.025Z"}
{"level":"info","message":"⌛ Validating arcaneBastion.wtest","timeElapsed":102,"timestamp":"2025-07-05T23:05:50.127Z"}
{"level":"info","message":"⌛ Validating arcaneBastion.wtest","timeElapsed":189,"timestamp":"2025-07-05T23:05:50.527Z"}
{"level":"info","message":"⌛ Validating arcaneBastion.wtest","timeElapsed":107,"timestamp":"2025-07-05T23:05:50.634Z"}
{"level":"info","message":"⌛ Building environment","timeElapsed":124,"timestamp":"2025-07-05T23:05:51.338Z"}
{"level":"error","message":"✘ Completions for node Send ([7:5, 7:30] - arcaneBastion.wtest) failed: Error: [Send]{50c6d4} at arcaneBastion.wtest:7 exhausted all cases without a match [Send]{50c6d4} at arcaneBastion.wtest:7 exhausted all cases without a match","stack":"Error: [Send]{50c6d4} at arcaneBastion.wtest:7 exhausted all cases without a match\n    at c:\\Users\\joaom\\.vscode\\extensions\\uqbar.wollok-lsp-ide-0.5.2\\out\\server\\src\\server.js:38:6142\n    at C2 (c:\\Users\\joaom\\.vscode\\extensions\\uqbar.wollok-lsp-ide-0.5.2\\out\\server\\src\\server.js:2362:42)\n    at Gh (c:\\Users\\joaom\\.vscode\\extensions\\uqbar.wollok-lsp-ide-0.5.2\\out\\server\\src\\server.js:2362:1092)\n    at l8n (c:\\Users\\joaom\\.vscode\\extensions\\uqbar.wollok-lsp-ide-0.5.2\\out\\server\\src\\server.js:2362:1248)\n    at c:\\Users\\joaom\\.vscode\\extensions\\uqbar.wollok-lsp-ide-0.5.2\\out\\server\\src\\server.js:38:6131\n    at C2 (c:\\Users\\joaom\\.vscode\\extensions\\uqbar.wollok-lsp-ide-0.5.2\\out\\server\\src\\server.js:2362:42)\n    at c:\\Users\\joaom\\.vscode\\extensions\\uqbar.wollok-lsp-ide-0.5.2\\out\\server\\src\\server.js:2362:2988\n    at c:\\Users\\joaom\\.vscode\\extensions\\uqbar.wollok-lsp-ide-0.5.2\\out\\server\\src\\server.js:2371:8440\n    at c:\\Users\\joaom\\.vscode\\extensions\\uqbar.wollok-lsp-ide-0.5.2\\out\\server\\src\\server.js:37:74872\n    at Ye (c:\\Users\\joaom\\.vscode\\extensions\\uqbar.wollok-lsp-ide-0.5.2\\out\\server\\src\\server.js:7:8527)","timestamp":"2025-07-05T23:05:51.368Z"}
{"level":"info","message":"⌛ Validating arcaneBastion.wtest","timeElapsed":109,"timestamp":"2025-07-05T23:05:51.558Z"}
{"level":"info","message":"⌛ Validating arcaneBastion.wtest","timeElapsed":118,"timestamp":"2025-07-05T23:05:51.676Z"}
{"level":"info","message":"⌛ Validating arcaneBastion.wtest","timeElapsed":122,"timestamp":"2025-07-05T23:05:51.903Z"}
{"level":"info","message":"⌛ Validating arcaneBastion.wtest","timeElapsed":124,"timestamp":"2025-07-05T23:05:52.098Z"}
{"level":"info","message":"⌛ Validating arcaneBastion.wtest","timeElapsed":117,"timestamp":"2025-07-05T23:05:52.285Z"}
{"level":"info","message":"⌛ Validating arcaneBastion.wtest","timeElapsed":116,"timestamp":"2025-07-05T23:05:52.488Z"}
{"level":"info","message":"⌛ Building environment","timeElapsed":232,"timestamp":"2025-07-05T23:05:52.737Z"}
{"level":"error","message":"✘ Completions for node Send ([7:5, 7:36] - arcaneBastion.wtest) failed: Error: [Send]{bd9b3d} at arcaneBastion.wtest:7 exhausted all cases without a match [Send]{bd9b3d} at arcaneBastion.wtest:7 exhausted all cases without a match","stack":"Error: [Send]{bd9b3d} at arcaneBastion.wtest:7 exhausted all cases without a match\n    at c:\\Users\\joaom\\.vscode\\extensions\\uqbar.wollok-lsp-ide-0.5.2\\out\\server\\src\\server.js:38:6142\n    at C2 (c:\\Users\\joaom\\.vscode\\extensions\\uqbar.wollok-lsp-ide-0.5.2\\out\\server\\src\\server.js:2362:42)\n    at Gh (c:\\Users\\joaom\\.vscode\\extensions\\uqbar.wollok-lsp-ide-0.5.2\\out\\server\\src\\server.js:2362:1092)\n    at l8n (c:\\Users\\joaom\\.vscode\\extensions\\uqbar.wollok-lsp-ide-0.5.2\\out\\server\\src\\server.js:2362:1248)\n    at c:\\Users\\joaom\\.vscode\\extensions\\uqbar.wollok-lsp-ide-0.5.2\\out\\server\\src\\server.js:38:6131\n    at C2 (c:\\Users\\joaom\\.vscode\\extensions\\uqbar.wollok-lsp-ide-0.5.2\\out\\server\\src\\server.js:2362:42)\n    at c:\\Users\\joaom\\.vscode\\extensions\\uqbar.wollok-lsp-ide-0.5.2\\out\\server\\src\\server.js:2362:2988\n    at c:\\Users\\joaom\\.vscode\\extensions\\uqbar.wollok-lsp-ide-0.5.2\\out\\server\\src\\server.js:2371:8440\n    at c:\\Users\\joaom\\.vscode\\extensions\\uqbar.wollok-lsp-ide-0.5.2\\out\\server\\src\\server.js:37:74872\n    at Ye (c:\\Users\\joaom\\.vscode\\extensions\\uqbar.wollok-lsp-ide-0.5.2\\out\\server\\src\\server.js:7:8527)","timestamp":"2025-07-05T23:05:52.768Z"}
{"level":"info","message":"⌛ Validating arcaneBastion.wtest","timeElapsed":134,"timestamp":"2025-07-05T23:05:53.075Z"}
{"level":"info","message":"⌛ Validating arcaneBastion.wtest","timeElapsed":140,"timestamp":"2025-07-05T23:05:53.224Z"}
{"level":"info","message":"⌛ Validating arcaneBastion.wtest","timeElapsed":113,"timestamp":"2025-07-05T23:05:53.407Z"}
{"level":"info","message":"⌛ Validating arcaneBastion.wtest","timeElapsed":109,"timestamp":"2025-07-05T23:05:53.592Z"}
{"level":"info","message":"⌛ Validating arcaneBastion.wtest","timeElapsed":105,"timestamp":"2025-07-05T23:05:53.701Z"}
{"level":"info","message":"⌛ Validating arcaneBastion.wtest","timeElapsed":105,"timestamp":"2025-07-05T23:05:53.945Z"}
{"level":"info","message":"⌛ Validating arcaneBastion.wtest","timeElapsed":106,"timestamp":"2025-07-05T23:05:54.514Z"}
{"level":"info","message":"⌛ Building environment","timeElapsed":120,"timestamp":"2025-07-05T23:06:04.864Z"}
{"level":"info","message":"⌛ Validating arcaneBastion.wtest","timeElapsed":127,"timestamp":"2025-07-05T23:06:05.032Z"}
{"level":"info","message":"⌛ Building environment","timeElapsed":115,"timestamp":"2025-07-05T23:06:07.724Z"}
{"level":"info","message":"⌛ Validating arcaneBastion.wtest","timeElapsed":139,"timestamp":"2025-07-05T23:06:07.864Z"}
{"level":"info","message":"⌛ Building environment","timeElapsed":107,"timestamp":"2025-07-05T23:06:08.216Z"}
{"level":"info","message":"⌛ Validating arcaneBastion.wtest","timeElapsed":105,"timestamp":"2025-07-05T23:06:08.323Z"}
{"level":"info","message":"⌛ Building environment","timeElapsed":119,"timestamp":"2025-07-05T23:06:13.152Z"}
{"level":"info","message":"⌛ Validating arcaneBastion.wtest","timeElapsed":108,"timestamp":"2025-07-05T23:06:13.343Z"}
{"level":"info","message":"⌛ Validating arcaneBastion.wtest","timeElapsed":114,"timestamp":"2025-07-05T23:06:13.457Z"}
{"level":"info","message":"🧪 Test runner executed on c:\\Users\\joaom\\Documents\\asd-main","result":{"errored":0,"failed":1,"ok":0},"testsFailed":[{"error":["wollok.lib.AssertionException: Expected <6> but found <a ColisionExtra>","  at arcaneBastion.\"La colision del hechizo empieza una posicon adelante en x \" [arcaneBastion.wtest:7]"],"test":"arcaneBastion.\"La colision del hechizo empieza una posicon adelante en x \""}],"timeElapsed":628,"timestamp":"2025-07-05T23:06:16.729Z"}
{"level":"info","message":"⌛ Building environment","timeElapsed":108,"timestamp":"2025-07-05T23:06:27.844Z"}
{"level":"info","message":"⌛ Validating arcaneBastion.wtest","timeElapsed":115,"timestamp":"2025-07-05T23:06:27.984Z"}
{"level":"info","message":"⌛ Validating arcaneBastion.wtest","timeElapsed":110,"timestamp":"2025-07-05T23:06:28.176Z"}
{"level":"info","message":"⌛ Validating arcaneBastion.wtest","timeElapsed":132,"timestamp":"2025-07-05T23:06:28.472Z"}
{"level":"info","message":"⌛ Validating arcaneBastion.wtest","timeElapsed":111,"timestamp":"2025-07-05T23:06:28.756Z"}
{"level":"info","message":"⌛ Validating arcaneBastion.wtest","timeElapsed":115,"timestamp":"2025-07-05T23:06:28.871Z"}
{"level":"info","message":"⌛ Validating arcaneBastion.wtest","timeElapsed":116,"timestamp":"2025-07-05T23:06:29.158Z"}
{"level":"info","message":"⌛ Validating arcaneBastion.wtest","timeElapsed":105,"timestamp":"2025-07-05T23:06:29.263Z"}
{"level":"info","message":"⌛ Validating arcaneBastion.wtest","timeElapsed":118,"timestamp":"2025-07-05T23:06:29.570Z"}
{"level":"info","message":"⌛ Validating arcaneBastion.wtest","timeElapsed":117,"timestamp":"2025-07-05T23:06:29.687Z"}
{"level":"info","message":"⌛ Validating arcaneBastion.wtest","timeElapsed":109,"timestamp":"2025-07-05T23:06:30.158Z"}
{"level":"info","message":"⌛ Validating arcaneBastion.wtest","timeElapsed":107,"timestamp":"2025-07-05T23:06:30.265Z"}
{"level":"info","message":"⌛ Validating arcaneBastion.wtest","timeElapsed":124,"timestamp":"2025-07-05T23:06:30.390Z"}
{"level":"info","message":"⌛ Building environment","timeElapsed":158,"timestamp":"2025-07-05T23:06:30.554Z"}
{"level":"info","message":"⌛ Validating arcaneBastion.wtest","timeElapsed":132,"timestamp":"2025-07-05T23:06:30.687Z"}
{"level":"info","message":"⌛ Validating arcaneBastion.wtest","timeElapsed":107,"timestamp":"2025-07-05T23:06:31.053Z"}
{"level":"info","message":"⌛ Building environment","timeElapsed":118,"timestamp":"2025-07-05T23:06:31.171Z"}
{"level":"info","message":"⌛ Validating arcaneBastion.wtest","timeElapsed":102,"timestamp":"2025-07-05T23:06:31.366Z"}
{"level":"info","message":"⌛ Building environment","timeElapsed":153,"timestamp":"2025-07-05T23:06:31.521Z"}
{"level":"info","message":"⌛ Validating arcaneBastion.wtest","timeElapsed":134,"timestamp":"2025-07-05T23:06:31.656Z"}
{"level":"info","message":"⌛ Validating arcaneBastion.wtest","timeElapsed":115,"timestamp":"2025-07-05T23:06:31.842Z"}
{"level":"info","message":"⌛ Validating arcaneBastion.wtest","timeElapsed":107,"timestamp":"2025-07-05T23:06:32.100Z"}
{"level":"info","message":"⌛ Validating arcaneBastion.wtest","timeElapsed":117,"timestamp":"2025-07-05T23:06:32.252Z"}
{"level":"info","message":"⌛ Validating arcaneBastion.wtest","timeElapsed":106,"timestamp":"2025-07-05T23:06:32.359Z"}
{"level":"info","message":"⌛ Validating arcaneBastion.wtest","timeElapsed":106,"timestamp":"2025-07-05T23:06:32.568Z"}
{"level":"info","message":"⌛ Validating arcaneBastion.wtest","timeElapsed":123,"timestamp":"2025-07-05T23:06:32.692Z"}
{"level":"info","message":"⌛ Validating arcaneBastion.wtest","timeElapsed":108,"timestamp":"2025-07-05T23:06:32.903Z"}
{"level":"info","message":"⌛ Validating arcaneBastion.wtest","timeElapsed":119,"timestamp":"2025-07-05T23:06:33.128Z"}
{"level":"info","message":"⌛ Validating arcaneBastion.wtest","timeElapsed":118,"timestamp":"2025-07-05T23:06:33.451Z"}
{"level":"info","message":"⌛ Validating arcaneBastion.wtest","timeElapsed":102,"timestamp":"2025-07-05T23:06:33.558Z"}
{"level":"info","message":"⌛ Validating arcaneBastion.wtest","timeElapsed":114,"timestamp":"2025-07-05T23:06:33.752Z"}
{"level":"info","message":"⌛ Validating arcaneBastion.wtest","timeElapsed":104,"timestamp":"2025-07-05T23:06:33.861Z"}
{"level":"info","message":"⌛ Validating arcaneBastion.wtest","timeElapsed":105,"timestamp":"2025-07-05T23:06:34.042Z"}
{"level":"info","message":"⌛ Validating arcaneBastion.wtest","timeElapsed":113,"timestamp":"2025-07-05T23:06:34.155Z"}
{"level":"info","message":"⌛ Validating arcaneBastion.wtest","timeElapsed":119,"timestamp":"2025-07-05T23:06:34.379Z"}
{"level":"info","message":"⌛ Validating arcaneBastion.wtest","timeElapsed":177,"timestamp":"2025-07-05T23:06:34.672Z"}
{"level":"info","message":"⌛ Validating arcaneBastion.wtest","timeElapsed":105,"timestamp":"2025-07-05T23:06:34.853Z"}
{"level":"info","message":"🧪 Test runner executed on c:\\Users\\joaom\\Documents\\asd-main","result":{"errored":0,"failed":0,"ok":1},"testsFailed":[],"timeElapsed":553,"timestamp":"2025-07-05T23:06:38.823Z"}
{"level":"info","message":"⌛ Building environment","timeElapsed":168,"timestamp":"2025-07-05T23:06:47.503Z"}
{"level":"info","message":"⌛ Building environment","timeElapsed":146,"timestamp":"2025-07-05T23:06:47.649Z"}
{"level":"info","message":"⌛ Validating arcaneBastion.wtest","timeElapsed":122,"timestamp":"2025-07-05T23:06:47.782Z"}
{"level":"info","message":"⌛ Validating arcaneBastion.wtest","timeElapsed":108,"timestamp":"2025-07-05T23:06:47.890Z"}
{"level":"info","message":"⌛ Building environment","timeElapsed":117,"timestamp":"2025-07-05T23:06:49.139Z"}
{"level":"info","message":"⌛ Validating arcaneBastion.wtest","timeElapsed":113,"timestamp":"2025-07-05T23:06:49.252Z"}
{"level":"info","message":"⌛ Validating arcaneBastion.wtest","timeElapsed":109,"timestamp":"2025-07-05T23:06:49.447Z"}
{"level":"info","message":"🧪 Test runner executed on c:\\Users\\joaom\\Documents\\asd-main","result":{"errored":0,"failed":1,"ok":0},"testsFailed":[{"error":["wollok.lib.AssertionException: Expected <7> but found <6>","  at arcaneBastion.\"La colision del hechizo empieza una posicon adelante en x \" [arcaneBastion.wtest:7]"],"test":"arcaneBastion.\"La colision del hechizo empieza una posicon adelante en x \""}],"timeElapsed":555,"timestamp":"2025-07-05T23:06:52.548Z"}
{"level":"info","message":"⌛ Validating arcaneBastion.wtest","timeElapsed":130,"timestamp":"2025-07-05T23:06:56.692Z"}
{"level":"info","message":"⌛ Building environment","timeElapsed":110,"timestamp":"2025-07-05T23:06:57.196Z"}
{"level":"info","message":"⌛ Validating arcaneBastion.wtest","timeElapsed":110,"timestamp":"2025-07-05T23:06:57.307Z"}
{"exitCode":"SIGHUP","level":"info","message":"👾 Game executed main.ArcaneBastion on c:\\Users\\joaom\\Documents\\asd-main","timeElapsed":818095,"timestamp":"2025-07-05T23:07:15.048Z"}
{"level":"info","message":"🚀 Program executed \u001b[3m\u001b[34mmain.ArcaneBastion\u001b[39m\u001b[23m on \u001b[3m\u001b[34mc:\\Users\\joaom\\Documents\\asd-main\u001b[39m\u001b[23m","ok":true,"timeElapsed":554,"timestamp":"2025-07-05T23:07:17.317Z"}
{"level":"info","message":"⌛ Building environment","timeElapsed":176,"timestamp":"2025-07-05T23:07:41.044Z"}
{"level":"info","message":"⌛ Validating arcaneBastion.wlk","timeElapsed":127,"timestamp":"2025-07-05T23:07:41.185Z"}
{"errors":{"errors":[null,["/*\r","Hace que colisionen con el pixel actual o el siguiente.\r","ya que parece que como el dragon va restando y el hechizo sumando en el eje x\r","estos se omiten\r"]]},"level":"error","message":"✘ Failed to get type description: Error: {\n  \"errors\": [\n    null,\n    [\n      \"/*\\r\",\n      \"Hace que colisionen con el pixel actual o el siguiente.\\r\",\n      \"ya que parece que como el dragon va restando y el hechizo sumando en el eje x\\r\",\n      \"estos se omiten\\r\"\n    ]\n  ]\n} {\n  \"errors\": [\n    null,\n    [\n      \"/*\\r\",\n      \"Hace que colisionen con el pixel actual o el siguiente.\\r\",\n      \"ya que parece que como el dragon va restando y el hechizo sumando en el eje x\\r\",\n      \"estos se omiten\\r\"\n    ]\n  ]\n}","stack":"Error: {\n  \"errors\": [\n    null,\n    [\n      \"/*\\r\",\n      \"Hace que colisionen con el pixel actual o el siguiente.\\r\",\n      \"ya que parece que como el dragon va restando y el hechizo sumando en el eje x\\r\",\n      \"estos se omiten\\r\"\n    ]\n  ]\n}\n    at pS (c:\\Users\\joaom\\.vscode\\extensions\\uqbar.wollok-lsp-ide-0.5.2\\out\\server\\src\\server.js:64:34609)\n    at G1 (c:\\Users\\joaom\\.vscode\\extensions\\uqbar.wollok-lsp-ide-0.5.2\\out\\server\\src\\server.js:64:34682)\n    at c:\\Users\\joaom\\.vscode\\extensions\\uqbar.wollok-lsp-ide-0.5.2\\out\\server\\src\\server.js:64:37949\n    at o.v1 (c:\\Users\\joaom\\.vscode\\extensions\\uqbar.wollok-lsp-ide-0.5.2\\out\\server\\src\\server.js:57:57694)\n    at c:\\Users\\joaom\\.vscode\\extensions\\uqbar.wollok-lsp-ide-0.5.2\\out\\server\\src\\server.js:64:37918\n    at c:\\Users\\joaom\\.vscode\\extensions\\uqbar.wollok-lsp-ide-0.5.2\\out\\server\\src\\server.js:57:55734\n    at Ofn (c:\\Users\\joaom\\.vscode\\extensions\\uqbar.wollok-lsp-ide-0.5.2\\out\\server\\src\\server.js:68:11324)\n    at c:\\Users\\joaom\\.vscode\\extensions\\uqbar.wollok-lsp-ide-0.5.2\\out\\server\\src\\server.js:68:3629\n    at jbn (c:\\Users\\joaom\\.vscode\\extensions\\uqbar.wollok-lsp-ide-0.5.2\\out\\server\\src\\server.js:68:3396)\n    at c:\\Users\\joaom\\.vscode\\extensions\\uqbar.wollok-lsp-ide-0.5.2\\out\\server\\src\\server.js:2371:847","timestamp":"2025-07-05T23:07:45.102Z"}
{"errors":{"errors":[null,["/*\r","Hace que colisionen con el pixel actual o el siguiente.\r","ya que parece que como el dragon va restando y el hechizo sumando en el eje x\r","estos se omiten\r"]]},"level":"error","message":"✘ Failed to get type description: Error: {\n  \"errors\": [\n    null,\n    [\n      \"/*\\r\",\n      \"Hace que colisionen con el pixel actual o el siguiente.\\r\",\n      \"ya que parece que como el dragon va restando y el hechizo sumando en el eje x\\r\",\n      \"estos se omiten\\r\"\n    ]\n  ]\n} {\n  \"errors\": [\n    null,\n    [\n      \"/*\\r\",\n      \"Hace que colisionen con el pixel actual o el siguiente.\\r\",\n      \"ya que parece que como el dragon va restando y el hechizo sumando en el eje x\\r\",\n      \"estos se omiten\\r\"\n    ]\n  ]\n}","stack":"Error: {\n  \"errors\": [\n    null,\n    [\n      \"/*\\r\",\n      \"Hace que colisionen con el pixel actual o el siguiente.\\r\",\n      \"ya que parece que como el dragon va restando y el hechizo sumando en el eje x\\r\",\n      \"estos se omiten\\r\"\n    ]\n  ]\n}\n    at pS (c:\\Users\\joaom\\.vscode\\extensions\\uqbar.wollok-lsp-ide-0.5.2\\out\\server\\src\\server.js:64:34609)\n    at G1 (c:\\Users\\joaom\\.vscode\\extensions\\uqbar.wollok-lsp-ide-0.5.2\\out\\server\\src\\server.js:64:34682)\n    at c:\\Users\\joaom\\.vscode\\extensions\\uqbar.wollok-lsp-ide-0.5.2\\out\\server\\src\\server.js:64:37949\n    at o.v1 (c:\\Users\\joaom\\.vscode\\extensions\\uqbar.wollok-lsp-ide-0.5.2\\out\\server\\src\\server.js:57:57694)\n    at c:\\Users\\joaom\\.vscode\\extensions\\uqbar.wollok-lsp-ide-0.5.2\\out\\server\\src\\server.js:64:37918\n    at c:\\Users\\joaom\\.vscode\\extensions\\uqbar.wollok-lsp-ide-0.5.2\\out\\server\\src\\server.js:57:55734\n    at Ofn (c:\\Users\\joaom\\.vscode\\extensions\\uqbar.wollok-lsp-ide-0.5.2\\out\\server\\src\\server.js:68:11324)\n    at c:\\Users\\joaom\\.vscode\\extensions\\uqbar.wollok-lsp-ide-0.5.2\\out\\server\\src\\server.js:68:3629\n    at jbn (c:\\Users\\joaom\\.vscode\\extensions\\uqbar.wollok-lsp-ide-0.5.2\\out\\server\\src\\server.js:68:3396)\n    at c:\\Users\\joaom\\.vscode\\extensions\\uqbar.wollok-lsp-ide-0.5.2\\out\\server\\src\\server.js:2371:847","timestamp":"2025-07-05T23:07:46.948Z"}
{"level":"info","message":"⌛ Building environment","timeElapsed":122,"timestamp":"2025-07-05T23:08:18.461Z"}
{"level":"info","message":"⌛ Validating administradorDeHechizos.wlk","timeElapsed":182,"timestamp":"2025-07-05T23:08:18.644Z"}
{"level":"info","message":"⌛ Building environment","timeElapsed":136,"timestamp":"2025-07-05T23:08:25.130Z"}
{"level":"info","message":"⌛ Validating main.wpgm","timeElapsed":148,"timestamp":"2025-07-05T23:08:25.287Z"}
{"exitCode":"SIGHUP","level":"info","message":"👾 Game executed main.ArcaneBastion on c:\\Users\\joaom\\Documents\\asd-main","timeElapsed":69876,"timestamp":"2025-07-05T23:08:26.638Z"}
{"level":"info","message":"🚀 Program executed \u001b[3m\u001b[34mmain.ArcaneBastion\u001b[39m\u001b[23m on \u001b[3m\u001b[34mc:\\Users\\joaom\\Documents\\asd-main\u001b[39m\u001b[23m","ok":true,"timeElapsed":575,"timestamp":"2025-07-05T23:08:28.832Z"}
{"level":"info","message":"⌛ Building environment","timeElapsed":108,"timestamp":"2025-07-05T23:09:07.377Z"}
{"level":"info","message":"⌛ Validating administradorDeHechizos.wlk","timeElapsed":148,"timestamp":"2025-07-05T23:09:07.532Z"}
{"errors":{"errors":[null,["/*\r","Hace que colisionen con el pixel actual o el siguiente.\r","ya que parece que como el dragon va restando y el hechizo sumando en el eje x\r","estos se omiten\r"]]},"level":"error","message":"✘ Failed to get type description: Error: {\n  \"errors\": [\n    null,\n    [\n      \"/*\\r\",\n      \"Hace que colisionen con el pixel actual o el siguiente.\\r\",\n      \"ya que parece que como el dragon va restando y el hechizo sumando en el eje x\\r\",\n      \"estos se omiten\\r\"\n    ]\n  ]\n} {\n  \"errors\": [\n    null,\n    [\n      \"/*\\r\",\n      \"Hace que colisionen con el pixel actual o el siguiente.\\r\",\n      \"ya que parece que como el dragon va restando y el hechizo sumando en el eje x\\r\",\n      \"estos se omiten\\r\"\n    ]\n  ]\n}","stack":"Error: {\n  \"errors\": [\n    null,\n    [\n      \"/*\\r\",\n      \"Hace que colisionen con el pixel actual o el siguiente.\\r\",\n      \"ya que parece que como el dragon va restando y el hechizo sumando en el eje x\\r\",\n      \"estos se omiten\\r\"\n    ]\n  ]\n}\n    at pS (c:\\Users\\joaom\\.vscode\\extensions\\uqbar.wollok-lsp-ide-0.5.2\\out\\server\\src\\server.js:64:34609)\n    at G1 (c:\\Users\\joaom\\.vscode\\extensions\\uqbar.wollok-lsp-ide-0.5.2\\out\\server\\src\\server.js:64:34682)\n    at c:\\Users\\joaom\\.vscode\\extensions\\uqbar.wollok-lsp-ide-0.5.2\\out\\server\\src\\server.js:64:37949\n    at o.v1 (c:\\Users\\joaom\\.vscode\\extensions\\uqbar.wollok-lsp-ide-0.5.2\\out\\server\\src\\server.js:57:57694)\n    at c:\\Users\\joaom\\.vscode\\extensions\\uqbar.wollok-lsp-ide-0.5.2\\out\\server\\src\\server.js:64:37918\n    at c:\\Users\\joaom\\.vscode\\extensions\\uqbar.wollok-lsp-ide-0.5.2\\out\\server\\src\\server.js:57:55734\n    at Ofn (c:\\Users\\joaom\\.vscode\\extensions\\uqbar.wollok-lsp-ide-0.5.2\\out\\server\\src\\server.js:68:11324)\n    at c:\\Users\\joaom\\.vscode\\extensions\\uqbar.wollok-lsp-ide-0.5.2\\out\\server\\src\\server.js:68:3629\n    at jbn (c:\\Users\\joaom\\.vscode\\extensions\\uqbar.wollok-lsp-ide-0.5.2\\out\\server\\src\\server.js:68:3396)\n    at c:\\Users\\joaom\\.vscode\\extensions\\uqbar.wollok-lsp-ide-0.5.2\\out\\server\\src\\server.js:2371:847","timestamp":"2025-07-05T23:10:32.669Z"}
{"level":"info","message":"⌛ Building environment","timeElapsed":231,"timestamp":"2025-07-05T23:10:36.728Z"}
{"level":"info","message":"⌛ Validating administradorDeOleadas.wlk","timeElapsed":138,"timestamp":"2025-07-05T23:10:36.906Z"}
{"level":"error","message":"✘ Failed to rebuild document Failed to parse administradorDeHechizos.wlk: \n-- PARSING FAILED --------------------------------------------------\n\n  34 |             /enemigo.recibirAtaque(hechizo.danio())\n  35 |             hechizo.eliminar()\n> 36 |         })\n     |         ^\n  37 |     }\n  38 | \n\nExpected one of the following: \n\n'@', 'class', 'const', 'describe', 'mixin', 'object', 'only', 'package', 'program', 'test', 'var', '{', EOF, comment, not \"}\", whitespace\n","stack":"Error: Failed to parse administradorDeHechizos.wlk: \n-- PARSING FAILED --------------------------------------------------\n\n  34 |             /enemigo.recibirAtaque(hechizo.danio())\n  35 |             hechizo.eliminar()\n> 36 |         })\n     |         ^\n  37 |     }\n  38 | \n\nExpected one of the following: \n\n'@', 'class', 'const', 'describe', 'mixin', 'object', 'only', 'package', 'program', 'test', 'var', '{', EOF, comment, not \"}\", whitespace\n\n    at c:\\Users\\joaom\\.vscode\\extensions\\uqbar.wollok-lsp-ide-0.5.2\\out\\server\\src\\server.js:2326:13026\n    at Array.map (<anonymous>)\n    at D1n (c:\\Users\\joaom\\.vscode\\extensions\\uqbar.wollok-lsp-ide-0.5.2\\out\\server\\src\\server.js:2326:12950)\n    at W2.buildEnvironmentFrom (c:\\Users\\joaom\\.vscode\\extensions\\uqbar.wollok-lsp-ide-0.5.2\\out\\server\\src\\server.js:2371:5254)\n    at W2.updateEnvironmentWith (c:\\Users\\joaom\\.vscode\\extensions\\uqbar.wollok-lsp-ide-0.5.2\\out\\server\\src\\server.js:2371:4989)\n    at GF (c:\\Users\\joaom\\.vscode\\extensions\\uqbar.wollok-lsp-ide-0.5.2\\out\\server\\src\\server.js:2371:7383)\n    at L3.invoke (c:\\Users\\joaom\\.vscode\\extensions\\uqbar.wollok-lsp-ide-0.5.2\\out\\server\\src\\server.js:3:157326)\n    at o.fire (c:\\Users\\joaom\\.vscode\\extensions\\uqbar.wollok-lsp-ide-0.5.2\\out\\server\\src\\server.js:3:158096)\n    at c:\\Users\\joaom\\.vscode\\extensions\\uqbar.wollok-lsp-ide-0.5.2\\out\\server\\src\\server.js:37:57871\n    at Kr (c:\\Users\\joaom\\.vscode\\extensions\\uqbar.wollok-lsp-ide-0.5.2\\out\\server\\src\\server.js:8:1561)","timestamp":"2025-07-05T23:10:42.401Z"}
{"level":"info","message":"⌛ Building environment","timeElapsed":132,"timestamp":"2025-07-05T23:10:42.667Z"}
{"level":"info","message":"⌛ Validating administradorDeHechizos.wlk","timeElapsed":149,"timestamp":"2025-07-05T23:10:42.816Z"}
{"level":"error","message":"✘ Failed to rebuild document Failed to parse administradorDeHechizos.wlk: \n-- PARSING FAILED --------------------------------------------------\n\n  41 |         hechizos.forEach({ hechizo => \n  42 |             hechizo.moverDerecha()\n> 43 |         })\n     |         ^\n  44 |     }\n  45 | \n\nExpected one of the following: \n\n'@', 'class', 'const', 'describe', 'mixin', 'object', 'only', 'package', 'program', 'test', 'var', '{', EOF, comment, not \"}\", whitespace\n","stack":"Error: Failed to parse administradorDeHechizos.wlk: \n-- PARSING FAILED --------------------------------------------------\n\n  41 |         hechizos.forEach({ hechizo => \n  42 |             hechizo.moverDerecha()\n> 43 |         })\n     |         ^\n  44 |     }\n  45 | \n\nExpected one of the following: \n\n'@', 'class', 'const', 'describe', 'mixin', 'object', 'only', 'package', 'program', 'test', 'var', '{', EOF, comment, not \"}\", whitespace\n\n    at c:\\Users\\joaom\\.vscode\\extensions\\uqbar.wollok-lsp-ide-0.5.2\\out\\server\\src\\server.js:2326:13026\n    at Array.map (<anonymous>)\n    at D1n (c:\\Users\\joaom\\.vscode\\extensions\\uqbar.wollok-lsp-ide-0.5.2\\out\\server\\src\\server.js:2326:12950)\n    at W2.buildEnvironmentFrom (c:\\Users\\joaom\\.vscode\\extensions\\uqbar.wollok-lsp-ide-0.5.2\\out\\server\\src\\server.js:2371:5254)\n    at W2.updateEnvironmentWith (c:\\Users\\joaom\\.vscode\\extensions\\uqbar.wollok-lsp-ide-0.5.2\\out\\server\\src\\server.js:2371:4989)\n    at GF (c:\\Users\\joaom\\.vscode\\extensions\\uqbar.wollok-lsp-ide-0.5.2\\out\\server\\src\\server.js:2371:7383)\n    at L3.invoke (c:\\Users\\joaom\\.vscode\\extensions\\uqbar.wollok-lsp-ide-0.5.2\\out\\server\\src\\server.js:3:157326)\n    at o.fire (c:\\Users\\joaom\\.vscode\\extensions\\uqbar.wollok-lsp-ide-0.5.2\\out\\server\\src\\server.js:3:158096)\n    at c:\\Users\\joaom\\.vscode\\extensions\\uqbar.wollok-lsp-ide-0.5.2\\out\\server\\src\\server.js:37:57871\n    at Kr (c:\\Users\\joaom\\.vscode\\extensions\\uqbar.wollok-lsp-ide-0.5.2\\out\\server\\src\\server.js:8:1561)","timestamp":"2025-07-05T23:10:44.110Z"}
{"level":"error","message":"✘ Failed to rebuild document Failed to parse administradorDeHechizos.wlk: \n-- PARSING FAILED --------------------------------------------------\n\n  41 |         hechizos.forEach({ hechizo => \n  42 |             hechizo.moverDerecha()\n> 43 |         })\n     |         ^\n  44 |     }\n  45 | \n\nExpected one of the following: \n\n'@', 'class', 'const', 'describe', 'mixin', 'object', 'only', 'package', 'program', 'test', 'var', '{', EOF, comment, not \"}\", whitespace\n","stack":"Error: Failed to parse administradorDeHechizos.wlk: \n-- PARSING FAILED --------------------------------------------------\n\n  41 |         hechizos.forEach({ hechizo => \n  42 |             hechizo.moverDerecha()\n> 43 |         })\n     |         ^\n  44 |     }\n  45 | \n\nExpected one of the following: \n\n'@', 'class', 'const', 'describe', 'mixin', 'object', 'only', 'package', 'program', 'test', 'var', '{', EOF, comment, not \"}\", whitespace\n\n    at c:\\Users\\joaom\\.vscode\\extensions\\uqbar.wollok-lsp-ide-0.5.2\\out\\server\\src\\server.js:2326:13026\n    at Array.map (<anonymous>)\n    at D1n (c:\\Users\\joaom\\.vscode\\extensions\\uqbar.wollok-lsp-ide-0.5.2\\out\\server\\src\\server.js:2326:12950)\n    at W2.buildEnvironmentFrom (c:\\Users\\joaom\\.vscode\\extensions\\uqbar.wollok-lsp-ide-0.5.2\\out\\server\\src\\server.js:2371:5254)\n    at W2.updateEnvironmentWith (c:\\Users\\joaom\\.vscode\\extensions\\uqbar.wollok-lsp-ide-0.5.2\\out\\server\\src\\server.js:2371:4989)\n    at GF (c:\\Users\\joaom\\.vscode\\extensions\\uqbar.wollok-lsp-ide-0.5.2\\out\\server\\src\\server.js:2371:7383)\n    at L3.invoke (c:\\Users\\joaom\\.vscode\\extensions\\uqbar.wollok-lsp-ide-0.5.2\\out\\server\\src\\server.js:3:157326)\n    at o.fire (c:\\Users\\joaom\\.vscode\\extensions\\uqbar.wollok-lsp-ide-0.5.2\\out\\server\\src\\server.js:3:158096)\n    at c:\\Users\\joaom\\.vscode\\extensions\\uqbar.wollok-lsp-ide-0.5.2\\out\\server\\src\\server.js:37:57871\n    at Kr (c:\\Users\\joaom\\.vscode\\extensions\\uqbar.wollok-lsp-ide-0.5.2\\out\\server\\src\\server.js:8:1561)","timestamp":"2025-07-05T23:10:44.209Z"}
{"level":"error","message":"✘ Failed to rebuild document Failed to parse administradorDeHechizos.wlk: \n-- PARSING FAILED --------------------------------------------------\n\n  42 |         hechizos.forEach({ hechizo => \n  43 |             hechizo.moverDerecha()\n> 44 |         })\n     |         ^\n  45 |     }\n  46 | \n\nExpected one of the following: \n\n'@', 'class', 'const', 'describe', 'mixin', 'object', 'only', 'package', 'program', 'test', 'var', '{', EOF, comment, not \"}\", whitespace\n","stack":"Error: Failed to parse administradorDeHechizos.wlk: \n-- PARSING FAILED --------------------------------------------------\n\n  42 |         hechizos.forEach({ hechizo => \n  43 |             hechizo.moverDerecha()\n> 44 |         })\n     |         ^\n  45 |     }\n  46 | \n\nExpected one of the following: \n\n'@', 'class', 'const', 'describe', 'mixin', 'object', 'only', 'package', 'program', 'test', 'var', '{', EOF, comment, not \"}\", whitespace\n\n    at c:\\Users\\joaom\\.vscode\\extensions\\uqbar.wollok-lsp-ide-0.5.2\\out\\server\\src\\server.js:2326:13026\n    at Array.map (<anonymous>)\n    at D1n (c:\\Users\\joaom\\.vscode\\extensions\\uqbar.wollok-lsp-ide-0.5.2\\out\\server\\src\\server.js:2326:12950)\n    at W2.buildEnvironmentFrom (c:\\Users\\joaom\\.vscode\\extensions\\uqbar.wollok-lsp-ide-0.5.2\\out\\server\\src\\server.js:2371:5254)\n    at W2.updateEnvironmentWith (c:\\Users\\joaom\\.vscode\\extensions\\uqbar.wollok-lsp-ide-0.5.2\\out\\server\\src\\server.js:2371:4989)\n    at GF (c:\\Users\\joaom\\.vscode\\extensions\\uqbar.wollok-lsp-ide-0.5.2\\out\\server\\src\\server.js:2371:7383)\n    at L3.invoke (c:\\Users\\joaom\\.vscode\\extensions\\uqbar.wollok-lsp-ide-0.5.2\\out\\server\\src\\server.js:3:157326)\n    at o.fire (c:\\Users\\joaom\\.vscode\\extensions\\uqbar.wollok-lsp-ide-0.5.2\\out\\server\\src\\server.js:3:158096)\n    at c:\\Users\\joaom\\.vscode\\extensions\\uqbar.wollok-lsp-ide-0.5.2\\out\\server\\src\\server.js:37:57871\n    at Kr (c:\\Users\\joaom\\.vscode\\extensions\\uqbar.wollok-lsp-ide-0.5.2\\out\\server\\src\\server.js:8:1561)","timestamp":"2025-07-05T23:10:49.480Z"}
{"level":"error","message":"✘ Failed to rebuild document Failed to parse administradorDeHechizos.wlk: \n-- PARSING FAILED --------------------------------------------------\n\n  41 |         hechizos.forEach({ hechizo => \n  42 |             hechizo.moverDerecha()\n> 43 |         })\n     |         ^\n  44 |     }\n  45 | \n\nExpected one of the following: \n\n'@', 'class', 'const', 'describe', 'mixin', 'object', 'only', 'package', 'program', 'test', 'var', '{', EOF, comment, not \"}\", whitespace\n","stack":"Error: Failed to parse administradorDeHechizos.wlk: \n-- PARSING FAILED --------------------------------------------------\n\n  41 |         hechizos.forEach({ hechizo => \n  42 |             hechizo.moverDerecha()\n> 43 |         })\n     |         ^\n  44 |     }\n  45 | \n\nExpected one of the following: \n\n'@', 'class', 'const', 'describe', 'mixin', 'object', 'only', 'package', 'program', 'test', 'var', '{', EOF, comment, not \"}\", whitespace\n\n    at c:\\Users\\joaom\\.vscode\\extensions\\uqbar.wollok-lsp-ide-0.5.2\\out\\server\\src\\server.js:2326:13026\n    at Array.map (<anonymous>)\n    at D1n (c:\\Users\\joaom\\.vscode\\extensions\\uqbar.wollok-lsp-ide-0.5.2\\out\\server\\src\\server.js:2326:12950)\n    at W2.buildEnvironmentFrom (c:\\Users\\joaom\\.vscode\\extensions\\uqbar.wollok-lsp-ide-0.5.2\\out\\server\\src\\server.js:2371:5254)\n    at W2.updateEnvironmentWith (c:\\Users\\joaom\\.vscode\\extensions\\uqbar.wollok-lsp-ide-0.5.2\\out\\server\\src\\server.js:2371:4989)\n    at GF (c:\\Users\\joaom\\.vscode\\extensions\\uqbar.wollok-lsp-ide-0.5.2\\out\\server\\src\\server.js:2371:7383)\n    at L3.invoke (c:\\Users\\joaom\\.vscode\\extensions\\uqbar.wollok-lsp-ide-0.5.2\\out\\server\\src\\server.js:3:157326)\n    at o.fire (c:\\Users\\joaom\\.vscode\\extensions\\uqbar.wollok-lsp-ide-0.5.2\\out\\server\\src\\server.js:3:158096)\n    at c:\\Users\\joaom\\.vscode\\extensions\\uqbar.wollok-lsp-ide-0.5.2\\out\\server\\src\\server.js:37:57871\n    at Kr (c:\\Users\\joaom\\.vscode\\extensions\\uqbar.wollok-lsp-ide-0.5.2\\out\\server\\src\\server.js:8:1561)","timestamp":"2025-07-05T23:11:57.052Z"}
{"level":"info","message":"⌛ Validating administradorDeHechizos.wlk","timeElapsed":113,"timestamp":"2025-07-05T23:11:58.338Z"}
{"level":"error","message":"✘ Failed to rebuild document Failed to parse administradorDeHechizos.wlk: \n-- PARSING FAILED --------------------------------------------------\n\n  41 |         hechizos.forEach({ hechizo => \n  42 |             hechizo.moverDerecha()\n> 43 |         })\n     |         ^\n  44 |     }\n  45 | \n\nExpected one of the following: \n\n'@', 'class', 'const', 'describe', 'mixin', 'object', 'only', 'package', 'program', 'test', 'var', '{', EOF, comment, not \"}\", whitespace\n","stack":"Error: Failed to parse administradorDeHechizos.wlk: \n-- PARSING FAILED --------------------------------------------------\n\n  41 |         hechizos.forEach({ hechizo => \n  42 |             hechizo.moverDerecha()\n> 43 |         })\n     |         ^\n  44 |     }\n  45 | \n\nExpected one of the following: \n\n'@', 'class', 'const', 'describe', 'mixin', 'object', 'only', 'package', 'program', 'test', 'var', '{', EOF, comment, not \"}\", whitespace\n\n    at c:\\Users\\joaom\\.vscode\\extensions\\uqbar.wollok-lsp-ide-0.5.2\\out\\server\\src\\server.js:2326:13026\n    at Array.map (<anonymous>)\n    at D1n (c:\\Users\\joaom\\.vscode\\extensions\\uqbar.wollok-lsp-ide-0.5.2\\out\\server\\src\\server.js:2326:12950)\n    at W2.buildEnvironmentFrom (c:\\Users\\joaom\\.vscode\\extensions\\uqbar.wollok-lsp-ide-0.5.2\\out\\server\\src\\server.js:2371:5254)\n    at W2.updateEnvironmentWith (c:\\Users\\joaom\\.vscode\\extensions\\uqbar.wollok-lsp-ide-0.5.2\\out\\server\\src\\server.js:2371:4989)\n    at GF (c:\\Users\\joaom\\.vscode\\extensions\\uqbar.wollok-lsp-ide-0.5.2\\out\\server\\src\\server.js:2371:7383)\n    at L3.invoke (c:\\Users\\joaom\\.vscode\\extensions\\uqbar.wollok-lsp-ide-0.5.2\\out\\server\\src\\server.js:3:157326)\n    at o.fire (c:\\Users\\joaom\\.vscode\\extensions\\uqbar.wollok-lsp-ide-0.5.2\\out\\server\\src\\server.js:3:158096)\n    at c:\\Users\\joaom\\.vscode\\extensions\\uqbar.wollok-lsp-ide-0.5.2\\out\\server\\src\\server.js:37:57871\n    at Kr (c:\\Users\\joaom\\.vscode\\extensions\\uqbar.wollok-lsp-ide-0.5.2\\out\\server\\src\\server.js:8:1561)","timestamp":"2025-07-05T23:12:01.305Z"}
{"level":"info","message":"⌛ Building environment","timeElapsed":143,"timestamp":"2025-07-05T23:12:02.327Z"}
{"level":"info","message":"⌛ Validating administradorDeHechizos.wlk","timeElapsed":139,"timestamp":"2025-07-05T23:12:02.467Z"}
{"level":"error","message":"✘ Failed to rebuild document Failed to parse administradorDeHechizos.wlk: \n-- PARSING FAILED --------------------------------------------------\n\n  34 |             /enemigo.recibirAtaque(hechizo.danio())\n  35 |             hechizo.eliminar()\n> 36 |         })\n     |         ^\n  37 |     }\n  38 | \n\nExpected one of the following: \n\n'@', 'class', 'const', 'describe', 'mixin', 'object', 'only', 'package', 'program', 'test', 'var', '{', EOF, comment, not \"}\", whitespace\n","stack":"Error: Failed to parse administradorDeHechizos.wlk: \n-- PARSING FAILED --------------------------------------------------\n\n  34 |             /enemigo.recibirAtaque(hechizo.danio())\n  35 |             hechizo.eliminar()\n> 36 |         })\n     |         ^\n  37 |     }\n  38 | \n\nExpected one of the following: \n\n'@', 'class', 'const', 'describe', 'mixin', 'object', 'only', 'package', 'program', 'test', 'var', '{', EOF, comment, not \"}\", whitespace\n\n    at c:\\Users\\joaom\\.vscode\\extensions\\uqbar.wollok-lsp-ide-0.5.2\\out\\server\\src\\server.js:2326:13026\n    at Array.map (<anonymous>)\n    at D1n (c:\\Users\\joaom\\.vscode\\extensions\\uqbar.wollok-lsp-ide-0.5.2\\out\\server\\src\\server.js:2326:12950)\n    at W2.buildEnvironmentFrom (c:\\Users\\joaom\\.vscode\\extensions\\uqbar.wollok-lsp-ide-0.5.2\\out\\server\\src\\server.js:2371:5254)\n    at W2.updateEnvironmentWith (c:\\Users\\joaom\\.vscode\\extensions\\uqbar.wollok-lsp-ide-0.5.2\\out\\server\\src\\server.js:2371:4989)\n    at GF (c:\\Users\\joaom\\.vscode\\extensions\\uqbar.wollok-lsp-ide-0.5.2\\out\\server\\src\\server.js:2371:7383)\n    at L3.invoke (c:\\Users\\joaom\\.vscode\\extensions\\uqbar.wollok-lsp-ide-0.5.2\\out\\server\\src\\server.js:3:157326)\n    at o.fire (c:\\Users\\joaom\\.vscode\\extensions\\uqbar.wollok-lsp-ide-0.5.2\\out\\server\\src\\server.js:3:158096)\n    at c:\\Users\\joaom\\.vscode\\extensions\\uqbar.wollok-lsp-ide-0.5.2\\out\\server\\src\\server.js:37:57871\n    at Kr (c:\\Users\\joaom\\.vscode\\extensions\\uqbar.wollok-lsp-ide-0.5.2\\out\\server\\src\\server.js:8:1561)","timestamp":"2025-07-05T23:12:05.412Z"}
{"level":"info","message":"⌛ Building environment","timeElapsed":103,"timestamp":"2025-07-05T23:12:05.667Z"}
{"level":"info","message":"⌛ Validating administradorDeHechizos.wlk","timeElapsed":131,"timestamp":"2025-07-05T23:12:05.812Z"}
{"level":"error","message":"✘ Failed to rebuild document Failed to parse administradorDeHechizos.wlk: \n-- PARSING FAILED --------------------------------------------------\n\n  34 |             /enemigo.recibirAtaque(hechizo.danio())\n  35 |             hechizo.eliminar()\n> 36 |         })\n     |         ^\n  37 |     }\n  38 | \n\nExpected one of the following: \n\n'@', 'class', 'const', 'describe', 'mixin', 'object', 'only', 'package', 'program', 'test', 'var', '{', EOF, comment, not \"}\", whitespace\n","stack":"Error: Failed to parse administradorDeHechizos.wlk: \n-- PARSING FAILED --------------------------------------------------\n\n  34 |             /enemigo.recibirAtaque(hechizo.danio())\n  35 |             hechizo.eliminar()\n> 36 |         })\n     |         ^\n  37 |     }\n  38 | \n\nExpected one of the following: \n\n'@', 'class', 'const', 'describe', 'mixin', 'object', 'only', 'package', 'program', 'test', 'var', '{', EOF, comment, not \"}\", whitespace\n\n    at c:\\Users\\joaom\\.vscode\\extensions\\uqbar.wollok-lsp-ide-0.5.2\\out\\server\\src\\server.js:2326:13026\n    at Array.map (<anonymous>)\n    at D1n (c:\\Users\\joaom\\.vscode\\extensions\\uqbar.wollok-lsp-ide-0.5.2\\out\\server\\src\\server.js:2326:12950)\n    at W2.buildEnvironmentFrom (c:\\Users\\joaom\\.vscode\\extensions\\uqbar.wollok-lsp-ide-0.5.2\\out\\server\\src\\server.js:2371:5254)\n    at W2.updateEnvironmentWith (c:\\Users\\joaom\\.vscode\\extensions\\uqbar.wollok-lsp-ide-0.5.2\\out\\server\\src\\server.js:2371:4989)\n    at GF (c:\\Users\\joaom\\.vscode\\extensions\\uqbar.wollok-lsp-ide-0.5.2\\out\\server\\src\\server.js:2371:7383)\n    at L3.invoke (c:\\Users\\joaom\\.vscode\\extensions\\uqbar.wollok-lsp-ide-0.5.2\\out\\server\\src\\server.js:3:157326)\n    at o.fire (c:\\Users\\joaom\\.vscode\\extensions\\uqbar.wollok-lsp-ide-0.5.2\\out\\server\\src\\server.js:3:158096)\n    at c:\\Users\\joaom\\.vscode\\extensions\\uqbar.wollok-lsp-ide-0.5.2\\out\\server\\src\\server.js:37:57871\n    at Kr (c:\\Users\\joaom\\.vscode\\extensions\\uqbar.wollok-lsp-ide-0.5.2\\out\\server\\src\\server.js:8:1561)","timestamp":"2025-07-05T23:12:06.005Z"}
{"level":"error","message":"✘ Failed to rebuild document Failed to parse administradorDeHechizos.wlk: \n-- PARSING FAILED --------------------------------------------------\n\nGot the end of the input\n\nExpected one of the following: \n\n'!=', '!==', '%', '&&', ')', '*', '**', '+', ',', '-', '->', '.', '..', '..<', '/', '<', '<<', '<<<', '<=', '<=>', '<>', '==', '===', '>', '>..', '>=', '>>', '>>>', '?:', '@', 'and', 'const', 'method', 'or', 'override', 'var', '{', '||', '}', any character/byte, comment, whitespace\n","stack":"Error: Failed to parse administradorDeHechizos.wlk: \n-- PARSING FAILED --------------------------------------------------\n\nGot the end of the input\n\nExpected one of the following: \n\n'!=', '!==', '%', '&&', ')', '*', '**', '+', ',', '-', '->', '.', '..', '..<', '/', '<', '<<', '<<<', '<=', '<=>', '<>', '==', '===', '>', '>..', '>=', '>>', '>>>', '?:', '@', 'and', 'const', 'method', 'or', 'override', 'var', '{', '||', '}', any character/byte, comment, whitespace\n\n    at c:\\Users\\joaom\\.vscode\\extensions\\uqbar.wollok-lsp-ide-0.5.2\\out\\server\\src\\server.js:2326:13026\n    at Array.map (<anonymous>)\n    at D1n (c:\\Users\\joaom\\.vscode\\extensions\\uqbar.wollok-lsp-ide-0.5.2\\out\\server\\src\\server.js:2326:12950)\n    at W2.buildEnvironmentFrom (c:\\Users\\joaom\\.vscode\\extensions\\uqbar.wollok-lsp-ide-0.5.2\\out\\server\\src\\server.js:2371:5254)\n    at W2.updateEnvironmentWith (c:\\Users\\joaom\\.vscode\\extensions\\uqbar.wollok-lsp-ide-0.5.2\\out\\server\\src\\server.js:2371:4989)\n    at GF (c:\\Users\\joaom\\.vscode\\extensions\\uqbar.wollok-lsp-ide-0.5.2\\out\\server\\src\\server.js:2371:7383)\n    at L3.invoke (c:\\Users\\joaom\\.vscode\\extensions\\uqbar.wollok-lsp-ide-0.5.2\\out\\server\\src\\server.js:3:157326)\n    at o.fire (c:\\Users\\joaom\\.vscode\\extensions\\uqbar.wollok-lsp-ide-0.5.2\\out\\server\\src\\server.js:3:158096)\n    at c:\\Users\\joaom\\.vscode\\extensions\\uqbar.wollok-lsp-ide-0.5.2\\out\\server\\src\\server.js:37:57871\n    at Kr (c:\\Users\\joaom\\.vscode\\extensions\\uqbar.wollok-lsp-ide-0.5.2\\out\\server\\src\\server.js:8:1561)","timestamp":"2025-07-05T23:12:06.273Z"}
{"level":"error","message":"✘ Failed to rebuild document Failed to parse administradorDeHechizos.wlk: \n-- PARSING FAILED --------------------------------------------------\n\nGot the end of the input\n\nExpected one of the following: \n\n'!=', '!==', '%', '&&', ')', '*', '**', '+', ',', '-', '->', '.', '..', '..<', '/', '<', '<<', '<<<', '<=', '<=>', '<>', '==', '===', '>', '>..', '>=', '>>', '>>>', '?:', '@', 'and', 'const', 'method', 'or', 'override', 'var', '{', '||', '}', any character/byte, comment, whitespace\n","stack":"Error: Failed to parse administradorDeHechizos.wlk: \n-- PARSING FAILED --------------------------------------------------\n\nGot the end of the input\n\nExpected one of the following: \n\n'!=', '!==', '%', '&&', ')', '*', '**', '+', ',', '-', '->', '.', '..', '..<', '/', '<', '<<', '<<<', '<=', '<=>', '<>', '==', '===', '>', '>..', '>=', '>>', '>>>', '?:', '@', 'and', 'const', 'method', 'or', 'override', 'var', '{', '||', '}', any character/byte, comment, whitespace\n\n    at c:\\Users\\joaom\\.vscode\\extensions\\uqbar.wollok-lsp-ide-0.5.2\\out\\server\\src\\server.js:2326:13026\n    at Array.map (<anonymous>)\n    at D1n (c:\\Users\\joaom\\.vscode\\extensions\\uqbar.wollok-lsp-ide-0.5.2\\out\\server\\src\\server.js:2326:12950)\n    at W2.buildEnvironmentFrom (c:\\Users\\joaom\\.vscode\\extensions\\uqbar.wollok-lsp-ide-0.5.2\\out\\server\\src\\server.js:2371:5254)\n    at W2.updateEnvironmentWith (c:\\Users\\joaom\\.vscode\\extensions\\uqbar.wollok-lsp-ide-0.5.2\\out\\server\\src\\server.js:2371:4989)\n    at GF (c:\\Users\\joaom\\.vscode\\extensions\\uqbar.wollok-lsp-ide-0.5.2\\out\\server\\src\\server.js:2371:7383)\n    at L3.invoke (c:\\Users\\joaom\\.vscode\\extensions\\uqbar.wollok-lsp-ide-0.5.2\\out\\server\\src\\server.js:3:157326)\n    at o.fire (c:\\Users\\joaom\\.vscode\\extensions\\uqbar.wollok-lsp-ide-0.5.2\\out\\server\\src\\server.js:3:158096)\n    at c:\\Users\\joaom\\.vscode\\extensions\\uqbar.wollok-lsp-ide-0.5.2\\out\\server\\src\\server.js:37:57871\n    at Kr (c:\\Users\\joaom\\.vscode\\extensions\\uqbar.wollok-lsp-ide-0.5.2\\out\\server\\src\\server.js:8:1561)","timestamp":"2025-07-05T23:12:07.495Z"}
{"level":"error","message":"✘ Failed to rebuild document Failed to parse administradorDeHechizos.wlk: \n-- PARSING FAILED --------------------------------------------------\n\nGot the end of the input\n\nExpected one of the following: \n\n'!=', '!==', '%', '&&', ')', '*', '**', '+', ',', '-', '->', '.', '..', '..<', '/', '<', '<<', '<<<', '<=', '<=>', '<>', '==', '===', '>', '>..', '>=', '>>', '>>>', '?:', '@', 'and', 'const', 'method', 'or', 'override', 'var', '{', '||', '}', any character/byte, comment, whitespace\n","stack":"Error: Failed to parse administradorDeHechizos.wlk: \n-- PARSING FAILED --------------------------------------------------\n\nGot the end of the input\n\nExpected one of the following: \n\n'!=', '!==', '%', '&&', ')', '*', '**', '+', ',', '-', '->', '.', '..', '..<', '/', '<', '<<', '<<<', '<=', '<=>', '<>', '==', '===', '>', '>..', '>=', '>>', '>>>', '?:', '@', 'and', 'const', 'method', 'or', 'override', 'var', '{', '||', '}', any character/byte, comment, whitespace\n\n    at c:\\Users\\joaom\\.vscode\\extensions\\uqbar.wollok-lsp-ide-0.5.2\\out\\server\\src\\server.js:2326:13026\n    at Array.map (<anonymous>)\n    at D1n (c:\\Users\\joaom\\.vscode\\extensions\\uqbar.wollok-lsp-ide-0.5.2\\out\\server\\src\\server.js:2326:12950)\n    at W2.buildEnvironmentFrom (c:\\Users\\joaom\\.vscode\\extensions\\uqbar.wollok-lsp-ide-0.5.2\\out\\server\\src\\server.js:2371:5254)\n    at W2.updateEnvironmentWith (c:\\Users\\joaom\\.vscode\\extensions\\uqbar.wollok-lsp-ide-0.5.2\\out\\server\\src\\server.js:2371:4989)\n    at GF (c:\\Users\\joaom\\.vscode\\extensions\\uqbar.wollok-lsp-ide-0.5.2\\out\\server\\src\\server.js:2371:7383)\n    at L3.invoke (c:\\Users\\joaom\\.vscode\\extensions\\uqbar.wollok-lsp-ide-0.5.2\\out\\server\\src\\server.js:3:157326)\n    at o.fire (c:\\Users\\joaom\\.vscode\\extensions\\uqbar.wollok-lsp-ide-0.5.2\\out\\server\\src\\server.js:3:158096)\n    at c:\\Users\\joaom\\.vscode\\extensions\\uqbar.wollok-lsp-ide-0.5.2\\out\\server\\src\\server.js:37:57871\n    at Kr (c:\\Users\\joaom\\.vscode\\extensions\\uqbar.wollok-lsp-ide-0.5.2\\out\\server\\src\\server.js:8:1561)","timestamp":"2025-07-05T23:12:07.920Z"}
{"level":"error","message":"✘ Failed to rebuild document Failed to parse administradorDeHechizos.wlk: \n-- PARSING FAILED --------------------------------------------------\n\n  42 |         hechizos.forEach({ hechizo => \n  43 |             hechizo.moverDerecha()\n> 44 |         })\n     |         ^\n  45 |     }\n  46 | \n\nExpected one of the following: \n\n'@', 'class', 'const', 'describe', 'mixin', 'object', 'only', 'package', 'program', 'test', 'var', '{', EOF, comment, not \"}\", whitespace\n","stack":"Error: Failed to parse administradorDeHechizos.wlk: \n-- PARSING FAILED --------------------------------------------------\n\n  42 |         hechizos.forEach({ hechizo => \n  43 |             hechizo.moverDerecha()\n> 44 |         })\n     |         ^\n  45 |     }\n  46 | \n\nExpected one of the following: \n\n'@', 'class', 'const', 'describe', 'mixin', 'object', 'only', 'package', 'program', 'test', 'var', '{', EOF, comment, not \"}\", whitespace\n\n    at c:\\Users\\joaom\\.vscode\\extensions\\uqbar.wollok-lsp-ide-0.5.2\\out\\server\\src\\server.js:2326:13026\n    at Array.map (<anonymous>)\n    at D1n (c:\\Users\\joaom\\.vscode\\extensions\\uqbar.wollok-lsp-ide-0.5.2\\out\\server\\src\\server.js:2326:12950)\n    at W2.buildEnvironmentFrom (c:\\Users\\joaom\\.vscode\\extensions\\uqbar.wollok-lsp-ide-0.5.2\\out\\server\\src\\server.js:2371:5254)\n    at W2.updateEnvironmentWith (c:\\Users\\joaom\\.vscode\\extensions\\uqbar.wollok-lsp-ide-0.5.2\\out\\server\\src\\server.js:2371:4989)\n    at GF (c:\\Users\\joaom\\.vscode\\extensions\\uqbar.wollok-lsp-ide-0.5.2\\out\\server\\src\\server.js:2371:7383)\n    at L3.invoke (c:\\Users\\joaom\\.vscode\\extensions\\uqbar.wollok-lsp-ide-0.5.2\\out\\server\\src\\server.js:3:157326)\n    at o.fire (c:\\Users\\joaom\\.vscode\\extensions\\uqbar.wollok-lsp-ide-0.5.2\\out\\server\\src\\server.js:3:158096)\n    at c:\\Users\\joaom\\.vscode\\extensions\\uqbar.wollok-lsp-ide-0.5.2\\out\\server\\src\\server.js:37:57871\n    at Kr (c:\\Users\\joaom\\.vscode\\extensions\\uqbar.wollok-lsp-ide-0.5.2\\out\\server\\src\\server.js:8:1561)","timestamp":"2025-07-05T23:12:08.309Z"}
{"exitCode":"SIGHUP","level":"info","message":"👾 Game executed main.ArcaneBastion on c:\\Users\\joaom\\Documents\\asd-main","timeElapsed":429984,"timestamp":"2025-07-05T23:15:38.240Z"}
