{"level":"info","message":"⌛ Validating arcaneBastion.wlk","timeElapsed":126,"timestamp":"2025-07-06T01:30:41.205Z"}
{"level":"info","message":"⌛ Building environment","timeElapsed":123,"timestamp":"2025-07-06T01:30:41.355Z"}
{"level":"info","message":"⌛ Validating arcaneBastion.wlk","timeElapsed":197,"timestamp":"2025-07-06T01:30:41.556Z"}
{"level":"info","message":"⌛ Building environment","timeElapsed":115,"timestamp":"2025-07-06T01:30:41.781Z"}
{"level":"info","message":"⌛ Validating arcaneBastion.wlk","timeElapsed":119,"timestamp":"2025-07-06T01:30:41.902Z"}
{"level":"info","message":"⌛ Validating arcaneBastion.wlk","timeElapsed":130,"timestamp":"2025-07-06T01:30:42.170Z"}
{"level":"info","message":"⌛ Validating arcaneBastion.wlk","timeElapsed":104,"timestamp":"2025-07-06T01:30:42.474Z"}
{"level":"info","message":"⌛ Validating arcaneBastion.wlk","timeElapsed":122,"timestamp":"2025-07-06T01:30:42.642Z"}
{"level":"info","message":"⌛ Validating arcaneBastion.wlk","timeElapsed":121,"timestamp":"2025-07-06T01:30:42.763Z"}
{"level":"info","message":"⌛ Building environment","timeElapsed":112,"timestamp":"2025-07-06T01:31:23.942Z"}
{"level":"info","message":"⌛ Validating arcaneBastion.wlk","timeElapsed":182,"timestamp":"2025-07-06T01:31:24.125Z"}
{"level":"info","message":"⌛ Building environment","timeElapsed":110,"timestamp":"2025-07-06T01:31:25.888Z"}
{"level":"info","message":"⌛ Validating arcaneBastion.wlk","timeElapsed":138,"timestamp":"2025-07-06T01:31:26.028Z"}
{"level":"info","message":"⌛ Building environment","timeElapsed":110,"timestamp":"2025-07-06T01:31:26.457Z"}
{"level":"info","message":"⌛ Validating arcaneBastion.wlk","timeElapsed":195,"timestamp":"2025-07-06T01:31:26.652Z"}
{"level":"info","message":"⌛ Building environment","timeElapsed":169,"timestamp":"2025-07-06T01:32:05.163Z"}
{"level":"info","message":"⌛ Validating arcaneBastion.wlk","timeElapsed":213,"timestamp":"2025-07-06T01:32:05.386Z"}
{"level":"info","message":"⌛ Building environment","timeElapsed":136,"timestamp":"2025-07-06T01:32:07.819Z"}
{"level":"info","message":"⌛ Validating arcaneBastion.wlk","timeElapsed":248,"timestamp":"2025-07-06T01:32:08.069Z"}
{"level":"info","message":"⌛ Building environment","timeElapsed":171,"timestamp":"2025-07-06T01:32:08.273Z"}
{"level":"info","message":"⌛ Validating arcaneBastion.wlk","timeElapsed":123,"timestamp":"2025-07-06T01:32:08.396Z"}
{"level":"info","message":"⌛ Building environment","timeElapsed":106,"timestamp":"2025-07-06T01:32:10.311Z"}
{"level":"error","message":"✘ Completions for node Send ([53:16, 53:41] - arcaneBastion.wlk) failed: Error: [Send]{e47878} at arcaneBastion.wlk:53 exhausted all cases without a match [Send]{e47878} at arcaneBastion.wlk:53 exhausted all cases without a match","stack":"Error: [Send]{e47878} at arcaneBastion.wlk:53 exhausted all cases without a match\n    at c:\\Users\\joaom\\.vscode\\extensions\\uqbar.wollok-lsp-ide-0.5.2\\out\\server\\src\\server.js:38:6142\n    at C2 (c:\\Users\\joaom\\.vscode\\extensions\\uqbar.wollok-lsp-ide-0.5.2\\out\\server\\src\\server.js:2362:42)\n    at c:\\Users\\joaom\\.vscode\\extensions\\uqbar.wollok-lsp-ide-0.5.2\\out\\server\\src\\server.js:2362:2988\n    at c:\\Users\\joaom\\.vscode\\extensions\\uqbar.wollok-lsp-ide-0.5.2\\out\\server\\src\\server.js:2371:8440\n    at c:\\Users\\joaom\\.vscode\\extensions\\uqbar.wollok-lsp-ide-0.5.2\\out\\server\\src\\server.js:37:74872\n    at Ye (c:\\Users\\joaom\\.vscode\\extensions\\uqbar.wollok-lsp-ide-0.5.2\\out\\server\\src\\server.js:7:8527)\n    at Dt (c:\\Users\\joaom\\.vscode\\extensions\\uqbar.wollok-lsp-ide-0.5.2\\out\\server\\src\\server.js:7:6189)\n    at Zi (c:\\Users\\joaom\\.vscode\\extensions\\uqbar.wollok-lsp-ide-0.5.2\\out\\server\\src\\server.js:7:6378)\n    at Immediate._onImmediate (c:\\Users\\joaom\\.vscode\\extensions\\uqbar.wollok-lsp-ide-0.5.2\\out\\server\\src\\server.js:7:6142)\n    at process.processImmediate (node:internal/timers:485:21)","timestamp":"2025-07-06T01:32:10.348Z"}
{"level":"error","message":"✘ Completions for node Send ([53:16, 53:68] - arcaneBastion.wlk) failed: Error: [Send]{5b9898} at arcaneBastion.wlk:53 exhausted all cases without a match [Send]{5b9898} at arcaneBastion.wlk:53 exhausted all cases without a match","stack":"Error: [Send]{5b9898} at arcaneBastion.wlk:53 exhausted all cases without a match\n    at c:\\Users\\joaom\\.vscode\\extensions\\uqbar.wollok-lsp-ide-0.5.2\\out\\server\\src\\server.js:38:6142\n    at C2 (c:\\Users\\joaom\\.vscode\\extensions\\uqbar.wollok-lsp-ide-0.5.2\\out\\server\\src\\server.js:2362:42)\n    at Gh (c:\\Users\\joaom\\.vscode\\extensions\\uqbar.wollok-lsp-ide-0.5.2\\out\\server\\src\\server.js:2362:1092)\n    at C2 (c:\\Users\\joaom\\.vscode\\extensions\\uqbar.wollok-lsp-ide-0.5.2\\out\\server\\src\\server.js:2362:544)\n    at c:\\Users\\joaom\\.vscode\\extensions\\uqbar.wollok-lsp-ide-0.5.2\\out\\server\\src\\server.js:2362:2988\n    at c:\\Users\\joaom\\.vscode\\extensions\\uqbar.wollok-lsp-ide-0.5.2\\out\\server\\src\\server.js:2371:8440\n    at c:\\Users\\joaom\\.vscode\\extensions\\uqbar.wollok-lsp-ide-0.5.2\\out\\server\\src\\server.js:37:74872\n    at Ye (c:\\Users\\joaom\\.vscode\\extensions\\uqbar.wollok-lsp-ide-0.5.2\\out\\server\\src\\server.js:7:8527)\n    at Dt (c:\\Users\\joaom\\.vscode\\extensions\\uqbar.wollok-lsp-ide-0.5.2\\out\\server\\src\\server.js:7:6189)\n    at Zi (c:\\Users\\joaom\\.vscode\\extensions\\uqbar.wollok-lsp-ide-0.5.2\\out\\server\\src\\server.js:7:6378)","timestamp":"2025-07-06T01:32:10.348Z"}
{"level":"error","message":"✘ Completions for node Return ([53:9, 53:68] - arcaneBastion.wlk) failed: Error: [Return]{e92117} at arcaneBastion.wlk:53 exhausted all cases without a match [Return]{e92117} at arcaneBastion.wlk:53 exhausted all cases without a match","stack":"Error: [Return]{e92117} at arcaneBastion.wlk:53 exhausted all cases without a match\n    at c:\\Users\\joaom\\.vscode\\extensions\\uqbar.wollok-lsp-ide-0.5.2\\out\\server\\src\\server.js:38:6142\n    at C2 (c:\\Users\\joaom\\.vscode\\extensions\\uqbar.wollok-lsp-ide-0.5.2\\out\\server\\src\\server.js:2362:42)\n    at Gh (c:\\Users\\joaom\\.vscode\\extensions\\uqbar.wollok-lsp-ide-0.5.2\\out\\server\\src\\server.js:2362:1092)\n    at C2 (c:\\Users\\joaom\\.vscode\\extensions\\uqbar.wollok-lsp-ide-0.5.2\\out\\server\\src\\server.js:2362:544)\n    at Gh (c:\\Users\\joaom\\.vscode\\extensions\\uqbar.wollok-lsp-ide-0.5.2\\out\\server\\src\\server.js:2362:1092)\n    at C2 (c:\\Users\\joaom\\.vscode\\extensions\\uqbar.wollok-lsp-ide-0.5.2\\out\\server\\src\\server.js:2362:544)\n    at c:\\Users\\joaom\\.vscode\\extensions\\uqbar.wollok-lsp-ide-0.5.2\\out\\server\\src\\server.js:2362:2988\n    at c:\\Users\\joaom\\.vscode\\extensions\\uqbar.wollok-lsp-ide-0.5.2\\out\\server\\src\\server.js:2371:8440\n    at c:\\Users\\joaom\\.vscode\\extensions\\uqbar.wollok-lsp-ide-0.5.2\\out\\server\\src\\server.js:37:74872\n    at Ye (c:\\Users\\joaom\\.vscode\\extensions\\uqbar.wollok-lsp-ide-0.5.2\\out\\server\\src\\server.js:7:8527)","timestamp":"2025-07-06T01:32:10.348Z"}
{"level":"info","message":"⌛ Validating arcaneBastion.wlk","timeElapsed":112,"timestamp":"2025-07-06T01:32:10.463Z"}
{"level":"info","message":"⌛ Building environment","timeElapsed":102,"timestamp":"2025-07-06T01:32:10.570Z"}
{"level":"info","message":"⌛ Validating arcaneBastion.wlk","timeElapsed":111,"timestamp":"2025-07-06T01:32:10.682Z"}
{"level":"info","message":"⌛ Building environment","timeElapsed":156,"timestamp":"2025-07-06T01:32:11.011Z"}
{"level":"info","message":"⌛ Building environment","timeElapsed":105,"timestamp":"2025-07-06T01:32:11.117Z"}
{"level":"info","message":"⌛ Validating arcaneBastion.wlk","timeElapsed":118,"timestamp":"2025-07-06T01:32:11.236Z"}
{"level":"info","message":"⌛ Validating arcaneBastion.wlk","timeElapsed":132,"timestamp":"2025-07-06T01:32:11.492Z"}
{"level":"info","message":"⌛ Validating arcaneBastion.wlk","timeElapsed":112,"timestamp":"2025-07-06T01:32:11.614Z"}
{"level":"info","message":"⌛ Building environment","timeElapsed":126,"timestamp":"2025-07-06T01:32:14.439Z"}
{"level":"error","message":"✘ Completions for node Send ([53:48, 53:73] - arcaneBastion.wlk) failed: Error: [Send]{784092} at arcaneBastion.wlk:53 exhausted all cases without a match [Send]{784092} at arcaneBastion.wlk:53 exhausted all cases without a match","stack":"Error: [Send]{784092} at arcaneBastion.wlk:53 exhausted all cases without a match\n    at c:\\Users\\joaom\\.vscode\\extensions\\uqbar.wollok-lsp-ide-0.5.2\\out\\server\\src\\server.js:38:6142\n    at C2 (c:\\Users\\joaom\\.vscode\\extensions\\uqbar.wollok-lsp-ide-0.5.2\\out\\server\\src\\server.js:2362:42)\n    at c:\\Users\\joaom\\.vscode\\extensions\\uqbar.wollok-lsp-ide-0.5.2\\out\\server\\src\\server.js:2362:2988\n    at c:\\Users\\joaom\\.vscode\\extensions\\uqbar.wollok-lsp-ide-0.5.2\\out\\server\\src\\server.js:2371:8440\n    at c:\\Users\\joaom\\.vscode\\extensions\\uqbar.wollok-lsp-ide-0.5.2\\out\\server\\src\\server.js:37:74872\n    at Ye (c:\\Users\\joaom\\.vscode\\extensions\\uqbar.wollok-lsp-ide-0.5.2\\out\\server\\src\\server.js:7:8527)\n    at Dt (c:\\Users\\joaom\\.vscode\\extensions\\uqbar.wollok-lsp-ide-0.5.2\\out\\server\\src\\server.js:7:6189)\n    at Zi (c:\\Users\\joaom\\.vscode\\extensions\\uqbar.wollok-lsp-ide-0.5.2\\out\\server\\src\\server.js:7:6378)\n    at Immediate._onImmediate (c:\\Users\\joaom\\.vscode\\extensions\\uqbar.wollok-lsp-ide-0.5.2\\out\\server\\src\\server.js:7:6142)\n    at process.processImmediate (node:internal/timers:485:21)","timestamp":"2025-07-06T01:32:14.467Z"}
{"level":"error","message":"✘ Completions for node Send ([53:16, 53:73] - arcaneBastion.wlk) failed: Error: [Send]{b4771f} at arcaneBastion.wlk:53 exhausted all cases without a match [Send]{b4771f} at arcaneBastion.wlk:53 exhausted all cases without a match","stack":"Error: [Send]{b4771f} at arcaneBastion.wlk:53 exhausted all cases without a match\n    at c:\\Users\\joaom\\.vscode\\extensions\\uqbar.wollok-lsp-ide-0.5.2\\out\\server\\src\\server.js:38:6142\n    at C2 (c:\\Users\\joaom\\.vscode\\extensions\\uqbar.wollok-lsp-ide-0.5.2\\out\\server\\src\\server.js:2362:42)\n    at Gh (c:\\Users\\joaom\\.vscode\\extensions\\uqbar.wollok-lsp-ide-0.5.2\\out\\server\\src\\server.js:2362:1092)\n    at C2 (c:\\Users\\joaom\\.vscode\\extensions\\uqbar.wollok-lsp-ide-0.5.2\\out\\server\\src\\server.js:2362:544)\n    at c:\\Users\\joaom\\.vscode\\extensions\\uqbar.wollok-lsp-ide-0.5.2\\out\\server\\src\\server.js:2362:2988\n    at c:\\Users\\joaom\\.vscode\\extensions\\uqbar.wollok-lsp-ide-0.5.2\\out\\server\\src\\server.js:2371:8440\n    at c:\\Users\\joaom\\.vscode\\extensions\\uqbar.wollok-lsp-ide-0.5.2\\out\\server\\src\\server.js:37:74872\n    at Ye (c:\\Users\\joaom\\.vscode\\extensions\\uqbar.wollok-lsp-ide-0.5.2\\out\\server\\src\\server.js:7:8527)\n    at Dt (c:\\Users\\joaom\\.vscode\\extensions\\uqbar.wollok-lsp-ide-0.5.2\\out\\server\\src\\server.js:7:6189)\n    at Zi (c:\\Users\\joaom\\.vscode\\extensions\\uqbar.wollok-lsp-ide-0.5.2\\out\\server\\src\\server.js:7:6378)","timestamp":"2025-07-06T01:32:14.467Z"}
{"level":"error","message":"✘ Completions for node Return ([53:9, 53:73] - arcaneBastion.wlk) failed: Error: [Return]{791f2e} at arcaneBastion.wlk:53 exhausted all cases without a match [Return]{791f2e} at arcaneBastion.wlk:53 exhausted all cases without a match","stack":"Error: [Return]{791f2e} at arcaneBastion.wlk:53 exhausted all cases without a match\n    at c:\\Users\\joaom\\.vscode\\extensions\\uqbar.wollok-lsp-ide-0.5.2\\out\\server\\src\\server.js:38:6142\n    at C2 (c:\\Users\\joaom\\.vscode\\extensions\\uqbar.wollok-lsp-ide-0.5.2\\out\\server\\src\\server.js:2362:42)\n    at Gh (c:\\Users\\joaom\\.vscode\\extensions\\uqbar.wollok-lsp-ide-0.5.2\\out\\server\\src\\server.js:2362:1092)\n    at C2 (c:\\Users\\joaom\\.vscode\\extensions\\uqbar.wollok-lsp-ide-0.5.2\\out\\server\\src\\server.js:2362:544)\n    at Gh (c:\\Users\\joaom\\.vscode\\extensions\\uqbar.wollok-lsp-ide-0.5.2\\out\\server\\src\\server.js:2362:1092)\n    at C2 (c:\\Users\\joaom\\.vscode\\extensions\\uqbar.wollok-lsp-ide-0.5.2\\out\\server\\src\\server.js:2362:544)\n    at c:\\Users\\joaom\\.vscode\\extensions\\uqbar.wollok-lsp-ide-0.5.2\\out\\server\\src\\server.js:2362:2988\n    at c:\\Users\\joaom\\.vscode\\extensions\\uqbar.wollok-lsp-ide-0.5.2\\out\\server\\src\\server.js:2371:8440\n    at c:\\Users\\joaom\\.vscode\\extensions\\uqbar.wollok-lsp-ide-0.5.2\\out\\server\\src\\server.js:37:74872\n    at Ye (c:\\Users\\joaom\\.vscode\\extensions\\uqbar.wollok-lsp-ide-0.5.2\\out\\server\\src\\server.js:7:8527)","timestamp":"2025-07-06T01:32:14.467Z"}
{"level":"info","message":"⌛ Validating arcaneBastion.wlk","timeElapsed":125,"timestamp":"2025-07-06T01:32:14.596Z"}
{"level":"info","message":"⌛ Validating arcaneBastion.wlk","timeElapsed":117,"timestamp":"2025-07-06T01:32:14.822Z"}
{"level":"info","message":"⌛ Building environment","timeElapsed":166,"timestamp":"2025-07-06T01:32:14.990Z"}
{"level":"info","message":"⌛ Building environment","timeElapsed":110,"timestamp":"2025-07-06T01:32:15.100Z"}
{"level":"info","message":"⌛ Building environment","timeElapsed":165,"timestamp":"2025-07-06T01:32:15.267Z"}
{"level":"info","message":"⌛ Validating arcaneBastion.wlk","timeElapsed":121,"timestamp":"2025-07-06T01:32:15.440Z"}
{"level":"info","message":"⌛ Validating arcaneBastion.wlk","timeElapsed":118,"timestamp":"2025-07-06T01:32:15.558Z"}
{"level":"info","message":"⌛ Validating arcaneBastion.wlk","timeElapsed":107,"timestamp":"2025-07-06T01:32:15.671Z"}
{"level":"info","message":"⌛ Building environment","timeElapsed":150,"timestamp":"2025-07-06T01:32:28.537Z"}
{"level":"info","message":"⌛ Validating arcaneBastion.wlk","timeElapsed":135,"timestamp":"2025-07-06T01:32:28.675Z"}
{"level":"info","message":"⌛ Building environment","timeElapsed":145,"timestamp":"2025-07-06T01:32:35.186Z"}
{"level":"info","message":"⌛ Validating arcaneBastion.wlk","timeElapsed":135,"timestamp":"2025-07-06T01:32:35.323Z"}
{"level":"info","message":"⌛ Building environment","timeElapsed":124,"timestamp":"2025-07-06T01:32:44.920Z"}
{"level":"info","message":"⌛ Validating arcaneBastion.wlk","timeElapsed":151,"timestamp":"2025-07-06T01:32:45.073Z"}
{"level":"info","message":"⌛ Building environment","timeElapsed":102,"timestamp":"2025-07-06T01:32:45.200Z"}
{"level":"info","message":"⌛ Validating arcaneBastion.wlk","timeElapsed":113,"timestamp":"2025-07-06T01:32:45.324Z"}
{"level":"info","message":"⌛ Building environment","timeElapsed":118,"timestamp":"2025-07-06T01:32:45.511Z"}
{"level":"info","message":"⌛ Validating arcaneBastion.wlk","timeElapsed":169,"timestamp":"2025-07-06T01:32:45.814Z"}
{"level":"info","message":"⌛ Validating arcaneBastion.wlk","timeElapsed":136,"timestamp":"2025-07-06T01:32:45.955Z"}
{"level":"info","message":"⌛ Building environment","timeElapsed":108,"timestamp":"2025-07-06T01:32:46.063Z"}
{"level":"info","message":"⌛ Building environment","timeElapsed":114,"timestamp":"2025-07-06T01:32:46.314Z"}
{"level":"info","message":"⌛ Validating arcaneBastion.wlk","timeElapsed":134,"timestamp":"2025-07-06T01:32:46.536Z"}
{"level":"info","message":"⌛ Validating arcaneBastion.wlk","timeElapsed":133,"timestamp":"2025-07-06T01:32:46.753Z"}
{"level":"info","message":"⌛ Building environment","timeElapsed":131,"timestamp":"2025-07-06T01:32:46.888Z"}
{"level":"info","message":"⌛ Validating arcaneBastion.wlk","timeElapsed":120,"timestamp":"2025-07-06T01:32:47.126Z"}
{"level":"info","message":"⌛ Validating arcaneBastion.wlk","timeElapsed":104,"timestamp":"2025-07-06T01:32:47.234Z"}
{"level":"info","message":"⌛ Building environment","timeElapsed":102,"timestamp":"2025-07-06T01:32:47.425Z"}
{"level":"info","message":"⌛ Validating arcaneBastion.wlk","timeElapsed":118,"timestamp":"2025-07-06T01:32:47.543Z"}
{"level":"info","message":"⌛ Validating arcaneBastion.wlk","timeElapsed":108,"timestamp":"2025-07-06T01:32:47.750Z"}
{"level":"info","message":"⌛ Validating arcaneBastion.wlk","timeElapsed":125,"timestamp":"2025-07-06T01:32:47.880Z"}
{"level":"info","message":"⌛ Building environment","timeElapsed":181,"timestamp":"2025-07-06T01:32:48.154Z"}
{"level":"info","message":"⌛ Validating arcaneBastion.wlk","timeElapsed":171,"timestamp":"2025-07-06T01:32:48.347Z"}
{"level":"info","message":"⌛ Validating arcaneBastion.wlk","timeElapsed":128,"timestamp":"2025-07-06T01:32:48.481Z"}
{"level":"info","message":"⌛ Validating arcaneBastion.wlk","timeElapsed":127,"timestamp":"2025-07-06T01:32:48.622Z"}
{"level":"info","message":"⌛ Building environment","timeElapsed":133,"timestamp":"2025-07-06T01:32:48.755Z"}
{"level":"info","message":"⌛ Validating arcaneBastion.wlk","timeElapsed":122,"timestamp":"2025-07-06T01:32:48.877Z"}
{"level":"info","message":"⌛ Validating arcaneBastion.wlk","timeElapsed":111,"timestamp":"2025-07-06T01:32:49.091Z"}
{"level":"info","message":"⌛ Building environment","timeElapsed":130,"timestamp":"2025-07-06T01:32:49.514Z"}
{"level":"info","message":"⌛ Validating arcaneBastion.wlk","timeElapsed":126,"timestamp":"2025-07-06T01:32:49.752Z"}
{"level":"info","message":"⌛ Validating arcaneBastion.wlk","timeElapsed":131,"timestamp":"2025-07-06T01:32:49.884Z"}
{"level":"info","message":"⌛ Validating arcaneBastion.wlk","timeElapsed":134,"timestamp":"2025-07-06T01:32:50.027Z"}
{"level":"info","message":"⌛ Validating arcaneBastion.wlk","timeElapsed":121,"timestamp":"2025-07-06T01:32:50.150Z"}
{"level":"info","message":"⌛ Validating arcaneBastion.wlk","timeElapsed":128,"timestamp":"2025-07-06T01:32:50.283Z"}
{"level":"info","message":"⌛ Validating arcaneBastion.wlk","timeElapsed":106,"timestamp":"2025-07-06T01:32:50.390Z"}
{"level":"info","message":"⌛ Validating arcaneBastion.wlk","timeElapsed":112,"timestamp":"2025-07-06T01:32:50.503Z"}
{"level":"info","message":"⌛ Validating arcaneBastion.wlk","timeElapsed":115,"timestamp":"2025-07-06T01:32:50.808Z"}
{"level":"info","message":"⌛ Building environment","timeElapsed":183,"timestamp":"2025-07-06T01:32:50.993Z"}
{"level":"info","message":"⌛ Building environment","timeElapsed":141,"timestamp":"2025-07-06T01:32:51.134Z"}
{"level":"info","message":"⌛ Validating arcaneBastion.wlk","timeElapsed":131,"timestamp":"2025-07-06T01:32:51.281Z"}
{"level":"info","message":"⌛ Validating arcaneBastion.wlk","timeElapsed":125,"timestamp":"2025-07-06T01:32:51.505Z"}
{"level":"info","message":"⌛ Validating arcaneBastion.wlk","timeElapsed":204,"timestamp":"2025-07-06T01:32:51.797Z"}
{"level":"info","message":"⌛ Validating arcaneBastion.wlk","timeElapsed":103,"timestamp":"2025-07-06T01:32:51.900Z"}
{"level":"info","message":"⌛ Building environment","timeElapsed":117,"timestamp":"2025-07-06T01:32:52.024Z"}
{"level":"info","message":"⌛ Validating arcaneBastion.wlk","timeElapsed":118,"timestamp":"2025-07-06T01:32:52.227Z"}
{"level":"info","message":"⌛ Validating arcaneBastion.wlk","timeElapsed":106,"timestamp":"2025-07-06T01:32:52.343Z"}
{"level":"info","message":"⌛ Building environment","timeElapsed":167,"timestamp":"2025-07-06T01:32:54.440Z"}
{"level":"info","message":"⌛ Validating arcaneBastion.wlk","timeElapsed":119,"timestamp":"2025-07-06T01:32:54.559Z"}
{"level":"info","message":"⌛ Building environment","timeElapsed":122,"timestamp":"2025-07-06T01:33:02.076Z"}
{"level":"info","message":"⌛ Validating arcaneBastion.wlk","timeElapsed":115,"timestamp":"2025-07-06T01:33:02.192Z"}
{"level":"info","message":"⌛ Building environment","timeElapsed":156,"timestamp":"2025-07-06T01:33:02.872Z"}
{"level":"info","message":"⌛ Validating arcaneBastion.wlk","timeElapsed":140,"timestamp":"2025-07-06T01:33:03.012Z"}
{"level":"info","message":"⌛ Validating arcaneBastion.wlk","timeElapsed":116,"timestamp":"2025-07-06T01:33:03.438Z"}
{"level":"info","message":"⌛ Validating arcaneBastion.wlk","timeElapsed":116,"timestamp":"2025-07-06T01:33:03.828Z"}
{"level":"info","message":"⌛ Validating arcaneBastion.wlk","timeElapsed":109,"timestamp":"2025-07-06T01:33:04.196Z"}
{"level":"info","message":"⌛ Validating arcaneBastion.wlk","timeElapsed":114,"timestamp":"2025-07-06T01:33:04.496Z"}
{"level":"info","message":"⌛ Validating arcaneBastion.wlk","timeElapsed":113,"timestamp":"2025-07-06T01:33:04.810Z"}
{"level":"info","message":"⌛ Building environment","timeElapsed":138,"timestamp":"2025-07-06T01:33:05.020Z"}
{"level":"info","message":"⌛ Validating arcaneBastion.wlk","timeElapsed":120,"timestamp":"2025-07-06T01:33:05.143Z"}
{"level":"info","message":"⌛ Validating arcaneBastion.wlk","timeElapsed":114,"timestamp":"2025-07-06T01:33:05.412Z"}
{"level":"info","message":"⌛ Validating arcaneBastion.wlk","timeElapsed":125,"timestamp":"2025-07-06T01:33:05.768Z"}
{"level":"info","message":"⌛ Validating arcaneBastion.wlk","timeElapsed":107,"timestamp":"2025-07-06T01:33:06.113Z"}
{"level":"info","message":"⌛ Validating arcaneBastion.wlk","timeElapsed":112,"timestamp":"2025-07-06T01:33:06.482Z"}
{"level":"info","message":"⌛ Validating arcaneBastion.wlk","timeElapsed":110,"timestamp":"2025-07-06T01:33:06.839Z"}
{"level":"info","message":"⌛ Building environment","timeElapsed":120,"timestamp":"2025-07-06T01:33:07.171Z"}
{"level":"info","message":"⌛ Validating arcaneBastion.wlk","timeElapsed":144,"timestamp":"2025-07-06T01:33:07.316Z"}
{"level":"info","message":"⌛ Building environment","timeElapsed":103,"timestamp":"2025-07-06T01:33:07.420Z"}
{"level":"info","message":"⌛ Validating arcaneBastion.wlk","timeElapsed":132,"timestamp":"2025-07-06T01:33:07.561Z"}
{"level":"info","message":"⌛ Building environment","timeElapsed":102,"timestamp":"2025-07-06T01:33:07.794Z"}
{"level":"info","message":"⌛ Validating arcaneBastion.wlk","timeElapsed":124,"timestamp":"2025-07-06T01:33:07.919Z"}
{"level":"info","message":"⌛ Building environment","timeElapsed":115,"timestamp":"2025-07-06T01:33:08.108Z"}
{"level":"info","message":"⌛ Validating arcaneBastion.wlk","timeElapsed":128,"timestamp":"2025-07-06T01:33:08.237Z"}
{"level":"info","message":"⌛ Building environment","timeElapsed":113,"timestamp":"2025-07-06T01:33:09.183Z"}
{"level":"info","message":"⌛ Validating arcaneBastion.wlk","timeElapsed":148,"timestamp":"2025-07-06T01:33:09.332Z"}
{"level":"info","message":"⌛ Validating arcaneBastion.wlk","timeElapsed":111,"timestamp":"2025-07-06T01:33:10.978Z"}
{"level":"info","message":"⌛ Building environment","timeElapsed":127,"timestamp":"2025-07-06T01:33:11.584Z"}
{"level":"info","message":"⌛ Validating arcaneBastion.wlk","timeElapsed":134,"timestamp":"2025-07-06T01:33:11.721Z"}
{"level":"info","message":"⌛ Building environment","timeElapsed":229,"timestamp":"2025-07-06T01:33:13.839Z"}
{"level":"info","message":"⌛ Validating arcaneBastion.wlk","timeElapsed":126,"timestamp":"2025-07-06T01:33:13.973Z"}
{"level":"info","message":"⌛ Validating arcaneBastion.wlk","timeElapsed":117,"timestamp":"2025-07-06T01:33:15.020Z"}
{"level":"info","message":"⌛ Building environment","timeElapsed":115,"timestamp":"2025-07-06T01:33:17.957Z"}
{"level":"error","message":"✘ Completions for node Send ([58:14, 58:39] - arcaneBastion.wlk) failed: Error: [Send]{fe7550} at arcaneBastion.wlk:58 exhausted all cases without a match [Send]{fe7550} at arcaneBastion.wlk:58 exhausted all cases without a match","stack":"Error: [Send]{fe7550} at arcaneBastion.wlk:58 exhausted all cases without a match\n    at c:\\Users\\joaom\\.vscode\\extensions\\uqbar.wollok-lsp-ide-0.5.2\\out\\server\\src\\server.js:38:6142\n    at C2 (c:\\Users\\joaom\\.vscode\\extensions\\uqbar.wollok-lsp-ide-0.5.2\\out\\server\\src\\server.js:2362:42)\n    at c:\\Users\\joaom\\.vscode\\extensions\\uqbar.wollok-lsp-ide-0.5.2\\out\\server\\src\\server.js:2362:2988\n    at c:\\Users\\joaom\\.vscode\\extensions\\uqbar.wollok-lsp-ide-0.5.2\\out\\server\\src\\server.js:2371:8440\n    at c:\\Users\\joaom\\.vscode\\extensions\\uqbar.wollok-lsp-ide-0.5.2\\out\\server\\src\\server.js:37:74872\n    at Ye (c:\\Users\\joaom\\.vscode\\extensions\\uqbar.wollok-lsp-ide-0.5.2\\out\\server\\src\\server.js:7:8527)\n    at Dt (c:\\Users\\joaom\\.vscode\\extensions\\uqbar.wollok-lsp-ide-0.5.2\\out\\server\\src\\server.js:7:6189)\n    at Zi (c:\\Users\\joaom\\.vscode\\extensions\\uqbar.wollok-lsp-ide-0.5.2\\out\\server\\src\\server.js:7:6378)\n    at Immediate._onImmediate (c:\\Users\\joaom\\.vscode\\extensions\\uqbar.wollok-lsp-ide-0.5.2\\out\\server\\src\\server.js:7:6142)\n    at process.processImmediate (node:internal/timers:485:21)","timestamp":"2025-07-06T01:33:17.985Z"}
{"level":"error","message":"✘ Completions for node Send ([58:14, 58:66] - arcaneBastion.wlk) failed: Error: [Send]{7f28eb} at arcaneBastion.wlk:58 exhausted all cases without a match [Send]{7f28eb} at arcaneBastion.wlk:58 exhausted all cases without a match","stack":"Error: [Send]{7f28eb} at arcaneBastion.wlk:58 exhausted all cases without a match\n    at c:\\Users\\joaom\\.vscode\\extensions\\uqbar.wollok-lsp-ide-0.5.2\\out\\server\\src\\server.js:38:6142\n    at C2 (c:\\Users\\joaom\\.vscode\\extensions\\uqbar.wollok-lsp-ide-0.5.2\\out\\server\\src\\server.js:2362:42)\n    at Gh (c:\\Users\\joaom\\.vscode\\extensions\\uqbar.wollok-lsp-ide-0.5.2\\out\\server\\src\\server.js:2362:1092)\n    at C2 (c:\\Users\\joaom\\.vscode\\extensions\\uqbar.wollok-lsp-ide-0.5.2\\out\\server\\src\\server.js:2362:544)\n    at c:\\Users\\joaom\\.vscode\\extensions\\uqbar.wollok-lsp-ide-0.5.2\\out\\server\\src\\server.js:2362:2988\n    at c:\\Users\\joaom\\.vscode\\extensions\\uqbar.wollok-lsp-ide-0.5.2\\out\\server\\src\\server.js:2371:8440\n    at c:\\Users\\joaom\\.vscode\\extensions\\uqbar.wollok-lsp-ide-0.5.2\\out\\server\\src\\server.js:37:74872\n    at Ye (c:\\Users\\joaom\\.vscode\\extensions\\uqbar.wollok-lsp-ide-0.5.2\\out\\server\\src\\server.js:7:8527)\n    at Dt (c:\\Users\\joaom\\.vscode\\extensions\\uqbar.wollok-lsp-ide-0.5.2\\out\\server\\src\\server.js:7:6189)\n    at Zi (c:\\Users\\joaom\\.vscode\\extensions\\uqbar.wollok-lsp-ide-0.5.2\\out\\server\\src\\server.js:7:6378)","timestamp":"2025-07-06T01:33:17.985Z"}
{"level":"error","message":"✘ Completions for node Return ([58:7, 58:66] - arcaneBastion.wlk) failed: Error: [Return]{71e082} at arcaneBastion.wlk:58 exhausted all cases without a match [Return]{71e082} at arcaneBastion.wlk:58 exhausted all cases without a match","stack":"Error: [Return]{71e082} at arcaneBastion.wlk:58 exhausted all cases without a match\n    at c:\\Users\\joaom\\.vscode\\extensions\\uqbar.wollok-lsp-ide-0.5.2\\out\\server\\src\\server.js:38:6142\n    at C2 (c:\\Users\\joaom\\.vscode\\extensions\\uqbar.wollok-lsp-ide-0.5.2\\out\\server\\src\\server.js:2362:42)\n    at Gh (c:\\Users\\joaom\\.vscode\\extensions\\uqbar.wollok-lsp-ide-0.5.2\\out\\server\\src\\server.js:2362:1092)\n    at C2 (c:\\Users\\joaom\\.vscode\\extensions\\uqbar.wollok-lsp-ide-0.5.2\\out\\server\\src\\server.js:2362:544)\n    at Gh (c:\\Users\\joaom\\.vscode\\extensions\\uqbar.wollok-lsp-ide-0.5.2\\out\\server\\src\\server.js:2362:1092)\n    at C2 (c:\\Users\\joaom\\.vscode\\extensions\\uqbar.wollok-lsp-ide-0.5.2\\out\\server\\src\\server.js:2362:544)\n    at c:\\Users\\joaom\\.vscode\\extensions\\uqbar.wollok-lsp-ide-0.5.2\\out\\server\\src\\server.js:2362:2988\n    at c:\\Users\\joaom\\.vscode\\extensions\\uqbar.wollok-lsp-ide-0.5.2\\out\\server\\src\\server.js:2371:8440\n    at c:\\Users\\joaom\\.vscode\\extensions\\uqbar.wollok-lsp-ide-0.5.2\\out\\server\\src\\server.js:37:74872\n    at Ye (c:\\Users\\joaom\\.vscode\\extensions\\uqbar.wollok-lsp-ide-0.5.2\\out\\server\\src\\server.js:7:8527)","timestamp":"2025-07-06T01:33:17.985Z"}
{"level":"info","message":"⌛ Validating arcaneBastion.wlk","timeElapsed":132,"timestamp":"2025-07-06T01:33:18.204Z"}
{"level":"info","message":"⌛ Validating arcaneBastion.wlk","timeElapsed":113,"timestamp":"2025-07-06T01:33:18.323Z"}
{"level":"info","message":"⌛ Validating arcaneBastion.wlk","timeElapsed":118,"timestamp":"2025-07-06T01:33:18.782Z"}
{"level":"info","message":"⌛ Building environment","timeElapsed":162,"timestamp":"2025-07-06T01:33:18.946Z"}
{"level":"info","message":"⌛ Building environment","timeElapsed":105,"timestamp":"2025-07-06T01:33:19.052Z"}
{"level":"info","message":"⌛ Validating arcaneBastion.wlk","timeElapsed":143,"timestamp":"2025-07-06T01:33:19.235Z"}
{"level":"info","message":"⌛ Validating arcaneBastion.wlk","timeElapsed":118,"timestamp":"2025-07-06T01:33:19.353Z"}
{"level":"info","message":"⌛ Building environment","timeElapsed":201,"timestamp":"2025-07-06T01:33:21.705Z"}
{"level":"error","message":"✘ Completions for node Send ([58:46, 58:71] - arcaneBastion.wlk) failed: Error: [Send]{1fc2b9} at arcaneBastion.wlk:58 exhausted all cases without a match [Send]{1fc2b9} at arcaneBastion.wlk:58 exhausted all cases without a match","stack":"Error: [Send]{1fc2b9} at arcaneBastion.wlk:58 exhausted all cases without a match\n    at c:\\Users\\joaom\\.vscode\\extensions\\uqbar.wollok-lsp-ide-0.5.2\\out\\server\\src\\server.js:38:6142\n    at C2 (c:\\Users\\joaom\\.vscode\\extensions\\uqbar.wollok-lsp-ide-0.5.2\\out\\server\\src\\server.js:2362:42)\n    at c:\\Users\\joaom\\.vscode\\extensions\\uqbar.wollok-lsp-ide-0.5.2\\out\\server\\src\\server.js:2362:2988\n    at c:\\Users\\joaom\\.vscode\\extensions\\uqbar.wollok-lsp-ide-0.5.2\\out\\server\\src\\server.js:2371:8440\n    at c:\\Users\\joaom\\.vscode\\extensions\\uqbar.wollok-lsp-ide-0.5.2\\out\\server\\src\\server.js:37:74872\n    at Ye (c:\\Users\\joaom\\.vscode\\extensions\\uqbar.wollok-lsp-ide-0.5.2\\out\\server\\src\\server.js:7:8527)\n    at Dt (c:\\Users\\joaom\\.vscode\\extensions\\uqbar.wollok-lsp-ide-0.5.2\\out\\server\\src\\server.js:7:6189)\n    at Zi (c:\\Users\\joaom\\.vscode\\extensions\\uqbar.wollok-lsp-ide-0.5.2\\out\\server\\src\\server.js:7:6378)\n    at Immediate._onImmediate (c:\\Users\\joaom\\.vscode\\extensions\\uqbar.wollok-lsp-ide-0.5.2\\out\\server\\src\\server.js:7:6142)\n    at process.processImmediate (node:internal/timers:485:21)","timestamp":"2025-07-06T01:33:21.735Z"}
{"level":"error","message":"✘ Completions for node Send ([58:14, 58:71] - arcaneBastion.wlk) failed: Error: [Send]{a55055} at arcaneBastion.wlk:58 exhausted all cases without a match [Send]{a55055} at arcaneBastion.wlk:58 exhausted all cases without a match","stack":"Error: [Send]{a55055} at arcaneBastion.wlk:58 exhausted all cases without a match\n    at c:\\Users\\joaom\\.vscode\\extensions\\uqbar.wollok-lsp-ide-0.5.2\\out\\server\\src\\server.js:38:6142\n    at C2 (c:\\Users\\joaom\\.vscode\\extensions\\uqbar.wollok-lsp-ide-0.5.2\\out\\server\\src\\server.js:2362:42)\n    at Gh (c:\\Users\\joaom\\.vscode\\extensions\\uqbar.wollok-lsp-ide-0.5.2\\out\\server\\src\\server.js:2362:1092)\n    at C2 (c:\\Users\\joaom\\.vscode\\extensions\\uqbar.wollok-lsp-ide-0.5.2\\out\\server\\src\\server.js:2362:544)\n    at c:\\Users\\joaom\\.vscode\\extensions\\uqbar.wollok-lsp-ide-0.5.2\\out\\server\\src\\server.js:2362:2988\n    at c:\\Users\\joaom\\.vscode\\extensions\\uqbar.wollok-lsp-ide-0.5.2\\out\\server\\src\\server.js:2371:8440\n    at c:\\Users\\joaom\\.vscode\\extensions\\uqbar.wollok-lsp-ide-0.5.2\\out\\server\\src\\server.js:37:74872\n    at Ye (c:\\Users\\joaom\\.vscode\\extensions\\uqbar.wollok-lsp-ide-0.5.2\\out\\server\\src\\server.js:7:8527)\n    at Dt (c:\\Users\\joaom\\.vscode\\extensions\\uqbar.wollok-lsp-ide-0.5.2\\out\\server\\src\\server.js:7:6189)\n    at Zi (c:\\Users\\joaom\\.vscode\\extensions\\uqbar.wollok-lsp-ide-0.5.2\\out\\server\\src\\server.js:7:6378)","timestamp":"2025-07-06T01:33:21.735Z"}
{"level":"error","message":"✘ Completions for node Return ([58:7, 58:71] - arcaneBastion.wlk) failed: Error: [Return]{88dd45} at arcaneBastion.wlk:58 exhausted all cases without a match [Return]{88dd45} at arcaneBastion.wlk:58 exhausted all cases without a match","stack":"Error: [Return]{88dd45} at arcaneBastion.wlk:58 exhausted all cases without a match\n    at c:\\Users\\joaom\\.vscode\\extensions\\uqbar.wollok-lsp-ide-0.5.2\\out\\server\\src\\server.js:38:6142\n    at C2 (c:\\Users\\joaom\\.vscode\\extensions\\uqbar.wollok-lsp-ide-0.5.2\\out\\server\\src\\server.js:2362:42)\n    at Gh (c:\\Users\\joaom\\.vscode\\extensions\\uqbar.wollok-lsp-ide-0.5.2\\out\\server\\src\\server.js:2362:1092)\n    at C2 (c:\\Users\\joaom\\.vscode\\extensions\\uqbar.wollok-lsp-ide-0.5.2\\out\\server\\src\\server.js:2362:544)\n    at Gh (c:\\Users\\joaom\\.vscode\\extensions\\uqbar.wollok-lsp-ide-0.5.2\\out\\server\\src\\server.js:2362:1092)\n    at C2 (c:\\Users\\joaom\\.vscode\\extensions\\uqbar.wollok-lsp-ide-0.5.2\\out\\server\\src\\server.js:2362:544)\n    at c:\\Users\\joaom\\.vscode\\extensions\\uqbar.wollok-lsp-ide-0.5.2\\out\\server\\src\\server.js:2362:2988\n    at c:\\Users\\joaom\\.vscode\\extensions\\uqbar.wollok-lsp-ide-0.5.2\\out\\server\\src\\server.js:2371:8440\n    at c:\\Users\\joaom\\.vscode\\extensions\\uqbar.wollok-lsp-ide-0.5.2\\out\\server\\src\\server.js:37:74872\n    at Ye (c:\\Users\\joaom\\.vscode\\extensions\\uqbar.wollok-lsp-ide-0.5.2\\out\\server\\src\\server.js:7:8527)","timestamp":"2025-07-06T01:33:21.735Z"}
{"level":"info","message":"⌛ Building environment","timeElapsed":101,"timestamp":"2025-07-06T01:33:21.840Z"}
{"level":"info","message":"⌛ Validating arcaneBastion.wlk","timeElapsed":125,"timestamp":"2025-07-06T01:33:21.978Z"}
{"level":"info","message":"⌛ Validating arcaneBastion.wlk","timeElapsed":101,"timestamp":"2025-07-06T01:33:22.094Z"}
{"level":"info","message":"⌛ Building environment","timeElapsed":126,"timestamp":"2025-07-06T01:33:22.322Z"}
{"level":"info","message":"⌛ Validating arcaneBastion.wlk","timeElapsed":120,"timestamp":"2025-07-06T01:33:22.487Z"}
{"level":"info","message":"⌛ Building environment","timeElapsed":104,"timestamp":"2025-07-06T01:33:22.591Z"}
{"level":"info","message":"⌛ Validating arcaneBastion.wlk","timeElapsed":110,"timestamp":"2025-07-06T01:33:22.702Z"}
{"level":"info","message":"⌛ Validating arcaneBastion.wlk","timeElapsed":112,"timestamp":"2025-07-06T01:33:22.831Z"}
{"level":"info","message":"⌛ Building environment","timeElapsed":131,"timestamp":"2025-07-06T01:33:25.212Z"}
{"level":"error","message":"✘ Completions for node Self ([58:46, 58:50] - arcaneBastion.wlk) failed: Error: [Self]{314a4a} at arcaneBastion.wlk:58 exhausted all cases without a match [Self]{314a4a} at arcaneBastion.wlk:58 exhausted all cases without a match","stack":"Error: [Self]{314a4a} at arcaneBastion.wlk:58 exhausted all cases without a match\n    at c:\\Users\\joaom\\.vscode\\extensions\\uqbar.wollok-lsp-ide-0.5.2\\out\\server\\src\\server.js:38:6142\n    at C2 (c:\\Users\\joaom\\.vscode\\extensions\\uqbar.wollok-lsp-ide-0.5.2\\out\\server\\src\\server.js:2362:42)\n    at c:\\Users\\joaom\\.vscode\\extensions\\uqbar.wollok-lsp-ide-0.5.2\\out\\server\\src\\server.js:2362:2988\n    at c:\\Users\\joaom\\.vscode\\extensions\\uqbar.wollok-lsp-ide-0.5.2\\out\\server\\src\\server.js:2371:8440\n    at c:\\Users\\joaom\\.vscode\\extensions\\uqbar.wollok-lsp-ide-0.5.2\\out\\server\\src\\server.js:37:74872\n    at Ye (c:\\Users\\joaom\\.vscode\\extensions\\uqbar.wollok-lsp-ide-0.5.2\\out\\server\\src\\server.js:7:8527)\n    at Dt (c:\\Users\\joaom\\.vscode\\extensions\\uqbar.wollok-lsp-ide-0.5.2\\out\\server\\src\\server.js:7:6189)\n    at Zi (c:\\Users\\joaom\\.vscode\\extensions\\uqbar.wollok-lsp-ide-0.5.2\\out\\server\\src\\server.js:7:6378)\n    at Immediate._onImmediate (c:\\Users\\joaom\\.vscode\\extensions\\uqbar.wollok-lsp-ide-0.5.2\\out\\server\\src\\server.js:7:6142)\n    at process.processImmediate (node:internal/timers:485:21)","timestamp":"2025-07-06T01:33:25.243Z"}
{"level":"error","message":"✘ Completions for node Send ([58:46, 58:76] - arcaneBastion.wlk) failed: Error: [Send]{2a8187} at arcaneBastion.wlk:58 exhausted all cases without a match [Send]{2a8187} at arcaneBastion.wlk:58 exhausted all cases without a match","stack":"Error: [Send]{2a8187} at arcaneBastion.wlk:58 exhausted all cases without a match\n    at c:\\Users\\joaom\\.vscode\\extensions\\uqbar.wollok-lsp-ide-0.5.2\\out\\server\\src\\server.js:38:6142\n    at C2 (c:\\Users\\joaom\\.vscode\\extensions\\uqbar.wollok-lsp-ide-0.5.2\\out\\server\\src\\server.js:2362:42)\n    at Gh (c:\\Users\\joaom\\.vscode\\extensions\\uqbar.wollok-lsp-ide-0.5.2\\out\\server\\src\\server.js:2362:1092)\n    at C2 (c:\\Users\\joaom\\.vscode\\extensions\\uqbar.wollok-lsp-ide-0.5.2\\out\\server\\src\\server.js:2362:544)\n    at c:\\Users\\joaom\\.vscode\\extensions\\uqbar.wollok-lsp-ide-0.5.2\\out\\server\\src\\server.js:2362:2988\n    at c:\\Users\\joaom\\.vscode\\extensions\\uqbar.wollok-lsp-ide-0.5.2\\out\\server\\src\\server.js:2371:8440\n    at c:\\Users\\joaom\\.vscode\\extensions\\uqbar.wollok-lsp-ide-0.5.2\\out\\server\\src\\server.js:37:74872\n    at Ye (c:\\Users\\joaom\\.vscode\\extensions\\uqbar.wollok-lsp-ide-0.5.2\\out\\server\\src\\server.js:7:8527)\n    at Dt (c:\\Users\\joaom\\.vscode\\extensions\\uqbar.wollok-lsp-ide-0.5.2\\out\\server\\src\\server.js:7:6189)\n    at Zi (c:\\Users\\joaom\\.vscode\\extensions\\uqbar.wollok-lsp-ide-0.5.2\\out\\server\\src\\server.js:7:6378)","timestamp":"2025-07-06T01:33:25.244Z"}
{"level":"error","message":"✘ Completions for node Send ([58:14, 58:76] - arcaneBastion.wlk) failed: Error: [Send]{c9f056} at arcaneBastion.wlk:58 exhausted all cases without a match [Send]{c9f056} at arcaneBastion.wlk:58 exhausted all cases without a match","stack":"Error: [Send]{c9f056} at arcaneBastion.wlk:58 exhausted all cases without a match\n    at c:\\Users\\joaom\\.vscode\\extensions\\uqbar.wollok-lsp-ide-0.5.2\\out\\server\\src\\server.js:38:6142\n    at C2 (c:\\Users\\joaom\\.vscode\\extensions\\uqbar.wollok-lsp-ide-0.5.2\\out\\server\\src\\server.js:2362:42)\n    at Gh (c:\\Users\\joaom\\.vscode\\extensions\\uqbar.wollok-lsp-ide-0.5.2\\out\\server\\src\\server.js:2362:1092)\n    at C2 (c:\\Users\\joaom\\.vscode\\extensions\\uqbar.wollok-lsp-ide-0.5.2\\out\\server\\src\\server.js:2362:544)\n    at Gh (c:\\Users\\joaom\\.vscode\\extensions\\uqbar.wollok-lsp-ide-0.5.2\\out\\server\\src\\server.js:2362:1092)\n    at C2 (c:\\Users\\joaom\\.vscode\\extensions\\uqbar.wollok-lsp-ide-0.5.2\\out\\server\\src\\server.js:2362:544)\n    at c:\\Users\\joaom\\.vscode\\extensions\\uqbar.wollok-lsp-ide-0.5.2\\out\\server\\src\\server.js:2362:2988\n    at c:\\Users\\joaom\\.vscode\\extensions\\uqbar.wollok-lsp-ide-0.5.2\\out\\server\\src\\server.js:2371:8440\n    at c:\\Users\\joaom\\.vscode\\extensions\\uqbar.wollok-lsp-ide-0.5.2\\out\\server\\src\\server.js:37:74872\n    at Ye (c:\\Users\\joaom\\.vscode\\extensions\\uqbar.wollok-lsp-ide-0.5.2\\out\\server\\src\\server.js:7:8527)","timestamp":"2025-07-06T01:33:25.244Z"}
{"level":"error","message":"✘ Completions for node Return ([58:7, 58:76] - arcaneBastion.wlk) failed: Error: [Return]{bfd4d7} at arcaneBastion.wlk:58 exhausted all cases without a match [Return]{bfd4d7} at arcaneBastion.wlk:58 exhausted all cases without a match","stack":"Error: [Return]{bfd4d7} at arcaneBastion.wlk:58 exhausted all cases without a match\n    at c:\\Users\\joaom\\.vscode\\extensions\\uqbar.wollok-lsp-ide-0.5.2\\out\\server\\src\\server.js:38:6142\n    at C2 (c:\\Users\\joaom\\.vscode\\extensions\\uqbar.wollok-lsp-ide-0.5.2\\out\\server\\src\\server.js:2362:42)\n    at Gh (c:\\Users\\joaom\\.vscode\\extensions\\uqbar.wollok-lsp-ide-0.5.2\\out\\server\\src\\server.js:2362:1092)\n    at C2 (c:\\Users\\joaom\\.vscode\\extensions\\uqbar.wollok-lsp-ide-0.5.2\\out\\server\\src\\server.js:2362:544)\n    at Gh (c:\\Users\\joaom\\.vscode\\extensions\\uqbar.wollok-lsp-ide-0.5.2\\out\\server\\src\\server.js:2362:1092)\n    at C2 (c:\\Users\\joaom\\.vscode\\extensions\\uqbar.wollok-lsp-ide-0.5.2\\out\\server\\src\\server.js:2362:544)\n    at Gh (c:\\Users\\joaom\\.vscode\\extensions\\uqbar.wollok-lsp-ide-0.5.2\\out\\server\\src\\server.js:2362:1092)\n    at C2 (c:\\Users\\joaom\\.vscode\\extensions\\uqbar.wollok-lsp-ide-0.5.2\\out\\server\\src\\server.js:2362:544)\n    at c:\\Users\\joaom\\.vscode\\extensions\\uqbar.wollok-lsp-ide-0.5.2\\out\\server\\src\\server.js:2362:2988\n    at c:\\Users\\joaom\\.vscode\\extensions\\uqbar.wollok-lsp-ide-0.5.2\\out\\server\\src\\server.js:2371:8440","timestamp":"2025-07-06T01:33:25.244Z"}
{"level":"info","message":"⌛ Validating arcaneBastion.wlk","timeElapsed":170,"timestamp":"2025-07-06T01:33:25.427Z"}
{"level":"info","message":"⌛ Building environment","timeElapsed":224,"timestamp":"2025-07-06T01:33:31.665Z"}
{"level":"error","message":"✘ Completions for node Send ([31:21, 31:59] - arcaneBastion.wlk) failed: Error: [Send]{b4c917} at arcaneBastion.wlk:31 exhausted all cases without a match [Send]{b4c917} at arcaneBastion.wlk:31 exhausted all cases without a match","stack":"Error: [Send]{b4c917} at arcaneBastion.wlk:31 exhausted all cases without a match\n    at c:\\Users\\joaom\\.vscode\\extensions\\uqbar.wollok-lsp-ide-0.5.2\\out\\server\\src\\server.js:38:6142\n    at C2 (c:\\Users\\joaom\\.vscode\\extensions\\uqbar.wollok-lsp-ide-0.5.2\\out\\server\\src\\server.js:2362:42)\n    at c:\\Users\\joaom\\.vscode\\extensions\\uqbar.wollok-lsp-ide-0.5.2\\out\\server\\src\\server.js:2362:2988\n    at c:\\Users\\joaom\\.vscode\\extensions\\uqbar.wollok-lsp-ide-0.5.2\\out\\server\\src\\server.js:2371:8440\n    at c:\\Users\\joaom\\.vscode\\extensions\\uqbar.wollok-lsp-ide-0.5.2\\out\\server\\src\\server.js:37:74872\n    at Ye (c:\\Users\\joaom\\.vscode\\extensions\\uqbar.wollok-lsp-ide-0.5.2\\out\\server\\src\\server.js:7:8527)\n    at Dt (c:\\Users\\joaom\\.vscode\\extensions\\uqbar.wollok-lsp-ide-0.5.2\\out\\server\\src\\server.js:7:6189)\n    at Zi (c:\\Users\\joaom\\.vscode\\extensions\\uqbar.wollok-lsp-ide-0.5.2\\out\\server\\src\\server.js:7:6378)\n    at Immediate._onImmediate (c:\\Users\\joaom\\.vscode\\extensions\\uqbar.wollok-lsp-ide-0.5.2\\out\\server\\src\\server.js:7:6142)\n    at process.processImmediate (node:internal/timers:485:21)","timestamp":"2025-07-06T01:33:31.693Z"}
{"level":"error","message":"✘ Completions for node Send ([31:21, 31:63] - arcaneBastion.wlk) failed: Error: [Send]{3caeee} at arcaneBastion.wlk:31 exhausted all cases without a match [Send]{3caeee} at arcaneBastion.wlk:31 exhausted all cases without a match","stack":"Error: [Send]{3caeee} at arcaneBastion.wlk:31 exhausted all cases without a match\n    at c:\\Users\\joaom\\.vscode\\extensions\\uqbar.wollok-lsp-ide-0.5.2\\out\\server\\src\\server.js:38:6142\n    at C2 (c:\\Users\\joaom\\.vscode\\extensions\\uqbar.wollok-lsp-ide-0.5.2\\out\\server\\src\\server.js:2362:42)\n    at Gh (c:\\Users\\joaom\\.vscode\\extensions\\uqbar.wollok-lsp-ide-0.5.2\\out\\server\\src\\server.js:2362:1092)\n    at C2 (c:\\Users\\joaom\\.vscode\\extensions\\uqbar.wollok-lsp-ide-0.5.2\\out\\server\\src\\server.js:2362:544)\n    at c:\\Users\\joaom\\.vscode\\extensions\\uqbar.wollok-lsp-ide-0.5.2\\out\\server\\src\\server.js:2362:2988\n    at c:\\Users\\joaom\\.vscode\\extensions\\uqbar.wollok-lsp-ide-0.5.2\\out\\server\\src\\server.js:2371:8440\n    at c:\\Users\\joaom\\.vscode\\extensions\\uqbar.wollok-lsp-ide-0.5.2\\out\\server\\src\\server.js:37:74872\n    at Ye (c:\\Users\\joaom\\.vscode\\extensions\\uqbar.wollok-lsp-ide-0.5.2\\out\\server\\src\\server.js:7:8527)\n    at Dt (c:\\Users\\joaom\\.vscode\\extensions\\uqbar.wollok-lsp-ide-0.5.2\\out\\server\\src\\server.js:7:6189)\n    at Zi (c:\\Users\\joaom\\.vscode\\extensions\\uqbar.wollok-lsp-ide-0.5.2\\out\\server\\src\\server.js:7:6378)","timestamp":"2025-07-06T01:33:31.694Z"}
{"level":"error","message":"✘ Completions for node If ([31:17, 34:18] - arcaneBastion.wlk) failed: Error: [If]{32fd56} at arcaneBastion.wlk:31 exhausted all cases without a match [If]{32fd56} at arcaneBastion.wlk:31 exhausted all cases without a match","stack":"Error: [If]{32fd56} at arcaneBastion.wlk:31 exhausted all cases without a match\n    at c:\\Users\\joaom\\.vscode\\extensions\\uqbar.wollok-lsp-ide-0.5.2\\out\\server\\src\\server.js:38:6142\n    at C2 (c:\\Users\\joaom\\.vscode\\extensions\\uqbar.wollok-lsp-ide-0.5.2\\out\\server\\src\\server.js:2362:42)\n    at Gh (c:\\Users\\joaom\\.vscode\\extensions\\uqbar.wollok-lsp-ide-0.5.2\\out\\server\\src\\server.js:2362:1092)\n    at C2 (c:\\Users\\joaom\\.vscode\\extensions\\uqbar.wollok-lsp-ide-0.5.2\\out\\server\\src\\server.js:2362:544)\n    at Gh (c:\\Users\\joaom\\.vscode\\extensions\\uqbar.wollok-lsp-ide-0.5.2\\out\\server\\src\\server.js:2362:1092)\n    at C2 (c:\\Users\\joaom\\.vscode\\extensions\\uqbar.wollok-lsp-ide-0.5.2\\out\\server\\src\\server.js:2362:544)\n    at c:\\Users\\joaom\\.vscode\\extensions\\uqbar.wollok-lsp-ide-0.5.2\\out\\server\\src\\server.js:2362:2988\n    at c:\\Users\\joaom\\.vscode\\extensions\\uqbar.wollok-lsp-ide-0.5.2\\out\\server\\src\\server.js:2371:8440\n    at c:\\Users\\joaom\\.vscode\\extensions\\uqbar.wollok-lsp-ide-0.5.2\\out\\server\\src\\server.js:37:74872\n    at Ye (c:\\Users\\joaom\\.vscode\\extensions\\uqbar.wollok-lsp-ide-0.5.2\\out\\server\\src\\server.js:7:8527)","timestamp":"2025-07-06T01:33:31.694Z"}
{"level":"info","message":"⌛ Building environment","timeElapsed":122,"timestamp":"2025-07-06T01:33:31.822Z"}
{"level":"info","message":"⌛ Validating arcaneBastion.wlk","timeElapsed":133,"timestamp":"2025-07-06T01:33:31.956Z"}
{"level":"info","message":"⌛ Validating arcaneBastion.wlk","timeElapsed":136,"timestamp":"2025-07-06T01:33:32.193Z"}
{"level":"info","message":"⌛ Validating arcaneBastion.wlk","timeElapsed":115,"timestamp":"2025-07-06T01:33:32.406Z"}
{"level":"info","message":"⌛ Validating arcaneBastion.wlk","timeElapsed":170,"timestamp":"2025-07-06T01:33:32.708Z"}
{"level":"info","message":"⌛ Validating arcaneBastion.wlk","timeElapsed":114,"timestamp":"2025-07-06T01:33:32.829Z"}
{"level":"info","message":"⌛ Building environment","timeElapsed":143,"timestamp":"2025-07-06T01:33:47.770Z"}
{"level":"info","message":"⌛ Validating arcaneBastion.wlk","timeElapsed":128,"timestamp":"2025-07-06T01:33:47.898Z"}
{"errors":{"errors":[null,["/*\r","Hace que colisionen con el pixel actual o el siguiente.\r","ya que parece que como el dragon va restando y el hechizo sumando en el eje x\r","estos se omiten\r"]]},"level":"error","message":"✘ Failed to get type description: Error: {\n  \"errors\": [\n    null,\n    [\n      \"/*\\r\",\n      \"Hace que colisionen con el pixel actual o el siguiente.\\r\",\n      \"ya que parece que como el dragon va restando y el hechizo sumando en el eje x\\r\",\n      \"estos se omiten\\r\"\n    ]\n  ]\n} {\n  \"errors\": [\n    null,\n    [\n      \"/*\\r\",\n      \"Hace que colisionen con el pixel actual o el siguiente.\\r\",\n      \"ya que parece que como el dragon va restando y el hechizo sumando en el eje x\\r\",\n      \"estos se omiten\\r\"\n    ]\n  ]\n}","stack":"Error: {\n  \"errors\": [\n    null,\n    [\n      \"/*\\r\",\n      \"Hace que colisionen con el pixel actual o el siguiente.\\r\",\n      \"ya que parece que como el dragon va restando y el hechizo sumando en el eje x\\r\",\n      \"estos se omiten\\r\"\n    ]\n  ]\n}\n    at pS (c:\\Users\\joaom\\.vscode\\extensions\\uqbar.wollok-lsp-ide-0.5.2\\out\\server\\src\\server.js:64:34609)\n    at G1 (c:\\Users\\joaom\\.vscode\\extensions\\uqbar.wollok-lsp-ide-0.5.2\\out\\server\\src\\server.js:64:34682)\n    at c:\\Users\\joaom\\.vscode\\extensions\\uqbar.wollok-lsp-ide-0.5.2\\out\\server\\src\\server.js:64:37949\n    at o.v1 (c:\\Users\\joaom\\.vscode\\extensions\\uqbar.wollok-lsp-ide-0.5.2\\out\\server\\src\\server.js:57:57694)\n    at c:\\Users\\joaom\\.vscode\\extensions\\uqbar.wollok-lsp-ide-0.5.2\\out\\server\\src\\server.js:64:37918\n    at c:\\Users\\joaom\\.vscode\\extensions\\uqbar.wollok-lsp-ide-0.5.2\\out\\server\\src\\server.js:57:55734\n    at Ofn (c:\\Users\\joaom\\.vscode\\extensions\\uqbar.wollok-lsp-ide-0.5.2\\out\\server\\src\\server.js:68:11324)\n    at c:\\Users\\joaom\\.vscode\\extensions\\uqbar.wollok-lsp-ide-0.5.2\\out\\server\\src\\server.js:68:3629\n    at jbn (c:\\Users\\joaom\\.vscode\\extensions\\uqbar.wollok-lsp-ide-0.5.2\\out\\server\\src\\server.js:68:3396)\n    at c:\\Users\\joaom\\.vscode\\extensions\\uqbar.wollok-lsp-ide-0.5.2\\out\\server\\src\\server.js:2371:847","timestamp":"2025-07-06T01:34:11.247Z"}
{"level":"info","message":"⌛ Building environment","timeElapsed":111,"timestamp":"2025-07-06T01:34:12.797Z"}
{"level":"info","message":"⌛ Validating administradorDeHechizos.wlk","timeElapsed":166,"timestamp":"2025-07-06T01:34:12.963Z"}
{"level":"info","message":"⌛ Validating administradorDeHechizos.wlk","timeElapsed":201,"timestamp":"2025-07-06T01:34:13.361Z"}
{"level":"info","message":"⌛ Building environment","timeElapsed":106,"timestamp":"2025-07-06T01:34:14.642Z"}
{"level":"info","message":"⌛ Validating main.wpgm","timeElapsed":362,"timestamp":"2025-07-06T01:34:15.011Z"}
{"level":"info","message":"🚀 Program executed \u001b[3m\u001b[34mmain.ArcaneBastion\u001b[39m\u001b[23m on \u001b[3m\u001b[34mc:\\Users\\joaom\\Documents\\asd-main\u001b[39m\u001b[23m","ok":true,"timeElapsed":599,"timestamp":"2025-07-06T01:34:19.257Z"}
{"level":"info","message":"⌛ Building environment","timeElapsed":150,"timestamp":"2025-07-06T01:34:30.154Z"}
{"level":"info","message":"⌛ Validating niveles.wlk","timeElapsed":246,"timestamp":"2025-07-06T01:34:30.410Z"}
{"level":"info","message":"⌛ Building environment","timeElapsed":114,"timestamp":"2025-07-06T01:34:43.490Z"}
{"level":"info","message":"⌛ Validating niveles.wlk","timeElapsed":170,"timestamp":"2025-07-06T01:34:43.693Z"}
{"level":"info","message":"⌛ Building environment","timeElapsed":120,"timestamp":"2025-07-06T01:34:47.051Z"}
{"level":"info","message":"⌛ Validating niveles.wlk","timeElapsed":140,"timestamp":"2025-07-06T01:34:47.193Z"}
{"level":"info","message":"⌛ Building environment","timeElapsed":102,"timestamp":"2025-07-06T01:34:47.393Z"}
{"level":"info","message":"⌛ Validating niveles.wlk","timeElapsed":129,"timestamp":"2025-07-06T01:34:47.541Z"}
{"level":"info","message":"⌛ Validating niveles.wlk","timeElapsed":159,"timestamp":"2025-07-06T01:34:47.704Z"}
{"level":"info","message":"⌛ Building environment","timeElapsed":132,"timestamp":"2025-07-06T01:34:47.836Z"}
{"level":"error","message":"✘ Completions for node Send ([53:36, 53:69] - niveles.wlk) failed: Error: [Send]{304484} at niveles.wlk:53 exhausted all cases without a match [Send]{304484} at niveles.wlk:53 exhausted all cases without a match","stack":"Error: [Send]{304484} at niveles.wlk:53 exhausted all cases without a match\n    at c:\\Users\\joaom\\.vscode\\extensions\\uqbar.wollok-lsp-ide-0.5.2\\out\\server\\src\\server.js:38:6142\n    at C2 (c:\\Users\\joaom\\.vscode\\extensions\\uqbar.wollok-lsp-ide-0.5.2\\out\\server\\src\\server.js:2362:42)\n    at c:\\Users\\joaom\\.vscode\\extensions\\uqbar.wollok-lsp-ide-0.5.2\\out\\server\\src\\server.js:2362:2988\n    at c:\\Users\\joaom\\.vscode\\extensions\\uqbar.wollok-lsp-ide-0.5.2\\out\\server\\src\\server.js:2371:8440\n    at c:\\Users\\joaom\\.vscode\\extensions\\uqbar.wollok-lsp-ide-0.5.2\\out\\server\\src\\server.js:37:74872\n    at Ye (c:\\Users\\joaom\\.vscode\\extensions\\uqbar.wollok-lsp-ide-0.5.2\\out\\server\\src\\server.js:7:8527)\n    at Dt (c:\\Users\\joaom\\.vscode\\extensions\\uqbar.wollok-lsp-ide-0.5.2\\out\\server\\src\\server.js:7:6189)\n    at Zi (c:\\Users\\joaom\\.vscode\\extensions\\uqbar.wollok-lsp-ide-0.5.2\\out\\server\\src\\server.js:7:6378)\n    at Immediate._onImmediate (c:\\Users\\joaom\\.vscode\\extensions\\uqbar.wollok-lsp-ide-0.5.2\\out\\server\\src\\server.js:7:6142)\n    at process.processImmediate (node:internal/timers:485:21)","timestamp":"2025-07-06T01:34:48.078Z"}
{"level":"error","message":"✘ Completions for node Return (undefined - niveles.wlk) failed: Error: [Return]{add955} at niveles.wlk:-- exhausted all cases without a match [Return]{add955} at niveles.wlk:-- exhausted all cases without a match","stack":"Error: [Return]{add955} at niveles.wlk:-- exhausted all cases without a match\n    at c:\\Users\\joaom\\.vscode\\extensions\\uqbar.wollok-lsp-ide-0.5.2\\out\\server\\src\\server.js:38:6142\n    at C2 (c:\\Users\\joaom\\.vscode\\extensions\\uqbar.wollok-lsp-ide-0.5.2\\out\\server\\src\\server.js:2362:42)\n    at Gh (c:\\Users\\joaom\\.vscode\\extensions\\uqbar.wollok-lsp-ide-0.5.2\\out\\server\\src\\server.js:2362:1092)\n    at C2 (c:\\Users\\joaom\\.vscode\\extensions\\uqbar.wollok-lsp-ide-0.5.2\\out\\server\\src\\server.js:2362:544)\n    at c:\\Users\\joaom\\.vscode\\extensions\\uqbar.wollok-lsp-ide-0.5.2\\out\\server\\src\\server.js:2362:2988\n    at c:\\Users\\joaom\\.vscode\\extensions\\uqbar.wollok-lsp-ide-0.5.2\\out\\server\\src\\server.js:2371:8440\n    at c:\\Users\\joaom\\.vscode\\extensions\\uqbar.wollok-lsp-ide-0.5.2\\out\\server\\src\\server.js:37:74872\n    at Ye (c:\\Users\\joaom\\.vscode\\extensions\\uqbar.wollok-lsp-ide-0.5.2\\out\\server\\src\\server.js:7:8527)\n    at Dt (c:\\Users\\joaom\\.vscode\\extensions\\uqbar.wollok-lsp-ide-0.5.2\\out\\server\\src\\server.js:7:6189)\n    at Zi (c:\\Users\\joaom\\.vscode\\extensions\\uqbar.wollok-lsp-ide-0.5.2\\out\\server\\src\\server.js:7:6378)","timestamp":"2025-07-06T01:34:48.078Z"}
{"level":"info","message":"⌛ Validating niveles.wlk","timeElapsed":163,"timestamp":"2025-07-06T01:34:48.246Z"}
{"level":"info","message":"⌛ Validating niveles.wlk","timeElapsed":156,"timestamp":"2025-07-06T01:34:48.403Z"}
{"level":"info","message":"⌛ Validating niveles.wlk","timeElapsed":146,"timestamp":"2025-07-06T01:34:48.557Z"}
{"level":"error","message":"✘ Completions for node Send ([53:36, 53:69] - niveles.wlk) failed: Error: [Send]{f49051} at niveles.wlk:53 exhausted all cases without a match [Send]{f49051} at niveles.wlk:53 exhausted all cases without a match","stack":"Error: [Send]{f49051} at niveles.wlk:53 exhausted all cases without a match\n    at c:\\Users\\joaom\\.vscode\\extensions\\uqbar.wollok-lsp-ide-0.5.2\\out\\server\\src\\server.js:38:6142\n    at C2 (c:\\Users\\joaom\\.vscode\\extensions\\uqbar.wollok-lsp-ide-0.5.2\\out\\server\\src\\server.js:2362:42)\n    at c:\\Users\\joaom\\.vscode\\extensions\\uqbar.wollok-lsp-ide-0.5.2\\out\\server\\src\\server.js:2362:2988\n    at c:\\Users\\joaom\\.vscode\\extensions\\uqbar.wollok-lsp-ide-0.5.2\\out\\server\\src\\server.js:2371:8440\n    at c:\\Users\\joaom\\.vscode\\extensions\\uqbar.wollok-lsp-ide-0.5.2\\out\\server\\src\\server.js:37:74872\n    at Ye (c:\\Users\\joaom\\.vscode\\extensions\\uqbar.wollok-lsp-ide-0.5.2\\out\\server\\src\\server.js:7:8527)\n    at Dt (c:\\Users\\joaom\\.vscode\\extensions\\uqbar.wollok-lsp-ide-0.5.2\\out\\server\\src\\server.js:7:6189)\n    at Zi (c:\\Users\\joaom\\.vscode\\extensions\\uqbar.wollok-lsp-ide-0.5.2\\out\\server\\src\\server.js:7:6378)\n    at Immediate._onImmediate (c:\\Users\\joaom\\.vscode\\extensions\\uqbar.wollok-lsp-ide-0.5.2\\out\\server\\src\\server.js:7:6142)\n    at process.processImmediate (node:internal/timers:485:21)","timestamp":"2025-07-06T01:34:48.813Z"}
{"level":"error","message":"✘ Completions for node Return (undefined - niveles.wlk) failed: Error: [Return]{61a29c} at niveles.wlk:-- exhausted all cases without a match [Return]{61a29c} at niveles.wlk:-- exhausted all cases without a match","stack":"Error: [Return]{61a29c} at niveles.wlk:-- exhausted all cases without a match\n    at c:\\Users\\joaom\\.vscode\\extensions\\uqbar.wollok-lsp-ide-0.5.2\\out\\server\\src\\server.js:38:6142\n    at C2 (c:\\Users\\joaom\\.vscode\\extensions\\uqbar.wollok-lsp-ide-0.5.2\\out\\server\\src\\server.js:2362:42)\n    at Gh (c:\\Users\\joaom\\.vscode\\extensions\\uqbar.wollok-lsp-ide-0.5.2\\out\\server\\src\\server.js:2362:1092)\n    at C2 (c:\\Users\\joaom\\.vscode\\extensions\\uqbar.wollok-lsp-ide-0.5.2\\out\\server\\src\\server.js:2362:544)\n    at c:\\Users\\joaom\\.vscode\\extensions\\uqbar.wollok-lsp-ide-0.5.2\\out\\server\\src\\server.js:2362:2988\n    at c:\\Users\\joaom\\.vscode\\extensions\\uqbar.wollok-lsp-ide-0.5.2\\out\\server\\src\\server.js:2371:8440\n    at c:\\Users\\joaom\\.vscode\\extensions\\uqbar.wollok-lsp-ide-0.5.2\\out\\server\\src\\server.js:37:74872\n    at Ye (c:\\Users\\joaom\\.vscode\\extensions\\uqbar.wollok-lsp-ide-0.5.2\\out\\server\\src\\server.js:7:8527)\n    at Dt (c:\\Users\\joaom\\.vscode\\extensions\\uqbar.wollok-lsp-ide-0.5.2\\out\\server\\src\\server.js:7:6189)\n    at Zi (c:\\Users\\joaom\\.vscode\\extensions\\uqbar.wollok-lsp-ide-0.5.2\\out\\server\\src\\server.js:7:6378)","timestamp":"2025-07-06T01:34:48.813Z"}
{"level":"info","message":"⌛ Building environment","timeElapsed":108,"timestamp":"2025-07-06T01:34:48.923Z"}
{"level":"info","message":"⌛ Validating niveles.wlk","timeElapsed":165,"timestamp":"2025-07-06T01:34:49.296Z"}
{"level":"info","message":"⌛ Validating niveles.wlk","timeElapsed":229,"timestamp":"2025-07-06T01:34:49.546Z"}
{"level":"info","message":"⌛ Validating niveles.wlk","timeElapsed":169,"timestamp":"2025-07-06T01:34:49.736Z"}
{"level":"info","message":"⌛ Validating niveles.wlk","timeElapsed":134,"timestamp":"2025-07-06T01:34:49.871Z"}
{"level":"info","message":"⌛ Validating niveles.wlk","timeElapsed":148,"timestamp":"2025-07-06T01:34:50.020Z"}
{"level":"info","message":"🚀 Program executed \u001b[3m\u001b[34mmain.ArcaneBastion\u001b[39m\u001b[23m on \u001b[3m\u001b[34mc:\\Users\\joaom\\Documents\\asd-main\u001b[39m\u001b[23m","ok":true,"timeElapsed":727,"timestamp":"2025-07-06T01:34:56.100Z"}
{"exitCode":"SIGHUP","level":"info","message":"👾 Game executed main.ArcaneBastion on c:\\Users\\joaom\\Documents\\asd-main","timeElapsed":39332,"timestamp":"2025-07-06T01:34:57.990Z"}
{"level":"info","message":"🚀 Program executed \u001b[3m\u001b[34mmain.ArcaneBastion\u001b[39m\u001b[23m on \u001b[3m\u001b[34mc:\\Users\\joaom\\Documents\\asd-main\u001b[39m\u001b[23m","ok":true,"timeElapsed":623,"timestamp":"2025-07-06T01:35:06.865Z"}
{"level":"info","message":"⌛ Building environment","timeElapsed":131,"timestamp":"2025-07-06T01:35:43.005Z"}
{"level":"info","message":"⌛ Validating niveles.wlk","timeElapsed":145,"timestamp":"2025-07-06T01:35:43.159Z"}
{"level":"info","message":"⌛ Building environment","timeElapsed":147,"timestamp":"2025-07-06T01:35:52.606Z"}
{"level":"info","message":"⌛ Validating arcaneBastion.wlk","timeElapsed":223,"timestamp":"2025-07-06T01:35:52.830Z"}
{"level":"info","message":"⌛ Building environment","timeElapsed":113,"timestamp":"2025-07-06T01:35:54.107Z"}
{"level":"info","message":"⌛ Validating arcaneBastion.wlk","timeElapsed":159,"timestamp":"2025-07-06T01:35:54.267Z"}
{"level":"info","message":"⌛ Building environment","timeElapsed":216,"timestamp":"2025-07-06T01:35:54.860Z"}
{"level":"info","message":"⌛ Validating arcaneBastion.wlk","timeElapsed":176,"timestamp":"2025-07-06T01:35:55.037Z"}
{"exitCode":"SIGHUP","level":"info","message":"👾 Game executed main.ArcaneBastion on c:\\Users\\joaom\\Documents\\asd-main","timeElapsed":69144,"timestamp":"2025-07-06T01:36:15.384Z"}
{"level":"info","message":"⌛ Building environment","timeElapsed":125,"timestamp":"2025-07-06T01:37:51.606Z"}
{"level":"info","message":"⌛ Validating arcaneBastion.wlk","timeElapsed":145,"timestamp":"2025-07-06T01:37:51.752Z"}
{"level":"info","message":"🚀 Program executed \u001b[3m\u001b[34mmain.ArcaneBastion\u001b[39m\u001b[23m on \u001b[3m\u001b[34mc:\\Users\\joaom\\Documents\\asd-main\u001b[39m\u001b[23m","ok":true,"timeElapsed":609,"timestamp":"2025-07-06T01:38:09.237Z"}
{"level":"info","message":"⌛ Building environment","timeElapsed":220,"timestamp":"2025-07-06T01:39:39.715Z"}
{"level":"info","message":"⌛ Validating adminProyectiles.wlk","timeElapsed":252,"timestamp":"2025-07-06T01:39:40.037Z"}
{"exitCode":"SIGHUP","level":"info","message":"👾 Game executed main.ArcaneBastion on c:\\Users\\joaom\\Documents\\asd-main","timeElapsed":94857,"timestamp":"2025-07-06T01:39:43.484Z"}
{"level":"info","message":"⌛ Building environment","timeElapsed":139,"timestamp":"2025-07-06T01:39:53.278Z"}
{"level":"info","message":"⌛ Validating arcaneBastion.wlk","timeElapsed":177,"timestamp":"2025-07-06T01:39:53.457Z"}
{"level":"info","message":"⌛ Building environment","timeElapsed":225,"timestamp":"2025-07-06T01:39:55.484Z"}
{"level":"info","message":"⌛ Validating arcaneBastion.wlk","timeElapsed":163,"timestamp":"2025-07-06T01:39:55.664Z"}
{"level":"info","message":"⌛ Building environment","timeElapsed":146,"timestamp":"2025-07-06T01:40:01.745Z"}
{"level":"info","message":"⌛ Building environment","timeElapsed":121,"timestamp":"2025-07-06T01:40:01.866Z"}
{"level":"error","message":"✘ Completions for node If ([31:17, 34:18] - arcaneBastion.wlk) failed: Error: [If]{ec199d} at arcaneBastion.wlk:31 exhausted all cases without a match [If]{ec199d} at arcaneBastion.wlk:31 exhausted all cases without a match","stack":"Error: [If]{ec199d} at arcaneBastion.wlk:31 exhausted all cases without a match\n    at c:\\Users\\joaom\\.vscode\\extensions\\uqbar.wollok-lsp-ide-0.5.2\\out\\server\\src\\server.js:38:6142\n    at C2 (c:\\Users\\joaom\\.vscode\\extensions\\uqbar.wollok-lsp-ide-0.5.2\\out\\server\\src\\server.js:2362:42)\n    at Gh (c:\\Users\\joaom\\.vscode\\extensions\\uqbar.wollok-lsp-ide-0.5.2\\out\\server\\src\\server.js:2362:1092)\n    at l8n (c:\\Users\\joaom\\.vscode\\extensions\\uqbar.wollok-lsp-ide-0.5.2\\out\\server\\src\\server.js:2362:1248)\n    at c:\\Users\\joaom\\.vscode\\extensions\\uqbar.wollok-lsp-ide-0.5.2\\out\\server\\src\\server.js:38:6131\n    at C2 (c:\\Users\\joaom\\.vscode\\extensions\\uqbar.wollok-lsp-ide-0.5.2\\out\\server\\src\\server.js:2362:42)\n    at c:\\Users\\joaom\\.vscode\\extensions\\uqbar.wollok-lsp-ide-0.5.2\\out\\server\\src\\server.js:2362:2988\n    at c:\\Users\\joaom\\.vscode\\extensions\\uqbar.wollok-lsp-ide-0.5.2\\out\\server\\src\\server.js:2371:8440\n    at c:\\Users\\joaom\\.vscode\\extensions\\uqbar.wollok-lsp-ide-0.5.2\\out\\server\\src\\server.js:37:74872\n    at Ye (c:\\Users\\joaom\\.vscode\\extensions\\uqbar.wollok-lsp-ide-0.5.2\\out\\server\\src\\server.js:7:8527)","timestamp":"2025-07-06T01:40:01.923Z"}
{"level":"info","message":"⌛ Validating arcaneBastion.wlk","timeElapsed":186,"timestamp":"2025-07-06T01:40:02.115Z"}
{"level":"info","message":"⌛ Validating arcaneBastion.wlk","timeElapsed":140,"timestamp":"2025-07-06T01:40:02.263Z"}
{"level":"error","message":"✘ Failed to rebuild document Failed to parse arcaneBastion.wlk: \n-- PARSING FAILED --------------------------------------------------\n\n  33 |                     h.eliminar()\n  34 |                 }\n> 35 |             })\n     |             ^\n  36 |         })\n  37 |     })\n\nExpected one of the following: \n\n' ', '@', 'class', 'const', 'describe', 'mixin', 'object', 'only', 'package', 'program', 'test', 'var', '{', EOF, comment, not \"}\", whitespace\n","stack":"Error: Failed to parse arcaneBastion.wlk: \n-- PARSING FAILED --------------------------------------------------\n\n  33 |                     h.eliminar()\n  34 |                 }\n> 35 |             })\n     |             ^\n  36 |         })\n  37 |     })\n\nExpected one of the following: \n\n' ', '@', 'class', 'const', 'describe', 'mixin', 'object', 'only', 'package', 'program', 'test', 'var', '{', EOF, comment, not \"}\", whitespace\n\n    at c:\\Users\\joaom\\.vscode\\extensions\\uqbar.wollok-lsp-ide-0.5.2\\out\\server\\src\\server.js:2326:13026\n    at Array.map (<anonymous>)\n    at D1n (c:\\Users\\joaom\\.vscode\\extensions\\uqbar.wollok-lsp-ide-0.5.2\\out\\server\\src\\server.js:2326:12950)\n    at W2.buildEnvironmentFrom (c:\\Users\\joaom\\.vscode\\extensions\\uqbar.wollok-lsp-ide-0.5.2\\out\\server\\src\\server.js:2371:5254)\n    at W2.updateEnvironmentWith (c:\\Users\\joaom\\.vscode\\extensions\\uqbar.wollok-lsp-ide-0.5.2\\out\\server\\src\\server.js:2371:4989)\n    at GF (c:\\Users\\joaom\\.vscode\\extensions\\uqbar.wollok-lsp-ide-0.5.2\\out\\server\\src\\server.js:2371:7383)\n    at L3.invoke (c:\\Users\\joaom\\.vscode\\extensions\\uqbar.wollok-lsp-ide-0.5.2\\out\\server\\src\\server.js:3:157326)\n    at o.fire (c:\\Users\\joaom\\.vscode\\extensions\\uqbar.wollok-lsp-ide-0.5.2\\out\\server\\src\\server.js:3:158096)\n    at c:\\Users\\joaom\\.vscode\\extensions\\uqbar.wollok-lsp-ide-0.5.2\\out\\server\\src\\server.js:37:57871\n    at Kr (c:\\Users\\joaom\\.vscode\\extensions\\uqbar.wollok-lsp-ide-0.5.2\\out\\server\\src\\server.js:8:1561)","timestamp":"2025-07-06T01:40:02.293Z"}
{"level":"error","message":"✘ Completions for node If ([31:17, 34:18] - arcaneBastion.wlk) failed: Error: [If]{3fc5d3} at arcaneBastion.wlk:31 exhausted all cases without a match [If]{3fc5d3} at arcaneBastion.wlk:31 exhausted all cases without a match","stack":"Error: [If]{3fc5d3} at arcaneBastion.wlk:31 exhausted all cases without a match\n    at c:\\Users\\joaom\\.vscode\\extensions\\uqbar.wollok-lsp-ide-0.5.2\\out\\server\\src\\server.js:38:6142\n    at C2 (c:\\Users\\joaom\\.vscode\\extensions\\uqbar.wollok-lsp-ide-0.5.2\\out\\server\\src\\server.js:2362:42)\n    at Gh (c:\\Users\\joaom\\.vscode\\extensions\\uqbar.wollok-lsp-ide-0.5.2\\out\\server\\src\\server.js:2362:1092)\n    at l8n (c:\\Users\\joaom\\.vscode\\extensions\\uqbar.wollok-lsp-ide-0.5.2\\out\\server\\src\\server.js:2362:1248)\n    at c:\\Users\\joaom\\.vscode\\extensions\\uqbar.wollok-lsp-ide-0.5.2\\out\\server\\src\\server.js:38:6131\n    at C2 (c:\\Users\\joaom\\.vscode\\extensions\\uqbar.wollok-lsp-ide-0.5.2\\out\\server\\src\\server.js:2362:42)\n    at c:\\Users\\joaom\\.vscode\\extensions\\uqbar.wollok-lsp-ide-0.5.2\\out\\server\\src\\server.js:2362:2988\n    at c:\\Users\\joaom\\.vscode\\extensions\\uqbar.wollok-lsp-ide-0.5.2\\out\\server\\src\\server.js:2371:8440\n    at c:\\Users\\joaom\\.vscode\\extensions\\uqbar.wollok-lsp-ide-0.5.2\\out\\server\\src\\server.js:37:74872\n    at Ye (c:\\Users\\joaom\\.vscode\\extensions\\uqbar.wollok-lsp-ide-0.5.2\\out\\server\\src\\server.js:7:8527)","timestamp":"2025-07-06T01:40:02.606Z"}
{"level":"info","message":"⌛ Validating arcaneBastion.wlk","timeElapsed":125,"timestamp":"2025-07-06T01:40:02.733Z"}
{"level":"info","message":"⌛ Building environment","timeElapsed":154,"timestamp":"2025-07-06T01:40:02.888Z"}
{"level":"error","message":"✘ Completions for node If ([31:17, 34:18] - arcaneBastion.wlk) failed: Error: [If]{79857d} at arcaneBastion.wlk:31 exhausted all cases without a match [If]{79857d} at arcaneBastion.wlk:31 exhausted all cases without a match","stack":"Error: [If]{79857d} at arcaneBastion.wlk:31 exhausted all cases without a match\n    at c:\\Users\\joaom\\.vscode\\extensions\\uqbar.wollok-lsp-ide-0.5.2\\out\\server\\src\\server.js:38:6142\n    at C2 (c:\\Users\\joaom\\.vscode\\extensions\\uqbar.wollok-lsp-ide-0.5.2\\out\\server\\src\\server.js:2362:42)\n    at Gh (c:\\Users\\joaom\\.vscode\\extensions\\uqbar.wollok-lsp-ide-0.5.2\\out\\server\\src\\server.js:2362:1092)\n    at l8n (c:\\Users\\joaom\\.vscode\\extensions\\uqbar.wollok-lsp-ide-0.5.2\\out\\server\\src\\server.js:2362:1248)\n    at c:\\Users\\joaom\\.vscode\\extensions\\uqbar.wollok-lsp-ide-0.5.2\\out\\server\\src\\server.js:38:6131\n    at C2 (c:\\Users\\joaom\\.vscode\\extensions\\uqbar.wollok-lsp-ide-0.5.2\\out\\server\\src\\server.js:2362:42)\n    at c:\\Users\\joaom\\.vscode\\extensions\\uqbar.wollok-lsp-ide-0.5.2\\out\\server\\src\\server.js:2362:2988\n    at c:\\Users\\joaom\\.vscode\\extensions\\uqbar.wollok-lsp-ide-0.5.2\\out\\server\\src\\server.js:2371:8440\n    at c:\\Users\\joaom\\.vscode\\extensions\\uqbar.wollok-lsp-ide-0.5.2\\out\\server\\src\\server.js:37:74872\n    at Ye (c:\\Users\\joaom\\.vscode\\extensions\\uqbar.wollok-lsp-ide-0.5.2\\out\\server\\src\\server.js:7:8527)","timestamp":"2025-07-06T01:40:03.022Z"}
{"level":"info","message":"⌛ Validating arcaneBastion.wlk","timeElapsed":129,"timestamp":"2025-07-06T01:40:03.153Z"}
{"level":"info","message":"⌛ Validating arcaneBastion.wlk","timeElapsed":140,"timestamp":"2025-07-06T01:40:03.294Z"}
{"level":"error","message":"✘ Failed to rebuild document Failed to parse arcaneBastion.wlk: \n-- PARSING FAILED --------------------------------------------------\n\n  33 |                     h.eliminar()\n  34 |                 }\n> 35 |             })\n     |             ^\n  36 |         })\n  37 |     })\n\nExpected one of the following: \n\n' ', '@', 'class', 'const', 'describe', 'mixin', 'object', 'only', 'package', 'program', 'test', 'var', '{', EOF, comment, not \"}\", whitespace\n","stack":"Error: Failed to parse arcaneBastion.wlk: \n-- PARSING FAILED --------------------------------------------------\n\n  33 |                     h.eliminar()\n  34 |                 }\n> 35 |             })\n     |             ^\n  36 |         })\n  37 |     })\n\nExpected one of the following: \n\n' ', '@', 'class', 'const', 'describe', 'mixin', 'object', 'only', 'package', 'program', 'test', 'var', '{', EOF, comment, not \"}\", whitespace\n\n    at c:\\Users\\joaom\\.vscode\\extensions\\uqbar.wollok-lsp-ide-0.5.2\\out\\server\\src\\server.js:2326:13026\n    at Array.map (<anonymous>)\n    at D1n (c:\\Users\\joaom\\.vscode\\extensions\\uqbar.wollok-lsp-ide-0.5.2\\out\\server\\src\\server.js:2326:12950)\n    at W2.buildEnvironmentFrom (c:\\Users\\joaom\\.vscode\\extensions\\uqbar.wollok-lsp-ide-0.5.2\\out\\server\\src\\server.js:2371:5254)\n    at W2.updateEnvironmentWith (c:\\Users\\joaom\\.vscode\\extensions\\uqbar.wollok-lsp-ide-0.5.2\\out\\server\\src\\server.js:2371:4989)\n    at GF (c:\\Users\\joaom\\.vscode\\extensions\\uqbar.wollok-lsp-ide-0.5.2\\out\\server\\src\\server.js:2371:7383)\n    at L3.invoke (c:\\Users\\joaom\\.vscode\\extensions\\uqbar.wollok-lsp-ide-0.5.2\\out\\server\\src\\server.js:3:157326)\n    at o.fire (c:\\Users\\joaom\\.vscode\\extensions\\uqbar.wollok-lsp-ide-0.5.2\\out\\server\\src\\server.js:3:158096)\n    at c:\\Users\\joaom\\.vscode\\extensions\\uqbar.wollok-lsp-ide-0.5.2\\out\\server\\src\\server.js:37:57871\n    at Kr (c:\\Users\\joaom\\.vscode\\extensions\\uqbar.wollok-lsp-ide-0.5.2\\out\\server\\src\\server.js:8:1561)","timestamp":"2025-07-06T01:40:03.320Z"}
{"level":"info","message":"⌛ Building environment","timeElapsed":125,"timestamp":"2025-07-06T01:40:03.895Z"}
{"level":"info","message":"⌛ Validating arcaneBastion.wlk","timeElapsed":123,"timestamp":"2025-07-06T01:40:04.028Z"}
{"level":"info","message":"⌛ Building environment","timeElapsed":112,"timestamp":"2025-07-06T01:40:04.140Z"}
{"level":"info","message":"⌛ Validating arcaneBastion.wlk","timeElapsed":125,"timestamp":"2025-07-06T01:40:04.359Z"}
{"level":"info","message":"⌛ Validating arcaneBastion.wlk","timeElapsed":137,"timestamp":"2025-07-06T01:40:04.590Z"}
{"level":"info","message":"⌛ Validating arcaneBastion.wlk","timeElapsed":107,"timestamp":"2025-07-06T01:40:04.797Z"}
{"level":"info","message":"⌛ Validating arcaneBastion.wlk","timeElapsed":119,"timestamp":"2025-07-06T01:40:05.004Z"}
{"level":"info","message":"⌛ Validating arcaneBastion.wlk","timeElapsed":105,"timestamp":"2025-07-06T01:40:05.113Z"}
{"level":"error","message":"✘ Failed to rebuild document Failed to parse arcaneBastion.wlk: \n-- PARSING FAILED --------------------------------------------------\n\n  33 |                     h.eliminar()\n  34 |                 }\n> 35 |             })\n     |             ^\n  36 |         })\n  37 |     })\n\nExpected one of the following: \n\n' ', '@', 'class', 'const', 'describe', 'mixin', 'object', 'only', 'package', 'program', 'test', 'var', '{', EOF, comment, not \"}\", whitespace\n","stack":"Error: Failed to parse arcaneBastion.wlk: \n-- PARSING FAILED --------------------------------------------------\n\n  33 |                     h.eliminar()\n  34 |                 }\n> 35 |             })\n     |             ^\n  36 |         })\n  37 |     })\n\nExpected one of the following: \n\n' ', '@', 'class', 'const', 'describe', 'mixin', 'object', 'only', 'package', 'program', 'test', 'var', '{', EOF, comment, not \"}\", whitespace\n\n    at c:\\Users\\joaom\\.vscode\\extensions\\uqbar.wollok-lsp-ide-0.5.2\\out\\server\\src\\server.js:2326:13026\n    at Array.map (<anonymous>)\n    at D1n (c:\\Users\\joaom\\.vscode\\extensions\\uqbar.wollok-lsp-ide-0.5.2\\out\\server\\src\\server.js:2326:12950)\n    at W2.buildEnvironmentFrom (c:\\Users\\joaom\\.vscode\\extensions\\uqbar.wollok-lsp-ide-0.5.2\\out\\server\\src\\server.js:2371:5254)\n    at W2.updateEnvironmentWith (c:\\Users\\joaom\\.vscode\\extensions\\uqbar.wollok-lsp-ide-0.5.2\\out\\server\\src\\server.js:2371:4989)\n    at GF (c:\\Users\\joaom\\.vscode\\extensions\\uqbar.wollok-lsp-ide-0.5.2\\out\\server\\src\\server.js:2371:7383)\n    at L3.invoke (c:\\Users\\joaom\\.vscode\\extensions\\uqbar.wollok-lsp-ide-0.5.2\\out\\server\\src\\server.js:3:157326)\n    at o.fire (c:\\Users\\joaom\\.vscode\\extensions\\uqbar.wollok-lsp-ide-0.5.2\\out\\server\\src\\server.js:3:158096)\n    at c:\\Users\\joaom\\.vscode\\extensions\\uqbar.wollok-lsp-ide-0.5.2\\out\\server\\src\\server.js:37:57871\n    at Kr (c:\\Users\\joaom\\.vscode\\extensions\\uqbar.wollok-lsp-ide-0.5.2\\out\\server\\src\\server.js:8:1561)","timestamp":"2025-07-06T01:40:05.323Z"}
{"level":"error","message":"✘ Failed to rebuild document Failed to parse arcaneBastion.wlk: \n-- PARSING FAILED --------------------------------------------------\n\n  33 |                     h.eliminar()\n  34 |                 }\n> 35 |             })\n     |             ^\n  36 |         })\n  37 |     })\n\nExpected one of the following: \n\n' ', '@', 'class', 'const', 'describe', 'mixin', 'object', 'only', 'package', 'program', 'test', 'var', '{', EOF, comment, not \"}\", whitespace\n","stack":"Error: Failed to parse arcaneBastion.wlk: \n-- PARSING FAILED --------------------------------------------------\n\n  33 |                     h.eliminar()\n  34 |                 }\n> 35 |             })\n     |             ^\n  36 |         })\n  37 |     })\n\nExpected one of the following: \n\n' ', '@', 'class', 'const', 'describe', 'mixin', 'object', 'only', 'package', 'program', 'test', 'var', '{', EOF, comment, not \"}\", whitespace\n\n    at c:\\Users\\joaom\\.vscode\\extensions\\uqbar.wollok-lsp-ide-0.5.2\\out\\server\\src\\server.js:2326:13026\n    at Array.map (<anonymous>)\n    at D1n (c:\\Users\\joaom\\.vscode\\extensions\\uqbar.wollok-lsp-ide-0.5.2\\out\\server\\src\\server.js:2326:12950)\n    at W2.buildEnvironmentFrom (c:\\Users\\joaom\\.vscode\\extensions\\uqbar.wollok-lsp-ide-0.5.2\\out\\server\\src\\server.js:2371:5254)\n    at W2.updateEnvironmentWith (c:\\Users\\joaom\\.vscode\\extensions\\uqbar.wollok-lsp-ide-0.5.2\\out\\server\\src\\server.js:2371:4989)\n    at GF (c:\\Users\\joaom\\.vscode\\extensions\\uqbar.wollok-lsp-ide-0.5.2\\out\\server\\src\\server.js:2371:7383)\n    at L3.invoke (c:\\Users\\joaom\\.vscode\\extensions\\uqbar.wollok-lsp-ide-0.5.2\\out\\server\\src\\server.js:3:157326)\n    at o.fire (c:\\Users\\joaom\\.vscode\\extensions\\uqbar.wollok-lsp-ide-0.5.2\\out\\server\\src\\server.js:3:158096)\n    at c:\\Users\\joaom\\.vscode\\extensions\\uqbar.wollok-lsp-ide-0.5.2\\out\\server\\src\\server.js:37:57871\n    at Kr (c:\\Users\\joaom\\.vscode\\extensions\\uqbar.wollok-lsp-ide-0.5.2\\out\\server\\src\\server.js:8:1561)","timestamp":"2025-07-06T01:40:05.576Z"}
{"level":"error","message":"✘ Failed to rebuild document Failed to parse arcaneBastion.wlk: \n-- PARSING FAILED --------------------------------------------------\n\n  33 |                     h.eliminar()\n  34 |                 }\n> 35 |             })\n     |             ^\n  36 |         })\n  37 |     })\n\nExpected one of the following: \n\n' ', '@', 'class', 'const', 'describe', 'mixin', 'object', 'only', 'package', 'program', 'test', 'var', '{', EOF, comment, not \"}\", whitespace\n","stack":"Error: Failed to parse arcaneBastion.wlk: \n-- PARSING FAILED --------------------------------------------------\n\n  33 |                     h.eliminar()\n  34 |                 }\n> 35 |             })\n     |             ^\n  36 |         })\n  37 |     })\n\nExpected one of the following: \n\n' ', '@', 'class', 'const', 'describe', 'mixin', 'object', 'only', 'package', 'program', 'test', 'var', '{', EOF, comment, not \"}\", whitespace\n\n    at c:\\Users\\joaom\\.vscode\\extensions\\uqbar.wollok-lsp-ide-0.5.2\\out\\server\\src\\server.js:2326:13026\n    at Array.map (<anonymous>)\n    at D1n (c:\\Users\\joaom\\.vscode\\extensions\\uqbar.wollok-lsp-ide-0.5.2\\out\\server\\src\\server.js:2326:12950)\n    at W2.buildEnvironmentFrom (c:\\Users\\joaom\\.vscode\\extensions\\uqbar.wollok-lsp-ide-0.5.2\\out\\server\\src\\server.js:2371:5254)\n    at W2.updateEnvironmentWith (c:\\Users\\joaom\\.vscode\\extensions\\uqbar.wollok-lsp-ide-0.5.2\\out\\server\\src\\server.js:2371:4989)\n    at GF (c:\\Users\\joaom\\.vscode\\extensions\\uqbar.wollok-lsp-ide-0.5.2\\out\\server\\src\\server.js:2371:7383)\n    at L3.invoke (c:\\Users\\joaom\\.vscode\\extensions\\uqbar.wollok-lsp-ide-0.5.2\\out\\server\\src\\server.js:3:157326)\n    at o.fire (c:\\Users\\joaom\\.vscode\\extensions\\uqbar.wollok-lsp-ide-0.5.2\\out\\server\\src\\server.js:3:158096)\n    at c:\\Users\\joaom\\.vscode\\extensions\\uqbar.wollok-lsp-ide-0.5.2\\out\\server\\src\\server.js:37:57871\n    at Kr (c:\\Users\\joaom\\.vscode\\extensions\\uqbar.wollok-lsp-ide-0.5.2\\out\\server\\src\\server.js:8:1561)","timestamp":"2025-07-06T01:40:05.961Z"}
{"level":"info","message":"⌛ Building environment","timeElapsed":109,"timestamp":"2025-07-06T01:40:06.474Z"}
{"level":"error","message":"✘ Completions for node Send ([31:21, 31:37] - arcaneBastion.wlk) failed: Error: [Send]{09e28e} at arcaneBastion.wlk:31 exhausted all cases without a match [Send]{09e28e} at arcaneBastion.wlk:31 exhausted all cases without a match","stack":"Error: [Send]{09e28e} at arcaneBastion.wlk:31 exhausted all cases without a match\n    at c:\\Users\\joaom\\.vscode\\extensions\\uqbar.wollok-lsp-ide-0.5.2\\out\\server\\src\\server.js:38:6142\n    at C2 (c:\\Users\\joaom\\.vscode\\extensions\\uqbar.wollok-lsp-ide-0.5.2\\out\\server\\src\\server.js:2362:42)\n    at Gh (c:\\Users\\joaom\\.vscode\\extensions\\uqbar.wollok-lsp-ide-0.5.2\\out\\server\\src\\server.js:2362:1092)\n    at l8n (c:\\Users\\joaom\\.vscode\\extensions\\uqbar.wollok-lsp-ide-0.5.2\\out\\server\\src\\server.js:2362:1248)\n    at c:\\Users\\joaom\\.vscode\\extensions\\uqbar.wollok-lsp-ide-0.5.2\\out\\server\\src\\server.js:38:6131\n    at C2 (c:\\Users\\joaom\\.vscode\\extensions\\uqbar.wollok-lsp-ide-0.5.2\\out\\server\\src\\server.js:2362:42)\n    at c:\\Users\\joaom\\.vscode\\extensions\\uqbar.wollok-lsp-ide-0.5.2\\out\\server\\src\\server.js:2362:2988\n    at c:\\Users\\joaom\\.vscode\\extensions\\uqbar.wollok-lsp-ide-0.5.2\\out\\server\\src\\server.js:2371:8440\n    at c:\\Users\\joaom\\.vscode\\extensions\\uqbar.wollok-lsp-ide-0.5.2\\out\\server\\src\\server.js:37:74872\n    at Ye (c:\\Users\\joaom\\.vscode\\extensions\\uqbar.wollok-lsp-ide-0.5.2\\out\\server\\src\\server.js:7:8527)","timestamp":"2025-07-06T01:40:06.512Z"}
{"level":"error","message":"✘ Completions for node If ([31:17, 34:18] - arcaneBastion.wlk) failed: Error: [If]{e7eaa2} at arcaneBastion.wlk:31 exhausted all cases without a match [If]{e7eaa2} at arcaneBastion.wlk:31 exhausted all cases without a match","stack":"Error: [If]{e7eaa2} at arcaneBastion.wlk:31 exhausted all cases without a match\n    at c:\\Users\\joaom\\.vscode\\extensions\\uqbar.wollok-lsp-ide-0.5.2\\out\\server\\src\\server.js:38:6142\n    at C2 (c:\\Users\\joaom\\.vscode\\extensions\\uqbar.wollok-lsp-ide-0.5.2\\out\\server\\src\\server.js:2362:42)\n    at Gh (c:\\Users\\joaom\\.vscode\\extensions\\uqbar.wollok-lsp-ide-0.5.2\\out\\server\\src\\server.js:2362:1092)\n    at C2 (c:\\Users\\joaom\\.vscode\\extensions\\uqbar.wollok-lsp-ide-0.5.2\\out\\server\\src\\server.js:2362:544)\n    at Gh (c:\\Users\\joaom\\.vscode\\extensions\\uqbar.wollok-lsp-ide-0.5.2\\out\\server\\src\\server.js:2362:1092)\n    at l8n (c:\\Users\\joaom\\.vscode\\extensions\\uqbar.wollok-lsp-ide-0.5.2\\out\\server\\src\\server.js:2362:1248)\n    at c:\\Users\\joaom\\.vscode\\extensions\\uqbar.wollok-lsp-ide-0.5.2\\out\\server\\src\\server.js:38:6131\n    at C2 (c:\\Users\\joaom\\.vscode\\extensions\\uqbar.wollok-lsp-ide-0.5.2\\out\\server\\src\\server.js:2362:42)\n    at c:\\Users\\joaom\\.vscode\\extensions\\uqbar.wollok-lsp-ide-0.5.2\\out\\server\\src\\server.js:2362:2988\n    at c:\\Users\\joaom\\.vscode\\extensions\\uqbar.wollok-lsp-ide-0.5.2\\out\\server\\src\\server.js:2371:8440","timestamp":"2025-07-06T01:40:06.512Z"}
{"level":"info","message":"⌛ Validating arcaneBastion.wlk","timeElapsed":118,"timestamp":"2025-07-06T01:40:06.633Z"}
{"level":"error","message":"✘ Failed to rebuild document Failed to parse arcaneBastion.wlk: \n-- PARSING FAILED --------------------------------------------------\n\n  33 |                     h.eliminar()\n  34 |                 }\n> 35 |             })\n     |             ^\n  36 |         })\n  37 |     })\n\nExpected one of the following: \n\n' ', '@', 'class', 'const', 'describe', 'mixin', 'object', 'only', 'package', 'program', 'test', 'var', '{', EOF, comment, not \"}\", whitespace\n","stack":"Error: Failed to parse arcaneBastion.wlk: \n-- PARSING FAILED --------------------------------------------------\n\n  33 |                     h.eliminar()\n  34 |                 }\n> 35 |             })\n     |             ^\n  36 |         })\n  37 |     })\n\nExpected one of the following: \n\n' ', '@', 'class', 'const', 'describe', 'mixin', 'object', 'only', 'package', 'program', 'test', 'var', '{', EOF, comment, not \"}\", whitespace\n\n    at c:\\Users\\joaom\\.vscode\\extensions\\uqbar.wollok-lsp-ide-0.5.2\\out\\server\\src\\server.js:2326:13026\n    at Array.map (<anonymous>)\n    at D1n (c:\\Users\\joaom\\.vscode\\extensions\\uqbar.wollok-lsp-ide-0.5.2\\out\\server\\src\\server.js:2326:12950)\n    at W2.buildEnvironmentFrom (c:\\Users\\joaom\\.vscode\\extensions\\uqbar.wollok-lsp-ide-0.5.2\\out\\server\\src\\server.js:2371:5254)\n    at W2.updateEnvironmentWith (c:\\Users\\joaom\\.vscode\\extensions\\uqbar.wollok-lsp-ide-0.5.2\\out\\server\\src\\server.js:2371:4989)\n    at GF (c:\\Users\\joaom\\.vscode\\extensions\\uqbar.wollok-lsp-ide-0.5.2\\out\\server\\src\\server.js:2371:7383)\n    at L3.invoke (c:\\Users\\joaom\\.vscode\\extensions\\uqbar.wollok-lsp-ide-0.5.2\\out\\server\\src\\server.js:3:157326)\n    at o.fire (c:\\Users\\joaom\\.vscode\\extensions\\uqbar.wollok-lsp-ide-0.5.2\\out\\server\\src\\server.js:3:158096)\n    at c:\\Users\\joaom\\.vscode\\extensions\\uqbar.wollok-lsp-ide-0.5.2\\out\\server\\src\\server.js:37:57871\n    at Kr (c:\\Users\\joaom\\.vscode\\extensions\\uqbar.wollok-lsp-ide-0.5.2\\out\\server\\src\\server.js:8:1561)","timestamp":"2025-07-06T01:40:06.886Z"}
{"level":"info","message":"⌛ Building environment","timeElapsed":122,"timestamp":"2025-07-06T01:40:07.432Z"}
{"level":"info","message":"⌛ Validating arcaneBastion.wlk","timeElapsed":114,"timestamp":"2025-07-06T01:40:07.546Z"}
{"level":"error","message":"✘ Failed to rebuild document Failed to parse arcaneBastion.wlk: \n-- PARSING FAILED --------------------------------------------------\n\n  33 |                     h.eliminar()\n  34 |                 }\n> 35 |             })\n     |             ^\n  36 |         })\n  37 |     })\n\nExpected one of the following: \n\n' ', '@', 'class', 'const', 'describe', 'mixin', 'object', 'only', 'package', 'program', 'test', 'var', '{', EOF, comment, not \"}\", whitespace\n","stack":"Error: Failed to parse arcaneBastion.wlk: \n-- PARSING FAILED --------------------------------------------------\n\n  33 |                     h.eliminar()\n  34 |                 }\n> 35 |             })\n     |             ^\n  36 |         })\n  37 |     })\n\nExpected one of the following: \n\n' ', '@', 'class', 'const', 'describe', 'mixin', 'object', 'only', 'package', 'program', 'test', 'var', '{', EOF, comment, not \"}\", whitespace\n\n    at c:\\Users\\joaom\\.vscode\\extensions\\uqbar.wollok-lsp-ide-0.5.2\\out\\server\\src\\server.js:2326:13026\n    at Array.map (<anonymous>)\n    at D1n (c:\\Users\\joaom\\.vscode\\extensions\\uqbar.wollok-lsp-ide-0.5.2\\out\\server\\src\\server.js:2326:12950)\n    at W2.buildEnvironmentFrom (c:\\Users\\joaom\\.vscode\\extensions\\uqbar.wollok-lsp-ide-0.5.2\\out\\server\\src\\server.js:2371:5254)\n    at W2.updateEnvironmentWith (c:\\Users\\joaom\\.vscode\\extensions\\uqbar.wollok-lsp-ide-0.5.2\\out\\server\\src\\server.js:2371:4989)\n    at GF (c:\\Users\\joaom\\.vscode\\extensions\\uqbar.wollok-lsp-ide-0.5.2\\out\\server\\src\\server.js:2371:7383)\n    at L3.invoke (c:\\Users\\joaom\\.vscode\\extensions\\uqbar.wollok-lsp-ide-0.5.2\\out\\server\\src\\server.js:3:157326)\n    at o.fire (c:\\Users\\joaom\\.vscode\\extensions\\uqbar.wollok-lsp-ide-0.5.2\\out\\server\\src\\server.js:3:158096)\n    at c:\\Users\\joaom\\.vscode\\extensions\\uqbar.wollok-lsp-ide-0.5.2\\out\\server\\src\\server.js:37:57871\n    at Kr (c:\\Users\\joaom\\.vscode\\extensions\\uqbar.wollok-lsp-ide-0.5.2\\out\\server\\src\\server.js:8:1561)","timestamp":"2025-07-06T01:40:07.968Z"}
{"level":"info","message":"⌛ Building environment","timeElapsed":113,"timestamp":"2025-07-06T01:40:08.455Z"}
{"level":"info","message":"⌛ Validating arcaneBastion.wlk","timeElapsed":117,"timestamp":"2025-07-06T01:40:08.573Z"}
{"level":"info","message":"⌛ Validating arcaneBastion.wlk","timeElapsed":117,"timestamp":"2025-07-06T01:40:08.891Z"}
{"level":"info","message":"⌛ Validating arcaneBastion.wlk","timeElapsed":160,"timestamp":"2025-07-06T01:40:09.140Z"}
{"level":"info","message":"⌛ Validating arcaneBastion.wlk","timeElapsed":120,"timestamp":"2025-07-06T01:40:09.261Z"}
{"level":"info","message":"⌛ Validating arcaneBastion.wlk","timeElapsed":131,"timestamp":"2025-07-06T01:40:09.494Z"}
{"level":"info","message":"⌛ Building environment","timeElapsed":116,"timestamp":"2025-07-06T01:40:09.800Z"}
{"level":"error","message":"✘ Failed to rebuild document Failed to parse arcaneBastion.wlk: \n-- PARSING FAILED --------------------------------------------------\n\n  33 |                     h.eliminar()\n  34 |                 }\n> 35 |             })\n     |             ^\n  36 |         })\n  37 |     })\n\nExpected one of the following: \n\n' ', '@', 'class', 'const', 'describe', 'mixin', 'object', 'only', 'package', 'program', 'test', 'var', '{', EOF, comment, not \"}\", whitespace\n","stack":"Error: Failed to parse arcaneBastion.wlk: \n-- PARSING FAILED --------------------------------------------------\n\n  33 |                     h.eliminar()\n  34 |                 }\n> 35 |             })\n     |             ^\n  36 |         })\n  37 |     })\n\nExpected one of the following: \n\n' ', '@', 'class', 'const', 'describe', 'mixin', 'object', 'only', 'package', 'program', 'test', 'var', '{', EOF, comment, not \"}\", whitespace\n\n    at c:\\Users\\joaom\\.vscode\\extensions\\uqbar.wollok-lsp-ide-0.5.2\\out\\server\\src\\server.js:2326:13026\n    at Array.map (<anonymous>)\n    at D1n (c:\\Users\\joaom\\.vscode\\extensions\\uqbar.wollok-lsp-ide-0.5.2\\out\\server\\src\\server.js:2326:12950)\n    at W2.buildEnvironmentFrom (c:\\Users\\joaom\\.vscode\\extensions\\uqbar.wollok-lsp-ide-0.5.2\\out\\server\\src\\server.js:2371:5254)\n    at W2.updateEnvironmentWith (c:\\Users\\joaom\\.vscode\\extensions\\uqbar.wollok-lsp-ide-0.5.2\\out\\server\\src\\server.js:2371:4989)\n    at GF (c:\\Users\\joaom\\.vscode\\extensions\\uqbar.wollok-lsp-ide-0.5.2\\out\\server\\src\\server.js:2371:7383)\n    at L3.invoke (c:\\Users\\joaom\\.vscode\\extensions\\uqbar.wollok-lsp-ide-0.5.2\\out\\server\\src\\server.js:3:157326)\n    at o.fire (c:\\Users\\joaom\\.vscode\\extensions\\uqbar.wollok-lsp-ide-0.5.2\\out\\server\\src\\server.js:3:158096)\n    at c:\\Users\\joaom\\.vscode\\extensions\\uqbar.wollok-lsp-ide-0.5.2\\out\\server\\src\\server.js:37:57871\n    at Kr (c:\\Users\\joaom\\.vscode\\extensions\\uqbar.wollok-lsp-ide-0.5.2\\out\\server\\src\\server.js:8:1561)","timestamp":"2025-07-06T01:40:09.830Z"}
{"level":"info","message":"⌛ Validating arcaneBastion.wlk","timeElapsed":124,"timestamp":"2025-07-06T01:40:09.961Z"}
{"level":"error","message":"✘ Failed to rebuild document Failed to parse arcaneBastion.wlk: \n-- PARSING FAILED --------------------------------------------------\n\n  33 |                     h.eliminar()\n  34 |                 }\n> 35 |             })\n     |             ^\n  36 |         })\n  37 |     })\n\nExpected one of the following: \n\n' ', '@', 'class', 'const', 'describe', 'mixin', 'object', 'only', 'package', 'program', 'test', 'var', '{', EOF, comment, not \"}\", whitespace\n","stack":"Error: Failed to parse arcaneBastion.wlk: \n-- PARSING FAILED --------------------------------------------------\n\n  33 |                     h.eliminar()\n  34 |                 }\n> 35 |             })\n     |             ^\n  36 |         })\n  37 |     })\n\nExpected one of the following: \n\n' ', '@', 'class', 'const', 'describe', 'mixin', 'object', 'only', 'package', 'program', 'test', 'var', '{', EOF, comment, not \"}\", whitespace\n\n    at c:\\Users\\joaom\\.vscode\\extensions\\uqbar.wollok-lsp-ide-0.5.2\\out\\server\\src\\server.js:2326:13026\n    at Array.map (<anonymous>)\n    at D1n (c:\\Users\\joaom\\.vscode\\extensions\\uqbar.wollok-lsp-ide-0.5.2\\out\\server\\src\\server.js:2326:12950)\n    at W2.buildEnvironmentFrom (c:\\Users\\joaom\\.vscode\\extensions\\uqbar.wollok-lsp-ide-0.5.2\\out\\server\\src\\server.js:2371:5254)\n    at W2.updateEnvironmentWith (c:\\Users\\joaom\\.vscode\\extensions\\uqbar.wollok-lsp-ide-0.5.2\\out\\server\\src\\server.js:2371:4989)\n    at GF (c:\\Users\\joaom\\.vscode\\extensions\\uqbar.wollok-lsp-ide-0.5.2\\out\\server\\src\\server.js:2371:7383)\n    at L3.invoke (c:\\Users\\joaom\\.vscode\\extensions\\uqbar.wollok-lsp-ide-0.5.2\\out\\server\\src\\server.js:3:157326)\n    at o.fire (c:\\Users\\joaom\\.vscode\\extensions\\uqbar.wollok-lsp-ide-0.5.2\\out\\server\\src\\server.js:3:158096)\n    at c:\\Users\\joaom\\.vscode\\extensions\\uqbar.wollok-lsp-ide-0.5.2\\out\\server\\src\\server.js:37:57871\n    at Kr (c:\\Users\\joaom\\.vscode\\extensions\\uqbar.wollok-lsp-ide-0.5.2\\out\\server\\src\\server.js:8:1561)","timestamp":"2025-07-06T01:40:09.992Z"}
{"level":"error","message":"✘ Failed to rebuild document Failed to parse arcaneBastion.wlk: \n-- PARSING FAILED --------------------------------------------------\n\n  33 |                     h.eliminar()\n  34 |                 }\n> 35 |             })\n     |             ^\n  36 |         })\n  37 |     })\n\nExpected one of the following: \n\n' ', '@', 'class', 'const', 'describe', 'mixin', 'object', 'only', 'package', 'program', 'test', 'var', '{', EOF, comment, not \"}\", whitespace\n","stack":"Error: Failed to parse arcaneBastion.wlk: \n-- PARSING FAILED --------------------------------------------------\n\n  33 |                     h.eliminar()\n  34 |                 }\n> 35 |             })\n     |             ^\n  36 |         })\n  37 |     })\n\nExpected one of the following: \n\n' ', '@', 'class', 'const', 'describe', 'mixin', 'object', 'only', 'package', 'program', 'test', 'var', '{', EOF, comment, not \"}\", whitespace\n\n    at c:\\Users\\joaom\\.vscode\\extensions\\uqbar.wollok-lsp-ide-0.5.2\\out\\server\\src\\server.js:2326:13026\n    at Array.map (<anonymous>)\n    at D1n (c:\\Users\\joaom\\.vscode\\extensions\\uqbar.wollok-lsp-ide-0.5.2\\out\\server\\src\\server.js:2326:12950)\n    at W2.buildEnvironmentFrom (c:\\Users\\joaom\\.vscode\\extensions\\uqbar.wollok-lsp-ide-0.5.2\\out\\server\\src\\server.js:2371:5254)\n    at W2.updateEnvironmentWith (c:\\Users\\joaom\\.vscode\\extensions\\uqbar.wollok-lsp-ide-0.5.2\\out\\server\\src\\server.js:2371:4989)\n    at GF (c:\\Users\\joaom\\.vscode\\extensions\\uqbar.wollok-lsp-ide-0.5.2\\out\\server\\src\\server.js:2371:7383)\n    at L3.invoke (c:\\Users\\joaom\\.vscode\\extensions\\uqbar.wollok-lsp-ide-0.5.2\\out\\server\\src\\server.js:3:157326)\n    at o.fire (c:\\Users\\joaom\\.vscode\\extensions\\uqbar.wollok-lsp-ide-0.5.2\\out\\server\\src\\server.js:3:158096)\n    at c:\\Users\\joaom\\.vscode\\extensions\\uqbar.wollok-lsp-ide-0.5.2\\out\\server\\src\\server.js:37:57871\n    at Kr (c:\\Users\\joaom\\.vscode\\extensions\\uqbar.wollok-lsp-ide-0.5.2\\out\\server\\src\\server.js:8:1561)","timestamp":"2025-07-06T01:40:10.349Z"}
{"level":"info","message":"⌛ Validating arcaneBastion.wlk","timeElapsed":118,"timestamp":"2025-07-06T01:40:10.686Z"}
{"level":"info","message":"⌛ Validating arcaneBastion.wlk","timeElapsed":108,"timestamp":"2025-07-06T01:40:10.989Z"}
{"level":"info","message":"🚀 Program executed \u001b[3m\u001b[34mmain.ArcaneBastion\u001b[39m\u001b[23m on \u001b[3m\u001b[34mc:\\Users\\joaom\\Documents\\asd-main\u001b[39m\u001b[23m","ok":true,"timeElapsed":605,"timestamp":"2025-07-06T01:40:30.436Z"}
{"level":"info","message":"⌛ Building environment","timeElapsed":160,"timestamp":"2025-07-06T01:40:59.283Z"}
{"level":"info","message":"⌛ Validating arcaneBastion.wlk","timeElapsed":233,"timestamp":"2025-07-06T01:40:59.518Z"}
{"level":"info","message":"⌛ Building environment","timeElapsed":153,"timestamp":"2025-07-06T01:41:01.003Z"}
{"level":"info","message":"⌛ Validating arcaneBastion.wlk","timeElapsed":247,"timestamp":"2025-07-06T01:41:01.253Z"}
{"level":"info","message":"⌛ Building environment","timeElapsed":219,"timestamp":"2025-07-06T01:41:01.559Z"}
{"level":"info","message":"⌛ Validating arcaneBastion.wlk","timeElapsed":212,"timestamp":"2025-07-06T01:41:01.833Z"}
{"level":"info","message":"⌛ Building environment","timeElapsed":221,"timestamp":"2025-07-06T01:41:03.803Z"}
{"level":"info","message":"⌛ Validating mana.wlk","timeElapsed":451,"timestamp":"2025-07-06T01:41:04.263Z"}
{"exitCode":"SIGHUP","level":"info","message":"👾 Game executed main.ArcaneBastion on c:\\Users\\joaom\\Documents\\asd-main","timeElapsed":35435,"timestamp":"2025-07-06T01:41:05.265Z"}
{"level":"info","message":"🚀 Program executed \u001b[3m\u001b[34mmain.ArcaneBastion\u001b[39m\u001b[23m on \u001b[3m\u001b[34mc:\\Users\\joaom\\Documents\\asd-main\u001b[39m\u001b[23m","ok":true,"timeElapsed":622,"timestamp":"2025-07-06T01:41:08.041Z"}
{"level":"info","message":"⌛ Validating administradorDeHechizos.wlk","timeElapsed":157,"timestamp":"2025-07-06T01:41:27.238Z"}
{"level":"info","message":"⌛ Building environment","timeElapsed":103,"timestamp":"2025-07-06T01:41:27.739Z"}
{"level":"info","message":"⌛ Validating administradorDeHechizos.wlk","timeElapsed":144,"timestamp":"2025-07-06T01:41:27.894Z"}
{"level":"info","message":"⌛ Building environment","timeElapsed":164,"timestamp":"2025-07-06T01:41:30.081Z"}
{"level":"info","message":"⌛ Validating administradorDeHechizos.wlk","timeElapsed":213,"timestamp":"2025-07-06T01:41:30.294Z"}
{"level":"info","message":"⌛ Building environment","timeElapsed":143,"timestamp":"2025-07-06T01:41:40.092Z"}
{"level":"info","message":"⌛ Validating arcaneBastion.wlk","timeElapsed":158,"timestamp":"2025-07-06T01:41:40.252Z"}
{"level":"info","message":"⌛ Building environment","timeElapsed":109,"timestamp":"2025-07-06T01:41:40.672Z"}
{"level":"info","message":"⌛ Validating arcaneBastion.wlk","timeElapsed":145,"timestamp":"2025-07-06T01:41:40.819Z"}
{"level":"info","message":"⌛ Building environment","timeElapsed":102,"timestamp":"2025-07-06T01:41:41.273Z"}
{"level":"info","message":"⌛ Validating arcaneBastion.wlk","timeElapsed":147,"timestamp":"2025-07-06T01:41:41.420Z"}
{"level":"info","message":"⌛ Building environment","timeElapsed":168,"timestamp":"2025-07-06T01:41:57.871Z"}
{"level":"info","message":"⌛ Validating arcaneBastion.wlk","timeElapsed":150,"timestamp":"2025-07-06T01:41:58.023Z"}
{"level":"error","message":"✘ Failed to rebuild document Failed to parse arcaneBastion.wlk: \n-- PARSING FAILED --------------------------------------------------\n\n  33 |                     h.eliminar()\n  34 |                 }\n> 35 |             })\n     |             ^\n  36 |         })\n  37 |     })\n\nExpected one of the following: \n\n' ', '@', 'class', 'const', 'describe', 'mixin', 'object', 'only', 'package', 'program', 'test', 'var', '{', EOF, comment, not \"}\", whitespace\n","stack":"Error: Failed to parse arcaneBastion.wlk: \n-- PARSING FAILED --------------------------------------------------\n\n  33 |                     h.eliminar()\n  34 |                 }\n> 35 |             })\n     |             ^\n  36 |         })\n  37 |     })\n\nExpected one of the following: \n\n' ', '@', 'class', 'const', 'describe', 'mixin', 'object', 'only', 'package', 'program', 'test', 'var', '{', EOF, comment, not \"}\", whitespace\n\n    at c:\\Users\\joaom\\.vscode\\extensions\\uqbar.wollok-lsp-ide-0.5.2\\out\\server\\src\\server.js:2326:13026\n    at Array.map (<anonymous>)\n    at D1n (c:\\Users\\joaom\\.vscode\\extensions\\uqbar.wollok-lsp-ide-0.5.2\\out\\server\\src\\server.js:2326:12950)\n    at W2.buildEnvironmentFrom (c:\\Users\\joaom\\.vscode\\extensions\\uqbar.wollok-lsp-ide-0.5.2\\out\\server\\src\\server.js:2371:5254)\n    at W2.updateEnvironmentWith (c:\\Users\\joaom\\.vscode\\extensions\\uqbar.wollok-lsp-ide-0.5.2\\out\\server\\src\\server.js:2371:4989)\n    at GF (c:\\Users\\joaom\\.vscode\\extensions\\uqbar.wollok-lsp-ide-0.5.2\\out\\server\\src\\server.js:2371:7383)\n    at L3.invoke (c:\\Users\\joaom\\.vscode\\extensions\\uqbar.wollok-lsp-ide-0.5.2\\out\\server\\src\\server.js:3:157326)\n    at o.fire (c:\\Users\\joaom\\.vscode\\extensions\\uqbar.wollok-lsp-ide-0.5.2\\out\\server\\src\\server.js:3:158096)\n    at c:\\Users\\joaom\\.vscode\\extensions\\uqbar.wollok-lsp-ide-0.5.2\\out\\server\\src\\server.js:37:57871\n    at Kr (c:\\Users\\joaom\\.vscode\\extensions\\uqbar.wollok-lsp-ide-0.5.2\\out\\server\\src\\server.js:8:1561)","timestamp":"2025-07-06T01:41:59.066Z"}
{"level":"error","message":"✘ Completions for node Send ([31:21, 31:49] - arcaneBastion.wlk) failed: Error: [Send]{a62686} at arcaneBastion.wlk:31 exhausted all cases without a match [Send]{a62686} at arcaneBastion.wlk:31 exhausted all cases without a match","stack":"Error: [Send]{a62686} at arcaneBastion.wlk:31 exhausted all cases without a match\n    at c:\\Users\\joaom\\.vscode\\extensions\\uqbar.wollok-lsp-ide-0.5.2\\out\\server\\src\\server.js:38:6142\n    at C2 (c:\\Users\\joaom\\.vscode\\extensions\\uqbar.wollok-lsp-ide-0.5.2\\out\\server\\src\\server.js:2362:42)\n    at c:\\Users\\joaom\\.vscode\\extensions\\uqbar.wollok-lsp-ide-0.5.2\\out\\server\\src\\server.js:2362:2988\n    at c:\\Users\\joaom\\.vscode\\extensions\\uqbar.wollok-lsp-ide-0.5.2\\out\\server\\src\\server.js:2371:8440\n    at c:\\Users\\joaom\\.vscode\\extensions\\uqbar.wollok-lsp-ide-0.5.2\\out\\server\\src\\server.js:37:74872\n    at Ye (c:\\Users\\joaom\\.vscode\\extensions\\uqbar.wollok-lsp-ide-0.5.2\\out\\server\\src\\server.js:7:8527)\n    at Dt (c:\\Users\\joaom\\.vscode\\extensions\\uqbar.wollok-lsp-ide-0.5.2\\out\\server\\src\\server.js:7:6189)\n    at Zi (c:\\Users\\joaom\\.vscode\\extensions\\uqbar.wollok-lsp-ide-0.5.2\\out\\server\\src\\server.js:7:6378)\n    at Immediate._onImmediate (c:\\Users\\joaom\\.vscode\\extensions\\uqbar.wollok-lsp-ide-0.5.2\\out\\server\\src\\server.js:7:6142)\n    at process.processImmediate (node:internal/timers:485:21)","timestamp":"2025-07-06T01:41:59.108Z"}
{"level":"error","message":"✘ Completions for node If ([31:17, 34:18] - arcaneBastion.wlk) failed: Error: [If]{58dbc4} at arcaneBastion.wlk:31 exhausted all cases without a match [If]{58dbc4} at arcaneBastion.wlk:31 exhausted all cases without a match","stack":"Error: [If]{58dbc4} at arcaneBastion.wlk:31 exhausted all cases without a match\n    at c:\\Users\\joaom\\.vscode\\extensions\\uqbar.wollok-lsp-ide-0.5.2\\out\\server\\src\\server.js:38:6142\n    at C2 (c:\\Users\\joaom\\.vscode\\extensions\\uqbar.wollok-lsp-ide-0.5.2\\out\\server\\src\\server.js:2362:42)\n    at Gh (c:\\Users\\joaom\\.vscode\\extensions\\uqbar.wollok-lsp-ide-0.5.2\\out\\server\\src\\server.js:2362:1092)\n    at C2 (c:\\Users\\joaom\\.vscode\\extensions\\uqbar.wollok-lsp-ide-0.5.2\\out\\server\\src\\server.js:2362:544)\n    at c:\\Users\\joaom\\.vscode\\extensions\\uqbar.wollok-lsp-ide-0.5.2\\out\\server\\src\\server.js:2362:2988\n    at c:\\Users\\joaom\\.vscode\\extensions\\uqbar.wollok-lsp-ide-0.5.2\\out\\server\\src\\server.js:2371:8440\n    at c:\\Users\\joaom\\.vscode\\extensions\\uqbar.wollok-lsp-ide-0.5.2\\out\\server\\src\\server.js:37:74872\n    at Ye (c:\\Users\\joaom\\.vscode\\extensions\\uqbar.wollok-lsp-ide-0.5.2\\out\\server\\src\\server.js:7:8527)\n    at Dt (c:\\Users\\joaom\\.vscode\\extensions\\uqbar.wollok-lsp-ide-0.5.2\\out\\server\\src\\server.js:7:6189)\n    at Zi (c:\\Users\\joaom\\.vscode\\extensions\\uqbar.wollok-lsp-ide-0.5.2\\out\\server\\src\\server.js:7:6378)","timestamp":"2025-07-06T01:41:59.108Z"}
{"level":"info","message":"⌛ Building environment","timeElapsed":129,"timestamp":"2025-07-06T01:41:59.859Z"}
{"level":"info","message":"⌛ Validating arcaneBastion.wlk","timeElapsed":421,"timestamp":"2025-07-06T01:42:00.281Z"}
{"level":"error","message":"✘ Failed to rebuild document Failed to parse arcaneBastion.wlk: \n-- PARSING FAILED --------------------------------------------------\n\n  33 |                     h.eliminar()\n  34 |                 }\n> 35 |             })\n     |             ^\n  36 |         })\n  37 |     })\n\nExpected one of the following: \n\n' ', '@', 'class', 'const', 'describe', 'mixin', 'object', 'only', 'package', 'program', 'test', 'var', '{', EOF, comment, not \"}\", whitespace\n","stack":"Error: Failed to parse arcaneBastion.wlk: \n-- PARSING FAILED --------------------------------------------------\n\n  33 |                     h.eliminar()\n  34 |                 }\n> 35 |             })\n     |             ^\n  36 |         })\n  37 |     })\n\nExpected one of the following: \n\n' ', '@', 'class', 'const', 'describe', 'mixin', 'object', 'only', 'package', 'program', 'test', 'var', '{', EOF, comment, not \"}\", whitespace\n\n    at c:\\Users\\joaom\\.vscode\\extensions\\uqbar.wollok-lsp-ide-0.5.2\\out\\server\\src\\server.js:2326:13026\n    at Array.map (<anonymous>)\n    at D1n (c:\\Users\\joaom\\.vscode\\extensions\\uqbar.wollok-lsp-ide-0.5.2\\out\\server\\src\\server.js:2326:12950)\n    at W2.buildEnvironmentFrom (c:\\Users\\joaom\\.vscode\\extensions\\uqbar.wollok-lsp-ide-0.5.2\\out\\server\\src\\server.js:2371:5254)\n    at W2.updateEnvironmentWith (c:\\Users\\joaom\\.vscode\\extensions\\uqbar.wollok-lsp-ide-0.5.2\\out\\server\\src\\server.js:2371:4989)\n    at GF (c:\\Users\\joaom\\.vscode\\extensions\\uqbar.wollok-lsp-ide-0.5.2\\out\\server\\src\\server.js:2371:7383)\n    at L3.invoke (c:\\Users\\joaom\\.vscode\\extensions\\uqbar.wollok-lsp-ide-0.5.2\\out\\server\\src\\server.js:3:157326)\n    at o.fire (c:\\Users\\joaom\\.vscode\\extensions\\uqbar.wollok-lsp-ide-0.5.2\\out\\server\\src\\server.js:3:158096)\n    at c:\\Users\\joaom\\.vscode\\extensions\\uqbar.wollok-lsp-ide-0.5.2\\out\\server\\src\\server.js:37:57871\n    at Kr (c:\\Users\\joaom\\.vscode\\extensions\\uqbar.wollok-lsp-ide-0.5.2\\out\\server\\src\\server.js:8:1561)","timestamp":"2025-07-06T01:42:00.319Z"}
{"level":"error","message":"✘ Completions for node Send ([31:21, 31:49] - arcaneBastion.wlk) failed: Error: [Send]{c23ca9} at arcaneBastion.wlk:31 exhausted all cases without a match [Send]{c23ca9} at arcaneBastion.wlk:31 exhausted all cases without a match","stack":"Error: [Send]{c23ca9} at arcaneBastion.wlk:31 exhausted all cases without a match\n    at c:\\Users\\joaom\\.vscode\\extensions\\uqbar.wollok-lsp-ide-0.5.2\\out\\server\\src\\server.js:38:6142\n    at C2 (c:\\Users\\joaom\\.vscode\\extensions\\uqbar.wollok-lsp-ide-0.5.2\\out\\server\\src\\server.js:2362:42)\n    at c:\\Users\\joaom\\.vscode\\extensions\\uqbar.wollok-lsp-ide-0.5.2\\out\\server\\src\\server.js:2362:2988\n    at c:\\Users\\joaom\\.vscode\\extensions\\uqbar.wollok-lsp-ide-0.5.2\\out\\server\\src\\server.js:2371:8440\n    at c:\\Users\\joaom\\.vscode\\extensions\\uqbar.wollok-lsp-ide-0.5.2\\out\\server\\src\\server.js:37:74872\n    at Ye (c:\\Users\\joaom\\.vscode\\extensions\\uqbar.wollok-lsp-ide-0.5.2\\out\\server\\src\\server.js:7:8527)\n    at Dt (c:\\Users\\joaom\\.vscode\\extensions\\uqbar.wollok-lsp-ide-0.5.2\\out\\server\\src\\server.js:7:6189)\n    at Zi (c:\\Users\\joaom\\.vscode\\extensions\\uqbar.wollok-lsp-ide-0.5.2\\out\\server\\src\\server.js:7:6378)\n    at Immediate._onImmediate (c:\\Users\\joaom\\.vscode\\extensions\\uqbar.wollok-lsp-ide-0.5.2\\out\\server\\src\\server.js:7:6142)\n    at process.processImmediate (node:internal/timers:485:21)","timestamp":"2025-07-06T01:42:00.350Z"}
{"level":"error","message":"✘ Completions for node If ([31:17, 34:18] - arcaneBastion.wlk) failed: Error: [If]{aba0e5} at arcaneBastion.wlk:31 exhausted all cases without a match [If]{aba0e5} at arcaneBastion.wlk:31 exhausted all cases without a match","stack":"Error: [If]{aba0e5} at arcaneBastion.wlk:31 exhausted all cases without a match\n    at c:\\Users\\joaom\\.vscode\\extensions\\uqbar.wollok-lsp-ide-0.5.2\\out\\server\\src\\server.js:38:6142\n    at C2 (c:\\Users\\joaom\\.vscode\\extensions\\uqbar.wollok-lsp-ide-0.5.2\\out\\server\\src\\server.js:2362:42)\n    at Gh (c:\\Users\\joaom\\.vscode\\extensions\\uqbar.wollok-lsp-ide-0.5.2\\out\\server\\src\\server.js:2362:1092)\n    at C2 (c:\\Users\\joaom\\.vscode\\extensions\\uqbar.wollok-lsp-ide-0.5.2\\out\\server\\src\\server.js:2362:544)\n    at c:\\Users\\joaom\\.vscode\\extensions\\uqbar.wollok-lsp-ide-0.5.2\\out\\server\\src\\server.js:2362:2988\n    at c:\\Users\\joaom\\.vscode\\extensions\\uqbar.wollok-lsp-ide-0.5.2\\out\\server\\src\\server.js:2371:8440\n    at c:\\Users\\joaom\\.vscode\\extensions\\uqbar.wollok-lsp-ide-0.5.2\\out\\server\\src\\server.js:37:74872\n    at Ye (c:\\Users\\joaom\\.vscode\\extensions\\uqbar.wollok-lsp-ide-0.5.2\\out\\server\\src\\server.js:7:8527)\n    at Dt (c:\\Users\\joaom\\.vscode\\extensions\\uqbar.wollok-lsp-ide-0.5.2\\out\\server\\src\\server.js:7:6189)\n    at Zi (c:\\Users\\joaom\\.vscode\\extensions\\uqbar.wollok-lsp-ide-0.5.2\\out\\server\\src\\server.js:7:6378)","timestamp":"2025-07-06T01:42:00.350Z"}
{"level":"error","message":"✘ Failed to rebuild document Failed to parse arcaneBastion.wlk: \n-- PARSING FAILED --------------------------------------------------\n\n  33 |                     h.eliminar()\n  34 |                 }\n> 35 |             })\n     |             ^\n  36 |         })\n  37 |     })\n\nExpected one of the following: \n\n' ', '@', 'class', 'const', 'describe', 'mixin', 'object', 'only', 'package', 'program', 'test', 'var', '{', EOF, comment, not \"}\", whitespace\n","stack":"Error: Failed to parse arcaneBastion.wlk: \n-- PARSING FAILED --------------------------------------------------\n\n  33 |                     h.eliminar()\n  34 |                 }\n> 35 |             })\n     |             ^\n  36 |         })\n  37 |     })\n\nExpected one of the following: \n\n' ', '@', 'class', 'const', 'describe', 'mixin', 'object', 'only', 'package', 'program', 'test', 'var', '{', EOF, comment, not \"}\", whitespace\n\n    at c:\\Users\\joaom\\.vscode\\extensions\\uqbar.wollok-lsp-ide-0.5.2\\out\\server\\src\\server.js:2326:13026\n    at Array.map (<anonymous>)\n    at D1n (c:\\Users\\joaom\\.vscode\\extensions\\uqbar.wollok-lsp-ide-0.5.2\\out\\server\\src\\server.js:2326:12950)\n    at W2.buildEnvironmentFrom (c:\\Users\\joaom\\.vscode\\extensions\\uqbar.wollok-lsp-ide-0.5.2\\out\\server\\src\\server.js:2371:5254)\n    at W2.updateEnvironmentWith (c:\\Users\\joaom\\.vscode\\extensions\\uqbar.wollok-lsp-ide-0.5.2\\out\\server\\src\\server.js:2371:4989)\n    at GF (c:\\Users\\joaom\\.vscode\\extensions\\uqbar.wollok-lsp-ide-0.5.2\\out\\server\\src\\server.js:2371:7383)\n    at L3.invoke (c:\\Users\\joaom\\.vscode\\extensions\\uqbar.wollok-lsp-ide-0.5.2\\out\\server\\src\\server.js:3:157326)\n    at o.fire (c:\\Users\\joaom\\.vscode\\extensions\\uqbar.wollok-lsp-ide-0.5.2\\out\\server\\src\\server.js:3:158096)\n    at c:\\Users\\joaom\\.vscode\\extensions\\uqbar.wollok-lsp-ide-0.5.2\\out\\server\\src\\server.js:37:57871\n    at Kr (c:\\Users\\joaom\\.vscode\\extensions\\uqbar.wollok-lsp-ide-0.5.2\\out\\server\\src\\server.js:8:1561)","timestamp":"2025-07-06T01:42:00.387Z"}
{"level":"info","message":"⌛ Validating arcaneBastion.wlk","timeElapsed":148,"timestamp":"2025-07-06T01:42:02.577Z"}
{"level":"error","message":"✘ Failed to rebuild document Failed to parse arcaneBastion.wlk: \n-- PARSING FAILED --------------------------------------------------\n\n  33 |                     h.eliminar()\n  34 |                 }\n> 35 |             })\n     |             ^\n  36 |         })\n  37 |     })\n\nExpected one of the following: \n\n' ', '@', 'class', 'const', 'describe', 'mixin', 'object', 'only', 'package', 'program', 'test', 'var', '{', EOF, comment, not \"}\", whitespace\n","stack":"Error: Failed to parse arcaneBastion.wlk: \n-- PARSING FAILED --------------------------------------------------\n\n  33 |                     h.eliminar()\n  34 |                 }\n> 35 |             })\n     |             ^\n  36 |         })\n  37 |     })\n\nExpected one of the following: \n\n' ', '@', 'class', 'const', 'describe', 'mixin', 'object', 'only', 'package', 'program', 'test', 'var', '{', EOF, comment, not \"}\", whitespace\n\n    at c:\\Users\\joaom\\.vscode\\extensions\\uqbar.wollok-lsp-ide-0.5.2\\out\\server\\src\\server.js:2326:13026\n    at Array.map (<anonymous>)\n    at D1n (c:\\Users\\joaom\\.vscode\\extensions\\uqbar.wollok-lsp-ide-0.5.2\\out\\server\\src\\server.js:2326:12950)\n    at W2.buildEnvironmentFrom (c:\\Users\\joaom\\.vscode\\extensions\\uqbar.wollok-lsp-ide-0.5.2\\out\\server\\src\\server.js:2371:5254)\n    at W2.updateEnvironmentWith (c:\\Users\\joaom\\.vscode\\extensions\\uqbar.wollok-lsp-ide-0.5.2\\out\\server\\src\\server.js:2371:4989)\n    at GF (c:\\Users\\joaom\\.vscode\\extensions\\uqbar.wollok-lsp-ide-0.5.2\\out\\server\\src\\server.js:2371:7383)\n    at L3.invoke (c:\\Users\\joaom\\.vscode\\extensions\\uqbar.wollok-lsp-ide-0.5.2\\out\\server\\src\\server.js:3:157326)\n    at o.fire (c:\\Users\\joaom\\.vscode\\extensions\\uqbar.wollok-lsp-ide-0.5.2\\out\\server\\src\\server.js:3:158096)\n    at c:\\Users\\joaom\\.vscode\\extensions\\uqbar.wollok-lsp-ide-0.5.2\\out\\server\\src\\server.js:37:57871\n    at Kr (c:\\Users\\joaom\\.vscode\\extensions\\uqbar.wollok-lsp-ide-0.5.2\\out\\server\\src\\server.js:8:1561)","timestamp":"2025-07-06T01:42:08.725Z"}
{"level":"error","message":"✘ Failed to rebuild document Failed to parse arcaneBastion.wlk: \n-- PARSING FAILED --------------------------------------------------\n\n  33 |                     h.eliminar()\n  34 |                 }\n> 35 |             })\n     |             ^\n  36 |         })\n  37 |     })\n\nExpected one of the following: \n\n' ', '@', 'class', 'const', 'describe', 'mixin', 'object', 'only', 'package', 'program', 'test', 'var', '{', EOF, comment, not \"}\", whitespace\n","stack":"Error: Failed to parse arcaneBastion.wlk: \n-- PARSING FAILED --------------------------------------------------\n\n  33 |                     h.eliminar()\n  34 |                 }\n> 35 |             })\n     |             ^\n  36 |         })\n  37 |     })\n\nExpected one of the following: \n\n' ', '@', 'class', 'const', 'describe', 'mixin', 'object', 'only', 'package', 'program', 'test', 'var', '{', EOF, comment, not \"}\", whitespace\n\n    at c:\\Users\\joaom\\.vscode\\extensions\\uqbar.wollok-lsp-ide-0.5.2\\out\\server\\src\\server.js:2326:13026\n    at Array.map (<anonymous>)\n    at D1n (c:\\Users\\joaom\\.vscode\\extensions\\uqbar.wollok-lsp-ide-0.5.2\\out\\server\\src\\server.js:2326:12950)\n    at W2.buildEnvironmentFrom (c:\\Users\\joaom\\.vscode\\extensions\\uqbar.wollok-lsp-ide-0.5.2\\out\\server\\src\\server.js:2371:5254)\n    at W2.updateEnvironmentWith (c:\\Users\\joaom\\.vscode\\extensions\\uqbar.wollok-lsp-ide-0.5.2\\out\\server\\src\\server.js:2371:4989)\n    at GF (c:\\Users\\joaom\\.vscode\\extensions\\uqbar.wollok-lsp-ide-0.5.2\\out\\server\\src\\server.js:2371:7383)\n    at L3.invoke (c:\\Users\\joaom\\.vscode\\extensions\\uqbar.wollok-lsp-ide-0.5.2\\out\\server\\src\\server.js:3:157326)\n    at o.fire (c:\\Users\\joaom\\.vscode\\extensions\\uqbar.wollok-lsp-ide-0.5.2\\out\\server\\src\\server.js:3:158096)\n    at c:\\Users\\joaom\\.vscode\\extensions\\uqbar.wollok-lsp-ide-0.5.2\\out\\server\\src\\server.js:37:57871\n    at Kr (c:\\Users\\joaom\\.vscode\\extensions\\uqbar.wollok-lsp-ide-0.5.2\\out\\server\\src\\server.js:8:1561)","timestamp":"2025-07-06T01:42:09.229Z"}
{"level":"info","message":"⌛ Validating arcaneBastion.wlk","timeElapsed":128,"timestamp":"2025-07-06T01:42:09.843Z"}
{"level":"info","message":"⌛ Building environment","timeElapsed":145,"timestamp":"2025-07-06T01:42:47.822Z"}
{"level":"info","message":"⌛ Validating arcaneBastion.wlk","timeElapsed":238,"timestamp":"2025-07-06T01:42:48.098Z"}
{"level":"info","message":"⌛ Building environment","timeElapsed":107,"timestamp":"2025-07-06T01:42:50.864Z"}
{"level":"info","message":"⌛ Validating arcaneBastion.wlk","timeElapsed":139,"timestamp":"2025-07-06T01:42:51.003Z"}
{"level":"info","message":"⌛ Building environment","timeElapsed":117,"timestamp":"2025-07-06T01:42:59.610Z"}
{"level":"info","message":"⌛ Validating arcaneBastion.wlk","timeElapsed":171,"timestamp":"2025-07-06T01:42:59.783Z"}
{"exitCode":"SIGHUP","level":"info","message":"👾 Game executed main.ArcaneBastion on c:\\Users\\joaom\\Documents\\asd-main","timeElapsed":116911,"timestamp":"2025-07-06T01:43:04.331Z"}
{"level":"info","message":"🚀 Program executed \u001b[3m\u001b[34mmain.ArcaneBastion\u001b[39m\u001b[23m on \u001b[3m\u001b[34mc:\\Users\\joaom\\Documents\\asd-main\u001b[39m\u001b[23m","ok":true,"timeElapsed":762,"timestamp":"2025-07-06T01:43:07.408Z"}
{"exitCode":"SIGHUP","level":"info","message":"👾 Game executed main.ArcaneBastion on c:\\Users\\joaom\\Documents\\asd-main","timeElapsed":21344,"timestamp":"2025-07-06T01:43:27.988Z"}
{"errors":{"errors":[null,["/*\r","Hace que colisionen con el pixel actual o el siguiente.\r","ya que parece que como el dragon va restando y el hechizo sumando en el eje x\r","estos se omiten\r"]]},"level":"error","message":"✘ Failed to get type description: Error: {\n  \"errors\": [\n    null,\n    [\n      \"/*\\r\",\n      \"Hace que colisionen con el pixel actual o el siguiente.\\r\",\n      \"ya que parece que como el dragon va restando y el hechizo sumando en el eje x\\r\",\n      \"estos se omiten\\r\"\n    ]\n  ]\n} {\n  \"errors\": [\n    null,\n    [\n      \"/*\\r\",\n      \"Hace que colisionen con el pixel actual o el siguiente.\\r\",\n      \"ya que parece que como el dragon va restando y el hechizo sumando en el eje x\\r\",\n      \"estos se omiten\\r\"\n    ]\n  ]\n}","stack":"Error: {\n  \"errors\": [\n    null,\n    [\n      \"/*\\r\",\n      \"Hace que colisionen con el pixel actual o el siguiente.\\r\",\n      \"ya que parece que como el dragon va restando y el hechizo sumando en el eje x\\r\",\n      \"estos se omiten\\r\"\n    ]\n  ]\n}\n    at pS (c:\\Users\\joaom\\.vscode\\extensions\\uqbar.wollok-lsp-ide-0.5.2\\out\\server\\src\\server.js:64:34609)\n    at G1 (c:\\Users\\joaom\\.vscode\\extensions\\uqbar.wollok-lsp-ide-0.5.2\\out\\server\\src\\server.js:64:34682)\n    at c:\\Users\\joaom\\.vscode\\extensions\\uqbar.wollok-lsp-ide-0.5.2\\out\\server\\src\\server.js:64:37949\n    at o.v1 (c:\\Users\\joaom\\.vscode\\extensions\\uqbar.wollok-lsp-ide-0.5.2\\out\\server\\src\\server.js:57:57694)\n    at c:\\Users\\joaom\\.vscode\\extensions\\uqbar.wollok-lsp-ide-0.5.2\\out\\server\\src\\server.js:64:37918\n    at c:\\Users\\joaom\\.vscode\\extensions\\uqbar.wollok-lsp-ide-0.5.2\\out\\server\\src\\server.js:57:55734\n    at Ofn (c:\\Users\\joaom\\.vscode\\extensions\\uqbar.wollok-lsp-ide-0.5.2\\out\\server\\src\\server.js:68:11324)\n    at c:\\Users\\joaom\\.vscode\\extensions\\uqbar.wollok-lsp-ide-0.5.2\\out\\server\\src\\server.js:68:3629\n    at jbn (c:\\Users\\joaom\\.vscode\\extensions\\uqbar.wollok-lsp-ide-0.5.2\\out\\server\\src\\server.js:68:3396)\n    at c:\\Users\\joaom\\.vscode\\extensions\\uqbar.wollok-lsp-ide-0.5.2\\out\\server\\src\\server.js:2371:847","timestamp":"2025-07-06T01:43:40.776Z"}
{"errors":{"errors":[null,["/*\r","Hace que colisionen con el pixel actual o el siguiente.\r","ya que parece que como el dragon va restando y el hechizo sumando en el eje x\r","estos se omiten\r"]]},"level":"error","message":"✘ Failed to get type description: Error: {\n  \"errors\": [\n    null,\n    [\n      \"/*\\r\",\n      \"Hace que colisionen con el pixel actual o el siguiente.\\r\",\n      \"ya que parece que como el dragon va restando y el hechizo sumando en el eje x\\r\",\n      \"estos se omiten\\r\"\n    ]\n  ]\n} {\n  \"errors\": [\n    null,\n    [\n      \"/*\\r\",\n      \"Hace que colisionen con el pixel actual o el siguiente.\\r\",\n      \"ya que parece que como el dragon va restando y el hechizo sumando en el eje x\\r\",\n      \"estos se omiten\\r\"\n    ]\n  ]\n}","stack":"Error: {\n  \"errors\": [\n    null,\n    [\n      \"/*\\r\",\n      \"Hace que colisionen con el pixel actual o el siguiente.\\r\",\n      \"ya que parece que como el dragon va restando y el hechizo sumando en el eje x\\r\",\n      \"estos se omiten\\r\"\n    ]\n  ]\n}\n    at pS (c:\\Users\\joaom\\.vscode\\extensions\\uqbar.wollok-lsp-ide-0.5.2\\out\\server\\src\\server.js:64:34609)\n    at G1 (c:\\Users\\joaom\\.vscode\\extensions\\uqbar.wollok-lsp-ide-0.5.2\\out\\server\\src\\server.js:64:34682)\n    at c:\\Users\\joaom\\.vscode\\extensions\\uqbar.wollok-lsp-ide-0.5.2\\out\\server\\src\\server.js:64:37949\n    at o.v1 (c:\\Users\\joaom\\.vscode\\extensions\\uqbar.wollok-lsp-ide-0.5.2\\out\\server\\src\\server.js:57:57694)\n    at c:\\Users\\joaom\\.vscode\\extensions\\uqbar.wollok-lsp-ide-0.5.2\\out\\server\\src\\server.js:64:37918\n    at c:\\Users\\joaom\\.vscode\\extensions\\uqbar.wollok-lsp-ide-0.5.2\\out\\server\\src\\server.js:57:55734\n    at Ofn (c:\\Users\\joaom\\.vscode\\extensions\\uqbar.wollok-lsp-ide-0.5.2\\out\\server\\src\\server.js:68:11324)\n    at c:\\Users\\joaom\\.vscode\\extensions\\uqbar.wollok-lsp-ide-0.5.2\\out\\server\\src\\server.js:68:3629\n    at jbn (c:\\Users\\joaom\\.vscode\\extensions\\uqbar.wollok-lsp-ide-0.5.2\\out\\server\\src\\server.js:68:3396)\n    at c:\\Users\\joaom\\.vscode\\extensions\\uqbar.wollok-lsp-ide-0.5.2\\out\\server\\src\\server.js:2371:847","timestamp":"2025-07-06T01:43:43.190Z"}
{"errors":{"errors":[null,["/*\r","Hace que colisionen con el pixel actual o el siguiente.\r","ya que parece que como el dragon va restando y el hechizo sumando en el eje x\r","estos se omiten\r"]]},"level":"error","message":"✘ Failed to get type description: Error: {\n  \"errors\": [\n    null,\n    [\n      \"/*\\r\",\n      \"Hace que colisionen con el pixel actual o el siguiente.\\r\",\n      \"ya que parece que como el dragon va restando y el hechizo sumando en el eje x\\r\",\n      \"estos se omiten\\r\"\n    ]\n  ]\n} {\n  \"errors\": [\n    null,\n    [\n      \"/*\\r\",\n      \"Hace que colisionen con el pixel actual o el siguiente.\\r\",\n      \"ya que parece que como el dragon va restando y el hechizo sumando en el eje x\\r\",\n      \"estos se omiten\\r\"\n    ]\n  ]\n}","stack":"Error: {\n  \"errors\": [\n    null,\n    [\n      \"/*\\r\",\n      \"Hace que colisionen con el pixel actual o el siguiente.\\r\",\n      \"ya que parece que como el dragon va restando y el hechizo sumando en el eje x\\r\",\n      \"estos se omiten\\r\"\n    ]\n  ]\n}\n    at pS (c:\\Users\\joaom\\.vscode\\extensions\\uqbar.wollok-lsp-ide-0.5.2\\out\\server\\src\\server.js:64:34609)\n    at G1 (c:\\Users\\joaom\\.vscode\\extensions\\uqbar.wollok-lsp-ide-0.5.2\\out\\server\\src\\server.js:64:34682)\n    at c:\\Users\\joaom\\.vscode\\extensions\\uqbar.wollok-lsp-ide-0.5.2\\out\\server\\src\\server.js:64:37949\n    at o.v1 (c:\\Users\\joaom\\.vscode\\extensions\\uqbar.wollok-lsp-ide-0.5.2\\out\\server\\src\\server.js:57:57694)\n    at c:\\Users\\joaom\\.vscode\\extensions\\uqbar.wollok-lsp-ide-0.5.2\\out\\server\\src\\server.js:64:37918\n    at c:\\Users\\joaom\\.vscode\\extensions\\uqbar.wollok-lsp-ide-0.5.2\\out\\server\\src\\server.js:57:55734\n    at Ofn (c:\\Users\\joaom\\.vscode\\extensions\\uqbar.wollok-lsp-ide-0.5.2\\out\\server\\src\\server.js:68:11324)\n    at c:\\Users\\joaom\\.vscode\\extensions\\uqbar.wollok-lsp-ide-0.5.2\\out\\server\\src\\server.js:68:3629\n    at jbn (c:\\Users\\joaom\\.vscode\\extensions\\uqbar.wollok-lsp-ide-0.5.2\\out\\server\\src\\server.js:68:3396)\n    at c:\\Users\\joaom\\.vscode\\extensions\\uqbar.wollok-lsp-ide-0.5.2\\out\\server\\src\\server.js:2371:847","timestamp":"2025-07-06T01:43:51.625Z"}
{"errors":{"errors":[null,["/*\r","Hace que colisionen con el pixel actual o el siguiente.\r","ya que parece que como el dragon va restando y el hechizo sumando en el eje x\r","estos se omiten\r"]]},"level":"error","message":"✘ Failed to get type description: Error: {\n  \"errors\": [\n    null,\n    [\n      \"/*\\r\",\n      \"Hace que colisionen con el pixel actual o el siguiente.\\r\",\n      \"ya que parece que como el dragon va restando y el hechizo sumando en el eje x\\r\",\n      \"estos se omiten\\r\"\n    ]\n  ]\n} {\n  \"errors\": [\n    null,\n    [\n      \"/*\\r\",\n      \"Hace que colisionen con el pixel actual o el siguiente.\\r\",\n      \"ya que parece que como el dragon va restando y el hechizo sumando en el eje x\\r\",\n      \"estos se omiten\\r\"\n    ]\n  ]\n}","stack":"Error: {\n  \"errors\": [\n    null,\n    [\n      \"/*\\r\",\n      \"Hace que colisionen con el pixel actual o el siguiente.\\r\",\n      \"ya que parece que como el dragon va restando y el hechizo sumando en el eje x\\r\",\n      \"estos se omiten\\r\"\n    ]\n  ]\n}\n    at pS (c:\\Users\\joaom\\.vscode\\extensions\\uqbar.wollok-lsp-ide-0.5.2\\out\\server\\src\\server.js:64:34609)\n    at G1 (c:\\Users\\joaom\\.vscode\\extensions\\uqbar.wollok-lsp-ide-0.5.2\\out\\server\\src\\server.js:64:34682)\n    at c:\\Users\\joaom\\.vscode\\extensions\\uqbar.wollok-lsp-ide-0.5.2\\out\\server\\src\\server.js:64:37949\n    at o.v1 (c:\\Users\\joaom\\.vscode\\extensions\\uqbar.wollok-lsp-ide-0.5.2\\out\\server\\src\\server.js:57:57694)\n    at c:\\Users\\joaom\\.vscode\\extensions\\uqbar.wollok-lsp-ide-0.5.2\\out\\server\\src\\server.js:64:37918\n    at c:\\Users\\joaom\\.vscode\\extensions\\uqbar.wollok-lsp-ide-0.5.2\\out\\server\\src\\server.js:57:55734\n    at Ofn (c:\\Users\\joaom\\.vscode\\extensions\\uqbar.wollok-lsp-ide-0.5.2\\out\\server\\src\\server.js:68:11324)\n    at c:\\Users\\joaom\\.vscode\\extensions\\uqbar.wollok-lsp-ide-0.5.2\\out\\server\\src\\server.js:68:3629\n    at jbn (c:\\Users\\joaom\\.vscode\\extensions\\uqbar.wollok-lsp-ide-0.5.2\\out\\server\\src\\server.js:68:3396)\n    at c:\\Users\\joaom\\.vscode\\extensions\\uqbar.wollok-lsp-ide-0.5.2\\out\\server\\src\\server.js:2371:847","timestamp":"2025-07-06T01:43:53.591Z"}
{"errors":{"errors":[null,["/*\r","Hace que colisionen con el pixel actual o el siguiente.\r","ya que parece que como el dragon va restando y el hechizo sumando en el eje x\r","estos se omiten\r"]]},"level":"error","message":"✘ Failed to get type description: Error: {\n  \"errors\": [\n    null,\n    [\n      \"/*\\r\",\n      \"Hace que colisionen con el pixel actual o el siguiente.\\r\",\n      \"ya que parece que como el dragon va restando y el hechizo sumando en el eje x\\r\",\n      \"estos se omiten\\r\"\n    ]\n  ]\n} {\n  \"errors\": [\n    null,\n    [\n      \"/*\\r\",\n      \"Hace que colisionen con el pixel actual o el siguiente.\\r\",\n      \"ya que parece que como el dragon va restando y el hechizo sumando en el eje x\\r\",\n      \"estos se omiten\\r\"\n    ]\n  ]\n}","stack":"Error: {\n  \"errors\": [\n    null,\n    [\n      \"/*\\r\",\n      \"Hace que colisionen con el pixel actual o el siguiente.\\r\",\n      \"ya que parece que como el dragon va restando y el hechizo sumando en el eje x\\r\",\n      \"estos se omiten\\r\"\n    ]\n  ]\n}\n    at pS (c:\\Users\\joaom\\.vscode\\extensions\\uqbar.wollok-lsp-ide-0.5.2\\out\\server\\src\\server.js:64:34609)\n    at G1 (c:\\Users\\joaom\\.vscode\\extensions\\uqbar.wollok-lsp-ide-0.5.2\\out\\server\\src\\server.js:64:34682)\n    at c:\\Users\\joaom\\.vscode\\extensions\\uqbar.wollok-lsp-ide-0.5.2\\out\\server\\src\\server.js:64:37949\n    at o.v1 (c:\\Users\\joaom\\.vscode\\extensions\\uqbar.wollok-lsp-ide-0.5.2\\out\\server\\src\\server.js:57:57694)\n    at c:\\Users\\joaom\\.vscode\\extensions\\uqbar.wollok-lsp-ide-0.5.2\\out\\server\\src\\server.js:64:37918\n    at c:\\Users\\joaom\\.vscode\\extensions\\uqbar.wollok-lsp-ide-0.5.2\\out\\server\\src\\server.js:57:55734\n    at Ofn (c:\\Users\\joaom\\.vscode\\extensions\\uqbar.wollok-lsp-ide-0.5.2\\out\\server\\src\\server.js:68:11324)\n    at c:\\Users\\joaom\\.vscode\\extensions\\uqbar.wollok-lsp-ide-0.5.2\\out\\server\\src\\server.js:68:3629\n    at jbn (c:\\Users\\joaom\\.vscode\\extensions\\uqbar.wollok-lsp-ide-0.5.2\\out\\server\\src\\server.js:68:3396)\n    at c:\\Users\\joaom\\.vscode\\extensions\\uqbar.wollok-lsp-ide-0.5.2\\out\\server\\src\\server.js:2371:847","timestamp":"2025-07-06T01:46:19.878Z"}
{"errors":{"errors":[null,["/*\r","Hace que colisionen con el pixel actual o el siguiente.\r","ya que parece que como el dragon va restando y el hechizo sumando en el eje x\r","estos se omiten\r"]]},"level":"error","message":"✘ Failed to get type description: Error: {\n  \"errors\": [\n    null,\n    [\n      \"/*\\r\",\n      \"Hace que colisionen con el pixel actual o el siguiente.\\r\",\n      \"ya que parece que como el dragon va restando y el hechizo sumando en el eje x\\r\",\n      \"estos se omiten\\r\"\n    ]\n  ]\n} {\n  \"errors\": [\n    null,\n    [\n      \"/*\\r\",\n      \"Hace que colisionen con el pixel actual o el siguiente.\\r\",\n      \"ya que parece que como el dragon va restando y el hechizo sumando en el eje x\\r\",\n      \"estos se omiten\\r\"\n    ]\n  ]\n}","stack":"Error: {\n  \"errors\": [\n    null,\n    [\n      \"/*\\r\",\n      \"Hace que colisionen con el pixel actual o el siguiente.\\r\",\n      \"ya que parece que como el dragon va restando y el hechizo sumando en el eje x\\r\",\n      \"estos se omiten\\r\"\n    ]\n  ]\n}\n    at pS (c:\\Users\\joaom\\.vscode\\extensions\\uqbar.wollok-lsp-ide-0.5.2\\out\\server\\src\\server.js:64:34609)\n    at G1 (c:\\Users\\joaom\\.vscode\\extensions\\uqbar.wollok-lsp-ide-0.5.2\\out\\server\\src\\server.js:64:34682)\n    at c:\\Users\\joaom\\.vscode\\extensions\\uqbar.wollok-lsp-ide-0.5.2\\out\\server\\src\\server.js:64:37949\n    at o.v1 (c:\\Users\\joaom\\.vscode\\extensions\\uqbar.wollok-lsp-ide-0.5.2\\out\\server\\src\\server.js:57:57694)\n    at c:\\Users\\joaom\\.vscode\\extensions\\uqbar.wollok-lsp-ide-0.5.2\\out\\server\\src\\server.js:64:37918\n    at c:\\Users\\joaom\\.vscode\\extensions\\uqbar.wollok-lsp-ide-0.5.2\\out\\server\\src\\server.js:57:55734\n    at Ofn (c:\\Users\\joaom\\.vscode\\extensions\\uqbar.wollok-lsp-ide-0.5.2\\out\\server\\src\\server.js:68:11324)\n    at c:\\Users\\joaom\\.vscode\\extensions\\uqbar.wollok-lsp-ide-0.5.2\\out\\server\\src\\server.js:68:3629\n    at Array.map (<anonymous>)\n    at c:\\Users\\joaom\\.vscode\\extensions\\uqbar.wollok-lsp-ide-0.5.2\\out\\server\\src\\server.js:68:4693","timestamp":"2025-07-06T01:46:21.519Z"}
{"errors":{"errors":[null,["/*\r","Hace que colisionen con el pixel actual o el siguiente.\r","ya que parece que como el dragon va restando y el hechizo sumando en el eje x\r","estos se omiten\r"]]},"level":"error","message":"✘ Failed to get type description: Error: {\n  \"errors\": [\n    null,\n    [\n      \"/*\\r\",\n      \"Hace que colisionen con el pixel actual o el siguiente.\\r\",\n      \"ya que parece que como el dragon va restando y el hechizo sumando en el eje x\\r\",\n      \"estos se omiten\\r\"\n    ]\n  ]\n} {\n  \"errors\": [\n    null,\n    [\n      \"/*\\r\",\n      \"Hace que colisionen con el pixel actual o el siguiente.\\r\",\n      \"ya que parece que como el dragon va restando y el hechizo sumando en el eje x\\r\",\n      \"estos se omiten\\r\"\n    ]\n  ]\n}","stack":"Error: {\n  \"errors\": [\n    null,\n    [\n      \"/*\\r\",\n      \"Hace que colisionen con el pixel actual o el siguiente.\\r\",\n      \"ya que parece que como el dragon va restando y el hechizo sumando en el eje x\\r\",\n      \"estos se omiten\\r\"\n    ]\n  ]\n}\n    at pS (c:\\Users\\joaom\\.vscode\\extensions\\uqbar.wollok-lsp-ide-0.5.2\\out\\server\\src\\server.js:64:34609)\n    at G1 (c:\\Users\\joaom\\.vscode\\extensions\\uqbar.wollok-lsp-ide-0.5.2\\out\\server\\src\\server.js:64:34682)\n    at c:\\Users\\joaom\\.vscode\\extensions\\uqbar.wollok-lsp-ide-0.5.2\\out\\server\\src\\server.js:64:37949\n    at o.v1 (c:\\Users\\joaom\\.vscode\\extensions\\uqbar.wollok-lsp-ide-0.5.2\\out\\server\\src\\server.js:57:57694)\n    at c:\\Users\\joaom\\.vscode\\extensions\\uqbar.wollok-lsp-ide-0.5.2\\out\\server\\src\\server.js:64:37918\n    at c:\\Users\\joaom\\.vscode\\extensions\\uqbar.wollok-lsp-ide-0.5.2\\out\\server\\src\\server.js:57:55734\n    at Ofn (c:\\Users\\joaom\\.vscode\\extensions\\uqbar.wollok-lsp-ide-0.5.2\\out\\server\\src\\server.js:68:11324)\n    at c:\\Users\\joaom\\.vscode\\extensions\\uqbar.wollok-lsp-ide-0.5.2\\out\\server\\src\\server.js:68:3629\n    at jbn (c:\\Users\\joaom\\.vscode\\extensions\\uqbar.wollok-lsp-ide-0.5.2\\out\\server\\src\\server.js:68:3396)\n    at c:\\Users\\joaom\\.vscode\\extensions\\uqbar.wollok-lsp-ide-0.5.2\\out\\server\\src\\server.js:2371:847","timestamp":"2025-07-06T01:46:22.089Z"}
{"level":"info","message":"⌛ Building environment","timeElapsed":496,"timestamp":"2025-07-06T01:50:51.694Z"}
{"level":"info","message":"⌛ Building environment","timeElapsed":352,"timestamp":"2025-07-06T01:50:52.060Z"}
{"level":"info","message":"⌛ Building environment","timeElapsed":279,"timestamp":"2025-07-06T01:50:52.381Z"}
{"level":"info","message":"⌛ Building environment","timeElapsed":252,"timestamp":"2025-07-06T01:50:52.634Z"}
{"level":"info","message":"⌛ Building environment","timeElapsed":180,"timestamp":"2025-07-06T01:50:52.816Z"}
{"level":"info","message":"⌛ Building environment","timeElapsed":202,"timestamp":"2025-07-06T01:50:53.027Z"}
{"level":"info","message":"⌛ Building environment","timeElapsed":188,"timestamp":"2025-07-06T01:50:53.216Z"}
{"level":"info","message":"⌛ Building environment","timeElapsed":106,"timestamp":"2025-07-06T01:50:53.345Z"}
{"level":"info","message":"⌛ Building environment","timeElapsed":204,"timestamp":"2025-07-06T01:50:53.550Z"}
{"level":"info","message":"⌛ Building environment","timeElapsed":313,"timestamp":"2025-07-06T01:50:53.889Z"}
{"level":"info","message":"⌛ Building environment","timeElapsed":179,"timestamp":"2025-07-06T01:50:54.069Z"}
{"level":"info","message":"⌛ Building environment","timeElapsed":171,"timestamp":"2025-07-06T01:50:54.241Z"}
{"level":"info","message":"⌛ Building environment","timeElapsed":104,"timestamp":"2025-07-06T01:50:54.616Z"}
{"level":"info","message":"⌛ Validating arcaneBastion.wlk","timeElapsed":156,"timestamp":"2025-07-06T01:50:54.773Z"}
{"level":"info","message":"⌛ Building environment","timeElapsed":230,"timestamp":"2025-07-06T01:50:55.004Z"}
{"level":"info","message":"⌛ Validating tests.wlk","timeElapsed":127,"timestamp":"2025-07-06T01:50:55.155Z"}
{"level":"info","message":"⌛ Validating sonidos.wlk","timeElapsed":117,"timestamp":"2025-07-06T01:50:55.278Z"}
{"level":"info","message":"⌛ Validating menu.wlk","timeElapsed":237,"timestamp":"2025-07-06T01:50:55.610Z"}
{"level":"info","message":"⌛ Validating mana.wlk","timeElapsed":109,"timestamp":"2025-07-06T01:50:55.719Z"}
{"level":"info","message":"⌛ Validating main.wpgm","timeElapsed":126,"timestamp":"2025-07-06T01:50:55.849Z"}
{"level":"info","message":"⌛ Validating mago.wlk","timeElapsed":134,"timestamp":"2025-07-06T01:50:56.000Z"}
{"level":"info","message":"⌛ Validating enemigos.wlk","timeElapsed":109,"timestamp":"2025-07-06T01:50:56.127Z"}
{"level":"info","message":"⌛ Validating bastion.wlk","timeElapsed":123,"timestamp":"2025-07-06T01:50:56.255Z"}
{"level":"info","message":"⌛ Validating arcaneBastion.wtest","timeElapsed":128,"timestamp":"2025-07-06T01:50:56.388Z"}
{"level":"info","message":"⌛ Validating adminProyectiles.wlk","timeElapsed":121,"timestamp":"2025-07-06T01:50:56.517Z"}
{"level":"info","message":"⌛ Validating administradorDeOleadas.wlk","timeElapsed":123,"timestamp":"2025-07-06T01:50:56.645Z"}
{"level":"info","message":"⌛ Validating administradorDeHechizos.wlk","timeElapsed":118,"timestamp":"2025-07-06T01:50:56.771Z"}
{"level":"info","message":"⌛ Validating administradorDeEnemigos.wlk","timeElapsed":116,"timestamp":"2025-07-06T01:50:56.896Z"}
{"level":"info","message":"⌛ Validating arcaneBastion.wlk","timeElapsed":141,"timestamp":"2025-07-06T01:50:57.037Z"}
{"level":"info","message":"⌛ Validating administradorDeHechizos.wlk","timeElapsed":105,"timestamp":"2025-07-06T01:50:58.227Z"}
{"level":"info","message":"⌛ Building environment","timeElapsed":160,"timestamp":"2025-07-06T01:50:59.204Z"}
{"level":"info","message":"⌛ Validating mago.wlk","timeElapsed":152,"timestamp":"2025-07-06T01:50:59.358Z"}
{"level":"info","message":"⌛ Validating mago.wlk","timeElapsed":124,"timestamp":"2025-07-06T01:50:59.583Z"}
{"level":"info","message":"⌛ Building environment","timeElapsed":125,"timestamp":"2025-07-06T01:50:59.858Z"}
{"level":"info","message":"⌛ Building environment","timeElapsed":101,"timestamp":"2025-07-06T01:50:59.960Z"}
{"level":"info","message":"⌛ Validating mago.wlk","timeElapsed":264,"timestamp":"2025-07-06T01:51:00.225Z"}
{"level":"info","message":"⌛ Validating mago.wlk","timeElapsed":145,"timestamp":"2025-07-06T01:51:00.371Z"}
{"level":"info","message":"⌛ Building environment","timeElapsed":109,"timestamp":"2025-07-06T01:51:00.772Z"}
{"level":"info","message":"⌛ Validating mago.wlk","timeElapsed":124,"timestamp":"2025-07-06T01:51:00.897Z"}
{"level":"info","message":"⌛ Building environment","timeElapsed":144,"timestamp":"2025-07-06T01:51:07.125Z"}
{"level":"error","message":"✘ Completions for node Send ([46:24, 46:38] - mago.wlk) failed: Error: [Send]{199335} at mago.wlk:46 exhausted all cases without a match [Send]{199335} at mago.wlk:46 exhausted all cases without a match","stack":"Error: [Send]{199335} at mago.wlk:46 exhausted all cases without a match\n    at c:\\Users\\joaom\\.vscode\\extensions\\uqbar.wollok-lsp-ide-0.5.2\\out\\server\\src\\server.js:38:6142\n    at C2 (c:\\Users\\joaom\\.vscode\\extensions\\uqbar.wollok-lsp-ide-0.5.2\\out\\server\\src\\server.js:2362:42)\n    at Gh (c:\\Users\\joaom\\.vscode\\extensions\\uqbar.wollok-lsp-ide-0.5.2\\out\\server\\src\\server.js:2362:1092)\n    at l8n (c:\\Users\\joaom\\.vscode\\extensions\\uqbar.wollok-lsp-ide-0.5.2\\out\\server\\src\\server.js:2362:1248)\n    at c:\\Users\\joaom\\.vscode\\extensions\\uqbar.wollok-lsp-ide-0.5.2\\out\\server\\src\\server.js:38:6131\n    at C2 (c:\\Users\\joaom\\.vscode\\extensions\\uqbar.wollok-lsp-ide-0.5.2\\out\\server\\src\\server.js:2362:42)\n    at c:\\Users\\joaom\\.vscode\\extensions\\uqbar.wollok-lsp-ide-0.5.2\\out\\server\\src\\server.js:2362:2988\n    at c:\\Users\\joaom\\.vscode\\extensions\\uqbar.wollok-lsp-ide-0.5.2\\out\\server\\src\\server.js:2371:8440\n    at c:\\Users\\joaom\\.vscode\\extensions\\uqbar.wollok-lsp-ide-0.5.2\\out\\server\\src\\server.js:37:74872\n    at Ye (c:\\Users\\joaom\\.vscode\\extensions\\uqbar.wollok-lsp-ide-0.5.2\\out\\server\\src\\server.js:7:8527)","timestamp":"2025-07-06T01:51:07.158Z"}
{"level":"error","message":"✘ Completions for node Send ([46:24, 46:50] - mago.wlk) failed: Error: [Send]{248e8b} at mago.wlk:46 exhausted all cases without a match [Send]{248e8b} at mago.wlk:46 exhausted all cases without a match","stack":"Error: [Send]{248e8b} at mago.wlk:46 exhausted all cases without a match\n    at c:\\Users\\joaom\\.vscode\\extensions\\uqbar.wollok-lsp-ide-0.5.2\\out\\server\\src\\server.js:38:6142\n    at C2 (c:\\Users\\joaom\\.vscode\\extensions\\uqbar.wollok-lsp-ide-0.5.2\\out\\server\\src\\server.js:2362:42)\n    at Gh (c:\\Users\\joaom\\.vscode\\extensions\\uqbar.wollok-lsp-ide-0.5.2\\out\\server\\src\\server.js:2362:1092)\n    at C2 (c:\\Users\\joaom\\.vscode\\extensions\\uqbar.wollok-lsp-ide-0.5.2\\out\\server\\src\\server.js:2362:544)\n    at Gh (c:\\Users\\joaom\\.vscode\\extensions\\uqbar.wollok-lsp-ide-0.5.2\\out\\server\\src\\server.js:2362:1092)\n    at l8n (c:\\Users\\joaom\\.vscode\\extensions\\uqbar.wollok-lsp-ide-0.5.2\\out\\server\\src\\server.js:2362:1248)\n    at c:\\Users\\joaom\\.vscode\\extensions\\uqbar.wollok-lsp-ide-0.5.2\\out\\server\\src\\server.js:38:6131\n    at C2 (c:\\Users\\joaom\\.vscode\\extensions\\uqbar.wollok-lsp-ide-0.5.2\\out\\server\\src\\server.js:2362:42)\n    at c:\\Users\\joaom\\.vscode\\extensions\\uqbar.wollok-lsp-ide-0.5.2\\out\\server\\src\\server.js:2362:2988\n    at c:\\Users\\joaom\\.vscode\\extensions\\uqbar.wollok-lsp-ide-0.5.2\\out\\server\\src\\server.js:2371:8440","timestamp":"2025-07-06T01:51:07.159Z"}
{"level":"info","message":"⌛ Validating mago.wlk","timeElapsed":148,"timestamp":"2025-07-06T01:51:07.412Z"}
{"level":"info","message":"⌛ Validating mago.wlk","timeElapsed":184,"timestamp":"2025-07-06T01:51:07.602Z"}
{"level":"info","message":"⌛ Validating mago.wlk","timeElapsed":116,"timestamp":"2025-07-06T01:51:07.907Z"}
{"level":"info","message":"⌛ Validating mago.wlk","timeElapsed":127,"timestamp":"2025-07-06T01:51:08.034Z"}
{"level":"info","message":"⌛ Building environment","timeElapsed":140,"timestamp":"2025-07-06T01:51:12.648Z"}
{"level":"info","message":"⌛ Validating mago.wlk","timeElapsed":122,"timestamp":"2025-07-06T01:51:12.772Z"}
{"level":"info","message":"⌛ Building environment","timeElapsed":133,"timestamp":"2025-07-06T01:51:14.128Z"}
{"level":"error","message":"✘ Completions for node Send ([46:24, 46:38] - mago.wlk) failed: Error: [Send]{86bb8f} at mago.wlk:46 exhausted all cases without a match [Send]{86bb8f} at mago.wlk:46 exhausted all cases without a match","stack":"Error: [Send]{86bb8f} at mago.wlk:46 exhausted all cases without a match\n    at c:\\Users\\joaom\\.vscode\\extensions\\uqbar.wollok-lsp-ide-0.5.2\\out\\server\\src\\server.js:38:6142\n    at C2 (c:\\Users\\joaom\\.vscode\\extensions\\uqbar.wollok-lsp-ide-0.5.2\\out\\server\\src\\server.js:2362:42)\n    at Gh (c:\\Users\\joaom\\.vscode\\extensions\\uqbar.wollok-lsp-ide-0.5.2\\out\\server\\src\\server.js:2362:1092)\n    at l8n (c:\\Users\\joaom\\.vscode\\extensions\\uqbar.wollok-lsp-ide-0.5.2\\out\\server\\src\\server.js:2362:1248)\n    at c:\\Users\\joaom\\.vscode\\extensions\\uqbar.wollok-lsp-ide-0.5.2\\out\\server\\src\\server.js:38:6131\n    at C2 (c:\\Users\\joaom\\.vscode\\extensions\\uqbar.wollok-lsp-ide-0.5.2\\out\\server\\src\\server.js:2362:42)\n    at c:\\Users\\joaom\\.vscode\\extensions\\uqbar.wollok-lsp-ide-0.5.2\\out\\server\\src\\server.js:2362:2988\n    at c:\\Users\\joaom\\.vscode\\extensions\\uqbar.wollok-lsp-ide-0.5.2\\out\\server\\src\\server.js:2371:8440\n    at c:\\Users\\joaom\\.vscode\\extensions\\uqbar.wollok-lsp-ide-0.5.2\\out\\server\\src\\server.js:37:74872\n    at Ye (c:\\Users\\joaom\\.vscode\\extensions\\uqbar.wollok-lsp-ide-0.5.2\\out\\server\\src\\server.js:7:8527)","timestamp":"2025-07-06T01:51:14.159Z"}
{"level":"error","message":"✘ Completions for node Send ([46:24, 46:50] - mago.wlk) failed: Error: [Send]{4b00c1} at mago.wlk:46 exhausted all cases without a match [Send]{4b00c1} at mago.wlk:46 exhausted all cases without a match","stack":"Error: [Send]{4b00c1} at mago.wlk:46 exhausted all cases without a match\n    at c:\\Users\\joaom\\.vscode\\extensions\\uqbar.wollok-lsp-ide-0.5.2\\out\\server\\src\\server.js:38:6142\n    at C2 (c:\\Users\\joaom\\.vscode\\extensions\\uqbar.wollok-lsp-ide-0.5.2\\out\\server\\src\\server.js:2362:42)\n    at Gh (c:\\Users\\joaom\\.vscode\\extensions\\uqbar.wollok-lsp-ide-0.5.2\\out\\server\\src\\server.js:2362:1092)\n    at C2 (c:\\Users\\joaom\\.vscode\\extensions\\uqbar.wollok-lsp-ide-0.5.2\\out\\server\\src\\server.js:2362:544)\n    at Gh (c:\\Users\\joaom\\.vscode\\extensions\\uqbar.wollok-lsp-ide-0.5.2\\out\\server\\src\\server.js:2362:1092)\n    at l8n (c:\\Users\\joaom\\.vscode\\extensions\\uqbar.wollok-lsp-ide-0.5.2\\out\\server\\src\\server.js:2362:1248)\n    at c:\\Users\\joaom\\.vscode\\extensions\\uqbar.wollok-lsp-ide-0.5.2\\out\\server\\src\\server.js:38:6131\n    at C2 (c:\\Users\\joaom\\.vscode\\extensions\\uqbar.wollok-lsp-ide-0.5.2\\out\\server\\src\\server.js:2362:42)\n    at c:\\Users\\joaom\\.vscode\\extensions\\uqbar.wollok-lsp-ide-0.5.2\\out\\server\\src\\server.js:2362:2988\n    at c:\\Users\\joaom\\.vscode\\extensions\\uqbar.wollok-lsp-ide-0.5.2\\out\\server\\src\\server.js:2371:8440","timestamp":"2025-07-06T01:51:14.159Z"}
{"level":"info","message":"⌛ Validating mago.wlk","timeElapsed":148,"timestamp":"2025-07-06T01:51:14.312Z"}
{"level":"info","message":"⌛ Validating mago.wlk","timeElapsed":138,"timestamp":"2025-07-06T01:51:14.538Z"}
{"level":"info","message":"⌛ Building environment","timeElapsed":114,"timestamp":"2025-07-06T01:51:14.753Z"}
{"level":"info","message":"⌛ Validating mago.wlk","timeElapsed":254,"timestamp":"2025-07-06T01:51:15.009Z"}
{"level":"info","message":"⌛ Validating mago.wlk","timeElapsed":112,"timestamp":"2025-07-06T01:51:15.127Z"}
{"level":"info","message":"⌛ Building environment","timeElapsed":172,"timestamp":"2025-07-06T01:51:15.311Z"}
{"level":"info","message":"⌛ Building environment","timeElapsed":110,"timestamp":"2025-07-06T01:51:15.433Z"}
{"level":"info","message":"⌛ Validating mago.wlk","timeElapsed":130,"timestamp":"2025-07-06T01:51:15.564Z"}
{"level":"info","message":"⌛ Validating mago.wlk","timeElapsed":106,"timestamp":"2025-07-06T01:51:15.672Z"}
{"level":"info","message":"⌛ Building environment","timeElapsed":434,"timestamp":"2025-07-06T01:53:44.800Z"}
{"level":"info","message":"⌛ Building environment","timeElapsed":457,"timestamp":"2025-07-06T01:53:45.265Z"}
{"level":"info","message":"⌛ Building environment","timeElapsed":362,"timestamp":"2025-07-06T01:53:45.642Z"}
{"level":"info","message":"⌛ Building environment","timeElapsed":251,"timestamp":"2025-07-06T01:53:45.897Z"}
{"level":"info","message":"⌛ Building environment","timeElapsed":169,"timestamp":"2025-07-06T01:53:46.067Z"}
{"level":"info","message":"⌛ Building environment","timeElapsed":119,"timestamp":"2025-07-06T01:53:46.187Z"}
{"level":"info","message":"⌛ Building environment","timeElapsed":204,"timestamp":"2025-07-06T01:53:46.881Z"}
{"level":"info","message":"⌛ Building environment","timeElapsed":131,"timestamp":"2025-07-06T01:53:47.012Z"}
{"level":"info","message":"⌛ Building environment","timeElapsed":109,"timestamp":"2025-07-06T01:53:47.123Z"}
{"level":"info","message":"⌛ Validating mago.wlk","timeElapsed":147,"timestamp":"2025-07-06T01:53:47.451Z"}
{"level":"info","message":"⌛ Building environment","timeElapsed":230,"timestamp":"2025-07-06T01:53:47.683Z"}
{"level":"info","message":"⌛ Validating tests.wlk","timeElapsed":129,"timestamp":"2025-07-06T01:53:47.856Z"}
{"level":"info","message":"⌛ Validating sonidos.wlk","timeElapsed":102,"timestamp":"2025-07-06T01:53:47.962Z"}
{"level":"info","message":"⌛ Validating niveles.wlk","timeElapsed":125,"timestamp":"2025-07-06T01:53:48.087Z"}
{"level":"info","message":"⌛ Validating menu.wlk","timeElapsed":114,"timestamp":"2025-07-06T01:53:48.202Z"}
{"level":"info","message":"⌛ Validating mana.wlk","timeElapsed":113,"timestamp":"2025-07-06T01:53:48.317Z"}
{"level":"info","message":"⌛ Validating main.wpgm","timeElapsed":110,"timestamp":"2025-07-06T01:53:48.434Z"}
{"level":"info","message":"⌛ Validating enemigos.wlk","timeElapsed":149,"timestamp":"2025-07-06T01:53:48.583Z"}
{"level":"info","message":"⌛ Validating bastion.wlk","timeElapsed":167,"timestamp":"2025-07-06T01:53:48.750Z"}
{"level":"info","message":"⌛ Validating arcaneBastion.wtest","timeElapsed":127,"timestamp":"2025-07-06T01:53:48.878Z"}
{"level":"info","message":"⌛ Validating arcaneBastion.wlk","timeElapsed":143,"timestamp":"2025-07-06T01:53:49.022Z"}
{"errors":{"errors":[null,["/*\r","que podria hacer para que cuando se apriete 1 el mago cambie \r","su tipo de magia a tipoHielo: y dispare y asi con los demas\r"]]},"level":"error","message":"✘ Failed to get type description: Error: {\n  \"errors\": [\n    null,\n    [\n      \"/*\\r\",\n      \"que podria hacer para que cuando se apriete 1 el mago cambie \\r\",\n      \"su tipo de magia a tipoHielo: y dispare y asi con los demas\\r\"\n    ]\n  ]\n} {\n  \"errors\": [\n    null,\n    [\n      \"/*\\r\",\n      \"que podria hacer para que cuando se apriete 1 el mago cambie \\r\",\n      \"su tipo de magia a tipoHielo: y dispare y asi con los demas\\r\"\n    ]\n  ]\n}","stack":"Error: {\n  \"errors\": [\n    null,\n    [\n      \"/*\\r\",\n      \"que podria hacer para que cuando se apriete 1 el mago cambie \\r\",\n      \"su tipo de magia a tipoHielo: y dispare y asi con los demas\\r\"\n    ]\n  ]\n}\n    at pS (c:\\Users\\joaom\\.vscode\\extensions\\uqbar.wollok-lsp-ide-0.5.2\\out\\server\\src\\server.js:64:34609)\n    at G1 (c:\\Users\\joaom\\.vscode\\extensions\\uqbar.wollok-lsp-ide-0.5.2\\out\\server\\src\\server.js:64:34682)\n    at c:\\Users\\joaom\\.vscode\\extensions\\uqbar.wollok-lsp-ide-0.5.2\\out\\server\\src\\server.js:64:37949\n    at o.v1 (c:\\Users\\joaom\\.vscode\\extensions\\uqbar.wollok-lsp-ide-0.5.2\\out\\server\\src\\server.js:57:57694)\n    at c:\\Users\\joaom\\.vscode\\extensions\\uqbar.wollok-lsp-ide-0.5.2\\out\\server\\src\\server.js:64:37918\n    at c:\\Users\\joaom\\.vscode\\extensions\\uqbar.wollok-lsp-ide-0.5.2\\out\\server\\src\\server.js:57:55734\n    at Ofn (c:\\Users\\joaom\\.vscode\\extensions\\uqbar.wollok-lsp-ide-0.5.2\\out\\server\\src\\server.js:68:11324)\n    at c:\\Users\\joaom\\.vscode\\extensions\\uqbar.wollok-lsp-ide-0.5.2\\out\\server\\src\\server.js:68:3629\n    at Array.map (<anonymous>)\n    at c:\\Users\\joaom\\.vscode\\extensions\\uqbar.wollok-lsp-ide-0.5.2\\out\\server\\src\\server.js:68:4693","timestamp":"2025-07-06T01:53:49.088Z"}
{"level":"info","message":"⌛ Validating adminProyectiles.wlk","timeElapsed":149,"timestamp":"2025-07-06T01:53:49.238Z"}
{"level":"info","message":"⌛ Validating administradorDeOleadas.wlk","timeElapsed":122,"timestamp":"2025-07-06T01:53:49.361Z"}
{"level":"info","message":"⌛ Validating administradorDeHechizos.wlk","timeElapsed":125,"timestamp":"2025-07-06T01:53:49.486Z"}
{"level":"info","message":"⌛ Validating administradorDeEnemigos.wlk","timeElapsed":135,"timestamp":"2025-07-06T01:53:49.622Z"}
{"errors":{"errors":[null,["/*\r","que podria hacer para que cuando se apriete 1 el mago cambie \r","su tipo de magia a tipoHielo: y dispare y asi con los demas\r"]]},"level":"error","message":"✘ Failed to get type description: Error: {\n  \"errors\": [\n    null,\n    [\n      \"/*\\r\",\n      \"que podria hacer para que cuando se apriete 1 el mago cambie \\r\",\n      \"su tipo de magia a tipoHielo: y dispare y asi con los demas\\r\"\n    ]\n  ]\n} {\n  \"errors\": [\n    null,\n    [\n      \"/*\\r\",\n      \"que podria hacer para que cuando se apriete 1 el mago cambie \\r\",\n      \"su tipo de magia a tipoHielo: y dispare y asi con los demas\\r\"\n    ]\n  ]\n}","stack":"Error: {\n  \"errors\": [\n    null,\n    [\n      \"/*\\r\",\n      \"que podria hacer para que cuando se apriete 1 el mago cambie \\r\",\n      \"su tipo de magia a tipoHielo: y dispare y asi con los demas\\r\"\n    ]\n  ]\n}\n    at pS (c:\\Users\\joaom\\.vscode\\extensions\\uqbar.wollok-lsp-ide-0.5.2\\out\\server\\src\\server.js:64:34609)\n    at G1 (c:\\Users\\joaom\\.vscode\\extensions\\uqbar.wollok-lsp-ide-0.5.2\\out\\server\\src\\server.js:64:34682)\n    at c:\\Users\\joaom\\.vscode\\extensions\\uqbar.wollok-lsp-ide-0.5.2\\out\\server\\src\\server.js:64:37949\n    at o.v1 (c:\\Users\\joaom\\.vscode\\extensions\\uqbar.wollok-lsp-ide-0.5.2\\out\\server\\src\\server.js:57:57694)\n    at c:\\Users\\joaom\\.vscode\\extensions\\uqbar.wollok-lsp-ide-0.5.2\\out\\server\\src\\server.js:64:37918\n    at c:\\Users\\joaom\\.vscode\\extensions\\uqbar.wollok-lsp-ide-0.5.2\\out\\server\\src\\server.js:57:55734\n    at Ofn (c:\\Users\\joaom\\.vscode\\extensions\\uqbar.wollok-lsp-ide-0.5.2\\out\\server\\src\\server.js:68:11324)\n    at c:\\Users\\joaom\\.vscode\\extensions\\uqbar.wollok-lsp-ide-0.5.2\\out\\server\\src\\server.js:68:3629\n    at Array.map (<anonymous>)\n    at c:\\Users\\joaom\\.vscode\\extensions\\uqbar.wollok-lsp-ide-0.5.2\\out\\server\\src\\server.js:68:4693","timestamp":"2025-07-06T01:53:49.681Z"}
{"errors":{"errors":[null,["/*\r","que podria hacer para que cuando se apriete 1 el mago cambie \r","su tipo de magia a tipoHielo: y dispare y asi con los demas\r"]]},"level":"error","message":"✘ Failed to get type description: Error: {\n  \"errors\": [\n    null,\n    [\n      \"/*\\r\",\n      \"que podria hacer para que cuando se apriete 1 el mago cambie \\r\",\n      \"su tipo de magia a tipoHielo: y dispare y asi con los demas\\r\"\n    ]\n  ]\n} {\n  \"errors\": [\n    null,\n    [\n      \"/*\\r\",\n      \"que podria hacer para que cuando se apriete 1 el mago cambie \\r\",\n      \"su tipo de magia a tipoHielo: y dispare y asi con los demas\\r\"\n    ]\n  ]\n}","stack":"Error: {\n  \"errors\": [\n    null,\n    [\n      \"/*\\r\",\n      \"que podria hacer para que cuando se apriete 1 el mago cambie \\r\",\n      \"su tipo de magia a tipoHielo: y dispare y asi con los demas\\r\"\n    ]\n  ]\n}\n    at pS (c:\\Users\\joaom\\.vscode\\extensions\\uqbar.wollok-lsp-ide-0.5.2\\out\\server\\src\\server.js:64:34609)\n    at G1 (c:\\Users\\joaom\\.vscode\\extensions\\uqbar.wollok-lsp-ide-0.5.2\\out\\server\\src\\server.js:64:34682)\n    at c:\\Users\\joaom\\.vscode\\extensions\\uqbar.wollok-lsp-ide-0.5.2\\out\\server\\src\\server.js:64:37949\n    at o.v1 (c:\\Users\\joaom\\.vscode\\extensions\\uqbar.wollok-lsp-ide-0.5.2\\out\\server\\src\\server.js:57:57694)\n    at c:\\Users\\joaom\\.vscode\\extensions\\uqbar.wollok-lsp-ide-0.5.2\\out\\server\\src\\server.js:64:37918\n    at c:\\Users\\joaom\\.vscode\\extensions\\uqbar.wollok-lsp-ide-0.5.2\\out\\server\\src\\server.js:57:55734\n    at Ofn (c:\\Users\\joaom\\.vscode\\extensions\\uqbar.wollok-lsp-ide-0.5.2\\out\\server\\src\\server.js:68:11324)\n    at c:\\Users\\joaom\\.vscode\\extensions\\uqbar.wollok-lsp-ide-0.5.2\\out\\server\\src\\server.js:68:3629\n    at Array.map (<anonymous>)\n    at c:\\Users\\joaom\\.vscode\\extensions\\uqbar.wollok-lsp-ide-0.5.2\\out\\server\\src\\server.js:68:4693","timestamp":"2025-07-06T01:53:49.719Z"}
{"level":"info","message":"⌛ Validating mago.wlk","timeElapsed":112,"timestamp":"2025-07-06T01:53:49.832Z"}
{"level":"info","message":"⌛ Validating tests.wlk","timeElapsed":147,"timestamp":"2025-07-06T01:53:49.987Z"}
{"level":"info","message":"⌛ Validating menu.wlk","timeElapsed":192,"timestamp":"2025-07-06T01:53:50.349Z"}
{"level":"info","message":"⌛ Validating bastion.wlk","timeElapsed":103,"timestamp":"2025-07-06T01:53:50.725Z"}
{"level":"info","message":"⌛ Validating arcaneBastion.wtest","timeElapsed":118,"timestamp":"2025-07-06T01:53:50.844Z"}
{"level":"info","message":"⌛ Building environment","timeElapsed":237,"timestamp":"2025-07-06T01:53:51.556Z"}
{"level":"info","message":"⌛ Building environment","timeElapsed":105,"timestamp":"2025-07-06T01:53:51.673Z"}
{"level":"info","message":"⌛ Validating mago.wlk","timeElapsed":154,"timestamp":"2025-07-06T01:53:51.833Z"}
{"level":"info","message":"⌛ Validating mago.wlk","timeElapsed":111,"timestamp":"2025-07-06T01:53:51.984Z"}
{"level":"info","message":"⌛ Building environment","timeElapsed":119,"timestamp":"2025-07-06T01:53:52.721Z"}
{"level":"info","message":"⌛ Validating mago.wlk","timeElapsed":120,"timestamp":"2025-07-06T01:53:52.849Z"}
{"level":"info","message":"⌛ Building environment","timeElapsed":112,"timestamp":"2025-07-06T01:53:52.962Z"}
{"level":"info","message":"⌛ Validating mago.wlk","timeElapsed":129,"timestamp":"2025-07-06T01:53:53.092Z"}
{"level":"info","message":"⌛ Validating mago.wlk","timeElapsed":125,"timestamp":"2025-07-06T01:53:54.009Z"}
{"level":"info","message":"⌛ Building environment","timeElapsed":144,"timestamp":"2025-07-06T01:53:54.237Z"}
{"level":"info","message":"⌛ Validating mago.wlk","timeElapsed":114,"timestamp":"2025-07-06T01:53:54.359Z"}
{"level":"info","message":"⌛ Building environment","timeElapsed":127,"timestamp":"2025-07-06T01:53:55.035Z"}
{"level":"info","message":"⌛ Validating mago.wlk","timeElapsed":122,"timestamp":"2025-07-06T01:53:55.158Z"}
{"level":"info","message":"⌛ Building environment","timeElapsed":117,"timestamp":"2025-07-06T01:53:55.275Z"}
{"level":"info","message":"⌛ Validating mago.wlk","timeElapsed":127,"timestamp":"2025-07-06T01:53:55.404Z"}
{"level":"info","message":"⌛ Building environment","timeElapsed":136,"timestamp":"2025-07-06T01:53:55.935Z"}
{"level":"info","message":"⌛ Validating mago.wlk","timeElapsed":148,"timestamp":"2025-07-06T01:53:56.084Z"}
{"level":"info","message":"⌛ Building environment","timeElapsed":112,"timestamp":"2025-07-06T01:53:56.220Z"}
{"level":"info","message":"⌛ Validating mago.wlk","timeElapsed":133,"timestamp":"2025-07-06T01:53:56.355Z"}
{"level":"info","message":"⌛ Building environment","timeElapsed":108,"timestamp":"2025-07-06T01:53:57.358Z"}
{"level":"info","message":"⌛ Validating mago.wlk","timeElapsed":135,"timestamp":"2025-07-06T01:53:57.493Z"}
{"level":"info","message":"⌛ Building environment","timeElapsed":178,"timestamp":"2025-07-06T01:54:34.014Z"}
{"level":"info","message":"⌛ Validating mago.wlk","timeElapsed":160,"timestamp":"2025-07-06T01:54:34.177Z"}
{"level":"info","message":"⌛ Building environment","timeElapsed":136,"timestamp":"2025-07-06T01:54:35.889Z"}
{"level":"error","message":"✘ Completions for node Send ([90:62, 90:71] - mago.wlk) failed: Error: [Send]{d60b02} at mago.wlk:90 exhausted all cases without a match [Send]{d60b02} at mago.wlk:90 exhausted all cases without a match","stack":"Error: [Send]{d60b02} at mago.wlk:90 exhausted all cases without a match\n    at c:\\Users\\joaom\\.vscode\\extensions\\uqbar.wollok-lsp-ide-0.5.2\\out\\server\\src\\server.js:38:6142\n    at C2 (c:\\Users\\joaom\\.vscode\\extensions\\uqbar.wollok-lsp-ide-0.5.2\\out\\server\\src\\server.js:2362:42)\n    at Gh (c:\\Users\\joaom\\.vscode\\extensions\\uqbar.wollok-lsp-ide-0.5.2\\out\\server\\src\\server.js:2362:1092)\n    at l8n (c:\\Users\\joaom\\.vscode\\extensions\\uqbar.wollok-lsp-ide-0.5.2\\out\\server\\src\\server.js:2362:1248)\n    at c:\\Users\\joaom\\.vscode\\extensions\\uqbar.wollok-lsp-ide-0.5.2\\out\\server\\src\\server.js:38:6131\n    at C2 (c:\\Users\\joaom\\.vscode\\extensions\\uqbar.wollok-lsp-ide-0.5.2\\out\\server\\src\\server.js:2362:42)\n    at c:\\Users\\joaom\\.vscode\\extensions\\uqbar.wollok-lsp-ide-0.5.2\\out\\server\\src\\server.js:2362:2988\n    at c:\\Users\\joaom\\.vscode\\extensions\\uqbar.wollok-lsp-ide-0.5.2\\out\\server\\src\\server.js:2371:8440\n    at c:\\Users\\joaom\\.vscode\\extensions\\uqbar.wollok-lsp-ide-0.5.2\\out\\server\\src\\server.js:37:74872\n    at Ye (c:\\Users\\joaom\\.vscode\\extensions\\uqbar.wollok-lsp-ide-0.5.2\\out\\server\\src\\server.js:7:8527)","timestamp":"2025-07-06T01:54:35.924Z"}
{"level":"error","message":"✘ Completions for node Send ([90:41, 90:82] - mago.wlk) failed: Error: [Send]{e058db} at mago.wlk:90 exhausted all cases without a match [Send]{e058db} at mago.wlk:90 exhausted all cases without a match","stack":"Error: [Send]{e058db} at mago.wlk:90 exhausted all cases without a match\n    at c:\\Users\\joaom\\.vscode\\extensions\\uqbar.wollok-lsp-ide-0.5.2\\out\\server\\src\\server.js:38:6142\n    at C2 (c:\\Users\\joaom\\.vscode\\extensions\\uqbar.wollok-lsp-ide-0.5.2\\out\\server\\src\\server.js:2362:42)\n    at Gh (c:\\Users\\joaom\\.vscode\\extensions\\uqbar.wollok-lsp-ide-0.5.2\\out\\server\\src\\server.js:2362:1092)\n    at C2 (c:\\Users\\joaom\\.vscode\\extensions\\uqbar.wollok-lsp-ide-0.5.2\\out\\server\\src\\server.js:2362:544)\n    at Gh (c:\\Users\\joaom\\.vscode\\extensions\\uqbar.wollok-lsp-ide-0.5.2\\out\\server\\src\\server.js:2362:1092)\n    at l8n (c:\\Users\\joaom\\.vscode\\extensions\\uqbar.wollok-lsp-ide-0.5.2\\out\\server\\src\\server.js:2362:1248)\n    at c:\\Users\\joaom\\.vscode\\extensions\\uqbar.wollok-lsp-ide-0.5.2\\out\\server\\src\\server.js:38:6131\n    at C2 (c:\\Users\\joaom\\.vscode\\extensions\\uqbar.wollok-lsp-ide-0.5.2\\out\\server\\src\\server.js:2362:42)\n    at c:\\Users\\joaom\\.vscode\\extensions\\uqbar.wollok-lsp-ide-0.5.2\\out\\server\\src\\server.js:2362:2988\n    at c:\\Users\\joaom\\.vscode\\extensions\\uqbar.wollok-lsp-ide-0.5.2\\out\\server\\src\\server.js:2371:8440","timestamp":"2025-07-06T01:54:35.924Z"}
{"level":"error","message":"✘ Completions for node Return (undefined - mago.wlk) failed: Error: [Return]{ac32c5} at mago.wlk:-- exhausted all cases without a match [Return]{ac32c5} at mago.wlk:-- exhausted all cases without a match","stack":"Error: [Return]{ac32c5} at mago.wlk:-- exhausted all cases without a match\n    at c:\\Users\\joaom\\.vscode\\extensions\\uqbar.wollok-lsp-ide-0.5.2\\out\\server\\src\\server.js:38:6142\n    at C2 (c:\\Users\\joaom\\.vscode\\extensions\\uqbar.wollok-lsp-ide-0.5.2\\out\\server\\src\\server.js:2362:42)\n    at Gh (c:\\Users\\joaom\\.vscode\\extensions\\uqbar.wollok-lsp-ide-0.5.2\\out\\server\\src\\server.js:2362:1092)\n    at C2 (c:\\Users\\joaom\\.vscode\\extensions\\uqbar.wollok-lsp-ide-0.5.2\\out\\server\\src\\server.js:2362:544)\n    at Gh (c:\\Users\\joaom\\.vscode\\extensions\\uqbar.wollok-lsp-ide-0.5.2\\out\\server\\src\\server.js:2362:1092)\n    at C2 (c:\\Users\\joaom\\.vscode\\extensions\\uqbar.wollok-lsp-ide-0.5.2\\out\\server\\src\\server.js:2362:544)\n    at Gh (c:\\Users\\joaom\\.vscode\\extensions\\uqbar.wollok-lsp-ide-0.5.2\\out\\server\\src\\server.js:2362:1092)\n    at l8n (c:\\Users\\joaom\\.vscode\\extensions\\uqbar.wollok-lsp-ide-0.5.2\\out\\server\\src\\server.js:2362:1248)\n    at c:\\Users\\joaom\\.vscode\\extensions\\uqbar.wollok-lsp-ide-0.5.2\\out\\server\\src\\server.js:38:6131\n    at C2 (c:\\Users\\joaom\\.vscode\\extensions\\uqbar.wollok-lsp-ide-0.5.2\\out\\server\\src\\server.js:2362:42)","timestamp":"2025-07-06T01:54:35.924Z"}
{"level":"info","message":"⌛ Validating mago.wlk","timeElapsed":297,"timestamp":"2025-07-06T01:54:36.227Z"}
{"level":"info","message":"⌛ Building environment","timeElapsed":117,"timestamp":"2025-07-06T01:54:36.345Z"}
{"level":"info","message":"⌛ Building environment","timeElapsed":102,"timestamp":"2025-07-06T01:54:36.458Z"}
{"level":"info","message":"⌛ Building environment","timeElapsed":118,"timestamp":"2025-07-06T01:54:36.577Z"}
{"level":"info","message":"⌛ Validating mago.wlk","timeElapsed":135,"timestamp":"2025-07-06T01:54:36.713Z"}
{"level":"info","message":"⌛ Validating mago.wlk","timeElapsed":130,"timestamp":"2025-07-06T01:54:36.844Z"}
{"level":"info","message":"⌛ Validating mago.wlk","timeElapsed":173,"timestamp":"2025-07-06T01:54:37.116Z"}
{"level":"info","message":"⌛ Building environment","timeElapsed":112,"timestamp":"2025-07-06T01:54:37.324Z"}
{"level":"info","message":"⌛ Validating mago.wlk","timeElapsed":115,"timestamp":"2025-07-06T01:54:37.440Z"}
{"level":"info","message":"⌛ Validating mago.wlk","timeElapsed":137,"timestamp":"2025-07-06T01:54:37.596Z"}
{"level":"info","message":"⌛ Validating mago.wlk","timeElapsed":135,"timestamp":"2025-07-06T01:54:37.732Z"}
{"level":"info","message":"⌛ Building environment","timeElapsed":113,"timestamp":"2025-07-06T01:54:39.155Z"}
{"level":"info","message":"⌛ Validating mago.wlk","timeElapsed":126,"timestamp":"2025-07-06T01:54:39.281Z"}
{"level":"info","message":"⌛ Building environment","timeElapsed":125,"timestamp":"2025-07-06T01:54:55.114Z"}
{"level":"error","message":"✘ Completions for node Parameter ([87:26, 87:27] - mago.wlk) failed: Error: [Parameter]{4ac3d8} at mago.wlk:87 exhausted all cases without a match [Parameter]{4ac3d8} at mago.wlk:87 exhausted all cases without a match","stack":"Error: [Parameter]{4ac3d8} at mago.wlk:87 exhausted all cases without a match\n    at c:\\Users\\joaom\\.vscode\\extensions\\uqbar.wollok-lsp-ide-0.5.2\\out\\server\\src\\server.js:38:6142\n    at C2 (c:\\Users\\joaom\\.vscode\\extensions\\uqbar.wollok-lsp-ide-0.5.2\\out\\server\\src\\server.js:2362:42)\n    at c:\\Users\\joaom\\.vscode\\extensions\\uqbar.wollok-lsp-ide-0.5.2\\out\\server\\src\\server.js:2362:2988\n    at c:\\Users\\joaom\\.vscode\\extensions\\uqbar.wollok-lsp-ide-0.5.2\\out\\server\\src\\server.js:2371:8440\n    at c:\\Users\\joaom\\.vscode\\extensions\\uqbar.wollok-lsp-ide-0.5.2\\out\\server\\src\\server.js:37:74872\n    at Ye (c:\\Users\\joaom\\.vscode\\extensions\\uqbar.wollok-lsp-ide-0.5.2\\out\\server\\src\\server.js:7:8527)\n    at Dt (c:\\Users\\joaom\\.vscode\\extensions\\uqbar.wollok-lsp-ide-0.5.2\\out\\server\\src\\server.js:7:6189)\n    at Zi (c:\\Users\\joaom\\.vscode\\extensions\\uqbar.wollok-lsp-ide-0.5.2\\out\\server\\src\\server.js:7:6378)\n    at Immediate._onImmediate (c:\\Users\\joaom\\.vscode\\extensions\\uqbar.wollok-lsp-ide-0.5.2\\out\\server\\src\\server.js:7:6142)\n    at process.processImmediate (node:internal/timers:485:21)","timestamp":"2025-07-06T01:54:55.148Z"}
{"level":"info","message":"⌛ Validating mago.wlk","timeElapsed":109,"timestamp":"2025-07-06T01:54:55.279Z"}
{"level":"info","message":"⌛ Validating mago.wlk","timeElapsed":122,"timestamp":"2025-07-06T01:54:55.501Z"}
{"level":"info","message":"⌛ Building environment","timeElapsed":123,"timestamp":"2025-07-06T01:54:56.048Z"}
{"level":"error","message":"✘ Completions for node Parameter ([87:26, 87:29] - mago.wlk) failed: Error: [Parameter]{dc36bc} at mago.wlk:87 exhausted all cases without a match [Parameter]{dc36bc} at mago.wlk:87 exhausted all cases without a match","stack":"Error: [Parameter]{dc36bc} at mago.wlk:87 exhausted all cases without a match\n    at c:\\Users\\joaom\\.vscode\\extensions\\uqbar.wollok-lsp-ide-0.5.2\\out\\server\\src\\server.js:38:6142\n    at C2 (c:\\Users\\joaom\\.vscode\\extensions\\uqbar.wollok-lsp-ide-0.5.2\\out\\server\\src\\server.js:2362:42)\n    at c:\\Users\\joaom\\.vscode\\extensions\\uqbar.wollok-lsp-ide-0.5.2\\out\\server\\src\\server.js:2362:2988\n    at c:\\Users\\joaom\\.vscode\\extensions\\uqbar.wollok-lsp-ide-0.5.2\\out\\server\\src\\server.js:2371:8440\n    at c:\\Users\\joaom\\.vscode\\extensions\\uqbar.wollok-lsp-ide-0.5.2\\out\\server\\src\\server.js:37:74872\n    at Ye (c:\\Users\\joaom\\.vscode\\extensions\\uqbar.wollok-lsp-ide-0.5.2\\out\\server\\src\\server.js:7:8527)\n    at Dt (c:\\Users\\joaom\\.vscode\\extensions\\uqbar.wollok-lsp-ide-0.5.2\\out\\server\\src\\server.js:7:6189)\n    at Zi (c:\\Users\\joaom\\.vscode\\extensions\\uqbar.wollok-lsp-ide-0.5.2\\out\\server\\src\\server.js:7:6378)\n    at Immediate._onImmediate (c:\\Users\\joaom\\.vscode\\extensions\\uqbar.wollok-lsp-ide-0.5.2\\out\\server\\src\\server.js:7:6142)\n    at process.processImmediate (node:internal/timers:485:21)","timestamp":"2025-07-06T01:54:56.085Z"}
{"level":"info","message":"⌛ Validating mago.wlk","timeElapsed":108,"timestamp":"2025-07-06T01:54:56.196Z"}
{"level":"info","message":"⌛ Building environment","timeElapsed":109,"timestamp":"2025-07-06T01:54:56.307Z"}
{"level":"info","message":"⌛ Validating mago.wlk","timeElapsed":113,"timestamp":"2025-07-06T01:54:56.421Z"}
{"level":"info","message":"⌛ Building environment","timeElapsed":145,"timestamp":"2025-07-06T01:54:59.106Z"}
{"level":"error","message":"✘ Completions for node Send ([88:54, 88:66] - mago.wlk) failed: Error: [Send]{e4c223} at mago.wlk:88 exhausted all cases without a match [Send]{e4c223} at mago.wlk:88 exhausted all cases without a match","stack":"Error: [Send]{e4c223} at mago.wlk:88 exhausted all cases without a match\n    at c:\\Users\\joaom\\.vscode\\extensions\\uqbar.wollok-lsp-ide-0.5.2\\out\\server\\src\\server.js:38:6142\n    at C2 (c:\\Users\\joaom\\.vscode\\extensions\\uqbar.wollok-lsp-ide-0.5.2\\out\\server\\src\\server.js:2362:42)\n    at Gh (c:\\Users\\joaom\\.vscode\\extensions\\uqbar.wollok-lsp-ide-0.5.2\\out\\server\\src\\server.js:2362:1092)\n    at l8n (c:\\Users\\joaom\\.vscode\\extensions\\uqbar.wollok-lsp-ide-0.5.2\\out\\server\\src\\server.js:2362:1248)\n    at c:\\Users\\joaom\\.vscode\\extensions\\uqbar.wollok-lsp-ide-0.5.2\\out\\server\\src\\server.js:38:6131\n    at C2 (c:\\Users\\joaom\\.vscode\\extensions\\uqbar.wollok-lsp-ide-0.5.2\\out\\server\\src\\server.js:2362:42)\n    at c:\\Users\\joaom\\.vscode\\extensions\\uqbar.wollok-lsp-ide-0.5.2\\out\\server\\src\\server.js:2362:2988\n    at c:\\Users\\joaom\\.vscode\\extensions\\uqbar.wollok-lsp-ide-0.5.2\\out\\server\\src\\server.js:2371:8440\n    at c:\\Users\\joaom\\.vscode\\extensions\\uqbar.wollok-lsp-ide-0.5.2\\out\\server\\src\\server.js:37:74872\n    at Ye (c:\\Users\\joaom\\.vscode\\extensions\\uqbar.wollok-lsp-ide-0.5.2\\out\\server\\src\\server.js:7:8527)","timestamp":"2025-07-06T01:54:59.137Z"}
{"level":"error","message":"✘ Completions for node Send ([88:54, 88:70] - mago.wlk) failed: Error: [Send]{82d256} at mago.wlk:88 exhausted all cases without a match [Send]{82d256} at mago.wlk:88 exhausted all cases without a match","stack":"Error: [Send]{82d256} at mago.wlk:88 exhausted all cases without a match\n    at c:\\Users\\joaom\\.vscode\\extensions\\uqbar.wollok-lsp-ide-0.5.2\\out\\server\\src\\server.js:38:6142\n    at C2 (c:\\Users\\joaom\\.vscode\\extensions\\uqbar.wollok-lsp-ide-0.5.2\\out\\server\\src\\server.js:2362:42)\n    at Gh (c:\\Users\\joaom\\.vscode\\extensions\\uqbar.wollok-lsp-ide-0.5.2\\out\\server\\src\\server.js:2362:1092)\n    at C2 (c:\\Users\\joaom\\.vscode\\extensions\\uqbar.wollok-lsp-ide-0.5.2\\out\\server\\src\\server.js:2362:544)\n    at Gh (c:\\Users\\joaom\\.vscode\\extensions\\uqbar.wollok-lsp-ide-0.5.2\\out\\server\\src\\server.js:2362:1092)\n    at l8n (c:\\Users\\joaom\\.vscode\\extensions\\uqbar.wollok-lsp-ide-0.5.2\\out\\server\\src\\server.js:2362:1248)\n    at c:\\Users\\joaom\\.vscode\\extensions\\uqbar.wollok-lsp-ide-0.5.2\\out\\server\\src\\server.js:38:6131\n    at C2 (c:\\Users\\joaom\\.vscode\\extensions\\uqbar.wollok-lsp-ide-0.5.2\\out\\server\\src\\server.js:2362:42)\n    at c:\\Users\\joaom\\.vscode\\extensions\\uqbar.wollok-lsp-ide-0.5.2\\out\\server\\src\\server.js:2362:2988\n    at c:\\Users\\joaom\\.vscode\\extensions\\uqbar.wollok-lsp-ide-0.5.2\\out\\server\\src\\server.js:2371:8440","timestamp":"2025-07-06T01:54:59.137Z"}
{"level":"error","message":"✘ Completions for node Send ([88:54, 88:74] - mago.wlk) failed: Error: [Send]{31f3fc} at mago.wlk:88 exhausted all cases without a match [Send]{31f3fc} at mago.wlk:88 exhausted all cases without a match","stack":"Error: [Send]{31f3fc} at mago.wlk:88 exhausted all cases without a match\n    at c:\\Users\\joaom\\.vscode\\extensions\\uqbar.wollok-lsp-ide-0.5.2\\out\\server\\src\\server.js:38:6142\n    at C2 (c:\\Users\\joaom\\.vscode\\extensions\\uqbar.wollok-lsp-ide-0.5.2\\out\\server\\src\\server.js:2362:42)\n    at Gh (c:\\Users\\joaom\\.vscode\\extensions\\uqbar.wollok-lsp-ide-0.5.2\\out\\server\\src\\server.js:2362:1092)\n    at C2 (c:\\Users\\joaom\\.vscode\\extensions\\uqbar.wollok-lsp-ide-0.5.2\\out\\server\\src\\server.js:2362:544)\n    at Gh (c:\\Users\\joaom\\.vscode\\extensions\\uqbar.wollok-lsp-ide-0.5.2\\out\\server\\src\\server.js:2362:1092)\n    at C2 (c:\\Users\\joaom\\.vscode\\extensions\\uqbar.wollok-lsp-ide-0.5.2\\out\\server\\src\\server.js:2362:544)\n    at Gh (c:\\Users\\joaom\\.vscode\\extensions\\uqbar.wollok-lsp-ide-0.5.2\\out\\server\\src\\server.js:2362:1092)\n    at l8n (c:\\Users\\joaom\\.vscode\\extensions\\uqbar.wollok-lsp-ide-0.5.2\\out\\server\\src\\server.js:2362:1248)\n    at c:\\Users\\joaom\\.vscode\\extensions\\uqbar.wollok-lsp-ide-0.5.2\\out\\server\\src\\server.js:38:6131\n    at C2 (c:\\Users\\joaom\\.vscode\\extensions\\uqbar.wollok-lsp-ide-0.5.2\\out\\server\\src\\server.js:2362:42)","timestamp":"2025-07-06T01:54:59.138Z"}
{"level":"error","message":"✘ Completions for node NamedArgument ([88:50, 88:74] - mago.wlk) failed: Error: [NamedArgument]{9a44c6} at mago.wlk:88 exhausted all cases without a match [NamedArgument]{9a44c6} at mago.wlk:88 exhausted all cases without a match","stack":"Error: [NamedArgument]{9a44c6} at mago.wlk:88 exhausted all cases without a match\n    at c:\\Users\\joaom\\.vscode\\extensions\\uqbar.wollok-lsp-ide-0.5.2\\out\\server\\src\\server.js:38:6142\n    at C2 (c:\\Users\\joaom\\.vscode\\extensions\\uqbar.wollok-lsp-ide-0.5.2\\out\\server\\src\\server.js:2362:42)\n    at Gh (c:\\Users\\joaom\\.vscode\\extensions\\uqbar.wollok-lsp-ide-0.5.2\\out\\server\\src\\server.js:2362:1092)\n    at C2 (c:\\Users\\joaom\\.vscode\\extensions\\uqbar.wollok-lsp-ide-0.5.2\\out\\server\\src\\server.js:2362:544)\n    at Gh (c:\\Users\\joaom\\.vscode\\extensions\\uqbar.wollok-lsp-ide-0.5.2\\out\\server\\src\\server.js:2362:1092)\n    at C2 (c:\\Users\\joaom\\.vscode\\extensions\\uqbar.wollok-lsp-ide-0.5.2\\out\\server\\src\\server.js:2362:544)\n    at Gh (c:\\Users\\joaom\\.vscode\\extensions\\uqbar.wollok-lsp-ide-0.5.2\\out\\server\\src\\server.js:2362:1092)\n    at C2 (c:\\Users\\joaom\\.vscode\\extensions\\uqbar.wollok-lsp-ide-0.5.2\\out\\server\\src\\server.js:2362:544)\n    at Gh (c:\\Users\\joaom\\.vscode\\extensions\\uqbar.wollok-lsp-ide-0.5.2\\out\\server\\src\\server.js:2362:1092)\n    at l8n (c:\\Users\\joaom\\.vscode\\extensions\\uqbar.wollok-lsp-ide-0.5.2\\out\\server\\src\\server.js:2362:1248)","timestamp":"2025-07-06T01:54:59.139Z"}
{"level":"info","message":"⌛ Validating mago.wlk","timeElapsed":171,"timestamp":"2025-07-06T01:54:59.402Z"}
{"level":"info","message":"⌛ Validating mago.wlk","timeElapsed":117,"timestamp":"2025-07-06T01:54:59.520Z"}
{"level":"info","message":"⌛ Building environment","timeElapsed":146,"timestamp":"2025-07-06T01:54:59.821Z"}
{"level":"info","message":"⌛ Validating mago.wlk","timeElapsed":134,"timestamp":"2025-07-06T01:55:00.062Z"}
{"level":"info","message":"⌛ Validating mago.wlk","timeElapsed":112,"timestamp":"2025-07-06T01:55:00.174Z"}
{"level":"info","message":"⌛ Building environment","timeElapsed":161,"timestamp":"2025-07-06T01:55:08.928Z"}
{"level":"info","message":"⌛ Validating mago.wlk","timeElapsed":130,"timestamp":"2025-07-06T01:55:09.059Z"}
{"level":"info","message":"⌛ Building environment","timeElapsed":138,"timestamp":"2025-07-06T01:55:09.836Z"}
{"level":"info","message":"⌛ Validating mago.wlk","timeElapsed":132,"timestamp":"2025-07-06T01:55:09.969Z"}
{"level":"info","message":"⌛ Building environment","timeElapsed":128,"timestamp":"2025-07-06T01:55:10.635Z"}
{"level":"info","message":"⌛ Validating mago.wlk","timeElapsed":123,"timestamp":"2025-07-06T01:55:10.759Z"}
{"level":"info","message":"⌛ Building environment","timeElapsed":106,"timestamp":"2025-07-06T01:55:11.146Z"}
{"level":"info","message":"⌛ Validating mago.wlk","timeElapsed":120,"timestamp":"2025-07-06T01:55:11.268Z"}
{"level":"info","message":"⌛ Validating mago.wlk","timeElapsed":114,"timestamp":"2025-07-06T01:55:11.687Z"}
{"level":"info","message":"⌛ Validating mago.wlk","timeElapsed":120,"timestamp":"2025-07-06T01:55:11.976Z"}
{"level":"info","message":"⌛ Validating mago.wlk","timeElapsed":157,"timestamp":"2025-07-06T01:55:12.444Z"}
{"level":"info","message":"⌛ Building environment","timeElapsed":157,"timestamp":"2025-07-06T01:55:12.745Z"}
{"level":"info","message":"⌛ Validating mago.wlk","timeElapsed":109,"timestamp":"2025-07-06T01:55:12.855Z"}
{"level":"info","message":"⌛ Building environment","timeElapsed":108,"timestamp":"2025-07-06T01:55:13.054Z"}
{"level":"info","message":"⌛ Validating mago.wlk","timeElapsed":113,"timestamp":"2025-07-06T01:55:13.181Z"}
{"level":"info","message":"⌛ Validating mago.wlk","timeElapsed":111,"timestamp":"2025-07-06T01:55:13.436Z"}
{"level":"info","message":"⌛ Building environment","timeElapsed":109,"timestamp":"2025-07-06T01:55:13.720Z"}
{"level":"info","message":"⌛ Validating mago.wlk","timeElapsed":115,"timestamp":"2025-07-06T01:55:13.863Z"}
{"level":"info","message":"⌛ Building environment","timeElapsed":182,"timestamp":"2025-07-06T01:55:19.587Z"}
{"level":"info","message":"⌛ Validating mago.wlk","timeElapsed":153,"timestamp":"2025-07-06T01:55:19.753Z"}
{"level":"info","message":"⌛ Building environment","timeElapsed":115,"timestamp":"2025-07-06T01:55:19.917Z"}
{"level":"info","message":"⌛ Validating mago.wlk","timeElapsed":131,"timestamp":"2025-07-06T01:55:20.075Z"}
{"level":"info","message":"⌛ Building environment","timeElapsed":128,"timestamp":"2025-07-06T01:55:21.305Z"}
{"level":"info","message":"⌛ Validating mago.wlk","timeElapsed":121,"timestamp":"2025-07-06T01:55:21.428Z"}
{"level":"info","message":"⌛ Building environment","timeElapsed":120,"timestamp":"2025-07-06T01:55:22.518Z"}
{"level":"info","message":"⌛ Validating mago.wlk","timeElapsed":121,"timestamp":"2025-07-06T01:55:22.641Z"}
{"level":"info","message":"⌛ Building environment","timeElapsed":109,"timestamp":"2025-07-06T01:55:23.082Z"}
{"level":"info","message":"⌛ Validating mago.wlk","timeElapsed":133,"timestamp":"2025-07-06T01:55:23.216Z"}
{"level":"info","message":"⌛ Building environment","timeElapsed":127,"timestamp":"2025-07-06T01:55:25.111Z"}
{"level":"info","message":"⌛ Validating mago.wlk","timeElapsed":139,"timestamp":"2025-07-06T01:55:25.252Z"}
{"level":"info","message":"⌛ Building environment","timeElapsed":430,"timestamp":"2025-07-06T01:56:00.034Z"}
{"level":"info","message":"⌛ Building environment","timeElapsed":354,"timestamp":"2025-07-06T01:56:00.432Z"}
{"level":"info","message":"⌛ Building environment","timeElapsed":151,"timestamp":"2025-07-06T01:56:00.597Z"}
{"level":"info","message":"⌛ Building environment","timeElapsed":227,"timestamp":"2025-07-06T01:56:00.850Z"}
{"level":"info","message":"⌛ Building environment","timeElapsed":211,"timestamp":"2025-07-06T01:56:01.062Z"}
{"level":"info","message":"⌛ Building environment","timeElapsed":205,"timestamp":"2025-07-06T01:56:01.800Z"}
{"level":"info","message":"⌛ Building environment","timeElapsed":112,"timestamp":"2025-07-06T01:56:02.198Z"}
{"level":"info","message":"⌛ Validating mago.wlk","timeElapsed":162,"timestamp":"2025-07-06T01:56:02.360Z"}
{"level":"info","message":"⌛ Building environment","timeElapsed":252,"timestamp":"2025-07-06T01:56:02.613Z"}
{"level":"info","message":"⌛ Validating tests.wlk","timeElapsed":209,"timestamp":"2025-07-06T01:56:02.875Z"}
{"level":"info","message":"⌛ Validating sonidos.wlk","timeElapsed":105,"timestamp":"2025-07-06T01:56:02.980Z"}
{"level":"info","message":"⌛ Validating niveles.wlk","timeElapsed":165,"timestamp":"2025-07-06T01:56:03.150Z"}
{"level":"info","message":"⌛ Validating menu.wlk","timeElapsed":119,"timestamp":"2025-07-06T01:56:03.269Z"}
{"level":"info","message":"⌛ Validating mana.wlk","timeElapsed":129,"timestamp":"2025-07-06T01:56:03.399Z"}
{"level":"info","message":"⌛ Validating main.wpgm","timeElapsed":106,"timestamp":"2025-07-06T01:56:03.534Z"}
{"level":"info","message":"⌛ Validating bastion.wlk","timeElapsed":153,"timestamp":"2025-07-06T01:56:03.795Z"}
{"level":"info","message":"⌛ Validating arcaneBastion.wtest","timeElapsed":137,"timestamp":"2025-07-06T01:56:03.942Z"}
{"level":"info","message":"⌛ Validating arcaneBastion.wlk","timeElapsed":128,"timestamp":"2025-07-06T01:56:04.074Z"}
{"level":"info","message":"⌛ Validating adminProyectiles.wlk","timeElapsed":157,"timestamp":"2025-07-06T01:56:04.236Z"}
{"level":"info","message":"⌛ Validating administradorDeOleadas.wlk","timeElapsed":117,"timestamp":"2025-07-06T01:56:04.361Z"}
{"level":"info","message":"⌛ Validating administradorDeHechizos.wlk","timeElapsed":123,"timestamp":"2025-07-06T01:56:04.495Z"}
{"level":"info","message":"⌛ Validating administradorDeEnemigos.wlk","timeElapsed":208,"timestamp":"2025-07-06T01:56:04.708Z"}
{"level":"info","message":"⌛ Validating mago.wlk","timeElapsed":151,"timestamp":"2025-07-06T01:56:04.862Z"}
{"level":"info","message":"⌛ Validating tests.wlk","timeElapsed":111,"timestamp":"2025-07-06T01:56:04.974Z"}
{"level":"info","message":"⌛ Validating sonidos.wlk","timeElapsed":101,"timestamp":"2025-07-06T01:56:05.075Z"}
{"level":"info","message":"⌛ Validating main.wpgm","timeElapsed":185,"timestamp":"2025-07-06T01:56:05.552Z"}
{"level":"info","message":"⌛ Building environment","timeElapsed":178,"timestamp":"2025-07-06T01:56:06.553Z"}
{"level":"info","message":"⌛ Validating mago.wlk","timeElapsed":137,"timestamp":"2025-07-06T01:56:06.702Z"}
{"level":"info","message":"⌛ Building environment","timeElapsed":133,"timestamp":"2025-07-06T01:56:08.748Z"}
{"level":"error","message":"✘ Completions for node Send ([46:24, 46:38] - mago.wlk) failed: Error: [Send]{c467ac} at mago.wlk:46 exhausted all cases without a match [Send]{c467ac} at mago.wlk:46 exhausted all cases without a match","stack":"Error: [Send]{c467ac} at mago.wlk:46 exhausted all cases without a match\n    at c:\\Users\\joaom\\.vscode\\extensions\\uqbar.wollok-lsp-ide-0.5.2\\out\\server\\src\\server.js:38:6142\n    at C2 (c:\\Users\\joaom\\.vscode\\extensions\\uqbar.wollok-lsp-ide-0.5.2\\out\\server\\src\\server.js:2362:42)\n    at Gh (c:\\Users\\joaom\\.vscode\\extensions\\uqbar.wollok-lsp-ide-0.5.2\\out\\server\\src\\server.js:2362:1092)\n    at l8n (c:\\Users\\joaom\\.vscode\\extensions\\uqbar.wollok-lsp-ide-0.5.2\\out\\server\\src\\server.js:2362:1248)\n    at c:\\Users\\joaom\\.vscode\\extensions\\uqbar.wollok-lsp-ide-0.5.2\\out\\server\\src\\server.js:38:6131\n    at C2 (c:\\Users\\joaom\\.vscode\\extensions\\uqbar.wollok-lsp-ide-0.5.2\\out\\server\\src\\server.js:2362:42)\n    at c:\\Users\\joaom\\.vscode\\extensions\\uqbar.wollok-lsp-ide-0.5.2\\out\\server\\src\\server.js:2362:2988\n    at c:\\Users\\joaom\\.vscode\\extensions\\uqbar.wollok-lsp-ide-0.5.2\\out\\server\\src\\server.js:2371:8440\n    at c:\\Users\\joaom\\.vscode\\extensions\\uqbar.wollok-lsp-ide-0.5.2\\out\\server\\src\\server.js:37:74872\n    at Ye (c:\\Users\\joaom\\.vscode\\extensions\\uqbar.wollok-lsp-ide-0.5.2\\out\\server\\src\\server.js:7:8527)","timestamp":"2025-07-06T01:56:08.784Z"}
{"level":"error","message":"✘ Completions for node Send ([46:24, 46:50] - mago.wlk) failed: Error: [Send]{236b63} at mago.wlk:46 exhausted all cases without a match [Send]{236b63} at mago.wlk:46 exhausted all cases without a match","stack":"Error: [Send]{236b63} at mago.wlk:46 exhausted all cases without a match\n    at c:\\Users\\joaom\\.vscode\\extensions\\uqbar.wollok-lsp-ide-0.5.2\\out\\server\\src\\server.js:38:6142\n    at C2 (c:\\Users\\joaom\\.vscode\\extensions\\uqbar.wollok-lsp-ide-0.5.2\\out\\server\\src\\server.js:2362:42)\n    at Gh (c:\\Users\\joaom\\.vscode\\extensions\\uqbar.wollok-lsp-ide-0.5.2\\out\\server\\src\\server.js:2362:1092)\n    at C2 (c:\\Users\\joaom\\.vscode\\extensions\\uqbar.wollok-lsp-ide-0.5.2\\out\\server\\src\\server.js:2362:544)\n    at Gh (c:\\Users\\joaom\\.vscode\\extensions\\uqbar.wollok-lsp-ide-0.5.2\\out\\server\\src\\server.js:2362:1092)\n    at l8n (c:\\Users\\joaom\\.vscode\\extensions\\uqbar.wollok-lsp-ide-0.5.2\\out\\server\\src\\server.js:2362:1248)\n    at c:\\Users\\joaom\\.vscode\\extensions\\uqbar.wollok-lsp-ide-0.5.2\\out\\server\\src\\server.js:38:6131\n    at C2 (c:\\Users\\joaom\\.vscode\\extensions\\uqbar.wollok-lsp-ide-0.5.2\\out\\server\\src\\server.js:2362:42)\n    at c:\\Users\\joaom\\.vscode\\extensions\\uqbar.wollok-lsp-ide-0.5.2\\out\\server\\src\\server.js:2362:2988\n    at c:\\Users\\joaom\\.vscode\\extensions\\uqbar.wollok-lsp-ide-0.5.2\\out\\server\\src\\server.js:2371:8440","timestamp":"2025-07-06T01:56:08.784Z"}
{"level":"info","message":"⌛ Validating mago.wlk","timeElapsed":125,"timestamp":"2025-07-06T01:56:08.918Z"}
{"level":"info","message":"⌛ Building environment","timeElapsed":107,"timestamp":"2025-07-06T01:56:09.093Z"}
{"level":"info","message":"⌛ Validating mago.wlk","timeElapsed":114,"timestamp":"2025-07-06T01:56:09.208Z"}
{"level":"info","message":"⌛ Building environment","timeElapsed":103,"timestamp":"2025-07-06T01:56:09.369Z"}
{"level":"info","message":"⌛ Validating mago.wlk","timeElapsed":112,"timestamp":"2025-07-06T01:56:09.493Z"}
{"level":"info","message":"⌛ Validating mago.wlk","timeElapsed":105,"timestamp":"2025-07-06T01:56:09.709Z"}
{"level":"info","message":"⌛ Building environment","timeElapsed":137,"timestamp":"2025-07-06T01:56:11.106Z"}
{"level":"info","message":"⌛ Validating mago.wlk","timeElapsed":126,"timestamp":"2025-07-06T01:56:11.234Z"}
{"level":"info","message":"⌛ Building environment","timeElapsed":130,"timestamp":"2025-07-06T01:56:23.081Z"}
{"level":"info","message":"⌛ Validating mago.wlk","timeElapsed":158,"timestamp":"2025-07-06T01:56:23.240Z"}
{"level":"info","message":"⌛ Building environment","timeElapsed":149,"timestamp":"2025-07-06T01:56:27.141Z"}
{"level":"info","message":"⌛ Validating mago.wlk","timeElapsed":158,"timestamp":"2025-07-06T01:56:27.300Z"}
{"level":"info","message":"⌛ Building environment","timeElapsed":113,"timestamp":"2025-07-06T01:56:40.739Z"}
{"level":"info","message":"⌛ Validating mago.wlk","timeElapsed":187,"timestamp":"2025-07-06T01:56:40.958Z"}
{"level":"info","message":"⌛ Building environment","timeElapsed":427,"timestamp":"2025-07-06T01:57:59.210Z"}
{"level":"info","message":"⌛ Building environment","timeElapsed":465,"timestamp":"2025-07-06T01:57:59.727Z"}
{"level":"info","message":"⌛ Building environment","timeElapsed":197,"timestamp":"2025-07-06T01:57:59.933Z"}
{"level":"info","message":"⌛ Building environment","timeElapsed":221,"timestamp":"2025-07-06T01:58:00.156Z"}
{"level":"info","message":"⌛ Building environment","timeElapsed":201,"timestamp":"2025-07-06T01:58:00.358Z"}
{"level":"info","message":"⌛ Building environment","timeElapsed":173,"timestamp":"2025-07-06T01:58:00.532Z"}
{"level":"info","message":"⌛ Building environment","timeElapsed":108,"timestamp":"2025-07-06T01:58:00.832Z"}
{"level":"info","message":"⌛ Building environment","timeElapsed":109,"timestamp":"2025-07-06T01:58:01.139Z"}
{"level":"info","message":"⌛ Building environment","timeElapsed":160,"timestamp":"2025-07-06T01:58:01.319Z"}
{"level":"info","message":"⌛ Building environment","timeElapsed":115,"timestamp":"2025-07-06T01:58:01.436Z"}
{"level":"info","message":"⌛ Building environment","timeElapsed":103,"timestamp":"2025-07-06T01:58:01.550Z"}
{"level":"info","message":"⌛ Building environment","timeElapsed":115,"timestamp":"2025-07-06T01:58:01.687Z"}
{"level":"info","message":"⌛ Validating mago.wlk","timeElapsed":148,"timestamp":"2025-07-06T01:58:01.836Z"}
{"level":"info","message":"⌛ Building environment","timeElapsed":256,"timestamp":"2025-07-06T01:58:02.092Z"}
{"level":"info","message":"⌛ Validating tests.wlk","timeElapsed":137,"timestamp":"2025-07-06T01:58:02.303Z"}
{"level":"info","message":"⌛ Validating sonidos.wlk","timeElapsed":105,"timestamp":"2025-07-06T01:58:02.409Z"}
{"level":"info","message":"⌛ Validating menu.wlk","timeElapsed":144,"timestamp":"2025-07-06T01:58:02.658Z"}
{"level":"info","message":"⌛ Validating mana.wlk","timeElapsed":149,"timestamp":"2025-07-06T01:58:02.807Z"}
{"level":"info","message":"⌛ Validating main.wpgm","timeElapsed":202,"timestamp":"2025-07-06T01:58:03.010Z"}
{"level":"info","message":"⌛ Validating enemigos.wlk","timeElapsed":127,"timestamp":"2025-07-06T01:58:03.137Z"}
{"level":"info","message":"⌛ Validating bastion.wlk","timeElapsed":128,"timestamp":"2025-07-06T01:58:03.270Z"}
{"level":"info","message":"⌛ Validating arcaneBastion.wtest","timeElapsed":136,"timestamp":"2025-07-06T01:58:03.413Z"}
{"level":"info","message":"⌛ Validating arcaneBastion.wlk","timeElapsed":134,"timestamp":"2025-07-06T01:58:03.552Z"}
{"level":"info","message":"⌛ Validating adminProyectiles.wlk","timeElapsed":116,"timestamp":"2025-07-06T01:58:03.677Z"}
{"level":"info","message":"⌛ Validating administradorDeOleadas.wlk","timeElapsed":102,"timestamp":"2025-07-06T01:58:03.784Z"}
{"level":"info","message":"⌛ Validating administradorDeHechizos.wlk","timeElapsed":102,"timestamp":"2025-07-06T01:58:03.894Z"}
{"level":"info","message":"⌛ Validating administradorDeEnemigos.wlk","timeElapsed":124,"timestamp":"2025-07-06T01:58:04.022Z"}
{"level":"info","message":"⌛ Validating mago.wlk","timeElapsed":140,"timestamp":"2025-07-06T01:58:04.163Z"}
{"level":"info","message":"⌛ Validating tests.wlk","timeElapsed":102,"timestamp":"2025-07-06T01:58:04.265Z"}
{"level":"info","message":"⌛ Validating enemigos.wlk","timeElapsed":146,"timestamp":"2025-07-06T01:58:04.857Z"}
{"level":"info","message":"⌛ Validating bastion.wlk","timeElapsed":170,"timestamp":"2025-07-06T01:58:05.032Z"}
{"level":"info","message":"⌛ Validating arcaneBastion.wtest","timeElapsed":111,"timestamp":"2025-07-06T01:58:05.148Z"}
{"level":"info","message":"⌛ Validating arcaneBastion.wlk","timeElapsed":256,"timestamp":"2025-07-06T01:58:05.405Z"}
{"level":"info","message":"⌛ Validating adminProyectiles.wlk","timeElapsed":202,"timestamp":"2025-07-06T01:58:05.609Z"}
{"level":"info","message":"⌛ Validating administradorDeOleadas.wlk","timeElapsed":109,"timestamp":"2025-07-06T01:58:05.720Z"}
{"level":"info","message":"⌛ Validating administradorDeEnemigos.wlk","timeElapsed":116,"timestamp":"2025-07-06T01:58:05.933Z"}
{"level":"info","message":"⌛ Building environment","timeElapsed":129,"timestamp":"2025-07-06T01:58:10.898Z"}
{"level":"info","message":"⌛ Validating arcaneBastion.wlk","timeElapsed":153,"timestamp":"2025-07-06T01:58:11.053Z"}
{"level":"info","message":"⌛ Validating arcaneBastion.wlk","timeElapsed":114,"timestamp":"2025-07-06T01:58:11.276Z"}
{"level":"info","message":"⌛ Building environment","timeElapsed":120,"timestamp":"2025-07-06T01:58:11.813Z"}
{"level":"info","message":"⌛ Validating arcaneBastion.wlk","timeElapsed":214,"timestamp":"2025-07-06T01:58:12.029Z"}
{"level":"info","message":"⌛ Building environment","timeElapsed":103,"timestamp":"2025-07-06T01:58:12.132Z"}
{"level":"info","message":"⌛ Validating arcaneBastion.wlk","timeElapsed":120,"timestamp":"2025-07-06T01:58:12.253Z"}
{"level":"info","message":"⌛ Building environment","timeElapsed":117,"timestamp":"2025-07-06T01:58:12.584Z"}
{"level":"info","message":"⌛ Validating arcaneBastion.wlk","timeElapsed":120,"timestamp":"2025-07-06T01:58:12.706Z"}
{"level":"info","message":"⌛ Validating arcaneBastion.wlk","timeElapsed":136,"timestamp":"2025-07-06T01:58:13.951Z"}
{"level":"info","message":"⌛ Building environment","timeElapsed":139,"timestamp":"2025-07-06T01:58:14.570Z"}
{"level":"info","message":"⌛ Validating arcaneBastion.wlk","timeElapsed":217,"timestamp":"2025-07-06T01:58:14.871Z"}
{"level":"info","message":"⌛ Building environment","timeElapsed":110,"timestamp":"2025-07-06T01:58:18.274Z"}
{"level":"info","message":"⌛ Validating arcaneBastion.wlk","timeElapsed":116,"timestamp":"2025-07-06T01:58:18.391Z"}
{"errors":{"errors":[null,["/*\r","import game.*\r","import proyectil.*\r","// ===============================\r","// Administrador de Proyectiles: Controla la creación y gestión de proyectiles\r","// ===============================\r","class MiException inherits wollok.lang.Exception {}\r","object administradorDeProyectiles {\r","// Propiedades\r","var nombreProyectil = 20000 // Identificador único para cada proyectil creado\r","var property proyectiles = #{} // Almacena los proyectiles creados\r","method nombre() = nombreProyectil // Obtiene el último nombre usado\r","// Incrementa el contador de nombreProyectil para nombrar proyectiles de manera única\r","method sumarProyectil() { nombreProyectil += 1 }\r","// Genera un nuevo proyectil en la posición y tipo especificado\r","method generarProyectil(posicion, tipoProyectil) {\r","var nombreParaProyectil = self.nombre()\r","nombreParaProyectil = new Proyectil(position = posicion, proyectil = tipoProyectil)\r","proyectiles.add(nombreParaProyectil)\r","self.sumarProyectil()\r","game.addVisual(nombreParaProyectil)\r","game.schedule(10, {nombreParaProyectil.combinar()})\r","try nombreParaProyectil.colisionar() catch e \"YA NO EXISTE PROYECTIL\"\r","}\r","// Mueve cada proyectil en la lista\r","method moverProyectiles() {\r","proyectiles.forEach({ proyectil => proyectil.mover() })\r","}\r","// Activa la colisión para cada proyectil en la lista\r","method impactarProyectiles() {\r","proyectiles.forEach({ proyectil => proyectil.colisionar() })\r","}\r","// Elimina un proyectil de la lista\r","method destruirProyectil(proyectil) {\r","proyectiles.remove(proyectil)\r","}\r","method cambiarFrame(){\r","proyectiles.forEach({proyectil=> proyectil.cambiarFrame()})\r","}\r","// Restablece el administrador, eliminando todos los proyectiles y reiniciando el contador de nombres\r","method reset() {\r","proyectiles.forEach({ proyectil => proyectil.eliminar() })\r","nombreProyectil = 0\r","proyectiles = []\r","}\r","}\r"]]},"level":"error","message":"✘ Failed to get type description: Error: {\n  \"errors\": [\n    null,\n    [\n      \"/*\\r\",\n      \"import game.*\\r\",\n      \"import proyectil.*\\r\",\n      \"// ===============================\\r\",\n      \"// Administrador de Proyectiles: Controla la creación y gestión de proyectiles\\r\",\n      \"// ===============================\\r\",\n      \"class MiException inherits wollok.lang.Exception {}\\r\",\n      \"object administradorDeProyectiles {\\r\",\n      \"// Propiedades\\r\",\n      \"var nombreProyectil = 20000 // Identificador único para cada proyectil creado\\r\",\n      \"var property proyectiles = #{} // Almacena los proyectiles creados\\r\",\n      \"method nombre() = nombreProyectil // Obtiene el último nombre usado\\r\",\n      \"// Incrementa el contador de nombreProyectil para nombrar proyectiles de manera única\\r\",\n      \"method sumarProyectil() { nombreProyectil += 1 }\\r\",\n      \"// Genera un nuevo proyectil en la posición y tipo especificado\\r\",\n      \"method generarProyectil(posicion, tipoProyectil) {\\r\",\n      \"var nombreParaProyectil = self.nombre()\\r\",\n      \"nombreParaProyectil = new Proyectil(position = posicion, proyectil = tipoProyectil)\\r\",\n      \"proyectiles.add(nombreParaProyectil)\\r\",\n      \"self.sumarProyectil()\\r\",\n      \"game.addVisual(nombreParaProyectil)\\r\",\n      \"game.schedule(10, {nombreParaProyectil.combinar()})\\r\",\n      \"try nombreParaProyectil.colisionar() catch e \\\"YA NO EXISTE PROYECTIL\\\"\\r\",\n      \"}\\r\",\n      \"// Mueve cada proyectil en la lista\\r\",\n      \"method moverProyectiles() {\\r\",\n      \"proyectiles.forEach({ proyectil => proyectil.mover() })\\r\",\n      \"}\\r\",\n      \"// Activa la colisión para cada proyectil en la lista\\r\",\n      \"method impactarProyectiles() {\\r\",\n      \"proyectiles.forEach({ proyectil => proyectil.colisionar() })\\r\",\n      \"}\\r\",\n      \"// Elimina un proyectil de la lista\\r\",\n      \"method destruirProyectil(proyectil) {\\r\",\n      \"proyectiles.remove(proyectil)\\r\",\n      \"}\\r\",\n      \"method cambiarFrame(){\\r\",\n      \"proyectiles.forEach({proyectil=> proyectil.cambiarFrame()})\\r\",\n      \"}\\r\",\n      \"// Restablece el administrador, eliminando todos los proyectiles y reiniciando el contador de nombres\\r\",\n      \"method reset() {\\r\",\n      \"proyectiles.forEach({ proyectil => proyectil.eliminar() })\\r\",\n      \"nombreProyectil = 0\\r\",\n      \"proyectiles = []\\r\",\n      \"}\\r\",\n      \"}\\r\"\n    ]\n  ]\n} {\n  \"errors\": [\n    null,\n    [\n      \"/*\\r\",\n      \"import game.*\\r\",\n      \"import proyectil.*\\r\",\n      \"// ===============================\\r\",\n      \"// Administrador de Proyectiles: Controla la creación y gestión de proyectiles\\r\",\n      \"// ===============================\\r\",\n      \"class MiException inherits wollok.lang.Exception {}\\r\",\n      \"object administradorDeProyectiles {\\r\",\n      \"// Propiedades\\r\",\n      \"var nombreProyectil = 20000 // Identificador único para cada proyectil creado\\r\",\n      \"var property proyectiles = #{} // Almacena los proyectiles creados\\r\",\n      \"method nombre() = nombreProyectil // Obtiene el último nombre usado\\r\",\n      \"// Incrementa el contador de nombreProyectil para nombrar proyectiles de manera única\\r\",\n      \"method sumarProyectil() { nombreProyectil += 1 }\\r\",\n      \"// Genera un nuevo proyectil en la posición y tipo especificado\\r\",\n      \"method generarProyectil(posicion, tipoProyectil) {\\r\",\n      \"var nombreParaProyectil = self.nombre()\\r\",\n      \"nombreParaProyectil = new Proyectil(position = posicion, proyectil = tipoProyectil)\\r\",\n      \"proyectiles.add(nombreParaProyectil)\\r\",\n      \"self.sumarProyectil()\\r\",\n      \"game.addVisual(nombreParaProyectil)\\r\",\n      \"game.schedule(10, {nombreParaProyectil.combinar()})\\r\",\n      \"try nombreParaProyectil.colisionar() catch e \\\"YA NO EXISTE PROYECTIL\\\"\\r\",\n      \"}\\r\",\n      \"// Mueve cada proyectil en la lista\\r\",\n      \"method moverProyectiles() {\\r\",\n      \"proyectiles.forEach({ proyectil => proyectil.mover() })\\r\",\n      \"}\\r\",\n      \"// Activa la colisión para cada proyectil en la lista\\r\",\n      \"method impactarProyectiles() {\\r\",\n      \"proyectiles.forEach({ proyectil => proyectil.colisionar() })\\r\",\n      \"}\\r\",\n      \"// Elimina un proyectil de la lista\\r\",\n      \"method destruirProyectil(proyectil) {\\r\",\n      \"proyectiles.remove(proyectil)\\r\",\n      \"}\\r\",\n      \"method cambiarFrame(){\\r\",\n      \"proyectiles.forEach({proyectil=> proyectil.cambiarFrame()})\\r\",\n      \"}\\r\",\n      \"// Restablece el administrador, eliminando todos los proyectiles y reiniciando el contador de nombres\\r\",\n      \"method reset() {\\r\",\n      \"proyectiles.forEach({ proyectil => proyectil.eliminar() })\\r\",\n      \"nombreProyectil = 0\\r\",\n      \"proyectiles = []\\r\",\n      \"}\\r\",\n      \"}\\r\"\n    ]\n  ]\n}","stack":"Error: {\n  \"errors\": [\n    null,\n    [\n      \"/*\\r\",\n      \"import game.*\\r\",\n      \"import proyectil.*\\r\",\n      \"// ===============================\\r\",\n      \"// Administrador de Proyectiles: Controla la creación y gestión de proyectiles\\r\",\n      \"// ===============================\\r\",\n      \"class MiException inherits wollok.lang.Exception {}\\r\",\n      \"object administradorDeProyectiles {\\r\",\n      \"// Propiedades\\r\",\n      \"var nombreProyectil = 20000 // Identificador único para cada proyectil creado\\r\",\n      \"var property proyectiles = #{} // Almacena los proyectiles creados\\r\",\n      \"method nombre() = nombreProyectil // Obtiene el último nombre usado\\r\",\n      \"// Incrementa el contador de nombreProyectil para nombrar proyectiles de manera única\\r\",\n      \"method sumarProyectil() { nombreProyectil += 1 }\\r\",\n      \"// Genera un nuevo proyectil en la posición y tipo especificado\\r\",\n      \"method generarProyectil(posicion, tipoProyectil) {\\r\",\n      \"var nombreParaProyectil = self.nombre()\\r\",\n      \"nombreParaProyectil = new Proyectil(position = posicion, proyectil = tipoProyectil)\\r\",\n      \"proyectiles.add(nombreParaProyectil)\\r\",\n      \"self.sumarProyectil()\\r\",\n      \"game.addVisual(nombreParaProyectil)\\r\",\n      \"game.schedule(10, {nombreParaProyectil.combinar()})\\r\",\n      \"try nombreParaProyectil.colisionar() catch e \\\"YA NO EXISTE PROYECTIL\\\"\\r\",\n      \"}\\r\",\n      \"// Mueve cada proyectil en la lista\\r\",\n      \"method moverProyectiles() {\\r\",\n      \"proyectiles.forEach({ proyectil => proyectil.mover() })\\r\",\n      \"}\\r\",\n      \"// Activa la colisión para cada proyectil en la lista\\r\",\n      \"method impactarProyectiles() {\\r\",\n      \"proyectiles.forEach({ proyectil => proyectil.colisionar() })\\r\",\n      \"}\\r\",\n      \"// Elimina un proyectil de la lista\\r\",\n      \"method destruirProyectil(proyectil) {\\r\",\n      \"proyectiles.remove(proyectil)\\r\",\n      \"}\\r\",\n      \"method cambiarFrame(){\\r\",\n      \"proyectiles.forEach({proyectil=> proyectil.cambiarFrame()})\\r\",\n      \"}\\r\",\n      \"// Restablece el administrador, eliminando todos los proyectiles y reiniciando el contador de nombres\\r\",\n      \"method reset() {\\r\",\n      \"proyectiles.forEach({ proyectil => proyectil.eliminar() })\\r\",\n      \"nombreProyectil = 0\\r\",\n      \"proyectiles = []\\r\",\n      \"}\\r\",\n      \"}\\r\"\n    ]\n  ]\n}\n    at pS (c:\\Users\\joaom\\.vscode\\extensions\\uqbar.wollok-lsp-ide-0.5.2\\out\\server\\src\\server.js:64:34609)\n    at G1 (c:\\Users\\joaom\\.vscode\\extensions\\uqbar.wollok-lsp-ide-0.5.2\\out\\server\\src\\server.js:64:34682)\n    at c:\\Users\\joaom\\.vscode\\extensions\\uqbar.wollok-lsp-ide-0.5.2\\out\\server\\src\\server.js:64:37949\n    at o.v1 (c:\\Users\\joaom\\.vscode\\extensions\\uqbar.wollok-lsp-ide-0.5.2\\out\\server\\src\\server.js:57:57694)\n    at c:\\Users\\joaom\\.vscode\\extensions\\uqbar.wollok-lsp-ide-0.5.2\\out\\server\\src\\server.js:64:37918\n    at c:\\Users\\joaom\\.vscode\\extensions\\uqbar.wollok-lsp-ide-0.5.2\\out\\server\\src\\server.js:57:55734\n    at Ofn (c:\\Users\\joaom\\.vscode\\extensions\\uqbar.wollok-lsp-ide-0.5.2\\out\\server\\src\\server.js:68:11324)\n    at c:\\Users\\joaom\\.vscode\\extensions\\uqbar.wollok-lsp-ide-0.5.2\\out\\server\\src\\server.js:68:3629\n    at jbn (c:\\Users\\joaom\\.vscode\\extensions\\uqbar.wollok-lsp-ide-0.5.2\\out\\server\\src\\server.js:68:3396)\n    at c:\\Users\\joaom\\.vscode\\extensions\\uqbar.wollok-lsp-ide-0.5.2\\out\\server\\src\\server.js:2371:847","timestamp":"2025-07-06T01:58:21.191Z"}
{"errors":{"errors":[null,["/*\r","import game.*\r","import proyectil.*\r","// ===============================\r","// Administrador de Proyectiles: Controla la creación y gestión de proyectiles\r","// ===============================\r","class MiException inherits wollok.lang.Exception {}\r","object administradorDeProyectiles {\r","// Propiedades\r","var nombreProyectil = 20000 // Identificador único para cada proyectil creado\r","var property proyectiles = #{} // Almacena los proyectiles creados\r","method nombre() = nombreProyectil // Obtiene el último nombre usado\r","// Incrementa el contador de nombreProyectil para nombrar proyectiles de manera única\r","method sumarProyectil() { nombreProyectil += 1 }\r","// Genera un nuevo proyectil en la posición y tipo especificado\r","method generarProyectil(posicion, tipoProyectil) {\r","var nombreParaProyectil = self.nombre()\r","nombreParaProyectil = new Proyectil(position = posicion, proyectil = tipoProyectil)\r","proyectiles.add(nombreParaProyectil)\r","self.sumarProyectil()\r","game.addVisual(nombreParaProyectil)\r","game.schedule(10, {nombreParaProyectil.combinar()})\r","try nombreParaProyectil.colisionar() catch e \"YA NO EXISTE PROYECTIL\"\r","}\r","// Mueve cada proyectil en la lista\r","method moverProyectiles() {\r","proyectiles.forEach({ proyectil => proyectil.mover() })\r","}\r","// Activa la colisión para cada proyectil en la lista\r","method impactarProyectiles() {\r","proyectiles.forEach({ proyectil => proyectil.colisionar() })\r","}\r","// Elimina un proyectil de la lista\r","method destruirProyectil(proyectil) {\r","proyectiles.remove(proyectil)\r","}\r","method cambiarFrame(){\r","proyectiles.forEach({proyectil=> proyectil.cambiarFrame()})\r","}\r","// Restablece el administrador, eliminando todos los proyectiles y reiniciando el contador de nombres\r","method reset() {\r","proyectiles.forEach({ proyectil => proyectil.eliminar() })\r","nombreProyectil = 0\r","proyectiles = []\r","}\r","}\r"]]},"level":"error","message":"✘ Failed to get type description: Error: {\n  \"errors\": [\n    null,\n    [\n      \"/*\\r\",\n      \"import game.*\\r\",\n      \"import proyectil.*\\r\",\n      \"// ===============================\\r\",\n      \"// Administrador de Proyectiles: Controla la creación y gestión de proyectiles\\r\",\n      \"// ===============================\\r\",\n      \"class MiException inherits wollok.lang.Exception {}\\r\",\n      \"object administradorDeProyectiles {\\r\",\n      \"// Propiedades\\r\",\n      \"var nombreProyectil = 20000 // Identificador único para cada proyectil creado\\r\",\n      \"var property proyectiles = #{} // Almacena los proyectiles creados\\r\",\n      \"method nombre() = nombreProyectil // Obtiene el último nombre usado\\r\",\n      \"// Incrementa el contador de nombreProyectil para nombrar proyectiles de manera única\\r\",\n      \"method sumarProyectil() { nombreProyectil += 1 }\\r\",\n      \"// Genera un nuevo proyectil en la posición y tipo especificado\\r\",\n      \"method generarProyectil(posicion, tipoProyectil) {\\r\",\n      \"var nombreParaProyectil = self.nombre()\\r\",\n      \"nombreParaProyectil = new Proyectil(position = posicion, proyectil = tipoProyectil)\\r\",\n      \"proyectiles.add(nombreParaProyectil)\\r\",\n      \"self.sumarProyectil()\\r\",\n      \"game.addVisual(nombreParaProyectil)\\r\",\n      \"game.schedule(10, {nombreParaProyectil.combinar()})\\r\",\n      \"try nombreParaProyectil.colisionar() catch e \\\"YA NO EXISTE PROYECTIL\\\"\\r\",\n      \"}\\r\",\n      \"// Mueve cada proyectil en la lista\\r\",\n      \"method moverProyectiles() {\\r\",\n      \"proyectiles.forEach({ proyectil => proyectil.mover() })\\r\",\n      \"}\\r\",\n      \"// Activa la colisión para cada proyectil en la lista\\r\",\n      \"method impactarProyectiles() {\\r\",\n      \"proyectiles.forEach({ proyectil => proyectil.colisionar() })\\r\",\n      \"}\\r\",\n      \"// Elimina un proyectil de la lista\\r\",\n      \"method destruirProyectil(proyectil) {\\r\",\n      \"proyectiles.remove(proyectil)\\r\",\n      \"}\\r\",\n      \"method cambiarFrame(){\\r\",\n      \"proyectiles.forEach({proyectil=> proyectil.cambiarFrame()})\\r\",\n      \"}\\r\",\n      \"// Restablece el administrador, eliminando todos los proyectiles y reiniciando el contador de nombres\\r\",\n      \"method reset() {\\r\",\n      \"proyectiles.forEach({ proyectil => proyectil.eliminar() })\\r\",\n      \"nombreProyectil = 0\\r\",\n      \"proyectiles = []\\r\",\n      \"}\\r\",\n      \"}\\r\"\n    ]\n  ]\n} {\n  \"errors\": [\n    null,\n    [\n      \"/*\\r\",\n      \"import game.*\\r\",\n      \"import proyectil.*\\r\",\n      \"// ===============================\\r\",\n      \"// Administrador de Proyectiles: Controla la creación y gestión de proyectiles\\r\",\n      \"// ===============================\\r\",\n      \"class MiException inherits wollok.lang.Exception {}\\r\",\n      \"object administradorDeProyectiles {\\r\",\n      \"// Propiedades\\r\",\n      \"var nombreProyectil = 20000 // Identificador único para cada proyectil creado\\r\",\n      \"var property proyectiles = #{} // Almacena los proyectiles creados\\r\",\n      \"method nombre() = nombreProyectil // Obtiene el último nombre usado\\r\",\n      \"// Incrementa el contador de nombreProyectil para nombrar proyectiles de manera única\\r\",\n      \"method sumarProyectil() { nombreProyectil += 1 }\\r\",\n      \"// Genera un nuevo proyectil en la posición y tipo especificado\\r\",\n      \"method generarProyectil(posicion, tipoProyectil) {\\r\",\n      \"var nombreParaProyectil = self.nombre()\\r\",\n      \"nombreParaProyectil = new Proyectil(position = posicion, proyectil = tipoProyectil)\\r\",\n      \"proyectiles.add(nombreParaProyectil)\\r\",\n      \"self.sumarProyectil()\\r\",\n      \"game.addVisual(nombreParaProyectil)\\r\",\n      \"game.schedule(10, {nombreParaProyectil.combinar()})\\r\",\n      \"try nombreParaProyectil.colisionar() catch e \\\"YA NO EXISTE PROYECTIL\\\"\\r\",\n      \"}\\r\",\n      \"// Mueve cada proyectil en la lista\\r\",\n      \"method moverProyectiles() {\\r\",\n      \"proyectiles.forEach({ proyectil => proyectil.mover() })\\r\",\n      \"}\\r\",\n      \"// Activa la colisión para cada proyectil en la lista\\r\",\n      \"method impactarProyectiles() {\\r\",\n      \"proyectiles.forEach({ proyectil => proyectil.colisionar() })\\r\",\n      \"}\\r\",\n      \"// Elimina un proyectil de la lista\\r\",\n      \"method destruirProyectil(proyectil) {\\r\",\n      \"proyectiles.remove(proyectil)\\r\",\n      \"}\\r\",\n      \"method cambiarFrame(){\\r\",\n      \"proyectiles.forEach({proyectil=> proyectil.cambiarFrame()})\\r\",\n      \"}\\r\",\n      \"// Restablece el administrador, eliminando todos los proyectiles y reiniciando el contador de nombres\\r\",\n      \"method reset() {\\r\",\n      \"proyectiles.forEach({ proyectil => proyectil.eliminar() })\\r\",\n      \"nombreProyectil = 0\\r\",\n      \"proyectiles = []\\r\",\n      \"}\\r\",\n      \"}\\r\"\n    ]\n  ]\n}","stack":"Error: {\n  \"errors\": [\n    null,\n    [\n      \"/*\\r\",\n      \"import game.*\\r\",\n      \"import proyectil.*\\r\",\n      \"// ===============================\\r\",\n      \"// Administrador de Proyectiles: Controla la creación y gestión de proyectiles\\r\",\n      \"// ===============================\\r\",\n      \"class MiException inherits wollok.lang.Exception {}\\r\",\n      \"object administradorDeProyectiles {\\r\",\n      \"// Propiedades\\r\",\n      \"var nombreProyectil = 20000 // Identificador único para cada proyectil creado\\r\",\n      \"var property proyectiles = #{} // Almacena los proyectiles creados\\r\",\n      \"method nombre() = nombreProyectil // Obtiene el último nombre usado\\r\",\n      \"// Incrementa el contador de nombreProyectil para nombrar proyectiles de manera única\\r\",\n      \"method sumarProyectil() { nombreProyectil += 1 }\\r\",\n      \"// Genera un nuevo proyectil en la posición y tipo especificado\\r\",\n      \"method generarProyectil(posicion, tipoProyectil) {\\r\",\n      \"var nombreParaProyectil = self.nombre()\\r\",\n      \"nombreParaProyectil = new Proyectil(position = posicion, proyectil = tipoProyectil)\\r\",\n      \"proyectiles.add(nombreParaProyectil)\\r\",\n      \"self.sumarProyectil()\\r\",\n      \"game.addVisual(nombreParaProyectil)\\r\",\n      \"game.schedule(10, {nombreParaProyectil.combinar()})\\r\",\n      \"try nombreParaProyectil.colisionar() catch e \\\"YA NO EXISTE PROYECTIL\\\"\\r\",\n      \"}\\r\",\n      \"// Mueve cada proyectil en la lista\\r\",\n      \"method moverProyectiles() {\\r\",\n      \"proyectiles.forEach({ proyectil => proyectil.mover() })\\r\",\n      \"}\\r\",\n      \"// Activa la colisión para cada proyectil en la lista\\r\",\n      \"method impactarProyectiles() {\\r\",\n      \"proyectiles.forEach({ proyectil => proyectil.colisionar() })\\r\",\n      \"}\\r\",\n      \"// Elimina un proyectil de la lista\\r\",\n      \"method destruirProyectil(proyectil) {\\r\",\n      \"proyectiles.remove(proyectil)\\r\",\n      \"}\\r\",\n      \"method cambiarFrame(){\\r\",\n      \"proyectiles.forEach({proyectil=> proyectil.cambiarFrame()})\\r\",\n      \"}\\r\",\n      \"// Restablece el administrador, eliminando todos los proyectiles y reiniciando el contador de nombres\\r\",\n      \"method reset() {\\r\",\n      \"proyectiles.forEach({ proyectil => proyectil.eliminar() })\\r\",\n      \"nombreProyectil = 0\\r\",\n      \"proyectiles = []\\r\",\n      \"}\\r\",\n      \"}\\r\"\n    ]\n  ]\n}\n    at pS (c:\\Users\\joaom\\.vscode\\extensions\\uqbar.wollok-lsp-ide-0.5.2\\out\\server\\src\\server.js:64:34609)\n    at G1 (c:\\Users\\joaom\\.vscode\\extensions\\uqbar.wollok-lsp-ide-0.5.2\\out\\server\\src\\server.js:64:34682)\n    at c:\\Users\\joaom\\.vscode\\extensions\\uqbar.wollok-lsp-ide-0.5.2\\out\\server\\src\\server.js:64:37949\n    at o.v1 (c:\\Users\\joaom\\.vscode\\extensions\\uqbar.wollok-lsp-ide-0.5.2\\out\\server\\src\\server.js:57:57694)\n    at c:\\Users\\joaom\\.vscode\\extensions\\uqbar.wollok-lsp-ide-0.5.2\\out\\server\\src\\server.js:64:37918\n    at c:\\Users\\joaom\\.vscode\\extensions\\uqbar.wollok-lsp-ide-0.5.2\\out\\server\\src\\server.js:57:55734\n    at Ofn (c:\\Users\\joaom\\.vscode\\extensions\\uqbar.wollok-lsp-ide-0.5.2\\out\\server\\src\\server.js:68:11324)\n    at c:\\Users\\joaom\\.vscode\\extensions\\uqbar.wollok-lsp-ide-0.5.2\\out\\server\\src\\server.js:68:3629\n    at jbn (c:\\Users\\joaom\\.vscode\\extensions\\uqbar.wollok-lsp-ide-0.5.2\\out\\server\\src\\server.js:68:3396)\n    at c:\\Users\\joaom\\.vscode\\extensions\\uqbar.wollok-lsp-ide-0.5.2\\out\\server\\src\\server.js:2371:847","timestamp":"2025-07-06T01:58:21.444Z"}
{"level":"info","message":"⌛ Building environment","timeElapsed":165,"timestamp":"2025-07-06T01:58:30.392Z"}
{"level":"info","message":"⌛ Building environment","timeElapsed":682,"timestamp":"2025-07-06T01:58:31.075Z"}
{"level":"info","message":"Removing diagnostics from /c:/Users/joaom/Documents/asd-main/adminProyectiles.wlk","timestamp":"2025-07-06T01:58:31.190Z"}
{"errors":{"errors":[null,["/*\r","Hace que colisionen con el pixel actual o el siguiente.\r","ya que parece que como el dragon va restando y el hechizo sumando en el eje x\r","estos se omiten\r"]]},"level":"error","message":"✘ Failed to get type description: Error: {\n  \"errors\": [\n    null,\n    [\n      \"/*\\r\",\n      \"Hace que colisionen con el pixel actual o el siguiente.\\r\",\n      \"ya que parece que como el dragon va restando y el hechizo sumando en el eje x\\r\",\n      \"estos se omiten\\r\"\n    ]\n  ]\n} {\n  \"errors\": [\n    null,\n    [\n      \"/*\\r\",\n      \"Hace que colisionen con el pixel actual o el siguiente.\\r\",\n      \"ya que parece que como el dragon va restando y el hechizo sumando en el eje x\\r\",\n      \"estos se omiten\\r\"\n    ]\n  ]\n}","stack":"Error: {\n  \"errors\": [\n    null,\n    [\n      \"/*\\r\",\n      \"Hace que colisionen con el pixel actual o el siguiente.\\r\",\n      \"ya que parece que como el dragon va restando y el hechizo sumando en el eje x\\r\",\n      \"estos se omiten\\r\"\n    ]\n  ]\n}\n    at pS (c:\\Users\\joaom\\.vscode\\extensions\\uqbar.wollok-lsp-ide-0.5.2\\out\\server\\src\\server.js:64:34609)\n    at G1 (c:\\Users\\joaom\\.vscode\\extensions\\uqbar.wollok-lsp-ide-0.5.2\\out\\server\\src\\server.js:64:34682)\n    at c:\\Users\\joaom\\.vscode\\extensions\\uqbar.wollok-lsp-ide-0.5.2\\out\\server\\src\\server.js:64:37949\n    at o.v1 (c:\\Users\\joaom\\.vscode\\extensions\\uqbar.wollok-lsp-ide-0.5.2\\out\\server\\src\\server.js:57:57694)\n    at c:\\Users\\joaom\\.vscode\\extensions\\uqbar.wollok-lsp-ide-0.5.2\\out\\server\\src\\server.js:64:37918\n    at c:\\Users\\joaom\\.vscode\\extensions\\uqbar.wollok-lsp-ide-0.5.2\\out\\server\\src\\server.js:57:55734\n    at Ofn (c:\\Users\\joaom\\.vscode\\extensions\\uqbar.wollok-lsp-ide-0.5.2\\out\\server\\src\\server.js:68:11324)\n    at c:\\Users\\joaom\\.vscode\\extensions\\uqbar.wollok-lsp-ide-0.5.2\\out\\server\\src\\server.js:68:3629\n    at jbn (c:\\Users\\joaom\\.vscode\\extensions\\uqbar.wollok-lsp-ide-0.5.2\\out\\server\\src\\server.js:68:3396)\n    at c:\\Users\\joaom\\.vscode\\extensions\\uqbar.wollok-lsp-ide-0.5.2\\out\\server\\src\\server.js:2371:847","timestamp":"2025-07-06T01:58:32.704Z"}
{"errors":{"errors":[null,["/*\r","Hace que colisionen con el pixel actual o el siguiente.\r","ya que parece que como el dragon va restando y el hechizo sumando en el eje x\r","estos se omiten\r"]]},"level":"error","message":"✘ Failed to get type description: Error: {\n  \"errors\": [\n    null,\n    [\n      \"/*\\r\",\n      \"Hace que colisionen con el pixel actual o el siguiente.\\r\",\n      \"ya que parece que como el dragon va restando y el hechizo sumando en el eje x\\r\",\n      \"estos se omiten\\r\"\n    ]\n  ]\n} {\n  \"errors\": [\n    null,\n    [\n      \"/*\\r\",\n      \"Hace que colisionen con el pixel actual o el siguiente.\\r\",\n      \"ya que parece que como el dragon va restando y el hechizo sumando en el eje x\\r\",\n      \"estos se omiten\\r\"\n    ]\n  ]\n}","stack":"Error: {\n  \"errors\": [\n    null,\n    [\n      \"/*\\r\",\n      \"Hace que colisionen con el pixel actual o el siguiente.\\r\",\n      \"ya que parece que como el dragon va restando y el hechizo sumando en el eje x\\r\",\n      \"estos se omiten\\r\"\n    ]\n  ]\n}\n    at pS (c:\\Users\\joaom\\.vscode\\extensions\\uqbar.wollok-lsp-ide-0.5.2\\out\\server\\src\\server.js:64:34609)\n    at G1 (c:\\Users\\joaom\\.vscode\\extensions\\uqbar.wollok-lsp-ide-0.5.2\\out\\server\\src\\server.js:64:34682)\n    at c:\\Users\\joaom\\.vscode\\extensions\\uqbar.wollok-lsp-ide-0.5.2\\out\\server\\src\\server.js:64:37949\n    at o.v1 (c:\\Users\\joaom\\.vscode\\extensions\\uqbar.wollok-lsp-ide-0.5.2\\out\\server\\src\\server.js:57:57694)\n    at c:\\Users\\joaom\\.vscode\\extensions\\uqbar.wollok-lsp-ide-0.5.2\\out\\server\\src\\server.js:64:37918\n    at c:\\Users\\joaom\\.vscode\\extensions\\uqbar.wollok-lsp-ide-0.5.2\\out\\server\\src\\server.js:57:55734\n    at Ofn (c:\\Users\\joaom\\.vscode\\extensions\\uqbar.wollok-lsp-ide-0.5.2\\out\\server\\src\\server.js:68:11324)\n    at c:\\Users\\joaom\\.vscode\\extensions\\uqbar.wollok-lsp-ide-0.5.2\\out\\server\\src\\server.js:68:3629\n    at jbn (c:\\Users\\joaom\\.vscode\\extensions\\uqbar.wollok-lsp-ide-0.5.2\\out\\server\\src\\server.js:68:3396)\n    at c:\\Users\\joaom\\.vscode\\extensions\\uqbar.wollok-lsp-ide-0.5.2\\out\\server\\src\\server.js:2371:847","timestamp":"2025-07-06T01:58:34.847Z"}
{"level":"info","message":"⌛ Building environment","timeElapsed":121,"timestamp":"2025-07-06T01:58:56.474Z"}
{"level":"error","message":"✘ Completions for node Return (undefined - arcaneBastion.wlk) failed: Error: [Return]{e8a6ae} at arcaneBastion.wlk:-- exhausted all cases without a match [Return]{e8a6ae} at arcaneBastion.wlk:-- exhausted all cases without a match","stack":"Error: [Return]{e8a6ae} at arcaneBastion.wlk:-- exhausted all cases without a match\n    at c:\\Users\\joaom\\.vscode\\extensions\\uqbar.wollok-lsp-ide-0.5.2\\out\\server\\src\\server.js:38:6142\n    at C2 (c:\\Users\\joaom\\.vscode\\extensions\\uqbar.wollok-lsp-ide-0.5.2\\out\\server\\src\\server.js:2362:42)\n    at Gh (c:\\Users\\joaom\\.vscode\\extensions\\uqbar.wollok-lsp-ide-0.5.2\\out\\server\\src\\server.js:2362:1092)\n    at l8n (c:\\Users\\joaom\\.vscode\\extensions\\uqbar.wollok-lsp-ide-0.5.2\\out\\server\\src\\server.js:2362:1248)\n    at c:\\Users\\joaom\\.vscode\\extensions\\uqbar.wollok-lsp-ide-0.5.2\\out\\server\\src\\server.js:38:6131\n    at C2 (c:\\Users\\joaom\\.vscode\\extensions\\uqbar.wollok-lsp-ide-0.5.2\\out\\server\\src\\server.js:2362:42)\n    at c:\\Users\\joaom\\.vscode\\extensions\\uqbar.wollok-lsp-ide-0.5.2\\out\\server\\src\\server.js:2362:2988\n    at c:\\Users\\joaom\\.vscode\\extensions\\uqbar.wollok-lsp-ide-0.5.2\\out\\server\\src\\server.js:2371:8440\n    at c:\\Users\\joaom\\.vscode\\extensions\\uqbar.wollok-lsp-ide-0.5.2\\out\\server\\src\\server.js:37:74872\n    at Ye (c:\\Users\\joaom\\.vscode\\extensions\\uqbar.wollok-lsp-ide-0.5.2\\out\\server\\src\\server.js:7:8527)","timestamp":"2025-07-06T01:58:56.514Z"}
{"level":"info","message":"⌛ Validating arcaneBastion.wlk","timeElapsed":137,"timestamp":"2025-07-06T01:58:56.657Z"}
{"level":"info","message":"⌛ Validating arcaneBastion.wlk","timeElapsed":143,"timestamp":"2025-07-06T01:58:56.899Z"}
{"level":"info","message":"⌛ Building environment","timeElapsed":186,"timestamp":"2025-07-06T01:58:57.188Z"}
{"level":"info","message":"⌛ Validating arcaneBastion.wlk","timeElapsed":113,"timestamp":"2025-07-06T01:58:57.301Z"}
{"level":"info","message":"⌛ Validating arcaneBastion.wlk","timeElapsed":129,"timestamp":"2025-07-06T01:58:57.529Z"}
{"level":"info","message":"⌛ Building environment","timeElapsed":105,"timestamp":"2025-07-06T01:58:57.639Z"}
{"level":"info","message":"⌛ Validating arcaneBastion.wlk","timeElapsed":116,"timestamp":"2025-07-06T01:58:57.756Z"}
{"level":"info","message":"⌛ Validating arcaneBastion.wlk","timeElapsed":102,"timestamp":"2025-07-06T01:58:57.865Z"}
{"level":"info","message":"⌛ Building environment","timeElapsed":123,"timestamp":"2025-07-06T01:58:58.493Z"}
{"level":"info","message":"⌛ Validating arcaneBastion.wlk","timeElapsed":113,"timestamp":"2025-07-06T01:58:58.608Z"}
{"level":"info","message":"⌛ Building environment","timeElapsed":160,"timestamp":"2025-07-06T01:59:07.566Z"}
{"level":"info","message":"⌛ Validating arcaneBastion.wlk","timeElapsed":196,"timestamp":"2025-07-06T01:59:07.765Z"}
{"level":"info","message":"⌛ Building environment","timeElapsed":116,"timestamp":"2025-07-06T01:59:07.917Z"}
{"level":"info","message":"⌛ Validating arcaneBastion.wlk","timeElapsed":123,"timestamp":"2025-07-06T01:59:08.069Z"}
{"level":"info","message":"⌛ Building environment","timeElapsed":123,"timestamp":"2025-07-06T01:59:13.331Z"}
{"level":"info","message":"⌛ Validating arcaneBastion.wlk","timeElapsed":129,"timestamp":"2025-07-06T01:59:13.462Z"}
{"level":"info","message":"⌛ Validating arcaneBastion.wlk","timeElapsed":122,"timestamp":"2025-07-06T01:59:13.682Z"}
{"level":"info","message":"⌛ Building environment","timeElapsed":112,"timestamp":"2025-07-06T01:59:14.572Z"}
{"level":"info","message":"⌛ Validating arcaneBastion.wlk","timeElapsed":149,"timestamp":"2025-07-06T01:59:14.722Z"}
{"level":"info","message":"⌛ Validating arcaneBastion.wlk","timeElapsed":120,"timestamp":"2025-07-06T01:59:20.071Z"}
{"level":"error","message":"✘ Failed to rebuild document Failed to parse arcaneBastion.wlk: \n-- PARSING FAILED --------------------------------------------------\n\n  39 |   }\n  40 |   method clear() {}\n> 41 | }\n     | ^\n  42 | \n  43 | class CosaAnimada {//SI VAN HACER UNO QUE SEA SOLO DE 4 IMAGENES NI MÁS NI MENOS \n\nExpected one of the following: \n\n'@', 'class', 'const', 'describe', 'mixin', 'object', 'only', 'package', 'program', 'test', 'var', '{', EOF, comment, not \"}\r\n\r\n\", whitespace\n","stack":"Error: Failed to parse arcaneBastion.wlk: \n-- PARSING FAILED --------------------------------------------------\n\n  39 |   }\n  40 |   method clear() {}\n> 41 | }\n     | ^\n  42 | \n  43 | class CosaAnimada {//SI VAN HACER UNO QUE SEA SOLO DE 4 IMAGENES NI MÁS NI MENOS \n\nExpected one of the following: \n\n'@', 'class', 'const', 'describe', 'mixin', 'object', 'only', 'package', 'program', 'test', 'var', '{', EOF, comment, not \"}\r\n\r\n\", whitespace\n\n    at c:\\Users\\joaom\\.vscode\\extensions\\uqbar.wollok-lsp-ide-0.5.2\\out\\server\\src\\server.js:2326:13026\n    at Array.map (<anonymous>)\n    at D1n (c:\\Users\\joaom\\.vscode\\extensions\\uqbar.wollok-lsp-ide-0.5.2\\out\\server\\src\\server.js:2326:12950)\n    at W2.buildEnvironmentFrom (c:\\Users\\joaom\\.vscode\\extensions\\uqbar.wollok-lsp-ide-0.5.2\\out\\server\\src\\server.js:2371:5254)\n    at W2.updateEnvironmentWith (c:\\Users\\joaom\\.vscode\\extensions\\uqbar.wollok-lsp-ide-0.5.2\\out\\server\\src\\server.js:2371:4989)\n    at GF (c:\\Users\\joaom\\.vscode\\extensions\\uqbar.wollok-lsp-ide-0.5.2\\out\\server\\src\\server.js:2371:7383)\n    at L3.invoke (c:\\Users\\joaom\\.vscode\\extensions\\uqbar.wollok-lsp-ide-0.5.2\\out\\server\\src\\server.js:3:157326)\n    at o.fire (c:\\Users\\joaom\\.vscode\\extensions\\uqbar.wollok-lsp-ide-0.5.2\\out\\server\\src\\server.js:3:158096)\n    at c:\\Users\\joaom\\.vscode\\extensions\\uqbar.wollok-lsp-ide-0.5.2\\out\\server\\src\\server.js:37:57871\n    at Kr (c:\\Users\\joaom\\.vscode\\extensions\\uqbar.wollok-lsp-ide-0.5.2\\out\\server\\src\\server.js:8:1561)","timestamp":"2025-07-06T01:59:26.035Z"}
{"level":"info","message":"⌛ Building environment","timeElapsed":114,"timestamp":"2025-07-06T01:59:26.655Z"}
{"level":"info","message":"⌛ Building environment","timeElapsed":103,"timestamp":"2025-07-06T01:59:26.758Z"}
{"level":"info","message":"⌛ Validating arcaneBastion.wlk","timeElapsed":134,"timestamp":"2025-07-06T01:59:26.894Z"}
{"level":"info","message":"⌛ Building environment","timeElapsed":106,"timestamp":"2025-07-06T01:59:27.001Z"}
{"level":"info","message":"⌛ Validating arcaneBastion.wlk","timeElapsed":118,"timestamp":"2025-07-06T01:59:27.120Z"}
{"level":"info","message":"⌛ Validating arcaneBastion.wlk","timeElapsed":121,"timestamp":"2025-07-06T01:59:27.336Z"}
{"level":"info","message":"⌛ Validating arcaneBastion.wlk","timeElapsed":110,"timestamp":"2025-07-06T01:59:27.535Z"}
{"level":"error","message":"✘ Completions for node Return (undefined - arcaneBastion.wlk) failed: Error: [Return]{dcaaf4} at arcaneBastion.wlk:-- exhausted all cases without a match [Return]{dcaaf4} at arcaneBastion.wlk:-- exhausted all cases without a match","stack":"Error: [Return]{dcaaf4} at arcaneBastion.wlk:-- exhausted all cases without a match\n    at c:\\Users\\joaom\\.vscode\\extensions\\uqbar.wollok-lsp-ide-0.5.2\\out\\server\\src\\server.js:38:6142\n    at C2 (c:\\Users\\joaom\\.vscode\\extensions\\uqbar.wollok-lsp-ide-0.5.2\\out\\server\\src\\server.js:2362:42)\n    at Gh (c:\\Users\\joaom\\.vscode\\extensions\\uqbar.wollok-lsp-ide-0.5.2\\out\\server\\src\\server.js:2362:1092)\n    at l8n (c:\\Users\\joaom\\.vscode\\extensions\\uqbar.wollok-lsp-ide-0.5.2\\out\\server\\src\\server.js:2362:1248)\n    at c:\\Users\\joaom\\.vscode\\extensions\\uqbar.wollok-lsp-ide-0.5.2\\out\\server\\src\\server.js:38:6131\n    at C2 (c:\\Users\\joaom\\.vscode\\extensions\\uqbar.wollok-lsp-ide-0.5.2\\out\\server\\src\\server.js:2362:42)\n    at c:\\Users\\joaom\\.vscode\\extensions\\uqbar.wollok-lsp-ide-0.5.2\\out\\server\\src\\server.js:2362:2988\n    at c:\\Users\\joaom\\.vscode\\extensions\\uqbar.wollok-lsp-ide-0.5.2\\out\\server\\src\\server.js:2371:8440\n    at c:\\Users\\joaom\\.vscode\\extensions\\uqbar.wollok-lsp-ide-0.5.2\\out\\server\\src\\server.js:37:74872\n    at Ye (c:\\Users\\joaom\\.vscode\\extensions\\uqbar.wollok-lsp-ide-0.5.2\\out\\server\\src\\server.js:7:8527)","timestamp":"2025-07-06T01:59:27.650Z"}
{"level":"info","message":"⌛ Validating arcaneBastion.wlk","timeElapsed":126,"timestamp":"2025-07-06T01:59:27.779Z"}
{"level":"info","message":"⌛ Validating arcaneBastion.wlk","timeElapsed":114,"timestamp":"2025-07-06T01:59:27.898Z"}
{"level":"info","message":"⌛ Building environment","timeElapsed":120,"timestamp":"2025-07-06T01:59:28.018Z"}
{"level":"error","message":"✘ Completions for node Return (undefined - arcaneBastion.wlk) failed: Error: [Return]{dc8298} at arcaneBastion.wlk:-- exhausted all cases without a match [Return]{dc8298} at arcaneBastion.wlk:-- exhausted all cases without a match","stack":"Error: [Return]{dc8298} at arcaneBastion.wlk:-- exhausted all cases without a match\n    at c:\\Users\\joaom\\.vscode\\extensions\\uqbar.wollok-lsp-ide-0.5.2\\out\\server\\src\\server.js:38:6142\n    at C2 (c:\\Users\\joaom\\.vscode\\extensions\\uqbar.wollok-lsp-ide-0.5.2\\out\\server\\src\\server.js:2362:42)\n    at Gh (c:\\Users\\joaom\\.vscode\\extensions\\uqbar.wollok-lsp-ide-0.5.2\\out\\server\\src\\server.js:2362:1092)\n    at l8n (c:\\Users\\joaom\\.vscode\\extensions\\uqbar.wollok-lsp-ide-0.5.2\\out\\server\\src\\server.js:2362:1248)\n    at c:\\Users\\joaom\\.vscode\\extensions\\uqbar.wollok-lsp-ide-0.5.2\\out\\server\\src\\server.js:38:6131\n    at C2 (c:\\Users\\joaom\\.vscode\\extensions\\uqbar.wollok-lsp-ide-0.5.2\\out\\server\\src\\server.js:2362:42)\n    at c:\\Users\\joaom\\.vscode\\extensions\\uqbar.wollok-lsp-ide-0.5.2\\out\\server\\src\\server.js:2362:2988\n    at c:\\Users\\joaom\\.vscode\\extensions\\uqbar.wollok-lsp-ide-0.5.2\\out\\server\\src\\server.js:2371:8440\n    at c:\\Users\\joaom\\.vscode\\extensions\\uqbar.wollok-lsp-ide-0.5.2\\out\\server\\src\\server.js:37:74872\n    at Ye (c:\\Users\\joaom\\.vscode\\extensions\\uqbar.wollok-lsp-ide-0.5.2\\out\\server\\src\\server.js:7:8527)","timestamp":"2025-07-06T01:59:28.055Z"}
{"level":"error","message":"✘ Completions for node Return (undefined - arcaneBastion.wlk) failed: Error: [Return]{0b702f} at arcaneBastion.wlk:-- exhausted all cases without a match [Return]{0b702f} at arcaneBastion.wlk:-- exhausted all cases without a match","stack":"Error: [Return]{0b702f} at arcaneBastion.wlk:-- exhausted all cases without a match\n    at c:\\Users\\joaom\\.vscode\\extensions\\uqbar.wollok-lsp-ide-0.5.2\\out\\server\\src\\server.js:38:6142\n    at C2 (c:\\Users\\joaom\\.vscode\\extensions\\uqbar.wollok-lsp-ide-0.5.2\\out\\server\\src\\server.js:2362:42)\n    at Gh (c:\\Users\\joaom\\.vscode\\extensions\\uqbar.wollok-lsp-ide-0.5.2\\out\\server\\src\\server.js:2362:1092)\n    at l8n (c:\\Users\\joaom\\.vscode\\extensions\\uqbar.wollok-lsp-ide-0.5.2\\out\\server\\src\\server.js:2362:1248)\n    at c:\\Users\\joaom\\.vscode\\extensions\\uqbar.wollok-lsp-ide-0.5.2\\out\\server\\src\\server.js:38:6131\n    at C2 (c:\\Users\\joaom\\.vscode\\extensions\\uqbar.wollok-lsp-ide-0.5.2\\out\\server\\src\\server.js:2362:42)\n    at c:\\Users\\joaom\\.vscode\\extensions\\uqbar.wollok-lsp-ide-0.5.2\\out\\server\\src\\server.js:2362:2988\n    at c:\\Users\\joaom\\.vscode\\extensions\\uqbar.wollok-lsp-ide-0.5.2\\out\\server\\src\\server.js:2371:8440\n    at c:\\Users\\joaom\\.vscode\\extensions\\uqbar.wollok-lsp-ide-0.5.2\\out\\server\\src\\server.js:37:74872\n    at Ye (c:\\Users\\joaom\\.vscode\\extensions\\uqbar.wollok-lsp-ide-0.5.2\\out\\server\\src\\server.js:7:8527)","timestamp":"2025-07-06T01:59:28.170Z"}
{"level":"info","message":"⌛ Validating arcaneBastion.wlk","timeElapsed":116,"timestamp":"2025-07-06T01:59:28.290Z"}
{"level":"info","message":"⌛ Building environment","timeElapsed":148,"timestamp":"2025-07-06T01:59:28.446Z"}
{"level":"error","message":"✘ Completions for node Return (undefined - arcaneBastion.wlk) failed: Error: [Return]{c9d16f} at arcaneBastion.wlk:-- exhausted all cases without a match [Return]{c9d16f} at arcaneBastion.wlk:-- exhausted all cases without a match","stack":"Error: [Return]{c9d16f} at arcaneBastion.wlk:-- exhausted all cases without a match\n    at c:\\Users\\joaom\\.vscode\\extensions\\uqbar.wollok-lsp-ide-0.5.2\\out\\server\\src\\server.js:38:6142\n    at C2 (c:\\Users\\joaom\\.vscode\\extensions\\uqbar.wollok-lsp-ide-0.5.2\\out\\server\\src\\server.js:2362:42)\n    at Gh (c:\\Users\\joaom\\.vscode\\extensions\\uqbar.wollok-lsp-ide-0.5.2\\out\\server\\src\\server.js:2362:1092)\n    at l8n (c:\\Users\\joaom\\.vscode\\extensions\\uqbar.wollok-lsp-ide-0.5.2\\out\\server\\src\\server.js:2362:1248)\n    at c:\\Users\\joaom\\.vscode\\extensions\\uqbar.wollok-lsp-ide-0.5.2\\out\\server\\src\\server.js:38:6131\n    at C2 (c:\\Users\\joaom\\.vscode\\extensions\\uqbar.wollok-lsp-ide-0.5.2\\out\\server\\src\\server.js:2362:42)\n    at c:\\Users\\joaom\\.vscode\\extensions\\uqbar.wollok-lsp-ide-0.5.2\\out\\server\\src\\server.js:2362:2988\n    at c:\\Users\\joaom\\.vscode\\extensions\\uqbar.wollok-lsp-ide-0.5.2\\out\\server\\src\\server.js:2371:8440\n    at c:\\Users\\joaom\\.vscode\\extensions\\uqbar.wollok-lsp-ide-0.5.2\\out\\server\\src\\server.js:37:74872\n    at Ye (c:\\Users\\joaom\\.vscode\\extensions\\uqbar.wollok-lsp-ide-0.5.2\\out\\server\\src\\server.js:7:8527)","timestamp":"2025-07-06T01:59:28.481Z"}
{"level":"info","message":"⌛ Validating arcaneBastion.wlk","timeElapsed":126,"timestamp":"2025-07-06T01:59:28.618Z"}
{"level":"error","message":"✘ Completions for node Return (undefined - arcaneBastion.wlk) failed: Error: [Return]{ad3bd7} at arcaneBastion.wlk:-- exhausted all cases without a match [Return]{ad3bd7} at arcaneBastion.wlk:-- exhausted all cases without a match","stack":"Error: [Return]{ad3bd7} at arcaneBastion.wlk:-- exhausted all cases without a match\n    at c:\\Users\\joaom\\.vscode\\extensions\\uqbar.wollok-lsp-ide-0.5.2\\out\\server\\src\\server.js:38:6142\n    at C2 (c:\\Users\\joaom\\.vscode\\extensions\\uqbar.wollok-lsp-ide-0.5.2\\out\\server\\src\\server.js:2362:42)\n    at Gh (c:\\Users\\joaom\\.vscode\\extensions\\uqbar.wollok-lsp-ide-0.5.2\\out\\server\\src\\server.js:2362:1092)\n    at l8n (c:\\Users\\joaom\\.vscode\\extensions\\uqbar.wollok-lsp-ide-0.5.2\\out\\server\\src\\server.js:2362:1248)\n    at c:\\Users\\joaom\\.vscode\\extensions\\uqbar.wollok-lsp-ide-0.5.2\\out\\server\\src\\server.js:38:6131\n    at C2 (c:\\Users\\joaom\\.vscode\\extensions\\uqbar.wollok-lsp-ide-0.5.2\\out\\server\\src\\server.js:2362:42)\n    at c:\\Users\\joaom\\.vscode\\extensions\\uqbar.wollok-lsp-ide-0.5.2\\out\\server\\src\\server.js:2362:2988\n    at c:\\Users\\joaom\\.vscode\\extensions\\uqbar.wollok-lsp-ide-0.5.2\\out\\server\\src\\server.js:2371:8440\n    at c:\\Users\\joaom\\.vscode\\extensions\\uqbar.wollok-lsp-ide-0.5.2\\out\\server\\src\\server.js:37:74872\n    at Ye (c:\\Users\\joaom\\.vscode\\extensions\\uqbar.wollok-lsp-ide-0.5.2\\out\\server\\src\\server.js:7:8527)","timestamp":"2025-07-06T01:59:28.741Z"}
{"level":"error","message":"✘ Completions for node Return (undefined - arcaneBastion.wlk) failed: Error: [Return]{1fc2d8} at arcaneBastion.wlk:-- exhausted all cases without a match [Return]{1fc2d8} at arcaneBastion.wlk:-- exhausted all cases without a match","stack":"Error: [Return]{1fc2d8} at arcaneBastion.wlk:-- exhausted all cases without a match\n    at c:\\Users\\joaom\\.vscode\\extensions\\uqbar.wollok-lsp-ide-0.5.2\\out\\server\\src\\server.js:38:6142\n    at C2 (c:\\Users\\joaom\\.vscode\\extensions\\uqbar.wollok-lsp-ide-0.5.2\\out\\server\\src\\server.js:2362:42)\n    at Gh (c:\\Users\\joaom\\.vscode\\extensions\\uqbar.wollok-lsp-ide-0.5.2\\out\\server\\src\\server.js:2362:1092)\n    at l8n (c:\\Users\\joaom\\.vscode\\extensions\\uqbar.wollok-lsp-ide-0.5.2\\out\\server\\src\\server.js:2362:1248)\n    at c:\\Users\\joaom\\.vscode\\extensions\\uqbar.wollok-lsp-ide-0.5.2\\out\\server\\src\\server.js:38:6131\n    at C2 (c:\\Users\\joaom\\.vscode\\extensions\\uqbar.wollok-lsp-ide-0.5.2\\out\\server\\src\\server.js:2362:42)\n    at c:\\Users\\joaom\\.vscode\\extensions\\uqbar.wollok-lsp-ide-0.5.2\\out\\server\\src\\server.js:2362:2988\n    at c:\\Users\\joaom\\.vscode\\extensions\\uqbar.wollok-lsp-ide-0.5.2\\out\\server\\src\\server.js:2371:8440\n    at c:\\Users\\joaom\\.vscode\\extensions\\uqbar.wollok-lsp-ide-0.5.2\\out\\server\\src\\server.js:37:74872\n    at Ye (c:\\Users\\joaom\\.vscode\\extensions\\uqbar.wollok-lsp-ide-0.5.2\\out\\server\\src\\server.js:7:8527)","timestamp":"2025-07-06T01:59:28.866Z"}
{"level":"info","message":"⌛ Validating arcaneBastion.wlk","timeElapsed":117,"timestamp":"2025-07-06T01:59:28.996Z"}
{"level":"info","message":"⌛ Validating arcaneBastion.wlk","timeElapsed":111,"timestamp":"2025-07-06T01:59:29.113Z"}
{"level":"error","message":"✘ Failed to rebuild document Failed to parse arcaneBastion.wlk: \n-- PARSING FAILED --------------------------------------------------\n\n  39 |   }\n  40 |   method clear() {}\n> 41 | }\n     | ^\n  42 | \n  43 | class CosaAnimada {//SI VAN HACER UNO QUE SEA SOLO DE 4 IMAGENES NI MÁS NI MENOS \n\nExpected one of the following: \n\n'@', 'class', 'const', 'describe', 'mixin', 'object', 'only', 'package', 'program', 'test', 'var', '{', EOF, comment, not \"}\r\n\r\n\", whitespace\n","stack":"Error: Failed to parse arcaneBastion.wlk: \n-- PARSING FAILED --------------------------------------------------\n\n  39 |   }\n  40 |   method clear() {}\n> 41 | }\n     | ^\n  42 | \n  43 | class CosaAnimada {//SI VAN HACER UNO QUE SEA SOLO DE 4 IMAGENES NI MÁS NI MENOS \n\nExpected one of the following: \n\n'@', 'class', 'const', 'describe', 'mixin', 'object', 'only', 'package', 'program', 'test', 'var', '{', EOF, comment, not \"}\r\n\r\n\", whitespace\n\n    at c:\\Users\\joaom\\.vscode\\extensions\\uqbar.wollok-lsp-ide-0.5.2\\out\\server\\src\\server.js:2326:13026\n    at Array.map (<anonymous>)\n    at D1n (c:\\Users\\joaom\\.vscode\\extensions\\uqbar.wollok-lsp-ide-0.5.2\\out\\server\\src\\server.js:2326:12950)\n    at W2.buildEnvironmentFrom (c:\\Users\\joaom\\.vscode\\extensions\\uqbar.wollok-lsp-ide-0.5.2\\out\\server\\src\\server.js:2371:5254)\n    at W2.updateEnvironmentWith (c:\\Users\\joaom\\.vscode\\extensions\\uqbar.wollok-lsp-ide-0.5.2\\out\\server\\src\\server.js:2371:4989)\n    at GF (c:\\Users\\joaom\\.vscode\\extensions\\uqbar.wollok-lsp-ide-0.5.2\\out\\server\\src\\server.js:2371:7383)\n    at L3.invoke (c:\\Users\\joaom\\.vscode\\extensions\\uqbar.wollok-lsp-ide-0.5.2\\out\\server\\src\\server.js:3:157326)\n    at o.fire (c:\\Users\\joaom\\.vscode\\extensions\\uqbar.wollok-lsp-ide-0.5.2\\out\\server\\src\\server.js:3:158096)\n    at c:\\Users\\joaom\\.vscode\\extensions\\uqbar.wollok-lsp-ide-0.5.2\\out\\server\\src\\server.js:37:57871\n    at Kr (c:\\Users\\joaom\\.vscode\\extensions\\uqbar.wollok-lsp-ide-0.5.2\\out\\server\\src\\server.js:8:1561)","timestamp":"2025-07-06T01:59:29.129Z"}
{"level":"info","message":"⌛ Validating arcaneBastion.wlk","timeElapsed":117,"timestamp":"2025-07-06T01:59:29.248Z"}
{"level":"error","message":"✘ Completions for node Return (undefined - arcaneBastion.wlk) failed: Error: [Return]{a6620a} at arcaneBastion.wlk:-- exhausted all cases without a match [Return]{a6620a} at arcaneBastion.wlk:-- exhausted all cases without a match","stack":"Error: [Return]{a6620a} at arcaneBastion.wlk:-- exhausted all cases without a match\n    at c:\\Users\\joaom\\.vscode\\extensions\\uqbar.wollok-lsp-ide-0.5.2\\out\\server\\src\\server.js:38:6142\n    at C2 (c:\\Users\\joaom\\.vscode\\extensions\\uqbar.wollok-lsp-ide-0.5.2\\out\\server\\src\\server.js:2362:42)\n    at Gh (c:\\Users\\joaom\\.vscode\\extensions\\uqbar.wollok-lsp-ide-0.5.2\\out\\server\\src\\server.js:2362:1092)\n    at l8n (c:\\Users\\joaom\\.vscode\\extensions\\uqbar.wollok-lsp-ide-0.5.2\\out\\server\\src\\server.js:2362:1248)\n    at c:\\Users\\joaom\\.vscode\\extensions\\uqbar.wollok-lsp-ide-0.5.2\\out\\server\\src\\server.js:38:6131\n    at C2 (c:\\Users\\joaom\\.vscode\\extensions\\uqbar.wollok-lsp-ide-0.5.2\\out\\server\\src\\server.js:2362:42)\n    at c:\\Users\\joaom\\.vscode\\extensions\\uqbar.wollok-lsp-ide-0.5.2\\out\\server\\src\\server.js:2362:2988\n    at c:\\Users\\joaom\\.vscode\\extensions\\uqbar.wollok-lsp-ide-0.5.2\\out\\server\\src\\server.js:2371:8440\n    at c:\\Users\\joaom\\.vscode\\extensions\\uqbar.wollok-lsp-ide-0.5.2\\out\\server\\src\\server.js:37:74872\n    at Ye (c:\\Users\\joaom\\.vscode\\extensions\\uqbar.wollok-lsp-ide-0.5.2\\out\\server\\src\\server.js:7:8527)","timestamp":"2025-07-06T01:59:29.365Z"}
{"level":"info","message":"⌛ Building environment","timeElapsed":102,"timestamp":"2025-07-06T01:59:29.572Z"}
{"level":"info","message":"⌛ Validating arcaneBastion.wlk","timeElapsed":110,"timestamp":"2025-07-06T01:59:29.684Z"}
{"level":"info","message":"⌛ Validating arcaneBastion.wlk","timeElapsed":105,"timestamp":"2025-07-06T01:59:29.790Z"}
{"level":"error","message":"✘ Completions for node Return (undefined - arcaneBastion.wlk) failed: Error: [Return]{aa09a1} at arcaneBastion.wlk:-- exhausted all cases without a match [Return]{aa09a1} at arcaneBastion.wlk:-- exhausted all cases without a match","stack":"Error: [Return]{aa09a1} at arcaneBastion.wlk:-- exhausted all cases without a match\n    at c:\\Users\\joaom\\.vscode\\extensions\\uqbar.wollok-lsp-ide-0.5.2\\out\\server\\src\\server.js:38:6142\n    at C2 (c:\\Users\\joaom\\.vscode\\extensions\\uqbar.wollok-lsp-ide-0.5.2\\out\\server\\src\\server.js:2362:42)\n    at Gh (c:\\Users\\joaom\\.vscode\\extensions\\uqbar.wollok-lsp-ide-0.5.2\\out\\server\\src\\server.js:2362:1092)\n    at l8n (c:\\Users\\joaom\\.vscode\\extensions\\uqbar.wollok-lsp-ide-0.5.2\\out\\server\\src\\server.js:2362:1248)\n    at c:\\Users\\joaom\\.vscode\\extensions\\uqbar.wollok-lsp-ide-0.5.2\\out\\server\\src\\server.js:38:6131\n    at C2 (c:\\Users\\joaom\\.vscode\\extensions\\uqbar.wollok-lsp-ide-0.5.2\\out\\server\\src\\server.js:2362:42)\n    at c:\\Users\\joaom\\.vscode\\extensions\\uqbar.wollok-lsp-ide-0.5.2\\out\\server\\src\\server.js:2362:2988\n    at c:\\Users\\joaom\\.vscode\\extensions\\uqbar.wollok-lsp-ide-0.5.2\\out\\server\\src\\server.js:2371:8440\n    at c:\\Users\\joaom\\.vscode\\extensions\\uqbar.wollok-lsp-ide-0.5.2\\out\\server\\src\\server.js:37:74872\n    at Ye (c:\\Users\\joaom\\.vscode\\extensions\\uqbar.wollok-lsp-ide-0.5.2\\out\\server\\src\\server.js:7:8527)","timestamp":"2025-07-06T01:59:29.904Z"}
{"level":"info","message":"⌛ Validating arcaneBastion.wlk","timeElapsed":108,"timestamp":"2025-07-06T01:59:30.016Z"}
{"level":"info","message":"⌛ Validating arcaneBastion.wlk","timeElapsed":108,"timestamp":"2025-07-06T01:59:30.216Z"}
{"level":"info","message":"⌛ Validating arcaneBastion.wlk","timeElapsed":123,"timestamp":"2025-07-06T01:59:30.438Z"}
{"level":"error","message":"✘ Completions for node Return (undefined - arcaneBastion.wlk) failed: Error: [Return]{55bafe} at arcaneBastion.wlk:-- exhausted all cases without a match [Return]{55bafe} at arcaneBastion.wlk:-- exhausted all cases without a match","stack":"Error: [Return]{55bafe} at arcaneBastion.wlk:-- exhausted all cases without a match\n    at c:\\Users\\joaom\\.vscode\\extensions\\uqbar.wollok-lsp-ide-0.5.2\\out\\server\\src\\server.js:38:6142\n    at C2 (c:\\Users\\joaom\\.vscode\\extensions\\uqbar.wollok-lsp-ide-0.5.2\\out\\server\\src\\server.js:2362:42)\n    at Gh (c:\\Users\\joaom\\.vscode\\extensions\\uqbar.wollok-lsp-ide-0.5.2\\out\\server\\src\\server.js:2362:1092)\n    at l8n (c:\\Users\\joaom\\.vscode\\extensions\\uqbar.wollok-lsp-ide-0.5.2\\out\\server\\src\\server.js:2362:1248)\n    at c:\\Users\\joaom\\.vscode\\extensions\\uqbar.wollok-lsp-ide-0.5.2\\out\\server\\src\\server.js:38:6131\n    at C2 (c:\\Users\\joaom\\.vscode\\extensions\\uqbar.wollok-lsp-ide-0.5.2\\out\\server\\src\\server.js:2362:42)\n    at c:\\Users\\joaom\\.vscode\\extensions\\uqbar.wollok-lsp-ide-0.5.2\\out\\server\\src\\server.js:2362:2988\n    at c:\\Users\\joaom\\.vscode\\extensions\\uqbar.wollok-lsp-ide-0.5.2\\out\\server\\src\\server.js:2371:8440\n    at c:\\Users\\joaom\\.vscode\\extensions\\uqbar.wollok-lsp-ide-0.5.2\\out\\server\\src\\server.js:37:74872\n    at Ye (c:\\Users\\joaom\\.vscode\\extensions\\uqbar.wollok-lsp-ide-0.5.2\\out\\server\\src\\server.js:7:8527)","timestamp":"2025-07-06T01:59:30.548Z"}
{"level":"info","message":"⌛ Validating arcaneBastion.wlk","timeElapsed":105,"timestamp":"2025-07-06T01:59:30.656Z"}
{"level":"info","message":"⌛ Validating arcaneBastion.wlk","timeElapsed":101,"timestamp":"2025-07-06T01:59:30.763Z"}
{"level":"error","message":"✘ Completions for node Return (undefined - arcaneBastion.wlk) failed: Error: [Return]{06810c} at arcaneBastion.wlk:-- exhausted all cases without a match [Return]{06810c} at arcaneBastion.wlk:-- exhausted all cases without a match","stack":"Error: [Return]{06810c} at arcaneBastion.wlk:-- exhausted all cases without a match\n    at c:\\Users\\joaom\\.vscode\\extensions\\uqbar.wollok-lsp-ide-0.5.2\\out\\server\\src\\server.js:38:6142\n    at C2 (c:\\Users\\joaom\\.vscode\\extensions\\uqbar.wollok-lsp-ide-0.5.2\\out\\server\\src\\server.js:2362:42)\n    at Gh (c:\\Users\\joaom\\.vscode\\extensions\\uqbar.wollok-lsp-ide-0.5.2\\out\\server\\src\\server.js:2362:1092)\n    at l8n (c:\\Users\\joaom\\.vscode\\extensions\\uqbar.wollok-lsp-ide-0.5.2\\out\\server\\src\\server.js:2362:1248)\n    at c:\\Users\\joaom\\.vscode\\extensions\\uqbar.wollok-lsp-ide-0.5.2\\out\\server\\src\\server.js:38:6131\n    at C2 (c:\\Users\\joaom\\.vscode\\extensions\\uqbar.wollok-lsp-ide-0.5.2\\out\\server\\src\\server.js:2362:42)\n    at c:\\Users\\joaom\\.vscode\\extensions\\uqbar.wollok-lsp-ide-0.5.2\\out\\server\\src\\server.js:2362:2988\n    at c:\\Users\\joaom\\.vscode\\extensions\\uqbar.wollok-lsp-ide-0.5.2\\out\\server\\src\\server.js:2371:8440\n    at c:\\Users\\joaom\\.vscode\\extensions\\uqbar.wollok-lsp-ide-0.5.2\\out\\server\\src\\server.js:37:74872\n    at Ye (c:\\Users\\joaom\\.vscode\\extensions\\uqbar.wollok-lsp-ide-0.5.2\\out\\server\\src\\server.js:7:8527)","timestamp":"2025-07-06T01:59:36.829Z"}
{"level":"info","message":"⌛ Validating arcaneBastion.wlk","timeElapsed":151,"timestamp":"2025-07-06T01:59:36.982Z"}
{"level":"info","message":"⌛ Building environment","timeElapsed":105,"timestamp":"2025-07-06T01:59:37.088Z"}
{"level":"error","message":"✘ Completions for node Return (undefined - arcaneBastion.wlk) failed: Error: [Return]{a8865b} at arcaneBastion.wlk:-- exhausted all cases without a match [Return]{a8865b} at arcaneBastion.wlk:-- exhausted all cases without a match","stack":"Error: [Return]{a8865b} at arcaneBastion.wlk:-- exhausted all cases without a match\n    at c:\\Users\\joaom\\.vscode\\extensions\\uqbar.wollok-lsp-ide-0.5.2\\out\\server\\src\\server.js:38:6142\n    at C2 (c:\\Users\\joaom\\.vscode\\extensions\\uqbar.wollok-lsp-ide-0.5.2\\out\\server\\src\\server.js:2362:42)\n    at Gh (c:\\Users\\joaom\\.vscode\\extensions\\uqbar.wollok-lsp-ide-0.5.2\\out\\server\\src\\server.js:2362:1092)\n    at l8n (c:\\Users\\joaom\\.vscode\\extensions\\uqbar.wollok-lsp-ide-0.5.2\\out\\server\\src\\server.js:2362:1248)\n    at c:\\Users\\joaom\\.vscode\\extensions\\uqbar.wollok-lsp-ide-0.5.2\\out\\server\\src\\server.js:38:6131\n    at C2 (c:\\Users\\joaom\\.vscode\\extensions\\uqbar.wollok-lsp-ide-0.5.2\\out\\server\\src\\server.js:2362:42)\n    at c:\\Users\\joaom\\.vscode\\extensions\\uqbar.wollok-lsp-ide-0.5.2\\out\\server\\src\\server.js:2362:2988\n    at c:\\Users\\joaom\\.vscode\\extensions\\uqbar.wollok-lsp-ide-0.5.2\\out\\server\\src\\server.js:2371:8440\n    at c:\\Users\\joaom\\.vscode\\extensions\\uqbar.wollok-lsp-ide-0.5.2\\out\\server\\src\\server.js:37:74872\n    at Ye (c:\\Users\\joaom\\.vscode\\extensions\\uqbar.wollok-lsp-ide-0.5.2\\out\\server\\src\\server.js:7:8527)","timestamp":"2025-07-06T01:59:37.120Z"}
{"level":"info","message":"⌛ Validating arcaneBastion.wlk","timeElapsed":119,"timestamp":"2025-07-06T01:59:37.346Z"}
{"level":"info","message":"⌛ Validating arcaneBastion.wlk","timeElapsed":109,"timestamp":"2025-07-06T01:59:37.463Z"}
{"level":"error","message":"✘ Completions for node Return (undefined - arcaneBastion.wlk) failed: Error: [Return]{63f0bd} at arcaneBastion.wlk:-- exhausted all cases without a match [Return]{63f0bd} at arcaneBastion.wlk:-- exhausted all cases without a match","stack":"Error: [Return]{63f0bd} at arcaneBastion.wlk:-- exhausted all cases without a match\n    at c:\\Users\\joaom\\.vscode\\extensions\\uqbar.wollok-lsp-ide-0.5.2\\out\\server\\src\\server.js:38:6142\n    at C2 (c:\\Users\\joaom\\.vscode\\extensions\\uqbar.wollok-lsp-ide-0.5.2\\out\\server\\src\\server.js:2362:42)\n    at Gh (c:\\Users\\joaom\\.vscode\\extensions\\uqbar.wollok-lsp-ide-0.5.2\\out\\server\\src\\server.js:2362:1092)\n    at l8n (c:\\Users\\joaom\\.vscode\\extensions\\uqbar.wollok-lsp-ide-0.5.2\\out\\server\\src\\server.js:2362:1248)\n    at c:\\Users\\joaom\\.vscode\\extensions\\uqbar.wollok-lsp-ide-0.5.2\\out\\server\\src\\server.js:38:6131\n    at C2 (c:\\Users\\joaom\\.vscode\\extensions\\uqbar.wollok-lsp-ide-0.5.2\\out\\server\\src\\server.js:2362:42)\n    at c:\\Users\\joaom\\.vscode\\extensions\\uqbar.wollok-lsp-ide-0.5.2\\out\\server\\src\\server.js:2362:2988\n    at c:\\Users\\joaom\\.vscode\\extensions\\uqbar.wollok-lsp-ide-0.5.2\\out\\server\\src\\server.js:2371:8440\n    at c:\\Users\\joaom\\.vscode\\extensions\\uqbar.wollok-lsp-ide-0.5.2\\out\\server\\src\\server.js:37:74872\n    at Ye (c:\\Users\\joaom\\.vscode\\extensions\\uqbar.wollok-lsp-ide-0.5.2\\out\\server\\src\\server.js:7:8527)","timestamp":"2025-07-06T01:59:37.607Z"}
{"level":"info","message":"⌛ Validating arcaneBastion.wlk","timeElapsed":114,"timestamp":"2025-07-06T01:59:37.724Z"}
{"level":"error","message":"✘ Completions for node Return (undefined - arcaneBastion.wlk) failed: Error: [Return]{083b44} at arcaneBastion.wlk:-- exhausted all cases without a match [Return]{083b44} at arcaneBastion.wlk:-- exhausted all cases without a match","stack":"Error: [Return]{083b44} at arcaneBastion.wlk:-- exhausted all cases without a match\n    at c:\\Users\\joaom\\.vscode\\extensions\\uqbar.wollok-lsp-ide-0.5.2\\out\\server\\src\\server.js:38:6142\n    at C2 (c:\\Users\\joaom\\.vscode\\extensions\\uqbar.wollok-lsp-ide-0.5.2\\out\\server\\src\\server.js:2362:42)\n    at Gh (c:\\Users\\joaom\\.vscode\\extensions\\uqbar.wollok-lsp-ide-0.5.2\\out\\server\\src\\server.js:2362:1092)\n    at l8n (c:\\Users\\joaom\\.vscode\\extensions\\uqbar.wollok-lsp-ide-0.5.2\\out\\server\\src\\server.js:2362:1248)\n    at c:\\Users\\joaom\\.vscode\\extensions\\uqbar.wollok-lsp-ide-0.5.2\\out\\server\\src\\server.js:38:6131\n    at C2 (c:\\Users\\joaom\\.vscode\\extensions\\uqbar.wollok-lsp-ide-0.5.2\\out\\server\\src\\server.js:2362:42)\n    at c:\\Users\\joaom\\.vscode\\extensions\\uqbar.wollok-lsp-ide-0.5.2\\out\\server\\src\\server.js:2362:2988\n    at c:\\Users\\joaom\\.vscode\\extensions\\uqbar.wollok-lsp-ide-0.5.2\\out\\server\\src\\server.js:2371:8440\n    at c:\\Users\\joaom\\.vscode\\extensions\\uqbar.wollok-lsp-ide-0.5.2\\out\\server\\src\\server.js:37:74872\n    at Ye (c:\\Users\\joaom\\.vscode\\extensions\\uqbar.wollok-lsp-ide-0.5.2\\out\\server\\src\\server.js:7:8527)","timestamp":"2025-07-06T01:59:37.844Z"}
{"level":"info","message":"⌛ Validating arcaneBastion.wlk","timeElapsed":130,"timestamp":"2025-07-06T01:59:37.978Z"}
{"level":"error","message":"✘ Completions for node Return (undefined - arcaneBastion.wlk) failed: Error: [Return]{62fac6} at arcaneBastion.wlk:-- exhausted all cases without a match [Return]{62fac6} at arcaneBastion.wlk:-- exhausted all cases without a match","stack":"Error: [Return]{62fac6} at arcaneBastion.wlk:-- exhausted all cases without a match\n    at c:\\Users\\joaom\\.vscode\\extensions\\uqbar.wollok-lsp-ide-0.5.2\\out\\server\\src\\server.js:38:6142\n    at C2 (c:\\Users\\joaom\\.vscode\\extensions\\uqbar.wollok-lsp-ide-0.5.2\\out\\server\\src\\server.js:2362:42)\n    at Gh (c:\\Users\\joaom\\.vscode\\extensions\\uqbar.wollok-lsp-ide-0.5.2\\out\\server\\src\\server.js:2362:1092)\n    at l8n (c:\\Users\\joaom\\.vscode\\extensions\\uqbar.wollok-lsp-ide-0.5.2\\out\\server\\src\\server.js:2362:1248)\n    at c:\\Users\\joaom\\.vscode\\extensions\\uqbar.wollok-lsp-ide-0.5.2\\out\\server\\src\\server.js:38:6131\n    at C2 (c:\\Users\\joaom\\.vscode\\extensions\\uqbar.wollok-lsp-ide-0.5.2\\out\\server\\src\\server.js:2362:42)\n    at c:\\Users\\joaom\\.vscode\\extensions\\uqbar.wollok-lsp-ide-0.5.2\\out\\server\\src\\server.js:2362:2988\n    at c:\\Users\\joaom\\.vscode\\extensions\\uqbar.wollok-lsp-ide-0.5.2\\out\\server\\src\\server.js:2371:8440\n    at c:\\Users\\joaom\\.vscode\\extensions\\uqbar.wollok-lsp-ide-0.5.2\\out\\server\\src\\server.js:37:74872\n    at Ye (c:\\Users\\joaom\\.vscode\\extensions\\uqbar.wollok-lsp-ide-0.5.2\\out\\server\\src\\server.js:7:8527)","timestamp":"2025-07-06T01:59:38.090Z"}
{"level":"info","message":"⌛ Validating arcaneBastion.wlk","timeElapsed":107,"timestamp":"2025-07-06T01:59:38.301Z"}
{"level":"error","message":"✘ Completions for node Return (undefined - arcaneBastion.wlk) failed: Error: [Return]{39fdb6} at arcaneBastion.wlk:-- exhausted all cases without a match [Return]{39fdb6} at arcaneBastion.wlk:-- exhausted all cases without a match","stack":"Error: [Return]{39fdb6} at arcaneBastion.wlk:-- exhausted all cases without a match\n    at c:\\Users\\joaom\\.vscode\\extensions\\uqbar.wollok-lsp-ide-0.5.2\\out\\server\\src\\server.js:38:6142\n    at C2 (c:\\Users\\joaom\\.vscode\\extensions\\uqbar.wollok-lsp-ide-0.5.2\\out\\server\\src\\server.js:2362:42)\n    at Gh (c:\\Users\\joaom\\.vscode\\extensions\\uqbar.wollok-lsp-ide-0.5.2\\out\\server\\src\\server.js:2362:1092)\n    at l8n (c:\\Users\\joaom\\.vscode\\extensions\\uqbar.wollok-lsp-ide-0.5.2\\out\\server\\src\\server.js:2362:1248)\n    at c:\\Users\\joaom\\.vscode\\extensions\\uqbar.wollok-lsp-ide-0.5.2\\out\\server\\src\\server.js:38:6131\n    at C2 (c:\\Users\\joaom\\.vscode\\extensions\\uqbar.wollok-lsp-ide-0.5.2\\out\\server\\src\\server.js:2362:42)\n    at c:\\Users\\joaom\\.vscode\\extensions\\uqbar.wollok-lsp-ide-0.5.2\\out\\server\\src\\server.js:2362:2988\n    at c:\\Users\\joaom\\.vscode\\extensions\\uqbar.wollok-lsp-ide-0.5.2\\out\\server\\src\\server.js:2371:8440\n    at c:\\Users\\joaom\\.vscode\\extensions\\uqbar.wollok-lsp-ide-0.5.2\\out\\server\\src\\server.js:37:74872\n    at Ye (c:\\Users\\joaom\\.vscode\\extensions\\uqbar.wollok-lsp-ide-0.5.2\\out\\server\\src\\server.js:7:8527)","timestamp":"2025-07-06T01:59:38.417Z"}
{"level":"info","message":"⌛ Validating arcaneBastion.wlk","timeElapsed":115,"timestamp":"2025-07-06T01:59:38.534Z"}
{"level":"info","message":"⌛ Building environment","timeElapsed":102,"timestamp":"2025-07-06T01:59:38.643Z"}
{"level":"error","message":"✘ Completions for node Return (undefined - arcaneBastion.wlk) failed: Error: [Return]{a77af6} at arcaneBastion.wlk:-- exhausted all cases without a match [Return]{a77af6} at arcaneBastion.wlk:-- exhausted all cases without a match","stack":"Error: [Return]{a77af6} at arcaneBastion.wlk:-- exhausted all cases without a match\n    at c:\\Users\\joaom\\.vscode\\extensions\\uqbar.wollok-lsp-ide-0.5.2\\out\\server\\src\\server.js:38:6142\n    at C2 (c:\\Users\\joaom\\.vscode\\extensions\\uqbar.wollok-lsp-ide-0.5.2\\out\\server\\src\\server.js:2362:42)\n    at Gh (c:\\Users\\joaom\\.vscode\\extensions\\uqbar.wollok-lsp-ide-0.5.2\\out\\server\\src\\server.js:2362:1092)\n    at l8n (c:\\Users\\joaom\\.vscode\\extensions\\uqbar.wollok-lsp-ide-0.5.2\\out\\server\\src\\server.js:2362:1248)\n    at c:\\Users\\joaom\\.vscode\\extensions\\uqbar.wollok-lsp-ide-0.5.2\\out\\server\\src\\server.js:38:6131\n    at C2 (c:\\Users\\joaom\\.vscode\\extensions\\uqbar.wollok-lsp-ide-0.5.2\\out\\server\\src\\server.js:2362:42)\n    at c:\\Users\\joaom\\.vscode\\extensions\\uqbar.wollok-lsp-ide-0.5.2\\out\\server\\src\\server.js:2362:2988\n    at c:\\Users\\joaom\\.vscode\\extensions\\uqbar.wollok-lsp-ide-0.5.2\\out\\server\\src\\server.js:2371:8440\n    at c:\\Users\\joaom\\.vscode\\extensions\\uqbar.wollok-lsp-ide-0.5.2\\out\\server\\src\\server.js:37:74872\n    at Ye (c:\\Users\\joaom\\.vscode\\extensions\\uqbar.wollok-lsp-ide-0.5.2\\out\\server\\src\\server.js:7:8527)","timestamp":"2025-07-06T01:59:38.671Z"}
{"level":"info","message":"⌛ Validating arcaneBastion.wlk","timeElapsed":120,"timestamp":"2025-07-06T01:59:38.794Z"}
{"level":"error","message":"✘ Completions for node Return (undefined - arcaneBastion.wlk) failed: Error: [Return]{597abd} at arcaneBastion.wlk:-- exhausted all cases without a match [Return]{597abd} at arcaneBastion.wlk:-- exhausted all cases without a match","stack":"Error: [Return]{597abd} at arcaneBastion.wlk:-- exhausted all cases without a match\n    at c:\\Users\\joaom\\.vscode\\extensions\\uqbar.wollok-lsp-ide-0.5.2\\out\\server\\src\\server.js:38:6142\n    at C2 (c:\\Users\\joaom\\.vscode\\extensions\\uqbar.wollok-lsp-ide-0.5.2\\out\\server\\src\\server.js:2362:42)\n    at Gh (c:\\Users\\joaom\\.vscode\\extensions\\uqbar.wollok-lsp-ide-0.5.2\\out\\server\\src\\server.js:2362:1092)\n    at l8n (c:\\Users\\joaom\\.vscode\\extensions\\uqbar.wollok-lsp-ide-0.5.2\\out\\server\\src\\server.js:2362:1248)\n    at c:\\Users\\joaom\\.vscode\\extensions\\uqbar.wollok-lsp-ide-0.5.2\\out\\server\\src\\server.js:38:6131\n    at C2 (c:\\Users\\joaom\\.vscode\\extensions\\uqbar.wollok-lsp-ide-0.5.2\\out\\server\\src\\server.js:2362:42)\n    at c:\\Users\\joaom\\.vscode\\extensions\\uqbar.wollok-lsp-ide-0.5.2\\out\\server\\src\\server.js:2362:2988\n    at c:\\Users\\joaom\\.vscode\\extensions\\uqbar.wollok-lsp-ide-0.5.2\\out\\server\\src\\server.js:2371:8440\n    at c:\\Users\\joaom\\.vscode\\extensions\\uqbar.wollok-lsp-ide-0.5.2\\out\\server\\src\\server.js:37:74872\n    at Ye (c:\\Users\\joaom\\.vscode\\extensions\\uqbar.wollok-lsp-ide-0.5.2\\out\\server\\src\\server.js:7:8527)","timestamp":"2025-07-06T01:59:38.908Z"}
{"level":"info","message":"⌛ Validating arcaneBastion.wlk","timeElapsed":107,"timestamp":"2025-07-06T01:59:39.020Z"}
{"level":"error","message":"✘ Completions for node Return (undefined - arcaneBastion.wlk) failed: Error: [Return]{8581e6} at arcaneBastion.wlk:-- exhausted all cases without a match [Return]{8581e6} at arcaneBastion.wlk:-- exhausted all cases without a match","stack":"Error: [Return]{8581e6} at arcaneBastion.wlk:-- exhausted all cases without a match\n    at c:\\Users\\joaom\\.vscode\\extensions\\uqbar.wollok-lsp-ide-0.5.2\\out\\server\\src\\server.js:38:6142\n    at C2 (c:\\Users\\joaom\\.vscode\\extensions\\uqbar.wollok-lsp-ide-0.5.2\\out\\server\\src\\server.js:2362:42)\n    at Gh (c:\\Users\\joaom\\.vscode\\extensions\\uqbar.wollok-lsp-ide-0.5.2\\out\\server\\src\\server.js:2362:1092)\n    at l8n (c:\\Users\\joaom\\.vscode\\extensions\\uqbar.wollok-lsp-ide-0.5.2\\out\\server\\src\\server.js:2362:1248)\n    at c:\\Users\\joaom\\.vscode\\extensions\\uqbar.wollok-lsp-ide-0.5.2\\out\\server\\src\\server.js:38:6131\n    at C2 (c:\\Users\\joaom\\.vscode\\extensions\\uqbar.wollok-lsp-ide-0.5.2\\out\\server\\src\\server.js:2362:42)\n    at c:\\Users\\joaom\\.vscode\\extensions\\uqbar.wollok-lsp-ide-0.5.2\\out\\server\\src\\server.js:2362:2988\n    at c:\\Users\\joaom\\.vscode\\extensions\\uqbar.wollok-lsp-ide-0.5.2\\out\\server\\src\\server.js:2371:8440\n    at c:\\Users\\joaom\\.vscode\\extensions\\uqbar.wollok-lsp-ide-0.5.2\\out\\server\\src\\server.js:37:74872\n    at Ye (c:\\Users\\joaom\\.vscode\\extensions\\uqbar.wollok-lsp-ide-0.5.2\\out\\server\\src\\server.js:7:8527)","timestamp":"2025-07-06T01:59:39.154Z"}
{"level":"info","message":"⌛ Validating arcaneBastion.wlk","timeElapsed":106,"timestamp":"2025-07-06T01:59:39.262Z"}
{"level":"error","message":"✘ Completions for node Return (undefined - arcaneBastion.wlk) failed: Error: [Return]{34e76b} at arcaneBastion.wlk:-- exhausted all cases without a match [Return]{34e76b} at arcaneBastion.wlk:-- exhausted all cases without a match","stack":"Error: [Return]{34e76b} at arcaneBastion.wlk:-- exhausted all cases without a match\n    at c:\\Users\\joaom\\.vscode\\extensions\\uqbar.wollok-lsp-ide-0.5.2\\out\\server\\src\\server.js:38:6142\n    at C2 (c:\\Users\\joaom\\.vscode\\extensions\\uqbar.wollok-lsp-ide-0.5.2\\out\\server\\src\\server.js:2362:42)\n    at Gh (c:\\Users\\joaom\\.vscode\\extensions\\uqbar.wollok-lsp-ide-0.5.2\\out\\server\\src\\server.js:2362:1092)\n    at l8n (c:\\Users\\joaom\\.vscode\\extensions\\uqbar.wollok-lsp-ide-0.5.2\\out\\server\\src\\server.js:2362:1248)\n    at c:\\Users\\joaom\\.vscode\\extensions\\uqbar.wollok-lsp-ide-0.5.2\\out\\server\\src\\server.js:38:6131\n    at C2 (c:\\Users\\joaom\\.vscode\\extensions\\uqbar.wollok-lsp-ide-0.5.2\\out\\server\\src\\server.js:2362:42)\n    at c:\\Users\\joaom\\.vscode\\extensions\\uqbar.wollok-lsp-ide-0.5.2\\out\\server\\src\\server.js:2362:2988\n    at c:\\Users\\joaom\\.vscode\\extensions\\uqbar.wollok-lsp-ide-0.5.2\\out\\server\\src\\server.js:2371:8440\n    at c:\\Users\\joaom\\.vscode\\extensions\\uqbar.wollok-lsp-ide-0.5.2\\out\\server\\src\\server.js:37:74872\n    at Ye (c:\\Users\\joaom\\.vscode\\extensions\\uqbar.wollok-lsp-ide-0.5.2\\out\\server\\src\\server.js:7:8527)","timestamp":"2025-07-06T01:59:39.380Z"}
{"level":"info","message":"⌛ Validating arcaneBastion.wlk","timeElapsed":127,"timestamp":"2025-07-06T01:59:39.587Z"}
{"level":"info","message":"⌛ Building environment","timeElapsed":140,"timestamp":"2025-07-06T01:59:39.820Z"}
{"level":"info","message":"⌛ Validating arcaneBastion.wlk","timeElapsed":168,"timestamp":"2025-07-06T01:59:39.991Z"}
{"level":"info","message":"⌛ Validating arcaneBastion.wlk","timeElapsed":129,"timestamp":"2025-07-06T01:59:40.121Z"}
{"level":"info","message":"⌛ Building environment","timeElapsed":105,"timestamp":"2025-07-06T01:59:40.227Z"}
{"level":"error","message":"✘ Completions for node Return (undefined - arcaneBastion.wlk) failed: Error: [Return]{d36e4a} at arcaneBastion.wlk:-- exhausted all cases without a match [Return]{d36e4a} at arcaneBastion.wlk:-- exhausted all cases without a match","stack":"Error: [Return]{d36e4a} at arcaneBastion.wlk:-- exhausted all cases without a match\n    at c:\\Users\\joaom\\.vscode\\extensions\\uqbar.wollok-lsp-ide-0.5.2\\out\\server\\src\\server.js:38:6142\n    at C2 (c:\\Users\\joaom\\.vscode\\extensions\\uqbar.wollok-lsp-ide-0.5.2\\out\\server\\src\\server.js:2362:42)\n    at Gh (c:\\Users\\joaom\\.vscode\\extensions\\uqbar.wollok-lsp-ide-0.5.2\\out\\server\\src\\server.js:2362:1092)\n    at l8n (c:\\Users\\joaom\\.vscode\\extensions\\uqbar.wollok-lsp-ide-0.5.2\\out\\server\\src\\server.js:2362:1248)\n    at c:\\Users\\joaom\\.vscode\\extensions\\uqbar.wollok-lsp-ide-0.5.2\\out\\server\\src\\server.js:38:6131\n    at C2 (c:\\Users\\joaom\\.vscode\\extensions\\uqbar.wollok-lsp-ide-0.5.2\\out\\server\\src\\server.js:2362:42)\n    at c:\\Users\\joaom\\.vscode\\extensions\\uqbar.wollok-lsp-ide-0.5.2\\out\\server\\src\\server.js:2362:2988\n    at c:\\Users\\joaom\\.vscode\\extensions\\uqbar.wollok-lsp-ide-0.5.2\\out\\server\\src\\server.js:2371:8440\n    at c:\\Users\\joaom\\.vscode\\extensions\\uqbar.wollok-lsp-ide-0.5.2\\out\\server\\src\\server.js:37:74872\n    at Ye (c:\\Users\\joaom\\.vscode\\extensions\\uqbar.wollok-lsp-ide-0.5.2\\out\\server\\src\\server.js:7:8527)","timestamp":"2025-07-06T01:59:40.260Z"}
{"level":"info","message":"⌛ Validating arcaneBastion.wlk","timeElapsed":110,"timestamp":"2025-07-06T01:59:40.479Z"}
{"level":"info","message":"⌛ Validating arcaneBastion.wlk","timeElapsed":112,"timestamp":"2025-07-06T01:59:40.672Z"}
{"level":"info","message":"⌛ Validating arcaneBastion.wlk","timeElapsed":111,"timestamp":"2025-07-06T01:59:40.857Z"}
{"level":"info","message":"⌛ Validating arcaneBastion.wlk","timeElapsed":102,"timestamp":"2025-07-06T01:59:40.968Z"}
{"level":"info","message":"⌛ Validating arcaneBastion.wlk","timeElapsed":113,"timestamp":"2025-07-06T01:59:41.088Z"}
{"level":"info","message":"⌛ Validating arcaneBastion.wlk","timeElapsed":111,"timestamp":"2025-07-06T01:59:41.198Z"}
{"level":"info","message":"⌛ Building environment","timeElapsed":106,"timestamp":"2025-07-06T01:59:50.656Z"}
{"level":"info","message":"⌛ Validating arcaneBastion.wlk","timeElapsed":123,"timestamp":"2025-07-06T01:59:50.780Z"}
{"level":"info","message":"🚀 Program executed \u001b[3m\u001b[34mmain.ArcaneBastion\u001b[39m\u001b[23m on \u001b[3m\u001b[34mc:\\Users\\joaom\\Documents\\asd-main\u001b[39m\u001b[23m","ok":true,"timeElapsed":574,"timestamp":"2025-07-06T02:00:00.915Z"}
{"exitCode":"SIGHUP","level":"info","message":"👾 Game executed main.ArcaneBastion on c:\\Users\\joaom\\Documents\\asd-main","timeElapsed":31185,"timestamp":"2025-07-06T02:00:31.526Z"}
{"level":"info","message":"⌛ Building environment","timeElapsed":455,"timestamp":"2025-07-06T02:01:09.754Z"}
{"level":"info","message":"⌛ Building environment","timeElapsed":319,"timestamp":"2025-07-06T02:01:10.089Z"}
{"level":"info","message":"⌛ Building environment","timeElapsed":311,"timestamp":"2025-07-06T02:01:10.401Z"}
{"level":"info","message":"⌛ Building environment","timeElapsed":253,"timestamp":"2025-07-06T02:01:10.654Z"}
{"level":"info","message":"⌛ Building environment","timeElapsed":323,"timestamp":"2025-07-06T02:01:11.023Z"}
{"level":"info","message":"⌛ Building environment","timeElapsed":250,"timestamp":"2025-07-06T02:01:11.275Z"}
{"level":"info","message":"⌛ Building environment","timeElapsed":250,"timestamp":"2025-07-06T02:01:11.526Z"}
{"level":"info","message":"⌛ Building environment","timeElapsed":313,"timestamp":"2025-07-06T02:01:11.840Z"}
{"level":"info","message":"⌛ Building environment","timeElapsed":122,"timestamp":"2025-07-06T02:01:11.964Z"}
{"level":"info","message":"⌛ Building environment","timeElapsed":157,"timestamp":"2025-07-06T02:01:12.302Z"}
{"level":"info","message":"⌛ Validating main.wpgm","timeElapsed":133,"timestamp":"2025-07-06T02:01:12.696Z"}
{"level":"info","message":"⌛ Validating enemigos.wlk","timeElapsed":123,"timestamp":"2025-07-06T02:01:12.820Z"}
{"level":"info","message":"⌛ Validating arcaneBastion.wtest","timeElapsed":111,"timestamp":"2025-07-06T02:01:12.932Z"}
{"level":"info","message":"⌛ Building environment","timeElapsed":211,"timestamp":"2025-07-06T02:01:13.149Z"}
{"level":"info","message":"⌛ Validating arcaneBastion.wlk","timeElapsed":150,"timestamp":"2025-07-06T02:01:13.330Z"}
{"level":"info","message":"⌛ Validating tests.wlk","timeElapsed":106,"timestamp":"2025-07-06T02:01:13.437Z"}
{"level":"info","message":"⌛ Validating sonidos.wlk","timeElapsed":154,"timestamp":"2025-07-06T02:01:13.592Z"}
{"level":"info","message":"⌛ Validating niveles.wlk","timeElapsed":114,"timestamp":"2025-07-06T02:01:13.706Z"}
{"level":"info","message":"⌛ Validating menu.wlk","timeElapsed":105,"timestamp":"2025-07-06T02:01:13.812Z"}
{"level":"info","message":"⌛ Validating mana.wlk","timeElapsed":123,"timestamp":"2025-07-06T02:01:13.935Z"}
{"level":"info","message":"⌛ Validating mago.wlk","timeElapsed":106,"timestamp":"2025-07-06T02:01:14.072Z"}
{"level":"info","message":"⌛ Validating bastion.wlk","timeElapsed":132,"timestamp":"2025-07-06T02:01:14.204Z"}
{"level":"info","message":"⌛ Validating administradorDeOleadas.wlk","timeElapsed":119,"timestamp":"2025-07-06T02:01:14.324Z"}
{"level":"info","message":"⌛ Validating administradorDeHechizos.wlk","timeElapsed":144,"timestamp":"2025-07-06T02:01:14.474Z"}
{"level":"info","message":"⌛ Validating administradorDeEnemigos.wlk","timeElapsed":115,"timestamp":"2025-07-06T02:01:14.595Z"}
{"level":"info","message":"⌛ Validating main.wpgm","timeElapsed":116,"timestamp":"2025-07-06T02:01:14.712Z"}
{"level":"info","message":"⌛ Validating sonidos.wlk","timeElapsed":104,"timestamp":"2025-07-06T02:01:15.154Z"}
{"level":"info","message":"⌛ Validating menu.wlk","timeElapsed":103,"timestamp":"2025-07-06T02:01:15.346Z"}
{"level":"info","message":"⌛ Validating mana.wlk","timeElapsed":104,"timestamp":"2025-07-06T02:01:15.456Z"}
{"level":"info","message":"⌛ Building environment","timeElapsed":124,"timestamp":"2025-07-06T02:01:40.547Z"}
{"level":"info","message":"⌛ Building environment","timeElapsed":118,"timestamp":"2025-07-06T02:01:40.666Z"}
{"level":"info","message":"⌛ Validating mago.wlk","timeElapsed":136,"timestamp":"2025-07-06T02:01:40.803Z"}
{"level":"info","message":"⌛ Validating mago.wlk","timeElapsed":104,"timestamp":"2025-07-06T02:01:40.908Z"}
{"level":"info","message":"⌛ Building environment","timeElapsed":207,"timestamp":"2025-07-06T02:01:42.882Z"}
{"level":"info","message":"⌛ Validating mago.wlk","timeElapsed":141,"timestamp":"2025-07-06T02:01:43.039Z"}
{"level":"info","message":"⌛ Building environment","timeElapsed":121,"timestamp":"2025-07-06T02:01:44.374Z"}
{"level":"info","message":"⌛ Validating mago.wlk","timeElapsed":125,"timestamp":"2025-07-06T02:01:44.500Z"}
{"level":"info","message":"⌛ Building environment","timeElapsed":115,"timestamp":"2025-07-06T02:01:44.717Z"}
{"level":"info","message":"⌛ Validating mago.wlk","timeElapsed":158,"timestamp":"2025-07-06T02:01:44.881Z"}
{"level":"info","message":"⌛ Building environment","timeElapsed":116,"timestamp":"2025-07-06T02:01:48.238Z"}
{"level":"info","message":"⌛ Validating mago.wlk","timeElapsed":169,"timestamp":"2025-07-06T02:01:48.414Z"}
{"level":"info","message":"⌛ Building environment","timeElapsed":106,"timestamp":"2025-07-06T02:01:48.589Z"}
{"level":"info","message":"⌛ Validating mago.wlk","timeElapsed":132,"timestamp":"2025-07-06T02:01:48.722Z"}
{"level":"info","message":"⌛ Building environment","timeElapsed":158,"timestamp":"2025-07-06T02:01:52.981Z"}
{"level":"info","message":"⌛ Validating mago.wlk","timeElapsed":209,"timestamp":"2025-07-06T02:01:53.220Z"}
{"level":"info","message":"⌛ Building environment","timeElapsed":263,"timestamp":"2025-07-06T02:01:53.586Z"}
{"level":"info","message":"⌛ Validating mago.wlk","timeElapsed":129,"timestamp":"2025-07-06T02:01:53.771Z"}
{"level":"info","message":"⌛ Building environment","timeElapsed":134,"timestamp":"2025-07-06T02:01:55.653Z"}
{"level":"info","message":"⌛ Validating mago.wlk","timeElapsed":122,"timestamp":"2025-07-06T02:01:55.783Z"}
{"level":"info","message":"⌛ Building environment","timeElapsed":117,"timestamp":"2025-07-06T02:01:55.901Z"}
{"level":"info","message":"⌛ Validating mago.wlk","timeElapsed":115,"timestamp":"2025-07-06T02:01:56.017Z"}
{"level":"info","message":"⌛ Validating mago.wlk","timeElapsed":117,"timestamp":"2025-07-06T02:01:57.628Z"}
{"level":"error","message":"✘ Failed to rebuild document Failed to parse mago.wlk: \n-- PARSING FAILED --------------------------------------------------\n\n  59 |       position.goRight(1)\n  60 |       colisionActual.moverDerecha()\n> 61 |     }\n     |     ^\n  62 |   }\n  63 |   method recibirAtaque(danioRecibido) {}\n\nExpected one of the following: \n\n'@', 'class', 'const', 'describe', 'mixin', 'object', 'only', 'package', 'program', 'test', 'var', '{', EOF, comment, not \"}\r\n  \", whitespace\n","stack":"Error: Failed to parse mago.wlk: \n-- PARSING FAILED --------------------------------------------------\n\n  59 |       position.goRight(1)\n  60 |       colisionActual.moverDerecha()\n> 61 |     }\n     |     ^\n  62 |   }\n  63 |   method recibirAtaque(danioRecibido) {}\n\nExpected one of the following: \n\n'@', 'class', 'const', 'describe', 'mixin', 'object', 'only', 'package', 'program', 'test', 'var', '{', EOF, comment, not \"}\r\n  \", whitespace\n\n    at c:\\Users\\joaom\\.vscode\\extensions\\uqbar.wollok-lsp-ide-0.5.2\\out\\server\\src\\server.js:2326:13026\n    at Array.map (<anonymous>)\n    at D1n (c:\\Users\\joaom\\.vscode\\extensions\\uqbar.wollok-lsp-ide-0.5.2\\out\\server\\src\\server.js:2326:12950)\n    at W2.buildEnvironmentFrom (c:\\Users\\joaom\\.vscode\\extensions\\uqbar.wollok-lsp-ide-0.5.2\\out\\server\\src\\server.js:2371:5254)\n    at W2.updateEnvironmentWith (c:\\Users\\joaom\\.vscode\\extensions\\uqbar.wollok-lsp-ide-0.5.2\\out\\server\\src\\server.js:2371:4989)\n    at GF (c:\\Users\\joaom\\.vscode\\extensions\\uqbar.wollok-lsp-ide-0.5.2\\out\\server\\src\\server.js:2371:7383)\n    at L3.invoke (c:\\Users\\joaom\\.vscode\\extensions\\uqbar.wollok-lsp-ide-0.5.2\\out\\server\\src\\server.js:3:157326)\n    at o.fire (c:\\Users\\joaom\\.vscode\\extensions\\uqbar.wollok-lsp-ide-0.5.2\\out\\server\\src\\server.js:3:158096)\n    at c:\\Users\\joaom\\.vscode\\extensions\\uqbar.wollok-lsp-ide-0.5.2\\out\\server\\src\\server.js:37:57871\n    at Kr (c:\\Users\\joaom\\.vscode\\extensions\\uqbar.wollok-lsp-ide-0.5.2\\out\\server\\src\\server.js:8:1561)","timestamp":"2025-07-06T02:01:58.083Z"}
{"level":"info","message":"⌛ Validating mago.wlk","timeElapsed":144,"timestamp":"2025-07-06T02:01:58.428Z"}
{"errors":{"errors":[null,["/*\r","method initialize() {\r","var posicionTemporal = new MutablePosition(x = position.x() + 1, y = position.y())\r","colisionActual = new ColisionExtra(position = posicionTemporal)\r","game.addVisual(colisionActual)\r","}\r","method moverDerecha() {\r","if (position.x() == 96) {\r","self.eliminar()\r","} \r","else {\r","position.goRight(1)\r","colisionActual.moverDerecha()\r","}\r","}\r","method recibirAtaque(danioRecibido) {}\r","method eliminar() {\r","game.removeVisual(colisionActual)\r","game.removeVisual(self)\r","administradorDeHechizos.destruirHechizo(self)\r","}\r","}\r","// ===============================\r","// Definición de los magos Específicos\r","// ===============================\r","/*\r","que podria hacer para que cuando se apriete 1 el mago cambie \r","su tipo de magia a tipoHielo: y dispare y asi con los demas\r"]]},"level":"error","message":"✘ Failed to get type description: Error: {\n  \"errors\": [\n    null,\n    [\n      \"/*\\r\",\n      \"method initialize() {\\r\",\n      \"var posicionTemporal = new MutablePosition(x = position.x() + 1, y = position.y())\\r\",\n      \"colisionActual = new ColisionExtra(position = posicionTemporal)\\r\",\n      \"game.addVisual(colisionActual)\\r\",\n      \"}\\r\",\n      \"method moverDerecha() {\\r\",\n      \"if (position.x() == 96) {\\r\",\n      \"self.eliminar()\\r\",\n      \"} \\r\",\n      \"else {\\r\",\n      \"position.goRight(1)\\r\",\n      \"colisionActual.moverDerecha()\\r\",\n      \"}\\r\",\n      \"}\\r\",\n      \"method recibirAtaque(danioRecibido) {}\\r\",\n      \"method eliminar() {\\r\",\n      \"game.removeVisual(colisionActual)\\r\",\n      \"game.removeVisual(self)\\r\",\n      \"administradorDeHechizos.destruirHechizo(self)\\r\",\n      \"}\\r\",\n      \"}\\r\",\n      \"// ===============================\\r\",\n      \"// Definición de los magos Específicos\\r\",\n      \"// ===============================\\r\",\n      \"/*\\r\",\n      \"que podria hacer para que cuando se apriete 1 el mago cambie \\r\",\n      \"su tipo de magia a tipoHielo: y dispare y asi con los demas\\r\"\n    ]\n  ]\n} {\n  \"errors\": [\n    null,\n    [\n      \"/*\\r\",\n      \"method initialize() {\\r\",\n      \"var posicionTemporal = new MutablePosition(x = position.x() + 1, y = position.y())\\r\",\n      \"colisionActual = new ColisionExtra(position = posicionTemporal)\\r\",\n      \"game.addVisual(colisionActual)\\r\",\n      \"}\\r\",\n      \"method moverDerecha() {\\r\",\n      \"if (position.x() == 96) {\\r\",\n      \"self.eliminar()\\r\",\n      \"} \\r\",\n      \"else {\\r\",\n      \"position.goRight(1)\\r\",\n      \"colisionActual.moverDerecha()\\r\",\n      \"}\\r\",\n      \"}\\r\",\n      \"method recibirAtaque(danioRecibido) {}\\r\",\n      \"method eliminar() {\\r\",\n      \"game.removeVisual(colisionActual)\\r\",\n      \"game.removeVisual(self)\\r\",\n      \"administradorDeHechizos.destruirHechizo(self)\\r\",\n      \"}\\r\",\n      \"}\\r\",\n      \"// ===============================\\r\",\n      \"// Definición de los magos Específicos\\r\",\n      \"// ===============================\\r\",\n      \"/*\\r\",\n      \"que podria hacer para que cuando se apriete 1 el mago cambie \\r\",\n      \"su tipo de magia a tipoHielo: y dispare y asi con los demas\\r\"\n    ]\n  ]\n}","stack":"Error: {\n  \"errors\": [\n    null,\n    [\n      \"/*\\r\",\n      \"method initialize() {\\r\",\n      \"var posicionTemporal = new MutablePosition(x = position.x() + 1, y = position.y())\\r\",\n      \"colisionActual = new ColisionExtra(position = posicionTemporal)\\r\",\n      \"game.addVisual(colisionActual)\\r\",\n      \"}\\r\",\n      \"method moverDerecha() {\\r\",\n      \"if (position.x() == 96) {\\r\",\n      \"self.eliminar()\\r\",\n      \"} \\r\",\n      \"else {\\r\",\n      \"position.goRight(1)\\r\",\n      \"colisionActual.moverDerecha()\\r\",\n      \"}\\r\",\n      \"}\\r\",\n      \"method recibirAtaque(danioRecibido) {}\\r\",\n      \"method eliminar() {\\r\",\n      \"game.removeVisual(colisionActual)\\r\",\n      \"game.removeVisual(self)\\r\",\n      \"administradorDeHechizos.destruirHechizo(self)\\r\",\n      \"}\\r\",\n      \"}\\r\",\n      \"// ===============================\\r\",\n      \"// Definición de los magos Específicos\\r\",\n      \"// ===============================\\r\",\n      \"/*\\r\",\n      \"que podria hacer para que cuando se apriete 1 el mago cambie \\r\",\n      \"su tipo de magia a tipoHielo: y dispare y asi con los demas\\r\"\n    ]\n  ]\n}\n    at pS (c:\\Users\\joaom\\.vscode\\extensions\\uqbar.wollok-lsp-ide-0.5.2\\out\\server\\src\\server.js:64:34609)\n    at G1 (c:\\Users\\joaom\\.vscode\\extensions\\uqbar.wollok-lsp-ide-0.5.2\\out\\server\\src\\server.js:64:34682)\n    at c:\\Users\\joaom\\.vscode\\extensions\\uqbar.wollok-lsp-ide-0.5.2\\out\\server\\src\\server.js:64:37949\n    at o.v1 (c:\\Users\\joaom\\.vscode\\extensions\\uqbar.wollok-lsp-ide-0.5.2\\out\\server\\src\\server.js:57:57694)\n    at c:\\Users\\joaom\\.vscode\\extensions\\uqbar.wollok-lsp-ide-0.5.2\\out\\server\\src\\server.js:64:37918\n    at c:\\Users\\joaom\\.vscode\\extensions\\uqbar.wollok-lsp-ide-0.5.2\\out\\server\\src\\server.js:57:55734\n    at Ofn (c:\\Users\\joaom\\.vscode\\extensions\\uqbar.wollok-lsp-ide-0.5.2\\out\\server\\src\\server.js:68:11441)\n    at c:\\Users\\joaom\\.vscode\\extensions\\uqbar.wollok-lsp-ide-0.5.2\\out\\server\\src\\server.js:68:3629\n    at c:\\Users\\joaom\\.vscode\\extensions\\uqbar.wollok-lsp-ide-0.5.2\\out\\server\\src\\server.js:68:5330\n    at c:\\Users\\joaom\\.vscode\\extensions\\uqbar.wollok-lsp-ide-0.5.2\\out\\server\\src\\server.js:38:6131","timestamp":"2025-07-06T02:01:59.244Z"}
{"level":"info","message":"⌛ Building environment","timeElapsed":128,"timestamp":"2025-07-06T02:01:59.946Z"}
{"level":"info","message":"⌛ Validating mago.wlk","timeElapsed":139,"timestamp":"2025-07-06T02:02:00.086Z"}
{"level":"info","message":"⌛ Building environment","timeElapsed":138,"timestamp":"2025-07-06T02:02:00.849Z"}
{"level":"info","message":"⌛ Validating mago.wlk","timeElapsed":142,"timestamp":"2025-07-06T02:02:00.991Z"}
{"level":"info","message":"⌛ Building environment","timeElapsed":117,"timestamp":"2025-07-06T02:02:01.114Z"}
{"errors":{"errors":[null,["/*\r","method initialize() {\r","var posicionTemporal = new MutablePosition(x = position.x() + 1, y = position.y())\r","colisionActual = new ColisionExtra(position = posicionTemporal)\r","game.addVisual(colisionActual)\r","}\r"]]},"level":"error","message":"✘ Failed to get type description: Error: {\n  \"errors\": [\n    null,\n    [\n      \"/*\\r\",\n      \"method initialize() {\\r\",\n      \"var posicionTemporal = new MutablePosition(x = position.x() + 1, y = position.y())\\r\",\n      \"colisionActual = new ColisionExtra(position = posicionTemporal)\\r\",\n      \"game.addVisual(colisionActual)\\r\",\n      \"}\\r\"\n    ]\n  ]\n} {\n  \"errors\": [\n    null,\n    [\n      \"/*\\r\",\n      \"method initialize() {\\r\",\n      \"var posicionTemporal = new MutablePosition(x = position.x() + 1, y = position.y())\\r\",\n      \"colisionActual = new ColisionExtra(position = posicionTemporal)\\r\",\n      \"game.addVisual(colisionActual)\\r\",\n      \"}\\r\"\n    ]\n  ]\n}","stack":"Error: {\n  \"errors\": [\n    null,\n    [\n      \"/*\\r\",\n      \"method initialize() {\\r\",\n      \"var posicionTemporal = new MutablePosition(x = position.x() + 1, y = position.y())\\r\",\n      \"colisionActual = new ColisionExtra(position = posicionTemporal)\\r\",\n      \"game.addVisual(colisionActual)\\r\",\n      \"}\\r\"\n    ]\n  ]\n}\n    at pS (c:\\Users\\joaom\\.vscode\\extensions\\uqbar.wollok-lsp-ide-0.5.2\\out\\server\\src\\server.js:64:34609)\n    at G1 (c:\\Users\\joaom\\.vscode\\extensions\\uqbar.wollok-lsp-ide-0.5.2\\out\\server\\src\\server.js:64:34682)\n    at c:\\Users\\joaom\\.vscode\\extensions\\uqbar.wollok-lsp-ide-0.5.2\\out\\server\\src\\server.js:64:37949\n    at o.v1 (c:\\Users\\joaom\\.vscode\\extensions\\uqbar.wollok-lsp-ide-0.5.2\\out\\server\\src\\server.js:57:57694)\n    at c:\\Users\\joaom\\.vscode\\extensions\\uqbar.wollok-lsp-ide-0.5.2\\out\\server\\src\\server.js:64:37918\n    at c:\\Users\\joaom\\.vscode\\extensions\\uqbar.wollok-lsp-ide-0.5.2\\out\\server\\src\\server.js:57:55734\n    at Ofn (c:\\Users\\joaom\\.vscode\\extensions\\uqbar.wollok-lsp-ide-0.5.2\\out\\server\\src\\server.js:68:11441)\n    at c:\\Users\\joaom\\.vscode\\extensions\\uqbar.wollok-lsp-ide-0.5.2\\out\\server\\src\\server.js:68:3629\n    at c:\\Users\\joaom\\.vscode\\extensions\\uqbar.wollok-lsp-ide-0.5.2\\out\\server\\src\\server.js:68:5330\n    at c:\\Users\\joaom\\.vscode\\extensions\\uqbar.wollok-lsp-ide-0.5.2\\out\\server\\src\\server.js:38:6131","timestamp":"2025-07-06T02:02:01.141Z"}
{"level":"info","message":"⌛ Validating mago.wlk","timeElapsed":101,"timestamp":"2025-07-06T02:02:01.242Z"}
{"errors":{"errors":[null,["/*\r","method initialize() {\r","var posicionTemporal = new MutablePosition(x = position.x() + 1, y = position.y())\r","colisionActual = new ColisionExtra(position = posicionTemporal)\r","game.addVisual(colisionActual)\r","}\r"]]},"level":"error","message":"✘ Failed to get type description: Error: {\n  \"errors\": [\n    null,\n    [\n      \"/*\\r\",\n      \"method initialize() {\\r\",\n      \"var posicionTemporal = new MutablePosition(x = position.x() + 1, y = position.y())\\r\",\n      \"colisionActual = new ColisionExtra(position = posicionTemporal)\\r\",\n      \"game.addVisual(colisionActual)\\r\",\n      \"}\\r\"\n    ]\n  ]\n} {\n  \"errors\": [\n    null,\n    [\n      \"/*\\r\",\n      \"method initialize() {\\r\",\n      \"var posicionTemporal = new MutablePosition(x = position.x() + 1, y = position.y())\\r\",\n      \"colisionActual = new ColisionExtra(position = posicionTemporal)\\r\",\n      \"game.addVisual(colisionActual)\\r\",\n      \"}\\r\"\n    ]\n  ]\n}","stack":"Error: {\n  \"errors\": [\n    null,\n    [\n      \"/*\\r\",\n      \"method initialize() {\\r\",\n      \"var posicionTemporal = new MutablePosition(x = position.x() + 1, y = position.y())\\r\",\n      \"colisionActual = new ColisionExtra(position = posicionTemporal)\\r\",\n      \"game.addVisual(colisionActual)\\r\",\n      \"}\\r\"\n    ]\n  ]\n}\n    at pS (c:\\Users\\joaom\\.vscode\\extensions\\uqbar.wollok-lsp-ide-0.5.2\\out\\server\\src\\server.js:64:34609)\n    at G1 (c:\\Users\\joaom\\.vscode\\extensions\\uqbar.wollok-lsp-ide-0.5.2\\out\\server\\src\\server.js:64:34682)\n    at c:\\Users\\joaom\\.vscode\\extensions\\uqbar.wollok-lsp-ide-0.5.2\\out\\server\\src\\server.js:64:37949\n    at o.v1 (c:\\Users\\joaom\\.vscode\\extensions\\uqbar.wollok-lsp-ide-0.5.2\\out\\server\\src\\server.js:57:57694)\n    at c:\\Users\\joaom\\.vscode\\extensions\\uqbar.wollok-lsp-ide-0.5.2\\out\\server\\src\\server.js:64:37918\n    at c:\\Users\\joaom\\.vscode\\extensions\\uqbar.wollok-lsp-ide-0.5.2\\out\\server\\src\\server.js:57:55734\n    at Ofn (c:\\Users\\joaom\\.vscode\\extensions\\uqbar.wollok-lsp-ide-0.5.2\\out\\server\\src\\server.js:68:11441)\n    at c:\\Users\\joaom\\.vscode\\extensions\\uqbar.wollok-lsp-ide-0.5.2\\out\\server\\src\\server.js:68:3629\n    at c:\\Users\\joaom\\.vscode\\extensions\\uqbar.wollok-lsp-ide-0.5.2\\out\\server\\src\\server.js:68:5330\n    at c:\\Users\\joaom\\.vscode\\extensions\\uqbar.wollok-lsp-ide-0.5.2\\out\\server\\src\\server.js:38:6131","timestamp":"2025-07-06T02:02:02.064Z"}
{"level":"info","message":"⌛ Validating mago.wlk","timeElapsed":116,"timestamp":"2025-07-06T02:02:05.457Z"}
{"level":"info","message":"⌛ Building environment","timeElapsed":104,"timestamp":"2025-07-06T02:02:05.898Z"}
{"level":"info","message":"⌛ Validating mago.wlk","timeElapsed":153,"timestamp":"2025-07-06T02:02:06.061Z"}
{"level":"info","message":"⌛ Building environment","timeElapsed":114,"timestamp":"2025-07-06T02:02:09.168Z"}
{"level":"info","message":"⌛ Validating mago.wlk","timeElapsed":150,"timestamp":"2025-07-06T02:02:09.331Z"}
{"level":"info","message":"⌛ Validating mago.wlk","timeElapsed":123,"timestamp":"2025-07-06T02:02:09.688Z"}
{"level":"info","message":"🚀 Program executed \u001b[3m\u001b[34mmain.ArcaneBastion\u001b[39m\u001b[23m on \u001b[3m\u001b[34mc:\\Users\\joaom\\Documents\\asd-main\u001b[39m\u001b[23m","ok":true,"timeElapsed":681,"timestamp":"2025-07-06T02:02:23.937Z"}
{"level":"info","message":"⌛ Building environment","timeElapsed":156,"timestamp":"2025-07-06T02:03:55.048Z"}
{"level":"info","message":"⌛ Validating mago.wlk","timeElapsed":168,"timestamp":"2025-07-06T02:03:55.220Z"}
{"level":"info","message":"⌛ Building environment","timeElapsed":113,"timestamp":"2025-07-06T02:03:55.572Z"}
{"level":"info","message":"⌛ Validating mago.wlk","timeElapsed":188,"timestamp":"2025-07-06T02:03:55.761Z"}
{"level":"info","message":"⌛ Validating mago.wlk","timeElapsed":131,"timestamp":"2025-07-06T02:03:56.086Z"}
{"level":"error","message":"✘ Failed to rebuild document Failed to parse mago.wlk: \n-- PARSING FAILED --------------------------------------------------\n\n  90 |     objetosEnPosicion.forEach({objeto =>objeto.recibirAtaque(tipo.danio(),)})\n  91 |   }\n> 92 | }\n     | ^\n  93 | \n  94 | object hielo inherits TiposDeMagia(frames = [\"frame1HH.png\", \"frame2HH.png\", \"frame3HH.png\", \"frame4HH.png\"],\n\nExpected one of the following: \n\n' ', '@', 'class', 'const', 'describe', 'mixin', 'object', 'only', 'package', 'program', 'test', 'var', '{', EOF, comment, not \"}\r\n\r\n\", whitespace\n","stack":"Error: Failed to parse mago.wlk: \n-- PARSING FAILED --------------------------------------------------\n\n  90 |     objetosEnPosicion.forEach({objeto =>objeto.recibirAtaque(tipo.danio(),)})\n  91 |   }\n> 92 | }\n     | ^\n  93 | \n  94 | object hielo inherits TiposDeMagia(frames = [\"frame1HH.png\", \"frame2HH.png\", \"frame3HH.png\", \"frame4HH.png\"],\n\nExpected one of the following: \n\n' ', '@', 'class', 'const', 'describe', 'mixin', 'object', 'only', 'package', 'program', 'test', 'var', '{', EOF, comment, not \"}\r\n\r\n\", whitespace\n\n    at c:\\Users\\joaom\\.vscode\\extensions\\uqbar.wollok-lsp-ide-0.5.2\\out\\server\\src\\server.js:2326:13026\n    at Array.map (<anonymous>)\n    at D1n (c:\\Users\\joaom\\.vscode\\extensions\\uqbar.wollok-lsp-ide-0.5.2\\out\\server\\src\\server.js:2326:12950)\n    at W2.buildEnvironmentFrom (c:\\Users\\joaom\\.vscode\\extensions\\uqbar.wollok-lsp-ide-0.5.2\\out\\server\\src\\server.js:2371:5254)\n    at W2.updateEnvironmentWith (c:\\Users\\joaom\\.vscode\\extensions\\uqbar.wollok-lsp-ide-0.5.2\\out\\server\\src\\server.js:2371:4989)\n    at GF (c:\\Users\\joaom\\.vscode\\extensions\\uqbar.wollok-lsp-ide-0.5.2\\out\\server\\src\\server.js:2371:7383)\n    at L3.invoke (c:\\Users\\joaom\\.vscode\\extensions\\uqbar.wollok-lsp-ide-0.5.2\\out\\server\\src\\server.js:3:157326)\n    at o.fire (c:\\Users\\joaom\\.vscode\\extensions\\uqbar.wollok-lsp-ide-0.5.2\\out\\server\\src\\server.js:3:158096)\n    at c:\\Users\\joaom\\.vscode\\extensions\\uqbar.wollok-lsp-ide-0.5.2\\out\\server\\src\\server.js:37:57871\n    at Kr (c:\\Users\\joaom\\.vscode\\extensions\\uqbar.wollok-lsp-ide-0.5.2\\out\\server\\src\\server.js:8:1561)","timestamp":"2025-07-06T02:03:56.278Z"}
{"level":"info","message":"⌛ Building environment","timeElapsed":107,"timestamp":"2025-07-06T02:03:56.926Z"}
{"level":"info","message":"⌛ Validating mago.wlk","timeElapsed":134,"timestamp":"2025-07-06T02:03:57.061Z"}
{"exitCode":"SIGHUP","level":"info","message":"👾 Game executed main.ArcaneBastion on c:\\Users\\joaom\\Documents\\asd-main","timeElapsed":97231,"timestamp":"2025-07-06T02:04:00.482Z"}
{"level":"info","message":"🚀 Program executed \u001b[3m\u001b[34mmain.ArcaneBastion\u001b[39m\u001b[23m on \u001b[3m\u001b[34mc:\\Users\\joaom\\Documents\\asd-main\u001b[39m\u001b[23m","ok":true,"timeElapsed":568,"timestamp":"2025-07-06T02:04:03.268Z"}
{"exitCode":"SIGHUP","level":"info","message":"👾 Game executed main.ArcaneBastion on c:\\Users\\joaom\\Documents\\asd-main","timeElapsed":100649,"timestamp":"2025-07-06T02:05:43.361Z"}
{"level":"info","message":"⌛ Building environment","timeElapsed":405,"timestamp":"2025-07-06T02:07:02.449Z"}
{"level":"info","message":"⌛ Building environment","timeElapsed":465,"timestamp":"2025-07-06T02:07:02.937Z"}
{"level":"info","message":"⌛ Building environment","timeElapsed":130,"timestamp":"2025-07-06T02:07:03.102Z"}
{"level":"info","message":"⌛ Building environment","timeElapsed":179,"timestamp":"2025-07-06T02:07:03.282Z"}
{"level":"info","message":"⌛ Building environment","timeElapsed":143,"timestamp":"2025-07-06T02:07:03.426Z"}
{"level":"info","message":"⌛ Building environment","timeElapsed":107,"timestamp":"2025-07-06T02:07:03.774Z"}
{"level":"info","message":"⌛ Building environment","timeElapsed":129,"timestamp":"2025-07-06T02:07:03.923Z"}
{"level":"info","message":"⌛ Building environment","timeElapsed":114,"timestamp":"2025-07-06T02:07:04.146Z"}
{"level":"info","message":"⌛ Building environment","timeElapsed":165,"timestamp":"2025-07-06T02:07:04.426Z"}
{"level":"info","message":"⌛ Validating mago.wlk","timeElapsed":244,"timestamp":"2025-07-06T02:07:04.768Z"}
{"level":"info","message":"⌛ Building environment","timeElapsed":221,"timestamp":"2025-07-06T02:07:04.990Z"}
{"level":"info","message":"⌛ Validating tests.wlk","timeElapsed":119,"timestamp":"2025-07-06T02:07:05.140Z"}
{"level":"info","message":"⌛ Validating niveles.wlk","timeElapsed":119,"timestamp":"2025-07-06T02:07:05.360Z"}
{"level":"info","message":"⌛ Validating menu.wlk","timeElapsed":112,"timestamp":"2025-07-06T02:07:05.473Z"}
{"level":"info","message":"⌛ Validating mana.wlk","timeElapsed":119,"timestamp":"2025-07-06T02:07:05.593Z"}
{"level":"info","message":"⌛ Validating main.wpgm","timeElapsed":127,"timestamp":"2025-07-06T02:07:05.727Z"}
{"level":"info","message":"⌛ Validating enemigos.wlk","timeElapsed":110,"timestamp":"2025-07-06T02:07:05.838Z"}
{"level":"info","message":"⌛ Validating bastion.wlk","timeElapsed":112,"timestamp":"2025-07-06T02:07:05.951Z"}
{"level":"info","message":"⌛ Validating arcaneBastion.wlk","timeElapsed":154,"timestamp":"2025-07-06T02:07:06.206Z"}
{"level":"info","message":"⌛ Validating administradorDeOleadas.wlk","timeElapsed":177,"timestamp":"2025-07-06T02:07:06.384Z"}
{"level":"info","message":"⌛ Validating administradorDeHechizos.wlk","timeElapsed":102,"timestamp":"2025-07-06T02:07:06.487Z"}
{"level":"info","message":"⌛ Validating administradorDeEnemigos.wlk","timeElapsed":121,"timestamp":"2025-07-06T02:07:06.616Z"}
{"level":"info","message":"⌛ Validating mago.wlk","timeElapsed":138,"timestamp":"2025-07-06T02:07:06.754Z"}
{"level":"info","message":"⌛ Validating administradorDeOleadas.wlk","timeElapsed":101,"timestamp":"2025-07-06T02:07:07.754Z"}
{"level":"info","message":"⌛ Validating administradorDeHechizos.wlk","timeElapsed":115,"timestamp":"2025-07-06T02:07:07.871Z"}
{"level":"info","message":"⌛ Building environment","timeElapsed":408,"timestamp":"2025-07-06T02:08:04.150Z"}
{"level":"info","message":"⌛ Building environment","timeElapsed":330,"timestamp":"2025-07-06T02:08:04.508Z"}
{"level":"info","message":"⌛ Building environment","timeElapsed":178,"timestamp":"2025-07-06T02:08:04.688Z"}
{"level":"info","message":"⌛ Building environment","timeElapsed":184,"timestamp":"2025-07-06T02:08:04.916Z"}
{"level":"info","message":"⌛ Building environment","timeElapsed":141,"timestamp":"2025-07-06T02:08:05.059Z"}
{"level":"info","message":"⌛ Building environment","timeElapsed":159,"timestamp":"2025-07-06T02:08:05.219Z"}
{"level":"info","message":"⌛ Building environment","timeElapsed":179,"timestamp":"2025-07-06T02:08:05.905Z"}
{"level":"info","message":"⌛ Building environment","timeElapsed":106,"timestamp":"2025-07-06T02:08:06.091Z"}
{"level":"info","message":"⌛ Validating mago.wlk","timeElapsed":156,"timestamp":"2025-07-06T02:08:06.248Z"}
{"level":"info","message":"⌛ Validating administradorDeHechizos.wlk","timeElapsed":128,"timestamp":"2025-07-06T02:08:06.377Z"}
{"level":"info","message":"⌛ Building environment","timeElapsed":214,"timestamp":"2025-07-06T02:08:06.593Z"}
{"level":"info","message":"⌛ Validating tests.wlk","timeElapsed":135,"timestamp":"2025-07-06T02:08:06.747Z"}
{"level":"info","message":"⌛ Validating sonidos.wlk","timeElapsed":111,"timestamp":"2025-07-06T02:08:06.858Z"}
{"level":"info","message":"⌛ Validating niveles.wlk","timeElapsed":111,"timestamp":"2025-07-06T02:08:06.970Z"}
{"level":"info","message":"⌛ Validating menu.wlk","timeElapsed":115,"timestamp":"2025-07-06T02:08:07.086Z"}
{"level":"info","message":"⌛ Validating mana.wlk","timeElapsed":121,"timestamp":"2025-07-06T02:08:07.213Z"}
{"level":"info","message":"⌛ Validating main.wpgm","timeElapsed":129,"timestamp":"2025-07-06T02:08:07.342Z"}
{"level":"info","message":"⌛ Validating enemigos.wlk","timeElapsed":358,"timestamp":"2025-07-06T02:08:07.700Z"}
{"level":"info","message":"⌛ Validating bastion.wlk","timeElapsed":239,"timestamp":"2025-07-06T02:08:07.940Z"}
{"level":"info","message":"⌛ Validating arcaneBastion.wtest","timeElapsed":145,"timestamp":"2025-07-06T02:08:08.085Z"}
{"level":"info","message":"⌛ Validating arcaneBastion.wlk","timeElapsed":392,"timestamp":"2025-07-06T02:08:08.478Z"}
{"level":"info","message":"⌛ Validating administradorDeOleadas.wlk","timeElapsed":122,"timestamp":"2025-07-06T02:08:08.600Z"}
{"level":"info","message":"⌛ Validating administradorDeEnemigos.wlk","timeElapsed":140,"timestamp":"2025-07-06T02:08:08.745Z"}
{"level":"info","message":"⌛ Validating mago.wlk","timeElapsed":117,"timestamp":"2025-07-06T02:08:08.862Z"}
{"level":"info","message":"⌛ Validating niveles.wlk","timeElapsed":220,"timestamp":"2025-07-06T02:08:09.375Z"}
{"level":"info","message":"⌛ Validating menu.wlk","timeElapsed":190,"timestamp":"2025-07-06T02:08:09.566Z"}
{"level":"info","message":"⌛ Validating mana.wlk","timeElapsed":141,"timestamp":"2025-07-06T02:08:09.708Z"}
{"level":"info","message":"⌛ Validating enemigos.wlk","timeElapsed":246,"timestamp":"2025-07-06T02:08:10.052Z"}
{"level":"info","message":"⌛ Validating bastion.wlk","timeElapsed":132,"timestamp":"2025-07-06T02:08:10.185Z"}
{"level":"info","message":"⌛ Validating arcaneBastion.wtest","timeElapsed":103,"timestamp":"2025-07-06T02:08:10.289Z"}
{"level":"info","message":"⌛ Validating administradorDeEnemigos.wlk","timeElapsed":199,"timestamp":"2025-07-06T02:08:10.670Z"}
{"errors":{"errors":[null,["/*\r","method initialize() {\r","var posicionTemporal = new MutablePosition(x = position.x() + 1, y = position.y())\r","colisionActual = new ColisionExtra(position = posicionTemporal)\r","game.addVisual(colisionActual)\r","}\r"]]},"level":"error","message":"✘ Failed to get type description: Error: {\n  \"errors\": [\n    null,\n    [\n      \"/*\\r\",\n      \"method initialize() {\\r\",\n      \"var posicionTemporal = new MutablePosition(x = position.x() + 1, y = position.y())\\r\",\n      \"colisionActual = new ColisionExtra(position = posicionTemporal)\\r\",\n      \"game.addVisual(colisionActual)\\r\",\n      \"}\\r\"\n    ]\n  ]\n} {\n  \"errors\": [\n    null,\n    [\n      \"/*\\r\",\n      \"method initialize() {\\r\",\n      \"var posicionTemporal = new MutablePosition(x = position.x() + 1, y = position.y())\\r\",\n      \"colisionActual = new ColisionExtra(position = posicionTemporal)\\r\",\n      \"game.addVisual(colisionActual)\\r\",\n      \"}\\r\"\n    ]\n  ]\n}","stack":"Error: {\n  \"errors\": [\n    null,\n    [\n      \"/*\\r\",\n      \"method initialize() {\\r\",\n      \"var posicionTemporal = new MutablePosition(x = position.x() + 1, y = position.y())\\r\",\n      \"colisionActual = new ColisionExtra(position = posicionTemporal)\\r\",\n      \"game.addVisual(colisionActual)\\r\",\n      \"}\\r\"\n    ]\n  ]\n}\n    at pS (c:\\Users\\joaom\\.vscode\\extensions\\uqbar.wollok-lsp-ide-0.5.2\\out\\server\\src\\server.js:64:34609)\n    at G1 (c:\\Users\\joaom\\.vscode\\extensions\\uqbar.wollok-lsp-ide-0.5.2\\out\\server\\src\\server.js:64:34682)\n    at c:\\Users\\joaom\\.vscode\\extensions\\uqbar.wollok-lsp-ide-0.5.2\\out\\server\\src\\server.js:64:37949\n    at o.v1 (c:\\Users\\joaom\\.vscode\\extensions\\uqbar.wollok-lsp-ide-0.5.2\\out\\server\\src\\server.js:57:57694)\n    at c:\\Users\\joaom\\.vscode\\extensions\\uqbar.wollok-lsp-ide-0.5.2\\out\\server\\src\\server.js:64:37918\n    at c:\\Users\\joaom\\.vscode\\extensions\\uqbar.wollok-lsp-ide-0.5.2\\out\\server\\src\\server.js:57:55734\n    at Ofn (c:\\Users\\joaom\\.vscode\\extensions\\uqbar.wollok-lsp-ide-0.5.2\\out\\server\\src\\server.js:68:11441)\n    at c:\\Users\\joaom\\.vscode\\extensions\\uqbar.wollok-lsp-ide-0.5.2\\out\\server\\src\\server.js:68:3629\n    at c:\\Users\\joaom\\.vscode\\extensions\\uqbar.wollok-lsp-ide-0.5.2\\out\\server\\src\\server.js:68:5330\n    at c:\\Users\\joaom\\.vscode\\extensions\\uqbar.wollok-lsp-ide-0.5.2\\out\\server\\src\\server.js:38:6131","timestamp":"2025-07-06T02:08:20.404Z"}
{"errors":{"errors":[null,["/*\r","method initialize() {\r","var posicionTemporal = new MutablePosition(x = position.x() + 1, y = position.y())\r","colisionActual = new ColisionExtra(position = posicionTemporal)\r","game.addVisual(colisionActual)\r","}\r"]]},"level":"error","message":"✘ Failed to get type description: Error: {\n  \"errors\": [\n    null,\n    [\n      \"/*\\r\",\n      \"method initialize() {\\r\",\n      \"var posicionTemporal = new MutablePosition(x = position.x() + 1, y = position.y())\\r\",\n      \"colisionActual = new ColisionExtra(position = posicionTemporal)\\r\",\n      \"game.addVisual(colisionActual)\\r\",\n      \"}\\r\"\n    ]\n  ]\n} {\n  \"errors\": [\n    null,\n    [\n      \"/*\\r\",\n      \"method initialize() {\\r\",\n      \"var posicionTemporal = new MutablePosition(x = position.x() + 1, y = position.y())\\r\",\n      \"colisionActual = new ColisionExtra(position = posicionTemporal)\\r\",\n      \"game.addVisual(colisionActual)\\r\",\n      \"}\\r\"\n    ]\n  ]\n}","stack":"Error: {\n  \"errors\": [\n    null,\n    [\n      \"/*\\r\",\n      \"method initialize() {\\r\",\n      \"var posicionTemporal = new MutablePosition(x = position.x() + 1, y = position.y())\\r\",\n      \"colisionActual = new ColisionExtra(position = posicionTemporal)\\r\",\n      \"game.addVisual(colisionActual)\\r\",\n      \"}\\r\"\n    ]\n  ]\n}\n    at pS (c:\\Users\\joaom\\.vscode\\extensions\\uqbar.wollok-lsp-ide-0.5.2\\out\\server\\src\\server.js:64:34609)\n    at G1 (c:\\Users\\joaom\\.vscode\\extensions\\uqbar.wollok-lsp-ide-0.5.2\\out\\server\\src\\server.js:64:34682)\n    at c:\\Users\\joaom\\.vscode\\extensions\\uqbar.wollok-lsp-ide-0.5.2\\out\\server\\src\\server.js:64:37949\n    at o.v1 (c:\\Users\\joaom\\.vscode\\extensions\\uqbar.wollok-lsp-ide-0.5.2\\out\\server\\src\\server.js:57:57694)\n    at c:\\Users\\joaom\\.vscode\\extensions\\uqbar.wollok-lsp-ide-0.5.2\\out\\server\\src\\server.js:64:37918\n    at c:\\Users\\joaom\\.vscode\\extensions\\uqbar.wollok-lsp-ide-0.5.2\\out\\server\\src\\server.js:57:55734\n    at Ofn (c:\\Users\\joaom\\.vscode\\extensions\\uqbar.wollok-lsp-ide-0.5.2\\out\\server\\src\\server.js:68:11441)\n    at c:\\Users\\joaom\\.vscode\\extensions\\uqbar.wollok-lsp-ide-0.5.2\\out\\server\\src\\server.js:68:3629\n    at c:\\Users\\joaom\\.vscode\\extensions\\uqbar.wollok-lsp-ide-0.5.2\\out\\server\\src\\server.js:68:5330\n    at c:\\Users\\joaom\\.vscode\\extensions\\uqbar.wollok-lsp-ide-0.5.2\\out\\server\\src\\server.js:38:6131","timestamp":"2025-07-06T02:08:20.729Z"}
{"errors":{"errors":[null,["/*\r","method initialize() {\r","var posicionTemporal = new MutablePosition(x = position.x() + 1, y = position.y())\r","colisionActual = new ColisionExtra(position = posicionTemporal)\r","game.addVisual(colisionActual)\r","}\r"]]},"level":"error","message":"✘ Failed to get type description: Error: {\n  \"errors\": [\n    null,\n    [\n      \"/*\\r\",\n      \"method initialize() {\\r\",\n      \"var posicionTemporal = new MutablePosition(x = position.x() + 1, y = position.y())\\r\",\n      \"colisionActual = new ColisionExtra(position = posicionTemporal)\\r\",\n      \"game.addVisual(colisionActual)\\r\",\n      \"}\\r\"\n    ]\n  ]\n} {\n  \"errors\": [\n    null,\n    [\n      \"/*\\r\",\n      \"method initialize() {\\r\",\n      \"var posicionTemporal = new MutablePosition(x = position.x() + 1, y = position.y())\\r\",\n      \"colisionActual = new ColisionExtra(position = posicionTemporal)\\r\",\n      \"game.addVisual(colisionActual)\\r\",\n      \"}\\r\"\n    ]\n  ]\n}","stack":"Error: {\n  \"errors\": [\n    null,\n    [\n      \"/*\\r\",\n      \"method initialize() {\\r\",\n      \"var posicionTemporal = new MutablePosition(x = position.x() + 1, y = position.y())\\r\",\n      \"colisionActual = new ColisionExtra(position = posicionTemporal)\\r\",\n      \"game.addVisual(colisionActual)\\r\",\n      \"}\\r\"\n    ]\n  ]\n}\n    at pS (c:\\Users\\joaom\\.vscode\\extensions\\uqbar.wollok-lsp-ide-0.5.2\\out\\server\\src\\server.js:64:34609)\n    at G1 (c:\\Users\\joaom\\.vscode\\extensions\\uqbar.wollok-lsp-ide-0.5.2\\out\\server\\src\\server.js:64:34682)\n    at c:\\Users\\joaom\\.vscode\\extensions\\uqbar.wollok-lsp-ide-0.5.2\\out\\server\\src\\server.js:64:37949\n    at o.v1 (c:\\Users\\joaom\\.vscode\\extensions\\uqbar.wollok-lsp-ide-0.5.2\\out\\server\\src\\server.js:57:57694)\n    at c:\\Users\\joaom\\.vscode\\extensions\\uqbar.wollok-lsp-ide-0.5.2\\out\\server\\src\\server.js:64:37918\n    at c:\\Users\\joaom\\.vscode\\extensions\\uqbar.wollok-lsp-ide-0.5.2\\out\\server\\src\\server.js:57:55734\n    at Ofn (c:\\Users\\joaom\\.vscode\\extensions\\uqbar.wollok-lsp-ide-0.5.2\\out\\server\\src\\server.js:68:11441)\n    at c:\\Users\\joaom\\.vscode\\extensions\\uqbar.wollok-lsp-ide-0.5.2\\out\\server\\src\\server.js:68:3629\n    at c:\\Users\\joaom\\.vscode\\extensions\\uqbar.wollok-lsp-ide-0.5.2\\out\\server\\src\\server.js:68:5330\n    at c:\\Users\\joaom\\.vscode\\extensions\\uqbar.wollok-lsp-ide-0.5.2\\out\\server\\src\\server.js:38:6131","timestamp":"2025-07-06T02:08:23.843Z"}
{"errors":{"errors":[null,["/*\r","Hace que colisionen con el pixel actual o el siguiente.\r","ya que parece que como el dragon va restando y el hechizo sumando en el eje x\r","estos se omiten\r"]]},"level":"error","message":"✘ Failed to get type description: Error: {\n  \"errors\": [\n    null,\n    [\n      \"/*\\r\",\n      \"Hace que colisionen con el pixel actual o el siguiente.\\r\",\n      \"ya que parece que como el dragon va restando y el hechizo sumando en el eje x\\r\",\n      \"estos se omiten\\r\"\n    ]\n  ]\n} {\n  \"errors\": [\n    null,\n    [\n      \"/*\\r\",\n      \"Hace que colisionen con el pixel actual o el siguiente.\\r\",\n      \"ya que parece que como el dragon va restando y el hechizo sumando en el eje x\\r\",\n      \"estos se omiten\\r\"\n    ]\n  ]\n}","stack":"Error: {\n  \"errors\": [\n    null,\n    [\n      \"/*\\r\",\n      \"Hace que colisionen con el pixel actual o el siguiente.\\r\",\n      \"ya que parece que como el dragon va restando y el hechizo sumando en el eje x\\r\",\n      \"estos se omiten\\r\"\n    ]\n  ]\n}\n    at pS (c:\\Users\\joaom\\.vscode\\extensions\\uqbar.wollok-lsp-ide-0.5.2\\out\\server\\src\\server.js:64:34609)\n    at G1 (c:\\Users\\joaom\\.vscode\\extensions\\uqbar.wollok-lsp-ide-0.5.2\\out\\server\\src\\server.js:64:34682)\n    at c:\\Users\\joaom\\.vscode\\extensions\\uqbar.wollok-lsp-ide-0.5.2\\out\\server\\src\\server.js:64:37949\n    at o.v1 (c:\\Users\\joaom\\.vscode\\extensions\\uqbar.wollok-lsp-ide-0.5.2\\out\\server\\src\\server.js:57:57694)\n    at c:\\Users\\joaom\\.vscode\\extensions\\uqbar.wollok-lsp-ide-0.5.2\\out\\server\\src\\server.js:64:37918\n    at c:\\Users\\joaom\\.vscode\\extensions\\uqbar.wollok-lsp-ide-0.5.2\\out\\server\\src\\server.js:57:55734\n    at Ofn (c:\\Users\\joaom\\.vscode\\extensions\\uqbar.wollok-lsp-ide-0.5.2\\out\\server\\src\\server.js:68:11324)\n    at c:\\Users\\joaom\\.vscode\\extensions\\uqbar.wollok-lsp-ide-0.5.2\\out\\server\\src\\server.js:68:3629\n    at jbn (c:\\Users\\joaom\\.vscode\\extensions\\uqbar.wollok-lsp-ide-0.5.2\\out\\server\\src\\server.js:68:3396)\n    at c:\\Users\\joaom\\.vscode\\extensions\\uqbar.wollok-lsp-ide-0.5.2\\out\\server\\src\\server.js:2371:847","timestamp":"2025-07-06T02:10:49.952Z"}
{"level":"info","message":"⌛ Building environment","timeElapsed":145,"timestamp":"2025-07-06T02:11:01.954Z"}
{"level":"info","message":"⌛ Validating mago.wlk","timeElapsed":156,"timestamp":"2025-07-06T02:11:02.114Z"}
{"level":"info","message":"⌛ Building environment","timeElapsed":150,"timestamp":"2025-07-06T02:11:12.197Z"}
{"level":"info","message":"⌛ Validating mago.wlk","timeElapsed":252,"timestamp":"2025-07-06T02:11:12.459Z"}
{"level":"info","message":"⌛ Building environment","timeElapsed":275,"timestamp":"2025-07-06T02:11:14.492Z"}
{"level":"info","message":"⌛ Validating mago.wlk","timeElapsed":168,"timestamp":"2025-07-06T02:11:14.700Z"}
{"level":"info","message":"⌛ Building environment","timeElapsed":111,"timestamp":"2025-07-06T02:11:41.538Z"}
{"level":"info","message":"⌛ Validating mago.wlk","timeElapsed":159,"timestamp":"2025-07-06T02:11:41.698Z"}
{"level":"info","message":"⌛ Building environment","timeElapsed":107,"timestamp":"2025-07-06T02:11:45.728Z"}
{"level":"info","message":"⌛ Validating mago.wlk","timeElapsed":112,"timestamp":"2025-07-06T02:11:45.848Z"}
{"level":"info","message":"⌛ Building environment","timeElapsed":113,"timestamp":"2025-07-06T02:11:46.258Z"}
{"level":"info","message":"⌛ Validating mago.wlk","timeElapsed":136,"timestamp":"2025-07-06T02:11:46.395Z"}
{"level":"info","message":"⌛ Building environment","timeElapsed":105,"timestamp":"2025-07-06T02:11:52.500Z"}
{"level":"info","message":"⌛ Validating mago.wlk","timeElapsed":170,"timestamp":"2025-07-06T02:11:52.671Z"}
{"level":"info","message":"⌛ Building environment","timeElapsed":127,"timestamp":"2025-07-06T02:11:52.832Z"}
{"level":"info","message":"⌛ Validating mago.wlk","timeElapsed":135,"timestamp":"2025-07-06T02:11:52.969Z"}
{"level":"info","message":"⌛ Validating main.wpgm","timeElapsed":249,"timestamp":"2025-07-06T02:11:59.006Z"}
{"level":"info","message":"🚀 Program executed \u001b[3m\u001b[34mmain.ArcaneBastion\u001b[39m\u001b[23m on \u001b[3m\u001b[34mc:\\Users\\joaom\\Documents\\asd-main\u001b[39m\u001b[23m","ok":true,"timeElapsed":603,"timestamp":"2025-07-06T02:12:03.420Z"}
{"level":"info","message":"⌛ Building environment","timeElapsed":148,"timestamp":"2025-07-06T02:12:20.392Z"}
{"level":"info","message":"⌛ Validating mago.wlk","timeElapsed":157,"timestamp":"2025-07-06T02:12:20.550Z"}
{"level":"info","message":"⌛ Building environment","timeElapsed":102,"timestamp":"2025-07-06T02:12:21.337Z"}
{"level":"info","message":"⌛ Validating mago.wlk","timeElapsed":127,"timestamp":"2025-07-06T02:12:21.465Z"}
{"level":"info","message":"⌛ Building environment","timeElapsed":102,"timestamp":"2025-07-06T02:12:21.873Z"}
{"level":"info","message":"⌛ Validating mago.wlk","timeElapsed":131,"timestamp":"2025-07-06T02:12:22.014Z"}
{"level":"info","message":"⌛ Building environment","timeElapsed":142,"timestamp":"2025-07-06T02:12:22.442Z"}
{"level":"info","message":"⌛ Validating mago.wlk","timeElapsed":155,"timestamp":"2025-07-06T02:12:22.598Z"}
{"level":"info","message":"⌛ Building environment","timeElapsed":109,"timestamp":"2025-07-06T02:12:28.783Z"}
{"level":"info","message":"⌛ Validating mago.wlk","timeElapsed":136,"timestamp":"2025-07-06T02:12:28.920Z"}
{"exitCode":"SIGHUP","level":"info","message":"👾 Game executed main.ArcaneBastion on c:\\Users\\joaom\\Documents\\asd-main","timeElapsed":32001,"timestamp":"2025-07-06T02:12:34.817Z"}
{"level":"info","message":"🚀 Program executed \u001b[3m\u001b[34mmain.ArcaneBastion\u001b[39m\u001b[23m on \u001b[3m\u001b[34mc:\\Users\\joaom\\Documents\\asd-main\u001b[39m\u001b[23m","ok":true,"timeElapsed":576,"timestamp":"2025-07-06T02:12:37.296Z"}
{"level":"info","message":"⌛ Building environment","timeElapsed":137,"timestamp":"2025-07-06T02:12:54.902Z"}
{"level":"info","message":"⌛ Validating mago.wlk","timeElapsed":176,"timestamp":"2025-07-06T02:12:55.087Z"}
{"level":"info","message":"⌛ Building environment","timeElapsed":128,"timestamp":"2025-07-06T02:12:55.217Z"}
{"level":"info","message":"⌛ Validating mago.wlk","timeElapsed":145,"timestamp":"2025-07-06T02:12:55.410Z"}
{"level":"info","message":"⌛ Building environment","timeElapsed":122,"timestamp":"2025-07-06T02:13:05.954Z"}
{"level":"info","message":"⌛ Validating mago.wlk","timeElapsed":164,"timestamp":"2025-07-06T02:13:06.126Z"}
{"level":"info","message":"⌛ Building environment","timeElapsed":114,"timestamp":"2025-07-06T02:13:08.333Z"}
{"level":"info","message":"⌛ Validating mago.wlk","timeElapsed":131,"timestamp":"2025-07-06T02:13:08.476Z"}
{"level":"info","message":"⌛ Building environment","timeElapsed":102,"timestamp":"2025-07-06T02:13:10.857Z"}
{"level":"info","message":"⌛ Validating mago.wlk","timeElapsed":143,"timestamp":"2025-07-06T02:13:11.010Z"}
{"level":"info","message":"⌛ Building environment","timeElapsed":102,"timestamp":"2025-07-06T02:13:11.397Z"}
{"level":"info","message":"⌛ Validating mago.wlk","timeElapsed":136,"timestamp":"2025-07-06T02:13:11.546Z"}
{"level":"info","message":"⌛ Validating mago.wlk","timeElapsed":154,"timestamp":"2025-07-06T02:13:24.483Z"}
{"level":"info","message":"⌛ Building environment","timeElapsed":110,"timestamp":"2025-07-06T02:13:30.135Z"}
{"level":"info","message":"⌛ Validating mago.wlk","timeElapsed":210,"timestamp":"2025-07-06T02:13:30.347Z"}
{"level":"info","message":"⌛ Building environment","timeElapsed":120,"timestamp":"2025-07-06T02:13:35.441Z"}
{"level":"info","message":"⌛ Validating mago.wlk","timeElapsed":170,"timestamp":"2025-07-06T02:13:35.613Z"}
{"level":"info","message":"⌛ Building environment","timeElapsed":214,"timestamp":"2025-07-06T02:13:37.537Z"}
{"level":"info","message":"⌛ Validating mago.wlk","timeElapsed":286,"timestamp":"2025-07-06T02:13:37.827Z"}
{"level":"info","message":"⌛ Building environment","timeElapsed":163,"timestamp":"2025-07-06T02:13:39.575Z"}
{"level":"info","message":"⌛ Validating mago.wlk","timeElapsed":171,"timestamp":"2025-07-06T02:13:39.747Z"}
{"level":"info","message":"⌛ Building environment","timeElapsed":103,"timestamp":"2025-07-06T02:13:40.158Z"}
{"level":"info","message":"⌛ Validating mago.wlk","timeElapsed":136,"timestamp":"2025-07-06T02:13:40.295Z"}
{"level":"error","message":"✘ Failed to rebuild document Failed to parse mago.wlk: \n-- PARSING FAILED --------------------------------------------------\n\n   96 |           objeto.recibirAtaque(hechizo.danio())\n   97 |           hizoDaño = true\n>  98 |       })\n      |       ^\n   99 | \n  100 |       if (hizoDaño) {\n\nExpected one of the following: \n\n'@', 'class', 'const', 'describe', 'mixin', 'object', 'only', 'package', 'program', 'test', 'var', '{', EOF, comment, not \"}\", whitespace\n","stack":"Error: Failed to parse mago.wlk: \n-- PARSING FAILED --------------------------------------------------\n\n   96 |           objeto.recibirAtaque(hechizo.danio())\n   97 |           hizoDaño = true\n>  98 |       })\n      |       ^\n   99 | \n  100 |       if (hizoDaño) {\n\nExpected one of the following: \n\n'@', 'class', 'const', 'describe', 'mixin', 'object', 'only', 'package', 'program', 'test', 'var', '{', EOF, comment, not \"}\", whitespace\n\n    at c:\\Users\\joaom\\.vscode\\extensions\\uqbar.wollok-lsp-ide-0.5.2\\out\\server\\src\\server.js:2326:13026\n    at Array.map (<anonymous>)\n    at D1n (c:\\Users\\joaom\\.vscode\\extensions\\uqbar.wollok-lsp-ide-0.5.2\\out\\server\\src\\server.js:2326:12950)\n    at W2.buildEnvironmentFrom (c:\\Users\\joaom\\.vscode\\extensions\\uqbar.wollok-lsp-ide-0.5.2\\out\\server\\src\\server.js:2371:5254)\n    at W2.updateEnvironmentWith (c:\\Users\\joaom\\.vscode\\extensions\\uqbar.wollok-lsp-ide-0.5.2\\out\\server\\src\\server.js:2371:4989)\n    at GF (c:\\Users\\joaom\\.vscode\\extensions\\uqbar.wollok-lsp-ide-0.5.2\\out\\server\\src\\server.js:2371:7383)\n    at L3.invoke (c:\\Users\\joaom\\.vscode\\extensions\\uqbar.wollok-lsp-ide-0.5.2\\out\\server\\src\\server.js:3:157326)\n    at o.fire (c:\\Users\\joaom\\.vscode\\extensions\\uqbar.wollok-lsp-ide-0.5.2\\out\\server\\src\\server.js:3:158096)\n    at c:\\Users\\joaom\\.vscode\\extensions\\uqbar.wollok-lsp-ide-0.5.2\\out\\server\\src\\server.js:37:57871\n    at Kr (c:\\Users\\joaom\\.vscode\\extensions\\uqbar.wollok-lsp-ide-0.5.2\\out\\server\\src\\server.js:8:1561)","timestamp":"2025-07-06T02:13:41.802Z"}
{"level":"error","message":"✘ Completions for node Send ([91:43, 94:8] - mago.wlk) failed: Error: [Send]{086256} at mago.wlk:91 exhausted all cases without a match [Send]{086256} at mago.wlk:91 exhausted all cases without a match","stack":"Error: [Send]{086256} at mago.wlk:91 exhausted all cases without a match\n    at c:\\Users\\joaom\\.vscode\\extensions\\uqbar.wollok-lsp-ide-0.5.2\\out\\server\\src\\server.js:38:6142\n    at C2 (c:\\Users\\joaom\\.vscode\\extensions\\uqbar.wollok-lsp-ide-0.5.2\\out\\server\\src\\server.js:2362:42)\n    at c:\\Users\\joaom\\.vscode\\extensions\\uqbar.wollok-lsp-ide-0.5.2\\out\\server\\src\\server.js:2362:2988\n    at c:\\Users\\joaom\\.vscode\\extensions\\uqbar.wollok-lsp-ide-0.5.2\\out\\server\\src\\server.js:2371:8440\n    at c:\\Users\\joaom\\.vscode\\extensions\\uqbar.wollok-lsp-ide-0.5.2\\out\\server\\src\\server.js:37:74872\n    at Ye (c:\\Users\\joaom\\.vscode\\extensions\\uqbar.wollok-lsp-ide-0.5.2\\out\\server\\src\\server.js:7:8527)\n    at Dt (c:\\Users\\joaom\\.vscode\\extensions\\uqbar.wollok-lsp-ide-0.5.2\\out\\server\\src\\server.js:7:6189)\n    at Zi (c:\\Users\\joaom\\.vscode\\extensions\\uqbar.wollok-lsp-ide-0.5.2\\out\\server\\src\\server.js:7:6378)\n    at Immediate._onImmediate (c:\\Users\\joaom\\.vscode\\extensions\\uqbar.wollok-lsp-ide-0.5.2\\out\\server\\src\\server.js:7:6142)\n    at process.processImmediate (node:internal/timers:485:21)","timestamp":"2025-07-06T02:13:41.827Z"}
{"level":"error","message":"✘ Completions for node Return (undefined - mago.wlk) failed: Error: [Return]{c5ca01} at mago.wlk:-- exhausted all cases without a match [Return]{c5ca01} at mago.wlk:-- exhausted all cases without a match","stack":"Error: [Return]{c5ca01} at mago.wlk:-- exhausted all cases without a match\n    at c:\\Users\\joaom\\.vscode\\extensions\\uqbar.wollok-lsp-ide-0.5.2\\out\\server\\src\\server.js:38:6142\n    at C2 (c:\\Users\\joaom\\.vscode\\extensions\\uqbar.wollok-lsp-ide-0.5.2\\out\\server\\src\\server.js:2362:42)\n    at Gh (c:\\Users\\joaom\\.vscode\\extensions\\uqbar.wollok-lsp-ide-0.5.2\\out\\server\\src\\server.js:2362:1092)\n    at C2 (c:\\Users\\joaom\\.vscode\\extensions\\uqbar.wollok-lsp-ide-0.5.2\\out\\server\\src\\server.js:2362:544)\n    at c:\\Users\\joaom\\.vscode\\extensions\\uqbar.wollok-lsp-ide-0.5.2\\out\\server\\src\\server.js:2362:2988\n    at c:\\Users\\joaom\\.vscode\\extensions\\uqbar.wollok-lsp-ide-0.5.2\\out\\server\\src\\server.js:2371:8440\n    at c:\\Users\\joaom\\.vscode\\extensions\\uqbar.wollok-lsp-ide-0.5.2\\out\\server\\src\\server.js:37:74872\n    at Ye (c:\\Users\\joaom\\.vscode\\extensions\\uqbar.wollok-lsp-ide-0.5.2\\out\\server\\src\\server.js:7:8527)\n    at Dt (c:\\Users\\joaom\\.vscode\\extensions\\uqbar.wollok-lsp-ide-0.5.2\\out\\server\\src\\server.js:7:6189)\n    at Zi (c:\\Users\\joaom\\.vscode\\extensions\\uqbar.wollok-lsp-ide-0.5.2\\out\\server\\src\\server.js:7:6378)","timestamp":"2025-07-06T02:13:41.828Z"}
{"level":"error","message":"✘ Failed to rebuild document Failed to parse mago.wlk: \n-- PARSING FAILED --------------------------------------------------\n\n   96 |           objeto.recibirAtaque(hechizo.danio())\n   97 |           hizoDaño = true\n>  98 |       })\n      |       ^\n   99 | \n  100 |       if (hizoDaño) {\n\nExpected one of the following: \n\n'@', 'class', 'const', 'describe', 'mixin', 'object', 'only', 'package', 'program', 'test', 'var', '{', EOF, comment, not \"}\", whitespace\n","stack":"Error: Failed to parse mago.wlk: \n-- PARSING FAILED --------------------------------------------------\n\n   96 |           objeto.recibirAtaque(hechizo.danio())\n   97 |           hizoDaño = true\n>  98 |       })\n      |       ^\n   99 | \n  100 |       if (hizoDaño) {\n\nExpected one of the following: \n\n'@', 'class', 'const', 'describe', 'mixin', 'object', 'only', 'package', 'program', 'test', 'var', '{', EOF, comment, not \"}\", whitespace\n\n    at c:\\Users\\joaom\\.vscode\\extensions\\uqbar.wollok-lsp-ide-0.5.2\\out\\server\\src\\server.js:2326:13026\n    at Array.map (<anonymous>)\n    at D1n (c:\\Users\\joaom\\.vscode\\extensions\\uqbar.wollok-lsp-ide-0.5.2\\out\\server\\src\\server.js:2326:12950)\n    at W2.buildEnvironmentFrom (c:\\Users\\joaom\\.vscode\\extensions\\uqbar.wollok-lsp-ide-0.5.2\\out\\server\\src\\server.js:2371:5254)\n    at W2.updateEnvironmentWith (c:\\Users\\joaom\\.vscode\\extensions\\uqbar.wollok-lsp-ide-0.5.2\\out\\server\\src\\server.js:2371:4989)\n    at GF (c:\\Users\\joaom\\.vscode\\extensions\\uqbar.wollok-lsp-ide-0.5.2\\out\\server\\src\\server.js:2371:7383)\n    at L3.invoke (c:\\Users\\joaom\\.vscode\\extensions\\uqbar.wollok-lsp-ide-0.5.2\\out\\server\\src\\server.js:3:157326)\n    at o.fire (c:\\Users\\joaom\\.vscode\\extensions\\uqbar.wollok-lsp-ide-0.5.2\\out\\server\\src\\server.js:3:158096)\n    at c:\\Users\\joaom\\.vscode\\extensions\\uqbar.wollok-lsp-ide-0.5.2\\out\\server\\src\\server.js:37:57871\n    at Kr (c:\\Users\\joaom\\.vscode\\extensions\\uqbar.wollok-lsp-ide-0.5.2\\out\\server\\src\\server.js:8:1561)","timestamp":"2025-07-06T02:13:42.025Z"}
{"level":"error","message":"✘ Failed to rebuild document Failed to parse mago.wlk: \n-- PARSING FAILED --------------------------------------------------\n\n   96 |           objeto.recibirAtaque(hechizo.danio())\n   97 |           hizoDaño = true\n>  98 |       })\n      |       ^\n   99 | \n  100 |       if (hizoDaño) {\n\nExpected one of the following: \n\n'@', 'class', 'const', 'describe', 'mixin', 'object', 'only', 'package', 'program', 'test', 'var', '{', EOF, comment, not \"}\", whitespace\n","stack":"Error: Failed to parse mago.wlk: \n-- PARSING FAILED --------------------------------------------------\n\n   96 |           objeto.recibirAtaque(hechizo.danio())\n   97 |           hizoDaño = true\n>  98 |       })\n      |       ^\n   99 | \n  100 |       if (hizoDaño) {\n\nExpected one of the following: \n\n'@', 'class', 'const', 'describe', 'mixin', 'object', 'only', 'package', 'program', 'test', 'var', '{', EOF, comment, not \"}\", whitespace\n\n    at c:\\Users\\joaom\\.vscode\\extensions\\uqbar.wollok-lsp-ide-0.5.2\\out\\server\\src\\server.js:2326:13026\n    at Array.map (<anonymous>)\n    at D1n (c:\\Users\\joaom\\.vscode\\extensions\\uqbar.wollok-lsp-ide-0.5.2\\out\\server\\src\\server.js:2326:12950)\n    at W2.buildEnvironmentFrom (c:\\Users\\joaom\\.vscode\\extensions\\uqbar.wollok-lsp-ide-0.5.2\\out\\server\\src\\server.js:2371:5254)\n    at W2.updateEnvironmentWith (c:\\Users\\joaom\\.vscode\\extensions\\uqbar.wollok-lsp-ide-0.5.2\\out\\server\\src\\server.js:2371:4989)\n    at GF (c:\\Users\\joaom\\.vscode\\extensions\\uqbar.wollok-lsp-ide-0.5.2\\out\\server\\src\\server.js:2371:7383)\n    at L3.invoke (c:\\Users\\joaom\\.vscode\\extensions\\uqbar.wollok-lsp-ide-0.5.2\\out\\server\\src\\server.js:3:157326)\n    at o.fire (c:\\Users\\joaom\\.vscode\\extensions\\uqbar.wollok-lsp-ide-0.5.2\\out\\server\\src\\server.js:3:158096)\n    at c:\\Users\\joaom\\.vscode\\extensions\\uqbar.wollok-lsp-ide-0.5.2\\out\\server\\src\\server.js:37:57871\n    at Kr (c:\\Users\\joaom\\.vscode\\extensions\\uqbar.wollok-lsp-ide-0.5.2\\out\\server\\src\\server.js:8:1561)","timestamp":"2025-07-06T02:13:42.215Z"}
{"level":"error","message":"✘ Failed to rebuild document Failed to parse mago.wlk: \n-- PARSING FAILED --------------------------------------------------\n\n   96 |           objeto.recibirAtaque(hechizo.danio())\n   97 |           hizoDaño = true\n>  98 |       })\n      |       ^\n   99 | \n  100 |       if (hizoDaño) {\n\nExpected one of the following: \n\n'@', 'class', 'const', 'describe', 'mixin', 'object', 'only', 'package', 'program', 'test', 'var', '{', EOF, comment, not \"}\", whitespace\n","stack":"Error: Failed to parse mago.wlk: \n-- PARSING FAILED --------------------------------------------------\n\n   96 |           objeto.recibirAtaque(hechizo.danio())\n   97 |           hizoDaño = true\n>  98 |       })\n      |       ^\n   99 | \n  100 |       if (hizoDaño) {\n\nExpected one of the following: \n\n'@', 'class', 'const', 'describe', 'mixin', 'object', 'only', 'package', 'program', 'test', 'var', '{', EOF, comment, not \"}\", whitespace\n\n    at c:\\Users\\joaom\\.vscode\\extensions\\uqbar.wollok-lsp-ide-0.5.2\\out\\server\\src\\server.js:2326:13026\n    at Array.map (<anonymous>)\n    at D1n (c:\\Users\\joaom\\.vscode\\extensions\\uqbar.wollok-lsp-ide-0.5.2\\out\\server\\src\\server.js:2326:12950)\n    at W2.buildEnvironmentFrom (c:\\Users\\joaom\\.vscode\\extensions\\uqbar.wollok-lsp-ide-0.5.2\\out\\server\\src\\server.js:2371:5254)\n    at W2.updateEnvironmentWith (c:\\Users\\joaom\\.vscode\\extensions\\uqbar.wollok-lsp-ide-0.5.2\\out\\server\\src\\server.js:2371:4989)\n    at GF (c:\\Users\\joaom\\.vscode\\extensions\\uqbar.wollok-lsp-ide-0.5.2\\out\\server\\src\\server.js:2371:7383)\n    at L3.invoke (c:\\Users\\joaom\\.vscode\\extensions\\uqbar.wollok-lsp-ide-0.5.2\\out\\server\\src\\server.js:3:157326)\n    at o.fire (c:\\Users\\joaom\\.vscode\\extensions\\uqbar.wollok-lsp-ide-0.5.2\\out\\server\\src\\server.js:3:158096)\n    at c:\\Users\\joaom\\.vscode\\extensions\\uqbar.wollok-lsp-ide-0.5.2\\out\\server\\src\\server.js:37:57871\n    at Kr (c:\\Users\\joaom\\.vscode\\extensions\\uqbar.wollok-lsp-ide-0.5.2\\out\\server\\src\\server.js:8:1561)","timestamp":"2025-07-06T02:13:42.279Z"}
{"level":"error","message":"✘ Failed to rebuild document Failed to parse mago.wlk: \n-- PARSING FAILED --------------------------------------------------\n\n   96 |           objeto.recibirAtaque(hechizo.danio())\n   97 |           hizoDaño = true\n>  98 |       })\n      |       ^\n   99 | \n  100 |       if (hizoDaño) {\n\nExpected one of the following: \n\n'@', 'class', 'const', 'describe', 'mixin', 'object', 'only', 'package', 'program', 'test', 'var', '{', EOF, comment, not \"}\", whitespace\n","stack":"Error: Failed to parse mago.wlk: \n-- PARSING FAILED --------------------------------------------------\n\n   96 |           objeto.recibirAtaque(hechizo.danio())\n   97 |           hizoDaño = true\n>  98 |       })\n      |       ^\n   99 | \n  100 |       if (hizoDaño) {\n\nExpected one of the following: \n\n'@', 'class', 'const', 'describe', 'mixin', 'object', 'only', 'package', 'program', 'test', 'var', '{', EOF, comment, not \"}\", whitespace\n\n    at c:\\Users\\joaom\\.vscode\\extensions\\uqbar.wollok-lsp-ide-0.5.2\\out\\server\\src\\server.js:2326:13026\n    at Array.map (<anonymous>)\n    at D1n (c:\\Users\\joaom\\.vscode\\extensions\\uqbar.wollok-lsp-ide-0.5.2\\out\\server\\src\\server.js:2326:12950)\n    at W2.buildEnvironmentFrom (c:\\Users\\joaom\\.vscode\\extensions\\uqbar.wollok-lsp-ide-0.5.2\\out\\server\\src\\server.js:2371:5254)\n    at W2.updateEnvironmentWith (c:\\Users\\joaom\\.vscode\\extensions\\uqbar.wollok-lsp-ide-0.5.2\\out\\server\\src\\server.js:2371:4989)\n    at GF (c:\\Users\\joaom\\.vscode\\extensions\\uqbar.wollok-lsp-ide-0.5.2\\out\\server\\src\\server.js:2371:7383)\n    at L3.invoke (c:\\Users\\joaom\\.vscode\\extensions\\uqbar.wollok-lsp-ide-0.5.2\\out\\server\\src\\server.js:3:157326)\n    at o.fire (c:\\Users\\joaom\\.vscode\\extensions\\uqbar.wollok-lsp-ide-0.5.2\\out\\server\\src\\server.js:3:158096)\n    at c:\\Users\\joaom\\.vscode\\extensions\\uqbar.wollok-lsp-ide-0.5.2\\out\\server\\src\\server.js:37:57871\n    at Kr (c:\\Users\\joaom\\.vscode\\extensions\\uqbar.wollok-lsp-ide-0.5.2\\out\\server\\src\\server.js:8:1561)","timestamp":"2025-07-06T02:13:42.476Z"}
{"level":"error","message":"✘ Failed to rebuild document Failed to parse mago.wlk: \n-- PARSING FAILED --------------------------------------------------\n\n   96 |           objeto.recibirAtaque(hechizo.danio())\n   97 |           hizoDaño = true\n>  98 |       })\n      |       ^\n   99 | \n  100 |       if (hizoDaño) {\n\nExpected one of the following: \n\n'@', 'class', 'const', 'describe', 'mixin', 'object', 'only', 'package', 'program', 'test', 'var', '{', EOF, comment, not \"}\", whitespace\n","stack":"Error: Failed to parse mago.wlk: \n-- PARSING FAILED --------------------------------------------------\n\n   96 |           objeto.recibirAtaque(hechizo.danio())\n   97 |           hizoDaño = true\n>  98 |       })\n      |       ^\n   99 | \n  100 |       if (hizoDaño) {\n\nExpected one of the following: \n\n'@', 'class', 'const', 'describe', 'mixin', 'object', 'only', 'package', 'program', 'test', 'var', '{', EOF, comment, not \"}\", whitespace\n\n    at c:\\Users\\joaom\\.vscode\\extensions\\uqbar.wollok-lsp-ide-0.5.2\\out\\server\\src\\server.js:2326:13026\n    at Array.map (<anonymous>)\n    at D1n (c:\\Users\\joaom\\.vscode\\extensions\\uqbar.wollok-lsp-ide-0.5.2\\out\\server\\src\\server.js:2326:12950)\n    at W2.buildEnvironmentFrom (c:\\Users\\joaom\\.vscode\\extensions\\uqbar.wollok-lsp-ide-0.5.2\\out\\server\\src\\server.js:2371:5254)\n    at W2.updateEnvironmentWith (c:\\Users\\joaom\\.vscode\\extensions\\uqbar.wollok-lsp-ide-0.5.2\\out\\server\\src\\server.js:2371:4989)\n    at GF (c:\\Users\\joaom\\.vscode\\extensions\\uqbar.wollok-lsp-ide-0.5.2\\out\\server\\src\\server.js:2371:7383)\n    at L3.invoke (c:\\Users\\joaom\\.vscode\\extensions\\uqbar.wollok-lsp-ide-0.5.2\\out\\server\\src\\server.js:3:157326)\n    at o.fire (c:\\Users\\joaom\\.vscode\\extensions\\uqbar.wollok-lsp-ide-0.5.2\\out\\server\\src\\server.js:3:158096)\n    at c:\\Users\\joaom\\.vscode\\extensions\\uqbar.wollok-lsp-ide-0.5.2\\out\\server\\src\\server.js:37:57871\n    at Kr (c:\\Users\\joaom\\.vscode\\extensions\\uqbar.wollok-lsp-ide-0.5.2\\out\\server\\src\\server.js:8:1561)","timestamp":"2025-07-06T02:13:42.549Z"}
{"level":"error","message":"✘ Failed to rebuild document Failed to parse mago.wlk: \n-- PARSING FAILED --------------------------------------------------\n\n   96 |           objeto.recibirAtaque(hechizo.danio())\n   97 |           hizoDaño = true\n>  98 |       })\n      |       ^\n   99 | \n  100 |       if (hizoDaño) {\n\nExpected one of the following: \n\n'@', 'class', 'const', 'describe', 'mixin', 'object', 'only', 'package', 'program', 'test', 'var', '{', EOF, comment, not \"}\", whitespace\n","stack":"Error: Failed to parse mago.wlk: \n-- PARSING FAILED --------------------------------------------------\n\n   96 |           objeto.recibirAtaque(hechizo.danio())\n   97 |           hizoDaño = true\n>  98 |       })\n      |       ^\n   99 | \n  100 |       if (hizoDaño) {\n\nExpected one of the following: \n\n'@', 'class', 'const', 'describe', 'mixin', 'object', 'only', 'package', 'program', 'test', 'var', '{', EOF, comment, not \"}\", whitespace\n\n    at c:\\Users\\joaom\\.vscode\\extensions\\uqbar.wollok-lsp-ide-0.5.2\\out\\server\\src\\server.js:2326:13026\n    at Array.map (<anonymous>)\n    at D1n (c:\\Users\\joaom\\.vscode\\extensions\\uqbar.wollok-lsp-ide-0.5.2\\out\\server\\src\\server.js:2326:12950)\n    at W2.buildEnvironmentFrom (c:\\Users\\joaom\\.vscode\\extensions\\uqbar.wollok-lsp-ide-0.5.2\\out\\server\\src\\server.js:2371:5254)\n    at W2.updateEnvironmentWith (c:\\Users\\joaom\\.vscode\\extensions\\uqbar.wollok-lsp-ide-0.5.2\\out\\server\\src\\server.js:2371:4989)\n    at GF (c:\\Users\\joaom\\.vscode\\extensions\\uqbar.wollok-lsp-ide-0.5.2\\out\\server\\src\\server.js:2371:7383)\n    at L3.invoke (c:\\Users\\joaom\\.vscode\\extensions\\uqbar.wollok-lsp-ide-0.5.2\\out\\server\\src\\server.js:3:157326)\n    at o.fire (c:\\Users\\joaom\\.vscode\\extensions\\uqbar.wollok-lsp-ide-0.5.2\\out\\server\\src\\server.js:3:158096)\n    at c:\\Users\\joaom\\.vscode\\extensions\\uqbar.wollok-lsp-ide-0.5.2\\out\\server\\src\\server.js:37:57871\n    at Kr (c:\\Users\\joaom\\.vscode\\extensions\\uqbar.wollok-lsp-ide-0.5.2\\out\\server\\src\\server.js:8:1561)","timestamp":"2025-07-06T02:13:42.733Z"}
{"level":"error","message":"✘ Failed to rebuild document Failed to parse mago.wlk: \n-- PARSING FAILED --------------------------------------------------\n\n   96 |           objeto.recibirAtaque(hechizo.danio())\n   97 |           hizoDaño = true\n>  98 |       })\n      |       ^\n   99 | \n  100 |       if (hizoDaño) {\n\nExpected one of the following: \n\n'@', 'class', 'const', 'describe', 'mixin', 'object', 'only', 'package', 'program', 'test', 'var', '{', EOF, comment, not \"}\", whitespace\n","stack":"Error: Failed to parse mago.wlk: \n-- PARSING FAILED --------------------------------------------------\n\n   96 |           objeto.recibirAtaque(hechizo.danio())\n   97 |           hizoDaño = true\n>  98 |       })\n      |       ^\n   99 | \n  100 |       if (hizoDaño) {\n\nExpected one of the following: \n\n'@', 'class', 'const', 'describe', 'mixin', 'object', 'only', 'package', 'program', 'test', 'var', '{', EOF, comment, not \"}\", whitespace\n\n    at c:\\Users\\joaom\\.vscode\\extensions\\uqbar.wollok-lsp-ide-0.5.2\\out\\server\\src\\server.js:2326:13026\n    at Array.map (<anonymous>)\n    at D1n (c:\\Users\\joaom\\.vscode\\extensions\\uqbar.wollok-lsp-ide-0.5.2\\out\\server\\src\\server.js:2326:12950)\n    at W2.buildEnvironmentFrom (c:\\Users\\joaom\\.vscode\\extensions\\uqbar.wollok-lsp-ide-0.5.2\\out\\server\\src\\server.js:2371:5254)\n    at W2.updateEnvironmentWith (c:\\Users\\joaom\\.vscode\\extensions\\uqbar.wollok-lsp-ide-0.5.2\\out\\server\\src\\server.js:2371:4989)\n    at GF (c:\\Users\\joaom\\.vscode\\extensions\\uqbar.wollok-lsp-ide-0.5.2\\out\\server\\src\\server.js:2371:7383)\n    at L3.invoke (c:\\Users\\joaom\\.vscode\\extensions\\uqbar.wollok-lsp-ide-0.5.2\\out\\server\\src\\server.js:3:157326)\n    at o.fire (c:\\Users\\joaom\\.vscode\\extensions\\uqbar.wollok-lsp-ide-0.5.2\\out\\server\\src\\server.js:3:158096)\n    at c:\\Users\\joaom\\.vscode\\extensions\\uqbar.wollok-lsp-ide-0.5.2\\out\\server\\src\\server.js:37:57871\n    at Kr (c:\\Users\\joaom\\.vscode\\extensions\\uqbar.wollok-lsp-ide-0.5.2\\out\\server\\src\\server.js:8:1561)","timestamp":"2025-07-06T02:13:42.997Z"}
{"level":"error","message":"✘ Failed to rebuild document Failed to parse mago.wlk: \n-- PARSING FAILED --------------------------------------------------\n\n   96 |           objeto.recibirAtaque(hechizo.danio())\n   97 |           hizoDaño = true\n>  98 |       })\n      |       ^\n   99 | \n  100 |       if (hizoDaño) {\n\nExpected one of the following: \n\n'@', 'class', 'const', 'describe', 'mixin', 'object', 'only', 'package', 'program', 'test', 'var', '{', EOF, comment, not \"}\", whitespace\n","stack":"Error: Failed to parse mago.wlk: \n-- PARSING FAILED --------------------------------------------------\n\n   96 |           objeto.recibirAtaque(hechizo.danio())\n   97 |           hizoDaño = true\n>  98 |       })\n      |       ^\n   99 | \n  100 |       if (hizoDaño) {\n\nExpected one of the following: \n\n'@', 'class', 'const', 'describe', 'mixin', 'object', 'only', 'package', 'program', 'test', 'var', '{', EOF, comment, not \"}\", whitespace\n\n    at c:\\Users\\joaom\\.vscode\\extensions\\uqbar.wollok-lsp-ide-0.5.2\\out\\server\\src\\server.js:2326:13026\n    at Array.map (<anonymous>)\n    at D1n (c:\\Users\\joaom\\.vscode\\extensions\\uqbar.wollok-lsp-ide-0.5.2\\out\\server\\src\\server.js:2326:12950)\n    at W2.buildEnvironmentFrom (c:\\Users\\joaom\\.vscode\\extensions\\uqbar.wollok-lsp-ide-0.5.2\\out\\server\\src\\server.js:2371:5254)\n    at W2.updateEnvironmentWith (c:\\Users\\joaom\\.vscode\\extensions\\uqbar.wollok-lsp-ide-0.5.2\\out\\server\\src\\server.js:2371:4989)\n    at GF (c:\\Users\\joaom\\.vscode\\extensions\\uqbar.wollok-lsp-ide-0.5.2\\out\\server\\src\\server.js:2371:7383)\n    at L3.invoke (c:\\Users\\joaom\\.vscode\\extensions\\uqbar.wollok-lsp-ide-0.5.2\\out\\server\\src\\server.js:3:157326)\n    at o.fire (c:\\Users\\joaom\\.vscode\\extensions\\uqbar.wollok-lsp-ide-0.5.2\\out\\server\\src\\server.js:3:158096)\n    at c:\\Users\\joaom\\.vscode\\extensions\\uqbar.wollok-lsp-ide-0.5.2\\out\\server\\src\\server.js:37:57871\n    at Kr (c:\\Users\\joaom\\.vscode\\extensions\\uqbar.wollok-lsp-ide-0.5.2\\out\\server\\src\\server.js:8:1561)","timestamp":"2025-07-06T02:13:43.160Z"}
{"level":"error","message":"✘ Failed to rebuild document Failed to parse mago.wlk: \n-- PARSING FAILED --------------------------------------------------\n\n   96 |           objeto.recibirAtaque(hechizo.danio())\n   97 |           hizoDaño = true\n>  98 |       })\n      |       ^\n   99 | \n  100 |       if (hizoDaño) {\n\nExpected one of the following: \n\n'@', 'class', 'const', 'describe', 'mixin', 'object', 'only', 'package', 'program', 'test', 'var', '{', EOF, comment, not \"}\", whitespace\n","stack":"Error: Failed to parse mago.wlk: \n-- PARSING FAILED --------------------------------------------------\n\n   96 |           objeto.recibirAtaque(hechizo.danio())\n   97 |           hizoDaño = true\n>  98 |       })\n      |       ^\n   99 | \n  100 |       if (hizoDaño) {\n\nExpected one of the following: \n\n'@', 'class', 'const', 'describe', 'mixin', 'object', 'only', 'package', 'program', 'test', 'var', '{', EOF, comment, not \"}\", whitespace\n\n    at c:\\Users\\joaom\\.vscode\\extensions\\uqbar.wollok-lsp-ide-0.5.2\\out\\server\\src\\server.js:2326:13026\n    at Array.map (<anonymous>)\n    at D1n (c:\\Users\\joaom\\.vscode\\extensions\\uqbar.wollok-lsp-ide-0.5.2\\out\\server\\src\\server.js:2326:12950)\n    at W2.buildEnvironmentFrom (c:\\Users\\joaom\\.vscode\\extensions\\uqbar.wollok-lsp-ide-0.5.2\\out\\server\\src\\server.js:2371:5254)\n    at W2.updateEnvironmentWith (c:\\Users\\joaom\\.vscode\\extensions\\uqbar.wollok-lsp-ide-0.5.2\\out\\server\\src\\server.js:2371:4989)\n    at GF (c:\\Users\\joaom\\.vscode\\extensions\\uqbar.wollok-lsp-ide-0.5.2\\out\\server\\src\\server.js:2371:7383)\n    at L3.invoke (c:\\Users\\joaom\\.vscode\\extensions\\uqbar.wollok-lsp-ide-0.5.2\\out\\server\\src\\server.js:3:157326)\n    at o.fire (c:\\Users\\joaom\\.vscode\\extensions\\uqbar.wollok-lsp-ide-0.5.2\\out\\server\\src\\server.js:3:158096)\n    at c:\\Users\\joaom\\.vscode\\extensions\\uqbar.wollok-lsp-ide-0.5.2\\out\\server\\src\\server.js:37:57871\n    at Kr (c:\\Users\\joaom\\.vscode\\extensions\\uqbar.wollok-lsp-ide-0.5.2\\out\\server\\src\\server.js:8:1561)","timestamp":"2025-07-06T02:13:43.258Z"}
{"level":"error","message":"✘ Failed to rebuild document Failed to parse mago.wlk: \n-- PARSING FAILED --------------------------------------------------\n\n   96 |           objeto.recibirAtaque(hechizo.danio())\n   97 |           hizoDaño = true\n>  98 |       })\n      |       ^\n   99 | \n  100 |       if (hizoDaño) {\n\nExpected one of the following: \n\n'@', 'class', 'const', 'describe', 'mixin', 'object', 'only', 'package', 'program', 'test', 'var', '{', EOF, comment, not \"}\", whitespace\n","stack":"Error: Failed to parse mago.wlk: \n-- PARSING FAILED --------------------------------------------------\n\n   96 |           objeto.recibirAtaque(hechizo.danio())\n   97 |           hizoDaño = true\n>  98 |       })\n      |       ^\n   99 | \n  100 |       if (hizoDaño) {\n\nExpected one of the following: \n\n'@', 'class', 'const', 'describe', 'mixin', 'object', 'only', 'package', 'program', 'test', 'var', '{', EOF, comment, not \"}\", whitespace\n\n    at c:\\Users\\joaom\\.vscode\\extensions\\uqbar.wollok-lsp-ide-0.5.2\\out\\server\\src\\server.js:2326:13026\n    at Array.map (<anonymous>)\n    at D1n (c:\\Users\\joaom\\.vscode\\extensions\\uqbar.wollok-lsp-ide-0.5.2\\out\\server\\src\\server.js:2326:12950)\n    at W2.buildEnvironmentFrom (c:\\Users\\joaom\\.vscode\\extensions\\uqbar.wollok-lsp-ide-0.5.2\\out\\server\\src\\server.js:2371:5254)\n    at W2.updateEnvironmentWith (c:\\Users\\joaom\\.vscode\\extensions\\uqbar.wollok-lsp-ide-0.5.2\\out\\server\\src\\server.js:2371:4989)\n    at GF (c:\\Users\\joaom\\.vscode\\extensions\\uqbar.wollok-lsp-ide-0.5.2\\out\\server\\src\\server.js:2371:7383)\n    at L3.invoke (c:\\Users\\joaom\\.vscode\\extensions\\uqbar.wollok-lsp-ide-0.5.2\\out\\server\\src\\server.js:3:157326)\n    at o.fire (c:\\Users\\joaom\\.vscode\\extensions\\uqbar.wollok-lsp-ide-0.5.2\\out\\server\\src\\server.js:3:158096)\n    at c:\\Users\\joaom\\.vscode\\extensions\\uqbar.wollok-lsp-ide-0.5.2\\out\\server\\src\\server.js:37:57871\n    at Kr (c:\\Users\\joaom\\.vscode\\extensions\\uqbar.wollok-lsp-ide-0.5.2\\out\\server\\src\\server.js:8:1561)","timestamp":"2025-07-06T02:13:43.441Z"}
{"level":"error","message":"✘ Failed to rebuild document Failed to parse mago.wlk: \n-- PARSING FAILED --------------------------------------------------\n\n   96 |           objeto.recibirAtaque(hechizo.danio())\n   97 |           hizoDaño = true\n>  98 |       })\n      |       ^\n   99 | \n  100 |       if (hizoDaño) {\n\nExpected one of the following: \n\n'@', 'class', 'const', 'describe', 'mixin', 'object', 'only', 'package', 'program', 'test', 'var', '{', EOF, comment, not \"}\", whitespace\n","stack":"Error: Failed to parse mago.wlk: \n-- PARSING FAILED --------------------------------------------------\n\n   96 |           objeto.recibirAtaque(hechizo.danio())\n   97 |           hizoDaño = true\n>  98 |       })\n      |       ^\n   99 | \n  100 |       if (hizoDaño) {\n\nExpected one of the following: \n\n'@', 'class', 'const', 'describe', 'mixin', 'object', 'only', 'package', 'program', 'test', 'var', '{', EOF, comment, not \"}\", whitespace\n\n    at c:\\Users\\joaom\\.vscode\\extensions\\uqbar.wollok-lsp-ide-0.5.2\\out\\server\\src\\server.js:2326:13026\n    at Array.map (<anonymous>)\n    at D1n (c:\\Users\\joaom\\.vscode\\extensions\\uqbar.wollok-lsp-ide-0.5.2\\out\\server\\src\\server.js:2326:12950)\n    at W2.buildEnvironmentFrom (c:\\Users\\joaom\\.vscode\\extensions\\uqbar.wollok-lsp-ide-0.5.2\\out\\server\\src\\server.js:2371:5254)\n    at W2.updateEnvironmentWith (c:\\Users\\joaom\\.vscode\\extensions\\uqbar.wollok-lsp-ide-0.5.2\\out\\server\\src\\server.js:2371:4989)\n    at GF (c:\\Users\\joaom\\.vscode\\extensions\\uqbar.wollok-lsp-ide-0.5.2\\out\\server\\src\\server.js:2371:7383)\n    at L3.invoke (c:\\Users\\joaom\\.vscode\\extensions\\uqbar.wollok-lsp-ide-0.5.2\\out\\server\\src\\server.js:3:157326)\n    at o.fire (c:\\Users\\joaom\\.vscode\\extensions\\uqbar.wollok-lsp-ide-0.5.2\\out\\server\\src\\server.js:3:158096)\n    at c:\\Users\\joaom\\.vscode\\extensions\\uqbar.wollok-lsp-ide-0.5.2\\out\\server\\src\\server.js:37:57871\n    at Kr (c:\\Users\\joaom\\.vscode\\extensions\\uqbar.wollok-lsp-ide-0.5.2\\out\\server\\src\\server.js:8:1561)","timestamp":"2025-07-06T02:13:43.683Z"}
{"level":"error","message":"✘ Failed to rebuild document Failed to parse mago.wlk: \n-- PARSING FAILED --------------------------------------------------\n\n   96 |           objeto.recibirAtaque(hechizo.danio())\n   97 |           hizoDaño = true\n>  98 |       })\n      |       ^\n   99 | \n  100 |       if (hizoDaño) {\n\nExpected one of the following: \n\n'@', 'class', 'const', 'describe', 'mixin', 'object', 'only', 'package', 'program', 'test', 'var', '{', EOF, comment, not \"}\", whitespace\n","stack":"Error: Failed to parse mago.wlk: \n-- PARSING FAILED --------------------------------------------------\n\n   96 |           objeto.recibirAtaque(hechizo.danio())\n   97 |           hizoDaño = true\n>  98 |       })\n      |       ^\n   99 | \n  100 |       if (hizoDaño) {\n\nExpected one of the following: \n\n'@', 'class', 'const', 'describe', 'mixin', 'object', 'only', 'package', 'program', 'test', 'var', '{', EOF, comment, not \"}\", whitespace\n\n    at c:\\Users\\joaom\\.vscode\\extensions\\uqbar.wollok-lsp-ide-0.5.2\\out\\server\\src\\server.js:2326:13026\n    at Array.map (<anonymous>)\n    at D1n (c:\\Users\\joaom\\.vscode\\extensions\\uqbar.wollok-lsp-ide-0.5.2\\out\\server\\src\\server.js:2326:12950)\n    at W2.buildEnvironmentFrom (c:\\Users\\joaom\\.vscode\\extensions\\uqbar.wollok-lsp-ide-0.5.2\\out\\server\\src\\server.js:2371:5254)\n    at W2.updateEnvironmentWith (c:\\Users\\joaom\\.vscode\\extensions\\uqbar.wollok-lsp-ide-0.5.2\\out\\server\\src\\server.js:2371:4989)\n    at GF (c:\\Users\\joaom\\.vscode\\extensions\\uqbar.wollok-lsp-ide-0.5.2\\out\\server\\src\\server.js:2371:7383)\n    at L3.invoke (c:\\Users\\joaom\\.vscode\\extensions\\uqbar.wollok-lsp-ide-0.5.2\\out\\server\\src\\server.js:3:157326)\n    at o.fire (c:\\Users\\joaom\\.vscode\\extensions\\uqbar.wollok-lsp-ide-0.5.2\\out\\server\\src\\server.js:3:158096)\n    at c:\\Users\\joaom\\.vscode\\extensions\\uqbar.wollok-lsp-ide-0.5.2\\out\\server\\src\\server.js:37:57871\n    at Kr (c:\\Users\\joaom\\.vscode\\extensions\\uqbar.wollok-lsp-ide-0.5.2\\out\\server\\src\\server.js:8:1561)","timestamp":"2025-07-06T02:13:43.966Z"}
{"level":"error","message":"✘ Failed to rebuild document Failed to parse mago.wlk: \n-- PARSING FAILED --------------------------------------------------\n\n  94 |       )})\n  95 | \n> 96 |       }\n     |       ^\n  97 |   }\n  98 | }\n\nExpected one of the following: \n\n'@', 'class', 'const', 'describe', 'mixin', 'object', 'only', 'package', 'program', 'test', 'var', '{', EOF, comment, not \"}\r\n  \", whitespace\n","stack":"Error: Failed to parse mago.wlk: \n-- PARSING FAILED --------------------------------------------------\n\n  94 |       )})\n  95 | \n> 96 |       }\n     |       ^\n  97 |   }\n  98 | }\n\nExpected one of the following: \n\n'@', 'class', 'const', 'describe', 'mixin', 'object', 'only', 'package', 'program', 'test', 'var', '{', EOF, comment, not \"}\r\n  \", whitespace\n\n    at c:\\Users\\joaom\\.vscode\\extensions\\uqbar.wollok-lsp-ide-0.5.2\\out\\server\\src\\server.js:2326:13026\n    at Array.map (<anonymous>)\n    at D1n (c:\\Users\\joaom\\.vscode\\extensions\\uqbar.wollok-lsp-ide-0.5.2\\out\\server\\src\\server.js:2326:12950)\n    at W2.buildEnvironmentFrom (c:\\Users\\joaom\\.vscode\\extensions\\uqbar.wollok-lsp-ide-0.5.2\\out\\server\\src\\server.js:2371:5254)\n    at W2.updateEnvironmentWith (c:\\Users\\joaom\\.vscode\\extensions\\uqbar.wollok-lsp-ide-0.5.2\\out\\server\\src\\server.js:2371:4989)\n    at GF (c:\\Users\\joaom\\.vscode\\extensions\\uqbar.wollok-lsp-ide-0.5.2\\out\\server\\src\\server.js:2371:7383)\n    at L3.invoke (c:\\Users\\joaom\\.vscode\\extensions\\uqbar.wollok-lsp-ide-0.5.2\\out\\server\\src\\server.js:3:157326)\n    at o.fire (c:\\Users\\joaom\\.vscode\\extensions\\uqbar.wollok-lsp-ide-0.5.2\\out\\server\\src\\server.js:3:158096)\n    at c:\\Users\\joaom\\.vscode\\extensions\\uqbar.wollok-lsp-ide-0.5.2\\out\\server\\src\\server.js:37:57871\n    at Kr (c:\\Users\\joaom\\.vscode\\extensions\\uqbar.wollok-lsp-ide-0.5.2\\out\\server\\src\\server.js:8:1561)","timestamp":"2025-07-06T02:13:46.947Z"}
{"level":"error","message":"✘ Failed to rebuild document Failed to parse mago.wlk: \n-- PARSING FAILED --------------------------------------------------\n\n  94 |       )})\n  95 | \n> 96 |   }\n     |   ^\n  97 | }\n  98 | \n\nExpected one of the following: \n\n'@', 'class', 'const', 'describe', 'mixin', 'object', 'only', 'package', 'program', 'test', 'var', '{', EOF, comment, not \"}\r\n\", whitespace\n","stack":"Error: Failed to parse mago.wlk: \n-- PARSING FAILED --------------------------------------------------\n\n  94 |       )})\n  95 | \n> 96 |   }\n     |   ^\n  97 | }\n  98 | \n\nExpected one of the following: \n\n'@', 'class', 'const', 'describe', 'mixin', 'object', 'only', 'package', 'program', 'test', 'var', '{', EOF, comment, not \"}\r\n\", whitespace\n\n    at c:\\Users\\joaom\\.vscode\\extensions\\uqbar.wollok-lsp-ide-0.5.2\\out\\server\\src\\server.js:2326:13026\n    at Array.map (<anonymous>)\n    at D1n (c:\\Users\\joaom\\.vscode\\extensions\\uqbar.wollok-lsp-ide-0.5.2\\out\\server\\src\\server.js:2326:12950)\n    at W2.buildEnvironmentFrom (c:\\Users\\joaom\\.vscode\\extensions\\uqbar.wollok-lsp-ide-0.5.2\\out\\server\\src\\server.js:2371:5254)\n    at W2.updateEnvironmentWith (c:\\Users\\joaom\\.vscode\\extensions\\uqbar.wollok-lsp-ide-0.5.2\\out\\server\\src\\server.js:2371:4989)\n    at GF (c:\\Users\\joaom\\.vscode\\extensions\\uqbar.wollok-lsp-ide-0.5.2\\out\\server\\src\\server.js:2371:7383)\n    at L3.invoke (c:\\Users\\joaom\\.vscode\\extensions\\uqbar.wollok-lsp-ide-0.5.2\\out\\server\\src\\server.js:3:157326)\n    at o.fire (c:\\Users\\joaom\\.vscode\\extensions\\uqbar.wollok-lsp-ide-0.5.2\\out\\server\\src\\server.js:3:158096)\n    at c:\\Users\\joaom\\.vscode\\extensions\\uqbar.wollok-lsp-ide-0.5.2\\out\\server\\src\\server.js:37:57871\n    at Kr (c:\\Users\\joaom\\.vscode\\extensions\\uqbar.wollok-lsp-ide-0.5.2\\out\\server\\src\\server.js:8:1561)","timestamp":"2025-07-06T02:13:48.503Z"}
{"level":"error","message":"✘ Failed to rebuild document Failed to parse mago.wlk: \n-- PARSING FAILED --------------------------------------------------\n\n  94 |       )})\n  95 | \n> 96 |       }\n     |       ^\n  97 |   }\n  98 | }\n\nExpected one of the following: \n\n'@', 'class', 'const', 'describe', 'mixin', 'object', 'only', 'package', 'program', 'test', 'var', '{', EOF, comment, not \"}\r\n  \", whitespace\n","stack":"Error: Failed to parse mago.wlk: \n-- PARSING FAILED --------------------------------------------------\n\n  94 |       )})\n  95 | \n> 96 |       }\n     |       ^\n  97 |   }\n  98 | }\n\nExpected one of the following: \n\n'@', 'class', 'const', 'describe', 'mixin', 'object', 'only', 'package', 'program', 'test', 'var', '{', EOF, comment, not \"}\r\n  \", whitespace\n\n    at c:\\Users\\joaom\\.vscode\\extensions\\uqbar.wollok-lsp-ide-0.5.2\\out\\server\\src\\server.js:2326:13026\n    at Array.map (<anonymous>)\n    at D1n (c:\\Users\\joaom\\.vscode\\extensions\\uqbar.wollok-lsp-ide-0.5.2\\out\\server\\src\\server.js:2326:12950)\n    at W2.buildEnvironmentFrom (c:\\Users\\joaom\\.vscode\\extensions\\uqbar.wollok-lsp-ide-0.5.2\\out\\server\\src\\server.js:2371:5254)\n    at W2.updateEnvironmentWith (c:\\Users\\joaom\\.vscode\\extensions\\uqbar.wollok-lsp-ide-0.5.2\\out\\server\\src\\server.js:2371:4989)\n    at GF (c:\\Users\\joaom\\.vscode\\extensions\\uqbar.wollok-lsp-ide-0.5.2\\out\\server\\src\\server.js:2371:7383)\n    at L3.invoke (c:\\Users\\joaom\\.vscode\\extensions\\uqbar.wollok-lsp-ide-0.5.2\\out\\server\\src\\server.js:3:157326)\n    at o.fire (c:\\Users\\joaom\\.vscode\\extensions\\uqbar.wollok-lsp-ide-0.5.2\\out\\server\\src\\server.js:3:158096)\n    at c:\\Users\\joaom\\.vscode\\extensions\\uqbar.wollok-lsp-ide-0.5.2\\out\\server\\src\\server.js:37:57871\n    at Kr (c:\\Users\\joaom\\.vscode\\extensions\\uqbar.wollok-lsp-ide-0.5.2\\out\\server\\src\\server.js:8:1561)","timestamp":"2025-07-06T02:13:49.801Z"}
{"level":"error","message":"✘ Failed to rebuild document Failed to parse mago.wlk: \n-- PARSING FAILED --------------------------------------------------\n\n   96 |           objeto.recibirAtaque(hechizo.danio())\n   97 |           hizoDaño = true\n>  98 |       })\n      |       ^\n   99 | \n  100 |       if (hizoDaño) {\n\nExpected one of the following: \n\n'@', 'class', 'const', 'describe', 'mixin', 'object', 'only', 'package', 'program', 'test', 'var', '{', EOF, comment, not \"}\", whitespace\n","stack":"Error: Failed to parse mago.wlk: \n-- PARSING FAILED --------------------------------------------------\n\n   96 |           objeto.recibirAtaque(hechizo.danio())\n   97 |           hizoDaño = true\n>  98 |       })\n      |       ^\n   99 | \n  100 |       if (hizoDaño) {\n\nExpected one of the following: \n\n'@', 'class', 'const', 'describe', 'mixin', 'object', 'only', 'package', 'program', 'test', 'var', '{', EOF, comment, not \"}\", whitespace\n\n    at c:\\Users\\joaom\\.vscode\\extensions\\uqbar.wollok-lsp-ide-0.5.2\\out\\server\\src\\server.js:2326:13026\n    at Array.map (<anonymous>)\n    at D1n (c:\\Users\\joaom\\.vscode\\extensions\\uqbar.wollok-lsp-ide-0.5.2\\out\\server\\src\\server.js:2326:12950)\n    at W2.buildEnvironmentFrom (c:\\Users\\joaom\\.vscode\\extensions\\uqbar.wollok-lsp-ide-0.5.2\\out\\server\\src\\server.js:2371:5254)\n    at W2.updateEnvironmentWith (c:\\Users\\joaom\\.vscode\\extensions\\uqbar.wollok-lsp-ide-0.5.2\\out\\server\\src\\server.js:2371:4989)\n    at GF (c:\\Users\\joaom\\.vscode\\extensions\\uqbar.wollok-lsp-ide-0.5.2\\out\\server\\src\\server.js:2371:7383)\n    at L3.invoke (c:\\Users\\joaom\\.vscode\\extensions\\uqbar.wollok-lsp-ide-0.5.2\\out\\server\\src\\server.js:3:157326)\n    at o.fire (c:\\Users\\joaom\\.vscode\\extensions\\uqbar.wollok-lsp-ide-0.5.2\\out\\server\\src\\server.js:3:158096)\n    at c:\\Users\\joaom\\.vscode\\extensions\\uqbar.wollok-lsp-ide-0.5.2\\out\\server\\src\\server.js:37:57871\n    at Kr (c:\\Users\\joaom\\.vscode\\extensions\\uqbar.wollok-lsp-ide-0.5.2\\out\\server\\src\\server.js:8:1561)","timestamp":"2025-07-06T02:13:50.203Z"}
{"level":"error","message":"✘ Failed to rebuild document Failed to parse mago.wlk: \n-- PARSING FAILED --------------------------------------------------\n\n   96 |           objeto.recibirAtaque(hechizo.danio())\n   97 |           hizoDaño = true\n>  98 |       })\n      |       ^\n   99 | \n  100 |       if (hizoDaño) {\n\nExpected one of the following: \n\n'@', 'class', 'const', 'describe', 'mixin', 'object', 'only', 'package', 'program', 'test', 'var', '{', EOF, comment, not \"}\", whitespace\n","stack":"Error: Failed to parse mago.wlk: \n-- PARSING FAILED --------------------------------------------------\n\n   96 |           objeto.recibirAtaque(hechizo.danio())\n   97 |           hizoDaño = true\n>  98 |       })\n      |       ^\n   99 | \n  100 |       if (hizoDaño) {\n\nExpected one of the following: \n\n'@', 'class', 'const', 'describe', 'mixin', 'object', 'only', 'package', 'program', 'test', 'var', '{', EOF, comment, not \"}\", whitespace\n\n    at c:\\Users\\joaom\\.vscode\\extensions\\uqbar.wollok-lsp-ide-0.5.2\\out\\server\\src\\server.js:2326:13026\n    at Array.map (<anonymous>)\n    at D1n (c:\\Users\\joaom\\.vscode\\extensions\\uqbar.wollok-lsp-ide-0.5.2\\out\\server\\src\\server.js:2326:12950)\n    at W2.buildEnvironmentFrom (c:\\Users\\joaom\\.vscode\\extensions\\uqbar.wollok-lsp-ide-0.5.2\\out\\server\\src\\server.js:2371:5254)\n    at W2.updateEnvironmentWith (c:\\Users\\joaom\\.vscode\\extensions\\uqbar.wollok-lsp-ide-0.5.2\\out\\server\\src\\server.js:2371:4989)\n    at GF (c:\\Users\\joaom\\.vscode\\extensions\\uqbar.wollok-lsp-ide-0.5.2\\out\\server\\src\\server.js:2371:7383)\n    at L3.invoke (c:\\Users\\joaom\\.vscode\\extensions\\uqbar.wollok-lsp-ide-0.5.2\\out\\server\\src\\server.js:3:157326)\n    at o.fire (c:\\Users\\joaom\\.vscode\\extensions\\uqbar.wollok-lsp-ide-0.5.2\\out\\server\\src\\server.js:3:158096)\n    at c:\\Users\\joaom\\.vscode\\extensions\\uqbar.wollok-lsp-ide-0.5.2\\out\\server\\src\\server.js:37:57871\n    at Kr (c:\\Users\\joaom\\.vscode\\extensions\\uqbar.wollok-lsp-ide-0.5.2\\out\\server\\src\\server.js:8:1561)","timestamp":"2025-07-06T02:13:51.172Z"}
{"level":"info","message":"⌛ Validating mago.wlk","timeElapsed":134,"timestamp":"2025-07-06T02:13:52.020Z"}
{"level":"error","message":"✘ Failed to rebuild document Failed to parse mago.wlk: \n-- PARSING FAILED --------------------------------------------------\n\n   96 |           objeto.recibirAtaque(hechizo.danio())\n   97 |           hizoDaño = true\n>  98 |       })\n      |       ^\n   99 | \n  100 |       if (hizoDaño) {\n\nExpected one of the following: \n\n'@', 'class', 'const', 'describe', 'mixin', 'object', 'only', 'package', 'program', 'test', 'var', '{', EOF, comment, not \"}\", whitespace\n","stack":"Error: Failed to parse mago.wlk: \n-- PARSING FAILED --------------------------------------------------\n\n   96 |           objeto.recibirAtaque(hechizo.danio())\n   97 |           hizoDaño = true\n>  98 |       })\n      |       ^\n   99 | \n  100 |       if (hizoDaño) {\n\nExpected one of the following: \n\n'@', 'class', 'const', 'describe', 'mixin', 'object', 'only', 'package', 'program', 'test', 'var', '{', EOF, comment, not \"}\", whitespace\n\n    at c:\\Users\\joaom\\.vscode\\extensions\\uqbar.wollok-lsp-ide-0.5.2\\out\\server\\src\\server.js:2326:13026\n    at Array.map (<anonymous>)\n    at D1n (c:\\Users\\joaom\\.vscode\\extensions\\uqbar.wollok-lsp-ide-0.5.2\\out\\server\\src\\server.js:2326:12950)\n    at W2.buildEnvironmentFrom (c:\\Users\\joaom\\.vscode\\extensions\\uqbar.wollok-lsp-ide-0.5.2\\out\\server\\src\\server.js:2371:5254)\n    at W2.updateEnvironmentWith (c:\\Users\\joaom\\.vscode\\extensions\\uqbar.wollok-lsp-ide-0.5.2\\out\\server\\src\\server.js:2371:4989)\n    at GF (c:\\Users\\joaom\\.vscode\\extensions\\uqbar.wollok-lsp-ide-0.5.2\\out\\server\\src\\server.js:2371:7383)\n    at L3.invoke (c:\\Users\\joaom\\.vscode\\extensions\\uqbar.wollok-lsp-ide-0.5.2\\out\\server\\src\\server.js:3:157326)\n    at o.fire (c:\\Users\\joaom\\.vscode\\extensions\\uqbar.wollok-lsp-ide-0.5.2\\out\\server\\src\\server.js:3:158096)\n    at c:\\Users\\joaom\\.vscode\\extensions\\uqbar.wollok-lsp-ide-0.5.2\\out\\server\\src\\server.js:37:57871\n    at Kr (c:\\Users\\joaom\\.vscode\\extensions\\uqbar.wollok-lsp-ide-0.5.2\\out\\server\\src\\server.js:8:1561)","timestamp":"2025-07-06T02:14:01.395Z"}
{"level":"info","message":"⌛ Building environment","timeElapsed":183,"timestamp":"2025-07-06T02:14:04.121Z"}
{"level":"info","message":"⌛ Validating mago.wlk","timeElapsed":276,"timestamp":"2025-07-06T02:14:04.398Z"}
{"level":"info","message":"⌛ Building environment","timeElapsed":109,"timestamp":"2025-07-06T02:14:06.031Z"}
{"level":"info","message":"⌛ Validating mago.wlk","timeElapsed":128,"timestamp":"2025-07-06T02:14:06.161Z"}
{"level":"info","message":"⌛ Building environment","timeElapsed":107,"timestamp":"2025-07-06T02:14:07.125Z"}
{"level":"info","message":"⌛ Validating mago.wlk","timeElapsed":159,"timestamp":"2025-07-06T02:14:07.317Z"}
{"level":"info","message":"⌛ Building environment","timeElapsed":179,"timestamp":"2025-07-06T02:14:09.540Z"}
{"level":"info","message":"⌛ Validating mago.wlk","timeElapsed":252,"timestamp":"2025-07-06T02:14:09.809Z"}
{"level":"info","message":"⌛ Building environment","timeElapsed":169,"timestamp":"2025-07-06T02:14:09.979Z"}
{"level":"info","message":"⌛ Building environment","timeElapsed":146,"timestamp":"2025-07-06T02:14:10.127Z"}
{"level":"info","message":"⌛ Validating mago.wlk","timeElapsed":164,"timestamp":"2025-07-06T02:14:10.306Z"}
{"level":"info","message":"⌛ Building environment","timeElapsed":128,"timestamp":"2025-07-06T02:14:10.500Z"}
{"level":"info","message":"⌛ Validating mago.wlk","timeElapsed":137,"timestamp":"2025-07-06T02:14:10.638Z"}
{"level":"info","message":"⌛ Building environment","timeElapsed":113,"timestamp":"2025-07-06T02:14:10.758Z"}
{"level":"info","message":"⌛ Validating mago.wlk","timeElapsed":132,"timestamp":"2025-07-06T02:14:10.906Z"}
{"level":"info","message":"⌛ Validating mago.wlk","timeElapsed":150,"timestamp":"2025-07-06T02:14:11.069Z"}
{"level":"info","message":"⌛ Building environment","timeElapsed":102,"timestamp":"2025-07-06T02:14:13.848Z"}
{"level":"info","message":"⌛ Validating mago.wlk","timeElapsed":124,"timestamp":"2025-07-06T02:14:13.973Z"}
{"level":"info","message":"⌛ Building environment","timeElapsed":127,"timestamp":"2025-07-06T02:14:15.577Z"}
{"level":"info","message":"⌛ Validating mago.wlk","timeElapsed":153,"timestamp":"2025-07-06T02:14:15.730Z"}
{"level":"info","message":"⌛ Building environment","timeElapsed":127,"timestamp":"2025-07-06T02:14:15.857Z"}
{"level":"info","message":"⌛ Validating mago.wlk","timeElapsed":136,"timestamp":"2025-07-06T02:14:15.995Z"}
{"level":"info","message":"⌛ Validating mago.wlk","timeElapsed":153,"timestamp":"2025-07-06T02:14:16.275Z"}
{"level":"info","message":"⌛ Validating mago.wlk","timeElapsed":128,"timestamp":"2025-07-06T02:14:16.510Z"}
{"level":"info","message":"⌛ Building environment","timeElapsed":139,"timestamp":"2025-07-06T02:14:16.715Z"}
{"level":"info","message":"⌛ Validating mago.wlk","timeElapsed":145,"timestamp":"2025-07-06T02:14:16.860Z"}
{"level":"info","message":"⌛ Validating mago.wlk","timeElapsed":122,"timestamp":"2025-07-06T02:14:20.327Z"}
{"level":"info","message":"⌛ Building environment","timeElapsed":113,"timestamp":"2025-07-06T02:14:20.568Z"}
{"level":"info","message":"⌛ Validating mago.wlk","timeElapsed":222,"timestamp":"2025-07-06T02:14:20.795Z"}
{"level":"info","message":"⌛ Building environment","timeElapsed":229,"timestamp":"2025-07-06T02:14:25.194Z"}
{"level":"info","message":"⌛ Validating mago.wlk","timeElapsed":280,"timestamp":"2025-07-06T02:14:25.574Z"}
{"level":"info","message":"⌛ Building environment","timeElapsed":101,"timestamp":"2025-07-06T02:14:26.543Z"}
{"level":"info","message":"⌛ Validating mago.wlk","timeElapsed":175,"timestamp":"2025-07-06T02:14:26.732Z"}
{"level":"info","message":"⌛ Building environment","timeElapsed":113,"timestamp":"2025-07-06T02:14:28.149Z"}
{"level":"info","message":"⌛ Validating mago.wlk","timeElapsed":167,"timestamp":"2025-07-06T02:14:28.347Z"}
{"level":"info","message":"⌛ Building environment","timeElapsed":120,"timestamp":"2025-07-06T02:14:29.120Z"}
{"level":"info","message":"⌛ Validating mago.wlk","timeElapsed":170,"timestamp":"2025-07-06T02:14:29.290Z"}
{"level":"info","message":"⌛ Validating mago.wlk","timeElapsed":154,"timestamp":"2025-07-06T02:14:32.248Z"}
{"exitCode":"SIGHUP","level":"info","message":"👾 Game executed main.ArcaneBastion on c:\\Users\\joaom\\Documents\\asd-main","timeElapsed":119805,"timestamp":"2025-07-06T02:14:36.524Z"}
{"level":"info","message":"🚀 Program executed \u001b[3m\u001b[34mmain.ArcaneBastion\u001b[39m\u001b[23m on \u001b[3m\u001b[34mc:\\Users\\joaom\\Documents\\asd-main\u001b[39m\u001b[23m","ok":true,"timeElapsed":634,"timestamp":"2025-07-06T02:14:38.790Z"}
{"level":"error","message":"✘ Failed to rebuild document Failed to parse mago.wlk: \n-- PARSING FAILED --------------------------------------------------\n\n  103 | }\n  104 |   }\n> 105 | }\n      | ^\n  106 | \n  107 | object hielo inherits TiposDeMagia(frames = [\"frame1HH.png\", \"frame2HH.png\", \"frame3HH.png\", \"frame4HH.png\"],\n\nExpected one of the following: \n\n' ', '@', 'class', 'const', 'describe', 'mixin', 'object', 'only', 'package', 'program', 'test', 'var', '{', EOF, comment, not \"}\r\n\r\n\", whitespace\n","stack":"Error: Failed to parse mago.wlk: \n-- PARSING FAILED --------------------------------------------------\n\n  103 | }\n  104 |   }\n> 105 | }\n      | ^\n  106 | \n  107 | object hielo inherits TiposDeMagia(frames = [\"frame1HH.png\", \"frame2HH.png\", \"frame3HH.png\", \"frame4HH.png\"],\n\nExpected one of the following: \n\n' ', '@', 'class', 'const', 'describe', 'mixin', 'object', 'only', 'package', 'program', 'test', 'var', '{', EOF, comment, not \"}\r\n\r\n\", whitespace\n\n    at c:\\Users\\joaom\\.vscode\\extensions\\uqbar.wollok-lsp-ide-0.5.2\\out\\server\\src\\server.js:2326:13026\n    at Array.map (<anonymous>)\n    at D1n (c:\\Users\\joaom\\.vscode\\extensions\\uqbar.wollok-lsp-ide-0.5.2\\out\\server\\src\\server.js:2326:12950)\n    at W2.buildEnvironmentFrom (c:\\Users\\joaom\\.vscode\\extensions\\uqbar.wollok-lsp-ide-0.5.2\\out\\server\\src\\server.js:2371:5254)\n    at W2.updateEnvironmentWith (c:\\Users\\joaom\\.vscode\\extensions\\uqbar.wollok-lsp-ide-0.5.2\\out\\server\\src\\server.js:2371:4989)\n    at GF (c:\\Users\\joaom\\.vscode\\extensions\\uqbar.wollok-lsp-ide-0.5.2\\out\\server\\src\\server.js:2371:7383)\n    at L3.invoke (c:\\Users\\joaom\\.vscode\\extensions\\uqbar.wollok-lsp-ide-0.5.2\\out\\server\\src\\server.js:3:157326)\n    at o.fire (c:\\Users\\joaom\\.vscode\\extensions\\uqbar.wollok-lsp-ide-0.5.2\\out\\server\\src\\server.js:3:158096)\n    at c:\\Users\\joaom\\.vscode\\extensions\\uqbar.wollok-lsp-ide-0.5.2\\out\\server\\src\\server.js:37:57871\n    at Kr (c:\\Users\\joaom\\.vscode\\extensions\\uqbar.wollok-lsp-ide-0.5.2\\out\\server\\src\\server.js:8:1561)","timestamp":"2025-07-06T02:15:56.378Z"}
{"level":"info","message":"⌛ Building environment","timeElapsed":127,"timestamp":"2025-07-06T02:15:57.177Z"}
{"level":"info","message":"⌛ Validating mago.wlk","timeElapsed":189,"timestamp":"2025-07-06T02:15:57.366Z"}
{"level":"info","message":"⌛ Building environment","timeElapsed":123,"timestamp":"2025-07-06T02:15:58.990Z"}
{"level":"info","message":"⌛ Validating mago.wlk","timeElapsed":207,"timestamp":"2025-07-06T02:15:59.209Z"}
{"level":"info","message":"⌛ Building environment","timeElapsed":152,"timestamp":"2025-07-06T02:16:01.713Z"}
{"level":"info","message":"⌛ Validating mago.wlk","timeElapsed":243,"timestamp":"2025-07-06T02:16:01.970Z"}
{"level":"info","message":"⌛ Building environment","timeElapsed":155,"timestamp":"2025-07-06T02:16:11.461Z"}
{"level":"info","message":"⌛ Validating mago.wlk","timeElapsed":187,"timestamp":"2025-07-06T02:16:11.692Z"}
{"level":"info","message":"⌛ Building environment","timeElapsed":122,"timestamp":"2025-07-06T02:16:12.937Z"}
{"level":"info","message":"⌛ Validating mago.wlk","timeElapsed":179,"timestamp":"2025-07-06T02:16:13.117Z"}
{"level":"info","message":"⌛ Building environment","timeElapsed":149,"timestamp":"2025-07-06T02:16:13.438Z"}
{"level":"info","message":"⌛ Validating mago.wlk","timeElapsed":353,"timestamp":"2025-07-06T02:16:13.806Z"}
{"level":"info","message":"⌛ Building environment","timeElapsed":142,"timestamp":"2025-07-06T02:16:14.767Z"}
{"level":"info","message":"⌛ Validating mago.wlk","timeElapsed":191,"timestamp":"2025-07-06T02:16:14.958Z"}
{"level":"info","message":"⌛ Building environment","timeElapsed":114,"timestamp":"2025-07-06T02:16:15.072Z"}
{"level":"info","message":"⌛ Validating mago.wlk","timeElapsed":158,"timestamp":"2025-07-06T02:16:15.244Z"}
{"level":"info","message":"⌛ Building environment","timeElapsed":121,"timestamp":"2025-07-06T02:16:16.897Z"}
{"level":"info","message":"⌛ Validating mago.wlk","timeElapsed":285,"timestamp":"2025-07-06T02:16:17.196Z"}
{"exitCode":"SIGHUP","level":"info","message":"👾 Game executed main.ArcaneBastion on c:\\Users\\joaom\\Documents\\asd-main","timeElapsed":102273,"timestamp":"2025-07-06T02:16:20.427Z"}
{"level":"info","message":"🚀 Program executed \u001b[3m\u001b[34mmain.ArcaneBastion\u001b[39m\u001b[23m on \u001b[3m\u001b[34mc:\\Users\\joaom\\Documents\\asd-main\u001b[39m\u001b[23m","ok":true,"timeElapsed":592,"timestamp":"2025-07-06T02:16:23.165Z"}
{"errors":{"errors":[null,["/*\r","Hace que colisionen con el pixel actual o el siguiente.\r","ya que parece que como el dragon va restando y el hechizo sumando en el eje x\r","estos se omiten\r"]]},"level":"error","message":"✘ Failed to get type description: Error: {\n  \"errors\": [\n    null,\n    [\n      \"/*\\r\",\n      \"Hace que colisionen con el pixel actual o el siguiente.\\r\",\n      \"ya que parece que como el dragon va restando y el hechizo sumando en el eje x\\r\",\n      \"estos se omiten\\r\"\n    ]\n  ]\n} {\n  \"errors\": [\n    null,\n    [\n      \"/*\\r\",\n      \"Hace que colisionen con el pixel actual o el siguiente.\\r\",\n      \"ya que parece que como el dragon va restando y el hechizo sumando en el eje x\\r\",\n      \"estos se omiten\\r\"\n    ]\n  ]\n}","stack":"Error: {\n  \"errors\": [\n    null,\n    [\n      \"/*\\r\",\n      \"Hace que colisionen con el pixel actual o el siguiente.\\r\",\n      \"ya que parece que como el dragon va restando y el hechizo sumando en el eje x\\r\",\n      \"estos se omiten\\r\"\n    ]\n  ]\n}\n    at pS (c:\\Users\\joaom\\.vscode\\extensions\\uqbar.wollok-lsp-ide-0.5.2\\out\\server\\src\\server.js:64:34609)\n    at G1 (c:\\Users\\joaom\\.vscode\\extensions\\uqbar.wollok-lsp-ide-0.5.2\\out\\server\\src\\server.js:64:34682)\n    at c:\\Users\\joaom\\.vscode\\extensions\\uqbar.wollok-lsp-ide-0.5.2\\out\\server\\src\\server.js:64:37949\n    at o.v1 (c:\\Users\\joaom\\.vscode\\extensions\\uqbar.wollok-lsp-ide-0.5.2\\out\\server\\src\\server.js:57:57694)\n    at c:\\Users\\joaom\\.vscode\\extensions\\uqbar.wollok-lsp-ide-0.5.2\\out\\server\\src\\server.js:64:37918\n    at c:\\Users\\joaom\\.vscode\\extensions\\uqbar.wollok-lsp-ide-0.5.2\\out\\server\\src\\server.js:57:55734\n    at Ofn (c:\\Users\\joaom\\.vscode\\extensions\\uqbar.wollok-lsp-ide-0.5.2\\out\\server\\src\\server.js:68:11324)\n    at c:\\Users\\joaom\\.vscode\\extensions\\uqbar.wollok-lsp-ide-0.5.2\\out\\server\\src\\server.js:68:3629\n    at jbn (c:\\Users\\joaom\\.vscode\\extensions\\uqbar.wollok-lsp-ide-0.5.2\\out\\server\\src\\server.js:68:3396)\n    at c:\\Users\\joaom\\.vscode\\extensions\\uqbar.wollok-lsp-ide-0.5.2\\out\\server\\src\\server.js:2371:847","timestamp":"2025-07-06T02:17:10.213Z"}
{"level":"info","message":"⌛ Building environment","timeElapsed":146,"timestamp":"2025-07-06T02:17:28.236Z"}
{"level":"info","message":"⌛ Validating arcaneBastion.wlk","timeElapsed":176,"timestamp":"2025-07-06T02:17:28.413Z"}
{"level":"info","message":"⌛ Building environment","timeElapsed":109,"timestamp":"2025-07-06T02:17:28.540Z"}
{"level":"info","message":"⌛ Validating arcaneBastion.wlk","timeElapsed":171,"timestamp":"2025-07-06T02:17:28.780Z"}
{"level":"info","message":"⌛ Building environment","timeElapsed":127,"timestamp":"2025-07-06T02:17:28.907Z"}
{"level":"info","message":"⌛ Validating arcaneBastion.wlk","timeElapsed":136,"timestamp":"2025-07-06T02:17:29.056Z"}
{"exitCode":"SIGHUP","level":"info","message":"👾 Game executed main.ArcaneBastion on c:\\Users\\joaom\\Documents\\asd-main","timeElapsed":70811,"timestamp":"2025-07-06T02:17:33.383Z"}
{"level":"info","message":"🚀 Program executed \u001b[3m\u001b[34mmain.ArcaneBastion\u001b[39m\u001b[23m on \u001b[3m\u001b[34mc:\\Users\\joaom\\Documents\\asd-main\u001b[39m\u001b[23m","ok":true,"timeElapsed":727,"timestamp":"2025-07-06T02:17:36.308Z"}
{"level":"info","message":"⌛ Building environment","timeElapsed":198,"timestamp":"2025-07-06T02:18:32.274Z"}
{"level":"info","message":"⌛ Validating administradorDeEnemigos.wlk","timeElapsed":340,"timestamp":"2025-07-06T02:18:32.636Z"}
{"level":"info","message":"⌛ Building environment","timeElapsed":156,"timestamp":"2025-07-06T02:18:46.284Z"}
{"level":"info","message":"⌛ Building environment","timeElapsed":127,"timestamp":"2025-07-06T02:18:46.412Z"}
{"level":"info","message":"⌛ Validating arcaneBastion.wlk","timeElapsed":195,"timestamp":"2025-07-06T02:18:46.608Z"}
{"level":"info","message":"⌛ Validating arcaneBastion.wlk","timeElapsed":170,"timestamp":"2025-07-06T02:18:46.786Z"}
{"level":"info","message":"⌛ Building environment","timeElapsed":129,"timestamp":"2025-07-06T02:18:46.932Z"}
{"level":"info","message":"⌛ Validating arcaneBastion.wlk","timeElapsed":158,"timestamp":"2025-07-06T02:18:47.105Z"}
{"level":"info","message":"⌛ Building environment","timeElapsed":127,"timestamp":"2025-07-06T02:18:55.056Z"}
{"level":"info","message":"⌛ Validating arcaneBastion.wlk","timeElapsed":268,"timestamp":"2025-07-06T02:18:55.326Z"}
{"level":"info","message":"⌛ Building environment","timeElapsed":113,"timestamp":"2025-07-06T02:18:55.513Z"}
{"level":"info","message":"⌛ Validating arcaneBastion.wlk","timeElapsed":165,"timestamp":"2025-07-06T02:18:55.679Z"}
{"level":"info","message":"⌛ Building environment","timeElapsed":124,"timestamp":"2025-07-06T02:19:01.035Z"}
{"level":"info","message":"⌛ Validating arcaneBastion.wlk","timeElapsed":154,"timestamp":"2025-07-06T02:19:01.190Z"}
{"level":"info","message":"⌛ Validating arcaneBastion.wlk","timeElapsed":157,"timestamp":"2025-07-06T02:19:01.618Z"}
{"level":"info","message":"⌛ Building environment","timeElapsed":130,"timestamp":"2025-07-06T02:19:01.754Z"}
{"level":"info","message":"⌛ Validating arcaneBastion.wlk","timeElapsed":125,"timestamp":"2025-07-06T02:19:01.881Z"}
{"level":"info","message":"⌛ Building environment","timeElapsed":113,"timestamp":"2025-07-06T02:19:06.128Z"}
{"level":"info","message":"⌛ Validating arcaneBastion.wlk","timeElapsed":162,"timestamp":"2025-07-06T02:19:06.291Z"}
{"level":"info","message":"⌛ Building environment","timeElapsed":179,"timestamp":"2025-07-06T02:19:06.476Z"}
{"level":"info","message":"⌛ Validating arcaneBastion.wlk","timeElapsed":169,"timestamp":"2025-07-06T02:19:06.669Z"}
{"level":"info","message":"⌛ Building environment","timeElapsed":190,"timestamp":"2025-07-06T02:19:10.261Z"}
{"level":"info","message":"⌛ Validating arcaneBastion.wlk","timeElapsed":183,"timestamp":"2025-07-06T02:19:10.445Z"}
{"level":"info","message":"⌛ Building environment","timeElapsed":135,"timestamp":"2025-07-06T02:19:10.639Z"}
{"level":"info","message":"⌛ Validating arcaneBastion.wlk","timeElapsed":202,"timestamp":"2025-07-06T02:19:10.842Z"}
{"level":"info","message":"⌛ Building environment","timeElapsed":120,"timestamp":"2025-07-06T02:19:15.014Z"}
{"level":"info","message":"⌛ Validating arcaneBastion.wlk","timeElapsed":227,"timestamp":"2025-07-06T02:19:15.243Z"}
{"exitCode":"SIGHUP","level":"info","message":"👾 Game executed main.ArcaneBastion on c:\\Users\\joaom\\Documents\\asd-main","timeElapsed":105484,"timestamp":"2025-07-06T02:19:21.064Z"}
{"level":"info","message":"🚀 Program executed \u001b[3m\u001b[34mmain.ArcaneBastion\u001b[39m\u001b[23m on \u001b[3m\u001b[34mc:\\Users\\joaom\\Documents\\asd-main\u001b[39m\u001b[23m","ok":true,"timeElapsed":619,"timestamp":"2025-07-06T02:19:23.904Z"}
{"level":"info","message":"⌛ Building environment","timeElapsed":128,"timestamp":"2025-07-06T02:19:49.841Z"}
{"level":"info","message":"⌛ Validating arcaneBastion.wlk","timeElapsed":184,"timestamp":"2025-07-06T02:19:50.071Z"}
{"level":"info","message":"⌛ Building environment","timeElapsed":119,"timestamp":"2025-07-06T02:19:50.304Z"}
{"level":"info","message":"⌛ Validating arcaneBastion.wlk","timeElapsed":156,"timestamp":"2025-07-06T02:19:50.498Z"}
{"level":"info","message":"⌛ Building environment","timeElapsed":123,"timestamp":"2025-07-06T02:19:51.172Z"}
{"level":"info","message":"⌛ Validating arcaneBastion.wlk","timeElapsed":156,"timestamp":"2025-07-06T02:19:51.392Z"}
{"level":"info","message":"⌛ Building environment","timeElapsed":117,"timestamp":"2025-07-06T02:19:51.672Z"}
{"level":"info","message":"⌛ Validating arcaneBastion.wlk","timeElapsed":162,"timestamp":"2025-07-06T02:19:51.869Z"}
{"level":"info","message":"⌛ Building environment","timeElapsed":110,"timestamp":"2025-07-06T02:19:52.247Z"}
{"level":"info","message":"⌛ Validating arcaneBastion.wlk","timeElapsed":169,"timestamp":"2025-07-06T02:19:52.417Z"}
{"level":"info","message":"⌛ Building environment","timeElapsed":119,"timestamp":"2025-07-06T02:20:04.032Z"}
{"level":"info","message":"⌛ Validating arcaneBastion.wlk","timeElapsed":156,"timestamp":"2025-07-06T02:20:04.188Z"}
{"level":"info","message":"⌛ Building environment","timeElapsed":105,"timestamp":"2025-07-06T02:20:04.555Z"}
{"level":"info","message":"⌛ Validating arcaneBastion.wlk","timeElapsed":143,"timestamp":"2025-07-06T02:20:04.711Z"}
{"level":"info","message":"⌛ Validating arcaneBastion.wlk","timeElapsed":133,"timestamp":"2025-07-06T02:20:04.941Z"}
{"level":"info","message":"⌛ Building environment","timeElapsed":139,"timestamp":"2025-07-06T02:20:20.360Z"}
{"level":"info","message":"⌛ Validating arcaneBastion.wlk","timeElapsed":148,"timestamp":"2025-07-06T02:20:20.508Z"}
{"level":"info","message":"⌛ Validating arcaneBastion.wlk","timeElapsed":144,"timestamp":"2025-07-06T02:20:20.766Z"}
{"level":"info","message":"⌛ Building environment","timeElapsed":106,"timestamp":"2025-07-06T02:20:21.634Z"}
{"level":"info","message":"⌛ Validating arcaneBastion.wlk","timeElapsed":128,"timestamp":"2025-07-06T02:20:21.762Z"}
{"level":"info","message":"⌛ Validating arcaneBastion.wlk","timeElapsed":127,"timestamp":"2025-07-06T02:20:22.562Z"}
{"level":"info","message":"⌛ Building environment","timeElapsed":113,"timestamp":"2025-07-06T02:20:26.427Z"}
{"level":"info","message":"⌛ Validating arcaneBastion.wlk","timeElapsed":133,"timestamp":"2025-07-06T02:20:26.561Z"}
{"level":"info","message":"⌛ Validating arcaneBastion.wlk","timeElapsed":122,"timestamp":"2025-07-06T02:20:27.053Z"}
{"exitCode":"SIGHUP","level":"info","message":"👾 Game executed main.ArcaneBastion on c:\\Users\\joaom\\Documents\\asd-main","timeElapsed":68458,"timestamp":"2025-07-06T02:20:31.742Z"}
